timestamp, clocks.current.sm [MHz], clocks.current.memory [MHz], clocks_event_reasons.active, power.draw [W], utilization.gpu [%]
2026/09/30 14:13:05.284, 180 MHz, 405 MHz, 0x0000000000000000, 14.46 W, 0 %
2026/09/30 14:13:05.793, 187 MHz, 405 MHz, 0x0000000000000000, 14.21 W, 0 %
2026/09/30 14:13:06.306, 202 MHz, 405 MHz, 0x0000000000000000, 14.24 W, 0 %
2026/09/30 14:13:06.818, 187 MHz, 405 MHz, 0x0000000000000000, 14.04 W, 0 %
2026/09/30 14:13:07.331, 195 MHz, 405 MHz, 0x0000000000000000, 14.02 W, 0 %
2026/09/30 14:13:07.845, 187 MHz, 405 MHz, 0x0000000000000000, 14.08 W, 0 %
2026/09/30 14:13:08.355, 195 MHz, 405 MHz, 0x0000000000000000, 14.11 W, 0 %
2026/09/30 14:13:08.868, 195 MHz, 405 MHz, 0x0000000000000000, 14.09 W, 0 %
2026/09/30 14:13:09.374, 187 MHz, 405 MHz, 0x0000000000000000, 13.81 W, 0 %
2026/09/30 14:13:09.881, 172 MHz, 405 MHz, 0x0000000000000000, 13.74 W, 0 %
2026/09/30 14:13:10.393, 180 MHz, 405 MHz, 0x0000000000000000, 13.75 W, 0 %
2026/09/30 14:13:10.907, 180 MHz, 405 MHz, 0x0000000000000000, 13.65 W, 0 %
2026/09/30 14:13:11.422, 180 MHz, 405 MHz, 0x0000000000000000, 13.85 W, 0 %
2026/09/30 14:13:11.935, 180 MHz, 405 MHz, 0x0000000000000000, 13.77 W, 0 %
2026/09/30 14:13:12.448, 180 MHz, 405 MHz, 0x0000000000000000, 13.62 W, 0 %
2026/09/30 14:13:12.961, 187 MHz, 405 MHz, 0x0000000000000000, 13.51 W, 0 %
2026/09/30 14:13:13.472, 180 MHz, 405 MHz, 0x0000000000000000, 13.46 W, 0 %
2026/09/30 14:13:13.987, 180 MHz, 405 MHz, 0x0000000000000000, 13.61 W, 0 %
2026/09/30 14:13:14.488, 187 MHz, 405 MHz, 0x0000000000000000, 13.48 W, 0 %
2026/09/30 14:13:15.001, 187 MHz, 405 MHz, 0x0000000000000000, 13.27 W, 0 %
2026/09/30 14:13:15.510, 187 MHz, 405 MHz, 0x0000000000000000, 13.33 W, 0 %
2026/09/30 14:13:16.025, 187 MHz, 405 MHz, 0x0000000000000000, 13.23 W, 0 %
2026/09/30 14:13:16.535, 187 MHz, 405 MHz, 0x0000000000000000, 13.26 W, 0 %
2026/09/30 14:13:17.048, 187 MHz, 405 MHz, 0x0000000000000000, 13.41 W, 0 %
2026/09/30 14:13:17.559, 187 MHz, 405 MHz, 0x0000000000000000, 13.29 W, 0 %
2026/09/30 14:13:18.074, 187 MHz, 405 MHz, 0x0000000000000000, 13.06 W, 0 %
2026/09/30 14:13:18.587, 180 MHz, 405 MHz, 0x0000000000000000, 13.13 W, 0 %
2026/09/30 14:13:19.090, 180 MHz, 405 MHz, 0x0000000000000000, 13.18 W, 0 %
2026/09/30 14:13:19.601, 180 MHz, 405 MHz, 0x0000000000000000, 13.20 W, 0 %
2026/09/30 14:13:20.111, 180 MHz, 405 MHz, 0x0000000000000000, 13.20 W, 0 %
2026/09/30 14:13:20.626, 180 MHz, 405 MHz, 0x0000000000000000, 13.21 W, 0 %
2026/09/30 14:13:21.136, 180 MHz, 405 MHz, 0x0000000000000000, 13.19 W, 0 %
2026/09/30 14:13:21.649, 180 MHz, 405 MHz, 0x0000000000000000, 13.10 W, 0 %
2026/09/30 14:13:22.159, 180 MHz, 405 MHz, 0x0000000000000000, 13.02 W, 0 %
2026/09/30 14:13:22.670, 180 MHz, 405 MHz, 0x0000000000000000, 12.97 W, 0 %
2026/09/30 14:13:23.181, 187 MHz, 405 MHz, 0x0000000000000000, 12.90 W, 0 %
2026/09/30 14:13:23.695, 187 MHz, 405 MHz, 0x0000000000000000, 12.99 W, 0 %
2026/09/30 14:13:24.204, 187 MHz, 405 MHz, 0x0000000000000000, 13.01 W, 0 %
2026/09/30 14:13:24.715, 187 MHz, 405 MHz, 0x0000000000000000, 12.95 W, 0 %
2026/09/30 14:13:25.230, 187 MHz, 405 MHz, 0x0000000000000000, 13.03 W, 0 %
2026/09/30 14:13:25.739, 187 MHz, 405 MHz, 0x0000000000000000, 12.96 W, 0 %
2026/09/30 14:13:26.248, 187 MHz, 405 MHz, 0x0000000000000000, 13.03 W, 0 %
2026/09/30 14:13:26.761, 187 MHz, 405 MHz, 0x0000000000000000, 13.13 W, 0 %
2026/09/30 14:13:27.273, 180 MHz, 405 MHz, 0x0000000000000000, 12.94 W, 0 %
2026/09/30 14:13:27.785, 180 MHz, 405 MHz, 0x0000000000000000, 12.85 W, 0 %
2026/09/30 14:13:28.300, 180 MHz, 405 MHz, 0x0000000000000000, 12.83 W, 0 %
2026/09/30 14:13:28.813, 180 MHz, 405 MHz, 0x0000000000000000, 12.96 W, 0 %
2026/09/30 14:13:29.323, 180 MHz, 405 MHz, 0x0000000000000000, 13.10 W, 0 %
2026/09/30 14:13:29.836, 180 MHz, 405 MHz, 0x0000000000000000, 13.30 W, 1 %
2026/09/30 14:13:30.345, 172 MHz, 405 MHz, 0x0000000000000000, 13.33 W, 0 %
2026/09/30 14:13:30.851, 180 MHz, 405 MHz, 0x0000000000000000, 13.19 W, 0 %
2026/09/30 14:13:31.360, 180 MHz, 405 MHz, 0x0000000000000000, 12.93 W, 0 %
2026/09/30 14:13:31.869, 180 MHz, 405 MHz, 0x0000000000000000, 12.80 W, 0 %
2026/09/30 14:13:32.375, 187 MHz, 405 MHz, 0x0000000000000000, 12.75 W, 0 %
2026/09/30 14:13:32.886, 187 MHz, 405 MHz, 0x0000000000000000, 12.80 W, 0 %
2026/09/30 14:13:33.391, 187 MHz, 405 MHz, 0x0000000000000000, 12.76 W, 0 %
2026/09/30 14:13:33.905, 187 MHz, 405 MHz, 0x0000000000000000, 12.77 W, 0 %
2026/09/30 14:13:34.419, 187 MHz, 405 MHz, 0x0000000000000000, 12.71 W, 0 %
2026/09/30 14:13:34.932, 187 MHz, 405 MHz, 0x0000000000000000, 12.70 W, 0 %
2026/09/30 14:13:35.444, 187 MHz, 405 MHz, 0x0000000000000000, 12.68 W, 0 %
2026/09/30 14:13:35.960, 180 MHz, 405 MHz, 0x0000000000000000, 12.92 W, 0 %
2026/09/30 14:13:36.470, 202 MHz, 405 MHz, 0x0000000000000000, 13.12 W, 0 %
2026/09/30 14:13:36.985, 180 MHz, 405 MHz, 0x0000000000000000, 13.10 W, 0 %
2026/09/30 14:13:37.499, 180 MHz, 405 MHz, 0x0000000000000000, 12.96 W, 0 %
2026/09/30 14:13:38.013, 187 MHz, 405 MHz, 0x0000000000000000, 12.98 W, 0 %
2026/09/30 14:13:38.525, 180 MHz, 405 MHz, 0x0000000000000000, 12.93 W, 0 %
2026/09/30 14:13:39.036, 180 MHz, 405 MHz, 0x0000000000000000, 12.84 W, 0 %
2026/09/30 14:13:39.545, 180 MHz, 405 MHz, 0x0000000000000000, 12.71 W, 0 %
2026/09/30 14:13:40.054, 202 MHz, 405 MHz, 0x0000000000000000, 12.61 W, 0 %
2026/09/30 14:13:40.568, 180 MHz, 405 MHz, 0x0000000000000000, 12.54 W, 0 %
2026/09/30 14:13:41.073, 187 MHz, 405 MHz, 0x0000000000000000, 12.41 W, 0 %
2026/09/30 14:13:41.582, 187 MHz, 405 MHz, 0x0000000000000000, 12.46 W, 0 %
2026/09/30 14:13:42.083, 187 MHz, 405 MHz, 0x0000000000000000, 12.56 W, 0 %
2026/09/30 14:13:42.593, 187 MHz, 405 MHz, 0x0000000000000000, 12.61 W, 0 %
2026/09/30 14:13:43.106, 187 MHz, 405 MHz, 0x0000000000000000, 12.51 W, 0 %
2026/09/30 14:13:43.606, 187 MHz, 405 MHz, 0x0000000000000000, 12.40 W, 0 %
2026/09/30 14:13:44.120, 187 MHz, 405 MHz, 0x0000000000000000, 12.43 W, 0 %
2026/09/30 14:13:44.633, 187 MHz, 405 MHz, 0x0000000000000000, 12.49 W, 0 %
2026/09/30 14:13:45.142, 180 MHz, 405 MHz, 0x0000000000000000, 12.52 W, 0 %
2026/09/30 14:13:45.653, 180 MHz, 405 MHz, 0x0000000000000000, 12.46 W, 0 %
2026/09/30 14:13:46.166, 180 MHz, 405 MHz, 0x0000000000000000, 12.39 W, 0 %
2026/09/30 14:13:46.678, 180 MHz, 405 MHz, 0x0000000000000000, 12.46 W, 0 %
2026/09/30 14:13:47.188, 180 MHz, 405 MHz, 0x0000000000000000, 12.44 W, 0 %
2026/09/30 14:13:47.697, 180 MHz, 405 MHz, 0x0000000000000000, 12.29 W, 0 %
2026/09/30 14:13:48.206, 180 MHz, 405 MHz, 0x0000000000000000, 12.27 W, 0 %
2026/09/30 14:13:48.718, 180 MHz, 405 MHz, 0x0000000000000000, 12.40 W, 0 %
2026/09/30 14:13:49.228, 180 MHz, 405 MHz, 0x0000000000000000, 12.51 W, 0 %
2026/09/30 14:13:49.739, 187 MHz, 405 MHz, 0x0000000000000000, 12.45 W, 0 %
2026/09/30 14:13:50.249, 187 MHz, 405 MHz, 0x0000000000000000, 12.45 W, 0 %
2026/09/30 14:13:50.760, 187 MHz, 405 MHz, 0x0000000000000000, 12.46 W, 0 %
2026/09/30 14:13:51.272, 187 MHz, 405 MHz, 0x0000000000000000, 12.39 W, 0 %
2026/09/30 14:13:51.782, 232 MHz, 405 MHz, 0x0000000000000000, 12.53 W, 0 %
2026/09/30 14:13:52.294, 187 MHz, 405 MHz, 0x0000000000000000, 12.47 W, 0 %
2026/09/30 14:13:52.804, 217 MHz, 405 MHz, 0x0000000000000000, 12.34 W, 0 %
2026/09/30 14:13:53.317, 187 MHz, 405 MHz, 0x0000000000000000, 12.34 W, 0 %
2026/09/30 14:13:53.826, 187 MHz, 405 MHz, 0x0000000000000000, 12.37 W, 0 %
2026/09/30 14:13:54.337, 180 MHz, 405 MHz, 0x0000000000000000, 12.27 W, 0 %
2026/09/30 14:13:54.852, 187 MHz, 405 MHz, 0x0000000000000000, 12.35 W, 0 %
2026/09/30 14:13:55.362, 180 MHz, 405 MHz, 0x0000000000000000, 12.45 W, 0 %
2026/09/30 14:13:55.871, 180 MHz, 405 MHz, 0x0000000000000000, 12.36 W, 0 %
2026/09/30 14:13:56.383, 180 MHz, 405 MHz, 0x0000000000000000, 12.30 W, 0 %
2026/09/30 14:13:56.893, 180 MHz, 405 MHz, 0x0000000000000000, 12.28 W, 0 %
2026/09/30 14:13:57.402, 172 MHz, 405 MHz, 0x0000000000000000, 12.30 W, 0 %
2026/09/30 14:13:57.913, 180 MHz, 405 MHz, 0x0000000000000000, 12.47 W, 0 %
2026/09/30 14:13:58.425, 180 MHz, 405 MHz, 0x0000000000000000, 12.41 W, 0 %
2026/09/30 14:13:58.940, 187 MHz, 405 MHz, 0x0000000000000000, 12.43 W, 0 %
2026/09/30 14:13:59.452, 187 MHz, 405 MHz, 0x0000000000000000, 12.45 W, 0 %
2026/09/30 14:13:59.963, 187 MHz, 405 MHz, 0x0000000000000000, 12.39 W, 0 %
2026/09/30 14:14:00.474, 202 MHz, 405 MHz, 0x0000000000000000, 12.38 W, 0 %
2026/09/30 14:14:00.983, 187 MHz, 405 MHz, 0x0000000000000000, 12.41 W, 0 %
2026/09/30 14:14:01.495, 187 MHz, 405 MHz, 0x0000000000000000, 12.33 W, 0 %
2026/09/30 14:14:01.996, 187 MHz, 405 MHz, 0x0000000000000000, 12.25 W, 0 %
2026/09/30 14:14:02.507, 180 MHz, 405 MHz, 0x0000000000000000, 12.30 W, 0 %
2026/09/30 14:14:03.018, 180 MHz, 405 MHz, 0x0000000000000000, 12.23 W, 0 %
2026/09/30 14:14:03.532, 180 MHz, 405 MHz, 0x0000000000000000, 12.28 W, 0 %
2026/09/30 14:14:04.044, 180 MHz, 405 MHz, 0x0000000000000000, 12.26 W, 0 %
2026/09/30 14:14:04.552, 180 MHz, 405 MHz, 0x0000000000000000, 12.31 W, 0 %
2026/09/30 14:14:05.066, 180 MHz, 405 MHz, 0x0000000000000000, 12.26 W, 0 %
2026/09/30 14:14:05.579, 180 MHz, 405 MHz, 0x0000000000000000, 12.31 W, 0 %
2026/09/30 14:14:06.079, 180 MHz, 405 MHz, 0x0000000000000000, 12.27 W, 0 %
2026/09/30 14:14:06.589, 180 MHz, 405 MHz, 0x0000000000000000, 12.19 W, 0 %
2026/09/30 14:14:07.103, 187 MHz, 405 MHz, 0x0000000000000000, 12.31 W, 0 %
2026/09/30 14:14:07.616, 187 MHz, 405 MHz, 0x0000000000000000, 12.36 W, 0 %
2026/09/30 14:14:08.126, 187 MHz, 405 MHz, 0x0000000000000000, 12.22 W, 0 %
2026/09/30 14:14:08.638, 232 MHz, 405 MHz, 0x0000000000000000, 12.43 W, 0 %
2026/09/30 14:14:09.154, 187 MHz, 405 MHz, 0x0000000000000000, 12.51 W, 0 %
2026/09/30 14:14:09.654, 187 MHz, 405 MHz, 0x0000000000000000, 12.23 W, 0 %
2026/09/30 14:14:10.167, 187 MHz, 405 MHz, 0x0000000000000000, 12.21 W, 0 %
2026/09/30 14:14:10.678, 187 MHz, 405 MHz, 0x0000000000000000, 12.28 W, 0 %
2026/09/30 14:14:11.192, 187 MHz, 405 MHz, 0x0000000000000000, 12.31 W, 0 %
2026/09/30 14:14:11.700, 180 MHz, 405 MHz, 0x0000000000000000, 12.39 W, 0 %
2026/09/30 14:14:12.209, 180 MHz, 405 MHz, 0x0000000000000000, 12.29 W, 0 %
2026/09/30 14:14:12.723, 180 MHz, 405 MHz, 0x0000000000000000, 12.26 W, 0 %
2026/09/30 14:14:13.235, 180 MHz, 405 MHz, 0x0000000000000000, 12.25 W, 0 %
2026/09/30 14:14:13.745, 180 MHz, 405 MHz, 0x0000000000000000, 12.28 W, 0 %
2026/09/30 14:14:14.254, 180 MHz, 405 MHz, 0x0000000000000000, 12.29 W, 0 %
2026/09/30 14:14:14.763, 180 MHz, 405 MHz, 0x0000000000000000, 12.22 W, 0 %
2026/09/30 14:14:15.273, 180 MHz, 405 MHz, 0x0000000000000000, 12.11 W, 0 %
2026/09/30 14:14:15.783, 180 MHz, 405 MHz, 0x0000000000000000, 12.13 W, 0 %
2026/09/30 14:14:16.285, 187 MHz, 405 MHz, 0x0000000000000000, 12.19 W, 0 %
2026/09/30 14:14:16.795, 187 MHz, 405 MHz, 0x0000000000000000, 12.22 W, 0 %
2026/09/30 14:14:17.296, 187 MHz, 405 MHz, 0x0000000000000000, 12.20 W, 0 %
2026/09/30 14:14:17.810, 187 MHz, 405 MHz, 0x0000000000000000, 12.12 W, 0 %
2026/09/30 14:14:18.310, 187 MHz, 405 MHz, 0x0000000000000000, 12.07 W, 0 %
2026/09/30 14:14:18.822, 187 MHz, 405 MHz, 0x0000000000000000, 12.01 W, 0 %
2026/09/30 14:14:19.336, 187 MHz, 405 MHz, 0x0000000000000000, 12.07 W, 0 %
2026/09/30 14:14:19.849, 2415 MHz, 13801 MHz, 0x0000000000000000, 31.51 W, 0 %
2026/09/30 14:14:20.363, 2460 MHz, 13801 MHz, 0x0000000000000000, 62.58 W, 32 %
2026/09/30 14:14:20.874, 2400 MHz, 13801 MHz, 0x0000000000000000, 64.38 W, 1 %
2026/09/30 14:14:21.389, 2400 MHz, 13801 MHz, 0x0000000000000000, 59.36 W, 1 %
2026/09/30 14:14:21.898, 2400 MHz, 13801 MHz, 0x0000000000000000, 58.10 W, 0 %
2026/09/30 14:14:22.409, 2400 MHz, 13801 MHz, 0x0000000000000000, 58.12 W, 1 %
2026/09/30 14:14:22.918, 2400 MHz, 13801 MHz, 0x0000000000000000, 58.16 W, 0 %
2026/09/30 14:14:23.427, 2400 MHz, 13801 MHz, 0x0000000000000000, 58.34 W, 1 %
2026/09/30 14:14:23.929, 2452 MHz, 13801 MHz, 0x0000000000000000, 60.01 W, 0 %
2026/09/30 14:14:24.442, 2415 MHz, 13801 MHz, 0x0000000000000000, 61.09 W, 0 %
2026/09/30 14:14:24.952, 2467 MHz, 13801 MHz, 0x0000000000000000, 61.19 W, 1 %
2026/09/30 14:14:25.467, 2437 MHz, 13801 MHz, 0x0000000000000000, 61.80 W, 0 %
2026/09/30 14:14:25.977, 2460 MHz, 810 MHz, 0x0000000000000000, 61.70 W, 1 %
2026/09/30 14:14:26.486, 705 MHz, 810 MHz, 0x0000000000000000, 48.46 W, 2 %
2026/09/30 14:14:26.997, 600 MHz, 810 MHz, 0x0000000000000000, 33.74 W, 1 %
2026/09/30 14:14:27.506, 630 MHz, 810 MHz, 0x0000000000000000, 30.22 W, 3 %
2026/09/30 14:14:28.018, 495 MHz, 405 MHz, 0x0000000000000000, 30.79 W, 1 %
2026/09/30 14:14:28.530, 450 MHz, 405 MHz, 0x0000000000000000, 28.78 W, 6 %
2026/09/30 14:14:29.034, 562 MHz, 405 MHz, 0x0000000000000000, 28.17 W, 8 %
2026/09/30 14:14:29.535, 480 MHz, 405 MHz, 0x0000000000000000, 29.06 W, 2 %
2026/09/30 14:14:30.045, 382 MHz, 405 MHz, 0x0000000000000000, 28.22 W, 7 %
2026/09/30 14:14:30.558, 412 MHz, 405 MHz, 0x0000000000000000, 27.92 W, 5 %
2026/09/30 14:14:31.072, 210 MHz, 405 MHz, 0x0000000000000000, 24.34 W, 10 %
2026/09/30 14:14:31.586, 442 MHz, 405 MHz, 0x0000000000000000, 24.70 W, 5 %
2026/09/30 14:14:32.096, 450 MHz, 405 MHz, 0x0000000000000000, 28.39 W, 5 %
2026/09/30 14:14:32.608, 292 MHz, 405 MHz, 0x0000000000000000, 27.33 W, 6 %
2026/09/30 14:14:33.114, 420 MHz, 405 MHz, 0x0000000000000000, 27.12 W, 6 %
2026/09/30 14:14:33.620, 412 MHz, 405 MHz, 0x0000000000000000, 27.63 W, 4 %
2026/09/30 14:14:34.134, 300 MHz, 405 MHz, 0x0000000000000000, 26.32 W, 1 %
2026/09/30 14:14:34.646, 285 MHz, 405 MHz, 0x0000000000000000, 24.75 W, 1 %
2026/09/30 14:14:35.156, 307 MHz, 405 MHz, 0x0000000000000000, 24.10 W, 2 %
2026/09/30 14:14:35.665, 285 MHz, 405 MHz, 0x0000000000000000, 24.40 W, 2 %
2026/09/30 14:14:36.176, 270 MHz, 405 MHz, 0x0000000000000000, 24.56 W, 1 %
2026/09/30 14:14:36.684, 285 MHz, 405 MHz, 0x0000000000000000, 24.70 W, 3 %
2026/09/30 14:14:37.193, 292 MHz, 405 MHz, 0x0000000000000000, 24.65 W, 1 %
2026/09/30 14:14:37.703, 277 MHz, 405 MHz, 0x0000000000000000, 24.68 W, 2 %
2026/09/30 14:14:38.212, 285 MHz, 405 MHz, 0x0000000000000000, 23.69 W, 1 %
2026/09/30 14:14:38.722, 277 MHz, 405 MHz, 0x0000000000000000, 23.73 W, 2 %
2026/09/30 14:14:39.232, 270 MHz, 405 MHz, 0x0000000000000000, 24.77 W, 1 %
2026/09/30 14:14:39.738, 300 MHz, 405 MHz, 0x0000000000000000, 25.26 W, 3 %
2026/09/30 14:14:40.250, 277 MHz, 405 MHz, 0x0000000000000000, 25.79 W, 1 %
2026/09/30 14:14:40.757, 292 MHz, 405 MHz, 0x0000000000000000, 25.18 W, 3 %
2026/09/30 14:14:41.273, 180 MHz, 405 MHz, 0x0000000000000000, 20.13 W, 2 %
2026/09/30 14:14:41.774, 187 MHz, 405 MHz, 0x0000000000000000, 15.01 W, 10 %
2026/09/30 14:14:42.285, 180 MHz, 405 MHz, 0x0000000000000000, 13.13 W, 2 %
2026/09/30 14:14:42.799, 187 MHz, 405 MHz, 0x0000000000000000, 12.31 W, 4 %
2026/09/30 14:14:43.310, 195 MHz, 405 MHz, 0x0000000000000000, 12.17 W, 2 %
2026/09/30 14:14:43.825, 195 MHz, 405 MHz, 0x0000000000000000, 12.19 W, 7 %
2026/09/30 14:14:44.336, 195 MHz, 405 MHz, 0x0000000000000000, 12.40 W, 6 %
2026/09/30 14:14:44.847, 187 MHz, 405 MHz, 0x0000000000000000, 12.58 W, 10 %
2026/09/30 14:14:45.356, 517 MHz, 405 MHz, 0x0000000000000000, 15.45 W, 8 %
2026/09/30 14:14:45.866, 450 MHz, 405 MHz, 0x0000000000000000, 22.51 W, 8 %
2026/09/30 14:14:46.381, 450 MHz, 405 MHz, 0x0000000000000000, 26.71 W, 7 %
2026/09/30 14:14:46.891, 390 MHz, 405 MHz, 0x0000000000000000, 26.79 W, 5 %
2026/09/30 14:14:47.398, 300 MHz, 405 MHz, 0x0000000000000000, 25.24 W, 3 %
2026/09/30 14:14:47.913, 352 MHz, 405 MHz, 0x0000000000000000, 24.62 W, 6 %
2026/09/30 14:14:48.423, 382 MHz, 405 MHz, 0x0000000000000000, 25.82 W, 5 %
2026/09/30 14:14:48.939, 420 MHz, 405 MHz, 0x0000000000000000, 26.59 W, 4 %
2026/09/30 14:14:49.440, 405 MHz, 405 MHz, 0x0000000000000000, 26.91 W, 6 %
2026/09/30 14:14:49.952, 412 MHz, 405 MHz, 0x0000000000000000, 20.46 W, 5 %
2026/09/30 14:14:50.467, 412 MHz, 405 MHz, 0x0000000000000000, 23.76 W, 4 %
2026/09/30 14:14:50.981, 502 MHz, 405 MHz, 0x0000000000000000, 27.02 W, 9 %
2026/09/30 14:14:51.483, 525 MHz, 405 MHz, 0x0000000000000000, 28.73 W, 8 %
2026/09/30 14:14:51.996, 547 MHz, 405 MHz, 0x0000000000000000, 29.68 W, 9 %
2026/09/30 14:14:52.509, 472 MHz, 405 MHz, 0x0000000000000000, 29.38 W, 6 %
2026/09/30 14:14:53.010, 450 MHz, 405 MHz, 0x0000000000000000, 29.00 W, 9 %
2026/09/30 14:14:53.512, 435 MHz, 405 MHz, 0x0000000000000000, 28.57 W, 9 %
2026/09/30 14:14:54.022, 525 MHz, 405 MHz, 0x0000000000000000, 28.53 W, 8 %
2026/09/30 14:14:54.530, 420 MHz, 405 MHz, 0x0000000000000000, 28.61 W, 5 %
2026/09/30 14:14:55.033, 487 MHz, 405 MHz, 0x0000000000000000, 28.51 W, 8 %
2026/09/30 14:14:55.534, 540 MHz, 405 MHz, 0x0000000000000000, 29.85 W, 7 %
2026/09/30 14:14:56.046, 532 MHz, 405 MHz, 0x0000000000000000, 30.21 W, 8 %
2026/09/30 14:14:56.546, 397 MHz, 405 MHz, 0x0000000000000000, 29.00 W, 2 %
2026/09/30 14:14:57.046, 442 MHz, 405 MHz, 0x0000000000000000, 27.89 W, 7 %
2026/09/30 14:14:57.560, 420 MHz, 405 MHz, 0x0000000000000000, 27.37 W, 4 %
2026/09/30 14:14:58.070, 360 MHz, 405 MHz, 0x0000000000000000, 26.58 W, 5 %
2026/09/30 14:14:58.582, 292 MHz, 405 MHz, 0x0000000000000000, 25.23 W, 1 %
2026/09/30 14:14:59.092, 322 MHz, 405 MHz, 0x0000000000000000, 24.85 W, 2 %
2026/09/30 14:14:59.602, 270 MHz, 405 MHz, 0x0000000000000000, 24.36 W, 1 %
2026/09/30 14:15:00.102, 420 MHz, 405 MHz, 0x0000000000000000, 24.94 W, 4 %
2026/09/30 14:15:00.618, 300 MHz, 405 MHz, 0x0000000000000000, 25.00 W, 2 %
2026/09/30 14:15:01.118, 442 MHz, 405 MHz, 0x0000000000000000, 25.59 W, 8 %
2026/09/30 14:15:01.630, 202 MHz, 405 MHz, 0x0000000000000000, 25.36 W, 4 %
2026/09/30 14:15:02.140, 420 MHz, 405 MHz, 0x0000000000000000, 22.24 W, 2 %
2026/09/30 14:15:02.656, 457 MHz, 405 MHz, 0x0000000000000000, 22.30 W, 6 %
2026/09/30 14:15:03.169, 397 MHz, 405 MHz, 0x0000000000000000, 26.00 W, 5 %
2026/09/30 14:15:03.684, 480 MHz, 405 MHz, 0x0000000000000000, 27.37 W, 10 %
2026/09/30 14:15:04.196, 532 MHz, 405 MHz, 0x0000000000000000, 28.03 W, 8 %
2026/09/30 14:15:04.705, 427 MHz, 405 MHz, 0x0000000000000000, 28.07 W, 7 %
2026/09/30 14:15:05.221, 457 MHz, 405 MHz, 0x0000000000000000, 27.71 W, 7 %
2026/09/30 14:15:05.733, 262 MHz, 405 MHz, 0x0000000000000000, 26.12 W, 0 %
2026/09/30 14:15:06.247, 367 MHz, 405 MHz, 0x0000000000000000, 24.27 W, 4 %
2026/09/30 14:15:06.760, 427 MHz, 405 MHz, 0x0000000000000000, 25.29 W, 6 %
2026/09/30 14:15:07.275, 442 MHz, 405 MHz, 0x0000000000000000, 25.62 W, 7 %
2026/09/30 14:15:07.786, 442 MHz, 405 MHz, 0x0000000000000000, 26.71 W, 7 %
2026/09/30 14:15:08.300, 397 MHz, 405 MHz, 0x0000000000000000, 26.01 W, 0 %
2026/09/30 14:15:08.812, 457 MHz, 405 MHz, 0x0000000000000000, 25.33 W, 7 %
2026/09/30 14:15:09.325, 480 MHz, 405 MHz, 0x0000000000000000, 26.54 W, 7 %
2026/09/30 14:15:09.838, 465 MHz, 405 MHz, 0x0000000000000000, 27.31 W, 8 %
2026/09/30 14:15:10.345, 502 MHz, 405 MHz, 0x0000000000000000, 27.34 W, 6 %
2026/09/30 14:15:10.847, 412 MHz, 405 MHz, 0x0000000000000000, 27.03 W, 5 %
2026/09/30 14:15:11.362, 472 MHz, 405 MHz, 0x0000000000000000, 26.95 W, 7 %
2026/09/30 14:15:11.874, 495 MHz, 405 MHz, 0x0000000000000000, 26.96 W, 9 %
2026/09/30 14:15:12.387, 450 MHz, 405 MHz, 0x0000000000000000, 27.07 W, 6 %
2026/09/30 14:15:12.897, 367 MHz, 405 MHz, 0x0000000000000000, 26.39 W, 2 %
2026/09/30 14:15:13.410, 457 MHz, 405 MHz, 0x0000000000000000, 24.95 W, 7 %
2026/09/30 14:15:13.923, 480 MHz, 405 MHz, 0x0000000000000000, 25.66 W, 8 %
2026/09/30 14:15:14.437, 517 MHz, 405 MHz, 0x0000000000000000, 27.97 W, 7 %
2026/09/30 14:15:14.952, 525 MHz, 405 MHz, 0x0000000000000000, 28.33 W, 9 %
2026/09/30 14:15:15.467, 187 MHz, 405 MHz, 0x0000000000000000, 19.29 W, 6 %
2026/09/30 14:15:15.970, 517 MHz, 405 MHz, 0x0000000000000000, 18.89 W, 6 %
2026/09/30 14:15:16.485, 442 MHz, 405 MHz, 0x0000000000000000, 23.05 W, 7 %
2026/09/30 14:15:16.996, 517 MHz, 405 MHz, 0x0000000000000000, 27.73 W, 5 %
2026/09/30 14:15:17.496, 412 MHz, 405 MHz, 0x0000000000000000, 27.27 W, 8 %
2026/09/30 14:15:17.997, 592 MHz, 405 MHz, 0x0000000000000000, 27.35 W, 7 %
2026/09/30 14:15:18.509, 390 MHz, 405 MHz, 0x0000000000000000, 27.06 W, 9 %
2026/09/30 14:15:19.024, 517 MHz, 405 MHz, 0x0000000000000000, 26.14 W, 7 %
2026/09/30 14:15:19.536, 450 MHz, 405 MHz, 0x0000000000000000, 26.77 W, 7 %
2026/09/30 14:15:20.047, 442 MHz, 405 MHz, 0x0000000000000000, 26.73 W, 7 %
2026/09/30 14:15:20.558, 502 MHz, 405 MHz, 0x0000000000000000, 27.40 W, 8 %
2026/09/30 14:15:21.071, 510 MHz, 405 MHz, 0x0000000000000000, 27.72 W, 6 %
2026/09/30 14:15:21.584, 412 MHz, 405 MHz, 0x0000000000000000, 26.60 W, 2 %
2026/09/30 14:15:22.098, 427 MHz, 405 MHz, 0x0000000000000000, 25.95 W, 6 %
2026/09/30 14:15:22.609, 435 MHz, 405 MHz, 0x0000000000000000, 26.64 W, 8 %
2026/09/30 14:15:23.120, 517 MHz, 405 MHz, 0x0000000000000000, 27.27 W, 7 %
2026/09/30 14:15:23.629, 427 MHz, 405 MHz, 0x0000000000000000, 26.92 W, 6 %
2026/09/30 14:15:24.144, 555 MHz, 405 MHz, 0x0000000000000000, 25.36 W, 7 %
2026/09/30 14:15:24.646, 315 MHz, 405 MHz, 0x0000000000000000, 24.38 W, 0 %
2026/09/30 14:15:25.147, 330 MHz, 405 MHz, 0x0000000000000000, 23.49 W, 4 %
2026/09/30 14:15:25.660, 480 MHz, 405 MHz, 0x0000000000000000, 24.90 W, 8 %
2026/09/30 14:15:26.171, 202 MHz, 405 MHz, 0x0000000000000000, 23.61 W, 7 %
2026/09/30 14:15:26.671, 345 MHz, 405 MHz, 0x0000000000000000, 20.77 W, 5 %
2026/09/30 14:15:27.180, 397 MHz, 405 MHz, 0x0000000000000000, 20.35 W, 5 %
2026/09/30 14:15:27.690, 397 MHz, 405 MHz, 0x0000000000000000, 23.19 W, 7 %
2026/09/30 14:15:28.201, 420 MHz, 405 MHz, 0x0000000000000000, 24.74 W, 5 %
2026/09/30 14:15:28.716, 382 MHz, 405 MHz, 0x0000000000000000, 24.27 W, 7 %
2026/09/30 14:15:29.228, 352 MHz, 405 MHz, 0x0000000000000000, 23.89 W, 4 %
2026/09/30 14:15:29.743, 375 MHz, 405 MHz, 0x0000000000000000, 24.07 W, 7 %
2026/09/30 14:15:30.255, 405 MHz, 405 MHz, 0x0000000000000000, 24.57 W, 5 %
2026/09/30 14:15:30.766, 345 MHz, 405 MHz, 0x0000000000000000, 24.36 W, 8 %
2026/09/30 14:15:31.279, 367 MHz, 405 MHz, 0x0000000000000000, 23.92 W, 4 %
2026/09/30 14:15:31.780, 352 MHz, 405 MHz, 0x0000000000000000, 23.76 W, 6 %
2026/09/30 14:15:32.290, 390 MHz, 405 MHz, 0x0000000000000000, 24.36 W, 5 %
2026/09/30 14:15:32.800, 352 MHz, 405 MHz, 0x0000000000000000, 25.39 W, 6 %
2026/09/30 14:15:33.315, 382 MHz, 405 MHz, 0x0000000000000000, 25.10 W, 3 %
2026/09/30 14:15:33.827, 285 MHz, 405 MHz, 0x0000000000000000, 23.92 W, 4 %
2026/09/30 14:15:34.341, 315 MHz, 405 MHz, 0x0000000000000000, 23.37 W, 4 %
2026/09/30 14:15:34.855, 285 MHz, 405 MHz, 0x0000000000000000, 23.35 W, 3 %
2026/09/30 14:15:35.358, 277 MHz, 405 MHz, 0x0000000000000000, 22.76 W, 2 %
2026/09/30 14:15:35.872, 345 MHz, 405 MHz, 0x0000000000000000, 22.56 W, 2 %
2026/09/30 14:15:36.373, 390 MHz, 405 MHz, 0x0000000000000000, 23.34 W, 6 %
2026/09/30 14:15:36.887, 420 MHz, 405 MHz, 0x0000000000000000, 24.39 W, 4 %
2026/09/30 14:15:37.401, 435 MHz, 405 MHz, 0x0000000000000000, 25.44 W, 5 %
2026/09/30 14:15:37.914, 472 MHz, 405 MHz, 0x0000000000000000, 26.36 W, 9 %
2026/09/30 14:15:38.428, 540 MHz, 405 MHz, 0x0000000000000000, 27.03 W, 9 %
2026/09/30 14:15:38.932, 502 MHz, 405 MHz, 0x0000000000000000, 27.27 W, 8 %
2026/09/30 14:15:39.444, 592 MHz, 405 MHz, 0x0000000000000000, 27.74 W, 8 %
2026/09/30 14:15:39.944, 397 MHz, 405 MHz, 0x0000000000000000, 26.89 W, 7 %
2026/09/30 14:15:40.458, 412 MHz, 405 MHz, 0x0000000000000000, 25.42 W, 9 %
2026/09/30 14:15:40.972, 562 MHz, 405 MHz, 0x0000000000000000, 27.26 W, 9 %
2026/09/30 14:15:41.485, 292 MHz, 405 MHz, 0x0000000000000000, 24.48 W, 1 %
2026/09/30 14:15:41.987, 285 MHz, 405 MHz, 0x0000000000000000, 21.70 W, 2 %
2026/09/30 14:15:42.493, 285 MHz, 405 MHz, 0x0000000000000000, 19.93 W, 2 %
2026/09/30 14:15:43.003, 285 MHz, 405 MHz, 0x0000000000000000, 20.31 W, 1 %
2026/09/30 14:15:43.512, 255 MHz, 405 MHz, 0x0000000000000000, 21.71 W, 2 %
2026/09/30 14:15:44.022, 255 MHz, 405 MHz, 0x0000000000000000, 21.71 W, 2 %
2026/09/30 14:15:44.531, 277 MHz, 405 MHz, 0x0000000000000000, 21.73 W, 2 %
2026/09/30 14:15:45.036, 322 MHz, 405 MHz, 0x0000000000000000, 22.26 W, 1 %
2026/09/30 14:15:45.548, 307 MHz, 405 MHz, 0x0000000000000000, 22.85 W, 2 %
2026/09/30 14:15:46.056, 285 MHz, 405 MHz, 0x0000000000000000, 22.81 W, 2 %
2026/09/30 14:15:46.560, 345 MHz, 405 MHz, 0x0000000000000000, 23.19 W, 5 %
2026/09/30 14:15:47.068, 322 MHz, 405 MHz, 0x0000000000000000, 23.53 W, 1 %
2026/09/30 14:15:47.579, 292 MHz, 405 MHz, 0x0000000000000000, 23.10 W, 2 %
2026/09/30 14:15:48.085, 322 MHz, 405 MHz, 0x0000000000000000, 23.13 W, 2 %
2026/09/30 14:15:48.593, 172 MHz, 405 MHz, 0x0000000000000000, 19.12 W, 2 %
2026/09/30 14:15:49.102, 180 MHz, 405 MHz, 0x0000000000000000, 13.96 W, 1 %
2026/09/30 14:15:49.616, 442 MHz, 405 MHz, 0x0000000000000000, 14.73 W, 8 %
2026/09/30 14:15:50.126, 510 MHz, 405 MHz, 0x0000000000000000, 20.68 W, 8 %
2026/09/30 14:15:50.627, 457 MHz, 405 MHz, 0x0000000000000000, 26.35 W, 4 %
2026/09/30 14:15:51.138, 495 MHz, 405 MHz, 0x0000000000000000, 26.88 W, 9 %
2026/09/30 14:15:51.651, 487 MHz, 405 MHz, 0x0000000000000000, 26.08 W, 7 %
2026/09/30 14:15:52.165, 405 MHz, 405 MHz, 0x0000000000000000, 25.61 W, 7 %
2026/09/30 14:15:52.676, 405 MHz, 405 MHz, 0x0000000000000000, 25.87 W, 6 %
2026/09/30 14:15:53.189, 337 MHz, 405 MHz, 0x0000000000000000, 24.73 W, 6 %
2026/09/30 14:15:53.702, 390 MHz, 405 MHz, 0x0000000000000000, 24.55 W, 4 %
2026/09/30 14:15:54.202, 442 MHz, 405 MHz, 0x0000000000000000, 25.02 W, 4 %
2026/09/30 14:15:54.718, 360 MHz, 405 MHz, 0x0000000000000000, 25.05 W, 5 %
2026/09/30 14:15:55.228, 435 MHz, 405 MHz, 0x0000000000000000, 24.83 W, 5 %
2026/09/30 14:15:55.743, 412 MHz, 405 MHz, 0x0000000000000000, 24.67 W, 5 %
2026/09/30 14:15:56.245, 360 MHz, 405 MHz, 0x0000000000000000, 24.22 W, 4 %
2026/09/30 14:15:56.754, 367 MHz, 405 MHz, 0x0000000000000000, 24.05 W, 5 %
2026/09/30 14:15:57.266, 435 MHz, 405 MHz, 0x0000000000000000, 24.92 W, 8 %
2026/09/30 14:15:57.781, 412 MHz, 405 MHz, 0x0000000000000000, 25.44 W, 6 %
2026/09/30 14:15:58.295, 412 MHz, 405 MHz, 0x0000000000000000, 24.91 W, 2 %
2026/09/30 14:15:58.799, 442 MHz, 405 MHz, 0x0000000000000000, 25.31 W, 6 %
2026/09/30 14:15:59.311, 532 MHz, 405 MHz, 0x0000000000000000, 26.41 W, 9 %
2026/09/30 14:15:59.812, 510 MHz, 405 MHz, 0x0000000000000000, 26.27 W, 8 %
2026/09/30 14:16:00.326, 510 MHz, 405 MHz, 0x0000000000000000, 26.30 W, 9 %
2026/09/30 14:16:00.838, 427 MHz, 405 MHz, 0x0000000000000000, 25.56 W, 6 %
2026/09/30 14:16:01.351, 345 MHz, 405 MHz, 0x0000000000000000, 23.83 W, 4 %
2026/09/30 14:16:01.864, 420 MHz, 405 MHz, 0x0000000000000000, 24.26 W, 2 %
2026/09/30 14:16:02.372, 495 MHz, 405 MHz, 0x0000000000000000, 25.53 W, 7 %
2026/09/30 14:16:02.883, 285 MHz, 405 MHz, 0x0000000000000000, 24.15 W, 2 %
2026/09/30 14:16:03.398, 420 MHz, 405 MHz, 0x0000000000000000, 23.28 W, 5 %
2026/09/30 14:16:03.902, 420 MHz, 405 MHz, 0x0000000000000000, 25.34 W, 6 %
2026/09/30 14:16:04.402, 502 MHz, 405 MHz, 0x0000000000000000, 26.15 W, 6 %
2026/09/30 14:16:04.916, 495 MHz, 405 MHz, 0x0000000000000000, 26.64 W, 6 %
2026/09/30 14:16:05.428, 517 MHz, 405 MHz, 0x0000000000000000, 25.90 W, 9 %
2026/09/30 14:16:05.937, 472 MHz, 405 MHz, 0x0000000000000000, 25.42 W, 5 %
2026/09/30 14:16:06.448, 405 MHz, 405 MHz, 0x0000000000000000, 25.54 W, 4 %
2026/09/30 14:16:06.949, 307 MHz, 405 MHz, 0x0000000000000000, 24.38 W, 6 %
2026/09/30 14:16:07.463, 367 MHz, 405 MHz, 0x0000000000000000, 24.19 W, 6 %
2026/09/30 14:16:07.978, 270 MHz, 405 MHz, 0x0000000000000000, 25.01 W, 3 %
2026/09/30 14:16:08.491, 562 MHz, 405 MHz, 0x0000000000000000, 24.73 W, 9 %
2026/09/30 14:16:08.999, 2617 MHz, 13801 MHz, 0x0000000000000000, 59.08 W, 69 %
2026/09/30 14:16:09.510, 2932 MHz, 13801 MHz, 0x0000000000000000, 107.42 W, 66 %
2026/09/30 14:16:10.019, 2932 MHz, 13801 MHz, 0x0000000000000000, 121.11 W, 1 %
2026/09/30 14:16:10.531, 2940 MHz, 13801 MHz, 0x0000000000000000, 101.91 W, 0 %
2026/09/30 14:16:11.043, 2940 MHz, 13801 MHz, 0x0000000000000000, 91.45 W, 0 %
2026/09/30 14:16:11.543, 2940 MHz, 13801 MHz, 0x0000000000000000, 91.36 W, 0 %
2026/09/30 14:16:12.053, 787 MHz, 7001 MHz, 0x0000000000000000, 70.78 W, 0 %
2026/09/30 14:16:12.565, 622 MHz, 7001 MHz, 0x0000000000000000, 39.89 W, 0 %
2026/09/30 14:16:13.078, 495 MHz, 7001 MHz, 0x0000000000000000, 33.24 W, 0 %
2026/09/30 14:16:13.590, 397 MHz, 7001 MHz, 0x0000000000000000, 32.49 W, 0 %
2026/09/30 14:16:14.105, 322 MHz, 7001 MHz, 0x0000000000000000, 31.85 W, 0 %
2026/09/30 14:16:14.618, 270 MHz, 810 MHz, 0x0000000000000000, 28.76 W, 0 %
2026/09/30 14:16:15.128, 465 MHz, 810 MHz, 0x0000000000000000, 24.53 W, 0 %
2026/09/30 14:16:15.641, 180 MHz, 810 MHz, 0x0000000000000000, 18.79 W, 0 %
2026/09/30 14:16:16.156, 180 MHz, 405 MHz, 0x0000000000000000, 15.60 W, 0 %
2026/09/30 14:16:16.670, 2932 MHz, 13801 MHz, 0x0000000000000000, 51.13 W, 2 %
2026/09/30 14:16:17.182, 2940 MHz, 13801 MHz, 0x0000000000000000, 84.69 W, 0 %
2026/09/30 14:16:17.693, 2940 MHz, 13801 MHz, 0x0000000000000000, 99.55 W, 0 %
2026/09/30 14:16:18.207, 2940 MHz, 13801 MHz, 0x0000000000000000, 99.45 W, 0 %
2026/09/30 14:16:18.719, 1102 MHz, 7001 MHz, 0x0000000000000000, 84.30 W, 48 %
2026/09/30 14:16:19.228, 960 MHz, 7001 MHz, 0x0000000000000000, 60.11 W, 0 %
2026/09/30 14:16:19.742, 765 MHz, 7001 MHz, 0x0000000000000000, 44.26 W, 0 %
2026/09/30 14:16:20.242, 630 MHz, 7001 MHz, 0x0000000000000000, 34.23 W, 0 %
2026/09/30 14:16:20.746, 495 MHz, 7001 MHz, 0x0000000000000000, 33.56 W, 0 %
2026/09/30 14:16:21.260, 397 MHz, 7001 MHz, 0x0000000000000000, 32.86 W, 0 %
2026/09/30 14:16:21.773, 307 MHz, 810 MHz, 0x0000000000000000, 31.33 W, 0 %
2026/09/30 14:16:22.284, 262 MHz, 810 MHz, 0x0000000000000000, 24.51 W, 0 %
2026/09/30 14:16:22.798, 195 MHz, 810 MHz, 0x0000000000000000, 18.38 W, 0 %
2026/09/30 14:16:23.311, 907 MHz, 13801 MHz, 0x0000000000000000, 26.59 W, 92 %
2026/09/30 14:16:23.822, 2940 MHz, 13801 MHz, 0x0000000000000000, 85.26 W, 0 %
2026/09/30 14:16:24.336, 2940 MHz, 13801 MHz, 0x0000000000000000, 119.83 W, 0 %
2026/09/30 14:16:24.851, 2940 MHz, 13801 MHz, 0x0000000000000000, 100.19 W, 0 %
2026/09/30 14:16:25.363, 2940 MHz, 7001 MHz, 0x0000000000000000, 99.93 W, 4 %
2026/09/30 14:16:25.875, 2445 MHz, 13801 MHz, 0x0000000000000000, 89.98 W, 0 %
2026/09/30 14:16:26.376, 2445 MHz, 13801 MHz, 0x0000000000000000, 74.86 W, 0 %
2026/09/30 14:16:26.878, 2445 MHz, 13801 MHz, 0x0000000000000000, 57.90 W, 0 %
2026/09/30 14:16:27.392, 2445 MHz, 7001 MHz, 0x0000000000000000, 57.82 W, 0 %
2026/09/30 14:16:27.904, 435 MHz, 7001 MHz, 0x0000000000000000, 45.50 W, 0 %
2026/09/30 14:16:28.416, 352 MHz, 7001 MHz, 0x0000000000000000, 32.86 W, 0 %
2026/09/30 14:16:28.928, 285 MHz, 7001 MHz, 0x0000000000000000, 32.23 W, 0 %
2026/09/30 14:16:29.438, 307 MHz, 7001 MHz, 0x0000000000000000, 32.35 W, 0 %
2026/09/30 14:16:29.952, 187 MHz, 7001 MHz, 0x0000000000000000, 32.24 W, 0 %
2026/09/30 14:16:30.463, 217 MHz, 7001 MHz, 0x0000000000000000, 31.60 W, 0 %
2026/09/30 14:16:30.979, 2940 MHz, 13801 MHz, 0x0000000000000000, 111.54 W, 0 %
2026/09/30 14:16:31.492, 2940 MHz, 13801 MHz, 0x0000000000000000, 124.75 W, 0 %
2026/09/30 14:16:32.007, 2940 MHz, 13801 MHz, 0x0000000000000000, 91.40 W, 0 %
2026/09/30 14:16:32.519, 2452 MHz, 7001 MHz, 0x0000000000000000, 86.11 W, 0 %
2026/09/30 14:16:33.032, 577 MHz, 7001 MHz, 0x0000000000000000, 57.43 W, 0 %
2026/09/30 14:16:33.533, 442 MHz, 7001 MHz, 0x0000000000000000, 33.94 W, 0 %
2026/09/30 14:16:34.034, 382 MHz, 7001 MHz, 0x0000000000000000, 32.77 W, 0 %
2026/09/30 14:16:34.549, 1357 MHz, 7001 MHz, 0x0000000000000000, 53.60 W, 0 %
2026/09/30 14:16:35.053, 1102 MHz, 7001 MHz, 0x0000000000000000, 57.22 W, 0 %
2026/09/30 14:16:35.565, 847 MHz, 7001 MHz, 0x0000000000000000, 35.14 W, 0 %
2026/09/30 14:16:36.081, 697 MHz, 7001 MHz, 0x0000000000000000, 34.56 W, 0 %
2026/09/30 14:16:36.596, 532 MHz, 7001 MHz, 0x0000000000000000, 33.87 W, 0 %
2026/09/30 14:16:37.111, 435 MHz, 7001 MHz, 0x0000000000000000, 33.18 W, 0 %
2026/09/30 14:16:37.621, 660 MHz, 7001 MHz, 0x0000000000000000, 44.94 W, 0 %
2026/09/30 14:16:38.136, 390 MHz, 7001 MHz, 0x0000000000000000, 43.49 W, 0 %
2026/09/30 14:16:38.647, 300 MHz, 7001 MHz, 0x0000000000000000, 32.00 W, 0 %
2026/09/30 14:16:39.162, 247 MHz, 7001 MHz, 0x0000000000000000, 31.72 W, 0 %
2026/09/30 14:16:39.676, 195 MHz, 7001 MHz, 0x0000000000000000, 31.33 W, 0 %
2026/09/30 14:16:40.191, 187 MHz, 810 MHz, 0x0000000000000000, 31.05 W, 0 %
2026/09/30 14:16:40.703, 187 MHz, 810 MHz, 0x0000000000000000, 24.23 W, 0 %
2026/09/30 14:16:41.214, 2932 MHz, 13801 MHz, 0x0000000000000000, 59.29 W, 0 %
2026/09/30 14:16:41.728, 2940 MHz, 13801 MHz, 0x0000000000000000, 89.53 W, 0 %
2026/09/30 14:16:42.241, 2940 MHz, 13801 MHz, 0x0000000000000000, 91.62 W, 0 %
2026/09/30 14:16:42.753, 2940 MHz, 13801 MHz, 0x0000000000000000, 91.64 W, 0 %
2026/09/30 14:16:43.255, 712 MHz, 7001 MHz, 0x0000000000000000, 71.14 W, 0 %
2026/09/30 14:16:43.765, 555 MHz, 7001 MHz, 0x0000000000000000, 44.92 W, 0 %
2026/09/30 14:16:44.275, 450 MHz, 7001 MHz, 0x0000000000000000, 33.59 W, 0 %
2026/09/30 14:16:44.790, 352 MHz, 7001 MHz, 0x0000000000000000, 32.90 W, 0 %
2026/09/30 14:16:45.297, 285 MHz, 7001 MHz, 0x0000000000000000, 32.38 W, 0 %
2026/09/30 14:16:45.811, 225 MHz, 7001 MHz, 0x0000000000000000, 32.05 W, 0 %
2026/09/30 14:16:46.325, 180 MHz, 810 MHz, 0x0000000000000000, 32.32 W, 0 %
2026/09/30 14:16:46.841, 1965 MHz, 13801 MHz, 0x0000000000000000, 46.71 W, 0 %
2026/09/30 14:16:47.353, 2685 MHz, 13801 MHz, 0x0000000000000000, 84.38 W, 19 %
2026/09/30 14:16:47.868, 2872 MHz, 13801 MHz, 0x0000000000000000, 115.50 W, 60 %
2026/09/30 14:16:48.382, 2835 MHz, 13801 MHz, 0x0000000000000000, 111.43 W, 40 %
2026/09/30 14:16:48.895, 2835 MHz, 13801 MHz, 0x0000000000000000, 114.22 W, 0 %
2026/09/30 14:16:49.406, 2902 MHz, 13801 MHz, 0x0000000000000000, 123.29 W, 0 %
2026/09/30 14:16:49.915, 2940 MHz, 13801 MHz, 0x0000000000000000, 107.73 W, 0 %
2026/09/30 14:16:50.426, 2932 MHz, 13801 MHz, 0x0000000000000000, 111.55 W, 0 %
2026/09/30 14:16:50.938, 2940 MHz, 13801 MHz, 0x0000000000000000, 113.54 W, 0 %
2026/09/30 14:16:51.450, 1950 MHz, 13801 MHz, 0x0000000000000000, 78.48 W, 0 %
2026/09/30 14:16:51.962, 1522 MHz, 7001 MHz, 0x0000000000000000, 58.09 W, 0 %
2026/09/30 14:16:52.469, 2775 MHz, 13801 MHz, 0x0000000000000000, 68.29 W, 0 %
2026/09/30 14:16:52.981, 2707 MHz, 13801 MHz, 0x0000000000000000, 82.08 W, 0 %
2026/09/30 14:16:53.491, 2722 MHz, 13801 MHz, 0x0000000000000000, 94.85 W, 0 %
2026/09/30 14:16:54.004, 2115 MHz, 13801 MHz, 0x0000000000000000, 90.32 W, 0 %
2026/09/30 14:16:54.517, 1665 MHz, 13801 MHz, 0x0000000000000000, 56.96 W, 0 %
2026/09/30 14:16:55.023, 2340 MHz, 13801 MHz, 0x0000000000000000, 67.47 W, 0 %
2026/09/30 14:16:55.530, 1672 MHz, 13801 MHz, 0x0000000000000000, 66.92 W, 0 %
2026/09/30 14:16:56.039, 1342 MHz, 7001 MHz, 0x0000000000000000, 51.20 W, 33 %
2026/09/30 14:16:56.549, 1582 MHz, 7001 MHz, 0x0000000000000000, 61.03 W, 0 %
2026/09/30 14:16:57.058, 1470 MHz, 13801 MHz, 0x0000000000000000, 70.07 W, 73 %
2026/09/30 14:16:57.572, 1597 MHz, 7001 MHz, 0x0000000000000000, 59.52 W, 0 %
2026/09/30 14:16:58.084, 1275 MHz, 7001 MHz, 0x0000000000000000, 47.81 W, 0 %
2026/09/30 14:16:58.597, 1012 MHz, 7001 MHz, 0x0000000000000000, 35.63 W, 0 %
2026/09/30 14:16:59.109, 1957 MHz, 7001 MHz, 0x0000000000000000, 54.42 W, 0 %
2026/09/30 14:16:59.620, 1252 MHz, 7001 MHz, 0x0000000000000000, 63.88 W, 57 %
2026/09/30 14:17:00.130, 2670 MHz, 13801 MHz, 0x0000000000000000, 70.22 W, 0 %
2026/09/30 14:17:00.643, 2940 MHz, 13801 MHz, 0x0000000000000000, 111.22 W, 0 %
2026/09/30 14:17:01.158, 2940 MHz, 13801 MHz, 0x0000000000000000, 115.27 W, 18 %
2026/09/30 14:17:01.668, 2940 MHz, 13801 MHz, 0x0000000000000000, 114.89 W, 0 %
2026/09/30 14:17:02.183, 2940 MHz, 13801 MHz, 0x0000000000000000, 135.12 W, 0 %
2026/09/30 14:17:02.696, 2932 MHz, 13801 MHz, 0x0000000000000000, 125.74 W, 0 %
2026/09/30 14:17:03.197, 2940 MHz, 13801 MHz, 0x0000000000000000, 104.92 W, 0 %
2026/09/30 14:17:03.705, 2932 MHz, 13801 MHz, 0x0000000000000000, 115.65 W, 0 %
2026/09/30 14:17:04.216, 2940 MHz, 13801 MHz, 0x0000000000000000, 116.88 W, 21 %
2026/09/30 14:17:04.729, 2940 MHz, 13801 MHz, 0x0000000000000000, 129.32 W, 67 %
2026/09/30 14:17:05.242, 2940 MHz, 13801 MHz, 0x0000000000000000, 134.29 W, 0 %
2026/09/30 14:17:05.753, 2940 MHz, 13801 MHz, 0x0000000000000000, 130.11 W, 0 %
2026/09/30 14:17:06.266, 2940 MHz, 13801 MHz, 0x0000000000000000, 132.93 W, 0 %
2026/09/30 14:17:06.777, 2940 MHz, 13801 MHz, 0x0000000000000000, 152.70 W, 72 %
2026/09/30 14:17:07.291, 2940 MHz, 13801 MHz, 0x0000000000000000, 137.74 W, 25 %
2026/09/30 14:17:07.800, 2940 MHz, 13801 MHz, 0x0000000000000000, 132.11 W, 0 %
2026/09/30 14:17:08.300, 2940 MHz, 13801 MHz, 0x0000000000000000, 130.67 W, 0 %
2026/09/30 14:17:08.814, 2647 MHz, 13801 MHz, 0x0000000000000000, 108.59 W, 0 %
2026/09/30 14:17:09.329, 1890 MHz, 13801 MHz, 0x0000000000000000, 95.61 W, 0 %
2026/09/30 14:17:09.841, 2047 MHz, 13801 MHz, 0x0000000000000000, 105.60 W, 0 %
2026/09/30 14:17:10.354, 2647 MHz, 13801 MHz, 0x0000000000000000, 102.09 W, 0 %
2026/09/30 14:17:10.866, 2760 MHz, 13801 MHz, 0x0000000000000000, 107.96 W, 0 %
2026/09/30 14:17:11.379, 2940 MHz, 13801 MHz, 0x0000000000000000, 120.80 W, 73 %
2026/09/30 14:17:11.880, 2940 MHz, 13801 MHz, 0x0000000000000000, 115.46 W, 0 %
2026/09/30 14:17:12.394, 2932 MHz, 13801 MHz, 0x0000000000000000, 133.79 W, 0 %
2026/09/30 14:17:12.907, 2722 MHz, 13801 MHz, 0x0000000000000000, 134.43 W, 0 %
2026/09/30 14:17:13.419, 2932 MHz, 13801 MHz, 0x0000000000000000, 129.16 W, 96 %
2026/09/30 14:17:13.932, 2940 MHz, 13801 MHz, 0x0000000000000000, 115.15 W, 0 %
2026/09/30 14:17:14.444, 2932 MHz, 13801 MHz, 0x0000000000000000, 117.86 W, 0 %
2026/09/30 14:17:14.957, 2940 MHz, 13801 MHz, 0x0000000000000000, 123.90 W, 37 %
2026/09/30 14:17:15.472, 2940 MHz, 13801 MHz, 0x0000000000000000, 112.72 W, 0 %
2026/09/30 14:17:15.982, 2940 MHz, 13801 MHz, 0x0000000000000000, 129.94 W, 0 %
2026/09/30 14:17:16.494, 2902 MHz, 13801 MHz, 0x0000000000000000, 134.80 W, 86 %
2026/09/30 14:17:17.004, 2940 MHz, 13801 MHz, 0x0000000000000000, 111.16 W, 0 %
2026/09/30 14:17:17.517, 2932 MHz, 13801 MHz, 0x0000000000000000, 131.59 W, 40 %
2026/09/30 14:17:18.030, 2940 MHz, 13801 MHz, 0x0000000000000000, 115.19 W, 0 %
2026/09/30 14:17:18.545, 2940 MHz, 13801 MHz, 0x0000000000000000, 122.84 W, 0 %
2026/09/30 14:17:19.057, 2940 MHz, 13801 MHz, 0x0000000000000000, 113.44 W, 0 %
2026/09/30 14:17:19.571, 2940 MHz, 13801 MHz, 0x0000000000000000, 115.57 W, 0 %
2026/09/30 14:17:20.083, 2932 MHz, 13801 MHz, 0x0000000000000000, 138.32 W, 58 %
2026/09/30 14:17:20.596, 2940 MHz, 13801 MHz, 0x0000000000000000, 113.36 W, 0 %
2026/09/30 14:17:21.109, 2940 MHz, 13801 MHz, 0x0000000000000000, 126.86 W, 0 %
2026/09/30 14:17:21.610, 2932 MHz, 13801 MHz, 0x0000000000000000, 138.25 W, 72 %
2026/09/30 14:17:22.123, 2647 MHz, 13801 MHz, 0x0000000000000000, 109.06 W, 0 %
2026/09/30 14:17:22.633, 2940 MHz, 13801 MHz, 0x0000000000000000, 121.09 W, 0 %
2026/09/30 14:17:23.145, 2940 MHz, 13801 MHz, 0x0000000000000000, 111.92 W, 0 %
2026/09/30 14:17:23.660, 2940 MHz, 13801 MHz, 0x0000000000000000, 92.41 W, 0 %
2026/09/30 14:17:24.172, 2940 MHz, 7001 MHz, 0x0000000000000000, 92.44 W, 0 %
2026/09/30 14:17:24.686, 525 MHz, 7001 MHz, 0x0000000000000000, 66.46 W, 0 %
2026/09/30 14:17:25.201, 435 MHz, 7001 MHz, 0x0000000000000000, 39.85 W, 0 %
2026/09/30 14:17:25.716, 1845 MHz, 13801 MHz, 0x0000000000000000, 50.83 W, 14 %
2026/09/30 14:17:26.229, 2115 MHz, 13801 MHz, 0x0000000000000000, 58.89 W, 0 %
2026/09/30 14:17:26.739, 2115 MHz, 13801 MHz, 0x0000000000000000, 57.27 W, 0 %
2026/09/30 14:17:27.252, 2535 MHz, 13801 MHz, 0x0000000000000000, 86.41 W, 0 %
2026/09/30 14:17:27.766, 2790 MHz, 13801 MHz, 0x0000000000000000, 93.08 W, 0 %
2026/09/30 14:17:28.279, 2790 MHz, 13801 MHz, 0x0000000000000000, 101.05 W, 0 %
2026/09/30 14:17:28.790, 2790 MHz, 13801 MHz, 0x0000000000000000, 100.95 W, 0 %
2026/09/30 14:17:29.301, 2220 MHz, 13801 MHz, 0x0000000000000000, 94.26 W, 25 %
2026/09/30 14:17:29.814, 2887 MHz, 13801 MHz, 0x0000000000000000, 98.74 W, 0 %
2026/09/30 14:17:30.326, 2887 MHz, 13801 MHz, 0x0000000000000000, 93.32 W, 0 %
2026/09/30 14:17:30.827, 2887 MHz, 13801 MHz, 0x0000000000000000, 89.46 W, 0 %
2026/09/30 14:17:31.341, 1470 MHz, 7001 MHz, 0x0000000000000000, 79.71 W, 0 %
2026/09/30 14:17:31.854, 487 MHz, 7001 MHz, 0x0000000000000000, 54.41 W, 0 %
2026/09/30 14:17:32.354, 2092 MHz, 13801 MHz, 0x0000000000000000, 60.33 W, 0 %
2026/09/30 14:17:32.869, 2317 MHz, 13801 MHz, 0x0000000000000000, 68.08 W, 0 %
2026/09/30 14:17:33.382, 2700 MHz, 13801 MHz, 0x0000000000000000, 87.21 W, 0 %
2026/09/30 14:17:33.893, 2940 MHz, 13801 MHz, 0x0000000000000000, 103.61 W, 0 %
2026/09/30 14:17:34.401, 2932 MHz, 13801 MHz, 0x0000000000000000, 115.57 W, 0 %
2026/09/30 14:17:34.910, 2940 MHz, 13801 MHz, 0x0000000000000000, 113.50 W, 0 %
2026/09/30 14:17:35.425, 1770 MHz, 13801 MHz, 0x0000000000000000, 80.71 W, 14 %
2026/09/30 14:17:35.937, 2580 MHz, 13801 MHz, 0x0000000000000000, 104.49 W, 68 %
2026/09/30 14:17:36.451, 2932 MHz, 13801 MHz, 0x0000000000000000, 143.67 W, 86 %
2026/09/30 14:17:36.951, 2940 MHz, 13801 MHz, 0x0000000000000000, 146.97 W, 74 %
2026/09/30 14:17:37.452, 2932 MHz, 13801 MHz, 0x0000000000000000, 155.54 W, 67 %
2026/09/30 14:17:37.964, 2940 MHz, 13801 MHz, 0x0000000000000000, 134.59 W, 0 %
2026/09/30 14:17:38.478, 2940 MHz, 13801 MHz, 0x0000000000000000, 129.01 W, 3 %
2026/09/30 14:17:38.991, 2932 MHz, 13801 MHz, 0x0000000000000000, 139.16 W, 76 %
2026/09/30 14:17:39.502, 2940 MHz, 13801 MHz, 0x0000000000000000, 116.56 W, 0 %
2026/09/30 14:17:40.011, 2940 MHz, 13801 MHz, 0x0000000000000000, 131.73 W, 0 %
2026/09/30 14:17:40.526, 2940 MHz, 13801 MHz, 0x0000000000000000, 135.75 W, 88 %
2026/09/30 14:17:41.040, 2940 MHz, 13801 MHz, 0x0000000000000000, 116.31 W, 0 %
2026/09/30 14:17:41.554, 2932 MHz, 13801 MHz, 0x0000000000000000, 136.06 W, 0 %
2026/09/30 14:17:42.066, 2940 MHz, 13801 MHz, 0x0000000000000000, 116.59 W, 0 %
2026/09/30 14:17:42.567, 2940 MHz, 13801 MHz, 0x0000000000000000, 114.60 W, 0 %
2026/09/30 14:17:43.077, 2940 MHz, 13801 MHz, 0x0000000000000000, 116.25 W, 0 %
2026/09/30 14:17:43.590, 2940 MHz, 13801 MHz, 0x0000000000000000, 113.66 W, 0 %
2026/09/30 14:17:44.102, 2932 MHz, 13801 MHz, 0x0000000000000000, 134.50 W, 0 %
2026/09/30 14:17:44.615, 2940 MHz, 13801 MHz, 0x0000000000000000, 115.44 W, 0 %
2026/09/30 14:17:45.128, 2932 MHz, 13801 MHz, 0x0000000000000000, 113.23 W, 74 %
2026/09/30 14:17:45.643, 2940 MHz, 13801 MHz, 0x0000000000000000, 113.12 W, 0 %
2026/09/30 14:17:46.155, 2940 MHz, 13801 MHz, 0x0000000000000000, 115.80 W, 0 %
2026/09/30 14:17:46.666, 2940 MHz, 13801 MHz, 0x0000000000000000, 115.78 W, 0 %
2026/09/30 14:17:47.180, 2940 MHz, 13801 MHz, 0x0000000000000000, 115.99 W, 0 %
2026/09/30 14:17:47.694, 2940 MHz, 13801 MHz, 0x0000000000000000, 113.93 W, 0 %
2026/09/30 14:17:48.205, 2940 MHz, 13801 MHz, 0x0000000000000000, 113.49 W, 0 %
2026/09/30 14:17:48.705, 2940 MHz, 13801 MHz, 0x0000000000000000, 115.51 W, 0 %
2026/09/30 14:17:49.217, 2632 MHz, 13801 MHz, 0x0000000000000000, 106.15 W, 0 %
2026/09/30 14:17:49.728, 2100 MHz, 13801 MHz, 0x0000000000000000, 89.22 W, 0 %
2026/09/30 14:17:50.240, 1687 MHz, 7001 MHz, 0x0000000000000000, 54.31 W, 0 %
2026/09/30 14:17:50.756, 1320 MHz, 7001 MHz, 0x0000000000000000, 45.22 W, 0 %
2026/09/30 14:17:51.268, 1057 MHz, 7001 MHz, 0x0000000000000000, 38.11 W, 0 %
2026/09/30 14:17:51.777, 825 MHz, 7001 MHz, 0x0000000000000000, 35.62 W, 0 %
2026/09/30 14:17:52.292, 660 MHz, 7001 MHz, 0x0000000000000000, 35.05 W, 0 %
2026/09/30 14:17:52.807, 510 MHz, 7001 MHz, 0x0000000000000000, 34.68 W, 0 %
2026/09/30 14:17:53.323, 1890 MHz, 13801 MHz, 0x0000000000000000, 59.83 W, 0 %
2026/09/30 14:17:53.833, 2197 MHz, 13801 MHz, 0x0000000000000000, 70.21 W, 0 %
2026/09/30 14:17:54.346, 2520 MHz, 13801 MHz, 0x0000000000000000, 82.32 W, 48 %
2026/09/30 14:17:54.857, 2940 MHz, 13801 MHz, 0x0000000000000000, 96.57 W, 0 %
2026/09/30 14:17:55.372, 2932 MHz, 13801 MHz, 0x0000000000000000, 123.40 W, 0 %
2026/09/30 14:17:55.886, 2940 MHz, 13801 MHz, 0x0000000000000000, 115.88 W, 0 %
2026/09/30 14:17:56.401, 2115 MHz, 7001 MHz, 0x0000000000000000, 84.72 W, 0 %
2026/09/30 14:17:56.914, 1305 MHz, 7001 MHz, 0x0000000000000000, 60.49 W, 0 %
2026/09/30 14:17:57.428, 1050 MHz, 7001 MHz, 0x0000000000000000, 38.20 W, 0 %
2026/09/30 14:17:57.943, 825 MHz, 7001 MHz, 0x0000000000000000, 35.70 W, 0 %
2026/09/30 14:17:58.453, 660 MHz, 7001 MHz, 0x0000000000000000, 35.22 W, 0 %
2026/09/30 14:17:58.962, 517 MHz, 7001 MHz, 0x0000000000000000, 34.79 W, 0 %
2026/09/30 14:17:59.471, 420 MHz, 7001 MHz, 0x0000000000000000, 39.72 W, 33 %
2026/09/30 14:17:59.981, 1147 MHz, 7001 MHz, 0x0000000000000000, 54.28 W, 0 %
2026/09/30 14:18:00.492, 915 MHz, 7001 MHz, 0x0000000000000000, 49.55 W, 0 %
2026/09/30 14:18:00.999, 2077 MHz, 7001 MHz, 0x0000000000000000, 57.09 W, 0 %
2026/09/30 14:18:01.511, 1312 MHz, 7001 MHz, 0x0000000000000000, 57.82 W, 0 %
2026/09/30 14:18:02.018, 1725 MHz, 13801 MHz, 0x0000000000000000, 60.07 W, 70 %
2026/09/30 14:18:02.527, 2527 MHz, 13801 MHz, 0x0000000000000000, 70.06 W, 0 %
2026/09/30 14:18:03.038, 2527 MHz, 13801 MHz, 0x0000000000000000, 86.74 W, 5 %
2026/09/30 14:18:03.540, 2940 MHz, 13801 MHz, 0x0000000000000000, 98.24 W, 0 %
2026/09/30 14:18:04.051, 2940 MHz, 13801 MHz, 0x0000000000000000, 111.00 W, 0 %
2026/09/30 14:18:04.566, 2940 MHz, 13801 MHz, 0x0000000000000000, 99.69 W, 0 %
2026/09/30 14:18:05.082, 2940 MHz, 7001 MHz, 0x0000000000000000, 94.29 W, 0 %
2026/09/30 14:18:05.598, 1065 MHz, 7001 MHz, 0x0000000000000000, 62.00 W, 0 %
2026/09/30 14:18:06.108, 937 MHz, 7001 MHz, 0x0000000000000000, 46.29 W, 0 %
2026/09/30 14:18:06.619, 2872 MHz, 13801 MHz, 0x0000000000000000, 85.48 W, 0 %
2026/09/30 14:18:07.134, 2940 MHz, 13801 MHz, 0x0000000000000000, 104.30 W, 0 %
2026/09/30 14:18:07.646, 2940 MHz, 13801 MHz, 0x0000000000000000, 92.37 W, 0 %
2026/09/30 14:18:08.158, 2940 MHz, 13801 MHz, 0x0000000000000000, 92.41 W, 0 %
2026/09/30 14:18:08.668, 585 MHz, 7001 MHz, 0x0000000000000000, 71.69 W, 0 %
2026/09/30 14:18:09.182, 480 MHz, 7001 MHz, 0x0000000000000000, 40.34 W, 0 %
2026/09/30 14:18:09.692, 375 MHz, 7001 MHz, 0x0000000000000000, 33.72 W, 0 %
2026/09/30 14:18:10.203, 292 MHz, 810 MHz, 0x0000000000000000, 32.61 W, 0 %
2026/09/30 14:18:10.716, 225 MHz, 810 MHz, 0x0000000000000000, 30.68 W, 46 %
2026/09/30 14:18:11.230, 487 MHz, 810 MHz, 0x0000000000000000, 24.85 W, 0 %
2026/09/30 14:18:11.742, 1102 MHz, 7001 MHz, 0x0000000000000000, 43.82 W, 13 %
2026/09/30 14:18:12.250, 2257 MHz, 13801 MHz, 0x0000000000000000, 70.82 W, 0 %
2026/09/30 14:18:12.762, 2407 MHz, 13801 MHz, 0x0000000000000000, 74.74 W, 0 %
2026/09/30 14:18:13.265, 2407 MHz, 13801 MHz, 0x0000000000000000, 62.38 W, 0 %
2026/09/30 14:18:13.775, 2407 MHz, 13801 MHz, 0x0000000000000000, 67.94 W, 0 %
2026/09/30 14:18:14.288, 1042 MHz, 7001 MHz, 0x0000000000000000, 61.34 W, 0 %
2026/09/30 14:18:14.799, 1065 MHz, 7001 MHz, 0x0000000000000000, 44.52 W, 50 %
2026/09/30 14:18:15.314, 1065 MHz, 7001 MHz, 0x0000000000000000, 41.02 W, 0 %
2026/09/30 14:18:15.827, 1057 MHz, 810 MHz, 0x0000000000000000, 33.00 W, 0 %
2026/09/30 14:18:16.341, 2902 MHz, 13801 MHz, 0x0000000000000000, 93.91 W, 62 %
2026/09/30 14:18:16.851, 2820 MHz, 13801 MHz, 0x0000000000000004, 305.50 W, 83 %
2026/09/30 14:18:17.366, 2932 MHz, 13801 MHz, 0x0000000000000000, 341.34 W, 57 %
2026/09/30 14:18:17.879, 2910 MHz, 13801 MHz, 0x0000000000000000, 276.76 W, 54 %
2026/09/30 14:18:18.391, 2880 MHz, 13801 MHz, 0x0000000000000000, 279.97 W, 54 %
2026/09/30 14:18:18.902, 2895 MHz, 13801 MHz, 0x0000000000000000, 284.19 W, 69 %
2026/09/30 14:18:19.412, 2932 MHz, 13801 MHz, 0x0000000000000000, 222.72 W, 86 %
2026/09/30 14:18:19.921, 2917 MHz, 13801 MHz, 0x0000000000000000, 214.83 W, 89 %
2026/09/30 14:18:20.429, 2910 MHz, 13801 MHz, 0x0000000000000000, 266.64 W, 91 %
2026/09/30 14:18:20.939, 2902 MHz, 13801 MHz, 0x0000000000000000, 289.71 W, 90 %
2026/09/30 14:18:21.440, 2887 MHz, 13801 MHz, 0x0000000000000000, 306.49 W, 89 %
2026/09/30 14:18:21.955, 2865 MHz, 13801 MHz, 0x0000000000000000, 338.98 W, 97 %
2026/09/30 14:18:22.468, 2850 MHz, 13801 MHz, 0x0000000000000004, 369.62 W, 91 %
2026/09/30 14:18:22.981, 2850 MHz, 13801 MHz, 0x0000000000000000, 342.12 W, 71 %
2026/09/30 14:18:23.491, 2932 MHz, 13801 MHz, 0x0000000000000000, 244.44 W, 84 %
2026/09/30 14:18:24.003, 2910 MHz, 13801 MHz, 0x0000000000000000, 245.29 W, 84 %
2026/09/30 14:18:24.516, 2902 MHz, 13801 MHz, 0x0000000000000000, 277.81 W, 87 %
2026/09/30 14:18:25.028, 2902 MHz, 13801 MHz, 0x0000000000000000, 289.05 W, 90 %
2026/09/30 14:18:25.538, 2902 MHz, 13801 MHz, 0x0000000000000000, 300.13 W, 91 %
2026/09/30 14:18:26.050, 2887 MHz, 13801 MHz, 0x0000000000000000, 307.76 W, 91 %
2026/09/30 14:18:26.564, 2880 MHz, 13801 MHz, 0x0000000000000000, 312.58 W, 86 %
2026/09/30 14:18:27.078, 2872 MHz, 13801 MHz, 0x0000000000000000, 321.78 W, 91 %
2026/09/30 14:18:27.589, 2850 MHz, 13801 MHz, 0x0000000000000000, 341.80 W, 91 %
2026/09/30 14:18:28.104, 2835 MHz, 13801 MHz, 0x0000000000000000, 370.90 W, 84 %
2026/09/30 14:18:28.619, 2827 MHz, 13801 MHz, 0x0000000000000004, 386.72 W, 91 %
2026/09/30 14:18:29.120, 2790 MHz, 13801 MHz, 0x0000000000000004, 419.97 W, 91 %
2026/09/30 14:18:29.635, 2925 MHz, 13801 MHz, 0x0000000000000000, 321.27 W, 0 %
2026/09/30 14:18:30.145, 2925 MHz, 13801 MHz, 0x0000000000000000, 185.51 W, 17 %
2026/09/30 14:18:30.657, 2925 MHz, 13801 MHz, 0x0000000000000000, 147.39 W, 18 %
2026/09/30 14:18:31.166, 2932 MHz, 13801 MHz, 0x0000000000000000, 148.21 W, 16 %
2026/09/30 14:18:31.668, 2482 MHz, 13801 MHz, 0x0000000000000000, 130.26 W, 15 %
2026/09/30 14:18:32.182, 2535 MHz, 7001 MHz, 0x0000000000000000, 112.62 W, 21 %
2026/09/30 14:18:32.696, 2377 MHz, 7001 MHz, 0x0000000000000000, 105.93 W, 15 %
2026/09/30 14:18:33.208, 2422 MHz, 7001 MHz, 0x0000000000000000, 102.13 W, 20 %
2026/09/30 14:18:33.717, 2505 MHz, 7001 MHz, 0x0000000000000000, 103.95 W, 21 %
2026/09/30 14:18:34.228, 2355 MHz, 7001 MHz, 0x0000000000000000, 99.54 W, 9 %
2026/09/30 14:18:34.737, 2377 MHz, 7001 MHz, 0x0000000000000000, 89.26 W, 6 %
2026/09/30 14:18:35.247, 2032 MHz, 7001 MHz, 0x0000000000000000, 73.86 W, 0 %
2026/09/30 14:18:35.761, 990 MHz, 7001 MHz, 0x0000000000000000, 52.55 W, 0 %
2026/09/30 14:18:36.272, 802 MHz, 7001 MHz, 0x0000000000000000, 46.57 W, 47 %
2026/09/30 14:18:36.783, 2332 MHz, 13801 MHz, 0x0000000000000000, 82.75 W, 13 %
2026/09/30 14:18:37.294, 2160 MHz, 7001 MHz, 0x0000000000000000, 116.63 W, 11 %
2026/09/30 14:18:37.803, 2062 MHz, 7001 MHz, 0x0000000000000000, 107.49 W, 12 %
2026/09/30 14:18:38.308, 2032 MHz, 7001 MHz, 0x0000000000000000, 99.64 W, 10 %
2026/09/30 14:18:38.816, 2152 MHz, 7001 MHz, 0x0000000000000000, 93.06 W, 10 %
2026/09/30 14:18:39.328, 2100 MHz, 7001 MHz, 0x0000000000000000, 85.85 W, 8 %
2026/09/30 14:18:39.838, 1920 MHz, 7001 MHz, 0x0000000000000000, 73.37 W, 0 %
2026/09/30 14:18:40.346, 1237 MHz, 7001 MHz, 0x0000000000000000, 53.14 W, 0 %
2026/09/30 14:18:40.856, 937 MHz, 7001 MHz, 0x0000000000000000, 44.76 W, 0 %
2026/09/30 14:18:41.368, 555 MHz, 7001 MHz, 0x0000000000000000, 41.17 W, 0 %
2026/09/30 14:18:41.878, 457 MHz, 810 MHz, 0x0000000000000000, 29.74 W, 0 %
2026/09/30 14:18:42.393, 352 MHz, 810 MHz, 0x0000000000000000, 22.75 W, 0 %
2026/09/30 14:18:42.907, 285 MHz, 810 MHz, 0x0000000000000000, 18.10 W, 0 %
2026/09/30 14:18:43.420, 210 MHz, 405 MHz, 0x0000000000000000, 15.91 W, 0 %
2026/09/30 14:18:43.933, 187 MHz, 405 MHz, 0x0000000000000000, 13.06 W, 0 %
2026/09/30 14:18:44.441, 187 MHz, 405 MHz, 0x0000000000000000, 12.49 W, 0 %
2026/09/30 14:18:44.953, 187 MHz, 405 MHz, 0x0000000000000000, 12.74 W, 0 %
2026/09/30 14:18:45.463, 187 MHz, 405 MHz, 0x0000000000000000, 12.88 W, 0 %
2026/09/30 14:18:45.975, 180 MHz, 405 MHz, 0x0000000000000000, 12.67 W, 0 %
2026/09/30 14:18:46.481, 180 MHz, 405 MHz, 0x0000000000000000, 12.56 W, 0 %
2026/09/30 14:18:46.994, 180 MHz, 405 MHz, 0x0000000000000000, 12.53 W, 0 %
2026/09/30 14:18:47.504, 180 MHz, 405 MHz, 0x0000000000000000, 12.58 W, 0 %
2026/09/30 14:18:48.015, 180 MHz, 405 MHz, 0x0000000000000000, 12.52 W, 0 %
2026/09/30 14:18:48.525, 180 MHz, 405 MHz, 0x0000000000000000, 12.51 W, 0 %
2026/09/30 14:18:49.036, 180 MHz, 405 MHz, 0x0000000000000000, 12.48 W, 0 %
2026/09/30 14:18:49.551, 247 MHz, 405 MHz, 0x0000000000000000, 12.77 W, 0 %
2026/09/30 14:18:50.061, 1575 MHz, 13801 MHz, 0x0000000000000000, 52.65 W, 70 %
2026/09/30 14:18:50.569, 2940 MHz, 13801 MHz, 0x0000000000000000, 85.04 W, 0 %
2026/09/30 14:18:51.070, 2940 MHz, 13801 MHz, 0x0000000000000000, 105.29 W, 0 %
2026/09/30 14:18:51.582, 2940 MHz, 13801 MHz, 0x0000000000000000, 92.74 W, 0 %
2026/09/30 14:18:52.094, 1650 MHz, 7001 MHz, 0x0000000000000000, 77.72 W, 0 %
2026/09/30 14:18:52.605, 682 MHz, 7001 MHz, 0x0000000000000000, 47.50 W, 0 %
2026/09/30 14:18:53.114, 547 MHz, 7001 MHz, 0x0000000000000000, 35.20 W, 0 %
2026/09/30 14:18:53.628, 435 MHz, 7001 MHz, 0x0000000000000000, 34.73 W, 0 %
2026/09/30 14:18:54.140, 337 MHz, 7001 MHz, 0x0000000000000000, 34.20 W, 0 %
2026/09/30 14:18:54.650, 270 MHz, 810 MHz, 0x0000000000000000, 31.71 W, 0 %
2026/09/30 14:18:55.164, 210 MHz, 810 MHz, 0x0000000000000000, 25.41 W, 0 %
2026/09/30 14:18:55.677, 180 MHz, 810 MHz, 0x0000000000000000, 18.48 W, 0 %
2026/09/30 14:18:56.188, 180 MHz, 810 MHz, 0x0000000000000000, 16.31 W, 0 %
2026/09/30 14:18:56.703, 180 MHz, 405 MHz, 0x0000000000000000, 14.43 W, 0 %
2026/09/30 14:18:57.215, 180 MHz, 405 MHz, 0x0000000000000000, 12.70 W, 0 %
2026/09/30 14:18:57.727, 180 MHz, 405 MHz, 0x0000000000000000, 12.38 W, 0 %
2026/09/30 14:18:58.241, 180 MHz, 405 MHz, 0x0000000000000000, 12.41 W, 0 %
2026/09/30 14:18:58.752, 180 MHz, 405 MHz, 0x0000000000000000, 12.51 W, 0 %
2026/09/30 14:18:59.265, 187 MHz, 405 MHz, 0x0000000000000000, 12.40 W, 0 %
2026/09/30 14:18:59.779, 187 MHz, 405 MHz, 0x0000000000000000, 12.23 W, 0 %
2026/09/30 14:19:00.294, 187 MHz, 405 MHz, 0x0000000000000000, 12.20 W, 0 %
2026/09/30 14:19:00.806, 187 MHz, 405 MHz, 0x0000000000000000, 12.26 W, 0 %
2026/09/30 14:19:01.317, 187 MHz, 405 MHz, 0x0000000000000000, 12.35 W, 0 %
2026/09/30 14:19:01.824, 1537 MHz, 405 MHz, 0x0000000000000000, 40.82 W, 100 %
2026/09/30 14:19:02.330, 2925 MHz, 13801 MHz, 0x0000000000000000, 200.44 W, 95 %
2026/09/30 14:19:02.837, 2925 MHz, 13801 MHz, 0x0000000000000000, 361.99 W, 95 %
2026/09/30 14:19:03.343, 2925 MHz, 13801 MHz, 0x0000000000000000, 359.60 W, 95 %
2026/09/30 14:19:03.847, 2887 MHz, 13801 MHz, 0x0000000000000000, 352.66 W, 95 %
2026/09/30 14:19:04.357, 2910 MHz, 13801 MHz, 0x0000000000000000, 352.63 W, 95 %
2026/09/30 14:19:04.864, 2910 MHz, 13801 MHz, 0x0000000000000000, 360.49 W, 95 %
2026/09/30 14:19:05.371, 2910 MHz, 13801 MHz, 0x0000000000000000, 358.19 W, 70 %
2026/09/30 14:19:05.878, 2910 MHz, 13801 MHz, 0x0000000000000000, 357.61 W, 95 %
2026/09/30 14:19:06.384, 2910 MHz, 13801 MHz, 0x0000000000000000, 357.80 W, 95 %
2026/09/30 14:19:06.891, 2910 MHz, 13801 MHz, 0x0000000000000000, 357.85 W, 75 %
2026/09/30 14:19:07.400, 2910 MHz, 13801 MHz, 0x0000000000000000, 358.35 W, 95 %
2026/09/30 14:19:07.907, 2910 MHz, 13801 MHz, 0x0000000000000000, 358.84 W, 95 %
2026/09/30 14:19:08.414, 2910 MHz, 13801 MHz, 0x0000000000000000, 362.40 W, 95 %
2026/09/30 14:19:08.921, 2910 MHz, 13801 MHz, 0x0000000000000000, 357.78 W, 59 %
2026/09/30 14:19:09.425, 2910 MHz, 13801 MHz, 0x0000000000000000, 358.33 W, 95 %
2026/09/30 14:19:09.930, 2910 MHz, 13801 MHz, 0x0000000000000000, 361.83 W, 95 %
2026/09/30 14:19:10.436, 2910 MHz, 13801 MHz, 0x0000000000000000, 363.24 W, 96 %
2026/09/30 14:19:10.940, 2902 MHz, 13801 MHz, 0x0000000000000000, 358.61 W, 95 %
2026/09/30 14:19:11.445, 2910 MHz, 13801 MHz, 0x0000000000000000, 358.82 W, 95 %
2026/09/30 14:19:11.951, 2910 MHz, 13801 MHz, 0x0000000000000000, 363.60 W, 96 %
2026/09/30 14:19:12.455, 2887 MHz, 13801 MHz, 0x0000000000000000, 350.51 W, 95 %
2026/09/30 14:19:12.962, 2910 MHz, 13801 MHz, 0x0000000000000000, 350.78 W, 95 %
2026/09/30 14:19:13.468, 2910 MHz, 13801 MHz, 0x0000000000000000, 363.68 W, 95 %
2026/09/30 14:19:13.975, 2910 MHz, 13801 MHz, 0x0000000000000000, 358.93 W, 50 %
2026/09/30 14:19:14.482, 2910 MHz, 13801 MHz, 0x0000000000000000, 358.16 W, 95 %
2026/09/30 14:19:14.988, 2910 MHz, 13801 MHz, 0x0000000000000000, 360.60 W, 95 %
2026/09/30 14:19:15.491, 2910 MHz, 13801 MHz, 0x0000000000000000, 358.55 W, 49 %
2026/09/30 14:19:15.999, 2910 MHz, 13801 MHz, 0x0000000000000000, 358.03 W, 95 %
2026/09/30 14:19:16.506, 2910 MHz, 13801 MHz, 0x0000000000000000, 358.17 W, 95 %
2026/09/30 14:19:17.013, 2895 MHz, 13801 MHz, 0x0000000000000000, 362.80 W, 75 %
2026/09/30 14:19:17.516, 2910 MHz, 13801 MHz, 0x0000000000000000, 364.33 W, 95 %
2026/09/30 14:19:18.019, 2910 MHz, 13801 MHz, 0x0000000000000000, 366.61 W, 95 %
2026/09/30 14:19:18.525, 2910 MHz, 13801 MHz, 0x0000000000000000, 366.59 W, 95 %
2026/09/30 14:19:19.031, 2902 MHz, 13801 MHz, 0x0000000000000000, 363.03 W, 95 %
2026/09/30 14:19:19.538, 2910 MHz, 13801 MHz, 0x0000000000000000, 363.63 W, 95 %
2026/09/30 14:19:20.045, 2910 MHz, 13801 MHz, 0x0000000000000000, 367.19 W, 95 %
2026/09/30 14:19:20.550, 2887 MHz, 13801 MHz, 0x0000000000000000, 363.18 W, 95 %
2026/09/30 14:19:21.054, 2910 MHz, 13801 MHz, 0x0000000000000000, 363.03 W, 95 %
2026/09/30 14:19:21.560, 2910 MHz, 13801 MHz, 0x0000000000000000, 366.80 W, 95 %
2026/09/30 14:19:22.070, 2910 MHz, 13801 MHz, 0x0000000000000000, 361.79 W, 57 %
2026/09/30 14:19:22.575, 2910 MHz, 13801 MHz, 0x0000000000000000, 359.93 W, 95 %
2026/09/30 14:19:23.079, 2910 MHz, 13801 MHz, 0x0000000000000000, 360.30 W, 95 %
2026/09/30 14:19:23.581, 2910 MHz, 13801 MHz, 0x0000000000000000, 367.61 W, 95 %
2026/09/30 14:19:24.089, 2887 MHz, 13801 MHz, 0x0000000000000000, 362.75 W, 94 %
2026/09/30 14:19:24.594, 2910 MHz, 13801 MHz, 0x0000000000000000, 362.83 W, 95 %
2026/09/30 14:19:25.100, 2910 MHz, 13801 MHz, 0x0000000000000000, 368.06 W, 94 %
2026/09/30 14:19:25.606, 2910 MHz, 13801 MHz, 0x0000000000000000, 368.38 W, 95 %
2026/09/30 14:19:26.114, 2887 MHz, 13801 MHz, 0x0000000000000000, 362.49 W, 95 %
2026/09/30 14:19:26.616, 2910 MHz, 13801 MHz, 0x0000000000000000, 362.63 W, 95 %
2026/09/30 14:19:27.123, 2910 MHz, 13801 MHz, 0x0000000000000000, 369.46 W, 95 %
2026/09/30 14:19:27.628, 2910 MHz, 13801 MHz, 0x0000000000000000, 369.10 W, 94 %
2026/09/30 14:19:28.135, 2887 MHz, 13801 MHz, 0x0000000000000000, 362.70 W, 95 %
2026/09/30 14:19:28.639, 2910 MHz, 13801 MHz, 0x0000000000000000, 363.07 W, 95 %
2026/09/30 14:19:29.146, 2910 MHz, 13801 MHz, 0x0000000000000000, 369.26 W, 95 %
2026/09/30 14:19:29.652, 2887 MHz, 13801 MHz, 0x0000000000000000, 364.12 W, 95 %
2026/09/30 14:19:30.158, 2910 MHz, 13801 MHz, 0x0000000000000000, 364.55 W, 95 %
2026/09/30 14:19:30.664, 2910 MHz, 13801 MHz, 0x0000000000000000, 369.04 W, 95 %
2026/09/30 14:19:31.169, 2910 MHz, 13801 MHz, 0x0000000000000000, 364.84 W, 69 %
2026/09/30 14:19:31.670, 2910 MHz, 13801 MHz, 0x0000000000000000, 361.78 W, 94 %
2026/09/30 14:19:32.177, 2910 MHz, 13801 MHz, 0x0000000000000000, 362.48 W, 95 %
2026/09/30 14:19:32.685, 2910 MHz, 13801 MHz, 0x0000000000000000, 369.63 W, 95 %
2026/09/30 14:19:33.192, 2887 MHz, 13801 MHz, 0x0000000000000000, 361.15 W, 86 %
2026/09/30 14:19:33.696, 2910 MHz, 13801 MHz, 0x0000000000000000, 361.97 W, 95 %
2026/09/30 14:19:34.204, 2910 MHz, 13801 MHz, 0x0000000000000000, 370.09 W, 95 %
2026/09/30 14:19:34.715, 2880 MHz, 13801 MHz, 0x0000000000000000, 368.24 W, 95 %
2026/09/30 14:19:35.221, 2910 MHz, 13801 MHz, 0x0000000000000000, 367.41 W, 95 %
2026/09/30 14:19:35.726, 2910 MHz, 13801 MHz, 0x0000000000000000, 370.47 W, 95 %
2026/09/30 14:19:36.232, 2910 MHz, 13801 MHz, 0x0000000000000000, 366.84 W, 77 %
2026/09/30 14:19:36.738, 2902 MHz, 13801 MHz, 0x0000000000000000, 361.34 W, 94 %
2026/09/30 14:19:37.243, 2910 MHz, 13801 MHz, 0x0000000000000000, 362.43 W, 94 %
2026/09/30 14:19:37.750, 2910 MHz, 13801 MHz, 0x0000000000000000, 370.79 W, 95 %
2026/09/30 14:19:38.255, 2880 MHz, 13801 MHz, 0x0000000000000000, 369.25 W, 95 %
2026/09/30 14:19:38.762, 2910 MHz, 13801 MHz, 0x0000000000000000, 369.24 W, 95 %
2026/09/30 14:19:39.267, 2910 MHz, 13801 MHz, 0x0000000000000000, 371.11 W, 95 %
2026/09/30 14:19:39.777, 2887 MHz, 13801 MHz, 0x0000000000000000, 367.62 W, 95 %
2026/09/30 14:19:40.283, 2910 MHz, 13801 MHz, 0x0000000000000000, 368.11 W, 95 %
2026/09/30 14:19:40.791, 2910 MHz, 13801 MHz, 0x0000000000000000, 371.16 W, 95 %
2026/09/30 14:19:41.303, 2910 MHz, 13801 MHz, 0x0000000000000000, 370.95 W, 88 %
2026/09/30 14:19:41.809, 2902 MHz, 13801 MHz, 0x0000000000000000, 359.87 W, 95 %
2026/09/30 14:19:42.316, 2910 MHz, 13801 MHz, 0x0000000000000000, 360.87 W, 95 %
2026/09/30 14:19:42.820, 2910 MHz, 13801 MHz, 0x0000000000000000, 367.42 W, 47 %
2026/09/30 14:19:43.323, 2910 MHz, 13801 MHz, 0x0000000000000000, 366.68 W, 95 %
2026/09/30 14:19:43.829, 2910 MHz, 13801 MHz, 0x0000000000000000, 367.00 W, 95 %
2026/09/30 14:19:44.335, 2910 MHz, 13801 MHz, 0x0000000000000000, 371.91 W, 95 %
2026/09/30 14:19:44.844, 2902 MHz, 13801 MHz, 0x0000000000000000, 359.38 W, 43 %
2026/09/30 14:19:45.349, 2910 MHz, 13801 MHz, 0x0000000000000000, 357.85 W, 95 %
2026/09/30 14:19:45.853, 2910 MHz, 13801 MHz, 0x0000000000000000, 364.90 W, 95 %
2026/09/30 14:19:46.357, 2910 MHz, 13801 MHz, 0x0000000000000000, 372.05 W, 95 %
2026/09/30 14:19:46.861, 2887 MHz, 13801 MHz, 0x0000000000000000, 367.82 W, 95 %
2026/09/30 14:19:47.369, 2910 MHz, 13801 MHz, 0x0000000000000000, 368.56 W, 95 %
2026/09/30 14:19:47.874, 2910 MHz, 13801 MHz, 0x0000000000000000, 372.64 W, 95 %
2026/09/30 14:19:48.381, 2910 MHz, 13801 MHz, 0x0000000000000000, 365.47 W, 39 %
2026/09/30 14:19:48.889, 2910 MHz, 13801 MHz, 0x0000000000000000, 366.93 W, 95 %
2026/09/30 14:19:49.391, 2910 MHz, 13801 MHz, 0x0000000000000000, 367.18 W, 95 %
2026/09/30 14:19:49.897, 2910 MHz, 13801 MHz, 0x0000000000000000, 365.98 W, 63 %
2026/09/30 14:19:50.399, 2902 MHz, 13801 MHz, 0x0000000000000000, 356.14 W, 95 %
2026/09/30 14:19:50.905, 2910 MHz, 13801 MHz, 0x0000000000000000, 358.32 W, 95 %
2026/09/30 14:19:51.410, 2910 MHz, 13801 MHz, 0x0000000000000000, 373.05 W, 95 %
2026/09/30 14:19:51.917, 2910 MHz, 13801 MHz, 0x0000000000000000, 373.29 W, 95 %
2026/09/30 14:19:52.421, 2895 MHz, 13801 MHz, 0x0000000000000000, 361.99 W, 95 %
2026/09/30 14:19:52.926, 2910 MHz, 13801 MHz, 0x0000000000000000, 362.40 W, 94 %
2026/09/30 14:19:53.434, 2910 MHz, 13801 MHz, 0x0000000000000000, 368.79 W, 78 %
2026/09/30 14:19:53.940, 2910 MHz, 13801 MHz, 0x0000000000000000, 357.40 W, 95 %
2026/09/30 14:19:54.445, 2910 MHz, 13801 MHz, 0x0000000000000000, 361.74 W, 95 %
2026/09/30 14:19:54.955, 2910 MHz, 13801 MHz, 0x0000000000000000, 372.93 W, 95 %
2026/09/30 14:19:55.461, 2887 MHz, 13801 MHz, 0x0000000000000000, 367.44 W, 95 %
2026/09/30 14:19:55.964, 2910 MHz, 13801 MHz, 0x0000000000000000, 367.38 W, 94 %
2026/09/30 14:19:56.467, 2910 MHz, 13801 MHz, 0x0000000000000000, 373.90 W, 95 %
2026/09/30 14:19:56.975, 2910 MHz, 13801 MHz, 0x0000000000000000, 373.97 W, 95 %
2026/09/30 14:19:57.483, 2895 MHz, 13801 MHz, 0x0000000000000000, 360.33 W, 95 %
2026/09/30 14:19:57.987, 2910 MHz, 13801 MHz, 0x0000000000000000, 360.74 W, 95 %
2026/09/30 14:19:58.497, 2910 MHz, 13801 MHz, 0x0000000000000000, 374.87 W, 95 %
2026/09/30 14:19:59.002, 2880 MHz, 13801 MHz, 0x0000000000000000, 366.96 W, 95 %
2026/09/30 14:19:59.508, 2910 MHz, 13801 MHz, 0x0000000000000000, 367.04 W, 95 %
2026/09/30 14:20:00.013, 2910 MHz, 13801 MHz, 0x0000000000000000, 373.48 W, 95 %
2026/09/30 14:20:00.518, 2895 MHz, 13801 MHz, 0x0000000000000000, 365.08 W, 94 %
2026/09/30 14:20:01.020, 2895 MHz, 13801 MHz, 0x0000000000000000, 364.79 W, 94 %
2026/09/30 14:20:01.525, 2895 MHz, 13801 MHz, 0x0000000000000000, 372.43 W, 95 %
2026/09/30 14:20:02.032, 2895 MHz, 13801 MHz, 0x0000000000000000, 364.23 W, 46 %
2026/09/30 14:20:02.536, 2902 MHz, 13801 MHz, 0x0000000000000000, 362.17 W, 95 %
2026/09/30 14:20:03.044, 2895 MHz, 13801 MHz, 0x0000000000000000, 367.85 W, 94 %
2026/09/30 14:20:03.547, 2895 MHz, 13801 MHz, 0x0000000000000000, 372.11 W, 95 %
2026/09/30 14:20:04.055, 2895 MHz, 13801 MHz, 0x0000000000000000, 368.77 W, 47 %
2026/09/30 14:20:04.559, 2902 MHz, 13801 MHz, 0x0000000000000000, 368.28 W, 95 %
2026/09/30 14:20:05.064, 2895 MHz, 13801 MHz, 0x0000000000000000, 372.74 W, 95 %
2026/09/30 14:20:05.570, 2895 MHz, 13801 MHz, 0x0000000000000000, 372.97 W, 95 %
2026/09/30 14:20:06.076, 2895 MHz, 13801 MHz, 0x0000000000000000, 368.08 W, 73 %
2026/09/30 14:20:06.582, 2895 MHz, 13801 MHz, 0x0000000000000000, 368.94 W, 94 %
2026/09/30 14:20:07.089, 2895 MHz, 13801 MHz, 0x0000000000000000, 368.42 W, 93 %
2026/09/30 14:20:07.590, 2895 MHz, 13801 MHz, 0x0000000000000000, 371.72 W, 94 %
2026/09/30 14:20:08.096, 2880 MHz, 13801 MHz, 0x0000000000000000, 369.08 W, 94 %
2026/09/30 14:20:08.599, 2895 MHz, 13801 MHz, 0x0000000000000000, 369.73 W, 95 %
2026/09/30 14:20:09.108, 2895 MHz, 13801 MHz, 0x0000000000000000, 373.05 W, 95 %
2026/09/30 14:20:09.612, 2880 MHz, 13801 MHz, 0x0000000000000000, 367.78 W, 93 %
2026/09/30 14:20:10.119, 2902 MHz, 13801 MHz, 0x0000000000000000, 367.87 W, 95 %
2026/09/30 14:20:10.629, 2895 MHz, 13801 MHz, 0x0000000000000000, 373.07 W, 95 %
2026/09/30 14:20:11.137, 2895 MHz, 13801 MHz, 0x0000000000000000, 373.76 W, 95 %
2026/09/30 14:20:11.647, 2872 MHz, 13801 MHz, 0x0000000000000000, 369.11 W, 94 %
2026/09/30 14:20:12.154, 2895 MHz, 13801 MHz, 0x0000000000000000, 366.23 W, 94 %
2026/09/30 14:20:12.661, 2895 MHz, 13801 MHz, 0x0000000000000000, 371.00 W, 94 %
2026/09/30 14:20:13.168, 2895 MHz, 13801 MHz, 0x0000000000000000, 373.83 W, 95 %
2026/09/30 14:20:13.677, 2895 MHz, 13801 MHz, 0x0000000000000000, 367.44 W, 95 %
2026/09/30 14:20:14.187, 2910 MHz, 13801 MHz, 0x0000000000000000, 368.15 W, 95 %
2026/09/30 14:20:14.695, 2910 MHz, 13801 MHz, 0x0000000000000000, 375.30 W, 95 %
2026/09/30 14:20:15.209, 2910 MHz, 13801 MHz, 0x0000000000000000, 370.31 W, 67 %
2026/09/30 14:20:15.715, 2902 MHz, 13801 MHz, 0x0000000000000000, 370.27 W, 95 %
2026/09/30 14:20:16.218, 2895 MHz, 13801 MHz, 0x0000000000000000, 369.89 W, 95 %
2026/09/30 14:20:16.726, 2895 MHz, 13801 MHz, 0x0000000000000000, 374.49 W, 95 %
2026/09/30 14:20:17.234, 2872 MHz, 13801 MHz, 0x0000000000000000, 369.00 W, 95 %
2026/09/30 14:20:17.741, 2902 MHz, 13801 MHz, 0x0000000000000000, 368.73 W, 95 %
2026/09/30 14:20:18.246, 2902 MHz, 13801 MHz, 0x0000000000000000, 373.80 W, 95 %
2026/09/30 14:20:18.753, 2895 MHz, 13801 MHz, 0x0000000000000000, 369.35 W, 50 %
2026/09/30 14:20:19.258, 2910 MHz, 13801 MHz, 0x0000000000000000, 369.41 W, 95 %
2026/09/30 14:20:19.762, 2910 MHz, 13801 MHz, 0x0000000000000000, 373.52 W, 95 %
2026/09/30 14:20:20.269, 2910 MHz, 13801 MHz, 0x0000000000000000, 374.55 W, 94 %
2026/09/30 14:20:20.774, 2872 MHz, 13801 MHz, 0x0000000000000000, 371.21 W, 94 %
2026/09/30 14:20:21.282, 2895 MHz, 13801 MHz, 0x0000000000000000, 371.25 W, 94 %
2026/09/30 14:20:21.789, 2895 MHz, 13801 MHz, 0x0000000000000000, 374.01 W, 95 %
2026/09/30 14:20:22.297, 2880 MHz, 13801 MHz, 0x0000000000000000, 367.53 W, 94 %
2026/09/30 14:20:22.799, 2910 MHz, 13801 MHz, 0x0000000000000000, 368.44 W, 94 %
2026/09/30 14:20:23.305, 2910 MHz, 13801 MHz, 0x0000000000000000, 375.04 W, 95 %
2026/09/30 14:20:23.810, 2910 MHz, 13801 MHz, 0x0000000000000000, 368.92 W, 47 %
2026/09/30 14:20:24.316, 2902 MHz, 13801 MHz, 0x0000000000000000, 369.25 W, 95 %
2026/09/30 14:20:24.823, 2895 MHz, 13801 MHz, 0x0000000000000000, 371.68 W, 94 %
2026/09/30 14:20:25.327, 2895 MHz, 13801 MHz, 0x0000000000000000, 373.23 W, 95 %
2026/09/30 14:20:25.832, 2880 MHz, 13801 MHz, 0x0000000000000000, 370.36 W, 95 %
2026/09/30 14:20:26.338, 2895 MHz, 13801 MHz, 0x0000000000000000, 371.38 W, 95 %
2026/09/30 14:20:26.845, 2895 MHz, 13801 MHz, 0x0000000000000000, 374.56 W, 94 %
2026/09/30 14:20:27.352, 2895 MHz, 13801 MHz, 0x0000000000000000, 368.19 W, 51 %
2026/09/30 14:20:27.858, 2902 MHz, 13801 MHz, 0x0000000000000000, 368.43 W, 93 %
2026/09/30 14:20:28.360, 2895 MHz, 13801 MHz, 0x0000000000000000, 372.13 W, 95 %
2026/09/30 14:20:28.868, 2895 MHz, 13801 MHz, 0x0000000000000000, 374.14 W, 95 %
2026/09/30 14:20:29.373, 2872 MHz, 13801 MHz, 0x0000000000000000, 369.41 W, 95 %
2026/09/30 14:20:29.878, 2902 MHz, 13801 MHz, 0x0000000000000000, 370.19 W, 95 %
2026/09/30 14:20:30.385, 2902 MHz, 13801 MHz, 0x0000000000000000, 374.95 W, 95 %
2026/09/30 14:20:30.891, 2880 MHz, 13801 MHz, 0x0000000000000000, 361.28 W, 94 %
2026/09/30 14:20:31.405, 2895 MHz, 13801 MHz, 0x0000000000000000, 361.58 W, 95 %
2026/09/30 14:20:31.910, 2902 MHz, 13801 MHz, 0x0000000000000000, 375.11 W, 95 %
2026/09/30 14:20:32.415, 2895 MHz, 13801 MHz, 0x0000000000000000, 374.85 W, 95 %
2026/09/30 14:20:32.918, 2887 MHz, 13801 MHz, 0x0000000000000000, 365.84 W, 72 %
2026/09/30 14:20:33.420, 2902 MHz, 13801 MHz, 0x0000000000000000, 366.99 W, 94 %
2026/09/30 14:20:33.922, 2895 MHz, 13801 MHz, 0x0000000000000000, 373.60 W, 95 %
2026/09/30 14:20:34.427, 2895 MHz, 13801 MHz, 0x0000000000000000, 375.09 W, 95 %
2026/09/30 14:20:34.934, 2887 MHz, 13801 MHz, 0x0000000000000000, 374.20 W, 95 %
2026/09/30 14:20:35.439, 2895 MHz, 13801 MHz, 0x0000000000000000, 374.08 W, 95 %
2026/09/30 14:20:35.944, 2895 MHz, 13801 MHz, 0x0000000000000000, 374.65 W, 94 %
2026/09/30 14:20:36.448, 2902 MHz, 13801 MHz, 0x0000000000000000, 365.08 W, 95 %
2026/09/30 14:20:36.950, 2910 MHz, 13801 MHz, 0x0000000000000000, 365.06 W, 95 %
2026/09/30 14:20:37.455, 2910 MHz, 13801 MHz, 0x0000000000000000, 375.14 W, 95 %
2026/09/30 14:20:37.962, 2910 MHz, 13801 MHz, 0x0000000000000000, 368.77 W, 52 %
2026/09/30 14:20:38.466, 2902 MHz, 13801 MHz, 0x0000000000000000, 368.87 W, 95 %
2026/09/30 14:20:38.966, 2895 MHz, 13801 MHz, 0x0000000000000000, 374.78 W, 95 %
2026/09/30 14:20:39.474, 2895 MHz, 13801 MHz, 0x0000000000000000, 375.08 W, 95 %
2026/09/30 14:20:39.978, 2902 MHz, 13801 MHz, 0x0000000000000000, 364.69 W, 95 %
2026/09/30 14:20:40.482, 2910 MHz, 13801 MHz, 0x0000000000000000, 363.74 W, 95 %
2026/09/30 14:20:40.989, 2910 MHz, 13801 MHz, 0x0000000000000000, 374.57 W, 91 %
2026/09/30 14:20:41.494, 2887 MHz, 13801 MHz, 0x0000000000000000, 372.42 W, 95 %
2026/09/30 14:20:41.997, 2895 MHz, 13801 MHz, 0x0000000000000000, 373.16 W, 95 %
2026/09/30 14:20:42.500, 2895 MHz, 13801 MHz, 0x0000000000000000, 372.00 W, 77 %
2026/09/30 14:20:43.003, 2902 MHz, 13801 MHz, 0x0000000000000000, 365.63 W, 95 %
2026/09/30 14:20:43.505, 2910 MHz, 13801 MHz, 0x0000000000000000, 369.24 W, 95 %
2026/09/30 14:20:44.011, 2910 MHz, 13801 MHz, 0x0000000000000000, 375.14 W, 95 %
2026/09/30 14:20:44.514, 2902 MHz, 13801 MHz, 0x0000000000000000, 369.39 W, 95 %
2026/09/30 14:20:45.029, 2895 MHz, 13801 MHz, 0x0000000000000000, 375.82 W, 95 %
2026/09/30 14:20:45.533, 2895 MHz, 13801 MHz, 0x0000000000000000, 372.79 W, 54 %
2026/09/30 14:20:46.040, 2910 MHz, 13801 MHz, 0x0000000000000000, 366.58 W, 94 %
2026/09/30 14:20:46.543, 2910 MHz, 13801 MHz, 0x0000000000000000, 366.45 W, 94 %
2026/09/30 14:20:47.047, 2910 MHz, 13801 MHz, 0x0000000000000000, 375.17 W, 94 %
2026/09/30 14:20:47.554, 2872 MHz, 13801 MHz, 0x0000000000000000, 366.75 W, 95 %
2026/09/30 14:20:48.057, 2895 MHz, 13801 MHz, 0x0000000000000000, 367.89 W, 95 %
2026/09/30 14:20:48.561, 2895 MHz, 13801 MHz, 0x0000000000000000, 375.47 W, 94 %
2026/09/30 14:20:49.065, 2895 MHz, 13801 MHz, 0x0000000000000000, 375.41 W, 91 %
2026/09/30 14:20:49.567, 2895 MHz, 13801 MHz, 0x0000000000000000, 370.90 W, 95 %
2026/09/30 14:20:50.072, 2895 MHz, 13801 MHz, 0x0000000000000000, 370.71 W, 95 %
2026/09/30 14:20:50.576, 2895 MHz, 13801 MHz, 0x0000000000000000, 375.37 W, 95 %
2026/09/30 14:20:51.082, 2872 MHz, 13801 MHz, 0x0000000000000000, 368.03 W, 95 %
2026/09/30 14:20:51.588, 2895 MHz, 13801 MHz, 0x0000000000000000, 368.14 W, 94 %
2026/09/30 14:20:52.089, 2895 MHz, 13801 MHz, 0x0000000000000000, 374.52 W, 95 %
2026/09/30 14:20:52.593, 2895 MHz, 13801 MHz, 0x0000000000000000, 374.77 W, 95 %
2026/09/30 14:20:53.099, 2887 MHz, 13801 MHz, 0x0000000000000000, 372.09 W, 95 %
2026/09/30 14:20:53.603, 2895 MHz, 13801 MHz, 0x0000000000000000, 372.21 W, 95 %
2026/09/30 14:20:54.110, 2895 MHz, 13801 MHz, 0x0000000000000000, 375.50 W, 95 %
2026/09/30 14:20:54.617, 2880 MHz, 13801 MHz, 0x0000000000000000, 370.37 W, 89 %
2026/09/30 14:20:55.125, 2895 MHz, 13801 MHz, 0x0000000000000000, 370.95 W, 95 %
2026/09/30 14:20:55.633, 2895 MHz, 13801 MHz, 0x0000000000000000, 374.12 W, 95 %
2026/09/30 14:20:56.138, 2895 MHz, 13801 MHz, 0x0000000000000000, 375.65 W, 95 %
2026/09/30 14:20:56.648, 2895 MHz, 13801 MHz, 0x0000000000000000, 363.91 W, 45 %
2026/09/30 14:20:57.154, 2895 MHz, 13801 MHz, 0x0000000000000000, 362.14 W, 95 %
2026/09/30 14:20:57.659, 2895 MHz, 13801 MHz, 0x0000000000000000, 374.84 W, 95 %
2026/09/30 14:20:58.165, 2895 MHz, 13801 MHz, 0x0000000000000000, 374.94 W, 95 %
2026/09/30 14:20:58.668, 2880 MHz, 13801 MHz, 0x0000000000000000, 370.70 W, 95 %
2026/09/30 14:20:59.173, 2902 MHz, 13801 MHz, 0x0000000000000000, 371.33 W, 95 %
2026/09/30 14:20:59.677, 2895 MHz, 13801 MHz, 0x0000000000000000, 375.88 W, 95 %
2026/09/30 14:21:00.182, 2902 MHz, 13801 MHz, 0x0000000000000000, 375.84 W, 95 %
2026/09/30 14:21:00.686, 2880 MHz, 13801 MHz, 0x0000000000000000, 365.80 W, 95 %
2026/09/30 14:21:01.192, 2895 MHz, 13801 MHz, 0x0000000000000000, 364.55 W, 95 %
2026/09/30 14:21:01.697, 2895 MHz, 13801 MHz, 0x0000000000000000, 375.66 W, 95 %
2026/09/30 14:21:02.206, 2887 MHz, 13801 MHz, 0x0000000000000000, 366.59 W, 83 %
2026/09/30 14:21:02.712, 2895 MHz, 13801 MHz, 0x0000000000000000, 366.06 W, 95 %
2026/09/30 14:21:03.217, 2902 MHz, 13801 MHz, 0x0000000000000000, 373.43 W, 95 %
2026/09/30 14:21:03.731, 2917 MHz, 13801 MHz, 0x0000000000000000, 285.43 W, 0 %
2026/09/30 14:21:04.241, 2925 MHz, 13801 MHz, 0x0000000000000000, 146.98 W, 0 %
2026/09/30 14:21:04.751, 2925 MHz, 13801 MHz, 0x0000000000000000, 98.29 W, 0 %
2026/09/30 14:21:05.263, 2925 MHz, 13801 MHz, 0x0000000000000000, 93.32 W, 0 %
2026/09/30 14:21:05.779, 720 MHz, 7001 MHz, 0x0000000000000000, 67.72 W, 0 %
2026/09/30 14:21:06.292, 570 MHz, 7001 MHz, 0x0000000000000000, 38.85 W, 0 %
2026/09/30 14:21:06.805, 442 MHz, 7001 MHz, 0x0000000000000000, 36.92 W, 0 %
2026/09/30 14:21:07.317, 352 MHz, 7001 MHz, 0x0000000000000000, 36.72 W, 0 %
2026/09/30 14:21:07.831, 277 MHz, 7001 MHz, 0x0000000000000000, 36.59 W, 0 %
2026/09/30 14:21:08.341, 225 MHz, 7001 MHz, 0x0000000000000000, 36.58 W, 0 %
2026/09/30 14:21:08.842, 180 MHz, 7001 MHz, 0x0000000000000000, 36.58 W, 0 %
2026/09/30 14:21:09.354, 180 MHz, 7001 MHz, 0x0000000000000000, 36.59 W, 0 %
2026/09/30 14:21:09.862, 180 MHz, 810 MHz, 0x0000000000000000, 34.10 W, 0 %
2026/09/30 14:21:10.373, 187 MHz, 810 MHz, 0x0000000000000000, 27.70 W, 0 %
2026/09/30 14:21:10.888, 187 MHz, 810 MHz, 0x0000000000000000, 22.75 W, 0 %
2026/09/30 14:21:11.403, 202 MHz, 810 MHz, 0x0000000000000000, 20.79 W, 0 %
2026/09/30 14:21:11.904, 187 MHz, 405 MHz, 0x0000000000000000, 18.13 W, 0 %
2026/09/30 14:21:12.416, 187 MHz, 405 MHz, 0x0000000000000000, 16.58 W, 0 %
2026/09/30 14:21:12.929, 187 MHz, 405 MHz, 0x0000000000000000, 16.18 W, 0 %
2026/09/30 14:21:13.438, 187 MHz, 405 MHz, 0x0000000000000000, 15.84 W, 0 %
2026/09/30 14:21:13.949, 202 MHz, 405 MHz, 0x0000000000000000, 15.96 W, 0 %
2026/09/30 14:21:14.462, 187 MHz, 405 MHz, 0x0000000000000000, 15.93 W, 0 %
2026/09/30 14:21:14.974, 187 MHz, 405 MHz, 0x0000000000000000, 15.63 W, 0 %
2026/09/30 14:21:15.486, 187 MHz, 405 MHz, 0x0000000000000000, 15.79 W, 0 %
2026/09/30 14:21:15.997, 180 MHz, 405 MHz, 0x0000000000000000, 15.74 W, 0 %
2026/09/30 14:21:16.512, 180 MHz, 405 MHz, 0x0000000000000000, 15.58 W, 0 %
2026/09/30 14:21:17.022, 180 MHz, 405 MHz, 0x0000000000000000, 15.60 W, 0 %
2026/09/30 14:21:17.533, 180 MHz, 405 MHz, 0x0000000000000000, 15.58 W, 0 %
2026/09/30 14:21:18.044, 180 MHz, 405 MHz, 0x0000000000000000, 15.54 W, 0 %
2026/09/30 14:21:18.551, 180 MHz, 405 MHz, 0x0000000000000000, 15.35 W, 0 %
2026/09/30 14:21:19.066, 180 MHz, 405 MHz, 0x0000000000000000, 15.26 W, 0 %
2026/09/30 14:21:19.576, 180 MHz, 405 MHz, 0x0000000000000000, 15.16 W, 0 %
2026/09/30 14:21:20.085, 187 MHz, 405 MHz, 0x0000000000000000, 15.07 W, 0 %
2026/09/30 14:21:20.592, 187 MHz, 405 MHz, 0x0000000000000000, 15.00 W, 0 %
2026/09/30 14:21:21.103, 187 MHz, 405 MHz, 0x0000000000000000, 15.08 W, 0 %
2026/09/30 14:21:21.614, 187 MHz, 405 MHz, 0x0000000000000000, 15.10 W, 0 %
2026/09/30 14:21:22.125, 187 MHz, 405 MHz, 0x0000000000000000, 14.70 W, 0 %
2026/09/30 14:21:22.631, 187 MHz, 405 MHz, 0x0000000000000000, 14.64 W, 0 %
2026/09/30 14:21:23.143, 187 MHz, 405 MHz, 0x0000000000000000, 14.74 W, 0 %
2026/09/30 14:21:23.657, 187 MHz, 405 MHz, 0x0000000000000000, 14.66 W, 0 %
2026/09/30 14:21:24.171, 187 MHz, 405 MHz, 0x0000000000000000, 14.54 W, 0 %
2026/09/30 14:21:24.681, 187 MHz, 405 MHz, 0x0000000000000000, 14.50 W, 0 %
2026/09/30 14:21:25.196, 180 MHz, 405 MHz, 0x0000000000000000, 14.35 W, 0 %
2026/09/30 14:21:25.697, 180 MHz, 405 MHz, 0x0000000000000000, 14.16 W, 0 %
2026/09/30 14:21:26.203, 180 MHz, 405 MHz, 0x0000000000000000, 14.17 W, 0 %
2026/09/30 14:21:26.712, 180 MHz, 405 MHz, 0x0000000000000000, 14.18 W, 0 %
2026/09/30 14:21:27.221, 180 MHz, 405 MHz, 0x0000000000000000, 14.26 W, 0 %
2026/09/30 14:21:27.733, 180 MHz, 405 MHz, 0x0000000000000000, 14.41 W, 0 %
2026/09/30 14:21:28.246, 180 MHz, 405 MHz, 0x0000000000000000, 14.16 W, 0 %
2026/09/30 14:21:28.758, 180 MHz, 405 MHz, 0x0000000000000000, 14.06 W, 0 %
2026/09/30 14:21:29.266, 187 MHz, 405 MHz, 0x0000000000000000, 13.95 W, 0 %
2026/09/30 14:21:29.781, 187 MHz, 405 MHz, 0x0000000000000000, 13.73 W, 0 %
2026/09/30 14:21:30.296, 187 MHz, 405 MHz, 0x0000000000000000, 13.64 W, 0 %
2026/09/30 14:21:30.805, 187 MHz, 405 MHz, 0x0000000000000000, 13.66 W, 0 %
2026/09/30 14:21:31.317, 187 MHz, 405 MHz, 0x0000000000000000, 13.76 W, 0 %
2026/09/30 14:21:31.817, 187 MHz, 405 MHz, 0x0000000000000000, 13.59 W, 0 %
2026/09/30 14:21:32.331, 187 MHz, 405 MHz, 0x0000000000000000, 13.48 W, 0 %
2026/09/30 14:21:32.831, 187 MHz, 405 MHz, 0x0000000000000000, 13.53 W, 0 %
2026/09/30 14:21:33.345, 180 MHz, 405 MHz, 0x0000000000000000, 13.47 W, 0 %
2026/09/30 14:21:33.859, 180 MHz, 405 MHz, 0x0000000000000000, 13.52 W, 0 %
2026/09/30 14:21:34.367, 180 MHz, 405 MHz, 0x0000000000000000, 13.55 W, 0 %
2026/09/30 14:21:34.876, 180 MHz, 405 MHz, 0x0000000000000000, 13.51 W, 0 %
2026/09/30 14:21:35.385, 180 MHz, 405 MHz, 0x0000000000000000, 13.27 W, 0 %
2026/09/30 14:21:35.897, 180 MHz, 405 MHz, 0x0000000000000000, 13.13 W, 0 %
2026/09/30 14:21:36.409, 180 MHz, 405 MHz, 0x0000000000000000, 13.12 W, 0 %
2026/09/30 14:21:36.922, 180 MHz, 405 MHz, 0x0000000000000000, 13.17 W, 0 %
2026/09/30 14:21:37.430, 180 MHz, 405 MHz, 0x0000000000000000, 16.06 W, 31 %
2026/09/30 14:21:37.936, 2887 MHz, 13801 MHz, 0x0000000000000000, 157.39 W, 95 %
2026/09/30 14:21:38.439, 2910 MHz, 13801 MHz, 0x0000000000000000, 316.47 W, 95 %
2026/09/30 14:21:38.946, 2910 MHz, 13801 MHz, 0x0000000000000000, 363.10 W, 95 %
2026/09/30 14:21:39.451, 2895 MHz, 13801 MHz, 0x0000000000000000, 357.37 W, 92 %
2026/09/30 14:21:39.955, 2910 MHz, 13801 MHz, 0x0000000000000000, 358.09 W, 95 %
2026/09/30 14:21:40.460, 2910 MHz, 13801 MHz, 0x0000000000000000, 364.90 W, 95 %
2026/09/30 14:21:40.968, 2910 MHz, 13801 MHz, 0x0000000000000000, 364.35 W, 95 %
2026/09/30 14:21:41.471, 2895 MHz, 13801 MHz, 0x0000000000000000, 361.22 W, 95 %
2026/09/30 14:21:41.976, 2910 MHz, 13801 MHz, 0x0000000000000000, 361.14 W, 95 %
2026/09/30 14:21:42.481, 2910 MHz, 13801 MHz, 0x0000000000000000, 365.04 W, 95 %
2026/09/30 14:21:42.985, 2887 MHz, 13801 MHz, 0x0000000000000000, 362.33 W, 95 %
2026/09/30 14:21:43.491, 2910 MHz, 13801 MHz, 0x0000000000000000, 362.63 W, 95 %
2026/09/30 14:21:43.999, 2910 MHz, 13801 MHz, 0x0000000000000000, 365.75 W, 95 %
2026/09/30 14:21:44.504, 2910 MHz, 13801 MHz, 0x0000000000000000, 363.02 W, 59 %
2026/09/30 14:21:45.008, 2910 MHz, 13801 MHz, 0x0000000000000000, 363.84 W, 95 %
2026/09/30 14:21:45.514, 2910 MHz, 13801 MHz, 0x0000000000000000, 363.97 W, 95 %
2026/09/30 14:21:46.018, 2910 MHz, 13801 MHz, 0x0000000000000000, 365.92 W, 95 %
2026/09/30 14:21:46.523, 2887 MHz, 13801 MHz, 0x0000000000000000, 363.64 W, 95 %
2026/09/30 14:21:47.028, 2910 MHz, 13801 MHz, 0x0000000000000000, 364.01 W, 95 %
2026/09/30 14:21:47.534, 2887 MHz, 13801 MHz, 0x0000000000000000, 362.36 W, 95 %
2026/09/30 14:21:48.037, 2910 MHz, 13801 MHz, 0x0000000000000000, 362.55 W, 94 %
2026/09/30 14:21:48.543, 2910 MHz, 13801 MHz, 0x0000000000000000, 366.39 W, 95 %
2026/09/30 14:21:49.048, 2910 MHz, 13801 MHz, 0x0000000000000000, 364.06 W, 63 %
2026/09/30 14:21:49.552, 2910 MHz, 13801 MHz, 0x0000000000000000, 362.32 W, 95 %
2026/09/30 14:21:50.056, 2910 MHz, 13801 MHz, 0x0000000000000000, 363.12 W, 95 %
2026/09/30 14:21:50.560, 2910 MHz, 13801 MHz, 0x0000000000000000, 363.60 W, 74 %
2026/09/30 14:21:51.065, 2910 MHz, 13801 MHz, 0x0000000000000000, 364.75 W, 95 %
2026/09/30 14:21:51.571, 2910 MHz, 13801 MHz, 0x0000000000000000, 364.71 W, 95 %
2026/09/30 14:21:52.074, 2910 MHz, 13801 MHz, 0x0000000000000000, 367.16 W, 95 %
2026/09/30 14:21:52.580, 2902 MHz, 13801 MHz, 0x0000000000000000, 367.21 W, 67 %
2026/09/30 14:21:53.083, 2910 MHz, 13801 MHz, 0x0000000000000000, 367.75 W, 95 %
2026/09/30 14:21:53.587, 2910 MHz, 13801 MHz, 0x0000000000000000, 368.20 W, 95 %
2026/09/30 14:21:54.089, 2910 MHz, 13801 MHz, 0x0000000000000000, 368.43 W, 95 %
2026/09/30 14:21:54.594, 2895 MHz, 13801 MHz, 0x0000000000000000, 367.94 W, 95 %
2026/09/30 14:21:55.097, 2910 MHz, 13801 MHz, 0x0000000000000000, 368.37 W, 95 %
2026/09/30 14:21:55.604, 2910 MHz, 13801 MHz, 0x0000000000000000, 369.36 W, 95 %
2026/09/30 14:21:56.109, 2887 MHz, 13801 MHz, 0x0000000000000000, 367.69 W, 95 %
2026/09/30 14:21:56.614, 2910 MHz, 13801 MHz, 0x0000000000000000, 367.68 W, 95 %
2026/09/30 14:21:57.119, 2910 MHz, 13801 MHz, 0x0000000000000000, 369.55 W, 95 %
2026/09/30 14:21:57.624, 2910 MHz, 13801 MHz, 0x0000000000000000, 366.67 W, 65 %
2026/09/30 14:21:58.128, 2910 MHz, 13801 MHz, 0x0000000000000000, 370.27 W, 96 %
2026/09/30 14:21:58.636, 2910 MHz, 13801 MHz, 0x0000000000000000, 370.20 W, 95 %
2026/09/30 14:21:59.144, 2910 MHz, 13801 MHz, 0x0000000000000000, 369.24 W, 95 %
2026/09/30 14:21:59.654, 2887 MHz, 13801 MHz, 0x0000000000000000, 365.62 W, 95 %
2026/09/30 14:22:00.161, 2910 MHz, 13801 MHz, 0x0000000000000000, 366.33 W, 95 %
2026/09/30 14:22:00.665, 2910 MHz, 13801 MHz, 0x0000000000000000, 369.10 W, 95 %
2026/09/30 14:22:01.173, 2910 MHz, 13801 MHz, 0x0000000000000000, 368.94 W, 95 %
2026/09/30 14:22:01.679, 2895 MHz, 13801 MHz, 0x0000000000000000, 363.74 W, 95 %
2026/09/30 14:22:02.185, 2910 MHz, 13801 MHz, 0x0000000000000000, 363.24 W, 95 %
2026/09/30 14:22:02.690, 2910 MHz, 13801 MHz, 0x0000000000000000, 369.27 W, 95 %
2026/09/30 14:22:03.196, 2910 MHz, 13801 MHz, 0x0000000000000000, 369.29 W, 95 %
2026/09/30 14:22:03.703, 2880 MHz, 13801 MHz, 0x0000000000000000, 358.80 W, 95 %
2026/09/30 14:22:04.209, 2910 MHz, 13801 MHz, 0x0000000000000000, 358.17 W, 95 %
2026/09/30 14:22:04.716, 2910 MHz, 13801 MHz, 0x0000000000000000, 370.06 W, 95 %
2026/09/30 14:22:05.224, 2880 MHz, 13801 MHz, 0x0000000000000000, 359.26 W, 95 %
2026/09/30 14:22:05.729, 2910 MHz, 13801 MHz, 0x0000000000000000, 358.14 W, 95 %
2026/09/30 14:22:06.234, 2910 MHz, 13801 MHz, 0x0000000000000000, 369.50 W, 94 %
2026/09/30 14:22:06.744, 2910 MHz, 13801 MHz, 0x0000000000000000, 363.77 W, 70 %
2026/09/30 14:22:07.247, 2910 MHz, 13801 MHz, 0x0000000000000000, 356.14 W, 95 %
2026/09/30 14:22:07.752, 2910 MHz, 13801 MHz, 0x0000000000000000, 357.44 W, 95 %
2026/09/30 14:22:08.255, 2910 MHz, 13801 MHz, 0x0000000000000000, 369.86 W, 95 %
2026/09/30 14:22:08.761, 2887 MHz, 13801 MHz, 0x0000000000000000, 362.42 W, 73 %
2026/09/30 14:22:09.267, 2910 MHz, 13801 MHz, 0x0000000000000000, 363.05 W, 95 %
2026/09/30 14:22:09.773, 2910 MHz, 13801 MHz, 0x0000000000000000, 371.30 W, 95 %
2026/09/30 14:22:10.279, 2887 MHz, 13801 MHz, 0x0000000000000000, 361.05 W, 95 %
2026/09/30 14:22:10.784, 2910 MHz, 13801 MHz, 0x0000000000000000, 360.39 W, 95 %
2026/09/30 14:22:11.291, 2910 MHz, 13801 MHz, 0x0000000000000000, 371.90 W, 95 %
2026/09/30 14:22:11.798, 2910 MHz, 13801 MHz, 0x0000000000000000, 372.31 W, 95 %
2026/09/30 14:22:12.301, 2895 MHz, 13801 MHz, 0x0000000000000000, 351.73 W, 93 %
2026/09/30 14:22:12.807, 2910 MHz, 13801 MHz, 0x0000000000000000, 353.32 W, 95 %
2026/09/30 14:22:13.315, 2910 MHz, 13801 MHz, 0x0000000000000000, 370.82 W, 95 %
2026/09/30 14:22:13.822, 2895 MHz, 13801 MHz, 0x0000000000000000, 363.87 W, 67 %
2026/09/30 14:22:14.327, 2910 MHz, 13801 MHz, 0x0000000000000000, 364.11 W, 95 %
2026/09/30 14:22:14.832, 2910 MHz, 13801 MHz, 0x0000000000000000, 371.17 W, 95 %
2026/09/30 14:22:15.338, 2910 MHz, 13801 MHz, 0x0000000000000000, 367.97 W, 51 %
2026/09/30 14:22:15.842, 2910 MHz, 13801 MHz, 0x0000000000000000, 366.23 W, 95 %
2026/09/30 14:22:16.346, 2910 MHz, 13801 MHz, 0x0000000000000000, 370.35 W, 94 %
2026/09/30 14:22:16.852, 2910 MHz, 13801 MHz, 0x0000000000000000, 371.53 W, 95 %
2026/09/30 14:22:17.358, 2880 MHz, 13801 MHz, 0x0000000000000000, 360.63 W, 95 %
2026/09/30 14:22:17.863, 2910 MHz, 13801 MHz, 0x0000000000000000, 361.87 W, 94 %
2026/09/30 14:22:18.368, 2910 MHz, 13801 MHz, 0x0000000000000000, 371.74 W, 95 %
2026/09/30 14:22:18.874, 2887 MHz, 13801 MHz, 0x0000000000000000, 370.14 W, 95 %
2026/09/30 14:22:19.380, 2910 MHz, 13801 MHz, 0x0000000000000000, 370.52 W, 95 %
2026/09/30 14:22:19.887, 2910 MHz, 13801 MHz, 0x0000000000000000, 372.62 W, 95 %
2026/09/30 14:22:20.392, 2910 MHz, 13801 MHz, 0x0000000000000000, 368.89 W, 56 %
2026/09/30 14:22:20.899, 2910 MHz, 13801 MHz, 0x0000000000000000, 365.11 W, 95 %
2026/09/30 14:22:21.401, 2910 MHz, 13801 MHz, 0x0000000000000000, 365.20 W, 95 %
2026/09/30 14:22:21.910, 2910 MHz, 13801 MHz, 0x0000000000000000, 372.75 W, 95 %
2026/09/30 14:22:22.415, 2880 MHz, 13801 MHz, 0x0000000000000000, 370.13 W, 95 %
2026/09/30 14:22:22.921, 2910 MHz, 13801 MHz, 0x0000000000000000, 370.31 W, 94 %
2026/09/30 14:22:23.428, 2910 MHz, 13801 MHz, 0x0000000000000000, 373.54 W, 95 %
2026/09/30 14:22:23.934, 2910 MHz, 13801 MHz, 0x0000000000000000, 372.99 W, 87 %
2026/09/30 14:22:24.440, 2887 MHz, 13801 MHz, 0x0000000000000000, 373.17 W, 95 %
2026/09/30 14:22:24.947, 2910 MHz, 13801 MHz, 0x0000000000000000, 373.99 W, 95 %
2026/09/30 14:22:25.455, 2910 MHz, 13801 MHz, 0x0000000000000000, 374.60 W, 95 %
2026/09/30 14:22:25.961, 2880 MHz, 13801 MHz, 0x0000000000000000, 371.44 W, 95 %
2026/09/30 14:22:26.469, 2895 MHz, 13801 MHz, 0x0000000000000000, 371.27 W, 95 %
2026/09/30 14:22:26.974, 2895 MHz, 13801 MHz, 0x0000000000000000, 374.45 W, 95 %
2026/09/30 14:22:27.484, 2895 MHz, 13801 MHz, 0x0000000000000000, 374.34 W, 95 %
2026/09/30 14:22:27.990, 2887 MHz, 13801 MHz, 0x0000000000000000, 367.18 W, 95 %
2026/09/30 14:22:28.500, 2910 MHz, 13801 MHz, 0x0000000000000000, 366.66 W, 95 %
2026/09/30 14:22:29.010, 2910 MHz, 13801 MHz, 0x0000000000000000, 371.94 W, 80 %
2026/09/30 14:22:29.515, 2910 MHz, 13801 MHz, 0x0000000000000000, 364.27 W, 95 %
2026/09/30 14:22:30.019, 2910 MHz, 13801 MHz, 0x0000000000000000, 364.93 W, 95 %
2026/09/30 14:22:30.529, 2910 MHz, 13801 MHz, 0x0000000000000000, 374.20 W, 95 %
2026/09/30 14:22:31.036, 2895 MHz, 13801 MHz, 0x0000000000000000, 359.20 W, 95 %
2026/09/30 14:22:31.543, 2895 MHz, 13801 MHz, 0x0000000000000000, 374.55 W, 95 %
2026/09/30 14:22:32.048, 2895 MHz, 13801 MHz, 0x0000000000000000, 374.71 W, 95 %
2026/09/30 14:22:32.556, 2880 MHz, 13801 MHz, 0x0000000000000000, 363.31 W, 95 %
2026/09/30 14:22:33.063, 2895 MHz, 13801 MHz, 0x0000000000000000, 362.25 W, 95 %
2026/09/30 14:22:33.569, 2895 MHz, 13801 MHz, 0x0000000000000000, 374.54 W, 95 %
2026/09/30 14:22:34.079, 2880 MHz, 13801 MHz, 0x0000000000000000, 369.76 W, 95 %
2026/09/30 14:22:34.586, 2902 MHz, 13801 MHz, 0x0000000000000000, 369.76 W, 95 %
2026/09/30 14:22:35.093, 2895 MHz, 13801 MHz, 0x0000000000000000, 375.23 W, 95 %
2026/09/30 14:22:35.601, 2895 MHz, 13801 MHz, 0x0000000000000000, 374.74 W, 95 %
2026/09/30 14:22:36.107, 2895 MHz, 13801 MHz, 0x0000000000000000, 367.88 W, 95 %
2026/09/30 14:22:36.613, 2910 MHz, 13801 MHz, 0x0000000000000000, 368.37 W, 95 %
2026/09/30 14:22:37.118, 2910 MHz, 13801 MHz, 0x0000000000000000, 375.98 W, 95 %
2026/09/30 14:22:37.627, 2910 MHz, 13801 MHz, 0x0000000000000000, 371.83 W, 52 %
2026/09/30 14:22:38.132, 2902 MHz, 13801 MHz, 0x0000000000000000, 370.13 W, 95 %
2026/09/30 14:22:38.642, 2895 MHz, 13801 MHz, 0x0000000000000000, 374.14 W, 95 %
2026/09/30 14:22:39.151, 2902 MHz, 13801 MHz, 0x0000000000000000, 312.95 W, 0 %
2026/09/30 14:22:39.662, 2925 MHz, 13801 MHz, 0x0000000000000000, 193.06 W, 0 %
2026/09/30 14:22:40.175, 2925 MHz, 13801 MHz, 0x0000000000000000, 97.99 W, 0 %
2026/09/30 14:22:40.690, 2925 MHz, 13801 MHz, 0x0000000000000000, 97.16 W, 0 %
2026/09/30 14:22:41.201, 765 MHz, 13801 MHz, 0x0000000000000000, 72.85 W, 0 %
2026/09/30 14:22:41.714, 600 MHz, 7001 MHz, 0x0000000000000000, 48.68 W, 0 %
2026/09/30 14:22:42.226, 487 MHz, 7001 MHz, 0x0000000000000000, 38.52 W, 0 %
2026/09/30 14:22:42.727, 382 MHz, 7001 MHz, 0x0000000000000000, 36.45 W, 0 %
2026/09/30 14:22:43.229, 315 MHz, 810 MHz, 0x0000000000000000, 35.66 W, 0 %
2026/09/30 14:22:43.742, 232 MHz, 810 MHz, 0x0000000000000000, 29.80 W, 0 %
2026/09/30 14:22:44.253, 180 MHz, 810 MHz, 0x0000000000000000, 24.63 W, 0 %
2026/09/30 14:22:44.769, 180 MHz, 810 MHz, 0x0000000000000000, 21.57 W, 0 %
2026/09/30 14:22:45.279, 180 MHz, 405 MHz, 0x0000000000000000, 18.04 W, 0 %
2026/09/30 14:22:45.793, 180 MHz, 405 MHz, 0x0000000000000000, 16.10 W, 0 %
2026/09/30 14:22:46.305, 180 MHz, 405 MHz, 0x0000000000000000, 15.48 W, 0 %
2026/09/30 14:22:46.816, 180 MHz, 405 MHz, 0x0000000000000000, 15.67 W, 0 %
2026/09/30 14:22:47.331, 180 MHz, 405 MHz, 0x0000000000000000, 15.71 W, 0 %
2026/09/30 14:22:47.844, 180 MHz, 405 MHz, 0x0000000000000000, 15.71 W, 0 %
2026/09/30 14:22:48.357, 180 MHz, 405 MHz, 0x0000000000000000, 15.69 W, 0 %
2026/09/30 14:22:48.859, 187 MHz, 405 MHz, 0x0000000000000000, 15.24 W, 0 %
2026/09/30 14:22:49.371, 187 MHz, 405 MHz, 0x0000000000000000, 15.38 W, 0 %
2026/09/30 14:22:49.885, 187 MHz, 405 MHz, 0x0000000000000000, 15.28 W, 0 %
2026/09/30 14:22:50.397, 195 MHz, 405 MHz, 0x0000000000000000, 15.09 W, 0 %
2026/09/30 14:22:50.908, 187 MHz, 405 MHz, 0x0000000000000000, 15.38 W, 0 %
2026/09/30 14:22:51.423, 187 MHz, 405 MHz, 0x0000000000000000, 15.30 W, 0 %
2026/09/30 14:22:51.925, 187 MHz, 405 MHz, 0x0000000000000000, 15.22 W, 0 %
2026/09/30 14:22:52.435, 187 MHz, 405 MHz, 0x0000000000000000, 15.27 W, 0 %
2026/09/30 14:22:52.937, 180 MHz, 405 MHz, 0x0000000000000000, 15.16 W, 0 %
2026/09/30 14:22:53.450, 180 MHz, 405 MHz, 0x0000000000000000, 14.98 W, 0 %
2026/09/30 14:22:53.951, 180 MHz, 405 MHz, 0x0000000000000000, 14.99 W, 0 %
2026/09/30 14:22:54.466, 180 MHz, 405 MHz, 0x0000000000000000, 15.01 W, 0 %
2026/09/30 14:22:54.981, 180 MHz, 405 MHz, 0x0000000000000000, 14.99 W, 0 %
2026/09/30 14:22:55.482, 180 MHz, 405 MHz, 0x0000000000000000, 14.82 W, 0 %
2026/09/30 14:22:55.983, 180 MHz, 405 MHz, 0x0000000000000000, 14.57 W, 0 %
2026/09/30 14:22:56.484, 180 MHz, 405 MHz, 0x0000000000000000, 14.62 W, 0 %
2026/09/30 14:22:56.988, 180 MHz, 405 MHz, 0x0000000000000000, 14.60 W, 0 %
2026/09/30 14:22:57.490, 180 MHz, 405 MHz, 0x0000000000000000, 14.33 W, 0 %
2026/09/30 14:22:58.004, 202 MHz, 405 MHz, 0x0000000000000000, 14.34 W, 0 %
2026/09/30 14:22:58.518, 187 MHz, 405 MHz, 0x0000000000000000, 14.52 W, 0 %
2026/09/30 14:22:59.029, 187 MHz, 405 MHz, 0x0000000000000000, 14.44 W, 0 %
2026/09/30 14:22:59.544, 187 MHz, 405 MHz, 0x0000000000000000, 14.08 W, 0 %
2026/09/30 14:23:00.052, 187 MHz, 405 MHz, 0x0000000000000000, 14.31 W, 0 %
2026/09/30 14:23:00.564, 187 MHz, 405 MHz, 0x0000000000000000, 14.38 W, 0 %
2026/09/30 14:23:01.072, 187 MHz, 405 MHz, 0x0000000000000000, 14.04 W, 0 %
2026/09/30 14:23:01.583, 180 MHz, 405 MHz, 0x0000000000000000, 13.98 W, 0 %
2026/09/30 14:23:02.089, 180 MHz, 405 MHz, 0x0000000000000000, 13.81 W, 0 %
2026/09/30 14:23:02.598, 180 MHz, 405 MHz, 0x0000000000000000, 13.65 W, 0 %
2026/09/30 14:23:03.105, 180 MHz, 405 MHz, 0x0000000000000000, 13.83 W, 0 %
2026/09/30 14:23:03.616, 180 MHz, 405 MHz, 0x0000000000000000, 13.73 W, 0 %
2026/09/30 14:23:04.123, 180 MHz, 405 MHz, 0x0000000000000000, 13.48 W, 0 %
2026/09/30 14:23:04.630, 180 MHz, 405 MHz, 0x0000000000000000, 13.56 W, 0 %
2026/09/30 14:23:05.138, 180 MHz, 405 MHz, 0x0000000000000000, 13.62 W, 0 %
2026/09/30 14:23:05.645, 180 MHz, 405 MHz, 0x0000000000000000, 13.66 W, 0 %
2026/09/30 14:23:06.151, 187 MHz, 405 MHz, 0x0000000000000000, 13.53 W, 0 %
2026/09/30 14:23:06.659, 187 MHz, 405 MHz, 0x0000000000000000, 13.45 W, 0 %
2026/09/30 14:23:07.165, 187 MHz, 405 MHz, 0x0000000000000000, 13.49 W, 0 %
2026/09/30 14:23:07.673, 187 MHz, 405 MHz, 0x0000000000000000, 13.37 W, 0 %
2026/09/30 14:23:08.187, 187 MHz, 405 MHz, 0x0000000000000000, 13.27 W, 0 %
2026/09/30 14:23:08.696, 187 MHz, 405 MHz, 0x0000000000000000, 13.25 W, 0 %
2026/09/30 14:23:09.204, 187 MHz, 405 MHz, 0x0000000000000000, 13.19 W, 0 %
2026/09/30 14:23:09.710, 187 MHz, 405 MHz, 0x0000000000000000, 13.20 W, 0 %
2026/09/30 14:23:10.216, 187 MHz, 405 MHz, 0x0000000000000000, 13.22 W, 0 %
2026/09/30 14:23:10.724, 180 MHz, 405 MHz, 0x0000000000000000, 13.13 W, 0 %
2026/09/30 14:23:11.230, 180 MHz, 405 MHz, 0x0000000000000000, 13.07 W, 0 %
2026/09/30 14:23:11.739, 180 MHz, 405 MHz, 0x0000000000000000, 12.99 W, 0 %
2026/09/30 14:23:12.245, 180 MHz, 405 MHz, 0x0000000000000000, 12.97 W, 0 %
2026/09/30 14:23:12.753, 180 MHz, 405 MHz, 0x0000000000000000, 12.99 W, 0 %
2026/09/30 14:23:13.262, 180 MHz, 405 MHz, 0x0000000000000000, 12.99 W, 0 %
2026/09/30 14:23:13.771, 180 MHz, 405 MHz, 0x0000000000000000, 12.98 W, 0 %
2026/09/30 14:23:14.278, 180 MHz, 405 MHz, 0x0000000000000000, 13.04 W, 0 %
2026/09/30 14:23:14.786, 180 MHz, 405 MHz, 0x0000000000000000, 12.97 W, 0 %
2026/09/30 14:23:15.293, 187 MHz, 405 MHz, 0x0000000000000000, 12.87 W, 0 %
2026/09/30 14:23:15.795, 187 MHz, 405 MHz, 0x0000000000000000, 12.83 W, 0 %
2026/09/30 14:23:16.304, 187 MHz, 405 MHz, 0x0000000000000000, 12.86 W, 0 %
2026/09/30 14:23:16.813, 187 MHz, 405 MHz, 0x0000000000000000, 12.73 W, 0 %
2026/09/30 14:23:17.318, 2925 MHz, 13801 MHz, 0x0000000000000000, 113.24 W, 93 %
2026/09/30 14:23:17.825, 2910 MHz, 13801 MHz, 0x0000000000000000, 290.19 W, 94 %
2026/09/30 14:23:18.330, 2910 MHz, 13801 MHz, 0x0000000000000000, 353.14 W, 94 %
2026/09/30 14:23:18.833, 2910 MHz, 13801 MHz, 0x0000000000000000, 357.43 W, 95 %
2026/09/30 14:23:19.340, 2910 MHz, 13801 MHz, 0x0000000000000000, 355.73 W, 95 %
2026/09/30 14:23:19.843, 2910 MHz, 13801 MHz, 0x0000000000000000, 355.76 W, 95 %
2026/09/30 14:23:20.351, 2910 MHz, 13801 MHz, 0x0000000000000000, 355.43 W, 78 %
2026/09/30 14:23:20.856, 2910 MHz, 13801 MHz, 0x0000000000000000, 359.75 W, 95 %
2026/09/30 14:23:21.361, 2910 MHz, 13801 MHz, 0x0000000000000000, 360.50 W, 95 %
2026/09/30 14:23:21.865, 2910 MHz, 13801 MHz, 0x0000000000000000, 357.96 W, 95 %
2026/09/30 14:23:22.368, 2910 MHz, 13801 MHz, 0x0000000000000000, 358.16 W, 95 %
2026/09/30 14:23:22.873, 2910 MHz, 13801 MHz, 0x0000000000000000, 359.86 W, 85 %
2026/09/30 14:23:23.381, 2910 MHz, 13801 MHz, 0x0000000000000000, 362.43 W, 95 %
2026/09/30 14:23:23.885, 2910 MHz, 13801 MHz, 0x0000000000000000, 359.79 W, 95 %
2026/09/30 14:23:24.391, 2910 MHz, 13801 MHz, 0x0000000000000000, 356.71 W, 95 %
2026/09/30 14:23:24.894, 2910 MHz, 13801 MHz, 0x0000000000000000, 358.83 W, 95 %
2026/09/30 14:23:25.398, 2910 MHz, 13801 MHz, 0x0000000000000000, 359.49 W, 77 %
2026/09/30 14:23:25.901, 2910 MHz, 13801 MHz, 0x0000000000000000, 362.67 W, 95 %
2026/09/30 14:23:26.405, 2910 MHz, 13801 MHz, 0x0000000000000000, 359.01 W, 96 %
2026/09/30 14:23:26.911, 2910 MHz, 13801 MHz, 0x0000000000000000, 361.05 W, 95 %
2026/09/30 14:23:27.414, 2910 MHz, 13801 MHz, 0x0000000000000000, 362.28 W, 95 %
2026/09/30 14:23:27.914, 2910 MHz, 13801 MHz, 0x0000000000000000, 360.19 W, 95 %
2026/09/30 14:23:28.419, 2910 MHz, 13801 MHz, 0x0000000000000000, 359.82 W, 78 %
2026/09/30 14:23:28.929, 2910 MHz, 13801 MHz, 0x0000000000000000, 362.29 W, 95 %
2026/09/30 14:23:29.434, 2910 MHz, 13801 MHz, 0x0000000000000000, 364.22 W, 94 %
2026/09/30 14:23:29.937, 2910 MHz, 13801 MHz, 0x0000000000000000, 363.30 W, 95 %
2026/09/30 14:23:30.442, 2910 MHz, 13801 MHz, 0x0000000000000000, 362.65 W, 95 %
2026/09/30 14:23:30.944, 2910 MHz, 13801 MHz, 0x0000000000000000, 361.14 W, 95 %
2026/09/30 14:23:31.449, 2910 MHz, 13801 MHz, 0x0000000000000000, 360.42 W, 95 %
2026/09/30 14:23:31.950, 2910 MHz, 13801 MHz, 0x0000000000000000, 364.08 W, 92 %
2026/09/30 14:23:32.453, 2910 MHz, 13801 MHz, 0x0000000000000000, 358.74 W, 95 %
2026/09/30 14:23:32.963, 2910 MHz, 13801 MHz, 0x0000000000000000, 358.53 W, 95 %
2026/09/30 14:23:33.473, 2910 MHz, 13801 MHz, 0x0000000000000000, 362.55 W, 95 %
2026/09/30 14:23:33.979, 2910 MHz, 13801 MHz, 0x0000000000000000, 360.41 W, 95 %
2026/09/30 14:23:34.484, 2910 MHz, 13801 MHz, 0x0000000000000000, 364.02 W, 95 %
2026/09/30 14:23:34.989, 2910 MHz, 13801 MHz, 0x0000000000000000, 364.11 W, 95 %
2026/09/30 14:23:35.494, 2910 MHz, 13801 MHz, 0x0000000000000000, 360.57 W, 95 %
2026/09/30 14:23:35.995, 2910 MHz, 13801 MHz, 0x0000000000000000, 360.01 W, 78 %
2026/09/30 14:23:36.500, 2910 MHz, 13801 MHz, 0x0000000000000000, 358.47 W, 95 %
2026/09/30 14:23:37.005, 2910 MHz, 13801 MHz, 0x0000000000000000, 355.64 W, 78 %
2026/09/30 14:23:37.511, 2910 MHz, 13801 MHz, 0x0000000000000000, 363.17 W, 95 %
2026/09/30 14:23:38.014, 2910 MHz, 13801 MHz, 0x0000000000000000, 359.63 W, 95 %
2026/09/30 14:23:38.519, 2910 MHz, 13801 MHz, 0x0000000000000000, 359.97 W, 95 %
2026/09/30 14:23:39.024, 2910 MHz, 13801 MHz, 0x0000000000000000, 364.63 W, 95 %
2026/09/30 14:23:39.530, 2910 MHz, 13801 MHz, 0x0000000000000000, 364.82 W, 95 %
2026/09/30 14:23:40.034, 2910 MHz, 13801 MHz, 0x0000000000000000, 361.42 W, 95 %
2026/09/30 14:23:40.538, 2910 MHz, 13801 MHz, 0x0000000000000000, 364.72 W, 95 %
2026/09/30 14:23:41.042, 2910 MHz, 13801 MHz, 0x0000000000000000, 364.41 W, 95 %
2026/09/30 14:23:41.547, 2910 MHz, 13801 MHz, 0x0000000000000000, 364.96 W, 95 %
2026/09/30 14:23:42.051, 2910 MHz, 13801 MHz, 0x0000000000000000, 365.34 W, 95 %
2026/09/30 14:23:42.557, 2910 MHz, 13801 MHz, 0x0000000000000000, 365.16 W, 91 %
2026/09/30 14:23:43.059, 2910 MHz, 13801 MHz, 0x0000000000000000, 365.98 W, 94 %
2026/09/30 14:23:43.565, 2910 MHz, 13801 MHz, 0x0000000000000000, 366.22 W, 95 %
2026/09/30 14:23:44.068, 2910 MHz, 13801 MHz, 0x0000000000000000, 364.34 W, 79 %
2026/09/30 14:23:44.572, 2910 MHz, 13801 MHz, 0x0000000000000000, 366.81 W, 95 %
2026/09/30 14:23:45.073, 2910 MHz, 13801 MHz, 0x0000000000000000, 362.87 W, 93 %
2026/09/30 14:23:45.575, 2910 MHz, 13801 MHz, 0x0000000000000000, 362.71 W, 95 %
2026/09/30 14:23:46.077, 2910 MHz, 13801 MHz, 0x0000000000000000, 366.60 W, 95 %
2026/09/30 14:23:46.582, 2910 MHz, 13801 MHz, 0x0000000000000000, 367.06 W, 95 %
2026/09/30 14:23:47.087, 2910 MHz, 13801 MHz, 0x0000000000000000, 363.63 W, 93 %
2026/09/30 14:23:47.593, 2910 MHz, 13801 MHz, 0x0000000000000000, 363.18 W, 95 %
2026/09/30 14:23:48.098, 2910 MHz, 13801 MHz, 0x0000000000000000, 361.65 W, 94 %
2026/09/30 14:23:48.604, 2910 MHz, 13801 MHz, 0x0000000000000000, 363.35 W, 80 %
2026/09/30 14:23:49.105, 2910 MHz, 13801 MHz, 0x0000000000000000, 367.58 W, 95 %
2026/09/30 14:23:49.611, 2910 MHz, 13801 MHz, 0x0000000000000000, 366.34 W, 95 %
2026/09/30 14:23:50.114, 2910 MHz, 13801 MHz, 0x0000000000000000, 362.74 W, 83 %
2026/09/30 14:23:50.616, 2910 MHz, 13801 MHz, 0x0000000000000000, 363.03 W, 95 %
2026/09/30 14:23:51.117, 2910 MHz, 13801 MHz, 0x0000000000000000, 363.68 W, 95 %
2026/09/30 14:23:51.623, 2910 MHz, 13801 MHz, 0x0000000000000000, 367.67 W, 93 %
2026/09/30 14:23:52.127, 2910 MHz, 13801 MHz, 0x0000000000000000, 367.12 W, 95 %
2026/09/30 14:23:52.632, 2910 MHz, 13801 MHz, 0x0000000000000000, 361.77 W, 82 %
2026/09/30 14:23:53.147, 2910 MHz, 13801 MHz, 0x0000000000000000, 361.23 W, 95 %
2026/09/30 14:23:53.650, 2910 MHz, 13801 MHz, 0x0000000000000000, 366.12 W, 94 %
2026/09/30 14:23:54.154, 2910 MHz, 13801 MHz, 0x0000000000000000, 364.59 W, 95 %
2026/09/30 14:23:54.658, 2910 MHz, 13801 MHz, 0x0000000000000000, 366.14 W, 95 %
2026/09/30 14:23:55.160, 2910 MHz, 13801 MHz, 0x0000000000000000, 367.05 W, 95 %
2026/09/30 14:23:55.664, 2910 MHz, 13801 MHz, 0x0000000000000000, 365.61 W, 95 %
2026/09/30 14:23:56.169, 2910 MHz, 13801 MHz, 0x0000000000000000, 364.97 W, 78 %
2026/09/30 14:23:56.672, 2910 MHz, 13801 MHz, 0x0000000000000000, 367.51 W, 94 %
2026/09/30 14:23:57.179, 2910 MHz, 13801 MHz, 0x0000000000000000, 368.60 W, 95 %
2026/09/30 14:23:57.686, 2910 MHz, 13801 MHz, 0x0000000000000000, 365.63 W, 94 %
2026/09/30 14:23:58.194, 2910 MHz, 13801 MHz, 0x0000000000000000, 366.40 W, 81 %
2026/09/30 14:23:58.697, 2910 MHz, 13801 MHz, 0x0000000000000000, 367.98 W, 94 %
2026/09/30 14:23:59.202, 2910 MHz, 13801 MHz, 0x0000000000000000, 367.16 W, 95 %
2026/09/30 14:23:59.705, 2910 MHz, 13801 MHz, 0x0000000000000000, 366.54 W, 95 %
2026/09/30 14:24:00.210, 2910 MHz, 13801 MHz, 0x0000000000000000, 369.60 W, 95 %
2026/09/30 14:24:00.715, 2910 MHz, 13801 MHz, 0x0000000000000000, 368.39 W, 93 %
2026/09/30 14:24:01.221, 2910 MHz, 13801 MHz, 0x0000000000000000, 366.33 W, 84 %
2026/09/30 14:24:01.736, 2910 MHz, 13801 MHz, 0x0000000000000000, 369.46 W, 95 %
2026/09/30 14:24:02.240, 2910 MHz, 13801 MHz, 0x0000000000000000, 366.68 W, 80 %
2026/09/30 14:24:02.744, 2910 MHz, 13801 MHz, 0x0000000000000000, 369.14 W, 95 %
2026/09/30 14:24:03.244, 2910 MHz, 13801 MHz, 0x0000000000000000, 366.22 W, 95 %
2026/09/30 14:24:03.747, 2910 MHz, 13801 MHz, 0x0000000000000000, 364.65 W, 75 %
2026/09/30 14:24:04.249, 2910 MHz, 13801 MHz, 0x0000000000000000, 363.96 W, 74 %
2026/09/30 14:24:04.753, 2910 MHz, 13801 MHz, 0x0000000000000000, 367.78 W, 95 %
2026/09/30 14:24:05.258, 2910 MHz, 13801 MHz, 0x0000000000000000, 368.27 W, 93 %
2026/09/30 14:24:05.764, 2910 MHz, 13801 MHz, 0x0000000000000000, 365.68 W, 93 %
2026/09/30 14:24:06.267, 2910 MHz, 13801 MHz, 0x0000000000000000, 366.04 W, 89 %
2026/09/30 14:24:06.769, 2910 MHz, 13801 MHz, 0x0000000000000000, 366.15 W, 95 %
2026/09/30 14:24:07.272, 2910 MHz, 13801 MHz, 0x0000000000000000, 369.01 W, 95 %
2026/09/30 14:24:07.776, 2910 MHz, 13801 MHz, 0x0000000000000000, 368.62 W, 95 %
2026/09/30 14:24:08.279, 2910 MHz, 13801 MHz, 0x0000000000000000, 366.71 W, 78 %
2026/09/30 14:24:08.784, 2910 MHz, 13801 MHz, 0x0000000000000000, 367.13 W, 95 %
2026/09/30 14:24:09.291, 2910 MHz, 13801 MHz, 0x0000000000000000, 366.24 W, 95 %
2026/09/30 14:24:09.796, 2910 MHz, 13801 MHz, 0x0000000000000000, 369.00 W, 95 %
2026/09/30 14:24:10.311, 2910 MHz, 13801 MHz, 0x0000000000000000, 366.06 W, 82 %
2026/09/30 14:24:10.812, 2910 MHz, 13801 MHz, 0x0000000000000000, 370.17 W, 95 %
2026/09/30 14:24:11.314, 2910 MHz, 13801 MHz, 0x0000000000000000, 370.28 W, 78 %
2026/09/30 14:24:11.817, 2910 MHz, 13801 MHz, 0x0000000000000000, 367.11 W, 90 %
2026/09/30 14:24:12.322, 2910 MHz, 13801 MHz, 0x0000000000000000, 356.53 W, 95 %
2026/09/30 14:24:12.827, 2910 MHz, 13801 MHz, 0x0000000000000000, 359.60 W, 95 %
2026/09/30 14:24:13.331, 2910 MHz, 13801 MHz, 0x0000000000000000, 371.95 W, 95 %
2026/09/30 14:24:13.835, 2910 MHz, 13801 MHz, 0x0000000000000000, 370.87 W, 82 %
2026/09/30 14:24:14.340, 2910 MHz, 13801 MHz, 0x0000000000000000, 368.79 W, 95 %
2026/09/30 14:24:14.843, 2902 MHz, 13801 MHz, 0x0000000000000000, 367.80 W, 95 %
2026/09/30 14:24:15.347, 2895 MHz, 13801 MHz, 0x0000000000000000, 368.63 W, 81 %
2026/09/30 14:24:15.863, 2895 MHz, 13801 MHz, 0x0000000000000000, 371.44 W, 95 %
2026/09/30 14:24:16.366, 2895 MHz, 13801 MHz, 0x0000000000000000, 368.88 W, 94 %
2026/09/30 14:24:16.870, 2895 MHz, 13801 MHz, 0x0000000000000000, 370.95 W, 95 %
2026/09/30 14:24:17.374, 2902 MHz, 13801 MHz, 0x0000000000000000, 368.78 W, 94 %
2026/09/30 14:24:17.880, 2902 MHz, 13801 MHz, 0x0000000000000000, 322.33 W, 0 %
2026/09/30 14:24:18.391, 2925 MHz, 13801 MHz, 0x0000000000000000, 206.31 W, 0 %
2026/09/30 14:24:18.897, 2925 MHz, 13801 MHz, 0x0000000000000000, 97.81 W, 0 %
2026/09/30 14:24:19.407, 2925 MHz, 13801 MHz, 0x0000000000000000, 96.86 W, 0 %
2026/09/30 14:24:19.913, 705 MHz, 7001 MHz, 0x0000000000000000, 78.81 W, 0 %
2026/09/30 14:24:20.419, 562 MHz, 7001 MHz, 0x0000000000000000, 47.14 W, 0 %
2026/09/30 14:24:20.925, 450 MHz, 7001 MHz, 0x0000000000000000, 36.70 W, 0 %
2026/09/30 14:24:21.432, 352 MHz, 7001 MHz, 0x0000000000000000, 36.52 W, 0 %
2026/09/30 14:24:21.942, 277 MHz, 7001 MHz, 0x0000000000000000, 36.44 W, 0 %
2026/09/30 14:24:22.447, 225 MHz, 7001 MHz, 0x0000000000000000, 36.39 W, 0 %
2026/09/30 14:24:22.952, 180 MHz, 810 MHz, 0x0000000000000000, 36.40 W, 0 %
2026/09/30 14:24:23.460, 180 MHz, 810 MHz, 0x0000000000000000, 29.98 W, 0 %
2026/09/30 14:24:23.966, 180 MHz, 810 MHz, 0x0000000000000000, 22.20 W, 0 %
2026/09/30 14:24:24.474, 180 MHz, 810 MHz, 0x0000000000000000, 20.85 W, 0 %
2026/09/30 14:24:24.982, 180 MHz, 405 MHz, 0x0000000000000000, 18.74 W, 0 %
2026/09/30 14:24:25.488, 180 MHz, 405 MHz, 0x0000000000000000, 16.06 W, 0 %
2026/09/30 14:24:25.996, 187 MHz, 405 MHz, 0x0000000000000000, 15.52 W, 0 %
2026/09/30 14:24:26.506, 187 MHz, 405 MHz, 0x0000000000000000, 15.19 W, 0 %
2026/09/30 14:24:27.008, 187 MHz, 405 MHz, 0x0000000000000000, 15.12 W, 0 %
2026/09/30 14:24:27.524, 187 MHz, 405 MHz, 0x0000000000000000, 15.44 W, 0 %
2026/09/30 14:24:28.026, 187 MHz, 405 MHz, 0x0000000000000000, 15.42 W, 0 %
2026/09/30 14:24:28.540, 187 MHz, 405 MHz, 0x0000000000000000, 15.11 W, 0 %
2026/09/30 14:24:29.041, 217 MHz, 405 MHz, 0x0000000000000000, 15.09 W, 0 %
2026/09/30 14:24:29.556, 187 MHz, 405 MHz, 0x0000000000000000, 15.04 W, 0 %
2026/09/30 14:24:30.057, 180 MHz, 405 MHz, 0x0000000000000000, 14.76 W, 0 %
2026/09/30 14:24:30.571, 187 MHz, 405 MHz, 0x0000000000000000, 15.05 W, 0 %
2026/09/30 14:24:31.083, 180 MHz, 405 MHz, 0x0000000000000000, 14.78 W, 0 %
2026/09/30 14:24:31.586, 187 MHz, 405 MHz, 0x0000000000000000, 14.76 W, 0 %
2026/09/30 14:24:32.097, 180 MHz, 405 MHz, 0x0000000000000000, 14.77 W, 0 %
2026/09/30 14:24:32.599, 180 MHz, 405 MHz, 0x0000000000000000, 14.51 W, 0 %
2026/09/30 14:24:33.115, 180 MHz, 405 MHz, 0x0000000000000000, 14.47 W, 0 %
2026/09/30 14:24:33.626, 172 MHz, 405 MHz, 0x0000000000000000, 14.42 W, 0 %
2026/09/30 14:24:34.128, 180 MHz, 405 MHz, 0x0000000000000000, 14.22 W, 0 %
2026/09/30 14:24:34.644, 202 MHz, 405 MHz, 0x0000000000000000, 14.27 W, 0 %
2026/09/30 14:24:35.154, 187 MHz, 405 MHz, 0x0000000000000000, 14.12 W, 0 %
2026/09/30 14:24:35.655, 187 MHz, 405 MHz, 0x0000000000000000, 14.07 W, 0 %
2026/09/30 14:24:36.171, 187 MHz, 405 MHz, 0x0000000000000000, 14.17 W, 0 %
2026/09/30 14:24:36.673, 187 MHz, 405 MHz, 0x0000000000000000, 14.10 W, 0 %
2026/09/30 14:24:37.175, 202 MHz, 405 MHz, 0x0000000000000000, 14.02 W, 0 %
2026/09/30 14:24:37.678, 187 MHz, 405 MHz, 0x0000000000000000, 13.95 W, 0 %
2026/09/30 14:24:38.178, 180 MHz, 405 MHz, 0x0000000000000000, 13.96 W, 0 %
2026/09/30 14:24:38.692, 180 MHz, 405 MHz, 0x0000000000000000, 13.75 W, 0 %
2026/09/30 14:24:39.206, 180 MHz, 405 MHz, 0x0000000000000000, 13.68 W, 0 %
2026/09/30 14:24:39.721, 180 MHz, 405 MHz, 0x0000000000000000, 13.70 W, 0 %
2026/09/30 14:24:40.235, 180 MHz, 405 MHz, 0x0000000000000000, 13.66 W, 0 %
2026/09/30 14:24:40.746, 180 MHz, 405 MHz, 0x0000000000000000, 13.60 W, 0 %
2026/09/30 14:24:41.257, 180 MHz, 405 MHz, 0x0000000000000000, 13.44 W, 0 %
2026/09/30 14:24:41.772, 180 MHz, 405 MHz, 0x0000000000000000, 13.33 W, 0 %
2026/09/30 14:24:42.282, 180 MHz, 405 MHz, 0x0000000000000000, 13.31 W, 0 %
2026/09/30 14:24:42.783, 180 MHz, 405 MHz, 0x0000000000000000, 13.28 W, 0 %
2026/09/30 14:24:43.295, 180 MHz, 405 MHz, 0x0000000000000000, 13.50 W, 0 %
2026/09/30 14:24:43.807, 187 MHz, 405 MHz, 0x0000000000000000, 13.41 W, 0 %
2026/09/30 14:24:44.309, 187 MHz, 405 MHz, 0x0000000000000000, 13.17 W, 0 %
2026/09/30 14:24:44.821, 187 MHz, 405 MHz, 0x0000000000000000, 13.23 W, 0 %
2026/09/30 14:24:45.323, 187 MHz, 405 MHz, 0x0000000000000000, 13.38 W, 0 %
2026/09/30 14:24:45.836, 187 MHz, 405 MHz, 0x0000000000000000, 13.47 W, 0 %
2026/09/30 14:24:46.350, 195 MHz, 405 MHz, 0x0000000000000000, 13.48 W, 0 %
2026/09/30 14:24:46.865, 187 MHz, 405 MHz, 0x0000000000000000, 13.50 W, 0 %
2026/09/30 14:24:47.368, 187 MHz, 405 MHz, 0x0000000000000000, 13.40 W, 0 %
2026/09/30 14:24:47.869, 180 MHz, 405 MHz, 0x0000000000000000, 13.14 W, 0 %
2026/09/30 14:24:48.381, 180 MHz, 405 MHz, 0x0000000000000000, 13.02 W, 0 %
2026/09/30 14:24:48.892, 180 MHz, 405 MHz, 0x0000000000000000, 13.15 W, 0 %
2026/09/30 14:24:49.407, 180 MHz, 405 MHz, 0x0000000000000000, 13.11 W, 0 %
2026/09/30 14:24:49.922, 180 MHz, 405 MHz, 0x0000000000000000, 13.10 W, 0 %
2026/09/30 14:24:50.433, 180 MHz, 405 MHz, 0x0000000000000000, 13.17 W, 0 %
2026/09/30 14:24:50.948, 180 MHz, 405 MHz, 0x0000000000000000, 12.99 W, 0 %
2026/09/30 14:24:51.462, 180 MHz, 405 MHz, 0x0000000000000000, 12.91 W, 0 %
2026/09/30 14:24:51.964, 180 MHz, 405 MHz, 0x0000000000000000, 13.03 W, 0 %
2026/09/30 14:24:52.466, 187 MHz, 405 MHz, 0x0000000000000000, 12.96 W, 0 %
2026/09/30 14:24:52.968, 187 MHz, 405 MHz, 0x0000000000000000, 12.82 W, 0 %
2026/09/30 14:24:53.469, 187 MHz, 405 MHz, 0x0000000000000000, 12.76 W, 0 %
2026/09/30 14:24:53.984, 187 MHz, 405 MHz, 0x0000000000000000, 12.92 W, 0 %
2026/09/30 14:24:54.494, 187 MHz, 405 MHz, 0x0000000000000000, 13.03 W, 0 %
2026/09/30 14:24:55.008, 187 MHz, 405 MHz, 0x0000000000000000, 13.09 W, 0 %
2026/09/30 14:24:55.521, 187 MHz, 405 MHz, 0x0000000000000000, 13.08 W, 0 %
2026/09/30 14:24:56.023, 187 MHz, 405 MHz, 0x0000000000000000, 12.97 W, 0 %
2026/09/30 14:24:56.523, 187 MHz, 405 MHz, 0x0000000000000000, 12.73 W, 0 %
2026/09/30 14:24:57.034, 1440 MHz, 13801 MHz, 0x0000000000000000, 38.89 W, 100 %
2026/09/30 14:24:57.544, 2940 MHz, 13801 MHz, 0x0000000000000000, 78.20 W, 0 %
2026/09/30 14:24:58.057, 2857 MHz, 13801 MHz, 0x0000000000000000, 211.12 W, 53 %
2026/09/30 14:24:58.569, 2857 MHz, 13801 MHz, 0x0000000000000000, 355.55 W, 58 %
2026/09/30 14:24:59.079, 2805 MHz, 13801 MHz, 0x0000000000000004, 457.51 W, 99 %
2026/09/30 14:24:59.585, 2805 MHz, 13801 MHz, 0x0000000000000004, 481.27 W, 99 %
2026/09/30 14:25:00.096, 2805 MHz, 13801 MHz, 0x0000000000000004, 481.25 W, 99 %
2026/09/30 14:25:00.602, 2805 MHz, 13801 MHz, 0x0000000000000004, 481.73 W, 99 %
2026/09/30 14:25:01.110, 2805 MHz, 13801 MHz, 0x0000000000000004, 481.61 W, 99 %
2026/09/30 14:25:01.616, 2805 MHz, 13801 MHz, 0x0000000000000004, 480.68 W, 99 %
2026/09/30 14:25:02.123, 2820 MHz, 13801 MHz, 0x0000000000000004, 475.50 W, 98 %
2026/09/30 14:25:02.629, 2835 MHz, 13801 MHz, 0x0000000000000004, 463.36 W, 97 %
2026/09/30 14:25:03.136, 2910 MHz, 13801 MHz, 0x0000000000000000, 402.78 W, 26 %
2026/09/30 14:25:03.646, 2857 MHz, 13801 MHz, 0x0000000000000000, 347.30 W, 52 %
2026/09/30 14:25:04.156, 2865 MHz, 13801 MHz, 0x0000000000000000, 357.23 W, 50 %
2026/09/30 14:25:04.663, 2805 MHz, 13801 MHz, 0x0000000000000004, 417.24 W, 99 %
2026/09/30 14:25:05.174, 2805 MHz, 13801 MHz, 0x0000000000000004, 468.28 W, 99 %
2026/09/30 14:25:05.682, 2805 MHz, 13801 MHz, 0x0000000000000004, 483.36 W, 89 %
2026/09/30 14:25:06.192, 2805 MHz, 13801 MHz, 0x0000000000000004, 480.62 W, 99 %
2026/09/30 14:25:06.701, 2842 MHz, 13801 MHz, 0x0000000000000000, 466.30 W, 88 %
2026/09/30 14:25:07.211, 2865 MHz, 13801 MHz, 0x0000000000000004, 454.69 W, 94 %
2026/09/30 14:25:07.722, 2857 MHz, 13801 MHz, 0x0000000000000000, 451.74 W, 83 %
2026/09/30 14:25:08.234, 2887 MHz, 13801 MHz, 0x0000000000000000, 417.89 W, 48 %
2026/09/30 14:25:08.745, 2895 MHz, 13801 MHz, 0x0000000000000000, 365.33 W, 73 %
2026/09/30 14:25:09.258, 2895 MHz, 13801 MHz, 0x0000000000000000, 339.65 W, 57 %
2026/09/30 14:25:09.770, 2887 MHz, 13801 MHz, 0x0000000000000000, 331.03 W, 83 %
2026/09/30 14:25:10.278, 2887 MHz, 13801 MHz, 0x0000000000000000, 338.70 W, 61 %
2026/09/30 14:25:10.787, 2895 MHz, 13801 MHz, 0x0000000000000000, 335.52 W, 39 %
2026/09/30 14:25:11.294, 2880 MHz, 13801 MHz, 0x0000000000000004, 372.08 W, 86 %
2026/09/30 14:25:11.802, 2880 MHz, 13801 MHz, 0x0000000000000004, 411.30 W, 61 %
2026/09/30 14:25:12.311, 2880 MHz, 13801 MHz, 0x0000000000000000, 362.75 W, 25 %
2026/09/30 14:25:12.822, 2880 MHz, 13801 MHz, 0x0000000000000000, 344.57 W, 35 %
2026/09/30 14:25:13.337, 2857 MHz, 13801 MHz, 0x0000000000000004, 391.44 W, 92 %
2026/09/30 14:25:13.846, 2872 MHz, 13801 MHz, 0x0000000000000004, 411.23 W, 95 %
2026/09/30 14:25:14.358, 2842 MHz, 13801 MHz, 0x0000000000000004, 435.27 W, 87 %
2026/09/30 14:25:14.869, 2887 MHz, 13801 MHz, 0x0000000000000000, 373.89 W, 49 %
2026/09/30 14:25:15.381, 2880 MHz, 13801 MHz, 0x0000000000000000, 358.42 W, 83 %
2026/09/30 14:25:15.889, 2850 MHz, 13801 MHz, 0x0000000000000000, 399.77 W, 51 %
2026/09/30 14:25:16.401, 2865 MHz, 13801 MHz, 0x0000000000000004, 399.13 W, 67 %
2026/09/30 14:25:16.908, 2865 MHz, 13801 MHz, 0x0000000000000004, 376.93 W, 75 %
2026/09/30 14:25:17.418, 2887 MHz, 13801 MHz, 0x0000000000000000, 355.21 W, 61 %
2026/09/30 14:25:17.928, 2880 MHz, 13801 MHz, 0x0000000000000000, 356.12 W, 53 %
2026/09/30 14:25:18.438, 2850 MHz, 13801 MHz, 0x0000000000000004, 406.84 W, 84 %
2026/09/30 14:25:18.947, 2872 MHz, 13801 MHz, 0x0000000000000000, 394.85 W, 61 %
2026/09/30 14:25:19.455, 2835 MHz, 13801 MHz, 0x0000000000000000, 384.66 W, 73 %
2026/09/30 14:25:19.967, 2887 MHz, 13801 MHz, 0x0000000000000000, 367.80 W, 51 %
2026/09/30 14:25:20.474, 2872 MHz, 13801 MHz, 0x0000000000000000, 362.64 W, 77 %
2026/09/30 14:25:20.984, 2880 MHz, 13801 MHz, 0x0000000000000004, 410.95 W, 89 %
2026/09/30 14:25:21.494, 2865 MHz, 13801 MHz, 0x0000000000000004, 430.01 W, 96 %
2026/09/30 14:25:22.003, 2880 MHz, 13801 MHz, 0x0000000000000000, 414.55 W, 61 %
2026/09/30 14:25:22.513, 2887 MHz, 13801 MHz, 0x0000000000000000, 405.87 W, 84 %
2026/09/30 14:25:23.026, 2872 MHz, 13801 MHz, 0x0000000000000000, 397.45 W, 60 %
2026/09/30 14:25:23.539, 2887 MHz, 13801 MHz, 0x0000000000000000, 390.01 W, 74 %
2026/09/30 14:25:24.049, 2865 MHz, 13801 MHz, 0x0000000000000000, 377.19 W, 36 %
2026/09/30 14:25:24.562, 2895 MHz, 13801 MHz, 0x0000000000000000, 345.70 W, 28 %
2026/09/30 14:25:25.073, 2880 MHz, 13801 MHz, 0x0000000000000004, 341.90 W, 59 %
2026/09/30 14:25:25.580, 2865 MHz, 13801 MHz, 0x0000000000000004, 402.18 W, 83 %
2026/09/30 14:25:26.087, 2880 MHz, 13801 MHz, 0x0000000000000000, 414.17 W, 80 %
2026/09/30 14:25:26.599, 2865 MHz, 13801 MHz, 0x0000000000000000, 413.99 W, 65 %
2026/09/30 14:25:27.110, 2820 MHz, 13801 MHz, 0x0000000000000000, 418.61 W, 50 %
2026/09/30 14:25:27.620, 2872 MHz, 13801 MHz, 0x0000000000000000, 395.66 W, 48 %
2026/09/30 14:25:28.133, 2872 MHz, 13801 MHz, 0x0000000000000000, 384.49 W, 45 %
2026/09/30 14:25:28.645, 2842 MHz, 13801 MHz, 0x0000000000000004, 410.15 W, 89 %
2026/09/30 14:25:29.155, 2887 MHz, 13801 MHz, 0x0000000000000000, 398.86 W, 56 %
2026/09/30 14:25:29.664, 2872 MHz, 13801 MHz, 0x0000000000000000, 398.43 W, 68 %
2026/09/30 14:25:30.173, 2872 MHz, 13801 MHz, 0x0000000000000000, 387.08 W, 68 %
2026/09/30 14:25:30.683, 2880 MHz, 13801 MHz, 0x0000000000000004, 374.42 W, 94 %
2026/09/30 14:25:31.191, 2880 MHz, 13801 MHz, 0x0000000000000000, 395.48 W, 66 %
2026/09/30 14:25:31.699, 2872 MHz, 13801 MHz, 0x0000000000000000, 416.60 W, 79 %
2026/09/30 14:25:32.210, 2880 MHz, 13801 MHz, 0x0000000000000000, 400.90 W, 74 %
2026/09/30 14:25:32.720, 2887 MHz, 13801 MHz, 0x0000000000000000, 370.37 W, 37 %
2026/09/30 14:25:33.230, 2880 MHz, 13801 MHz, 0x0000000000000000, 367.76 W, 60 %
2026/09/30 14:25:33.741, 2872 MHz, 13801 MHz, 0x0000000000000000, 388.94 W, 47 %
2026/09/30 14:25:34.252, 2835 MHz, 13801 MHz, 0x0000000000000000, 406.95 W, 46 %
2026/09/30 14:25:34.761, 2880 MHz, 13801 MHz, 0x0000000000000004, 417.01 W, 73 %
2026/09/30 14:25:35.271, 2857 MHz, 13801 MHz, 0x0000000000000000, 394.51 W, 49 %
2026/09/30 14:25:35.783, 2887 MHz, 13801 MHz, 0x0000000000000000, 377.10 W, 82 %
2026/09/30 14:25:36.292, 2842 MHz, 13801 MHz, 0x0000000000000000, 390.44 W, 86 %
2026/09/30 14:25:36.799, 2850 MHz, 13801 MHz, 0x0000000000000000, 407.64 W, 33 %
2026/09/30 14:25:37.311, 2865 MHz, 13801 MHz, 0x0000000000000004, 396.59 W, 90 %
2026/09/30 14:25:37.824, 2880 MHz, 13801 MHz, 0x0000000000000004, 376.69 W, 59 %
2026/09/30 14:25:38.335, 2887 MHz, 13801 MHz, 0x0000000000000000, 353.13 W, 46 %
2026/09/30 14:25:38.844, 2865 MHz, 13801 MHz, 0x0000000000000000, 374.98 W, 77 %
2026/09/30 14:25:39.353, 2872 MHz, 13801 MHz, 0x0000000000000000, 407.10 W, 85 %
2026/09/30 14:25:39.860, 2865 MHz, 13801 MHz, 0x0000000000000000, 403.81 W, 45 %
2026/09/30 14:25:40.368, 2872 MHz, 13801 MHz, 0x0000000000000000, 391.28 W, 70 %
2026/09/30 14:25:40.876, 2872 MHz, 13801 MHz, 0x0000000000000000, 359.99 W, 56 %
2026/09/30 14:25:41.388, 2895 MHz, 13801 MHz, 0x0000000000000000, 325.16 W, 48 %
2026/09/30 14:25:41.898, 2842 MHz, 13801 MHz, 0x0000000000000000, 377.82 W, 77 %
2026/09/30 14:25:42.407, 2880 MHz, 13801 MHz, 0x0000000000000000, 396.19 W, 47 %
2026/09/30 14:25:42.916, 2865 MHz, 13801 MHz, 0x0000000000000004, 399.10 W, 95 %
2026/09/30 14:25:43.426, 2880 MHz, 13801 MHz, 0x0000000000000004, 390.45 W, 60 %
2026/09/30 14:25:43.935, 2865 MHz, 13801 MHz, 0x0000000000000000, 368.60 W, 75 %
2026/09/30 14:25:44.442, 2865 MHz, 13801 MHz, 0x0000000000000000, 374.20 W, 83 %
2026/09/30 14:25:44.953, 2865 MHz, 13801 MHz, 0x0000000000000000, 412.17 W, 80 %
2026/09/30 14:25:45.459, 2880 MHz, 13801 MHz, 0x0000000000000000, 397.44 W, 43 %
2026/09/30 14:25:45.965, 2880 MHz, 13801 MHz, 0x0000000000000000, 379.19 W, 81 %
2026/09/30 14:25:46.473, 2872 MHz, 13801 MHz, 0x0000000000000004, 376.37 W, 70 %
2026/09/30 14:25:46.976, 2895 MHz, 13801 MHz, 0x0000000000000000, 349.44 W, 73 %
2026/09/30 14:25:47.483, 2835 MHz, 13801 MHz, 0x0000000000000000, 378.71 W, 74 %
2026/09/30 14:25:47.989, 2880 MHz, 13801 MHz, 0x0000000000000000, 412.43 W, 82 %
2026/09/30 14:25:48.497, 2872 MHz, 13801 MHz, 0x0000000000000000, 393.70 W, 70 %
2026/09/30 14:25:49.004, 2872 MHz, 13801 MHz, 0x0000000000000000, 371.57 W, 62 %
2026/09/30 14:25:49.512, 2887 MHz, 13801 MHz, 0x0000000000000000, 350.85 W, 52 %
2026/09/30 14:25:50.019, 2857 MHz, 13801 MHz, 0x0000000000000000, 357.00 W, 42 %
2026/09/30 14:25:50.524, 2850 MHz, 13801 MHz, 0x0000000000000004, 404.04 W, 90 %
2026/09/30 14:25:51.037, 2880 MHz, 13801 MHz, 0x0000000000000000, 399.06 W, 44 %
2026/09/30 14:25:51.545, 2865 MHz, 13801 MHz, 0x0000000000000000, 399.82 W, 85 %
2026/09/30 14:25:52.055, 2887 MHz, 13801 MHz, 0x0000000000000000, 380.74 W, 64 %
2026/09/30 14:25:52.565, 2887 MHz, 13801 MHz, 0x0000000000000000, 358.26 W, 66 %
2026/09/30 14:25:53.074, 2835 MHz, 13801 MHz, 0x0000000000000000, 390.47 W, 79 %
2026/09/30 14:25:53.582, 2872 MHz, 13801 MHz, 0x0000000000000000, 410.56 W, 65 %
2026/09/30 14:25:54.096, 2865 MHz, 13801 MHz, 0x0000000000000000, 383.97 W, 47 %
2026/09/30 14:25:54.604, 2872 MHz, 13801 MHz, 0x0000000000000000, 369.76 W, 53 %
2026/09/30 14:25:55.113, 2865 MHz, 13801 MHz, 0x0000000000000000, 396.63 W, 74 %
2026/09/30 14:25:55.621, 2842 MHz, 13801 MHz, 0x0000000000000000, 443.30 W, 66 %
2026/09/30 14:25:56.133, 2887 MHz, 13801 MHz, 0x0000000000000004, 406.21 W, 77 %
2026/09/30 14:25:56.646, 2857 MHz, 13801 MHz, 0x0000000000000000, 370.93 W, 49 %
2026/09/30 14:25:57.158, 2887 MHz, 13801 MHz, 0x0000000000000000, 365.33 W, 39 %
2026/09/30 14:25:57.674, 2880 MHz, 13801 MHz, 0x0000000000000004, 368.33 W, 99 %
2026/09/30 14:25:58.187, 2857 MHz, 13801 MHz, 0x0000000000000000, 398.17 W, 45 %
2026/09/30 14:25:58.699, 2872 MHz, 13801 MHz, 0x0000000000000000, 413.61 W, 88 %
2026/09/30 14:25:59.209, 2872 MHz, 13801 MHz, 0x0000000000000000, 417.53 W, 79 %
2026/09/30 14:25:59.717, 2880 MHz, 13801 MHz, 0x0000000000000000, 402.33 W, 52 %
2026/09/30 14:26:00.226, 2850 MHz, 13801 MHz, 0x0000000000000000, 386.26 W, 72 %
2026/09/30 14:26:00.735, 2865 MHz, 13801 MHz, 0x0000000000000000, 418.83 W, 81 %
2026/09/30 14:26:01.245, 2872 MHz, 13801 MHz, 0x0000000000000000, 415.85 W, 54 %
2026/09/30 14:26:01.754, 2850 MHz, 13801 MHz, 0x0000000000000000, 393.83 W, 82 %
2026/09/30 14:26:02.264, 2887 MHz, 13801 MHz, 0x0000000000000000, 364.76 W, 33 %
2026/09/30 14:26:02.777, 2880 MHz, 13801 MHz, 0x0000000000000000, 347.74 W, 57 %
2026/09/30 14:26:03.286, 2842 MHz, 13801 MHz, 0x0000000000000000, 392.35 W, 71 %
2026/09/30 14:26:03.801, 2925 MHz, 13801 MHz, 0x0000000000000000, 276.96 W, 0 %
2026/09/30 14:26:04.315, 2925 MHz, 13801 MHz, 0x0000000000000000, 128.29 W, 0 %
2026/09/30 14:26:04.829, 2925 MHz, 13801 MHz, 0x0000000000000000, 97.83 W, 0 %
2026/09/30 14:26:05.341, 1627 MHz, 13801 MHz, 0x0000000000000000, 83.51 W, 0 %
2026/09/30 14:26:05.854, 667 MHz, 7001 MHz, 0x0000000000000000, 54.60 W, 0 %
2026/09/30 14:26:06.356, 532 MHz, 7001 MHz, 0x0000000000000000, 39.27 W, 0 %
2026/09/30 14:26:06.872, 427 MHz, 7001 MHz, 0x0000000000000000, 36.79 W, 0 %
2026/09/30 14:26:07.384, 330 MHz, 7001 MHz, 0x0000000000000000, 36.67 W, 0 %
2026/09/30 14:26:07.899, 262 MHz, 7001 MHz, 0x0000000000000000, 36.70 W, 0 %
2026/09/30 14:26:08.414, 210 MHz, 7001 MHz, 0x0000000000000000, 36.69 W, 0 %
2026/09/30 14:26:08.916, 180 MHz, 7001 MHz, 0x0000000000000000, 36.66 W, 0 %
2026/09/30 14:26:09.432, 180 MHz, 7001 MHz, 0x0000000000000000, 36.48 W, 0 %
2026/09/30 14:26:09.933, 180 MHz, 810 MHz, 0x0000000000000000, 34.71 W, 0 %
2026/09/30 14:26:10.445, 180 MHz, 810 MHz, 0x0000000000000000, 27.33 W, 0 %
2026/09/30 14:26:10.946, 187 MHz, 810 MHz, 0x0000000000000000, 22.53 W, 0 %
2026/09/30 14:26:11.461, 187 MHz, 810 MHz, 0x0000000000000000, 21.05 W, 0 %
2026/09/30 14:26:11.972, 187 MHz, 405 MHz, 0x0000000000000000, 18.24 W, 0 %
2026/09/30 14:26:12.484, 187 MHz, 405 MHz, 0x0000000000000000, 16.33 W, 0 %
2026/09/30 14:26:12.985, 195 MHz, 405 MHz, 0x0000000000000000, 15.97 W, 0 %
2026/09/30 14:26:13.495, 187 MHz, 405 MHz, 0x0000000000000000, 15.47 W, 0 %
2026/09/30 14:26:14.009, 187 MHz, 405 MHz, 0x0000000000000000, 15.49 W, 0 %
2026/09/30 14:26:14.523, 187 MHz, 405 MHz, 0x0000000000000000, 15.59 W, 0 %
2026/09/30 14:26:15.038, 187 MHz, 405 MHz, 0x0000000000000000, 15.53 W, 0 %
2026/09/30 14:26:15.540, 187 MHz, 405 MHz, 0x0000000000000000, 15.39 W, 0 %
2026/09/30 14:26:16.042, 180 MHz, 405 MHz, 0x0000000000000000, 15.23 W, 0 %
2026/09/30 14:26:16.555, 180 MHz, 405 MHz, 0x0000000000000000, 15.17 W, 0 %
2026/09/30 14:26:17.056, 180 MHz, 405 MHz, 0x0000000000000000, 15.20 W, 0 %
2026/09/30 14:26:17.569, 180 MHz, 405 MHz, 0x0000000000000000, 15.07 W, 0 %
2026/09/30 14:26:18.084, 180 MHz, 405 MHz, 0x0000000000000000, 14.81 W, 0 %
2026/09/30 14:26:18.600, 180 MHz, 405 MHz, 0x0000000000000000, 14.93 W, 0 %
2026/09/30 14:26:19.112, 180 MHz, 405 MHz, 0x0000000000000000, 14.95 W, 0 %
2026/09/30 14:26:19.623, 180 MHz, 405 MHz, 0x0000000000000000, 14.81 W, 1 %
2026/09/30 14:26:20.138, 180 MHz, 405 MHz, 0x0000000000000000, 15.42 W, 3 %
2026/09/30 14:26:20.653, 202 MHz, 405 MHz, 0x0000000000000000, 16.43 W, 0 %
2026/09/30 14:26:21.155, 187 MHz, 405 MHz, 0x0000000000000000, 16.11 W, 0 %
2026/09/30 14:26:21.669, 187 MHz, 405 MHz, 0x0000000000000000, 14.88 W, 0 %
2026/09/30 14:26:22.184, 187 MHz, 405 MHz, 0x0000000000000000, 14.76 W, 0 %
2026/09/30 14:26:22.685, 195 MHz, 405 MHz, 0x0000000000000000, 14.53 W, 0 %
2026/09/30 14:26:23.188, 195 MHz, 405 MHz, 0x0000000000000000, 14.55 W, 0 %
2026/09/30 14:26:23.704, 195 MHz, 405 MHz, 0x0000000000000000, 14.32 W, 0 %
2026/09/30 14:26:24.206, 195 MHz, 405 MHz, 0x0000000000000000, 14.16 W, 0 %
2026/09/30 14:26:24.709, 180 MHz, 405 MHz, 0x0000000000000000, 14.23 W, 0 %
2026/09/30 14:26:25.225, 180 MHz, 405 MHz, 0x0000000000000000, 14.16 W, 0 %
2026/09/30 14:26:25.740, 180 MHz, 405 MHz, 0x0000000000000000, 14.09 W, 0 %
