timestamp, clocks.current.sm [MHz], clocks.current.memory [MHz], clocks_event_reasons.active, power.draw [W], utilization.gpu [%]
2026/09/30 13:44:30.040, 352 MHz, 405 MHz, 0x0000000000000000, 29.89 W, 0 %
2026/09/30 13:44:30.551, 352 MHz, 405 MHz, 0x0000000000000000, 29.96 W, 0 %
2026/09/30 13:44:31.060, 352 MHz, 405 MHz, 0x0000000000000000, 29.50 W, 0 %
2026/09/30 13:44:31.571, 367 MHz, 405 MHz, 0x0000000000000000, 29.40 W, 0 %
2026/09/30 13:44:32.083, 367 MHz, 405 MHz, 0x0000000000000000, 29.45 W, 0 %
2026/09/30 13:44:32.594, 367 MHz, 405 MHz, 0x0000000000000000, 29.49 W, 0 %
2026/09/30 13:44:33.106, 367 MHz, 405 MHz, 0x0000000000000000, 29.62 W, 0 %
2026/09/30 13:44:33.618, 367 MHz, 405 MHz, 0x0000000000000000, 29.69 W, 0 %
2026/09/30 13:44:34.127, 367 MHz, 405 MHz, 0x0000000000000000, 29.67 W, 0 %
2026/09/30 13:44:34.635, 367 MHz, 405 MHz, 0x0000000000000000, 29.69 W, 0 %
2026/09/30 13:44:35.148, 367 MHz, 405 MHz, 0x0000000000000000, 29.83 W, 0 %
2026/09/30 13:44:35.660, 367 MHz, 405 MHz, 0x0000000000000000, 29.95 W, 0 %
2026/09/30 13:44:36.170, 345 MHz, 405 MHz, 0x0000000000000000, 29.77 W, 0 %
2026/09/30 13:44:36.682, 352 MHz, 405 MHz, 0x0000000000000000, 29.64 W, 0 %
2026/09/30 13:44:37.193, 352 MHz, 405 MHz, 0x0000000000000000, 30.02 W, 0 %
2026/09/30 13:44:37.704, 352 MHz, 405 MHz, 0x0000000000000000, 30.18 W, 0 %
2026/09/30 13:44:38.213, 352 MHz, 405 MHz, 0x0000000000000000, 30.02 W, 0 %
2026/09/30 13:44:38.722, 352 MHz, 405 MHz, 0x0000000000000000, 29.84 W, 0 %
2026/09/30 13:44:39.230, 352 MHz, 405 MHz, 0x0000000000000000, 29.99 W, 0 %
2026/09/30 13:44:39.740, 352 MHz, 405 MHz, 0x0000000000000000, 29.95 W, 0 %
2026/09/30 13:44:40.250, 352 MHz, 405 MHz, 0x0000000000000000, 29.86 W, 0 %
2026/09/30 13:44:40.759, 367 MHz, 405 MHz, 0x0000000000000000, 30.07 W, 0 %
2026/09/30 13:44:41.270, 367 MHz, 405 MHz, 0x0000000000000000, 30.39 W, 0 %
2026/09/30 13:44:41.781, 367 MHz, 405 MHz, 0x0000000000000000, 30.47 W, 0 %
2026/09/30 13:44:42.292, 367 MHz, 405 MHz, 0x0000000000000000, 30.12 W, 0 %
2026/09/30 13:44:42.805, 367 MHz, 405 MHz, 0x0000000000000000, 29.75 W, 0 %
2026/09/30 13:44:43.318, 367 MHz, 405 MHz, 0x0000000000000000, 29.72 W, 0 %
2026/09/30 13:44:43.830, 360 MHz, 405 MHz, 0x0000000000000000, 29.78 W, 0 %
2026/09/30 13:44:44.339, 367 MHz, 405 MHz, 0x0000000000000000, 29.78 W, 0 %
2026/09/30 13:44:44.847, 367 MHz, 405 MHz, 0x0000000000000000, 29.95 W, 0 %
2026/09/30 13:44:45.360, 352 MHz, 405 MHz, 0x0000000000000000, 30.20 W, 0 %
2026/09/30 13:44:45.872, 352 MHz, 405 MHz, 0x0000000000000000, 30.29 W, 0 %
2026/09/30 13:44:46.382, 352 MHz, 405 MHz, 0x0000000000000000, 30.49 W, 0 %
2026/09/30 13:44:46.889, 352 MHz, 405 MHz, 0x0000000000000000, 30.49 W, 0 %
2026/09/30 13:44:47.403, 352 MHz, 405 MHz, 0x0000000000000000, 30.33 W, 0 %
2026/09/30 13:44:47.909, 352 MHz, 405 MHz, 0x0000000000000000, 30.36 W, 0 %
2026/09/30 13:44:48.419, 352 MHz, 405 MHz, 0x0000000000000000, 30.49 W, 0 %
2026/09/30 13:44:48.935, 352 MHz, 405 MHz, 0x0000000000000000, 30.59 W, 0 %
2026/09/30 13:44:49.447, 352 MHz, 405 MHz, 0x0000000000000000, 30.70 W, 0 %
2026/09/30 13:44:49.957, 367 MHz, 405 MHz, 0x0000000000000000, 30.73 W, 0 %
2026/09/30 13:44:50.464, 367 MHz, 405 MHz, 0x0000000000000000, 30.37 W, 0 %
2026/09/30 13:44:50.973, 367 MHz, 405 MHz, 0x0000000000000000, 29.84 W, 0 %
2026/09/30 13:44:51.478, 367 MHz, 405 MHz, 0x0000000000000000, 29.64 W, 0 %
2026/09/30 13:44:51.989, 367 MHz, 405 MHz, 0x0000000000000000, 29.47 W, 0 %
2026/09/30 13:44:52.500, 367 MHz, 405 MHz, 0x0000000000000000, 29.37 W, 0 %
2026/09/30 13:44:53.013, 367 MHz, 405 MHz, 0x0000000000000000, 29.51 W, 0 %
2026/09/30 13:44:53.525, 367 MHz, 405 MHz, 0x0000000000000000, 29.59 W, 0 %
2026/09/30 13:44:54.036, 352 MHz, 405 MHz, 0x0000000000000000, 29.68 W, 0 %
2026/09/30 13:44:54.549, 352 MHz, 405 MHz, 0x0000000000000000, 29.92 W, 0 %
2026/09/30 13:44:55.060, 352 MHz, 405 MHz, 0x0000000000000000, 29.71 W, 0 %
2026/09/30 13:44:55.560, 352 MHz, 405 MHz, 0x0000000000000000, 29.68 W, 0 %
2026/09/30 13:44:56.069, 345 MHz, 405 MHz, 0x0000000000000000, 29.75 W, 0 %
2026/09/30 13:44:56.575, 352 MHz, 405 MHz, 0x0000000000000000, 29.85 W, 0 %
2026/09/30 13:44:57.083, 345 MHz, 405 MHz, 0x0000000000000000, 30.00 W, 0 %
2026/09/30 13:44:57.594, 352 MHz, 405 MHz, 0x0000000000000000, 30.02 W, 0 %
2026/09/30 13:44:58.101, 352 MHz, 405 MHz, 0x0000000000000000, 30.00 W, 0 %
2026/09/30 13:44:58.606, 352 MHz, 405 MHz, 0x0000000000000000, 30.09 W, 0 %
2026/09/30 13:44:59.113, 367 MHz, 405 MHz, 0x0000000000000000, 30.05 W, 0 %
2026/09/30 13:44:59.619, 367 MHz, 405 MHz, 0x0000000000000000, 29.90 W, 0 %
2026/09/30 13:45:00.126, 367 MHz, 405 MHz, 0x0000000000000000, 29.89 W, 0 %
2026/09/30 13:45:00.637, 352 MHz, 405 MHz, 0x0000000000000000, 30.24 W, 0 %
2026/09/30 13:45:01.147, 367 MHz, 405 MHz, 0x0000000000000000, 30.70 W, 0 %
2026/09/30 13:45:01.655, 367 MHz, 405 MHz, 0x0000000000000000, 30.84 W, 0 %
2026/09/30 13:45:02.170, 375 MHz, 405 MHz, 0x0000000000000000, 30.43 W, 0 %
2026/09/30 13:45:02.683, 352 MHz, 405 MHz, 0x0000000000000000, 30.28 W, 0 %
2026/09/30 13:45:03.193, 352 MHz, 405 MHz, 0x0000000000000000, 30.15 W, 0 %
2026/09/30 13:45:03.703, 352 MHz, 405 MHz, 0x0000000000000000, 30.25 W, 0 %
2026/09/30 13:45:04.209, 375 MHz, 405 MHz, 0x0000000000000000, 30.36 W, 0 %
2026/09/30 13:45:04.721, 352 MHz, 405 MHz, 0x0000000000000000, 30.20 W, 0 %
2026/09/30 13:45:05.229, 352 MHz, 405 MHz, 0x0000000000000000, 30.02 W, 0 %
2026/09/30 13:45:05.737, 352 MHz, 405 MHz, 0x0000000000000000, 29.77 W, 0 %
2026/09/30 13:45:06.249, 352 MHz, 405 MHz, 0x0000000000000000, 29.73 W, 0 %
2026/09/30 13:45:06.761, 352 MHz, 405 MHz, 0x0000000000000000, 29.64 W, 0 %
2026/09/30 13:45:07.274, 367 MHz, 405 MHz, 0x0000000000000000, 29.38 W, 0 %
2026/09/30 13:45:07.785, 367 MHz, 405 MHz, 0x0000000000000000, 29.62 W, 0 %
2026/09/30 13:45:08.296, 367 MHz, 405 MHz, 0x0000000000000000, 29.92 W, 0 %
2026/09/30 13:45:08.810, 367 MHz, 405 MHz, 0x0000000000000000, 29.93 W, 0 %
2026/09/30 13:45:09.325, 367 MHz, 405 MHz, 0x0000000000000000, 29.75 W, 0 %
2026/09/30 13:45:09.835, 367 MHz, 405 MHz, 0x0000000000000000, 29.53 W, 0 %
2026/09/30 13:45:10.348, 367 MHz, 405 MHz, 0x0000000000000000, 29.28 W, 0 %
2026/09/30 13:45:10.860, 367 MHz, 405 MHz, 0x0000000000000000, 29.09 W, 0 %
2026/09/30 13:45:11.374, 367 MHz, 405 MHz, 0x0000000000000000, 29.11 W, 0 %
2026/09/30 13:45:11.884, 352 MHz, 405 MHz, 0x0000000000000000, 29.09 W, 0 %
2026/09/30 13:45:12.398, 352 MHz, 405 MHz, 0x0000000000000000, 29.02 W, 0 %
2026/09/30 13:45:12.898, 352 MHz, 405 MHz, 0x0000000000000000, 28.85 W, 0 %
2026/09/30 13:45:13.410, 352 MHz, 405 MHz, 0x0000000000000000, 28.87 W, 0 %
2026/09/30 13:45:13.924, 352 MHz, 405 MHz, 0x0000000000000000, 29.22 W, 0 %
2026/09/30 13:45:14.438, 352 MHz, 405 MHz, 0x0000000000000000, 29.37 W, 0 %
2026/09/30 13:45:14.947, 352 MHz, 405 MHz, 0x0000000000000000, 29.26 W, 0 %
2026/09/30 13:45:15.455, 352 MHz, 405 MHz, 0x0000000000000000, 29.22 W, 0 %
2026/09/30 13:45:15.967, 352 MHz, 405 MHz, 0x0000000000000000, 29.47 W, 0 %
2026/09/30 13:45:16.480, 367 MHz, 405 MHz, 0x0000000000000000, 29.53 W, 0 %
2026/09/30 13:45:16.991, 360 MHz, 405 MHz, 0x0000000000000000, 29.36 W, 0 %
2026/09/30 13:45:17.505, 352 MHz, 405 MHz, 0x0000000000000000, 29.46 W, 0 %
2026/09/30 13:45:18.015, 367 MHz, 405 MHz, 0x0000000000000000, 29.47 W, 0 %
2026/09/30 13:45:18.525, 367 MHz, 405 MHz, 0x0000000000000000, 29.45 W, 0 %
2026/09/30 13:45:19.037, 367 MHz, 405 MHz, 0x0000000000000000, 29.48 W, 0 %
2026/09/30 13:45:19.547, 367 MHz, 405 MHz, 0x0000000000000000, 29.64 W, 0 %
2026/09/30 13:45:20.060, 360 MHz, 405 MHz, 0x0000000000000000, 29.87 W, 0 %
2026/09/30 13:45:20.569, 352 MHz, 405 MHz, 0x0000000000000000, 29.51 W, 0 %
2026/09/30 13:45:21.078, 352 MHz, 405 MHz, 0x0000000000000000, 29.43 W, 0 %
2026/09/30 13:45:21.592, 352 MHz, 405 MHz, 0x0000000000000000, 29.64 W, 0 %
2026/09/30 13:45:22.105, 352 MHz, 405 MHz, 0x0000000000000000, 29.92 W, 0 %
2026/09/30 13:45:22.615, 352 MHz, 405 MHz, 0x0000000000000000, 29.95 W, 0 %
2026/09/30 13:45:23.127, 352 MHz, 405 MHz, 0x0000000000000000, 29.88 W, 0 %
2026/09/30 13:45:23.638, 352 MHz, 405 MHz, 0x0000000000000000, 29.98 W, 0 %
2026/09/30 13:45:24.147, 352 MHz, 405 MHz, 0x0000000000000000, 29.58 W, 0 %
2026/09/30 13:45:24.648, 367 MHz, 405 MHz, 0x0000000000000000, 29.01 W, 0 %
2026/09/30 13:45:25.161, 367 MHz, 405 MHz, 0x0000000000000000, 28.84 W, 0 %
2026/09/30 13:45:25.673, 367 MHz, 405 MHz, 0x0000000000000000, 29.04 W, 0 %
2026/09/30 13:45:26.178, 367 MHz, 405 MHz, 0x0000000000000000, 29.11 W, 0 %
2026/09/30 13:45:26.686, 367 MHz, 405 MHz, 0x0000000000000000, 29.11 W, 0 %
2026/09/30 13:45:27.200, 367 MHz, 405 MHz, 0x0000000000000000, 28.85 W, 0 %
2026/09/30 13:45:27.711, 367 MHz, 405 MHz, 0x0000000000000000, 28.56 W, 0 %
2026/09/30 13:45:28.226, 360 MHz, 405 MHz, 0x0000000000000000, 28.46 W, 0 %
2026/09/30 13:45:28.738, 367 MHz, 405 MHz, 0x0000000000000000, 28.51 W, 0 %
2026/09/30 13:45:29.248, 352 MHz, 405 MHz, 0x0000000000000000, 28.57 W, 0 %
2026/09/30 13:45:29.755, 352 MHz, 405 MHz, 0x0000000000000000, 28.59 W, 0 %
2026/09/30 13:45:30.266, 352 MHz, 405 MHz, 0x0000000000000000, 28.80 W, 0 %
2026/09/30 13:45:30.778, 352 MHz, 405 MHz, 0x0000000000000000, 29.11 W, 0 %
2026/09/30 13:45:31.288, 352 MHz, 405 MHz, 0x0000000000000000, 28.89 W, 0 %
2026/09/30 13:45:31.789, 352 MHz, 405 MHz, 0x0000000000000000, 28.98 W, 0 %
2026/09/30 13:45:32.303, 352 MHz, 405 MHz, 0x0000000000000000, 29.16 W, 0 %
2026/09/30 13:45:32.813, 352 MHz, 405 MHz, 0x0000000000000000, 29.24 W, 0 %
2026/09/30 13:45:33.323, 352 MHz, 405 MHz, 0x0000000000000000, 29.10 W, 0 %
2026/09/30 13:45:33.834, 367 MHz, 405 MHz, 0x0000000000000000, 29.06 W, 0 %
2026/09/30 13:45:34.343, 367 MHz, 405 MHz, 0x0000000000000000, 28.97 W, 0 %
2026/09/30 13:45:34.848, 367 MHz, 405 MHz, 0x0000000000000000, 29.14 W, 0 %
2026/09/30 13:45:35.361, 367 MHz, 405 MHz, 0x0000000000000000, 29.41 W, 0 %
2026/09/30 13:45:35.874, 367 MHz, 405 MHz, 0x0000000000000000, 29.43 W, 0 %
2026/09/30 13:45:36.389, 367 MHz, 405 MHz, 0x0000000000000000, 29.37 W, 0 %
2026/09/30 13:45:36.898, 352 MHz, 405 MHz, 0x0000000000000000, 29.39 W, 0 %
2026/09/30 13:45:37.410, 360 MHz, 405 MHz, 0x0000000000000000, 29.31 W, 0 %
2026/09/30 13:45:37.925, 352 MHz, 405 MHz, 0x0000000000000000, 29.05 W, 0 %
2026/09/30 13:45:38.436, 352 MHz, 405 MHz, 0x0000000000000000, 28.88 W, 0 %
2026/09/30 13:45:38.950, 352 MHz, 405 MHz, 0x0000000000000000, 28.92 W, 0 %
2026/09/30 13:45:39.459, 352 MHz, 405 MHz, 0x0000000000000000, 28.94 W, 0 %
2026/09/30 13:45:39.971, 352 MHz, 405 MHz, 0x0000000000000000, 28.93 W, 0 %
2026/09/30 13:45:40.485, 352 MHz, 405 MHz, 0x0000000000000000, 28.78 W, 0 %
2026/09/30 13:45:40.997, 352 MHz, 405 MHz, 0x0000000000000000, 29.05 W, 0 %
2026/09/30 13:45:41.509, 352 MHz, 405 MHz, 0x0000000000000000, 29.10 W, 0 %
2026/09/30 13:45:42.020, 352 MHz, 405 MHz, 0x0000000000000000, 29.13 W, 0 %
2026/09/30 13:45:42.521, 352 MHz, 405 MHz, 0x0000000000000000, 28.95 W, 0 %
2026/09/30 13:45:43.033, 367 MHz, 405 MHz, 0x0000000000000000, 28.78 W, 0 %
2026/09/30 13:45:43.546, 375 MHz, 405 MHz, 0x0000000000000000, 28.82 W, 0 %
2026/09/30 13:45:44.054, 367 MHz, 405 MHz, 0x0000000000000000, 28.83 W, 0 %
2026/09/30 13:45:44.561, 367 MHz, 405 MHz, 0x0000000000000000, 28.90 W, 0 %
2026/09/30 13:45:45.074, 2452 MHz, 13801 MHz, 0x0000000000000000, 51.08 W, 19 %
2026/09/30 13:45:45.586, 2467 MHz, 13801 MHz, 0x0000000000000000, 67.16 W, 19 %
2026/09/30 13:45:46.096, 2430 MHz, 13801 MHz, 0x0000000000000000, 67.23 W, 0 %
2026/09/30 13:45:46.610, 2430 MHz, 13801 MHz, 0x0000000000000000, 63.08 W, 0 %
2026/09/30 13:45:47.118, 2430 MHz, 13801 MHz, 0x0000000000000000, 61.70 W, 0 %
2026/09/30 13:45:47.619, 2430 MHz, 13801 MHz, 0x0000000000000000, 61.71 W, 1 %
2026/09/30 13:45:48.120, 2430 MHz, 13801 MHz, 0x0000000000000000, 61.69 W, 0 %
2026/09/30 13:45:48.628, 2430 MHz, 13801 MHz, 0x0000000000000000, 61.79 W, 1 %
2026/09/30 13:45:49.129, 2430 MHz, 13801 MHz, 0x0000000000000000, 61.74 W, 0 %
2026/09/30 13:45:49.643, 2430 MHz, 13801 MHz, 0x0000000000000000, 61.64 W, 0 %
2026/09/30 13:45:50.145, 2430 MHz, 13801 MHz, 0x0000000000000000, 61.54 W, 0 %
2026/09/30 13:45:50.659, 2430 MHz, 13801 MHz, 0x0000000000000000, 61.66 W, 1 %
2026/09/30 13:45:51.167, 1530 MHz, 810 MHz, 0x0000000000000000, 54.60 W, 3 %
2026/09/30 13:45:51.671, 870 MHz, 810 MHz, 0x0000000000000000, 43.83 W, 4 %
2026/09/30 13:45:52.184, 810 MHz, 810 MHz, 0x0000000000000000, 35.93 W, 1 %
2026/09/30 13:45:52.694, 675 MHz, 405 MHz, 0x0000000000000000, 34.71 W, 2 %
2026/09/30 13:45:53.207, 585 MHz, 405 MHz, 0x0000000000000000, 33.34 W, 2 %
2026/09/30 13:45:53.719, 652 MHz, 405 MHz, 0x0000000000000000, 32.78 W, 2 %
2026/09/30 13:45:54.231, 555 MHz, 405 MHz, 0x0000000000000000, 33.22 W, 5 %
2026/09/30 13:45:54.744, 630 MHz, 405 MHz, 0x0000000000000000, 33.17 W, 2 %
2026/09/30 13:45:55.257, 495 MHz, 405 MHz, 0x0000000000000000, 32.79 W, 2 %
2026/09/30 13:45:55.769, 450 MHz, 405 MHz, 0x0000000000000000, 31.62 W, 2 %
2026/09/30 13:45:56.281, 502 MHz, 405 MHz, 0x0000000000000000, 31.74 W, 2 %
2026/09/30 13:45:56.792, 480 MHz, 405 MHz, 0x0000000000000000, 32.07 W, 3 %
2026/09/30 13:45:57.304, 450 MHz, 405 MHz, 0x0000000000000000, 32.15 W, 3 %
2026/09/30 13:45:57.812, 547 MHz, 405 MHz, 0x0000000000000000, 32.62 W, 3 %
2026/09/30 13:45:58.324, 442 MHz, 405 MHz, 0x0000000000000000, 32.64 W, 2 %
2026/09/30 13:45:58.838, 465 MHz, 405 MHz, 0x0000000000000000, 32.29 W, 6 %
2026/09/30 13:45:59.350, 457 MHz, 405 MHz, 0x0000000000000000, 32.34 W, 4 %
2026/09/30 13:45:59.862, 540 MHz, 405 MHz, 0x0000000000000000, 32.88 W, 6 %
2026/09/30 13:46:00.374, 592 MHz, 405 MHz, 0x0000000000000000, 33.47 W, 7 %
2026/09/30 13:46:00.884, 547 MHz, 405 MHz, 0x0000000000000000, 33.62 W, 6 %
2026/09/30 13:46:01.393, 510 MHz, 405 MHz, 0x0000000000000000, 33.72 W, 6 %
2026/09/30 13:46:01.899, 607 MHz, 405 MHz, 0x0000000000000000, 33.97 W, 4 %
2026/09/30 13:46:02.408, 645 MHz, 405 MHz, 0x0000000000000000, 33.85 W, 3 %
2026/09/30 13:46:02.916, 487 MHz, 405 MHz, 0x0000000000000000, 32.92 W, 3 %
2026/09/30 13:46:03.423, 517 MHz, 405 MHz, 0x0000000000000000, 32.17 W, 2 %
2026/09/30 13:46:03.930, 570 MHz, 405 MHz, 0x0000000000000000, 32.66 W, 5 %
2026/09/30 13:46:04.440, 397 MHz, 405 MHz, 0x0000000000000000, 31.65 W, 8 %
2026/09/30 13:46:04.950, 412 MHz, 405 MHz, 0x0000000000000000, 30.44 W, 6 %
2026/09/30 13:46:05.462, 465 MHz, 405 MHz, 0x0000000000000000, 31.52 W, 7 %
2026/09/30 13:46:05.975, 457 MHz, 405 MHz, 0x0000000000000000, 32.24 W, 7 %
2026/09/30 13:46:06.475, 457 MHz, 405 MHz, 0x0000000000000000, 32.07 W, 3 %
2026/09/30 13:46:06.989, 450 MHz, 405 MHz, 0x0000000000000000, 31.71 W, 2 %
2026/09/30 13:46:07.503, 465 MHz, 405 MHz, 0x0000000000000000, 31.59 W, 3 %
2026/09/30 13:46:08.016, 517 MHz, 405 MHz, 0x0000000000000000, 32.17 W, 3 %
2026/09/30 13:46:08.531, 555 MHz, 405 MHz, 0x0000000000000000, 32.86 W, 6 %
2026/09/30 13:46:09.044, 472 MHz, 405 MHz, 0x0000000000000000, 32.61 W, 5 %
2026/09/30 13:46:09.558, 495 MHz, 405 MHz, 0x0000000000000000, 32.20 W, 4 %
2026/09/30 13:46:10.071, 465 MHz, 405 MHz, 0x0000000000000000, 31.98 W, 5 %
2026/09/30 13:46:10.580, 480 MHz, 405 MHz, 0x0000000000000000, 31.36 W, 2 %
2026/09/30 13:46:11.093, 480 MHz, 405 MHz, 0x0000000000000000, 31.28 W, 1 %
2026/09/30 13:46:11.607, 480 MHz, 405 MHz, 0x0000000000000000, 31.91 W, 6 %
2026/09/30 13:46:12.117, 570 MHz, 405 MHz, 0x0000000000000000, 32.66 W, 1 %
2026/09/30 13:46:12.626, 525 MHz, 405 MHz, 0x0000000000000000, 32.61 W, 3 %
2026/09/30 13:46:13.139, 562 MHz, 405 MHz, 0x0000000000000000, 32.65 W, 5 %
2026/09/30 13:46:13.652, 412 MHz, 405 MHz, 0x0000000000000000, 32.14 W, 3 %
2026/09/30 13:46:14.162, 352 MHz, 405 MHz, 0x0000000000000000, 30.26 W, 6 %
2026/09/30 13:46:14.673, 352 MHz, 405 MHz, 0x0000000000000000, 29.11 W, 9 %
2026/09/30 13:46:15.181, 352 MHz, 405 MHz, 0x0000000000000000, 29.08 W, 7 %
2026/09/30 13:46:15.692, 352 MHz, 405 MHz, 0x0000000000000000, 28.95 W, 1 %
2026/09/30 13:46:16.201, 352 MHz, 405 MHz, 0x0000000000000000, 28.68 W, 1 %
2026/09/30 13:46:16.714, 352 MHz, 405 MHz, 0x0000000000000000, 28.78 W, 2 %
2026/09/30 13:46:17.226, 352 MHz, 405 MHz, 0x0000000000000000, 28.95 W, 5 %
2026/09/30 13:46:17.738, 360 MHz, 405 MHz, 0x0000000000000000, 29.03 W, 6 %
2026/09/30 13:46:18.251, 360 MHz, 405 MHz, 0x0000000000000000, 28.99 W, 4 %
2026/09/30 13:46:18.760, 367 MHz, 405 MHz, 0x0000000000000000, 28.97 W, 0 %
2026/09/30 13:46:19.270, 495 MHz, 405 MHz, 0x0000000000000000, 30.21 W, 4 %
2026/09/30 13:46:19.784, 540 MHz, 405 MHz, 0x0000000000000000, 31.61 W, 2 %
2026/09/30 13:46:20.290, 577 MHz, 405 MHz, 0x0000000000000000, 32.60 W, 8 %
2026/09/30 13:46:20.800, 615 MHz, 405 MHz, 0x0000000000000000, 33.42 W, 7 %
2026/09/30 13:46:21.308, 637 MHz, 405 MHz, 0x0000000000000000, 33.87 W, 8 %
2026/09/30 13:46:21.815, 517 MHz, 405 MHz, 0x0000000000000000, 33.20 W, 6 %
2026/09/30 13:46:22.323, 592 MHz, 405 MHz, 0x0000000000000000, 33.28 W, 7 %
2026/09/30 13:46:22.835, 532 MHz, 405 MHz, 0x0000000000000000, 33.28 W, 5 %
2026/09/30 13:46:23.343, 592 MHz, 405 MHz, 0x0000000000000000, 33.39 W, 6 %
2026/09/30 13:46:23.854, 532 MHz, 405 MHz, 0x0000000000000000, 32.94 W, 8 %
2026/09/30 13:46:24.364, 375 MHz, 405 MHz, 0x0000000000000000, 30.74 W, 8 %
2026/09/30 13:46:24.875, 585 MHz, 405 MHz, 0x0000000000000000, 30.61 W, 5 %
2026/09/30 13:46:25.387, 592 MHz, 405 MHz, 0x0000000000000000, 32.63 W, 7 %
2026/09/30 13:46:25.899, 487 MHz, 405 MHz, 0x0000000000000000, 32.46 W, 5 %
2026/09/30 13:46:26.409, 510 MHz, 405 MHz, 0x0000000000000000, 31.60 W, 4 %
2026/09/30 13:46:26.919, 465 MHz, 405 MHz, 0x0000000000000000, 31.14 W, 3 %
2026/09/30 13:46:27.430, 457 MHz, 405 MHz, 0x0000000000000000, 30.60 W, 2 %
2026/09/30 13:46:27.945, 465 MHz, 405 MHz, 0x0000000000000000, 30.96 W, 7 %
2026/09/30 13:46:28.454, 547 MHz, 405 MHz, 0x0000000000000000, 31.91 W, 5 %
2026/09/30 13:46:28.964, 532 MHz, 405 MHz, 0x0000000000000000, 32.23 W, 2 %
2026/09/30 13:46:29.477, 562 MHz, 405 MHz, 0x0000000000000000, 32.08 W, 2 %
2026/09/30 13:46:29.977, 540 MHz, 405 MHz, 0x0000000000000000, 31.95 W, 3 %
2026/09/30 13:46:30.487, 487 MHz, 405 MHz, 0x0000000000000000, 31.81 W, 8 %
2026/09/30 13:46:30.999, 472 MHz, 405 MHz, 0x0000000000000000, 32.00 W, 5 %
2026/09/30 13:46:31.500, 502 MHz, 405 MHz, 0x0000000000000000, 32.05 W, 9 %
2026/09/30 13:46:32.011, 630 MHz, 405 MHz, 0x0000000000000000, 32.77 W, 6 %
2026/09/30 13:46:32.527, 592 MHz, 405 MHz, 0x0000000000000000, 33.53 W, 6 %
2026/09/30 13:46:33.041, 547 MHz, 405 MHz, 0x0000000000000000, 32.86 W, 3 %
2026/09/30 13:46:33.553, 472 MHz, 405 MHz, 0x0000000000000000, 31.90 W, 2 %
2026/09/30 13:46:34.066, 510 MHz, 405 MHz, 0x0000000000000000, 31.61 W, 6 %
2026/09/30 13:46:34.580, 645 MHz, 405 MHz, 0x0000000000000000, 33.09 W, 7 %
2026/09/30 13:46:35.094, 637 MHz, 405 MHz, 0x0000000000000000, 32.97 W, 4 %
2026/09/30 13:46:35.609, 472 MHz, 405 MHz, 0x0000000000000000, 32.41 W, 6 %
2026/09/30 13:46:36.120, 607 MHz, 405 MHz, 0x0000000000000000, 32.51 W, 2 %
2026/09/30 13:46:36.631, 517 MHz, 405 MHz, 0x0000000000000000, 32.39 W, 4 %
2026/09/30 13:46:37.146, 562 MHz, 405 MHz, 0x0000000000000000, 31.94 W, 7 %
2026/09/30 13:46:37.661, 547 MHz, 405 MHz, 0x0000000000000000, 32.31 W, 3 %
2026/09/30 13:46:38.173, 532 MHz, 405 MHz, 0x0000000000000000, 32.53 W, 5 %
2026/09/30 13:46:38.674, 487 MHz, 405 MHz, 0x0000000000000000, 32.03 W, 2 %
2026/09/30 13:46:39.189, 450 MHz, 405 MHz, 0x0000000000000000, 31.31 W, 4 %
2026/09/30 13:46:39.690, 525 MHz, 405 MHz, 0x0000000000000000, 31.63 W, 3 %
2026/09/30 13:46:40.202, 457 MHz, 405 MHz, 0x0000000000000000, 31.89 W, 3 %
2026/09/30 13:46:40.716, 502 MHz, 405 MHz, 0x0000000000000000, 31.53 W, 6 %
2026/09/30 13:46:41.217, 562 MHz, 405 MHz, 0x0000000000000000, 32.03 W, 3 %
2026/09/30 13:46:41.729, 480 MHz, 405 MHz, 0x0000000000000000, 32.07 W, 5 %
2026/09/30 13:46:42.240, 375 MHz, 405 MHz, 0x0000000000000000, 30.33 W, 9 %
2026/09/30 13:46:42.751, 592 MHz, 405 MHz, 0x0000000000000000, 31.18 W, 7 %
2026/09/30 13:46:43.265, 615 MHz, 405 MHz, 0x0000000000000000, 33.49 W, 6 %
2026/09/30 13:46:43.775, 630 MHz, 405 MHz, 0x0000000000000000, 33.76 W, 8 %
2026/09/30 13:46:44.285, 652 MHz, 405 MHz, 0x0000000000000000, 33.95 W, 9 %
2026/09/30 13:46:44.800, 667 MHz, 405 MHz, 0x0000000000000000, 34.18 W, 8 %
2026/09/30 13:46:45.313, 592 MHz, 405 MHz, 0x0000000000000000, 33.82 W, 7 %
2026/09/30 13:46:45.816, 540 MHz, 405 MHz, 0x0000000000000000, 32.88 W, 5 %
2026/09/30 13:46:46.331, 577 MHz, 405 MHz, 0x0000000000000000, 32.90 W, 7 %
2026/09/30 13:46:46.844, 525 MHz, 405 MHz, 0x0000000000000000, 32.71 W, 1 %
2026/09/30 13:46:47.357, 435 MHz, 405 MHz, 0x0000000000000000, 31.20 W, 0 %
2026/09/30 13:46:47.871, 480 MHz, 405 MHz, 0x0000000000000000, 30.79 W, 8 %
2026/09/30 13:46:48.382, 607 MHz, 405 MHz, 0x0000000000000000, 32.59 W, 8 %
2026/09/30 13:46:48.892, 675 MHz, 405 MHz, 0x0000000000000000, 34.01 W, 9 %
2026/09/30 13:46:49.400, 645 MHz, 405 MHz, 0x0000000000000000, 33.70 W, 5 %
2026/09/30 13:46:49.911, 652 MHz, 405 MHz, 0x0000000000000000, 33.59 W, 9 %
2026/09/30 13:46:50.423, 712 MHz, 405 MHz, 0x0000000000000000, 34.39 W, 6 %
2026/09/30 13:46:50.937, 697 MHz, 405 MHz, 0x0000000000000000, 34.88 W, 8 %
2026/09/30 13:46:51.449, 667 MHz, 405 MHz, 0x0000000000000000, 34.55 W, 8 %
2026/09/30 13:46:51.961, 570 MHz, 405 MHz, 0x0000000000000000, 33.62 W, 8 %
2026/09/30 13:46:52.474, 652 MHz, 405 MHz, 0x0000000000000000, 33.41 W, 6 %
2026/09/30 13:46:52.985, 675 MHz, 405 MHz, 0x0000000000000000, 34.19 W, 8 %
2026/09/30 13:46:53.498, 727 MHz, 405 MHz, 0x0000000000000000, 34.96 W, 8 %
2026/09/30 13:46:54.006, 675 MHz, 405 MHz, 0x0000000000000000, 34.59 W, 7 %
2026/09/30 13:46:54.521, 705 MHz, 405 MHz, 0x0000000000000000, 34.69 W, 9 %
2026/09/30 13:46:55.031, 660 MHz, 405 MHz, 0x0000000000000000, 34.79 W, 7 %
2026/09/30 13:46:55.544, 615 MHz, 405 MHz, 0x0000000000000000, 33.55 W, 5 %
2026/09/30 13:46:56.057, 540 MHz, 405 MHz, 0x0000000000000000, 32.26 W, 2 %
2026/09/30 13:46:56.569, 480 MHz, 405 MHz, 0x0000000000000000, 31.27 W, 2 %
2026/09/30 13:46:57.076, 585 MHz, 405 MHz, 0x0000000000000000, 31.92 W, 6 %
2026/09/30 13:46:57.582, 562 MHz, 405 MHz, 0x0000000000000000, 32.53 W, 5 %
2026/09/30 13:46:58.091, 525 MHz, 405 MHz, 0x0000000000000000, 31.72 W, 3 %
2026/09/30 13:46:58.602, 442 MHz, 405 MHz, 0x0000000000000000, 30.55 W, 2 %
2026/09/30 13:46:59.117, 465 MHz, 405 MHz, 0x0000000000000000, 30.45 W, 4 %
2026/09/30 13:46:59.631, 487 MHz, 405 MHz, 0x0000000000000000, 30.54 W, 3 %
2026/09/30 13:47:00.142, 352 MHz, 405 MHz, 0x0000000000000000, 29.64 W, 5 %
2026/09/30 13:47:00.654, 352 MHz, 405 MHz, 0x0000000000000000, 29.39 W, 3 %
2026/09/30 13:47:01.163, 457 MHz, 405 MHz, 0x0000000000000000, 31.25 W, 7 %
2026/09/30 13:47:01.674, 607 MHz, 405 MHz, 0x0000000000000000, 32.56 W, 6 %
2026/09/30 13:47:02.186, 517 MHz, 405 MHz, 0x0000000000000000, 31.64 W, 2 %
2026/09/30 13:47:02.701, 510 MHz, 405 MHz, 0x0000000000000000, 30.80 W, 2 %
2026/09/30 13:47:03.202, 450 MHz, 405 MHz, 0x0000000000000000, 30.39 W, 2 %
2026/09/30 13:47:03.716, 480 MHz, 405 MHz, 0x0000000000000000, 30.51 W, 4 %
2026/09/30 13:47:04.223, 457 MHz, 405 MHz, 0x0000000000000000, 30.87 W, 3 %
2026/09/30 13:47:04.734, 622 MHz, 405 MHz, 0x0000000000000000, 32.28 W, 2 %
2026/09/30 13:47:05.242, 540 MHz, 405 MHz, 0x0000000000000000, 32.64 W, 4 %
2026/09/30 13:47:05.755, 525 MHz, 405 MHz, 0x0000000000000000, 31.75 W, 2 %
2026/09/30 13:47:06.263, 480 MHz, 405 MHz, 0x0000000000000000, 31.51 W, 6 %
2026/09/30 13:47:06.774, 495 MHz, 405 MHz, 0x0000000000000000, 31.54 W, 3 %
2026/09/30 13:47:07.283, 487 MHz, 405 MHz, 0x0000000000000000, 31.68 W, 3 %
2026/09/30 13:47:07.790, 397 MHz, 405 MHz, 0x0000000000000000, 31.02 W, 2 %
2026/09/30 13:47:08.300, 510 MHz, 405 MHz, 0x0000000000000000, 30.94 W, 4 %
2026/09/30 13:47:08.806, 502 MHz, 405 MHz, 0x0000000000000000, 31.27 W, 5 %
2026/09/30 13:47:09.313, 495 MHz, 405 MHz, 0x0000000000000000, 31.69 W, 6 %
2026/09/30 13:47:09.821, 607 MHz, 405 MHz, 0x0000000000000000, 32.43 W, 5 %
2026/09/30 13:47:10.336, 502 MHz, 405 MHz, 0x0000000000000000, 31.97 W, 6 %
2026/09/30 13:47:10.847, 547 MHz, 405 MHz, 0x0000000000000000, 31.66 W, 5 %
2026/09/30 13:47:11.360, 495 MHz, 405 MHz, 0x0000000000000000, 31.74 W, 2 %
2026/09/30 13:47:11.871, 465 MHz, 405 MHz, 0x0000000000000000, 31.29 W, 6 %
2026/09/30 13:47:12.381, 592 MHz, 405 MHz, 0x0000000000000000, 31.59 W, 2 %
2026/09/30 13:47:12.894, 495 MHz, 405 MHz, 0x0000000000000000, 31.52 W, 4 %
2026/09/30 13:47:13.409, 495 MHz, 405 MHz, 0x0000000000000000, 30.83 W, 2 %
2026/09/30 13:47:13.921, 480 MHz, 405 MHz, 0x0000000000000000, 30.41 W, 2 %
2026/09/30 13:47:14.425, 487 MHz, 405 MHz, 0x0000000000000000, 30.78 W, 4 %
2026/09/30 13:47:14.937, 517 MHz, 405 MHz, 0x0000000000000000, 31.03 W, 3 %
2026/09/30 13:47:15.450, 465 MHz, 405 MHz, 0x0000000000000000, 30.80 W, 3 %
2026/09/30 13:47:15.963, 495 MHz, 405 MHz, 0x0000000000000000, 30.66 W, 2 %
2026/09/30 13:47:16.478, 517 MHz, 405 MHz, 0x0000000000000000, 30.93 W, 5 %
2026/09/30 13:47:16.990, 457 MHz, 405 MHz, 0x0000000000000000, 30.68 W, 2 %
2026/09/30 13:47:17.504, 427 MHz, 405 MHz, 0x0000000000000000, 30.45 W, 3 %
2026/09/30 13:47:18.017, 442 MHz, 405 MHz, 0x0000000000000000, 30.80 W, 5 %
2026/09/30 13:47:18.529, 450 MHz, 405 MHz, 0x0000000000000000, 31.21 W, 4 %
2026/09/30 13:47:19.043, 465 MHz, 405 MHz, 0x0000000000000000, 31.58 W, 8 %
2026/09/30 13:47:19.557, 637 MHz, 405 MHz, 0x0000000000000000, 32.98 W, 4 %
2026/09/30 13:47:20.071, 480 MHz, 405 MHz, 0x0000000000000000, 33.03 W, 8 %
2026/09/30 13:47:20.580, 720 MHz, 405 MHz, 0x0000000000000000, 33.04 W, 7 %
2026/09/30 13:47:21.091, 660 MHz, 405 MHz, 0x0000000000000000, 33.21 W, 2 %
2026/09/30 13:47:21.606, 570 MHz, 405 MHz, 0x0000000000000000, 30.76 W, 7 %
2026/09/30 13:47:22.121, 652 MHz, 405 MHz, 0x0000000000000000, 32.78 W, 6 %
2026/09/30 13:47:22.631, 637 MHz, 405 MHz, 0x0000000000000000, 33.44 W, 7 %
2026/09/30 13:47:23.144, 660 MHz, 405 MHz, 0x0000000000000000, 34.00 W, 8 %
2026/09/30 13:47:23.656, 720 MHz, 405 MHz, 0x0000000000000000, 34.70 W, 8 %
2026/09/30 13:47:24.168, 712 MHz, 405 MHz, 0x0000000000000000, 34.96 W, 8 %
2026/09/30 13:47:24.682, 697 MHz, 405 MHz, 0x0000000000000000, 34.57 W, 8 %
2026/09/30 13:47:25.192, 660 MHz, 405 MHz, 0x0000000000000000, 34.28 W, 8 %
2026/09/30 13:47:25.707, 667 MHz, 405 MHz, 0x0000000000000000, 33.65 W, 5 %
2026/09/30 13:47:26.220, 555 MHz, 405 MHz, 0x0000000000000000, 32.56 W, 3 %
2026/09/30 13:47:26.733, 510 MHz, 405 MHz, 0x0000000000000000, 31.12 W, 4 %
2026/09/30 13:47:27.244, 472 MHz, 405 MHz, 0x0000000000000000, 30.34 W, 2 %
2026/09/30 13:47:27.755, 495 MHz, 405 MHz, 0x0000000000000000, 30.30 W, 2 %
2026/09/30 13:47:28.264, 457 MHz, 405 MHz, 0x0000000000000000, 30.41 W, 3 %
2026/09/30 13:47:28.778, 450 MHz, 405 MHz, 0x0000000000000000, 30.52 W, 5 %
2026/09/30 13:47:29.289, 487 MHz, 405 MHz, 0x0000000000000000, 30.53 W, 3 %
2026/09/30 13:47:29.797, 495 MHz, 405 MHz, 0x0000000000000000, 30.60 W, 3 %
2026/09/30 13:47:30.307, 450 MHz, 405 MHz, 0x0000000000000000, 30.58 W, 2 %
2026/09/30 13:47:30.816, 465 MHz, 405 MHz, 0x0000000000000000, 30.56 W, 2 %
2026/09/30 13:47:31.327, 472 MHz, 405 MHz, 0x0000000000000000, 31.21 W, 5 %
2026/09/30 13:47:31.841, 637 MHz, 405 MHz, 0x0000000000000000, 32.16 W, 5 %
2026/09/30 13:47:32.356, 525 MHz, 405 MHz, 0x0000000000000000, 31.50 W, 3 %
2026/09/30 13:47:32.867, 472 MHz, 405 MHz, 0x0000000000000000, 30.24 W, 3 %
2026/09/30 13:47:33.378, 480 MHz, 405 MHz, 0x0000000000000000, 30.58 W, 5 %
2026/09/30 13:47:33.893, 495 MHz, 405 MHz, 0x0000000000000000, 30.75 W, 3 %
2026/09/30 13:47:34.404, 487 MHz, 405 MHz, 0x0000000000000000, 31.36 W, 5 %
2026/09/30 13:47:34.919, 510 MHz, 405 MHz, 0x0000000000000000, 31.54 W, 2 %
2026/09/30 13:47:35.430, 450 MHz, 405 MHz, 0x0000000000000000, 30.83 W, 4 %
2026/09/30 13:47:35.931, 442 MHz, 405 MHz, 0x0000000000000000, 30.43 W, 6 %
2026/09/30 13:47:36.446, 450 MHz, 405 MHz, 0x0000000000000000, 30.92 W, 7 %
2026/09/30 13:47:36.946, 622 MHz, 405 MHz, 0x0000000000000000, 31.93 W, 6 %
2026/09/30 13:47:37.456, 540 MHz, 405 MHz, 0x0000000000000000, 32.05 W, 2 %
2026/09/30 13:47:37.972, 457 MHz, 405 MHz, 0x0000000000000000, 30.99 W, 3 %
2026/09/30 13:47:38.486, 450 MHz, 405 MHz, 0x0000000000000000, 30.33 W, 3 %
2026/09/30 13:47:38.992, 510 MHz, 405 MHz, 0x0000000000000000, 30.89 W, 5 %
2026/09/30 13:47:39.507, 472 MHz, 405 MHz, 0x0000000000000000, 31.08 W, 4 %
2026/09/30 13:47:40.008, 465 MHz, 405 MHz, 0x0000000000000000, 30.96 W, 3 %
2026/09/30 13:47:40.509, 435 MHz, 405 MHz, 0x0000000000000000, 30.65 W, 1 %
2026/09/30 13:47:41.022, 450 MHz, 405 MHz, 0x0000000000000000, 30.45 W, 2 %
2026/09/30 13:47:41.537, 472 MHz, 405 MHz, 0x0000000000000000, 30.69 W, 2 %
2026/09/30 13:47:42.047, 420 MHz, 405 MHz, 0x0000000000000000, 30.90 W, 4 %
2026/09/30 13:47:42.561, 517 MHz, 405 MHz, 0x0000000000000000, 31.25 W, 3 %
2026/09/30 13:47:43.073, 450 MHz, 405 MHz, 0x0000000000000000, 30.87 W, 3 %
2026/09/30 13:47:43.586, 435 MHz, 405 MHz, 0x0000000000000000, 30.17 W, 3 %
2026/09/30 13:47:44.095, 457 MHz, 405 MHz, 0x0000000000000000, 30.48 W, 3 %
2026/09/30 13:47:44.607, 472 MHz, 405 MHz, 0x0000000000000000, 30.99 W, 5 %
2026/09/30 13:47:45.120, 450 MHz, 405 MHz, 0x0000000000000000, 30.81 W, 2 %
2026/09/30 13:47:45.631, 457 MHz, 405 MHz, 0x0000000000000000, 30.68 W, 4 %
2026/09/30 13:47:46.143, 480 MHz, 405 MHz, 0x0000000000000000, 30.73 W, 3 %
2026/09/30 13:47:46.657, 517 MHz, 405 MHz, 0x0000000000000000, 31.13 W, 7 %
2026/09/30 13:47:47.167, 525 MHz, 405 MHz, 0x0000000000000000, 31.75 W, 4 %
2026/09/30 13:47:47.679, 480 MHz, 405 MHz, 0x0000000000000000, 31.30 W, 2 %
2026/09/30 13:47:48.192, 472 MHz, 405 MHz, 0x0000000000000000, 31.02 W, 3 %
2026/09/30 13:47:48.700, 450 MHz, 405 MHz, 0x0000000000000000, 30.74 W, 4 %
2026/09/30 13:47:49.209, 450 MHz, 405 MHz, 0x0000000000000000, 30.61 W, 3 %
2026/09/30 13:47:49.725, 487 MHz, 405 MHz, 0x0000000000000000, 31.03 W, 5 %
2026/09/30 13:47:50.237, 352 MHz, 405 MHz, 0x0000000000000000, 30.15 W, 5 %
2026/09/30 13:47:50.752, 352 MHz, 405 MHz, 0x0000000000000000, 29.44 W, 3 %
2026/09/30 13:47:51.264, 465 MHz, 405 MHz, 0x0000000000000000, 30.33 W, 4 %
2026/09/30 13:47:51.776, 555 MHz, 405 MHz, 0x0000000000000000, 31.65 W, 2 %
2026/09/30 13:47:52.287, 562 MHz, 405 MHz, 0x0000000000000000, 32.28 W, 7 %
2026/09/30 13:47:52.797, 555 MHz, 405 MHz, 0x0000000000000000, 32.27 W, 4 %
2026/09/30 13:47:53.308, 487 MHz, 405 MHz, 0x0000000000000000, 31.66 W, 4 %
2026/09/30 13:47:53.821, 495 MHz, 405 MHz, 0x0000000000000000, 31.23 W, 4 %
2026/09/30 13:47:54.334, 472 MHz, 405 MHz, 0x0000000000000000, 31.22 W, 0 %
2026/09/30 13:47:54.848, 540 MHz, 405 MHz, 0x0000000000000000, 31.85 W, 6 %
2026/09/30 13:47:55.361, 570 MHz, 405 MHz, 0x0000000000000000, 32.93 W, 9 %
2026/09/30 13:47:55.874, 630 MHz, 405 MHz, 0x0000000000000000, 33.18 W, 7 %
2026/09/30 13:47:56.388, 660 MHz, 405 MHz, 0x0000000000000000, 33.42 W, 4 %
2026/09/30 13:47:56.903, 600 MHz, 405 MHz, 0x0000000000000000, 33.14 W, 8 %
2026/09/30 13:47:57.413, 660 MHz, 405 MHz, 0x0000000000000000, 33.28 W, 5 %
2026/09/30 13:47:57.929, 645 MHz, 405 MHz, 0x0000000000000000, 33.53 W, 8 %
2026/09/30 13:47:58.443, 622 MHz, 405 MHz, 0x0000000000000000, 33.55 W, 8 %
2026/09/30 13:47:58.955, 630 MHz, 405 MHz, 0x0000000000000000, 33.81 W, 7 %
2026/09/30 13:47:59.469, 577 MHz, 405 MHz, 0x0000000000000000, 33.61 W, 6 %
2026/09/30 13:47:59.981, 645 MHz, 405 MHz, 0x0000000000000000, 33.58 W, 6 %
2026/09/30 13:48:00.495, 600 MHz, 405 MHz, 0x0000000000000000, 33.93 W, 7 %
2026/09/30 13:48:01.011, 592 MHz, 405 MHz, 0x0000000000000000, 33.88 W, 8 %
2026/09/30 13:48:01.524, 607 MHz, 405 MHz, 0x0000000000000000, 34.14 W, 8 %
2026/09/30 13:48:02.039, 705 MHz, 405 MHz, 0x0000000000000000, 34.31 W, 5 %
2026/09/30 13:48:02.548, 577 MHz, 405 MHz, 0x0000000000000000, 33.48 W, 2 %
2026/09/30 13:48:03.062, 495 MHz, 405 MHz, 0x0000000000000000, 31.95 W, 7 %
2026/09/30 13:48:03.577, 645 MHz, 405 MHz, 0x0000000000000000, 32.55 W, 5 %
2026/09/30 13:48:04.087, 585 MHz, 405 MHz, 0x0000000000000000, 33.18 W, 6 %
2026/09/30 13:48:04.601, 465 MHz, 405 MHz, 0x0000000000000000, 31.99 W, 6 %
2026/09/30 13:48:05.113, 487 MHz, 405 MHz, 0x0000000000000000, 31.88 W, 8 %
2026/09/30 13:48:05.615, 495 MHz, 405 MHz, 0x0000000000000000, 31.80 W, 6 %
2026/09/30 13:48:06.127, 472 MHz, 405 MHz, 0x0000000000000000, 31.56 W, 6 %
2026/09/30 13:48:06.640, 502 MHz, 405 MHz, 0x0000000000000000, 31.13 W, 5 %
2026/09/30 13:48:07.155, 442 MHz, 405 MHz, 0x0000000000000000, 30.84 W, 3 %
2026/09/30 13:48:07.665, 472 MHz, 405 MHz, 0x0000000000000000, 30.61 W, 3 %
2026/09/30 13:48:08.180, 435 MHz, 405 MHz, 0x0000000000000000, 30.72 W, 4 %
2026/09/30 13:48:08.695, 427 MHz, 405 MHz, 0x0000000000000000, 30.28 W, 2 %
2026/09/30 13:48:09.205, 427 MHz, 405 MHz, 0x0000000000000000, 30.47 W, 4 %
2026/09/30 13:48:09.718, 442 MHz, 405 MHz, 0x0000000000000000, 30.61 W, 3 %
2026/09/30 13:48:10.225, 495 MHz, 405 MHz, 0x0000000000000000, 30.48 W, 3 %
2026/09/30 13:48:10.734, 525 MHz, 405 MHz, 0x0000000000000000, 30.70 W, 4 %
2026/09/30 13:48:11.244, 442 MHz, 405 MHz, 0x0000000000000000, 30.69 W, 2 %
2026/09/30 13:48:11.752, 510 MHz, 405 MHz, 0x0000000000000000, 31.40 W, 7 %
2026/09/30 13:48:12.260, 577 MHz, 405 MHz, 0x0000000000000000, 32.69 W, 3 %
2026/09/30 13:48:12.770, 585 MHz, 405 MHz, 0x0000000000000000, 33.22 W, 6 %
2026/09/30 13:48:13.277, 502 MHz, 405 MHz, 0x0000000000000000, 32.45 W, 6 %
2026/09/30 13:48:13.784, 562 MHz, 405 MHz, 0x0000000000000000, 32.01 W, 3 %
2026/09/30 13:48:14.292, 532 MHz, 405 MHz, 0x0000000000000000, 32.43 W, 8 %
2026/09/30 13:48:14.801, 592 MHz, 405 MHz, 0x0000000000000000, 33.06 W, 6 %
2026/09/30 13:48:15.314, 540 MHz, 405 MHz, 0x0000000000000000, 33.05 W, 5 %
2026/09/30 13:48:15.825, 465 MHz, 405 MHz, 0x0000000000000000, 31.75 W, 3 %
2026/09/30 13:48:16.338, 562 MHz, 405 MHz, 0x0000000000000000, 31.67 W, 4 %
2026/09/30 13:48:16.848, 540 MHz, 405 MHz, 0x0000000000000000, 31.78 W, 6 %
2026/09/30 13:48:17.359, 570 MHz, 405 MHz, 0x0000000000000000, 32.13 W, 4 %
2026/09/30 13:48:17.872, 487 MHz, 405 MHz, 0x0000000000000000, 31.83 W, 3 %
2026/09/30 13:48:18.383, 510 MHz, 405 MHz, 0x0000000000000000, 31.09 W, 6 %
2026/09/30 13:48:18.896, 450 MHz, 405 MHz, 0x0000000000000000, 30.87 W, 3 %
2026/09/30 13:48:19.407, 480 MHz, 405 MHz, 0x0000000000000000, 31.05 W, 4 %
2026/09/30 13:48:19.916, 2332 MHz, 13801 MHz, 0x0000000000000000, 50.17 W, 79 %
2026/09/30 13:48:20.417, 2940 MHz, 13801 MHz, 0x0000000000000000, 97.11 W, 9 %
2026/09/30 13:48:20.930, 2940 MHz, 13801 MHz, 0x0000000000000000, 120.09 W, 47 %
2026/09/30 13:48:21.443, 2940 MHz, 13801 MHz, 0x0000000000000000, 115.50 W, 86 %
2026/09/30 13:48:21.954, 2940 MHz, 13801 MHz, 0x0000000000000000, 116.35 W, 100 %
2026/09/30 13:48:22.467, 2940 MHz, 13801 MHz, 0x0000000000000000, 107.27 W, 0 %
2026/09/30 13:48:22.977, 2940 MHz, 13801 MHz, 0x0000000000000000, 97.88 W, 0 %
2026/09/30 13:48:23.491, 2940 MHz, 13801 MHz, 0x0000000000000000, 92.87 W, 0 %
2026/09/30 13:48:23.999, 2025 MHz, 7001 MHz, 0x0000000000000000, 87.91 W, 0 %
2026/09/30 13:48:24.510, 652 MHz, 7001 MHz, 0x0000000000000000, 63.47 W, 0 %
2026/09/30 13:48:25.024, 570 MHz, 7001 MHz, 0x0000000000000000, 38.51 W, 0 %
2026/09/30 13:48:25.534, 502 MHz, 7001 MHz, 0x0000000000000000, 37.98 W, 0 %
2026/09/30 13:48:26.049, 450 MHz, 810 MHz, 0x0000000000000000, 36.99 W, 0 %
2026/09/30 13:48:26.557, 412 MHz, 810 MHz, 0x0000000000000000, 33.37 W, 0 %
2026/09/30 13:48:27.072, 502 MHz, 810 MHz, 0x0000000000000000, 30.37 W, 1 %
2026/09/30 13:48:27.580, 367 MHz, 810 MHz, 0x0000000000000000, 31.10 W, 0 %
2026/09/30 13:48:28.090, 1050 MHz, 405 MHz, 0x0000000000000000, 36.60 W, 45 %
2026/09/30 13:48:28.601, 1500 MHz, 7001 MHz, 0x0000000000000000, 43.26 W, 69 %
2026/09/30 13:48:29.112, 1447 MHz, 7001 MHz, 0x0000000000000000, 53.87 W, 0 %
2026/09/30 13:48:29.621, 1530 MHz, 7001 MHz, 0x0000000000000000, 58.73 W, 50 %
2026/09/30 13:48:30.133, 1515 MHz, 7001 MHz, 0x0000000000000000, 62.97 W, 0 %
2026/09/30 13:48:30.647, 2017 MHz, 13801 MHz, 0x0000000000000000, 60.17 W, 0 %
2026/09/30 13:48:31.149, 1725 MHz, 7001 MHz, 0x0000000000000000, 63.37 W, 1 %
2026/09/30 13:48:31.662, 1365 MHz, 7001 MHz, 0x0000000000000000, 48.43 W, 0 %
2026/09/30 13:48:32.171, 1140 MHz, 7001 MHz, 0x0000000000000000, 39.78 W, 0 %
2026/09/30 13:48:32.684, 945 MHz, 7001 MHz, 0x0000000000000000, 38.83 W, 0 %
2026/09/30 13:48:33.195, 795 MHz, 7001 MHz, 0x0000000000000000, 37.94 W, 0 %
2026/09/30 13:48:33.711, 675 MHz, 810 MHz, 0x0000000000000000, 34.63 W, 0 %
2026/09/30 13:48:34.223, 465 MHz, 810 MHz, 0x0000000000000000, 28.32 W, 0 %
2026/09/30 13:48:34.737, 345 MHz, 810 MHz, 0x0000000000000000, 22.72 W, 0 %
2026/09/30 13:48:35.250, 1440 MHz, 13801 MHz, 0x0000000000000000, 26.39 W, 96 %
2026/09/30 13:48:35.765, 2940 MHz, 13801 MHz, 0x0000000000000000, 90.86 W, 0 %
2026/09/30 13:48:36.277, 2940 MHz, 13801 MHz, 0x0000000000000000, 119.03 W, 0 %
2026/09/30 13:48:36.788, 2940 MHz, 13801 MHz, 0x0000000000000000, 92.44 W, 0 %
2026/09/30 13:48:37.298, 2902 MHz, 7001 MHz, 0x0000000000000000, 92.44 W, 0 %
2026/09/30 13:48:37.812, 562 MHz, 7001 MHz, 0x0000000000000000, 63.87 W, 0 %
2026/09/30 13:48:38.313, 1005 MHz, 7001 MHz, 0x0000000000000000, 44.53 W, 20 %
2026/09/30 13:48:38.825, 712 MHz, 7001 MHz, 0x0000000000000000, 48.07 W, 0 %
2026/09/30 13:48:39.334, 570 MHz, 7001 MHz, 0x0000000000000000, 44.01 W, 0 %
2026/09/30 13:48:39.844, 450 MHz, 7001 MHz, 0x0000000000000000, 34.04 W, 0 %
2026/09/30 13:48:40.354, 360 MHz, 7001 MHz, 0x0000000000000000, 33.47 W, 0 %
2026/09/30 13:48:40.854, 1065 MHz, 7001 MHz, 0x0000000000000000, 51.96 W, 0 %
2026/09/30 13:48:41.355, 757 MHz, 7001 MHz, 0x0000000000000000, 54.79 W, 0 %
2026/09/30 13:48:41.868, 600 MHz, 7001 MHz, 0x0000000000000000, 35.05 W, 0 %
2026/09/30 13:48:42.381, 472 MHz, 7001 MHz, 0x0000000000000000, 34.50 W, 0 %
2026/09/30 13:48:42.882, 390 MHz, 7001 MHz, 0x0000000000000000, 33.70 W, 0 %
2026/09/30 13:48:43.395, 315 MHz, 7001 MHz, 0x0000000000000000, 32.96 W, 0 %
2026/09/30 13:48:43.906, 247 MHz, 7001 MHz, 0x0000000000000000, 32.55 W, 0 %
2026/09/30 13:48:44.418, 202 MHz, 810 MHz, 0x0000000000000000, 32.38 W, 0 %
2026/09/30 13:48:44.932, 202 MHz, 810 MHz, 0x0000000000000000, 24.36 W, 0 %
2026/09/30 13:48:45.445, 202 MHz, 810 MHz, 0x0000000000000000, 16.26 W, 0 %
2026/09/30 13:48:45.960, 187 MHz, 810 MHz, 0x0000000000000000, 15.13 W, 0 %
2026/09/30 13:48:46.469, 187 MHz, 405 MHz, 0x0000000000000000, 13.77 W, 0 %
2026/09/30 13:48:46.981, 187 MHz, 405 MHz, 0x0000000000000000, 12.06 W, 0 %
2026/09/30 13:48:47.492, 187 MHz, 405 MHz, 0x0000000000000000, 11.40 W, 0 %
2026/09/30 13:48:48.008, 180 MHz, 405 MHz, 0x0000000000000000, 11.77 W, 0 %
2026/09/30 13:48:48.519, 180 MHz, 405 MHz, 0x0000000000000000, 12.07 W, 0 %
2026/09/30 13:48:49.033, 180 MHz, 405 MHz, 0x0000000000000000, 11.80 W, 0 %
2026/09/30 13:48:49.546, 180 MHz, 405 MHz, 0x0000000000000000, 11.61 W, 0 %
2026/09/30 13:48:50.055, 180 MHz, 405 MHz, 0x0000000000000000, 12.02 W, 0 %
2026/09/30 13:48:50.557, 2932 MHz, 810 MHz, 0x0000000000000000, 43.94 W, 100 %
2026/09/30 13:48:51.070, 2932 MHz, 13801 MHz, 0x0000000000000000, 115.45 W, 0 %
2026/09/30 13:48:51.580, 2940 MHz, 13801 MHz, 0x0000000000000000, 135.26 W, 0 %
2026/09/30 13:48:52.095, 2940 MHz, 13801 MHz, 0x0000000000000000, 92.71 W, 0 %
2026/09/30 13:48:52.605, 2910 MHz, 7001 MHz, 0x0000000000000000, 92.58 W, 0 %
2026/09/30 13:48:53.116, 615 MHz, 7001 MHz, 0x0000000000000000, 64.11 W, 0 %
2026/09/30 13:48:53.631, 397 MHz, 7001 MHz, 0x0000000000000000, 33.85 W, 0 %
2026/09/30 13:48:54.142, 315 MHz, 7001 MHz, 0x0000000000000000, 33.05 W, 0 %
2026/09/30 13:48:54.656, 270 MHz, 7001 MHz, 0x0000000000000000, 32.75 W, 0 %
2026/09/30 13:48:55.166, 210 MHz, 7001 MHz, 0x0000000000000000, 32.60 W, 0 %
2026/09/30 13:48:55.679, 187 MHz, 7001 MHz, 0x0000000000000000, 32.29 W, 0 %
2026/09/30 13:48:56.189, 187 MHz, 7001 MHz, 0x0000000000000000, 32.18 W, 0 %
2026/09/30 13:48:56.701, 180 MHz, 7001 MHz, 0x0000000000000000, 32.23 W, 0 %
2026/09/30 13:48:57.216, 180 MHz, 810 MHz, 0x0000000000000000, 25.89 W, 0 %
2026/09/30 13:48:57.731, 187 MHz, 810 MHz, 0x0000000000000000, 17.93 W, 0 %
2026/09/30 13:48:58.246, 180 MHz, 810 MHz, 0x0000000000000000, 15.02 W, 0 %
2026/09/30 13:48:58.748, 180 MHz, 405 MHz, 0x0000000000000000, 14.09 W, 0 %
2026/09/30 13:48:59.259, 187 MHz, 405 MHz, 0x0000000000000000, 31.32 W, 100 %
2026/09/30 13:48:59.774, 2940 MHz, 13801 MHz, 0x0000000000000000, 80.52 W, 0 %
2026/09/30 13:49:00.288, 2940 MHz, 13801 MHz, 0x0000000000000000, 111.10 W, 0 %
2026/09/30 13:49:00.801, 2940 MHz, 13801 MHz, 0x0000000000000000, 92.56 W, 0 %
2026/09/30 13:49:01.313, 2902 MHz, 7001 MHz, 0x0000000000000000, 92.53 W, 0 %
2026/09/30 13:49:01.823, 592 MHz, 7001 MHz, 0x0000000000000000, 63.74 W, 0 %
2026/09/30 13:49:02.329, 480 MHz, 7001 MHz, 0x0000000000000000, 39.58 W, 0 %
2026/09/30 13:49:02.839, 382 MHz, 7001 MHz, 0x0000000000000000, 33.48 W, 0 %
2026/09/30 13:49:03.352, 307 MHz, 7001 MHz, 0x0000000000000000, 33.10 W, 0 %
2026/09/30 13:49:03.866, 247 MHz, 7001 MHz, 0x0000000000000000, 32.80 W, 0 %
2026/09/30 13:49:04.379, 202 MHz, 7001 MHz, 0x0000000000000000, 32.40 W, 0 %
2026/09/30 13:49:04.893, 202 MHz, 810 MHz, 0x0000000000000000, 31.56 W, 0 %
2026/09/30 13:49:05.406, 2932 MHz, 13801 MHz, 0x0000000000000000, 54.10 W, 100 %
2026/09/30 13:49:05.916, 2940 MHz, 13801 MHz, 0x0000000000000000, 85.71 W, 0 %
2026/09/30 13:49:06.428, 2940 MHz, 13801 MHz, 0x0000000000000000, 101.01 W, 0 %
2026/09/30 13:49:06.937, 2940 MHz, 13801 MHz, 0x0000000000000000, 92.54 W, 0 %
2026/09/30 13:49:07.450, 1102 MHz, 7001 MHz, 0x0000000000000000, 82.46 W, 0 %
2026/09/30 13:49:07.964, 540 MHz, 7001 MHz, 0x0000000000000000, 52.49 W, 0 %
2026/09/30 13:49:08.478, 435 MHz, 7001 MHz, 0x0000000000000000, 34.25 W, 0 %
2026/09/30 13:49:08.993, 345 MHz, 7001 MHz, 0x0000000000000000, 33.60 W, 0 %
2026/09/30 13:49:09.506, 285 MHz, 810 MHz, 0x0000000000000000, 27.63 W, 0 %
2026/09/30 13:49:10.016, 240 MHz, 810 MHz, 0x0000000000000000, 22.58 W, 0 %
2026/09/30 13:49:10.516, 187 MHz, 810 MHz, 0x0000000000000000, 17.38 W, 0 %
2026/09/30 13:49:11.030, 187 MHz, 405 MHz, 0x0000000000000000, 13.73 W, 0 %
2026/09/30 13:49:11.546, 187 MHz, 405 MHz, 0x0000000000000000, 12.21 W, 0 %
2026/09/30 13:49:12.059, 225 MHz, 405 MHz, 0x0000000000000000, 11.95 W, 0 %
2026/09/30 13:49:12.572, 2932 MHz, 13801 MHz, 0x0000000000000000, 43.47 W, 99 %
2026/09/30 13:49:13.082, 2940 MHz, 13801 MHz, 0x0000000000000000, 96.83 W, 0 %
2026/09/30 13:49:13.595, 2940 MHz, 13801 MHz, 0x0000000000000000, 106.10 W, 0 %
2026/09/30 13:49:14.106, 2940 MHz, 13801 MHz, 0x0000000000000000, 92.71 W, 0 %
2026/09/30 13:49:14.619, 1147 MHz, 7001 MHz, 0x0000000000000000, 81.45 W, 0 %
2026/09/30 13:49:15.129, 577 MHz, 7001 MHz, 0x0000000000000000, 56.12 W, 0 %
2026/09/30 13:49:15.635, 367 MHz, 7001 MHz, 0x0000000000000000, 33.97 W, 0 %
2026/09/30 13:49:16.146, 300 MHz, 7001 MHz, 0x0000000000000000, 33.48 W, 0 %
2026/09/30 13:49:16.655, 232 MHz, 7001 MHz, 0x0000000000000000, 33.18 W, 0 %
2026/09/30 13:49:17.167, 187 MHz, 810 MHz, 0x0000000000000000, 32.80 W, 0 %
2026/09/30 13:49:17.677, 187 MHz, 810 MHz, 0x0000000000000000, 25.28 W, 0 %
2026/09/30 13:49:18.190, 187 MHz, 810 MHz, 0x0000000000000000, 16.91 W, 0 %
2026/09/30 13:49:18.696, 187 MHz, 810 MHz, 0x0000000000000000, 13.49 W, 0 %
2026/09/30 13:49:19.211, 187 MHz, 405 MHz, 0x0000000000000000, 12.57 W, 0 %
2026/09/30 13:49:19.721, 277 MHz, 405 MHz, 0x0000000000000000, 12.66 W, 2 %
2026/09/30 13:49:20.235, 195 MHz, 405 MHz, 0x0000000000000000, 12.41 W, 0 %
2026/09/30 13:49:20.745, 195 MHz, 405 MHz, 0x0000000000000000, 12.19 W, 0 %
2026/09/30 13:49:21.256, 2205 MHz, 13801 MHz, 0x0000000000000000, 32.41 W, 0 %
2026/09/30 13:49:21.770, 1927 MHz, 13801 MHz, 0x0000000000000000, 51.98 W, 0 %
2026/09/30 13:49:22.283, 1927 MHz, 13801 MHz, 0x0000000000000000, 54.67 W, 0 %
2026/09/30 13:49:22.793, 2940 MHz, 13801 MHz, 0x0000000000000000, 88.65 W, 0 %
2026/09/30 13:49:23.308, 2932 MHz, 13801 MHz, 0x0000000000000000, 133.50 W, 0 %
2026/09/30 13:49:23.816, 2940 MHz, 13801 MHz, 0x0000000000000000, 114.97 W, 0 %
2026/09/30 13:49:24.328, 2940 MHz, 7001 MHz, 0x0000000000000000, 98.37 W, 31 %
2026/09/30 13:49:24.840, 2940 MHz, 13801 MHz, 0x0000000000000000, 112.96 W, 0 %
2026/09/30 13:49:25.341, 2940 MHz, 13801 MHz, 0x0000000000000000, 112.89 W, 0 %
2026/09/30 13:49:25.855, 2940 MHz, 13801 MHz, 0x0000000000000000, 112.99 W, 0 %
2026/09/30 13:49:26.367, 2940 MHz, 13801 MHz, 0x0000000000000000, 113.00 W, 0 %
2026/09/30 13:49:26.879, 2940 MHz, 13801 MHz, 0x0000000000000000, 114.48 W, 0 %
2026/09/30 13:49:27.392, 2940 MHz, 13801 MHz, 0x0000000000000000, 114.54 W, 0 %
2026/09/30 13:49:27.905, 2932 MHz, 13801 MHz, 0x0000000000000000, 111.41 W, 54 %
2026/09/30 13:49:28.418, 2917 MHz, 13801 MHz, 0x0000000000000000, 113.40 W, 0 %
2026/09/30 13:49:28.931, 1590 MHz, 7001 MHz, 0x0000000000000000, 72.02 W, 0 %
2026/09/30 13:49:29.447, 2040 MHz, 13801 MHz, 0x0000000000000000, 68.21 W, 0 %
2026/09/30 13:49:29.960, 2205 MHz, 13801 MHz, 0x0000000000000000, 65.14 W, 0 %
2026/09/30 13:49:30.474, 2460 MHz, 13801 MHz, 0x0000000000000000, 73.33 W, 0 %
2026/09/30 13:49:30.989, 2205 MHz, 13801 MHz, 0x0000000000000000, 75.00 W, 0 %
2026/09/30 13:49:31.489, 2032 MHz, 13801 MHz, 0x0000000000000000, 66.69 W, 81 %
2026/09/30 13:49:32.001, 2002 MHz, 13801 MHz, 0x0000000000000000, 71.14 W, 0 %
2026/09/30 13:49:32.512, 2415 MHz, 13801 MHz, 0x0000000000000000, 95.72 W, 0 %
2026/09/30 13:49:33.020, 2940 MHz, 13801 MHz, 0x0000000000000000, 96.30 W, 0 %
2026/09/30 13:49:33.533, 2940 MHz, 13801 MHz, 0x0000000000000000, 89.75 W, 0 %
2026/09/30 13:49:34.046, 2940 MHz, 13801 MHz, 0x0000000000000000, 92.60 W, 0 %
2026/09/30 13:49:34.562, 1027 MHz, 7001 MHz, 0x0000000000000000, 82.37 W, 0 %
2026/09/30 13:49:35.073, 472 MHz, 7001 MHz, 0x0000000000000000, 56.06 W, 0 %
2026/09/30 13:49:35.585, 1012 MHz, 7001 MHz, 0x0000000000000000, 54.74 W, 0 %
2026/09/30 13:49:36.100, 795 MHz, 7001 MHz, 0x0000000000000000, 55.05 W, 0 %
2026/09/30 13:49:36.613, 2070 MHz, 13801 MHz, 0x0000000000000000, 58.49 W, 0 %
2026/09/30 13:49:37.124, 2377 MHz, 13801 MHz, 0x0000000000000000, 68.72 W, 0 %
2026/09/30 13:49:37.638, 2377 MHz, 13801 MHz, 0x0000000000000000, 83.35 W, 0 %
2026/09/30 13:49:38.151, 2107 MHz, 13801 MHz, 0x0000000000000000, 72.08 W, 97 %
2026/09/30 13:49:38.667, 2752 MHz, 13801 MHz, 0x0000000000000000, 81.22 W, 0 %
2026/09/30 13:49:39.179, 2752 MHz, 13801 MHz, 0x0000000000000000, 89.71 W, 0 %
2026/09/30 13:49:39.694, 2797 MHz, 13801 MHz, 0x0000000000000000, 89.13 W, 0 %
2026/09/30 13:49:40.206, 2040 MHz, 13801 MHz, 0x0000000000000000, 86.61 W, 0 %
2026/09/30 13:49:40.708, 1522 MHz, 7001 MHz, 0x0000000000000000, 59.70 W, 0 %
2026/09/30 13:49:41.208, 1927 MHz, 7001 MHz, 0x0000000000000000, 64.43 W, 0 %
2026/09/30 13:49:41.719, 1147 MHz, 7001 MHz, 0x0000000000000000, 57.57 W, 0 %
2026/09/30 13:49:42.231, 922 MHz, 7001 MHz, 0x0000000000000000, 35.90 W, 0 %
2026/09/30 13:49:42.744, 2415 MHz, 13801 MHz, 0x0000000000000000, 57.19 W, 0 %
2026/09/30 13:49:43.258, 2460 MHz, 13801 MHz, 0x0000000000000000, 71.73 W, 0 %
2026/09/30 13:49:43.769, 2460 MHz, 13801 MHz, 0x0000000000000000, 60.26 W, 0 %
2026/09/30 13:49:44.284, 2662 MHz, 13801 MHz, 0x0000000000000000, 85.48 W, 97 %
2026/09/30 13:49:44.798, 2940 MHz, 13801 MHz, 0x0000000000000000, 98.98 W, 0 %
2026/09/30 13:49:45.307, 2940 MHz, 13801 MHz, 0x0000000000000000, 113.65 W, 0 %
2026/09/30 13:49:45.822, 2940 MHz, 13801 MHz, 0x0000000000000000, 112.82 W, 0 %
2026/09/30 13:49:46.333, 2940 MHz, 13801 MHz, 0x0000000000000000, 114.83 W, 0 %
2026/09/30 13:49:46.847, 2940 MHz, 13801 MHz, 0x0000000000000000, 92.76 W, 0 %
2026/09/30 13:49:47.360, 2932 MHz, 13801 MHz, 0x0000000000000000, 114.01 W, 26 %
2026/09/30 13:49:47.872, 2932 MHz, 13801 MHz, 0x0000000000000000, 138.95 W, 0 %
2026/09/30 13:49:48.387, 2932 MHz, 13801 MHz, 0x0000000000000000, 138.17 W, 0 %
2026/09/30 13:49:48.903, 2940 MHz, 13801 MHz, 0x0000000000000000, 115.45 W, 0 %
2026/09/30 13:49:49.416, 2940 MHz, 13801 MHz, 0x0000000000000000, 113.97 W, 0 %
2026/09/30 13:49:49.928, 2932 MHz, 13801 MHz, 0x0000000000000000, 134.98 W, 0 %
2026/09/30 13:49:50.439, 2940 MHz, 13801 MHz, 0x0000000000000000, 115.96 W, 0 %
2026/09/30 13:49:50.954, 2940 MHz, 13801 MHz, 0x0000000000000000, 115.94 W, 0 %
2026/09/30 13:49:51.466, 2932 MHz, 13801 MHz, 0x0000000000000000, 134.68 W, 42 %
2026/09/30 13:49:51.978, 2940 MHz, 13801 MHz, 0x0000000000000000, 115.77 W, 0 %
2026/09/30 13:49:52.487, 2932 MHz, 13801 MHz, 0x0000000000000000, 109.73 W, 11 %
2026/09/30 13:49:53.001, 2940 MHz, 13801 MHz, 0x0000000000000000, 108.20 W, 0 %
2026/09/30 13:49:53.516, 2002 MHz, 13801 MHz, 0x0000000000000000, 85.49 W, 0 %
2026/09/30 13:49:54.026, 2092 MHz, 7001 MHz, 0x0000000000000000, 82.37 W, 55 %
2026/09/30 13:49:54.534, 1402 MHz, 7001 MHz, 0x0000000000000000, 62.19 W, 1 %
2026/09/30 13:49:55.046, 2692 MHz, 13801 MHz, 0x0000000000000000, 78.42 W, 0 %
2026/09/30 13:49:55.560, 2722 MHz, 13801 MHz, 0x0000000000000000, 91.67 W, 23 %
2026/09/30 13:49:56.068, 2805 MHz, 13801 MHz, 0x0000000000000000, 101.12 W, 0 %
2026/09/30 13:49:56.581, 2805 MHz, 13801 MHz, 0x0000000000000000, 100.53 W, 0 %
2026/09/30 13:49:57.090, 2805 MHz, 13801 MHz, 0x0000000000000000, 92.99 W, 0 %
2026/09/30 13:49:57.594, 2782 MHz, 13801 MHz, 0x0000000000000000, 92.90 W, 0 %
2026/09/30 13:49:58.105, 2205 MHz, 13801 MHz, 0x0000000000000000, 82.12 W, 14 %
2026/09/30 13:49:58.619, 1695 MHz, 7001 MHz, 0x0000000000000000, 70.46 W, 0 %
2026/09/30 13:49:59.130, 1635 MHz, 7001 MHz, 0x0000000000000000, 53.00 W, 17 %
2026/09/30 13:49:59.643, 2385 MHz, 13801 MHz, 0x0000000000000000, 67.99 W, 0 %
2026/09/30 13:50:00.153, 2940 MHz, 13801 MHz, 0x0000000000000000, 93.67 W, 0 %
2026/09/30 13:50:00.666, 2940 MHz, 13801 MHz, 0x0000000000000000, 114.28 W, 0 %
2026/09/30 13:50:01.179, 2940 MHz, 13801 MHz, 0x0000000000000000, 114.70 W, 0 %
2026/09/30 13:50:01.693, 2940 MHz, 13801 MHz, 0x0000000000000000, 116.54 W, 0 %
2026/09/30 13:50:02.202, 2940 MHz, 13801 MHz, 0x0000000000000000, 118.99 W, 15 %
2026/09/30 13:50:02.712, 2940 MHz, 13801 MHz, 0x0000000000000000, 114.38 W, 0 %
2026/09/30 13:50:03.220, 2932 MHz, 13801 MHz, 0x0000000000000000, 138.00 W, 75 %
2026/09/30 13:50:03.734, 2940 MHz, 13801 MHz, 0x0000000000000000, 114.69 W, 0 %
2026/09/30 13:50:04.244, 2940 MHz, 13801 MHz, 0x0000000000000000, 110.63 W, 0 %
2026/09/30 13:50:04.756, 2940 MHz, 13801 MHz, 0x0000000000000000, 113.70 W, 0 %
2026/09/30 13:50:05.268, 2940 MHz, 13801 MHz, 0x0000000000000000, 115.73 W, 0 %
2026/09/30 13:50:05.777, 2940 MHz, 13801 MHz, 0x0000000000000000, 94.43 W, 12 %
2026/09/30 13:50:06.290, 2940 MHz, 13801 MHz, 0x0000000000000000, 113.67 W, 0 %
2026/09/30 13:50:06.791, 2940 MHz, 13801 MHz, 0x0000000000000000, 113.85 W, 0 %
2026/09/30 13:50:07.304, 2940 MHz, 13801 MHz, 0x0000000000000000, 93.08 W, 0 %
2026/09/30 13:50:07.805, 2385 MHz, 13801 MHz, 0x0000000000000000, 104.26 W, 0 %
2026/09/30 13:50:08.309, 1357 MHz, 7001 MHz, 0x0000000000000000, 79.82 W, 0 %
2026/09/30 13:50:08.820, 1057 MHz, 7001 MHz, 0x0000000000000000, 38.99 W, 0 %
2026/09/30 13:50:09.333, 2370 MHz, 13801 MHz, 0x0000000000000000, 62.53 W, 0 %
2026/09/30 13:50:09.846, 2685 MHz, 13801 MHz, 0x0000000000000000, 79.10 W, 0 %
2026/09/30 13:50:10.359, 2685 MHz, 13801 MHz, 0x0000000000000000, 73.44 W, 0 %
2026/09/30 13:50:10.872, 2715 MHz, 13801 MHz, 0x0000000000000000, 75.79 W, 14 %
2026/09/30 13:50:11.387, 2025 MHz, 13801 MHz, 0x0000000000000000, 81.62 W, 0 %
2026/09/30 13:50:11.901, 1605 MHz, 7001 MHz, 0x0000000000000000, 68.05 W, 0 %
2026/09/30 13:50:12.403, 2535 MHz, 13801 MHz, 0x0000000000000000, 71.79 W, 0 %
2026/09/30 13:50:12.914, 2782 MHz, 13801 MHz, 0x0000000000000000, 86.18 W, 0 %
2026/09/30 13:50:13.427, 2782 MHz, 13801 MHz, 0x0000000000000000, 77.07 W, 0 %
2026/09/30 13:50:13.942, 2820 MHz, 13801 MHz, 0x0000000000000000, 88.50 W, 6 %
2026/09/30 13:50:14.451, 1635 MHz, 7001 MHz, 0x0000000000000000, 80.04 W, 0 %
2026/09/30 13:50:14.952, 1282 MHz, 7001 MHz, 0x0000000000000000, 48.38 W, 0 %
2026/09/30 13:50:15.461, 1027 MHz, 7001 MHz, 0x0000000000000000, 37.12 W, 0 %
2026/09/30 13:50:15.961, 795 MHz, 7001 MHz, 0x0000000000000000, 35.89 W, 0 %
2026/09/30 13:50:16.473, 637 MHz, 7001 MHz, 0x0000000000000000, 35.43 W, 0 %
2026/09/30 13:50:16.984, 495 MHz, 7001 MHz, 0x0000000000000000, 35.00 W, 0 %
2026/09/30 13:50:17.499, 397 MHz, 7001 MHz, 0x0000000000000000, 34.69 W, 0 %
2026/09/30 13:50:18.012, 315 MHz, 7001 MHz, 0x0000000000000000, 34.43 W, 0 %
2026/09/30 13:50:18.523, 1680 MHz, 13801 MHz, 0x0000000000000000, 45.17 W, 74 %
2026/09/30 13:50:19.033, 2940 MHz, 13801 MHz, 0x0000000000000000, 70.10 W, 0 %
2026/09/30 13:50:19.544, 2940 MHz, 13801 MHz, 0x0000000000000000, 94.90 W, 0 %
2026/09/30 13:50:20.056, 2940 MHz, 13801 MHz, 0x0000000000000000, 92.79 W, 0 %
2026/09/30 13:50:20.563, 2242 MHz, 13801 MHz, 0x0000000000000000, 101.51 W, 0 %
2026/09/30 13:50:21.076, 1822 MHz, 13801 MHz, 0x0000000000000000, 82.47 W, 0 %
2026/09/30 13:50:21.590, 1470 MHz, 7001 MHz, 0x0000000000000000, 51.08 W, 0 %
2026/09/30 13:50:22.103, 1147 MHz, 7001 MHz, 0x0000000000000000, 42.08 W, 0 %
2026/09/30 13:50:22.613, 2250 MHz, 13801 MHz, 0x0000000000000000, 63.06 W, 0 %
2026/09/30 13:50:23.127, 2535 MHz, 13801 MHz, 0x0000000000000000, 73.02 W, 0 %
2026/09/30 13:50:23.639, 2527 MHz, 13801 MHz, 0x0000000000000000, 64.18 W, 0 %
2026/09/30 13:50:24.149, 1800 MHz, 7001 MHz, 0x0000000000000000, 73.35 W, 0 %
2026/09/30 13:50:24.664, 1072 MHz, 7001 MHz, 0x0000000000000000, 60.38 W, 0 %
2026/09/30 13:50:25.179, 855 MHz, 7001 MHz, 0x0000000000000000, 36.15 W, 0 %
2026/09/30 13:50:25.691, 675 MHz, 7001 MHz, 0x0000000000000000, 35.80 W, 0 %
2026/09/30 13:50:26.206, 532 MHz, 7001 MHz, 0x0000000000000000, 35.41 W, 0 %
2026/09/30 13:50:26.721, 427 MHz, 7001 MHz, 0x0000000000000000, 34.95 W, 0 %
2026/09/30 13:50:27.233, 337 MHz, 7001 MHz, 0x0000000000000000, 34.58 W, 0 %
2026/09/30 13:50:27.747, 270 MHz, 7001 MHz, 0x0000000000000000, 34.36 W, 0 %
2026/09/30 13:50:28.257, 225 MHz, 810 MHz, 0x0000000000000000, 31.54 W, 0 %
2026/09/30 13:50:28.766, 187 MHz, 810 MHz, 0x0000000000000000, 23.44 W, 0 %
2026/09/30 13:50:29.277, 1560 MHz, 13801 MHz, 0x0000000000000000, 31.89 W, 44 %
2026/09/30 13:50:29.790, 2820 MHz, 13801 MHz, 0x0000000000000000, 63.71 W, 0 %
2026/09/30 13:50:30.305, 2820 MHz, 13801 MHz, 0x0000000000000000, 78.87 W, 0 %
2026/09/30 13:50:30.818, 2880 MHz, 13801 MHz, 0x0000000000000000, 102.65 W, 0 %
2026/09/30 13:50:31.320, 2940 MHz, 13801 MHz, 0x0000000000000000, 111.90 W, 0 %
2026/09/30 13:50:31.832, 2940 MHz, 13801 MHz, 0x0000000000000000, 92.81 W, 0 %
2026/09/30 13:50:32.345, 2932 MHz, 13801 MHz, 0x0000000000000000, 113.13 W, 41 %
2026/09/30 13:50:32.855, 2940 MHz, 13801 MHz, 0x0000000000000000, 111.35 W, 0 %
2026/09/30 13:50:33.365, 2940 MHz, 13801 MHz, 0x0000000000000000, 102.83 W, 0 %
2026/09/30 13:50:33.876, 2932 MHz, 13801 MHz, 0x0000000000000000, 116.05 W, 0 %
2026/09/30 13:50:34.387, 2940 MHz, 13801 MHz, 0x0000000000000000, 114.07 W, 0 %
2026/09/30 13:50:34.900, 2940 MHz, 13801 MHz, 0x0000000000000000, 93.01 W, 0 %
2026/09/30 13:50:35.412, 2940 MHz, 13801 MHz, 0x0000000000000000, 109.47 W, 0 %
2026/09/30 13:50:35.923, 1882 MHz, 13801 MHz, 0x0000000000000000, 99.30 W, 0 %
2026/09/30 13:50:36.434, 2685 MHz, 13801 MHz, 0x0000000000000000, 97.18 W, 0 %
2026/09/30 13:50:36.949, 2917 MHz, 13801 MHz, 0x0000000000000000, 103.36 W, 0 %
2026/09/30 13:50:37.459, 2917 MHz, 13801 MHz, 0x0000000000000000, 92.69 W, 0 %
2026/09/30 13:50:37.972, 2917 MHz, 13801 MHz, 0x0000000000000000, 105.52 W, 0 %
2026/09/30 13:50:38.487, 1680 MHz, 7001 MHz, 0x0000000000000000, 90.28 W, 0 %
2026/09/30 13:50:38.996, 2835 MHz, 13801 MHz, 0x0000000000000000, 84.69 W, 0 %
2026/09/30 13:50:39.508, 2835 MHz, 13801 MHz, 0x0000000000000000, 95.39 W, 0 %
2026/09/30 13:50:40.019, 2940 MHz, 13801 MHz, 0x0000000000000000, 106.09 W, 0 %
2026/09/30 13:50:40.530, 2932 MHz, 13801 MHz, 0x0000000000000000, 132.74 W, 88 %
2026/09/30 13:50:41.041, 2940 MHz, 13801 MHz, 0x0000000000000000, 113.80 W, 0 %
2026/09/30 13:50:41.554, 2932 MHz, 13801 MHz, 0x0000000000000000, 135.82 W, 0 %
2026/09/30 13:50:42.063, 2932 MHz, 13801 MHz, 0x0000000000000000, 140.10 W, 99 %
2026/09/30 13:50:42.572, 2940 MHz, 13801 MHz, 0x0000000000000000, 116.95 W, 0 %
2026/09/30 13:50:43.081, 2940 MHz, 13801 MHz, 0x0000000000000000, 136.16 W, 0 %
2026/09/30 13:50:43.594, 2932 MHz, 13801 MHz, 0x0000000000000000, 132.89 W, 0 %
2026/09/30 13:50:44.107, 2940 MHz, 13801 MHz, 0x0000000000000000, 115.35 W, 14 %
2026/09/30 13:50:44.618, 2940 MHz, 13801 MHz, 0x0000000000000000, 117.32 W, 0 %
2026/09/30 13:50:45.132, 2932 MHz, 13801 MHz, 0x0000000000000000, 136.08 W, 95 %
2026/09/30 13:50:45.646, 2940 MHz, 13801 MHz, 0x0000000000000000, 114.17 W, 0 %
2026/09/30 13:50:46.159, 2940 MHz, 13801 MHz, 0x0000000000000000, 115.82 W, 0 %
2026/09/30 13:50:46.670, 2940 MHz, 13801 MHz, 0x0000000000000000, 92.94 W, 0 %
2026/09/30 13:50:47.180, 2932 MHz, 13801 MHz, 0x0000000000000000, 113.44 W, 0 %
2026/09/30 13:50:47.691, 2940 MHz, 13801 MHz, 0x0000000000000000, 115.48 W, 0 %
2026/09/30 13:50:48.201, 2932 MHz, 13801 MHz, 0x0000000000000000, 116.68 W, 15 %
2026/09/30 13:50:48.711, 2940 MHz, 13801 MHz, 0x0000000000000000, 114.53 W, 0 %
2026/09/30 13:50:49.222, 2940 MHz, 13801 MHz, 0x0000000000000000, 97.29 W, 0 %
2026/09/30 13:50:49.735, 2932 MHz, 13801 MHz, 0x0000000000000000, 116.78 W, 0 %
2026/09/30 13:50:50.246, 2940 MHz, 13801 MHz, 0x0000000000000000, 116.73 W, 0 %
2026/09/30 13:50:50.760, 2940 MHz, 13801 MHz, 0x0000000000000000, 92.90 W, 0 %
2026/09/30 13:50:51.268, 2940 MHz, 13801 MHz, 0x0000000000000000, 114.16 W, 0 %
2026/09/30 13:50:51.780, 1927 MHz, 13801 MHz, 0x0000000000000000, 105.13 W, 0 %
2026/09/30 13:50:52.294, 2152 MHz, 13801 MHz, 0x0000000000000000, 79.16 W, 98 %
2026/09/30 13:50:52.805, 2805 MHz, 13801 MHz, 0x0000000000000000, 81.74 W, 0 %
2026/09/30 13:50:53.319, 2805 MHz, 13801 MHz, 0x0000000000000000, 94.01 W, 0 %
2026/09/30 13:50:53.832, 2805 MHz, 13801 MHz, 0x0000000000000000, 78.31 W, 0 %
2026/09/30 13:50:54.346, 982 MHz, 7001 MHz, 0x0000000000000000, 69.68 W, 0 %
2026/09/30 13:50:54.858, 450 MHz, 7001 MHz, 0x0000000000000000, 50.54 W, 0 %
2026/09/30 13:50:55.368, 360 MHz, 7001 MHz, 0x0000000000000000, 34.19 W, 0 %
2026/09/30 13:50:55.879, 292 MHz, 7001 MHz, 0x0000000000000000, 33.82 W, 0 %
2026/09/30 13:50:56.391, 240 MHz, 7001 MHz, 0x0000000000000000, 33.70 W, 0 %
2026/09/30 13:50:56.905, 195 MHz, 7001 MHz, 0x0000000000000000, 33.71 W, 0 %
2026/09/30 13:50:57.407, 187 MHz, 7001 MHz, 0x0000000000000000, 33.51 W, 0 %
2026/09/30 13:50:57.921, 2527 MHz, 13801 MHz, 0x0000000000000000, 52.16 W, 0 %
2026/09/30 13:50:58.434, 2865 MHz, 13801 MHz, 0x0000000000000000, 79.27 W, 0 %
2026/09/30 13:50:58.944, 2865 MHz, 13801 MHz, 0x0000000000000000, 87.21 W, 0 %
2026/09/30 13:50:59.456, 2865 MHz, 13801 MHz, 0x0000000000000000, 87.81 W, 0 %
2026/09/30 13:50:59.970, 562 MHz, 7001 MHz, 0x0000000000000000, 73.84 W, 0 %
2026/09/30 13:51:00.481, 1890 MHz, 13801 MHz, 0x0000000000000000, 72.46 W, 0 %
2026/09/30 13:51:00.992, 2205 MHz, 13801 MHz, 0x0000000000000000, 70.28 W, 0 %
2026/09/30 13:51:01.505, 2205 MHz, 13801 MHz, 0x0000000000000000, 55.60 W, 0 %
2026/09/30 13:51:02.019, 2775 MHz, 13801 MHz, 0x0000000000000000, 89.65 W, 0 %
2026/09/30 13:51:02.535, 2775 MHz, 13801 MHz, 0x0000000000000000, 100.56 W, 0 %
2026/09/30 13:51:03.046, 2775 MHz, 13801 MHz, 0x0000000000000000, 77.15 W, 0 %
2026/09/30 13:51:03.560, 2745 MHz, 7001 MHz, 0x0000000000000000, 76.84 W, 0 %
2026/09/30 13:51:04.075, 510 MHz, 7001 MHz, 0x0000000000000000, 58.13 W, 0 %
2026/09/30 13:51:04.589, 412 MHz, 7001 MHz, 0x0000000000000000, 35.22 W, 0 %
2026/09/30 13:51:05.101, 337 MHz, 7001 MHz, 0x0000000000000000, 34.47 W, 0 %
2026/09/30 13:51:05.614, 277 MHz, 7001 MHz, 0x0000000000000000, 34.26 W, 0 %
2026/09/30 13:51:06.122, 1402 MHz, 7001 MHz, 0x0000000000000000, 56.18 W, 73 %
2026/09/30 13:51:06.629, 1125 MHz, 7001 MHz, 0x0000000000000000, 54.95 W, 0 %
2026/09/30 13:51:07.143, 892 MHz, 7001 MHz, 0x0000000000000000, 50.83 W, 0 %
2026/09/30 13:51:07.644, 712 MHz, 7001 MHz, 0x0000000000000000, 35.91 W, 0 %
2026/09/30 13:51:08.155, 1950 MHz, 13801 MHz, 0x0000000000000000, 71.15 W, 0 %
2026/09/30 13:51:08.667, 1957 MHz, 13801 MHz, 0x0000000000000000, 54.82 W, 0 %
2026/09/30 13:51:09.179, 2775 MHz, 13801 MHz, 0x0000000000000000, 87.83 W, 0 %
2026/09/30 13:51:09.691, 2775 MHz, 13801 MHz, 0x0000000000000000, 101.99 W, 0 %
2026/09/30 13:51:10.206, 2775 MHz, 13801 MHz, 0x0000000000000000, 76.33 W, 0 %
2026/09/30 13:51:10.717, 2887 MHz, 13801 MHz, 0x0000000000000000, 103.68 W, 0 %
2026/09/30 13:51:11.217, 2940 MHz, 13801 MHz, 0x0000000000000000, 112.17 W, 0 %
2026/09/30 13:51:11.718, 2940 MHz, 13801 MHz, 0x0000000000000000, 92.86 W, 0 %
2026/09/30 13:51:12.234, 2940 MHz, 13801 MHz, 0x0000000000000000, 92.72 W, 0 %
2026/09/30 13:51:12.745, 562 MHz, 7001 MHz, 0x0000000000000000, 77.52 W, 0 %
2026/09/30 13:51:13.258, 930 MHz, 7001 MHz, 0x0000000000000000, 62.84 W, 0 %
2026/09/30 13:51:13.769, 1020 MHz, 7001 MHz, 0x0000000000000000, 49.45 W, 0 %
2026/09/30 13:51:14.281, 652 MHz, 7001 MHz, 0x0000000000000000, 36.89 W, 0 %
2026/09/30 13:51:14.783, 517 MHz, 7001 MHz, 0x0000000000000000, 35.35 W, 0 %
2026/09/30 13:51:15.294, 420 MHz, 7001 MHz, 0x0000000000000000, 35.08 W, 0 %
2026/09/30 13:51:15.810, 337 MHz, 7001 MHz, 0x0000000000000000, 34.71 W, 0 %
2026/09/30 13:51:16.324, 270 MHz, 7001 MHz, 0x0000000000000000, 34.44 W, 0 %
2026/09/30 13:51:16.828, 217 MHz, 810 MHz, 0x0000000000000000, 33.26 W, 0 %
2026/09/30 13:51:17.341, 187 MHz, 810 MHz, 0x0000000000000000, 24.33 W, 0 %
2026/09/30 13:51:17.843, 180 MHz, 810 MHz, 0x0000000000000000, 16.76 W, 0 %
2026/09/30 13:51:18.354, 412 MHz, 810 MHz, 0x0000000000000000, 20.17 W, 0 %
2026/09/30 13:51:18.868, 1815 MHz, 405 MHz, 0x0000000000000000, 35.76 W, 92 %
2026/09/30 13:51:19.382, 2932 MHz, 13801 MHz, 0x0000000000000000, 86.85 W, 1 %
2026/09/30 13:51:19.890, 2940 MHz, 13801 MHz, 0x0000000000000000, 111.68 W, 0 %
2026/09/30 13:51:20.399, 2940 MHz, 13801 MHz, 0x0000000000000000, 92.51 W, 0 %
2026/09/30 13:51:20.913, 2940 MHz, 13801 MHz, 0x0000000000000000, 92.58 W, 0 %
2026/09/30 13:51:21.425, 712 MHz, 7001 MHz, 0x0000000000000000, 70.11 W, 0 %
2026/09/30 13:51:21.936, 555 MHz, 7001 MHz, 0x0000000000000000, 41.13 W, 0 %
2026/09/30 13:51:22.437, 450 MHz, 7001 MHz, 0x0000000000000000, 34.47 W, 0 %
2026/09/30 13:51:22.948, 367 MHz, 7001 MHz, 0x0000000000000000, 34.19 W, 0 %
2026/09/30 13:51:23.449, 300 MHz, 810 MHz, 0x0000000000000000, 33.84 W, 0 %
2026/09/30 13:51:23.963, 645 MHz, 810 MHz, 0x0000000000000000, 31.42 W, 0 %
2026/09/30 13:51:24.478, 337 MHz, 810 MHz, 0x0000000000000000, 24.96 W, 1 %
2026/09/30 13:51:24.988, 2527 MHz, 13801 MHz, 0x0000000000000000, 58.06 W, 22 %
2026/09/30 13:51:25.500, 1867 MHz, 13801 MHz, 0x0000000000000000, 80.25 W, 0 %
2026/09/30 13:51:26.011, 1867 MHz, 13801 MHz, 0x0000000000000000, 66.90 W, 0 %
2026/09/30 13:51:26.522, 1852 MHz, 7001 MHz, 0x0000000000000000, 54.52 W, 0 %
2026/09/30 13:51:27.032, 720 MHz, 7001 MHz, 0x0000000000000000, 45.91 W, 0 %
2026/09/30 13:51:27.541, 577 MHz, 7001 MHz, 0x0000000000000000, 35.50 W, 0 %
2026/09/30 13:51:28.049, 660 MHz, 7001 MHz, 0x0000000000000000, 43.73 W, 0 %
2026/09/30 13:51:28.556, 532 MHz, 810 MHz, 0x0000000000000000, 41.71 W, 0 %
2026/09/30 13:51:29.065, 660 MHz, 810 MHz, 0x0000000000000000, 39.45 W, 0 %
2026/09/30 13:51:29.575, 1102 MHz, 7001 MHz, 0x0000000000000000, 39.48 W, 97 %
2026/09/30 13:51:30.090, 1890 MHz, 13801 MHz, 0x0000000000000000, 44.44 W, 0 %
2026/09/30 13:51:30.603, 1890 MHz, 13801 MHz, 0x0000000000000000, 56.66 W, 0 %
2026/09/30 13:51:31.114, 2242 MHz, 13801 MHz, 0x0000000000000000, 63.75 W, 29 %
2026/09/30 13:51:31.625, 2857 MHz, 13801 MHz, 0x0000000000000000, 188.73 W, 76 %
2026/09/30 13:51:32.137, 2910 MHz, 13801 MHz, 0x0000000000000000, 318.37 W, 54 %
2026/09/30 13:51:32.651, 2872 MHz, 13801 MHz, 0x0000000000000000, 330.31 W, 64 %
2026/09/30 13:51:33.166, 2925 MHz, 13801 MHz, 0x0000000000000000, 251.81 W, 54 %
2026/09/30 13:51:33.676, 2925 MHz, 13801 MHz, 0x0000000000000000, 255.48 W, 83 %
2026/09/30 13:51:34.185, 2917 MHz, 13801 MHz, 0x0000000000000000, 226.03 W, 88 %
2026/09/30 13:51:34.697, 2910 MHz, 13801 MHz, 0x0000000000000000, 227.23 W, 89 %
2026/09/30 13:51:35.209, 2895 MHz, 13801 MHz, 0x0000000000000000, 281.59 W, 88 %
2026/09/30 13:51:35.721, 2887 MHz, 13801 MHz, 0x0000000000000000, 306.37 W, 89 %
2026/09/30 13:51:36.233, 2880 MHz, 13801 MHz, 0x0000000000000000, 324.42 W, 91 %
2026/09/30 13:51:36.744, 2842 MHz, 13801 MHz, 0x0000000000000000, 361.29 W, 90 %
2026/09/30 13:51:37.256, 2812 MHz, 13801 MHz, 0x0000000000000004, 417.08 W, 89 %
2026/09/30 13:51:37.766, 2932 MHz, 13801 MHz, 0x0000000000000000, 295.95 W, 82 %
2026/09/30 13:51:38.281, 2925 MHz, 13801 MHz, 0x0000000000000000, 182.36 W, 82 %
2026/09/30 13:51:38.790, 2910 MHz, 13801 MHz, 0x0000000000000000, 211.11 W, 84 %
2026/09/30 13:51:39.299, 2902 MHz, 13801 MHz, 0x0000000000000000, 266.61 W, 83 %
2026/09/30 13:51:39.812, 2902 MHz, 13801 MHz, 0x0000000000000000, 286.84 W, 88 %
2026/09/30 13:51:40.323, 2895 MHz, 13801 MHz, 0x0000000000000000, 296.26 W, 80 %
2026/09/30 13:51:40.833, 2895 MHz, 13801 MHz, 0x0000000000000000, 300.19 W, 84 %
2026/09/30 13:51:41.346, 2880 MHz, 13801 MHz, 0x0000000000000000, 307.57 W, 91 %
2026/09/30 13:51:41.860, 2872 MHz, 13801 MHz, 0x0000000000000000, 317.53 W, 89 %
2026/09/30 13:51:42.369, 2865 MHz, 13801 MHz, 0x0000000000000000, 325.11 W, 90 %
2026/09/30 13:51:42.882, 2842 MHz, 13801 MHz, 0x0000000000000000, 349.22 W, 90 %
2026/09/30 13:51:43.394, 2827 MHz, 13801 MHz, 0x0000000000000000, 377.92 W, 90 %
2026/09/30 13:51:43.909, 2797 MHz, 13801 MHz, 0x0000000000000004, 395.91 W, 94 %
2026/09/30 13:51:44.422, 2820 MHz, 13801 MHz, 0x0000000000000000, 405.49 W, 9 %
2026/09/30 13:51:44.937, 2932 MHz, 13801 MHz, 0x0000000000000000, 276.89 W, 12 %
2026/09/30 13:51:45.438, 2925 MHz, 13801 MHz, 0x0000000000000000, 138.62 W, 18 %
2026/09/30 13:51:45.953, 2925 MHz, 13801 MHz, 0x0000000000000000, 155.12 W, 17 %
2026/09/30 13:51:46.463, 2572 MHz, 13801 MHz, 0x0000000000000000, 144.63 W, 19 %
2026/09/30 13:51:46.975, 2467 MHz, 7001 MHz, 0x0000000000000000, 127.25 W, 17 %
2026/09/30 13:51:47.487, 2490 MHz, 7001 MHz, 0x0000000000000000, 113.56 W, 21 %
2026/09/30 13:51:47.999, 2512 MHz, 7001 MHz, 0x0000000000000000, 107.59 W, 18 %
2026/09/30 13:51:48.512, 2422 MHz, 7001 MHz, 0x0000000000000000, 104.76 W, 17 %
2026/09/30 13:51:49.026, 2437 MHz, 7001 MHz, 0x0000000000000000, 104.69 W, 10 %
2026/09/30 13:51:49.538, 2505 MHz, 7001 MHz, 0x0000000000000000, 97.61 W, 13 %
2026/09/30 13:51:50.050, 2467 MHz, 7001 MHz, 0x0000000000000000, 89.31 W, 7 %
2026/09/30 13:51:50.562, 1065 MHz, 7001 MHz, 0x0000000000000000, 62.90 W, 0 %
2026/09/30 13:51:51.072, 817 MHz, 7001 MHz, 0x0000000000000000, 38.26 W, 0 %
2026/09/30 13:51:51.582, 712 MHz, 7001 MHz, 0x0000000000000000, 36.10 W, 1 %
2026/09/30 13:51:52.083, 2115 MHz, 7001 MHz, 0x0000000000000000, 73.28 W, 12 %
2026/09/30 13:51:52.591, 2145 MHz, 7001 MHz, 0x0000000000000000, 104.85 W, 13 %
2026/09/30 13:51:53.106, 2197 MHz, 7001 MHz, 0x0000000000000000, 109.04 W, 11 %
2026/09/30 13:51:53.619, 2265 MHz, 7001 MHz, 0x0000000000000000, 102.69 W, 8 %
2026/09/30 13:51:54.130, 2160 MHz, 7001 MHz, 0x0000000000000000, 97.98 W, 10 %
2026/09/30 13:51:54.632, 1890 MHz, 7001 MHz, 0x0000000000000000, 89.21 W, 8 %
2026/09/30 13:51:55.132, 1725 MHz, 7001 MHz, 0x0000000000000000, 80.69 W, 3 %
2026/09/30 13:51:55.644, 1215 MHz, 7001 MHz, 0x0000000000000000, 60.99 W, 0 %
2026/09/30 13:51:56.156, 922 MHz, 7001 MHz, 0x0000000000000000, 47.49 W, 0 %
2026/09/30 13:51:56.669, 420 MHz, 810 MHz, 0x0000000000000000, 28.54 W, 0 %
2026/09/30 13:51:57.173, 330 MHz, 810 MHz, 0x0000000000000000, 21.67 W, 0 %
2026/09/30 13:51:57.687, 255 MHz, 810 MHz, 0x0000000000000000, 19.89 W, 0 %
2026/09/30 13:51:58.201, 195 MHz, 405 MHz, 0x0000000000000000, 15.42 W, 0 %
2026/09/30 13:51:58.712, 187 MHz, 405 MHz, 0x0000000000000000, 13.70 W, 0 %
2026/09/30 13:51:59.223, 187 MHz, 405 MHz, 0x0000000000000000, 13.10 W, 0 %
2026/09/30 13:51:59.737, 187 MHz, 405 MHz, 0x0000000000000000, 13.11 W, 0 %
2026/09/30 13:52:00.252, 195 MHz, 405 MHz, 0x0000000000000000, 13.01 W, 0 %
2026/09/30 13:52:00.760, 187 MHz, 405 MHz, 0x0000000000000000, 13.10 W, 0 %
2026/09/30 13:52:01.272, 187 MHz, 405 MHz, 0x0000000000000000, 12.99 W, 0 %
2026/09/30 13:52:01.785, 180 MHz, 405 MHz, 0x0000000000000000, 12.76 W, 0 %
2026/09/30 13:52:02.294, 180 MHz, 405 MHz, 0x0000000000000000, 12.72 W, 0 %
2026/09/30 13:52:02.803, 180 MHz, 405 MHz, 0x0000000000000000, 12.76 W, 0 %
2026/09/30 13:52:03.315, 180 MHz, 405 MHz, 0x0000000000000000, 12.80 W, 0 %
2026/09/30 13:52:03.829, 180 MHz, 405 MHz, 0x0000000000000000, 12.95 W, 0 %
2026/09/30 13:52:04.344, 180 MHz, 405 MHz, 0x0000000000000000, 13.01 W, 0 %
2026/09/30 13:52:04.860, 180 MHz, 405 MHz, 0x0000000000000000, 13.02 W, 0 %
2026/09/30 13:52:05.369, 180 MHz, 405 MHz, 0x0000000000000000, 13.06 W, 0 %
2026/09/30 13:52:05.881, 180 MHz, 405 MHz, 0x0000000000000000, 12.93 W, 0 %
2026/09/30 13:52:06.394, 180 MHz, 405 MHz, 0x0000000000000000, 12.80 W, 0 %
2026/09/30 13:52:06.906, 187 MHz, 405 MHz, 0x0000000000000000, 12.78 W, 0 %
2026/09/30 13:52:07.417, 187 MHz, 405 MHz, 0x0000000000000000, 12.77 W, 0 %
2026/09/30 13:52:07.926, 187 MHz, 405 MHz, 0x0000000000000000, 12.92 W, 0 %
2026/09/30 13:52:08.438, 187 MHz, 405 MHz, 0x0000000000000000, 12.78 W, 0 %
2026/09/30 13:52:08.948, 255 MHz, 405 MHz, 0x0000000000000000, 13.27 W, 2 %
2026/09/30 13:52:09.458, 2137 MHz, 13801 MHz, 0x0000000000000000, 31.58 W, 100 %
2026/09/30 13:52:09.968, 2940 MHz, 13801 MHz, 0x0000000000000000, 85.00 W, 0 %
2026/09/30 13:52:10.482, 2940 MHz, 13801 MHz, 0x0000000000000000, 108.67 W, 0 %
2026/09/30 13:52:10.995, 2940 MHz, 13801 MHz, 0x0000000000000000, 92.93 W, 0 %
2026/09/30 13:52:11.505, 1215 MHz, 7001 MHz, 0x0000000000000000, 81.90 W, 0 %
2026/09/30 13:52:12.014, 652 MHz, 7001 MHz, 0x0000000000000000, 53.32 W, 0 %
2026/09/30 13:52:12.527, 517 MHz, 7001 MHz, 0x0000000000000000, 35.58 W, 0 %
2026/09/30 13:52:13.040, 412 MHz, 7001 MHz, 0x0000000000000000, 35.19 W, 0 %
2026/09/30 13:52:13.541, 330 MHz, 7001 MHz, 0x0000000000000000, 34.81 W, 0 %
2026/09/30 13:52:14.054, 270 MHz, 810 MHz, 0x0000000000000000, 33.65 W, 0 %
2026/09/30 13:52:14.565, 217 MHz, 810 MHz, 0x0000000000000000, 26.95 W, 0 %
2026/09/30 13:52:15.078, 187 MHz, 810 MHz, 0x0000000000000000, 19.33 W, 0 %
2026/09/30 13:52:15.591, 180 MHz, 810 MHz, 0x0000000000000000, 15.60 W, 0 %
2026/09/30 13:52:16.106, 187 MHz, 405 MHz, 0x0000000000000000, 13.58 W, 0 %
2026/09/30 13:52:16.617, 187 MHz, 405 MHz, 0x0000000000000000, 13.04 W, 0 %
2026/09/30 13:52:17.127, 187 MHz, 405 MHz, 0x0000000000000000, 12.73 W, 0 %
2026/09/30 13:52:17.638, 187 MHz, 405 MHz, 0x0000000000000000, 12.64 W, 0 %
2026/09/30 13:52:18.148, 187 MHz, 405 MHz, 0x0000000000000000, 12.58 W, 0 %
2026/09/30 13:52:18.659, 187 MHz, 405 MHz, 0x0000000000000000, 12.59 W, 0 %
2026/09/30 13:52:19.172, 187 MHz, 405 MHz, 0x0000000000000000, 12.64 W, 0 %
2026/09/30 13:52:19.685, 180 MHz, 405 MHz, 0x0000000000000000, 12.58 W, 0 %
2026/09/30 13:52:20.194, 2932 MHz, 13801 MHz, 0x0000000000000000, 51.65 W, 100 %
2026/09/30 13:52:20.698, 2910 MHz, 13801 MHz, 0x0000000000000000, 225.32 W, 94 %
2026/09/30 13:52:21.203, 2910 MHz, 13801 MHz, 0x0000000000000000, 342.67 W, 95 %
2026/09/30 13:52:21.706, 2910 MHz, 13801 MHz, 0x0000000000000000, 360.16 W, 94 %
2026/09/30 13:52:22.212, 2910 MHz, 13801 MHz, 0x0000000000000000, 353.31 W, 95 %
2026/09/30 13:52:22.717, 2910 MHz, 13801 MHz, 0x0000000000000000, 354.86 W, 95 %
2026/09/30 13:52:23.222, 2910 MHz, 13801 MHz, 0x0000000000000000, 362.43 W, 95 %
2026/09/30 13:52:23.729, 2895 MHz, 13801 MHz, 0x0000000000000000, 361.26 W, 54 %
2026/09/30 13:52:24.232, 2910 MHz, 13801 MHz, 0x0000000000000000, 357.00 W, 92 %
2026/09/30 13:52:24.737, 2910 MHz, 13801 MHz, 0x0000000000000000, 357.05 W, 95 %
2026/09/30 13:52:25.242, 2895 MHz, 13801 MHz, 0x0000000000000000, 361.32 W, 61 %
2026/09/30 13:52:25.745, 2910 MHz, 13801 MHz, 0x0000000000000000, 360.05 W, 95 %
2026/09/30 13:52:26.250, 2910 MHz, 13801 MHz, 0x0000000000000000, 360.43 W, 95 %
2026/09/30 13:52:26.757, 2910 MHz, 13801 MHz, 0x0000000000000000, 365.20 W, 95 %
2026/09/30 13:52:27.264, 2887 MHz, 13801 MHz, 0x0000000000000000, 362.37 W, 88 %
2026/09/30 13:52:27.768, 2910 MHz, 13801 MHz, 0x0000000000000000, 362.59 W, 95 %
2026/09/30 13:52:28.274, 2910 MHz, 13801 MHz, 0x0000000000000000, 365.67 W, 95 %
2026/09/30 13:52:28.782, 2895 MHz, 13801 MHz, 0x0000000000000000, 364.98 W, 60 %
2026/09/30 13:52:29.285, 2910 MHz, 13801 MHz, 0x0000000000000000, 362.66 W, 95 %
2026/09/30 13:52:29.792, 2910 MHz, 13801 MHz, 0x0000000000000000, 362.54 W, 94 %
2026/09/30 13:52:30.299, 2910 MHz, 13801 MHz, 0x0000000000000000, 366.13 W, 95 %
2026/09/30 13:52:30.810, 2910 MHz, 13801 MHz, 0x0000000000000000, 360.72 W, 95 %
2026/09/30 13:52:31.314, 2910 MHz, 13801 MHz, 0x0000000000000000, 360.14 W, 95 %
2026/09/30 13:52:31.819, 2910 MHz, 13801 MHz, 0x0000000000000000, 366.90 W, 95 %
2026/09/30 13:52:32.324, 2887 MHz, 13801 MHz, 0x0000000000000000, 357.28 W, 95 %
2026/09/30 13:52:32.831, 2910 MHz, 13801 MHz, 0x0000000000000000, 356.19 W, 95 %
2026/09/30 13:52:33.339, 2910 MHz, 13801 MHz, 0x0000000000000000, 366.55 W, 95 %
2026/09/30 13:52:33.846, 2887 MHz, 13801 MHz, 0x0000000000000000, 359.88 W, 84 %
2026/09/30 13:52:34.350, 2910 MHz, 13801 MHz, 0x0000000000000000, 360.78 W, 95 %
2026/09/30 13:52:34.859, 2910 MHz, 13801 MHz, 0x0000000000000000, 367.19 W, 96 %
2026/09/30 13:52:35.366, 2910 MHz, 13801 MHz, 0x0000000000000000, 368.68 W, 95 %
2026/09/30 13:52:35.871, 2910 MHz, 13801 MHz, 0x0000000000000000, 362.61 W, 95 %
2026/09/30 13:52:36.376, 2910 MHz, 13801 MHz, 0x0000000000000000, 361.91 W, 95 %
2026/09/30 13:52:36.880, 2910 MHz, 13801 MHz, 0x0000000000000000, 368.57 W, 95 %
2026/09/30 13:52:37.386, 2880 MHz, 13801 MHz, 0x0000000000000000, 366.31 W, 54 %
2026/09/30 13:52:37.892, 2910 MHz, 13801 MHz, 0x0000000000000000, 366.36 W, 95 %
2026/09/30 13:52:38.396, 2910 MHz, 13801 MHz, 0x0000000000000000, 369.89 W, 95 %
2026/09/30 13:52:38.904, 2910 MHz, 13801 MHz, 0x0000000000000000, 365.24 W, 73 %
2026/09/30 13:52:39.409, 2910 MHz, 13801 MHz, 0x0000000000000000, 366.10 W, 94 %
2026/09/30 13:52:39.916, 2910 MHz, 13801 MHz, 0x0000000000000000, 366.35 W, 95 %
2026/09/30 13:52:40.423, 2910 MHz, 13801 MHz, 0x0000000000000000, 369.89 W, 95 %
2026/09/30 13:52:40.928, 2887 MHz, 13801 MHz, 0x0000000000000000, 368.48 W, 95 %
2026/09/30 13:52:41.431, 2910 MHz, 13801 MHz, 0x0000000000000000, 368.28 W, 94 %
2026/09/30 13:52:41.934, 2910 MHz, 13801 MHz, 0x0000000000000000, 370.44 W, 95 %
2026/09/30 13:52:42.443, 2887 MHz, 13801 MHz, 0x0000000000000000, 364.05 W, 49 %
2026/09/30 13:52:42.949, 2910 MHz, 13801 MHz, 0x0000000000000000, 363.43 W, 95 %
2026/09/30 13:52:43.454, 2910 MHz, 13801 MHz, 0x0000000000000000, 368.10 W, 95 %
2026/09/30 13:52:43.961, 2910 MHz, 13801 MHz, 0x0000000000000000, 371.26 W, 95 %
2026/09/30 13:52:44.468, 2887 MHz, 13801 MHz, 0x0000000000000000, 357.00 W, 40 %
2026/09/30 13:52:44.970, 2910 MHz, 13801 MHz, 0x0000000000000000, 356.98 W, 94 %
2026/09/30 13:52:45.475, 2910 MHz, 13801 MHz, 0x0000000000000000, 364.43 W, 95 %
2026/09/30 13:52:45.982, 2910 MHz, 13801 MHz, 0x0000000000000000, 371.83 W, 95 %
2026/09/30 13:52:46.488, 2895 MHz, 13801 MHz, 0x0000000000000000, 366.07 W, 38 %
2026/09/30 13:52:46.991, 2910 MHz, 13801 MHz, 0x0000000000000000, 355.57 W, 95 %
2026/09/30 13:52:47.496, 2910 MHz, 13801 MHz, 0x0000000000000000, 357.08 W, 95 %
2026/09/30 13:52:48.004, 2902 MHz, 13801 MHz, 0x0000000000000000, 368.82 W, 65 %
2026/09/30 13:52:48.512, 2910 MHz, 13801 MHz, 0x0000000000000000, 367.69 W, 95 %
2026/09/30 13:52:49.018, 2910 MHz, 13801 MHz, 0x0000000000000000, 367.47 W, 94 %
2026/09/30 13:52:49.527, 2910 MHz, 13801 MHz, 0x0000000000000000, 372.77 W, 95 %
2026/09/30 13:52:50.029, 2902 MHz, 13801 MHz, 0x0000000000000000, 365.80 W, 95 %
2026/09/30 13:52:50.532, 2910 MHz, 13801 MHz, 0x0000000000000000, 366.76 W, 95 %
2026/09/30 13:52:51.034, 2910 MHz, 13801 MHz, 0x0000000000000000, 373.96 W, 95 %
2026/09/30 13:52:51.539, 2895 MHz, 13801 MHz, 0x0000000000000000, 371.27 W, 62 %
2026/09/30 13:52:52.042, 2910 MHz, 13801 MHz, 0x0000000000000000, 371.89 W, 94 %
2026/09/30 13:52:52.546, 2910 MHz, 13801 MHz, 0x0000000000000000, 371.97 W, 94 %
2026/09/30 13:52:53.052, 2880 MHz, 13801 MHz, 0x0000000000000000, 371.27 W, 53 %
2026/09/30 13:52:53.553, 2910 MHz, 13801 MHz, 0x0000000000000000, 371.17 W, 95 %
2026/09/30 13:52:54.059, 2910 MHz, 13801 MHz, 0x0000000000000000, 374.82 W, 95 %
2026/09/30 13:52:54.566, 2910 MHz, 13801 MHz, 0x0000000000000000, 374.04 W, 95 %
2026/09/30 13:52:55.072, 2902 MHz, 13801 MHz, 0x0000000000000000, 362.41 W, 95 %
2026/09/30 13:52:55.575, 2910 MHz, 13801 MHz, 0x0000000000000000, 361.26 W, 95 %
2026/09/30 13:52:56.082, 2910 MHz, 13801 MHz, 0x0000000000000000, 374.25 W, 95 %
2026/09/30 13:52:56.585, 2880 MHz, 13801 MHz, 0x0000000000000000, 372.03 W, 62 %
2026/09/30 13:52:57.088, 2910 MHz, 13801 MHz, 0x0000000000000000, 371.90 W, 94 %
2026/09/30 13:52:57.596, 2910 MHz, 13801 MHz, 0x0000000000000000, 375.11 W, 95 %
2026/09/30 13:52:58.103, 2887 MHz, 13801 MHz, 0x0000000000000000, 369.81 W, 52 %
2026/09/30 13:52:58.604, 2910 MHz, 13801 MHz, 0x0000000000000000, 369.54 W, 94 %
2026/09/30 13:52:59.110, 2910 MHz, 13801 MHz, 0x0000000000000000, 373.44 W, 94 %
2026/09/30 13:52:59.616, 2910 MHz, 13801 MHz, 0x0000000000000000, 373.69 W, 95 %
2026/09/30 13:53:00.123, 2910 MHz, 13801 MHz, 0x0000000000000000, 366.06 W, 95 %
2026/09/30 13:53:00.627, 2910 MHz, 13801 MHz, 0x0000000000000000, 366.28 W, 95 %
2026/09/30 13:53:01.135, 2910 MHz, 13801 MHz, 0x0000000000000000, 374.29 W, 86 %
2026/09/30 13:53:01.640, 2910 MHz, 13801 MHz, 0x0000000000000000, 372.50 W, 95 %
2026/09/30 13:53:02.150, 2910 MHz, 13801 MHz, 0x0000000000000000, 372.61 W, 95 %
2026/09/30 13:53:02.658, 2910 MHz, 13801 MHz, 0x0000000000000000, 375.20 W, 95 %
2026/09/30 13:53:03.163, 2880 MHz, 13801 MHz, 0x0000000000000000, 370.14 W, 48 %
2026/09/30 13:53:03.667, 2910 MHz, 13801 MHz, 0x0000000000000000, 370.28 W, 95 %
2026/09/30 13:53:04.172, 2910 MHz, 13801 MHz, 0x0000000000000000, 373.63 W, 95 %
2026/09/30 13:53:04.675, 2910 MHz, 13801 MHz, 0x0000000000000000, 367.95 W, 95 %
2026/09/30 13:53:05.177, 2910 MHz, 13801 MHz, 0x0000000000000000, 368.02 W, 94 %
2026/09/30 13:53:05.682, 2910 MHz, 13801 MHz, 0x0000000000000000, 376.16 W, 95 %
2026/09/30 13:53:06.189, 2880 MHz, 13801 MHz, 0x0000000000000000, 373.58 W, 56 %
2026/09/30 13:53:06.694, 2910 MHz, 13801 MHz, 0x0000000000000000, 374.20 W, 95 %
2026/09/30 13:53:07.197, 2910 MHz, 13801 MHz, 0x0000000000000000, 377.65 W, 94 %
2026/09/30 13:53:07.704, 2895 MHz, 13801 MHz, 0x0000000000000000, 367.05 W, 36 %
2026/09/30 13:53:08.210, 2910 MHz, 13801 MHz, 0x0000000000000000, 354.21 W, 95 %
2026/09/30 13:53:08.715, 2910 MHz, 13801 MHz, 0x0000000000000000, 354.79 W, 95 %
2026/09/30 13:53:09.220, 2910 MHz, 13801 MHz, 0x0000000000000000, 375.92 W, 94 %
2026/09/30 13:53:09.728, 2910 MHz, 13801 MHz, 0x0000000000000000, 373.15 W, 80 %
2026/09/30 13:53:10.235, 2910 MHz, 13801 MHz, 0x0000000000000000, 371.54 W, 95 %
2026/09/30 13:53:10.740, 2910 MHz, 13801 MHz, 0x0000000000000000, 371.53 W, 94 %
2026/09/30 13:53:11.243, 2887 MHz, 13801 MHz, 0x0000000000000000, 370.63 W, 49 %
2026/09/30 13:53:11.746, 2910 MHz, 13801 MHz, 0x0000000000000000, 365.18 W, 90 %
2026/09/30 13:53:12.248, 2910 MHz, 13801 MHz, 0x0000000000000000, 367.64 W, 95 %
2026/09/30 13:53:12.751, 2910 MHz, 13801 MHz, 0x0000000000000000, 376.38 W, 95 %
2026/09/30 13:53:13.254, 2902 MHz, 13801 MHz, 0x0000000000000000, 368.67 W, 95 %
2026/09/30 13:53:13.756, 2895 MHz, 13801 MHz, 0x0000000000000000, 368.44 W, 95 %
2026/09/30 13:53:14.260, 2895 MHz, 13801 MHz, 0x0000000000000000, 376.01 W, 94 %
2026/09/30 13:53:14.769, 2880 MHz, 13801 MHz, 0x0000000000000000, 371.37 W, 50 %
2026/09/30 13:53:15.274, 2910 MHz, 13801 MHz, 0x0000000000000000, 370.25 W, 95 %
2026/09/30 13:53:15.780, 2910 MHz, 13801 MHz, 0x0000000000000000, 373.57 W, 95 %
2026/09/30 13:53:16.285, 2910 MHz, 13801 MHz, 0x0000000000000000, 377.72 W, 95 %
2026/09/30 13:53:16.787, 2902 MHz, 13801 MHz, 0x0000000000000000, 370.19 W, 94 %
2026/09/30 13:53:17.290, 2895 MHz, 13801 MHz, 0x0000000000000000, 369.85 W, 95 %
2026/09/30 13:53:17.806, 2895 MHz, 13801 MHz, 0x0000000000000000, 375.65 W, 95 %
2026/09/30 13:53:18.313, 2880 MHz, 13801 MHz, 0x0000000000000000, 369.31 W, 66 %
2026/09/30 13:53:18.816, 2910 MHz, 13801 MHz, 0x0000000000000000, 369.88 W, 95 %
2026/09/30 13:53:19.323, 2910 MHz, 13801 MHz, 0x0000000000000000, 376.86 W, 95 %
2026/09/30 13:53:19.828, 2910 MHz, 13801 MHz, 0x0000000000000000, 376.44 W, 95 %
2026/09/30 13:53:20.334, 2902 MHz, 13801 MHz, 0x0000000000000000, 366.36 W, 95 %
2026/09/30 13:53:20.836, 2910 MHz, 13801 MHz, 0x0000000000000000, 365.71 W, 95 %
2026/09/30 13:53:21.343, 2910 MHz, 13801 MHz, 0x0000000000000000, 376.92 W, 95 %
2026/09/30 13:53:21.852, 2910 MHz, 13801 MHz, 0x0000000000000000, 376.80 W, 95 %
2026/09/30 13:53:22.359, 2902 MHz, 13801 MHz, 0x0000000000000000, 366.42 W, 95 %
2026/09/30 13:53:22.865, 2910 MHz, 13801 MHz, 0x0000000000000000, 367.88 W, 95 %
2026/09/30 13:53:23.373, 2910 MHz, 13801 MHz, 0x0000000000000000, 376.90 W, 94 %
2026/09/30 13:53:23.878, 2910 MHz, 13801 MHz, 0x0000000000000000, 376.04 W, 95 %
2026/09/30 13:53:24.382, 2887 MHz, 13801 MHz, 0x0000000000000000, 369.74 W, 95 %
2026/09/30 13:53:24.885, 2910 MHz, 13801 MHz, 0x0000000000000000, 370.20 W, 95 %
2026/09/30 13:53:25.391, 2910 MHz, 13801 MHz, 0x0000000000000000, 377.11 W, 95 %
2026/09/30 13:53:25.896, 2872 MHz, 13801 MHz, 0x0000000000000000, 372.73 W, 83 %
2026/09/30 13:53:26.401, 2895 MHz, 13801 MHz, 0x0000000000000000, 373.22 W, 95 %
2026/09/30 13:53:26.907, 2895 MHz, 13801 MHz, 0x0000000000000000, 377.65 W, 95 %
2026/09/30 13:53:27.413, 2887 MHz, 13801 MHz, 0x0000000000000000, 373.96 W, 66 %
2026/09/30 13:53:27.917, 2902 MHz, 13801 MHz, 0x0000000000000000, 371.24 W, 95 %
2026/09/30 13:53:28.424, 2895 MHz, 13801 MHz, 0x0000000000000000, 371.07 W, 95 %
2026/09/30 13:53:28.929, 2895 MHz, 13801 MHz, 0x0000000000000000, 376.69 W, 95 %
2026/09/30 13:53:29.432, 2872 MHz, 13801 MHz, 0x0000000000000000, 374.72 W, 88 %
2026/09/30 13:53:29.937, 2895 MHz, 13801 MHz, 0x0000000000000000, 374.29 W, 95 %
2026/09/30 13:53:30.441, 2895 MHz, 13801 MHz, 0x0000000000000000, 376.63 W, 95 %
2026/09/30 13:53:30.948, 2895 MHz, 13801 MHz, 0x0000000000000000, 376.61 W, 95 %
2026/09/30 13:53:31.452, 2895 MHz, 13801 MHz, 0x0000000000000000, 362.17 W, 95 %
2026/09/30 13:53:31.958, 2910 MHz, 13801 MHz, 0x0000000000000000, 364.13 W, 95 %
2026/09/30 13:53:32.462, 2910 MHz, 13801 MHz, 0x0000000000000000, 377.20 W, 95 %
2026/09/30 13:53:32.973, 2910 MHz, 13801 MHz, 0x0000000000000000, 376.91 W, 94 %
2026/09/30 13:53:33.478, 2895 MHz, 13801 MHz, 0x0000000000000000, 372.07 W, 95 %
2026/09/30 13:53:33.982, 2895 MHz, 13801 MHz, 0x0000000000000000, 372.52 W, 95 %
2026/09/30 13:53:34.486, 2895 MHz, 13801 MHz, 0x0000000000000000, 376.97 W, 95 %
2026/09/30 13:53:34.989, 2880 MHz, 13801 MHz, 0x0000000000000000, 369.17 W, 94 %
2026/09/30 13:53:35.495, 2895 MHz, 13801 MHz, 0x0000000000000000, 368.42 W, 95 %
2026/09/30 13:53:36.002, 2902 MHz, 13801 MHz, 0x0000000000000000, 376.26 W, 95 %
2026/09/30 13:53:36.508, 2895 MHz, 13801 MHz, 0x0000000000000000, 372.07 W, 68 %
2026/09/30 13:53:37.016, 2902 MHz, 13801 MHz, 0x0000000000000000, 368.93 W, 95 %
2026/09/30 13:53:37.519, 2895 MHz, 13801 MHz, 0x0000000000000000, 369.31 W, 95 %
2026/09/30 13:53:38.025, 2895 MHz, 13801 MHz, 0x0000000000000000, 376.27 W, 95 %
2026/09/30 13:53:38.531, 2887 MHz, 13801 MHz, 0x0000000000000000, 364.64 W, 95 %
2026/09/30 13:53:39.039, 2895 MHz, 13801 MHz, 0x0000000000000000, 364.28 W, 95 %
2026/09/30 13:53:39.546, 2895 MHz, 13801 MHz, 0x0000000000000000, 377.29 W, 95 %
2026/09/30 13:53:40.052, 2887 MHz, 13801 MHz, 0x0000000000000000, 367.18 W, 95 %
2026/09/30 13:53:40.556, 2895 MHz, 13801 MHz, 0x0000000000000000, 366.64 W, 95 %
2026/09/30 13:53:41.066, 2902 MHz, 13801 MHz, 0x0000000000000000, 375.08 W, 95 %
2026/09/30 13:53:41.574, 2895 MHz, 13801 MHz, 0x0000000000000000, 368.38 W, 58 %
2026/09/30 13:53:42.081, 2910 MHz, 13801 MHz, 0x0000000000000000, 365.04 W, 95 %
2026/09/30 13:53:42.589, 2910 MHz, 13801 MHz, 0x0000000000000000, 366.41 W, 95 %
2026/09/30 13:53:43.097, 2910 MHz, 13801 MHz, 0x0000000000000000, 377.49 W, 95 %
2026/09/30 13:53:43.604, 2895 MHz, 13801 MHz, 0x0000000000000000, 373.66 W, 95 %
2026/09/30 13:53:44.110, 2895 MHz, 13801 MHz, 0x0000000000000000, 373.33 W, 94 %
2026/09/30 13:53:44.617, 2895 MHz, 13801 MHz, 0x0000000000000000, 377.45 W, 95 %
2026/09/30 13:53:45.122, 2880 MHz, 13801 MHz, 0x0000000000000000, 374.22 W, 46 %
2026/09/30 13:53:45.627, 2902 MHz, 13801 MHz, 0x0000000000000000, 372.38 W, 95 %
2026/09/30 13:53:46.134, 2895 MHz, 13801 MHz, 0x0000000000000000, 374.88 W, 94 %
2026/09/30 13:53:46.641, 2895 MHz, 13801 MHz, 0x0000000000000000, 376.34 W, 94 %
2026/09/30 13:53:47.145, 2887 MHz, 13801 MHz, 0x0000000000000000, 371.77 W, 95 %
2026/09/30 13:53:47.648, 2895 MHz, 13801 MHz, 0x0000000000000000, 371.61 W, 95 %
2026/09/30 13:53:48.156, 2895 MHz, 13801 MHz, 0x0000000000000000, 377.52 W, 95 %
2026/09/30 13:53:48.661, 2895 MHz, 13801 MHz, 0x0000000000000000, 370.06 W, 95 %
2026/09/30 13:53:49.165, 2895 MHz, 13801 MHz, 0x0000000000000000, 369.72 W, 95 %
2026/09/30 13:53:49.672, 2895 MHz, 13801 MHz, 0x0000000000000000, 377.27 W, 95 %
2026/09/30 13:53:50.178, 2872 MHz, 13801 MHz, 0x0000000000000000, 371.22 W, 94 %
2026/09/30 13:53:50.682, 2902 MHz, 13801 MHz, 0x0000000000000000, 371.41 W, 94 %
2026/09/30 13:53:51.187, 2902 MHz, 13801 MHz, 0x0000000000000000, 377.41 W, 94 %
2026/09/30 13:53:51.693, 2895 MHz, 13801 MHz, 0x0000000000000000, 376.87 W, 95 %
2026/09/30 13:53:52.198, 2895 MHz, 13801 MHz, 0x0000000000000000, 373.84 W, 95 %
2026/09/30 13:53:52.701, 2895 MHz, 13801 MHz, 0x0000000000000000, 374.98 W, 95 %
2026/09/30 13:53:53.208, 2887 MHz, 13801 MHz, 0x0000000000000000, 374.98 W, 56 %
2026/09/30 13:53:53.713, 2902 MHz, 13801 MHz, 0x0000000000000000, 368.21 W, 95 %
2026/09/30 13:53:54.219, 2895 MHz, 13801 MHz, 0x0000000000000000, 368.00 W, 94 %
2026/09/30 13:53:54.724, 2895 MHz, 13801 MHz, 0x0000000000000000, 377.48 W, 95 %
2026/09/30 13:53:55.231, 2872 MHz, 13801 MHz, 0x0000000000000000, 371.23 W, 95 %
2026/09/30 13:53:55.735, 2895 MHz, 13801 MHz, 0x0000000000000000, 372.22 W, 95 %
2026/09/30 13:53:56.240, 2895 MHz, 13801 MHz, 0x0000000000000000, 377.94 W, 95 %
2026/09/30 13:53:56.747, 2880 MHz, 13801 MHz, 0x0000000000000000, 373.58 W, 44 %
2026/09/30 13:53:57.250, 2895 MHz, 13801 MHz, 0x0000000000000000, 369.29 W, 94 %
2026/09/30 13:53:57.755, 2895 MHz, 13801 MHz, 0x0000000000000000, 373.69 W, 95 %
2026/09/30 13:53:58.260, 2872 MHz, 13801 MHz, 0x0000000000000000, 374.40 W, 53 %
2026/09/30 13:53:58.767, 2895 MHz, 13801 MHz, 0x0000000000000000, 374.20 W, 95 %
2026/09/30 13:53:59.270, 2895 MHz, 13801 MHz, 0x0000000000000000, 377.52 W, 95 %
2026/09/30 13:53:59.771, 2880 MHz, 13801 MHz, 0x0000000000000000, 368.29 W, 57 %
2026/09/30 13:54:00.277, 2895 MHz, 13801 MHz, 0x0000000000000000, 369.17 W, 95 %
2026/09/30 13:54:00.781, 2895 MHz, 13801 MHz, 0x0000000000000000, 372.36 W, 95 %
2026/09/30 13:54:01.285, 2895 MHz, 13801 MHz, 0x0000000000000000, 377.11 W, 95 %
2026/09/30 13:54:01.788, 2902 MHz, 13801 MHz, 0x0000000000000000, 367.77 W, 95 %
2026/09/30 13:54:02.291, 2895 MHz, 13801 MHz, 0x0000000000000000, 367.64 W, 94 %
2026/09/30 13:54:02.793, 2895 MHz, 13801 MHz, 0x0000000000000000, 377.46 W, 95 %
2026/09/30 13:54:03.298, 2880 MHz, 13801 MHz, 0x0000000000000000, 370.74 W, 95 %
2026/09/30 13:54:03.801, 2895 MHz, 13801 MHz, 0x0000000000000000, 371.13 W, 95 %
2026/09/30 13:54:04.304, 2895 MHz, 13801 MHz, 0x0000000000000000, 377.21 W, 94 %
2026/09/30 13:54:04.814, 2872 MHz, 13801 MHz, 0x0000000000000000, 373.61 W, 52 %
2026/09/30 13:54:05.315, 2902 MHz, 13801 MHz, 0x0000000000000000, 374.87 W, 95 %
2026/09/30 13:54:05.816, 2895 MHz, 13801 MHz, 0x0000000000000000, 378.11 W, 95 %
2026/09/30 13:54:06.321, 2895 MHz, 13801 MHz, 0x0000000000000000, 377.84 W, 95 %
2026/09/30 13:54:06.825, 2872 MHz, 13801 MHz, 0x0000000000000000, 373.08 W, 95 %
2026/09/30 13:54:07.327, 2895 MHz, 13801 MHz, 0x0000000000000000, 373.33 W, 95 %
2026/09/30 13:54:07.831, 2895 MHz, 13801 MHz, 0x0000000000000000, 378.07 W, 95 %
2026/09/30 13:54:08.338, 2887 MHz, 13801 MHz, 0x0000000000000000, 375.28 W, 60 %
2026/09/30 13:54:08.842, 2895 MHz, 13801 MHz, 0x0000000000000000, 371.85 W, 95 %
2026/09/30 13:54:09.345, 2895 MHz, 13801 MHz, 0x0000000000000000, 374.28 W, 95 %
2026/09/30 13:54:09.849, 2895 MHz, 13801 MHz, 0x0000000000000000, 378.72 W, 95 %
2026/09/30 13:54:10.355, 2880 MHz, 13801 MHz, 0x0000000000000000, 375.96 W, 95 %
2026/09/30 13:54:10.857, 2902 MHz, 13801 MHz, 0x0000000000000000, 374.83 W, 95 %
2026/09/30 13:54:11.362, 2902 MHz, 13801 MHz, 0x0000000000000000, 377.10 W, 94 %
2026/09/30 13:54:11.869, 2895 MHz, 13801 MHz, 0x0000000000000000, 367.52 W, 42 %
2026/09/30 13:54:12.373, 2895 MHz, 13801 MHz, 0x0000000000000000, 358.74 W, 95 %
2026/09/30 13:54:12.874, 2895 MHz, 13801 MHz, 0x0000000000000000, 360.15 W, 95 %
2026/09/30 13:54:13.378, 2895 MHz, 13801 MHz, 0x0000000000000000, 379.60 W, 95 %
2026/09/30 13:54:13.880, 2902 MHz, 13801 MHz, 0x0000000000000000, 379.05 W, 95 %
2026/09/30 13:54:14.383, 2895 MHz, 13801 MHz, 0x0000000000000000, 371.19 W, 95 %
2026/09/30 13:54:14.883, 2895 MHz, 13801 MHz, 0x0000000000000000, 370.20 W, 95 %
2026/09/30 13:54:15.389, 2902 MHz, 13801 MHz, 0x0000000000000000, 378.41 W, 95 %
2026/09/30 13:54:15.891, 2880 MHz, 13801 MHz, 0x0000000000000000, 368.81 W, 95 %
2026/09/30 13:54:16.394, 2895 MHz, 13801 MHz, 0x0000000000000000, 368.79 W, 95 %
2026/09/30 13:54:16.897, 2895 MHz, 13801 MHz, 0x0000000000000000, 378.99 W, 95 %
2026/09/30 13:54:17.401, 2895 MHz, 13801 MHz, 0x0000000000000000, 379.17 W, 95 %
2026/09/30 13:54:17.902, 2880 MHz, 13801 MHz, 0x0000000000000000, 374.86 W, 95 %
2026/09/30 13:54:18.406, 2895 MHz, 13801 MHz, 0x0000000000000000, 375.62 W, 95 %
2026/09/30 13:54:18.909, 2902 MHz, 13801 MHz, 0x0000000000000000, 379.17 W, 95 %
2026/09/30 13:54:19.417, 2872 MHz, 13801 MHz, 0x0000000000000000, 372.71 W, 50 %
2026/09/30 13:54:19.924, 2895 MHz, 13801 MHz, 0x0000000000000000, 372.80 W, 95 %
2026/09/30 13:54:20.426, 2895 MHz, 13801 MHz, 0x0000000000000000, 378.31 W, 95 %
2026/09/30 13:54:20.935, 2895 MHz, 13801 MHz, 0x0000000000000000, 379.64 W, 95 %
2026/09/30 13:54:21.441, 2872 MHz, 13801 MHz, 0x0000000000000000, 373.96 W, 70 %
2026/09/30 13:54:21.949, 2902 MHz, 13801 MHz, 0x0000000000000000, 373.45 W, 94 %
2026/09/30 13:54:22.461, 2925 MHz, 13801 MHz, 0x0000000000000000, 285.46 W, 0 %
2026/09/30 13:54:22.969, 2925 MHz, 13801 MHz, 0x0000000000000000, 137.67 W, 0 %
2026/09/30 13:54:23.484, 2925 MHz, 13801 MHz, 0x0000000000000000, 99.89 W, 0 %
2026/09/30 13:54:23.999, 1987 MHz, 7001 MHz, 0x0000000000000000, 93.72 W, 0 %
2026/09/30 13:54:24.511, 555 MHz, 7001 MHz, 0x0000000000000000, 66.25 W, 0 %
2026/09/30 13:54:25.025, 442 MHz, 7001 MHz, 0x0000000000000000, 38.20 W, 0 %
2026/09/30 13:54:25.536, 352 MHz, 7001 MHz, 0x0000000000000000, 37.11 W, 0 %
2026/09/30 13:54:26.050, 277 MHz, 7001 MHz, 0x0000000000000000, 36.84 W, 0 %
2026/09/30 13:54:26.562, 225 MHz, 7001 MHz, 0x0000000000000000, 36.78 W, 0 %
2026/09/30 13:54:27.074, 180 MHz, 7001 MHz, 0x0000000000000000, 36.73 W, 0 %
2026/09/30 13:54:27.585, 180 MHz, 7001 MHz, 0x0000000000000000, 36.69 W, 0 %
2026/09/30 13:54:28.092, 187 MHz, 7001 MHz, 0x0000000000000000, 36.65 W, 0 %
2026/09/30 13:54:28.603, 187 MHz, 7001 MHz, 0x0000000000000000, 36.63 W, 0 %
2026/09/30 13:54:29.114, 187 MHz, 7001 MHz, 0x0000000000000000, 36.59 W, 0 %
2026/09/30 13:54:29.628, 187 MHz, 810 MHz, 0x0000000000000000, 36.52 W, 0 %
2026/09/30 13:54:30.142, 202 MHz, 810 MHz, 0x0000000000000000, 31.51 W, 0 %
2026/09/30 13:54:30.652, 202 MHz, 810 MHz, 0x0000000000000000, 22.70 W, 0 %
2026/09/30 13:54:31.164, 187 MHz, 810 MHz, 0x0000000000000000, 19.67 W, 0 %
2026/09/30 13:54:31.677, 187 MHz, 405 MHz, 0x0000000000000000, 17.62 W, 0 %
2026/09/30 13:54:32.190, 180 MHz, 405 MHz, 0x0000000000000000, 16.36 W, 0 %
2026/09/30 13:54:32.691, 180 MHz, 405 MHz, 0x0000000000000000, 16.31 W, 0 %
2026/09/30 13:54:33.202, 180 MHz, 405 MHz, 0x0000000000000000, 16.10 W, 0 %
2026/09/30 13:54:33.713, 180 MHz, 405 MHz, 0x0000000000000000, 15.88 W, 0 %
2026/09/30 13:54:34.223, 180 MHz, 405 MHz, 0x0000000000000000, 16.05 W, 0 %
2026/09/30 13:54:34.734, 180 MHz, 405 MHz, 0x0000000000000000, 16.08 W, 0 %
2026/09/30 13:54:35.249, 180 MHz, 405 MHz, 0x0000000000000000, 16.00 W, 0 %
2026/09/30 13:54:35.762, 180 MHz, 405 MHz, 0x0000000000000000, 15.87 W, 0 %
2026/09/30 13:54:36.275, 180 MHz, 405 MHz, 0x0000000000000000, 15.57 W, 0 %
2026/09/30 13:54:36.785, 187 MHz, 405 MHz, 0x0000000000000000, 15.64 W, 0 %
2026/09/30 13:54:37.294, 187 MHz, 405 MHz, 0x0000000000000000, 15.37 W, 0 %
2026/09/30 13:54:37.807, 187 MHz, 405 MHz, 0x0000000000000000, 15.23 W, 0 %
2026/09/30 13:54:38.321, 187 MHz, 405 MHz, 0x0000000000000000, 15.72 W, 0 %
2026/09/30 13:54:38.835, 187 MHz, 405 MHz, 0x0000000000000000, 15.72 W, 0 %
2026/09/30 13:54:39.348, 195 MHz, 405 MHz, 0x0000000000000000, 15.19 W, 0 %
2026/09/30 13:54:39.862, 187 MHz, 405 MHz, 0x0000000000000000, 15.16 W, 0 %
2026/09/30 13:54:40.371, 187 MHz, 405 MHz, 0x0000000000000000, 15.16 W, 0 %
2026/09/30 13:54:40.878, 180 MHz, 405 MHz, 0x0000000000000000, 15.03 W, 0 %
2026/09/30 13:54:41.389, 180 MHz, 405 MHz, 0x0000000000000000, 15.12 W, 0 %
2026/09/30 13:54:41.898, 180 MHz, 405 MHz, 0x0000000000000000, 15.08 W, 0 %
2026/09/30 13:54:42.411, 180 MHz, 405 MHz, 0x0000000000000000, 14.99 W, 0 %
2026/09/30 13:54:42.922, 180 MHz, 405 MHz, 0x0000000000000000, 14.93 W, 0 %
2026/09/30 13:54:43.437, 180 MHz, 405 MHz, 0x0000000000000000, 14.77 W, 0 %
2026/09/30 13:54:43.945, 180 MHz, 405 MHz, 0x0000000000000000, 14.67 W, 0 %
2026/09/30 13:54:44.455, 180 MHz, 405 MHz, 0x0000000000000000, 14.56 W, 0 %
2026/09/30 13:54:44.967, 180 MHz, 405 MHz, 0x0000000000000000, 14.86 W, 0 %
2026/09/30 13:54:45.472, 180 MHz, 405 MHz, 0x0000000000000000, 14.73 W, 0 %
2026/09/30 13:54:45.983, 187 MHz, 405 MHz, 0x0000000000000000, 14.28 W, 0 %
2026/09/30 13:54:46.492, 187 MHz, 405 MHz, 0x0000000000000000, 14.41 W, 0 %
2026/09/30 13:54:47.002, 187 MHz, 405 MHz, 0x0000000000000000, 14.39 W, 0 %
2026/09/30 13:54:47.512, 187 MHz, 405 MHz, 0x0000000000000000, 14.19 W, 0 %
2026/09/30 13:54:48.023, 187 MHz, 405 MHz, 0x0000000000000000, 14.33 W, 0 %
2026/09/30 13:54:48.533, 187 MHz, 405 MHz, 0x0000000000000000, 14.36 W, 0 %
2026/09/30 13:54:49.041, 187 MHz, 405 MHz, 0x0000000000000000, 14.04 W, 0 %
2026/09/30 13:54:49.552, 187 MHz, 405 MHz, 0x0000000000000000, 14.09 W, 0 %
2026/09/30 13:54:50.065, 180 MHz, 405 MHz, 0x0000000000000000, 13.97 W, 0 %
2026/09/30 13:54:50.577, 180 MHz, 405 MHz, 0x0000000000000000, 14.03 W, 0 %
2026/09/30 13:54:51.090, 180 MHz, 405 MHz, 0x0000000000000000, 14.10 W, 0 %
2026/09/30 13:54:51.603, 180 MHz, 405 MHz, 0x0000000000000000, 13.87 W, 0 %
2026/09/30 13:54:52.105, 180 MHz, 405 MHz, 0x0000000000000000, 13.87 W, 0 %
2026/09/30 13:54:52.607, 180 MHz, 405 MHz, 0x0000000000000000, 13.82 W, 0 %
2026/09/30 13:54:53.122, 180 MHz, 405 MHz, 0x0000000000000000, 13.78 W, 0 %
2026/09/30 13:54:53.631, 180 MHz, 405 MHz, 0x0000000000000000, 13.81 W, 0 %
2026/09/30 13:54:54.144, 180 MHz, 405 MHz, 0x0000000000000000, 13.90 W, 0 %
2026/09/30 13:54:54.654, 187 MHz, 405 MHz, 0x0000000000000000, 13.77 W, 0 %
2026/09/30 13:54:55.167, 187 MHz, 405 MHz, 0x0000000000000000, 13.53 W, 0 %
2026/09/30 13:54:55.680, 187 MHz, 405 MHz, 0x0000000000000000, 13.53 W, 0 %
2026/09/30 13:54:56.185, 187 MHz, 405 MHz, 0x0000000000000000, 18.55 W, 0 %
2026/09/30 13:54:56.692, 2910 MHz, 13801 MHz, 0x0000000000000000, 297.80 W, 94 %
2026/09/30 13:54:57.196, 2910 MHz, 13801 MHz, 0x0000000000000000, 364.29 W, 95 %
2026/09/30 13:54:57.703, 2895 MHz, 13801 MHz, 0x0000000000000000, 359.72 W, 62 %
2026/09/30 13:54:58.210, 2910 MHz, 13801 MHz, 0x0000000000000000, 360.31 W, 95 %
2026/09/30 13:54:58.718, 2910 MHz, 13801 MHz, 0x0000000000000000, 364.24 W, 95 %
2026/09/30 13:54:59.223, 2910 MHz, 13801 MHz, 0x0000000000000000, 366.95 W, 94 %
2026/09/30 13:54:59.730, 2887 MHz, 13801 MHz, 0x0000000000000000, 363.68 W, 96 %
2026/09/30 13:55:00.234, 2910 MHz, 13801 MHz, 0x0000000000000000, 363.98 W, 95 %
2026/09/30 13:55:00.738, 2910 MHz, 13801 MHz, 0x0000000000000000, 367.80 W, 95 %
2026/09/30 13:55:01.246, 2887 MHz, 13801 MHz, 0x0000000000000000, 365.16 W, 96 %
2026/09/30 13:55:01.751, 2910 MHz, 13801 MHz, 0x0000000000000000, 365.40 W, 95 %
2026/09/30 13:55:02.258, 2910 MHz, 13801 MHz, 0x0000000000000000, 368.55 W, 95 %
2026/09/30 13:55:02.764, 2910 MHz, 13801 MHz, 0x0000000000000000, 366.07 W, 95 %
2026/09/30 13:55:03.268, 2910 MHz, 13801 MHz, 0x0000000000000000, 367.31 W, 95 %
2026/09/30 13:55:03.774, 2910 MHz, 13801 MHz, 0x0000000000000000, 367.79 W, 95 %
2026/09/30 13:55:04.279, 2910 MHz, 13801 MHz, 0x0000000000000000, 369.26 W, 95 %
2026/09/30 13:55:04.786, 2895 MHz, 13801 MHz, 0x0000000000000000, 366.74 W, 95 %
2026/09/30 13:55:05.292, 2910 MHz, 13801 MHz, 0x0000000000000000, 366.74 W, 95 %
2026/09/30 13:55:05.794, 2910 MHz, 13801 MHz, 0x0000000000000000, 369.35 W, 95 %
2026/09/30 13:55:06.299, 2887 MHz, 13801 MHz, 0x0000000000000000, 365.57 W, 70 %
2026/09/30 13:55:06.804, 2910 MHz, 13801 MHz, 0x0000000000000000, 365.71 W, 95 %
2026/09/30 13:55:07.307, 2910 MHz, 13801 MHz, 0x0000000000000000, 370.15 W, 95 %
2026/09/30 13:55:07.815, 2910 MHz, 13801 MHz, 0x0000000000000000, 367.17 W, 80 %
2026/09/30 13:55:08.319, 2910 MHz, 13801 MHz, 0x0000000000000000, 365.93 W, 95 %
2026/09/30 13:55:08.824, 2910 MHz, 13801 MHz, 0x0000000000000000, 369.00 W, 94 %
2026/09/30 13:55:09.332, 2910 MHz, 13801 MHz, 0x0000000000000000, 367.86 W, 95 %
2026/09/30 13:55:09.838, 2910 MHz, 13801 MHz, 0x0000000000000000, 366.71 W, 95 %
2026/09/30 13:55:10.345, 2910 MHz, 13801 MHz, 0x0000000000000000, 367.49 W, 95 %
2026/09/30 13:55:10.847, 2910 MHz, 13801 MHz, 0x0000000000000000, 371.13 W, 95 %
2026/09/30 13:55:11.357, 2880 MHz, 13801 MHz, 0x0000000000000000, 366.19 W, 53 %
2026/09/30 13:55:11.862, 2910 MHz, 13801 MHz, 0x0000000000000000, 360.32 W, 78 %
2026/09/30 13:55:12.367, 2910 MHz, 13801 MHz, 0x0000000000000000, 363.82 W, 95 %
2026/09/30 13:55:12.874, 2910 MHz, 13801 MHz, 0x0000000000000000, 367.13 W, 95 %
2026/09/30 13:55:13.380, 2910 MHz, 13801 MHz, 0x0000000000000000, 365.85 W, 94 %
2026/09/30 13:55:13.883, 2910 MHz, 13801 MHz, 0x0000000000000000, 366.32 W, 95 %
2026/09/30 13:55:14.388, 2910 MHz, 13801 MHz, 0x0000000000000000, 372.04 W, 95 %
2026/09/30 13:55:14.893, 2887 MHz, 13801 MHz, 0x0000000000000000, 361.84 W, 95 %
2026/09/30 13:55:15.401, 2910 MHz, 13801 MHz, 0x0000000000000000, 362.86 W, 95 %
2026/09/30 13:55:15.907, 2910 MHz, 13801 MHz, 0x0000000000000000, 372.30 W, 95 %
2026/09/30 13:55:16.414, 2910 MHz, 13801 MHz, 0x0000000000000000, 367.69 W, 86 %
2026/09/30 13:55:16.920, 2910 MHz, 13801 MHz, 0x0000000000000000, 368.19 W, 95 %
2026/09/30 13:55:17.426, 2910 MHz, 13801 MHz, 0x0000000000000000, 369.47 W, 95 %
2026/09/30 13:55:17.930, 2910 MHz, 13801 MHz, 0x0000000000000000, 372.53 W, 95 %
2026/09/30 13:55:18.434, 2902 MHz, 13801 MHz, 0x0000000000000000, 362.76 W, 94 %
2026/09/30 13:55:18.939, 2910 MHz, 13801 MHz, 0x0000000000000000, 361.85 W, 95 %
2026/09/30 13:55:19.446, 2910 MHz, 13801 MHz, 0x0000000000000000, 372.77 W, 95 %
2026/09/30 13:55:19.948, 2910 MHz, 13801 MHz, 0x0000000000000000, 373.14 W, 95 %
2026/09/30 13:55:20.458, 2910 MHz, 13801 MHz, 0x0000000000000000, 366.07 W, 95 %
2026/09/30 13:55:20.968, 2910 MHz, 13801 MHz, 0x0000000000000000, 366.30 W, 95 %
2026/09/30 13:55:21.475, 2910 MHz, 13801 MHz, 0x0000000000000000, 373.88 W, 95 %
2026/09/30 13:55:21.979, 2910 MHz, 13801 MHz, 0x0000000000000000, 373.73 W, 95 %
2026/09/30 13:55:22.485, 2902 MHz, 13801 MHz, 0x0000000000000000, 360.58 W, 95 %
2026/09/30 13:55:22.989, 2910 MHz, 13801 MHz, 0x0000000000000000, 359.42 W, 95 %
2026/09/30 13:55:23.502, 2910 MHz, 13801 MHz, 0x0000000000000000, 374.17 W, 95 %
2026/09/30 13:55:24.007, 2895 MHz, 13801 MHz, 0x0000000000000000, 369.14 W, 95 %
2026/09/30 13:55:24.513, 2910 MHz, 13801 MHz, 0x0000000000000000, 368.80 W, 95 %
2026/09/30 13:55:25.021, 2910 MHz, 13801 MHz, 0x0000000000000000, 374.11 W, 95 %
2026/09/30 13:55:25.529, 2895 MHz, 13801 MHz, 0x0000000000000000, 365.43 W, 51 %
2026/09/30 13:55:26.038, 2910 MHz, 13801 MHz, 0x0000000000000000, 365.61 W, 95 %
2026/09/30 13:55:26.542, 2910 MHz, 13801 MHz, 0x0000000000000000, 368.72 W, 94 %
2026/09/30 13:55:27.048, 2910 MHz, 13801 MHz, 0x0000000000000000, 373.91 W, 95 %
2026/09/30 13:55:27.553, 2887 MHz, 13801 MHz, 0x0000000000000000, 365.66 W, 95 %
2026/09/30 13:55:28.061, 2910 MHz, 13801 MHz, 0x0000000000000000, 365.39 W, 94 %
2026/09/30 13:55:28.565, 2910 MHz, 13801 MHz, 0x0000000000000000, 374.59 W, 95 %
2026/09/30 13:55:29.074, 2902 MHz, 13801 MHz, 0x0000000000000000, 368.91 W, 95 %
2026/09/30 13:55:29.580, 2910 MHz, 13801 MHz, 0x0000000000000000, 368.70 W, 95 %
2026/09/30 13:55:30.087, 2910 MHz, 13801 MHz, 0x0000000000000000, 375.33 W, 94 %
2026/09/30 13:55:30.599, 2895 MHz, 13801 MHz, 0x0000000000000000, 369.45 W, 68 %
2026/09/30 13:55:31.107, 2910 MHz, 13801 MHz, 0x0000000000000000, 369.26 W, 94 %
2026/09/30 13:55:31.617, 2910 MHz, 13801 MHz, 0x0000000000000000, 375.61 W, 95 %
2026/09/30 13:55:32.124, 2910 MHz, 13801 MHz, 0x0000000000000000, 374.38 W, 87 %
2026/09/30 13:55:32.628, 2910 MHz, 13801 MHz, 0x0000000000000000, 369.03 W, 95 %
2026/09/30 13:55:33.134, 2910 MHz, 13801 MHz, 0x0000000000000000, 369.73 W, 94 %
2026/09/30 13:55:33.641, 2910 MHz, 13801 MHz, 0x0000000000000000, 376.18 W, 95 %
2026/09/30 13:55:34.144, 2902 MHz, 13801 MHz, 0x0000000000000000, 369.88 W, 95 %
2026/09/30 13:55:34.653, 2910 MHz, 13801 MHz, 0x0000000000000000, 368.96 W, 95 %
2026/09/30 13:55:35.161, 2910 MHz, 13801 MHz, 0x0000000000000000, 375.24 W, 94 %
2026/09/30 13:55:35.666, 2895 MHz, 13801 MHz, 0x0000000000000000, 363.00 W, 71 %
2026/09/30 13:55:36.169, 2910 MHz, 13801 MHz, 0x0000000000000000, 363.43 W, 95 %
2026/09/30 13:55:36.676, 2910 MHz, 13801 MHz, 0x0000000000000000, 376.04 W, 95 %
2026/09/30 13:55:37.181, 2880 MHz, 13801 MHz, 0x0000000000000000, 371.56 W, 95 %
2026/09/30 13:55:37.686, 2910 MHz, 13801 MHz, 0x0000000000000000, 371.43 W, 95 %
2026/09/30 13:55:38.191, 2910 MHz, 13801 MHz, 0x0000000000000000, 375.08 W, 95 %
2026/09/30 13:55:38.698, 2902 MHz, 13801 MHz, 0x0000000000000000, 367.39 W, 95 %
2026/09/30 13:55:39.201, 2910 MHz, 13801 MHz, 0x0000000000000000, 367.69 W, 95 %
2026/09/30 13:55:39.705, 2910 MHz, 13801 MHz, 0x0000000000000000, 376.51 W, 95 %
2026/09/30 13:55:40.214, 2880 MHz, 13801 MHz, 0x0000000000000000, 370.02 W, 85 %
2026/09/30 13:55:40.723, 2910 MHz, 13801 MHz, 0x0000000000000000, 369.74 W, 93 %
2026/09/30 13:55:41.230, 2910 MHz, 13801 MHz, 0x0000000000000000, 375.18 W, 95 %
2026/09/30 13:55:41.734, 2910 MHz, 13801 MHz, 0x0000000000000000, 376.09 W, 95 %
2026/09/30 13:55:42.241, 2887 MHz, 13801 MHz, 0x0000000000000000, 367.54 W, 95 %
2026/09/30 13:55:42.746, 2910 MHz, 13801 MHz, 0x0000000000000000, 367.93 W, 95 %
2026/09/30 13:55:43.253, 2910 MHz, 13801 MHz, 0x0000000000000000, 377.80 W, 95 %
2026/09/30 13:55:43.760, 2872 MHz, 13801 MHz, 0x0000000000000000, 367.70 W, 95 %
2026/09/30 13:55:44.268, 2895 MHz, 13801 MHz, 0x0000000000000000, 367.46 W, 95 %
2026/09/30 13:55:44.777, 2902 MHz, 13801 MHz, 0x0000000000000000, 377.39 W, 95 %
2026/09/30 13:55:45.283, 2902 MHz, 13801 MHz, 0x0000000000000000, 376.94 W, 95 %
2026/09/30 13:55:45.792, 2887 MHz, 13801 MHz, 0x0000000000000000, 365.10 W, 95 %
2026/09/30 13:55:46.296, 2910 MHz, 13801 MHz, 0x0000000000000000, 365.68 W, 95 %
2026/09/30 13:55:46.800, 2910 MHz, 13801 MHz, 0x0000000000000000, 377.26 W, 95 %
2026/09/30 13:55:47.306, 2895 MHz, 13801 MHz, 0x0000000000000000, 363.20 W, 95 %
2026/09/30 13:55:47.813, 2910 MHz, 13801 MHz, 0x0000000000000000, 364.69 W, 94 %
2026/09/30 13:55:48.322, 2910 MHz, 13801 MHz, 0x0000000000000000, 377.55 W, 95 %
2026/09/30 13:55:48.830, 2887 MHz, 13801 MHz, 0x0000000000000000, 368.97 W, 72 %
2026/09/30 13:55:49.333, 2910 MHz, 13801 MHz, 0x0000000000000000, 369.28 W, 95 %
2026/09/30 13:55:49.838, 2910 MHz, 13801 MHz, 0x0000000000000000, 374.11 W, 95 %
2026/09/30 13:55:50.346, 2910 MHz, 13801 MHz, 0x0000000000000000, 378.11 W, 95 %
2026/09/30 13:55:50.853, 2887 MHz, 13801 MHz, 0x0000000000000000, 367.60 W, 95 %
2026/09/30 13:55:51.358, 2910 MHz, 13801 MHz, 0x0000000000000000, 367.72 W, 95 %
2026/09/30 13:55:51.863, 2910 MHz, 13801 MHz, 0x0000000000000000, 378.30 W, 95 %
2026/09/30 13:55:52.374, 2887 MHz, 13801 MHz, 0x0000000000000000, 365.93 W, 77 %
2026/09/30 13:55:52.882, 2910 MHz, 13801 MHz, 0x0000000000000000, 365.82 W, 95 %
2026/09/30 13:55:53.386, 2910 MHz, 13801 MHz, 0x0000000000000000, 378.57 W, 95 %
2026/09/30 13:55:53.895, 2910 MHz, 13801 MHz, 0x0000000000000000, 378.66 W, 95 %
2026/09/30 13:55:54.401, 2902 MHz, 13801 MHz, 0x0000000000000000, 369.51 W, 95 %
2026/09/30 13:55:54.911, 2910 MHz, 13801 MHz, 0x0000000000000000, 369.26 W, 95 %
2026/09/30 13:55:55.418, 2910 MHz, 13801 MHz, 0x0000000000000000, 378.16 W, 95 %
2026/09/30 13:55:55.930, 2902 MHz, 13801 MHz, 0x0000000000000000, 372.79 W, 50 %
2026/09/30 13:55:56.437, 2902 MHz, 13801 MHz, 0x0000000000000000, 372.17 W, 94 %
2026/09/30 13:55:56.943, 2895 MHz, 13801 MHz, 0x0000000000000000, 376.24 W, 95 %
2026/09/30 13:55:57.449, 2895 MHz, 13801 MHz, 0x0000000000000000, 377.97 W, 95 %
2026/09/30 13:55:57.961, 2902 MHz, 13801 MHz, 0x0000000000000000, 335.43 W, 0 %
2026/09/30 13:55:58.461, 2925 MHz, 13801 MHz, 0x0000000000000000, 196.36 W, 0 %
2026/09/30 13:55:58.973, 2925 MHz, 13801 MHz, 0x0000000000000000, 99.71 W, 0 %
2026/09/30 13:55:59.481, 2925 MHz, 13801 MHz, 0x0000000000000000, 98.56 W, 0 %
2026/09/30 13:55:59.991, 682 MHz, 13801 MHz, 0x0000000000000000, 80.20 W, 0 %
2026/09/30 13:56:00.499, 540 MHz, 7001 MHz, 0x0000000000000000, 52.57 W, 0 %
2026/09/30 13:56:01.015, 427 MHz, 7001 MHz, 0x0000000000000000, 37.04 W, 0 %
2026/09/30 13:56:01.527, 337 MHz, 7001 MHz, 0x0000000000000000, 36.66 W, 0 %
2026/09/30 13:56:02.041, 270 MHz, 7001 MHz, 0x0000000000000000, 36.42 W, 0 %
2026/09/30 13:56:02.550, 217 MHz, 7001 MHz, 0x0000000000000000, 36.39 W, 0 %
2026/09/30 13:56:03.060, 180 MHz, 7001 MHz, 0x0000000000000000, 36.44 W, 0 %
2026/09/30 13:56:03.576, 180 MHz, 810 MHz, 0x0000000000000000, 30.71 W, 0 %
2026/09/30 13:56:04.088, 187 MHz, 810 MHz, 0x0000000000000000, 21.92 W, 0 %
2026/09/30 13:56:04.589, 180 MHz, 810 MHz, 0x0000000000000000, 19.08 W, 0 %
2026/09/30 13:56:05.100, 180 MHz, 405 MHz, 0x0000000000000000, 17.66 W, 0 %
2026/09/30 13:56:05.613, 187 MHz, 405 MHz, 0x0000000000000000, 16.68 W, 0 %
2026/09/30 13:56:06.125, 187 MHz, 405 MHz, 0x0000000000000000, 16.21 W, 0 %
2026/09/30 13:56:06.634, 187 MHz, 405 MHz, 0x0000000000000000, 16.12 W, 0 %
2026/09/30 13:56:07.147, 187 MHz, 405 MHz, 0x0000000000000000, 16.18 W, 0 %
2026/09/30 13:56:07.658, 187 MHz, 405 MHz, 0x0000000000000000, 16.20 W, 0 %
2026/09/30 13:56:08.170, 187 MHz, 405 MHz, 0x0000000000000000, 16.26 W, 0 %
2026/09/30 13:56:08.684, 187 MHz, 405 MHz, 0x0000000000000000, 16.25 W, 0 %
2026/09/30 13:56:09.197, 187 MHz, 405 MHz, 0x0000000000000000, 16.08 W, 0 %
2026/09/30 13:56:09.708, 180 MHz, 405 MHz, 0x0000000000000000, 15.79 W, 0 %
2026/09/30 13:56:10.222, 180 MHz, 405 MHz, 0x0000000000000000, 15.61 W, 0 %
2026/09/30 13:56:10.734, 180 MHz, 405 MHz, 0x0000000000000000, 15.70 W, 0 %
2026/09/30 13:56:11.243, 180 MHz, 405 MHz, 0x0000000000000000, 15.82 W, 0 %
2026/09/30 13:56:11.756, 180 MHz, 405 MHz, 0x0000000000000000, 15.95 W, 0 %
2026/09/30 13:56:12.271, 180 MHz, 405 MHz, 0x0000000000000000, 15.68 W, 0 %
2026/09/30 13:56:12.786, 180 MHz, 405 MHz, 0x0000000000000000, 15.21 W, 0 %
2026/09/30 13:56:13.296, 180 MHz, 405 MHz, 0x0000000000000000, 15.28 W, 0 %
2026/09/30 13:56:13.808, 180 MHz, 405 MHz, 0x0000000000000000, 15.19 W, 0 %
2026/09/30 13:56:14.317, 187 MHz, 405 MHz, 0x0000000000000000, 15.22 W, 0 %
2026/09/30 13:56:14.828, 195 MHz, 405 MHz, 0x0000000000000000, 15.32 W, 0 %
2026/09/30 13:56:15.340, 195 MHz, 405 MHz, 0x0000000000000000, 15.23 W, 0 %
2026/09/30 13:56:15.841, 187 MHz, 405 MHz, 0x0000000000000000, 15.23 W, 0 %
2026/09/30 13:56:16.350, 187 MHz, 405 MHz, 0x0000000000000000, 15.15 W, 0 %
2026/09/30 13:56:16.860, 195 MHz, 405 MHz, 0x0000000000000000, 15.06 W, 0 %
2026/09/30 13:56:17.375, 187 MHz, 405 MHz, 0x0000000000000000, 15.07 W, 0 %
2026/09/30 13:56:17.890, 187 MHz, 405 MHz, 0x0000000000000000, 15.10 W, 0 %
2026/09/30 13:56:18.401, 180 MHz, 405 MHz, 0x0000000000000000, 14.86 W, 0 %
2026/09/30 13:56:18.914, 180 MHz, 405 MHz, 0x0000000000000000, 14.70 W, 0 %
2026/09/30 13:56:19.423, 180 MHz, 405 MHz, 0x0000000000000000, 14.80 W, 0 %
2026/09/30 13:56:19.934, 180 MHz, 405 MHz, 0x0000000000000000, 14.87 W, 0 %
2026/09/30 13:56:20.443, 180 MHz, 405 MHz, 0x0000000000000000, 14.86 W, 0 %
2026/09/30 13:56:20.951, 180 MHz, 405 MHz, 0x0000000000000000, 14.93 W, 0 %
2026/09/30 13:56:21.459, 180 MHz, 405 MHz, 0x0000000000000000, 14.79 W, 0 %
2026/09/30 13:56:21.970, 180 MHz, 405 MHz, 0x0000000000000000, 14.50 W, 0 %
2026/09/30 13:56:22.472, 180 MHz, 405 MHz, 0x0000000000000000, 14.38 W, 0 %
2026/09/30 13:56:22.984, 187 MHz, 405 MHz, 0x0000000000000000, 14.57 W, 0 %
2026/09/30 13:56:23.496, 187 MHz, 405 MHz, 0x0000000000000000, 14.53 W, 0 %
2026/09/30 13:56:24.006, 187 MHz, 405 MHz, 0x0000000000000000, 14.42 W, 0 %
2026/09/30 13:56:24.517, 187 MHz, 405 MHz, 0x0000000000000000, 14.43 W, 0 %
2026/09/30 13:56:25.026, 187 MHz, 405 MHz, 0x0000000000000000, 14.40 W, 0 %
2026/09/30 13:56:25.536, 187 MHz, 405 MHz, 0x0000000000000000, 14.48 W, 0 %
2026/09/30 13:56:26.036, 187 MHz, 405 MHz, 0x0000000000000000, 14.51 W, 0 %
2026/09/30 13:56:26.551, 187 MHz, 405 MHz, 0x0000000000000000, 14.27 W, 0 %
2026/09/30 13:56:27.061, 187 MHz, 405 MHz, 0x0000000000000000, 14.33 W, 0 %
2026/09/30 13:56:27.570, 180 MHz, 405 MHz, 0x0000000000000000, 14.49 W, 0 %
2026/09/30 13:56:28.085, 180 MHz, 405 MHz, 0x0000000000000000, 14.23 W, 0 %
2026/09/30 13:56:28.598, 180 MHz, 405 MHz, 0x0000000000000000, 14.28 W, 0 %
2026/09/30 13:56:29.099, 180 MHz, 405 MHz, 0x0000000000000000, 14.38 W, 0 %
2026/09/30 13:56:29.611, 180 MHz, 405 MHz, 0x0000000000000000, 14.20 W, 0 %
2026/09/30 13:56:30.123, 180 MHz, 405 MHz, 0x0000000000000000, 14.16 W, 0 %
2026/09/30 13:56:30.635, 180 MHz, 405 MHz, 0x0000000000000000, 14.10 W, 0 %
2026/09/30 13:56:31.144, 180 MHz, 405 MHz, 0x0000000000000000, 14.01 W, 0 %
2026/09/30 13:56:31.654, 172 MHz, 405 MHz, 0x0000000000000000, 13.95 W, 0 %
2026/09/30 13:56:32.165, 187 MHz, 405 MHz, 0x0000000000000000, 13.99 W, 0 %
2026/09/30 13:56:32.677, 187 MHz, 405 MHz, 0x0000000000000000, 14.05 W, 0 %
2026/09/30 13:56:33.177, 195 MHz, 405 MHz, 0x0000000000000000, 14.20 W, 0 %
2026/09/30 13:56:33.689, 187 MHz, 405 MHz, 0x0000000000000000, 14.24 W, 0 %
2026/09/30 13:56:34.202, 187 MHz, 405 MHz, 0x0000000000000000, 14.02 W, 0 %
2026/09/30 13:56:34.717, 187 MHz, 405 MHz, 0x0000000000000000, 13.59 W, 0 %
2026/09/30 13:56:35.226, 2317 MHz, 13801 MHz, 0x0000000000000000, 61.75 W, 95 %
2026/09/30 13:56:35.732, 2910 MHz, 13801 MHz, 0x0000000000000000, 240.31 W, 95 %
2026/09/30 13:56:36.237, 2910 MHz, 13801 MHz, 0x0000000000000000, 356.18 W, 95 %
2026/09/30 13:56:36.739, 2910 MHz, 13801 MHz, 0x0000000000000000, 356.42 W, 94 %
2026/09/30 13:56:37.244, 2910 MHz, 13801 MHz, 0x0000000000000000, 357.71 W, 95 %
2026/09/30 13:56:37.748, 2910 MHz, 13801 MHz, 0x0000000000000000, 359.19 W, 84 %
2026/09/30 13:56:38.252, 2910 MHz, 13801 MHz, 0x0000000000000000, 361.70 W, 95 %
2026/09/30 13:56:38.767, 2910 MHz, 13801 MHz, 0x0000000000000000, 360.23 W, 94 %
2026/09/30 13:56:39.270, 2910 MHz, 13801 MHz, 0x0000000000000000, 360.78 W, 95 %
2026/09/30 13:56:39.784, 2910 MHz, 13801 MHz, 0x0000000000000000, 361.30 W, 95 %
2026/09/30 13:56:40.288, 2910 MHz, 13801 MHz, 0x0000000000000000, 362.36 W, 95 %
2026/09/30 13:56:40.789, 2910 MHz, 13801 MHz, 0x0000000000000000, 363.84 W, 95 %
2026/09/30 13:56:41.303, 2910 MHz, 13801 MHz, 0x0000000000000000, 364.29 W, 95 %
2026/09/30 13:56:41.808, 2910 MHz, 13801 MHz, 0x0000000000000000, 363.48 W, 95 %
2026/09/30 13:56:42.309, 2910 MHz, 13801 MHz, 0x0000000000000000, 362.34 W, 95 %
2026/09/30 13:56:42.813, 2910 MHz, 13801 MHz, 0x0000000000000000, 361.08 W, 80 %
2026/09/30 13:56:43.316, 2910 MHz, 13801 MHz, 0x0000000000000000, 364.98 W, 95 %
2026/09/30 13:56:43.831, 2910 MHz, 13801 MHz, 0x0000000000000000, 365.56 W, 95 %
2026/09/30 13:56:44.336, 2910 MHz, 13801 MHz, 0x0000000000000000, 362.25 W, 91 %
2026/09/30 13:56:44.845, 2910 MHz, 13801 MHz, 0x0000000000000000, 364.71 W, 95 %
2026/09/30 13:56:45.350, 2910 MHz, 13801 MHz, 0x0000000000000000, 363.61 W, 92 %
2026/09/30 13:56:45.851, 2910 MHz, 13801 MHz, 0x0000000000000000, 361.39 W, 94 %
2026/09/30 13:56:46.352, 2910 MHz, 13801 MHz, 0x0000000000000000, 365.10 W, 95 %
2026/09/30 13:56:46.854, 2910 MHz, 13801 MHz, 0x0000000000000000, 364.08 W, 95 %
2026/09/30 13:56:47.359, 2910 MHz, 13801 MHz, 0x0000000000000000, 361.32 W, 95 %
2026/09/30 13:56:47.866, 2910 MHz, 13801 MHz, 0x0000000000000000, 363.40 W, 95 %
2026/09/30 13:56:48.367, 2910 MHz, 13801 MHz, 0x0000000000000000, 362.98 W, 95 %
2026/09/30 13:56:48.871, 2910 MHz, 13801 MHz, 0x0000000000000000, 361.46 W, 90 %
2026/09/30 13:56:49.375, 2910 MHz, 13801 MHz, 0x0000000000000000, 361.62 W, 93 %
2026/09/30 13:56:49.878, 2910 MHz, 13801 MHz, 0x0000000000000000, 364.86 W, 95 %
2026/09/30 13:56:50.381, 2910 MHz, 13801 MHz, 0x0000000000000000, 363.18 W, 94 %
2026/09/30 13:56:50.886, 2910 MHz, 13801 MHz, 0x0000000000000000, 364.38 W, 94 %
2026/09/30 13:56:51.388, 2910 MHz, 13801 MHz, 0x0000000000000000, 365.63 W, 95 %
2026/09/30 13:56:51.892, 2910 MHz, 13801 MHz, 0x0000000000000000, 363.07 W, 94 %
2026/09/30 13:56:52.395, 2910 MHz, 13801 MHz, 0x0000000000000000, 366.70 W, 95 %
2026/09/30 13:56:52.898, 2910 MHz, 13801 MHz, 0x0000000000000000, 366.98 W, 95 %
2026/09/30 13:56:53.400, 2910 MHz, 13801 MHz, 0x0000000000000000, 365.17 W, 95 %
2026/09/30 13:56:53.902, 2910 MHz, 13801 MHz, 0x0000000000000000, 364.96 W, 78 %
2026/09/30 13:56:54.405, 2910 MHz, 13801 MHz, 0x0000000000000000, 363.73 W, 95 %
2026/09/30 13:56:54.909, 2910 MHz, 13801 MHz, 0x0000000000000000, 360.12 W, 75 %
2026/09/30 13:56:55.410, 2910 MHz, 13801 MHz, 0x0000000000000000, 366.10 W, 95 %
2026/09/30 13:56:55.915, 2910 MHz, 13801 MHz, 0x0000000000000000, 364.77 W, 95 %
2026/09/30 13:56:56.421, 2910 MHz, 13801 MHz, 0x0000000000000000, 360.39 W, 95 %
2026/09/30 13:56:56.928, 2910 MHz, 13801 MHz, 0x0000000000000000, 365.69 W, 87 %
2026/09/30 13:56:57.436, 2910 MHz, 13801 MHz, 0x0000000000000000, 367.52 W, 95 %
2026/09/30 13:56:57.942, 2910 MHz, 13801 MHz, 0x0000000000000000, 364.32 W, 95 %
2026/09/30 13:56:58.449, 2910 MHz, 13801 MHz, 0x0000000000000000, 367.74 W, 95 %
2026/09/30 13:56:58.956, 2910 MHz, 13801 MHz, 0x0000000000000000, 367.66 W, 95 %
2026/09/30 13:56:59.461, 2910 MHz, 13801 MHz, 0x0000000000000000, 367.31 W, 95 %
2026/09/30 13:56:59.968, 2910 MHz, 13801 MHz, 0x0000000000000000, 365.93 W, 95 %
2026/09/30 13:57:00.475, 2910 MHz, 13801 MHz, 0x0000000000000000, 361.80 W, 95 %
2026/09/30 13:57:00.985, 2910 MHz, 13801 MHz, 0x0000000000000000, 362.88 W, 94 %
2026/09/30 13:57:01.491, 2910 MHz, 13801 MHz, 0x0000000000000000, 366.31 W, 95 %
2026/09/30 13:57:01.995, 2910 MHz, 13801 MHz, 0x0000000000000000, 364.33 W, 95 %
2026/09/30 13:57:02.501, 2910 MHz, 13801 MHz, 0x0000000000000000, 361.25 W, 87 %
2026/09/30 13:57:03.006, 2910 MHz, 13801 MHz, 0x0000000000000000, 368.07 W, 94 %
2026/09/30 13:57:03.512, 2910 MHz, 13801 MHz, 0x0000000000000000, 367.65 W, 94 %
2026/09/30 13:57:04.016, 2910 MHz, 13801 MHz, 0x0000000000000000, 364.39 W, 95 %
2026/09/30 13:57:04.522, 2910 MHz, 13801 MHz, 0x0000000000000000, 365.92 W, 76 %
2026/09/30 13:57:05.024, 2910 MHz, 13801 MHz, 0x0000000000000000, 369.15 W, 95 %
2026/09/30 13:57:05.529, 2910 MHz, 13801 MHz, 0x0000000000000000, 368.61 W, 95 %
2026/09/30 13:57:06.036, 2910 MHz, 13801 MHz, 0x0000000000000000, 365.42 W, 95 %
2026/09/30 13:57:06.543, 2910 MHz, 13801 MHz, 0x0000000000000000, 364.10 W, 95 %
2026/09/30 13:57:07.047, 2910 MHz, 13801 MHz, 0x0000000000000000, 363.06 W, 95 %
2026/09/30 13:57:07.553, 2910 MHz, 13801 MHz, 0x0000000000000000, 368.08 W, 95 %
2026/09/30 13:57:08.056, 2910 MHz, 13801 MHz, 0x0000000000000000, 368.29 W, 95 %
2026/09/30 13:57:08.562, 2910 MHz, 13801 MHz, 0x0000000000000000, 364.68 W, 94 %
2026/09/30 13:57:09.066, 2910 MHz, 13801 MHz, 0x0000000000000000, 366.85 W, 95 %
2026/09/30 13:57:09.572, 2910 MHz, 13801 MHz, 0x0000000000000000, 369.67 W, 95 %
2026/09/30 13:57:10.073, 2910 MHz, 13801 MHz, 0x0000000000000000, 369.06 W, 95 %
2026/09/30 13:57:10.580, 2910 MHz, 13801 MHz, 0x0000000000000000, 362.55 W, 71 %
2026/09/30 13:57:11.084, 2910 MHz, 13801 MHz, 0x0000000000000000, 362.28 W, 95 %
2026/09/30 13:57:11.587, 2910 MHz, 13801 MHz, 0x0000000000000000, 363.89 W, 95 %
2026/09/30 13:57:12.088, 2910 MHz, 13801 MHz, 0x0000000000000000, 364.92 W, 93 %
2026/09/30 13:57:12.595, 2910 MHz, 13801 MHz, 0x0000000000000000, 359.89 W, 95 %
2026/09/30 13:57:13.103, 2910 MHz, 13801 MHz, 0x0000000000000000, 365.35 W, 95 %
2026/09/30 13:57:13.609, 2910 MHz, 13801 MHz, 0x0000000000000000, 367.43 W, 94 %
2026/09/30 13:57:14.116, 2910 MHz, 13801 MHz, 0x0000000000000000, 367.91 W, 95 %
2026/09/30 13:57:14.623, 2910 MHz, 13801 MHz, 0x0000000000000000, 368.38 W, 95 %
2026/09/30 13:57:15.130, 2910 MHz, 13801 MHz, 0x0000000000000000, 368.50 W, 95 %
2026/09/30 13:57:15.636, 2910 MHz, 13801 MHz, 0x0000000000000000, 372.35 W, 95 %
2026/09/30 13:57:16.144, 2910 MHz, 13801 MHz, 0x0000000000000000, 372.08 W, 95 %
2026/09/30 13:57:16.649, 2910 MHz, 13801 MHz, 0x0000000000000000, 368.54 W, 95 %
2026/09/30 13:57:17.151, 2910 MHz, 13801 MHz, 0x0000000000000000, 372.66 W, 95 %
2026/09/30 13:57:17.657, 2910 MHz, 13801 MHz, 0x0000000000000000, 373.18 W, 95 %
2026/09/30 13:57:18.164, 2910 MHz, 13801 MHz, 0x0000000000000000, 369.13 W, 95 %
2026/09/30 13:57:18.672, 2910 MHz, 13801 MHz, 0x0000000000000000, 371.72 W, 95 %
2026/09/30 13:57:19.174, 2910 MHz, 13801 MHz, 0x0000000000000000, 370.90 W, 95 %
2026/09/30 13:57:19.679, 2910 MHz, 13801 MHz, 0x0000000000000000, 369.42 W, 95 %
2026/09/30 13:57:20.184, 2910 MHz, 13801 MHz, 0x0000000000000000, 373.58 W, 95 %
2026/09/30 13:57:20.691, 2910 MHz, 13801 MHz, 0x0000000000000000, 374.12 W, 95 %
2026/09/30 13:57:21.195, 2910 MHz, 13801 MHz, 0x0000000000000000, 370.20 W, 95 %
2026/09/30 13:57:21.699, 2910 MHz, 13801 MHz, 0x0000000000000000, 372.88 W, 95 %
2026/09/30 13:57:22.204, 2910 MHz, 13801 MHz, 0x0000000000000000, 373.80 W, 94 %
2026/09/30 13:57:22.708, 2910 MHz, 13801 MHz, 0x0000000000000000, 369.94 W, 95 %
2026/09/30 13:57:23.213, 2910 MHz, 13801 MHz, 0x0000000000000000, 369.92 W, 95 %
2026/09/30 13:57:23.716, 2910 MHz, 13801 MHz, 0x0000000000000000, 372.53 W, 95 %
2026/09/30 13:57:24.217, 2910 MHz, 13801 MHz, 0x0000000000000000, 373.56 W, 95 %
2026/09/30 13:57:24.721, 2910 MHz, 13801 MHz, 0x0000000000000000, 369.91 W, 95 %
2026/09/30 13:57:25.226, 2910 MHz, 13801 MHz, 0x0000000000000000, 369.89 W, 95 %
2026/09/30 13:57:25.729, 2910 MHz, 13801 MHz, 0x0000000000000000, 372.86 W, 95 %
2026/09/30 13:57:26.234, 2910 MHz, 13801 MHz, 0x0000000000000000, 371.80 W, 95 %
2026/09/30 13:57:26.739, 2910 MHz, 13801 MHz, 0x0000000000000000, 368.52 W, 95 %
2026/09/30 13:57:27.244, 2910 MHz, 13801 MHz, 0x0000000000000000, 369.56 W, 95 %
2026/09/30 13:57:27.748, 2910 MHz, 13801 MHz, 0x0000000000000000, 373.72 W, 95 %
2026/09/30 13:57:28.254, 2910 MHz, 13801 MHz, 0x0000000000000000, 374.47 W, 95 %
2026/09/30 13:57:28.760, 2910 MHz, 13801 MHz, 0x0000000000000000, 373.43 W, 95 %
2026/09/30 13:57:29.264, 2910 MHz, 13801 MHz, 0x0000000000000000, 373.92 W, 95 %
2026/09/30 13:57:29.768, 2910 MHz, 13801 MHz, 0x0000000000000000, 366.68 W, 78 %
2026/09/30 13:57:30.275, 2910 MHz, 13801 MHz, 0x0000000000000000, 366.68 W, 79 %
2026/09/30 13:57:30.782, 2895 MHz, 13801 MHz, 0x0000000000000000, 373.74 W, 94 %
2026/09/30 13:57:31.287, 2895 MHz, 13801 MHz, 0x0000000000000000, 372.34 W, 84 %
2026/09/30 13:57:31.795, 2910 MHz, 13801 MHz, 0x0000000000000000, 366.19 W, 76 %
2026/09/30 13:57:32.303, 2910 MHz, 13801 MHz, 0x0000000000000000, 363.29 W, 95 %
2026/09/30 13:57:32.806, 2910 MHz, 13801 MHz, 0x0000000000000000, 369.63 W, 95 %
2026/09/30 13:57:33.313, 2910 MHz, 13801 MHz, 0x0000000000000000, 374.24 W, 95 %
2026/09/30 13:57:33.819, 2910 MHz, 13801 MHz, 0x0000000000000000, 367.07 W, 95 %
2026/09/30 13:57:34.323, 2910 MHz, 13801 MHz, 0x0000000000000000, 370.28 W, 95 %
2026/09/30 13:57:34.826, 2910 MHz, 13801 MHz, 0x0000000000000000, 371.47 W, 95 %
2026/09/30 13:57:35.331, 2910 MHz, 13801 MHz, 0x0000000000000000, 368.88 W, 95 %
2026/09/30 13:57:35.838, 2910 MHz, 13801 MHz, 0x0000000000000000, 374.32 W, 95 %
2026/09/30 13:57:36.348, 2925 MHz, 13801 MHz, 0x0000000000000000, 244.03 W, 0 %
2026/09/30 13:57:36.862, 2925 MHz, 13801 MHz, 0x0000000000000000, 129.72 W, 0 %
2026/09/30 13:57:37.372, 2925 MHz, 13801 MHz, 0x0000000000000000, 98.89 W, 0 %
2026/09/30 13:57:37.884, 1965 MHz, 13801 MHz, 0x0000000000000000, 89.72 W, 0 %
2026/09/30 13:57:38.399, 517 MHz, 7001 MHz, 0x0000000000000000, 62.26 W, 0 %
2026/09/30 13:57:38.912, 412 MHz, 7001 MHz, 0x0000000000000000, 41.15 W, 0 %
2026/09/30 13:57:39.425, 330 MHz, 810 MHz, 0x0000000000000000, 32.42 W, 0 %
2026/09/30 13:57:39.939, 255 MHz, 810 MHz, 0x0000000000000000, 26.42 W, 0 %
2026/09/30 13:57:40.453, 195 MHz, 810 MHz, 0x0000000000000000, 22.22 W, 0 %
2026/09/30 13:57:40.964, 180 MHz, 405 MHz, 0x0000000000000000, 18.55 W, 0 %
2026/09/30 13:57:41.478, 180 MHz, 405 MHz, 0x0000000000000000, 17.24 W, 0 %
2026/09/30 13:57:41.991, 180 MHz, 405 MHz, 0x0000000000000000, 16.99 W, 0 %
2026/09/30 13:57:42.499, 187 MHz, 405 MHz, 0x0000000000000000, 16.80 W, 0 %
2026/09/30 13:57:43.013, 187 MHz, 405 MHz, 0x0000000000000000, 16.33 W, 0 %
2026/09/30 13:57:43.529, 187 MHz, 405 MHz, 0x0000000000000000, 16.19 W, 0 %
2026/09/30 13:57:44.044, 210 MHz, 405 MHz, 0x0000000000000000, 16.41 W, 0 %
2026/09/30 13:57:44.559, 187 MHz, 405 MHz, 0x0000000000000000, 16.26 W, 0 %
2026/09/30 13:57:45.073, 187 MHz, 405 MHz, 0x0000000000000000, 16.02 W, 0 %
2026/09/30 13:57:45.586, 187 MHz, 405 MHz, 0x0000000000000000, 15.79 W, 0 %
2026/09/30 13:57:46.099, 187 MHz, 405 MHz, 0x0000000000000000, 15.85 W, 0 %
2026/09/30 13:57:46.608, 202 MHz, 405 MHz, 0x0000000000000000, 15.94 W, 0 %
2026/09/30 13:57:47.118, 180 MHz, 405 MHz, 0x0000000000000000, 15.82 W, 0 %
2026/09/30 13:57:47.635, 180 MHz, 405 MHz, 0x0000000000000000, 15.98 W, 0 %
2026/09/30 13:57:48.148, 180 MHz, 405 MHz, 0x0000000000000000, 15.94 W, 0 %
2026/09/30 13:57:48.662, 180 MHz, 405 MHz, 0x0000000000000000, 15.47 W, 0 %
2026/09/30 13:57:49.173, 180 MHz, 405 MHz, 0x0000000000000000, 15.62 W, 0 %
2026/09/30 13:57:49.683, 180 MHz, 405 MHz, 0x0000000000000000, 15.61 W, 0 %
2026/09/30 13:57:50.195, 180 MHz, 405 MHz, 0x0000000000000000, 15.60 W, 0 %
2026/09/30 13:57:50.706, 180 MHz, 405 MHz, 0x0000000000000000, 15.76 W, 0 %
2026/09/30 13:57:51.217, 180 MHz, 405 MHz, 0x0000000000000000, 15.60 W, 0 %
2026/09/30 13:57:51.731, 187 MHz, 405 MHz, 0x0000000000000000, 15.33 W, 0 %
2026/09/30 13:57:52.238, 187 MHz, 405 MHz, 0x0000000000000000, 15.21 W, 0 %
2026/09/30 13:57:52.753, 187 MHz, 405 MHz, 0x0000000000000000, 15.23 W, 0 %
2026/09/30 13:57:53.267, 187 MHz, 405 MHz, 0x0000000000000000, 15.41 W, 0 %
2026/09/30 13:57:53.780, 187 MHz, 405 MHz, 0x0000000000000000, 15.41 W, 0 %
2026/09/30 13:57:54.291, 187 MHz, 405 MHz, 0x0000000000000000, 15.25 W, 0 %
2026/09/30 13:57:54.801, 187 MHz, 405 MHz, 0x0000000000000000, 15.05 W, 0 %
2026/09/30 13:57:55.312, 180 MHz, 405 MHz, 0x0000000000000000, 14.79 W, 0 %
2026/09/30 13:57:55.821, 180 MHz, 405 MHz, 0x0000000000000000, 14.85 W, 0 %
2026/09/30 13:57:56.331, 180 MHz, 405 MHz, 0x0000000000000000, 15.08 W, 0 %
2026/09/30 13:57:56.842, 180 MHz, 405 MHz, 0x0000000000000000, 15.08 W, 0 %
2026/09/30 13:57:57.352, 180 MHz, 405 MHz, 0x0000000000000000, 14.83 W, 0 %
2026/09/30 13:57:57.859, 180 MHz, 405 MHz, 0x0000000000000000, 14.67 W, 0 %
2026/09/30 13:57:58.373, 180 MHz, 405 MHz, 0x0000000000000000, 14.78 W, 0 %
2026/09/30 13:57:58.887, 180 MHz, 405 MHz, 0x0000000000000000, 14.78 W, 0 %
2026/09/30 13:57:59.400, 180 MHz, 405 MHz, 0x0000000000000000, 14.52 W, 0 %
2026/09/30 13:57:59.913, 202 MHz, 405 MHz, 0x0000000000000000, 14.74 W, 0 %
2026/09/30 13:58:00.424, 187 MHz, 405 MHz, 0x0000000000000000, 14.70 W, 0 %
2026/09/30 13:58:00.938, 187 MHz, 405 MHz, 0x0000000000000000, 14.28 W, 0 %
2026/09/30 13:58:01.450, 202 MHz, 405 MHz, 0x0000000000000000, 14.39 W, 0 %
2026/09/30 13:58:01.964, 187 MHz, 405 MHz, 0x0000000000000000, 14.30 W, 0 %
2026/09/30 13:58:02.472, 187 MHz, 405 MHz, 0x0000000000000000, 14.13 W, 0 %
2026/09/30 13:58:02.978, 202 MHz, 405 MHz, 0x0000000000000000, 14.33 W, 0 %
2026/09/30 13:58:03.488, 187 MHz, 405 MHz, 0x0000000000000000, 14.18 W, 0 %
2026/09/30 13:58:04.001, 187 MHz, 405 MHz, 0x0000000000000000, 14.06 W, 0 %
2026/09/30 13:58:04.511, 180 MHz, 405 MHz, 0x0000000000000000, 14.03 W, 0 %
2026/09/30 13:58:05.018, 202 MHz, 405 MHz, 0x0000000000000000, 13.85 W, 0 %
2026/09/30 13:58:05.529, 180 MHz, 405 MHz, 0x0000000000000000, 13.90 W, 0 %
2026/09/30 13:58:06.039, 180 MHz, 405 MHz, 0x0000000000000000, 13.90 W, 0 %
2026/09/30 13:58:06.548, 180 MHz, 405 MHz, 0x0000000000000000, 13.70 W, 0 %
2026/09/30 13:58:07.060, 180 MHz, 405 MHz, 0x0000000000000000, 13.58 W, 0 %
2026/09/30 13:58:07.573, 180 MHz, 405 MHz, 0x0000000000000000, 13.60 W, 0 %
2026/09/30 13:58:08.084, 180 MHz, 405 MHz, 0x0000000000000000, 13.56 W, 0 %
2026/09/30 13:58:08.599, 187 MHz, 405 MHz, 0x0000000000000000, 13.61 W, 0 %
2026/09/30 13:58:09.109, 187 MHz, 405 MHz, 0x0000000000000000, 13.58 W, 0 %
2026/09/30 13:58:09.610, 187 MHz, 405 MHz, 0x0000000000000000, 13.64 W, 0 %
2026/09/30 13:58:10.122, 187 MHz, 405 MHz, 0x0000000000000000, 13.57 W, 0 %
2026/09/30 13:58:10.631, 187 MHz, 405 MHz, 0x0000000000000000, 13.57 W, 0 %
2026/09/30 13:58:11.142, 187 MHz, 405 MHz, 0x0000000000000000, 13.75 W, 0 %
2026/09/30 13:58:11.653, 187 MHz, 405 MHz, 0x0000000000000000, 13.78 W, 0 %
2026/09/30 13:58:12.159, 187 MHz, 405 MHz, 0x0000000000000000, 13.66 W, 0 %
2026/09/30 13:58:12.668, 187 MHz, 405 MHz, 0x0000000000000000, 13.80 W, 0 %
2026/09/30 13:58:13.182, 180 MHz, 405 MHz, 0x0000000000000000, 13.66 W, 0 %
2026/09/30 13:58:13.692, 187 MHz, 405 MHz, 0x0000000000000000, 13.41 W, 0 %
2026/09/30 13:58:14.200, 180 MHz, 405 MHz, 0x0000000000000000, 13.42 W, 0 %
2026/09/30 13:58:14.711, 180 MHz, 405 MHz, 0x0000000000000000, 13.30 W, 0 %
2026/09/30 13:58:15.222, 180 MHz, 405 MHz, 0x0000000000000000, 13.23 W, 0 %
2026/09/30 13:58:15.734, 180 MHz, 405 MHz, 0x0000000000000000, 13.37 W, 0 %
2026/09/30 13:58:16.238, 2932 MHz, 13801 MHz, 0x0000000000000000, 61.01 W, 0 %
2026/09/30 13:58:16.747, 2895 MHz, 13801 MHz, 0x0000000000000000, 145.57 W, 45 %
2026/09/30 13:58:17.256, 2872 MHz, 13801 MHz, 0x0000000000000000, 242.95 W, 47 %
2026/09/30 13:58:17.762, 2872 MHz, 13801 MHz, 0x0000000000000000, 329.58 W, 41 %
2026/09/30 13:58:18.270, 2797 MHz, 13801 MHz, 0x0000000000000004, 416.45 W, 99 %
2026/09/30 13:58:18.776, 2797 MHz, 13801 MHz, 0x0000000000000004, 462.52 W, 99 %
2026/09/30 13:58:19.281, 2805 MHz, 13801 MHz, 0x0000000000000004, 478.81 W, 98 %
2026/09/30 13:58:19.787, 2797 MHz, 13801 MHz, 0x0000000000000004, 478.96 W, 98 %
2026/09/30 13:58:20.293, 2797 MHz, 13801 MHz, 0x0000000000000004, 479.41 W, 98 %
2026/09/30 13:58:20.799, 2797 MHz, 13801 MHz, 0x0000000000000004, 478.95 W, 99 %
2026/09/30 13:58:21.305, 2805 MHz, 13801 MHz, 0x0000000000000004, 478.37 W, 98 %
2026/09/30 13:58:21.811, 2812 MHz, 13801 MHz, 0x0000000000000004, 473.75 W, 98 %
2026/09/30 13:58:22.319, 2857 MHz, 13801 MHz, 0x0000000000000000, 462.18 W, 97 %
2026/09/30 13:58:22.826, 2917 MHz, 13801 MHz, 0x0000000000000000, 386.10 W, 37 %
2026/09/30 13:58:23.336, 2865 MHz, 13801 MHz, 0x0000000000000000, 337.65 W, 50 %
2026/09/30 13:58:23.846, 2865 MHz, 13801 MHz, 0x0000000000000000, 362.62 W, 70 %
2026/09/30 13:58:24.351, 2797 MHz, 13801 MHz, 0x0000000000000004, 428.44 W, 99 %
2026/09/30 13:58:24.857, 2797 MHz, 13801 MHz, 0x0000000000000004, 478.63 W, 99 %
2026/09/30 13:58:25.364, 2820 MHz, 13801 MHz, 0x0000000000000004, 480.61 W, 99 %
2026/09/30 13:58:25.867, 2820 MHz, 13801 MHz, 0x0000000000000000, 471.13 W, 86 %
2026/09/30 13:58:26.374, 2835 MHz, 13801 MHz, 0x0000000000000004, 454.41 W, 89 %
2026/09/30 13:58:26.881, 2857 MHz, 13801 MHz, 0x0000000000000004, 449.92 W, 89 %
2026/09/30 13:58:27.386, 2872 MHz, 13801 MHz, 0x0000000000000000, 443.56 W, 66 %
2026/09/30 13:58:27.892, 2880 MHz, 13801 MHz, 0x0000000000000000, 402.27 W, 48 %
2026/09/30 13:58:28.397, 2887 MHz, 13801 MHz, 0x0000000000000000, 357.78 W, 75 %
2026/09/30 13:58:28.906, 2887 MHz, 13801 MHz, 0x0000000000000004, 330.63 W, 60 %
2026/09/30 13:58:29.412, 2880 MHz, 13801 MHz, 0x0000000000000000, 343.58 W, 77 %
2026/09/30 13:58:29.920, 2880 MHz, 13801 MHz, 0x0000000000000000, 356.12 W, 34 %
2026/09/30 13:58:30.426, 2895 MHz, 13801 MHz, 0x0000000000000000, 325.77 W, 64 %
2026/09/30 13:58:30.934, 2880 MHz, 13801 MHz, 0x0000000000000004, 347.36 W, 94 %
2026/09/30 13:58:31.445, 2842 MHz, 13801 MHz, 0x0000000000000000, 379.77 W, 43 %
2026/09/30 13:58:31.953, 2865 MHz, 13801 MHz, 0x0000000000000004, 366.59 W, 69 %
2026/09/30 13:58:32.458, 2880 MHz, 13801 MHz, 0x0000000000000004, 372.90 W, 78 %
2026/09/30 13:58:32.966, 2850 MHz, 13801 MHz, 0x0000000000000004, 404.18 W, 80 %
2026/09/30 13:58:33.474, 2872 MHz, 13801 MHz, 0x0000000000000004, 419.67 W, 99 %
2026/09/30 13:58:33.984, 2872 MHz, 13801 MHz, 0x0000000000000000, 409.62 W, 60 %
2026/09/30 13:58:34.493, 2880 MHz, 13801 MHz, 0x0000000000000000, 347.51 W, 43 %
2026/09/30 13:58:35.000, 2902 MHz, 13801 MHz, 0x0000000000000000, 317.27 W, 46 %
2026/09/30 13:58:35.512, 2857 MHz, 13801 MHz, 0x0000000000000000, 367.32 W, 77 %
2026/09/30 13:58:36.020, 2872 MHz, 13801 MHz, 0x0000000000000000, 391.22 W, 45 %
2026/09/30 13:58:36.524, 2887 MHz, 13801 MHz, 0x0000000000000000, 379.20 W, 79 %
2026/09/30 13:58:37.035, 2887 MHz, 13801 MHz, 0x0000000000000000, 371.29 W, 50 %
2026/09/30 13:58:37.545, 2880 MHz, 13801 MHz, 0x0000000000000004, 379.34 W, 68 %
2026/09/30 13:58:38.055, 2835 MHz, 13801 MHz, 0x0000000000000000, 403.62 W, 87 %
2026/09/30 13:58:38.560, 2880 MHz, 13801 MHz, 0x0000000000000000, 401.33 W, 49 %
2026/09/30 13:58:39.066, 2835 MHz, 13801 MHz, 0x0000000000000004, 400.22 W, 69 %
2026/09/30 13:58:39.578, 2880 MHz, 13801 MHz, 0x0000000000000004, 380.93 W, 72 %
2026/09/30 13:58:40.089, 2865 MHz, 13801 MHz, 0x0000000000000000, 375.05 W, 82 %
2026/09/30 13:58:40.600, 2865 MHz, 13801 MHz, 0x0000000000000004, 417.13 W, 84 %
2026/09/30 13:58:41.109, 2865 MHz, 13801 MHz, 0x0000000000000004, 440.23 W, 89 %
2026/09/30 13:58:41.619, 2865 MHz, 13801 MHz, 0x0000000000000004, 436.37 W, 80 %
2026/09/30 13:58:42.127, 2872 MHz, 13801 MHz, 0x0000000000000000, 404.34 W, 87 %
2026/09/30 13:58:42.633, 2872 MHz, 13801 MHz, 0x0000000000000000, 385.40 W, 62 %
2026/09/30 13:58:43.140, 2865 MHz, 13801 MHz, 0x0000000000000004, 408.95 W, 90 %
2026/09/30 13:58:43.643, 2865 MHz, 13801 MHz, 0x0000000000000000, 405.53 W, 71 %
2026/09/30 13:58:44.149, 2872 MHz, 13801 MHz, 0x0000000000000000, 376.78 W, 68 %
2026/09/30 13:58:44.659, 2880 MHz, 13801 MHz, 0x0000000000000004, 353.88 W, 85 %
2026/09/30 13:58:45.165, 2887 MHz, 13801 MHz, 0x0000000000000000, 346.22 W, 60 %
2026/09/30 13:58:45.672, 2835 MHz, 13801 MHz, 0x0000000000000000, 388.82 W, 90 %
2026/09/30 13:58:46.180, 2872 MHz, 13801 MHz, 0x0000000000000000, 425.27 W, 86 %
2026/09/30 13:58:46.686, 2872 MHz, 13801 MHz, 0x0000000000000000, 409.04 W, 65 %
2026/09/30 13:58:47.196, 2842 MHz, 13801 MHz, 0x0000000000000004, 425.45 W, 85 %
2026/09/30 13:58:47.706, 2880 MHz, 13801 MHz, 0x0000000000000000, 412.25 W, 72 %
2026/09/30 13:58:48.216, 2865 MHz, 13801 MHz, 0x0000000000000000, 373.15 W, 60 %
2026/09/30 13:58:48.723, 2842 MHz, 13801 MHz, 0x0000000000000000, 403.73 W, 79 %
2026/09/30 13:58:49.232, 2887 MHz, 13801 MHz, 0x0000000000000000, 394.36 W, 68 %
2026/09/30 13:58:49.741, 2872 MHz, 13801 MHz, 0x0000000000000000, 396.05 W, 47 %
2026/09/30 13:58:50.248, 2857 MHz, 13801 MHz, 0x0000000000000000, 390.51 W, 82 %
2026/09/30 13:58:50.753, 2880 MHz, 13801 MHz, 0x0000000000000000, 385.86 W, 49 %
2026/09/30 13:58:51.260, 2865 MHz, 13801 MHz, 0x0000000000000004, 416.09 W, 87 %
2026/09/30 13:58:51.770, 2850 MHz, 13801 MHz, 0x0000000000000000, 422.45 W, 57 %
2026/09/30 13:58:52.280, 2872 MHz, 13801 MHz, 0x0000000000000000, 400.15 W, 42 %
2026/09/30 13:58:52.784, 2872 MHz, 13801 MHz, 0x0000000000000000, 412.67 W, 76 %
2026/09/30 13:58:53.293, 2857 MHz, 13801 MHz, 0x0000000000000004, 409.23 W, 95 %
2026/09/30 13:58:53.798, 2887 MHz, 13801 MHz, 0x0000000000000000, 379.14 W, 53 %
2026/09/30 13:58:54.306, 2887 MHz, 13801 MHz, 0x0000000000000000, 375.77 W, 77 %
2026/09/30 13:58:54.813, 2887 MHz, 13801 MHz, 0x0000000000000000, 380.73 W, 43 %
2026/09/30 13:58:55.321, 2887 MHz, 13801 MHz, 0x0000000000000000, 342.75 W, 37 %
2026/09/30 13:58:55.829, 2835 MHz, 13801 MHz, 0x0000000000000004, 362.40 W, 95 %
2026/09/30 13:58:56.337, 2872 MHz, 13801 MHz, 0x0000000000000000, 391.15 W, 33 %
2026/09/30 13:58:56.840, 2865 MHz, 13801 MHz, 0x0000000000000004, 387.96 W, 93 %
2026/09/30 13:58:57.347, 2872 MHz, 13801 MHz, 0x0000000000000000, 364.26 W, 41 %
2026/09/30 13:58:57.855, 2887 MHz, 13801 MHz, 0x0000000000000000, 338.14 W, 36 %
2026/09/30 13:58:58.364, 2865 MHz, 13801 MHz, 0x0000000000000000, 357.83 W, 54 %
2026/09/30 13:58:58.871, 2850 MHz, 13801 MHz, 0x0000000000000000, 404.02 W, 87 %
2026/09/30 13:58:59.380, 2857 MHz, 13801 MHz, 0x0000000000000000, 415.19 W, 74 %
2026/09/30 13:58:59.889, 2865 MHz, 13801 MHz, 0x0000000000000000, 406.81 W, 88 %
2026/09/30 13:59:00.401, 2887 MHz, 13801 MHz, 0x0000000000000000, 388.39 W, 68 %
2026/09/30 13:59:00.909, 2887 MHz, 13801 MHz, 0x0000000000000000, 366.03 W, 74 %
2026/09/30 13:59:01.416, 2842 MHz, 13801 MHz, 0x0000000000000004, 398.58 W, 86 %
2026/09/30 13:59:01.925, 2865 MHz, 13801 MHz, 0x0000000000000000, 406.98 W, 64 %
2026/09/30 13:59:02.431, 2842 MHz, 13801 MHz, 0x0000000000000004, 415.54 W, 80 %
2026/09/30 13:59:02.938, 2872 MHz, 13801 MHz, 0x0000000000000000, 407.36 W, 69 %
2026/09/30 13:59:03.442, 2880 MHz, 13801 MHz, 0x0000000000000000, 369.55 W, 61 %
2026/09/30 13:59:03.954, 2872 MHz, 13801 MHz, 0x0000000000000000, 378.64 W, 47 %
2026/09/30 13:59:04.460, 2857 MHz, 13801 MHz, 0x0000000000000000, 422.29 W, 87 %
2026/09/30 13:59:04.969, 2887 MHz, 13801 MHz, 0x0000000000000004, 410.38 W, 69 %
2026/09/30 13:59:05.479, 2842 MHz, 13801 MHz, 0x0000000000000000, 390.72 W, 46 %
2026/09/30 13:59:05.993, 2895 MHz, 13801 MHz, 0x0000000000000000, 363.40 W, 51 %
2026/09/30 13:59:06.499, 2872 MHz, 13801 MHz, 0x0000000000000000, 343.19 W, 64 %
2026/09/30 13:59:07.008, 2872 MHz, 13801 MHz, 0x0000000000000000, 389.25 W, 42 %
2026/09/30 13:59:07.517, 2842 MHz, 13801 MHz, 0x0000000000000004, 414.87 W, 84 %
2026/09/30 13:59:08.025, 2842 MHz, 13801 MHz, 0x0000000000000000, 396.68 W, 57 %
2026/09/30 13:59:08.532, 2872 MHz, 13801 MHz, 0x0000000000000004, 403.20 W, 72 %
2026/09/30 13:59:09.035, 2865 MHz, 13801 MHz, 0x0000000000000000, 398.53 W, 86 %
2026/09/30 13:59:09.543, 2865 MHz, 13801 MHz, 0x0000000000000004, 379.62 W, 80 %
2026/09/30 13:59:10.048, 2850 MHz, 13801 MHz, 0x0000000000000000, 392.64 W, 42 %
2026/09/30 13:59:10.552, 2887 MHz, 13801 MHz, 0x0000000000000004, 388.76 W, 99 %
2026/09/30 13:59:11.056, 2865 MHz, 13801 MHz, 0x0000000000000000, 366.28 W, 70 %
2026/09/30 13:59:11.565, 2872 MHz, 13801 MHz, 0x0000000000000000, 361.62 W, 52 %
2026/09/30 13:59:12.072, 2865 MHz, 13801 MHz, 0x0000000000000004, 357.76 W, 87 %
2026/09/30 13:59:12.576, 2880 MHz, 13801 MHz, 0x0000000000000004, 370.50 W, 84 %
2026/09/30 13:59:13.081, 2872 MHz, 13801 MHz, 0x0000000000000000, 375.83 W, 64 %
2026/09/30 13:59:13.590, 2857 MHz, 13801 MHz, 0x0000000000000000, 392.91 W, 78 %
2026/09/30 13:59:14.096, 2872 MHz, 13801 MHz, 0x0000000000000000, 389.31 W, 79 %
2026/09/30 13:59:14.601, 2865 MHz, 13801 MHz, 0x0000000000000000, 396.20 W, 67 %
2026/09/30 13:59:15.111, 2835 MHz, 13801 MHz, 0x0000000000000004, 411.63 W, 92 %
2026/09/30 13:59:15.622, 2857 MHz, 13801 MHz, 0x0000000000000000, 419.62 W, 73 %
2026/09/30 13:59:16.127, 2857 MHz, 13801 MHz, 0x0000000000000004, 400.44 W, 83 %
2026/09/30 13:59:16.637, 2872 MHz, 13801 MHz, 0x0000000000000000, 382.46 W, 51 %
2026/09/30 13:59:17.144, 2880 MHz, 13801 MHz, 0x0000000000000000, 349.85 W, 49 %
2026/09/30 13:59:17.655, 2835 MHz, 13801 MHz, 0x0000000000000000, 357.16 W, 80 %
2026/09/30 13:59:18.162, 2872 MHz, 13801 MHz, 0x0000000000000000, 403.55 W, 67 %
2026/09/30 13:59:18.669, 2850 MHz, 13801 MHz, 0x0000000000000000, 412.93 W, 81 %
2026/09/30 13:59:19.178, 2872 MHz, 13801 MHz, 0x0000000000000000, 413.27 W, 71 %
2026/09/30 13:59:19.689, 2865 MHz, 13801 MHz, 0x0000000000000000, 371.55 W, 52 %
2026/09/30 13:59:20.196, 2842 MHz, 13801 MHz, 0x0000000000000000, 376.20 W, 83 %
2026/09/30 13:59:20.705, 2842 MHz, 13801 MHz, 0x0000000000000000, 414.03 W, 70 %
2026/09/30 13:59:21.215, 2880 MHz, 13801 MHz, 0x0000000000000000, 419.10 W, 51 %
2026/09/30 13:59:21.725, 2842 MHz, 13801 MHz, 0x0000000000000000, 403.72 W, 86 %
2026/09/30 13:59:22.230, 2880 MHz, 13801 MHz, 0x0000000000000004, 376.36 W, 62 %
2026/09/30 13:59:22.738, 2865 MHz, 13801 MHz, 0x0000000000000000, 346.64 W, 0 %
2026/09/30 13:59:23.250, 2925 MHz, 13801 MHz, 0x0000000000000000, 235.19 W, 0 %
2026/09/30 13:59:23.762, 2925 MHz, 13801 MHz, 0x0000000000000000, 99.60 W, 0 %
2026/09/30 13:59:24.269, 2925 MHz, 13801 MHz, 0x0000000000000000, 98.81 W, 0 %
2026/09/30 13:59:24.777, 622 MHz, 13801 MHz, 0x0000000000000000, 78.21 W, 0 %
2026/09/30 13:59:25.292, 495 MHz, 7001 MHz, 0x0000000000000000, 48.83 W, 0 %
2026/09/30 13:59:25.804, 405 MHz, 810 MHz, 0x0000000000000000, 37.92 W, 0 %
2026/09/30 13:59:26.314, 307 MHz, 810 MHz, 0x0000000000000000, 30.79 W, 0 %
2026/09/30 13:59:26.826, 247 MHz, 810 MHz, 0x0000000000000000, 25.00 W, 0 %
2026/09/30 13:59:27.338, 180 MHz, 810 MHz, 0x0000000000000000, 22.46 W, 0 %
2026/09/30 13:59:27.849, 180 MHz, 405 MHz, 0x0000000000000000, 18.26 W, 0 %
2026/09/30 13:59:28.360, 195 MHz, 405 MHz, 0x0000000000000000, 17.14 W, 0 %
2026/09/30 13:59:28.876, 187 MHz, 405 MHz, 0x0000000000000000, 17.06 W, 0 %
2026/09/30 13:59:29.391, 187 MHz, 405 MHz, 0x0000000000000000, 16.93 W, 0 %
2026/09/30 13:59:29.905, 187 MHz, 405 MHz, 0x0000000000000000, 16.80 W, 0 %
2026/09/30 13:59:30.417, 187 MHz, 405 MHz, 0x0000000000000000, 16.87 W, 0 %
2026/09/30 13:59:30.928, 187 MHz, 405 MHz, 0x0000000000000000, 16.59 W, 0 %
2026/09/30 13:59:31.443, 187 MHz, 405 MHz, 0x0000000000000000, 16.35 W, 0 %
2026/09/30 13:59:31.956, 187 MHz, 405 MHz, 0x0000000000000000, 16.24 W, 0 %
2026/09/30 13:59:32.464, 187 MHz, 405 MHz, 0x0000000000000000, 16.20 W, 0 %
2026/09/30 13:59:32.972, 180 MHz, 405 MHz, 0x0000000000000000, 16.38 W, 0 %
2026/09/30 13:59:33.481, 180 MHz, 405 MHz, 0x0000000000000000, 16.20 W, 0 %
2026/09/30 13:59:33.994, 180 MHz, 405 MHz, 0x0000000000000000, 16.23 W, 0 %
2026/09/30 13:59:34.507, 180 MHz, 405 MHz, 0x0000000000000000, 15.98 W, 0 %
2026/09/30 13:59:35.021, 180 MHz, 405 MHz, 0x0000000000000000, 15.96 W, 0 %
2026/09/30 13:59:35.531, 180 MHz, 405 MHz, 0x0000000000000000, 16.21 W, 0 %
2026/09/30 13:59:36.045, 187 MHz, 405 MHz, 0x0000000000000000, 16.49 W, 0 %
2026/09/30 13:59:36.546, 180 MHz, 405 MHz, 0x0000000000000000, 16.25 W, 0 %
2026/09/30 13:59:37.060, 180 MHz, 405 MHz, 0x0000000000000000, 15.88 W, 0 %
2026/09/30 13:59:37.568, 187 MHz, 405 MHz, 0x0000000000000000, 16.14 W, 0 %
2026/09/30 13:59:38.077, 187 MHz, 405 MHz, 0x0000000000000000, 15.91 W, 0 %
2026/09/30 13:59:38.588, 187 MHz, 405 MHz, 0x0000000000000000, 15.64 W, 0 %
2026/09/30 13:59:39.098, 187 MHz, 405 MHz, 0x0000000000000000, 15.68 W, 0 %
2026/09/30 13:59:39.606, 187 MHz, 405 MHz, 0x0000000000000000, 15.60 W, 0 %
2026/09/30 13:59:40.107, 202 MHz, 405 MHz, 0x0000000000000000, 15.70 W, 0 %
2026/09/30 13:59:40.616, 202 MHz, 405 MHz, 0x0000000000000000, 17.09 W, 2 %
2026/09/30 13:59:41.128, 187 MHz, 405 MHz, 0x0000000000000000, 16.69 W, 0 %
2026/09/30 13:59:41.643, 180 MHz, 405 MHz, 0x0000000000000000, 15.01 W, 0 %
2026/09/30 13:59:42.156, 180 MHz, 405 MHz, 0x0000000000000000, 15.03 W, 0 %
2026/09/30 13:59:42.660, 180 MHz, 405 MHz, 0x0000000000000000, 14.90 W, 0 %
2026/09/30 13:59:43.170, 180 MHz, 405 MHz, 0x0000000000000000, 14.61 W, 0 %
2026/09/30 13:59:43.684, 180 MHz, 405 MHz, 0x0000000000000000, 14.69 W, 0 %
2026/09/30 13:59:44.197, 180 MHz, 405 MHz, 0x0000000000000000, 14.75 W, 0 %
2026/09/30 13:59:44.709, 180 MHz, 405 MHz, 0x0000000000000000, 14.66 W, 0 %
2026/09/30 13:59:45.219, 180 MHz, 405 MHz, 0x0000000000000000, 14.81 W, 0 %
