timestamp, clocks.current.sm [MHz], clocks.current.memory [MHz], clocks_event_reasons.active, power.draw [W], utilization.gpu [%]
2026/09/30 13:59:45.743, 180 MHz, 405 MHz, 0x0000000000000000, 14.78 W, 0 %
2026/09/30 13:59:46.252, 187 MHz, 405 MHz, 0x0000000000000000, 14.49 W, 0 %
2026/09/30 13:59:46.760, 187 MHz, 405 MHz, 0x0000000000000000, 14.48 W, 0 %
2026/09/30 13:59:47.271, 195 MHz, 405 MHz, 0x0000000000000000, 14.28 W, 0 %
2026/09/30 13:59:47.782, 202 MHz, 405 MHz, 0x0000000000000000, 14.36 W, 0 %
2026/09/30 13:59:48.282, 187 MHz, 405 MHz, 0x0000000000000000, 14.33 W, 0 %
2026/09/30 13:59:48.792, 187 MHz, 405 MHz, 0x0000000000000000, 14.23 W, 0 %
2026/09/30 13:59:49.299, 187 MHz, 405 MHz, 0x0000000000000000, 14.08 W, 0 %
2026/09/30 13:59:49.804, 187 MHz, 405 MHz, 0x0000000000000000, 14.06 W, 0 %
2026/09/30 13:59:50.311, 180 MHz, 405 MHz, 0x0000000000000000, 14.26 W, 0 %
2026/09/30 13:59:50.824, 180 MHz, 405 MHz, 0x0000000000000000, 14.12 W, 0 %
2026/09/30 13:59:51.339, 180 MHz, 405 MHz, 0x0000000000000000, 13.90 W, 0 %
2026/09/30 13:59:51.853, 180 MHz, 405 MHz, 0x0000000000000000, 14.05 W, 0 %
2026/09/30 13:59:52.365, 180 MHz, 405 MHz, 0x0000000000000000, 13.84 W, 0 %
2026/09/30 13:59:52.878, 172 MHz, 405 MHz, 0x0000000000000000, 13.67 W, 0 %
2026/09/30 13:59:53.388, 180 MHz, 405 MHz, 0x0000000000000000, 13.74 W, 0 %
2026/09/30 13:59:53.898, 180 MHz, 405 MHz, 0x0000000000000000, 13.65 W, 0 %
2026/09/30 13:59:54.409, 180 MHz, 405 MHz, 0x0000000000000000, 13.61 W, 0 %
2026/09/30 13:59:54.918, 187 MHz, 405 MHz, 0x0000000000000000, 13.60 W, 0 %
2026/09/30 13:59:55.432, 187 MHz, 405 MHz, 0x0000000000000000, 13.45 W, 0 %
2026/09/30 13:59:55.942, 187 MHz, 405 MHz, 0x0000000000000000, 13.35 W, 0 %
2026/09/30 13:59:56.452, 202 MHz, 405 MHz, 0x0000000000000000, 13.49 W, 0 %
2026/09/30 13:59:56.964, 187 MHz, 405 MHz, 0x0000000000000000, 13.45 W, 0 %
2026/09/30 13:59:57.475, 187 MHz, 405 MHz, 0x0000000000000000, 13.48 W, 0 %
2026/09/30 13:59:57.986, 187 MHz, 405 MHz, 0x0000000000000000, 13.48 W, 0 %
2026/09/30 13:59:58.498, 187 MHz, 405 MHz, 0x0000000000000000, 13.37 W, 0 %
2026/09/30 13:59:59.012, 187 MHz, 405 MHz, 0x0000000000000000, 13.17 W, 0 %
2026/09/30 13:59:59.524, 180 MHz, 405 MHz, 0x0000000000000000, 13.28 W, 0 %
2026/09/30 14:00:00.036, 180 MHz, 405 MHz, 0x0000000000000000, 13.39 W, 0 %
2026/09/30 14:00:00.544, 180 MHz, 405 MHz, 0x0000000000000000, 13.20 W, 0 %
2026/09/30 14:00:01.055, 180 MHz, 405 MHz, 0x0000000000000000, 13.19 W, 0 %
2026/09/30 14:00:01.567, 180 MHz, 405 MHz, 0x0000000000000000, 13.21 W, 0 %
2026/09/30 14:00:02.081, 180 MHz, 405 MHz, 0x0000000000000000, 13.15 W, 0 %
2026/09/30 14:00:02.595, 180 MHz, 405 MHz, 0x0000000000000000, 13.14 W, 0 %
2026/09/30 14:00:03.104, 180 MHz, 405 MHz, 0x0000000000000000, 13.11 W, 0 %
2026/09/30 14:00:03.615, 180 MHz, 405 MHz, 0x0000000000000000, 13.01 W, 0 %
2026/09/30 14:00:04.126, 187 MHz, 405 MHz, 0x0000000000000000, 13.10 W, 0 %
2026/09/30 14:00:04.638, 195 MHz, 405 MHz, 0x0000000000000000, 13.09 W, 0 %
2026/09/30 14:00:05.150, 187 MHz, 405 MHz, 0x0000000000000000, 12.92 W, 0 %
2026/09/30 14:00:05.663, 187 MHz, 405 MHz, 0x0000000000000000, 12.91 W, 0 %
2026/09/30 14:00:06.172, 187 MHz, 405 MHz, 0x0000000000000000, 12.88 W, 0 %
2026/09/30 14:00:06.678, 187 MHz, 405 MHz, 0x0000000000000000, 12.79 W, 0 %
2026/09/30 14:00:07.189, 187 MHz, 405 MHz, 0x0000000000000000, 12.94 W, 0 %
2026/09/30 14:00:07.703, 187 MHz, 405 MHz, 0x0000000000000000, 12.96 W, 0 %
2026/09/30 14:00:08.217, 180 MHz, 405 MHz, 0x0000000000000000, 12.74 W, 0 %
2026/09/30 14:00:08.730, 180 MHz, 405 MHz, 0x0000000000000000, 12.67 W, 0 %
2026/09/30 14:00:09.242, 180 MHz, 405 MHz, 0x0000000000000000, 12.69 W, 0 %
2026/09/30 14:00:09.752, 180 MHz, 405 MHz, 0x0000000000000000, 12.72 W, 0 %
2026/09/30 14:00:10.263, 180 MHz, 405 MHz, 0x0000000000000000, 12.76 W, 0 %
2026/09/30 14:00:10.774, 180 MHz, 405 MHz, 0x0000000000000000, 12.61 W, 0 %
2026/09/30 14:00:11.284, 180 MHz, 405 MHz, 0x0000000000000000, 12.46 W, 0 %
2026/09/30 14:00:11.797, 180 MHz, 405 MHz, 0x0000000000000000, 12.55 W, 0 %
2026/09/30 14:00:12.310, 180 MHz, 405 MHz, 0x0000000000000000, 12.68 W, 0 %
2026/09/30 14:00:12.824, 187 MHz, 405 MHz, 0x0000000000000000, 12.70 W, 0 %
2026/09/30 14:00:13.334, 187 MHz, 405 MHz, 0x0000000000000000, 12.74 W, 0 %
2026/09/30 14:00:13.843, 187 MHz, 405 MHz, 0x0000000000000000, 12.77 W, 0 %
2026/09/30 14:00:14.354, 187 MHz, 405 MHz, 0x0000000000000000, 12.70 W, 0 %
2026/09/30 14:00:14.859, 187 MHz, 405 MHz, 0x0000000000000000, 12.60 W, 0 %
2026/09/30 14:00:15.367, 187 MHz, 405 MHz, 0x0000000000000000, 12.70 W, 0 %
2026/09/30 14:00:15.873, 187 MHz, 405 MHz, 0x0000000000000000, 12.68 W, 0 %
2026/09/30 14:00:16.381, 187 MHz, 405 MHz, 0x0000000000000000, 12.72 W, 0 %
2026/09/30 14:00:16.895, 180 MHz, 405 MHz, 0x0000000000000000, 12.76 W, 0 %
2026/09/30 14:00:17.409, 180 MHz, 405 MHz, 0x0000000000000000, 12.61 W, 0 %
2026/09/30 14:00:17.920, 180 MHz, 405 MHz, 0x0000000000000000, 12.60 W, 0 %
2026/09/30 14:00:18.434, 180 MHz, 405 MHz, 0x0000000000000000, 12.59 W, 0 %
2026/09/30 14:00:18.946, 180 MHz, 405 MHz, 0x0000000000000000, 12.67 W, 0 %
2026/09/30 14:00:19.459, 180 MHz, 405 MHz, 0x0000000000000000, 12.81 W, 0 %
2026/09/30 14:00:19.970, 180 MHz, 405 MHz, 0x0000000000000000, 12.78 W, 0 %
2026/09/30 14:00:20.484, 180 MHz, 405 MHz, 0x0000000000000000, 12.69 W, 0 %
2026/09/30 14:00:20.994, 180 MHz, 405 MHz, 0x0000000000000000, 12.56 W, 0 %
2026/09/30 14:00:21.504, 187 MHz, 405 MHz, 0x0000000000000000, 12.50 W, 0 %
2026/09/30 14:00:22.018, 195 MHz, 405 MHz, 0x0000000000000000, 12.52 W, 0 %
2026/09/30 14:00:22.531, 187 MHz, 405 MHz, 0x0000000000000000, 12.58 W, 0 %
2026/09/30 14:00:23.040, 187 MHz, 405 MHz, 0x0000000000000000, 12.62 W, 0 %
2026/09/30 14:00:23.549, 187 MHz, 405 MHz, 0x0000000000000000, 12.64 W, 0 %
2026/09/30 14:00:24.059, 187 MHz, 405 MHz, 0x0000000000000000, 12.58 W, 0 %
2026/09/30 14:00:24.573, 187 MHz, 405 MHz, 0x0000000000000000, 12.55 W, 0 %
2026/09/30 14:00:25.085, 187 MHz, 405 MHz, 0x0000000000000000, 12.57 W, 0 %
2026/09/30 14:00:25.598, 180 MHz, 405 MHz, 0x0000000000000000, 12.74 W, 0 %
2026/09/30 14:00:26.112, 180 MHz, 405 MHz, 0x0000000000000000, 12.75 W, 0 %
2026/09/30 14:00:26.626, 180 MHz, 405 MHz, 0x0000000000000000, 12.66 W, 0 %
2026/09/30 14:00:27.136, 180 MHz, 405 MHz, 0x0000000000000000, 12.50 W, 0 %
2026/09/30 14:00:27.648, 180 MHz, 405 MHz, 0x0000000000000000, 12.44 W, 0 %
2026/09/30 14:00:28.158, 180 MHz, 405 MHz, 0x0000000000000000, 12.54 W, 0 %
2026/09/30 14:00:28.672, 180 MHz, 405 MHz, 0x0000000000000000, 12.74 W, 0 %
2026/09/30 14:00:29.176, 180 MHz, 405 MHz, 0x0000000000000000, 12.74 W, 0 %
2026/09/30 14:00:29.690, 180 MHz, 405 MHz, 0x0000000000000000, 12.56 W, 0 %
2026/09/30 14:00:30.202, 180 MHz, 405 MHz, 0x0000000000000000, 12.49 W, 0 %
2026/09/30 14:00:30.713, 187 MHz, 405 MHz, 0x0000000000000000, 12.41 W, 0 %
2026/09/30 14:00:31.226, 187 MHz, 405 MHz, 0x0000000000000000, 12.29 W, 0 %
2026/09/30 14:00:31.733, 187 MHz, 405 MHz, 0x0000000000000000, 12.27 W, 0 %
2026/09/30 14:00:32.247, 187 MHz, 405 MHz, 0x0000000000000000, 12.38 W, 0 %
2026/09/30 14:00:32.751, 187 MHz, 405 MHz, 0x0000000000000000, 12.50 W, 0 %
2026/09/30 14:00:33.264, 187 MHz, 405 MHz, 0x0000000000000000, 12.45 W, 0 %
2026/09/30 14:00:33.779, 187 MHz, 405 MHz, 0x0000000000000000, 12.51 W, 0 %
2026/09/30 14:00:34.290, 180 MHz, 405 MHz, 0x0000000000000000, 12.45 W, 0 %
2026/09/30 14:00:34.803, 180 MHz, 405 MHz, 0x0000000000000000, 12.61 W, 0 %
2026/09/30 14:00:35.316, 180 MHz, 405 MHz, 0x0000000000000000, 12.70 W, 0 %
2026/09/30 14:00:35.827, 180 MHz, 405 MHz, 0x0000000000000000, 12.49 W, 0 %
2026/09/30 14:00:36.343, 180 MHz, 405 MHz, 0x0000000000000000, 12.52 W, 0 %
2026/09/30 14:00:36.857, 180 MHz, 405 MHz, 0x0000000000000000, 12.49 W, 0 %
2026/09/30 14:00:37.370, 180 MHz, 405 MHz, 0x0000000000000000, 12.44 W, 0 %
2026/09/30 14:00:37.879, 180 MHz, 405 MHz, 0x0000000000000000, 12.56 W, 0 %
2026/09/30 14:00:38.393, 180 MHz, 405 MHz, 0x0000000000000000, 12.51 W, 0 %
2026/09/30 14:00:38.904, 180 MHz, 405 MHz, 0x0000000000000000, 12.38 W, 0 %
2026/09/30 14:00:39.415, 195 MHz, 405 MHz, 0x0000000000000000, 12.31 W, 0 %
2026/09/30 14:00:39.929, 187 MHz, 405 MHz, 0x0000000000000000, 12.23 W, 0 %
2026/09/30 14:00:40.443, 187 MHz, 405 MHz, 0x0000000000000000, 12.21 W, 0 %
2026/09/30 14:00:40.958, 187 MHz, 405 MHz, 0x0000000000000000, 12.30 W, 0 %
2026/09/30 14:00:41.469, 187 MHz, 405 MHz, 0x0000000000000000, 12.23 W, 0 %
2026/09/30 14:00:41.976, 202 MHz, 405 MHz, 0x0000000000000000, 12.22 W, 0 %
2026/09/30 14:00:42.485, 187 MHz, 405 MHz, 0x0000000000000000, 12.08 W, 0 %
2026/09/30 14:00:42.998, 187 MHz, 405 MHz, 0x0000000000000000, 11.97 W, 0 %
2026/09/30 14:00:43.500, 180 MHz, 405 MHz, 0x0000000000000000, 12.04 W, 0 %
2026/09/30 14:00:44.012, 180 MHz, 405 MHz, 0x0000000000000000, 12.12 W, 0 %
2026/09/30 14:00:44.525, 180 MHz, 405 MHz, 0x0000000000000000, 12.09 W, 0 %
2026/09/30 14:00:45.034, 180 MHz, 405 MHz, 0x0000000000000000, 12.13 W, 0 %
2026/09/30 14:00:45.542, 180 MHz, 405 MHz, 0x0000000000000000, 12.12 W, 0 %
2026/09/30 14:00:46.052, 180 MHz, 405 MHz, 0x0000000000000000, 12.13 W, 0 %
2026/09/30 14:00:46.563, 180 MHz, 405 MHz, 0x0000000000000000, 12.26 W, 0 %
2026/09/30 14:00:47.078, 180 MHz, 405 MHz, 0x0000000000000000, 12.33 W, 0 %
2026/09/30 14:00:47.591, 180 MHz, 405 MHz, 0x0000000000000000, 12.31 W, 0 %
2026/09/30 14:00:48.103, 187 MHz, 405 MHz, 0x0000000000000000, 12.33 W, 0 %
2026/09/30 14:00:48.614, 187 MHz, 405 MHz, 0x0000000000000000, 12.31 W, 0 %
2026/09/30 14:00:49.125, 187 MHz, 405 MHz, 0x0000000000000000, 12.19 W, 0 %
2026/09/30 14:00:49.635, 187 MHz, 405 MHz, 0x0000000000000000, 12.11 W, 0 %
2026/09/30 14:00:50.141, 187 MHz, 405 MHz, 0x0000000000000000, 12.06 W, 0 %
2026/09/30 14:00:50.652, 187 MHz, 405 MHz, 0x0000000000000000, 12.09 W, 0 %
2026/09/30 14:00:51.161, 187 MHz, 405 MHz, 0x0000000000000000, 12.07 W, 0 %
2026/09/30 14:00:51.666, 187 MHz, 405 MHz, 0x0000000000000000, 12.02 W, 0 %
2026/09/30 14:00:52.178, 180 MHz, 405 MHz, 0x0000000000000000, 12.08 W, 0 %
2026/09/30 14:00:52.686, 180 MHz, 405 MHz, 0x0000000000000000, 12.05 W, 0 %
2026/09/30 14:00:53.197, 180 MHz, 405 MHz, 0x0000000000000000, 12.01 W, 0 %
2026/09/30 14:00:53.705, 180 MHz, 405 MHz, 0x0000000000000000, 12.09 W, 0 %
2026/09/30 14:00:54.218, 180 MHz, 405 MHz, 0x0000000000000000, 12.07 W, 0 %
2026/09/30 14:00:54.731, 180 MHz, 405 MHz, 0x0000000000000000, 11.98 W, 0 %
2026/09/30 14:00:55.243, 180 MHz, 405 MHz, 0x0000000000000000, 11.82 W, 0 %
2026/09/30 14:00:55.757, 180 MHz, 405 MHz, 0x0000000000000000, 11.72 W, 0 %
2026/09/30 14:00:56.273, 180 MHz, 405 MHz, 0x0000000000000000, 11.79 W, 0 %
2026/09/30 14:00:56.784, 187 MHz, 405 MHz, 0x0000000000000000, 12.01 W, 0 %
2026/09/30 14:00:57.292, 187 MHz, 405 MHz, 0x0000000000000000, 12.03 W, 0 %
2026/09/30 14:00:57.806, 187 MHz, 405 MHz, 0x0000000000000000, 12.08 W, 0 %
2026/09/30 14:00:58.315, 187 MHz, 405 MHz, 0x0000000000000000, 12.14 W, 0 %
2026/09/30 14:00:58.826, 187 MHz, 405 MHz, 0x0000000000000000, 12.05 W, 0 %
2026/09/30 14:00:59.340, 187 MHz, 405 MHz, 0x0000000000000000, 11.98 W, 0 %
2026/09/30 14:00:59.850, 187 MHz, 405 MHz, 0x0000000000000000, 12.13 W, 0 %
2026/09/30 14:01:00.361, 187 MHz, 13801 MHz, 0x0000000000000000, 12.28 W, 3 %
2026/09/30 14:01:00.869, 2415 MHz, 13801 MHz, 0x0000000000000000, 33.20 W, 0 %
2026/09/30 14:01:01.380, 2460 MHz, 13801 MHz, 0x0000000000000000, 64.96 W, 0 %
2026/09/30 14:01:01.881, 2557 MHz, 13801 MHz, 0x0000000000000000, 67.83 W, 1 %
2026/09/30 14:01:02.392, 2557 MHz, 13801 MHz, 0x0000000000000000, 64.00 W, 0 %
2026/09/30 14:01:02.903, 2557 MHz, 13801 MHz, 0x0000000000000000, 64.20 W, 1 %
2026/09/30 14:01:03.414, 2422 MHz, 13801 MHz, 0x0000000000000000, 62.36 W, 1 %
2026/09/30 14:01:03.915, 2400 MHz, 13801 MHz, 0x0000000000000000, 59.33 W, 0 %
2026/09/30 14:01:04.428, 2400 MHz, 13801 MHz, 0x0000000000000000, 58.06 W, 1 %
2026/09/30 14:01:04.938, 2400 MHz, 13801 MHz, 0x0000000000000000, 57.84 W, 1 %
2026/09/30 14:01:05.447, 2422 MHz, 13801 MHz, 0x0000000000000000, 58.53 W, 1 %
2026/09/30 14:01:05.960, 2445 MHz, 13801 MHz, 0x0000000000000000, 60.05 W, 0 %
2026/09/30 14:01:06.467, 2415 MHz, 13801 MHz, 0x0000000000000000, 60.37 W, 1 %
2026/09/30 14:01:06.979, 2437 MHz, 13801 MHz, 0x0000000000000000, 59.72 W, 0 %
2026/09/30 14:01:07.494, 810 MHz, 810 MHz, 0x0000000000000000, 50.89 W, 3 %
2026/09/30 14:01:08.005, 667 MHz, 810 MHz, 0x0000000000000000, 37.73 W, 2 %
2026/09/30 14:01:08.519, 630 MHz, 810 MHz, 0x0000000000000000, 31.55 W, 5 %
2026/09/30 14:01:09.030, 547 MHz, 405 MHz, 0x0000000000000000, 31.45 W, 2 %
2026/09/30 14:01:09.541, 442 MHz, 405 MHz, 0x0000000000000000, 28.75 W, 2 %
2026/09/30 14:01:10.042, 480 MHz, 405 MHz, 0x0000000000000000, 26.64 W, 3 %
2026/09/30 14:01:10.556, 487 MHz, 405 MHz, 0x0000000000000000, 27.32 W, 9 %
2026/09/30 14:01:11.056, 427 MHz, 405 MHz, 0x0000000000000000, 28.23 W, 8 %
2026/09/30 14:01:11.570, 472 MHz, 405 MHz, 0x0000000000000000, 28.43 W, 5 %
2026/09/30 14:01:12.083, 472 MHz, 405 MHz, 0x0000000000000000, 28.57 W, 7 %
2026/09/30 14:01:12.597, 255 MHz, 405 MHz, 0x0000000000000000, 27.45 W, 5 %
2026/09/30 14:01:13.108, 285 MHz, 405 MHz, 0x0000000000000000, 26.06 W, 6 %
2026/09/30 14:01:13.608, 480 MHz, 405 MHz, 0x0000000000000000, 26.79 W, 7 %
2026/09/30 14:01:14.110, 210 MHz, 405 MHz, 0x0000000000000000, 22.75 W, 5 %
2026/09/30 14:01:14.620, 502 MHz, 405 MHz, 0x0000000000000000, 23.58 W, 8 %
2026/09/30 14:01:15.131, 517 MHz, 405 MHz, 0x0000000000000000, 27.22 W, 4 %
2026/09/30 14:01:15.640, 390 MHz, 405 MHz, 0x0000000000000000, 27.48 W, 9 %
2026/09/30 14:01:16.149, 487 MHz, 405 MHz, 0x0000000000000000, 27.32 W, 2 %
2026/09/30 14:01:16.662, 495 MHz, 405 MHz, 0x0000000000000000, 28.25 W, 9 %
2026/09/30 14:01:17.169, 502 MHz, 405 MHz, 0x0000000000000000, 27.77 W, 1 %
2026/09/30 14:01:17.683, 330 MHz, 405 MHz, 0x0000000000000000, 26.90 W, 4 %
2026/09/30 14:01:18.194, 352 MHz, 405 MHz, 0x0000000000000000, 24.66 W, 1 %
2026/09/30 14:01:18.700, 360 MHz, 405 MHz, 0x0000000000000000, 24.20 W, 8 %
2026/09/30 14:01:19.209, 300 MHz, 405 MHz, 0x0000000000000000, 24.65 W, 3 %
2026/09/30 14:01:19.715, 382 MHz, 405 MHz, 0x0000000000000000, 26.40 W, 4 %
2026/09/30 14:01:20.223, 262 MHz, 405 MHz, 0x0000000000000000, 25.18 W, 3 %
2026/09/30 14:01:20.731, 180 MHz, 405 MHz, 0x0000000000000000, 18.34 W, 2 %
2026/09/30 14:01:21.242, 180 MHz, 405 MHz, 0x0000000000000000, 12.58 W, 1 %
2026/09/30 14:01:21.752, 180 MHz, 405 MHz, 0x0000000000000000, 11.91 W, 1 %
2026/09/30 14:01:22.261, 180 MHz, 405 MHz, 0x0000000000000000, 11.95 W, 1 %
2026/09/30 14:01:22.775, 180 MHz, 405 MHz, 0x0000000000000000, 11.79 W, 1 %
2026/09/30 14:01:23.288, 187 MHz, 405 MHz, 0x0000000000000000, 12.11 W, 1 %
2026/09/30 14:01:23.795, 217 MHz, 405 MHz, 0x0000000000000000, 12.27 W, 6 %
2026/09/30 14:01:24.306, 210 MHz, 405 MHz, 0x0000000000000000, 12.47 W, 6 %
2026/09/30 14:01:24.818, 337 MHz, 405 MHz, 0x0000000000000000, 13.52 W, 6 %
2026/09/30 14:01:25.332, 465 MHz, 405 MHz, 0x0000000000000000, 19.65 W, 6 %
2026/09/30 14:01:25.844, 352 MHz, 405 MHz, 0x0000000000000000, 25.43 W, 4 %
2026/09/30 14:01:26.357, 375 MHz, 405 MHz, 0x0000000000000000, 26.33 W, 4 %
2026/09/30 14:01:26.858, 345 MHz, 405 MHz, 0x0000000000000000, 25.86 W, 2 %
2026/09/30 14:01:27.371, 442 MHz, 405 MHz, 0x0000000000000000, 26.27 W, 8 %
2026/09/30 14:01:27.882, 495 MHz, 405 MHz, 0x0000000000000000, 28.28 W, 8 %
2026/09/30 14:01:28.396, 315 MHz, 405 MHz, 0x0000000000000000, 27.86 W, 3 %
2026/09/30 14:01:28.907, 315 MHz, 405 MHz, 0x0000000000000000, 26.43 W, 5 %
2026/09/30 14:01:29.419, 247 MHz, 405 MHz, 0x0000000000000000, 23.86 W, 6 %
2026/09/30 14:01:29.929, 225 MHz, 405 MHz, 0x0000000000000000, 20.17 W, 3 %
2026/09/30 14:01:30.436, 412 MHz, 405 MHz, 0x0000000000000000, 22.62 W, 6 %
2026/09/30 14:01:30.949, 360 MHz, 405 MHz, 0x0000000000000000, 27.08 W, 7 %
2026/09/30 14:01:31.464, 397 MHz, 405 MHz, 0x0000000000000000, 27.05 W, 5 %
2026/09/30 14:01:31.974, 487 MHz, 405 MHz, 0x0000000000000000, 28.06 W, 7 %
2026/09/30 14:01:32.474, 442 MHz, 405 MHz, 0x0000000000000000, 28.39 W, 3 %
2026/09/30 14:01:32.988, 502 MHz, 405 MHz, 0x0000000000000000, 28.53 W, 7 %
2026/09/30 14:01:33.501, 405 MHz, 405 MHz, 0x0000000000000000, 27.97 W, 8 %
2026/09/30 14:01:34.012, 405 MHz, 405 MHz, 0x0000000000000000, 27.09 W, 7 %
2026/09/30 14:01:34.525, 450 MHz, 405 MHz, 0x0000000000000000, 27.42 W, 8 %
2026/09/30 14:01:35.039, 405 MHz, 405 MHz, 0x0000000000000000, 27.83 W, 6 %
2026/09/30 14:01:35.540, 472 MHz, 405 MHz, 0x0000000000000000, 27.94 W, 7 %
2026/09/30 14:01:36.051, 495 MHz, 405 MHz, 0x0000000000000000, 28.69 W, 8 %
2026/09/30 14:01:36.566, 420 MHz, 405 MHz, 0x0000000000000000, 28.11 W, 5 %
2026/09/30 14:01:37.080, 435 MHz, 405 MHz, 0x0000000000000000, 27.25 W, 2 %
2026/09/30 14:01:37.591, 337 MHz, 405 MHz, 0x0000000000000000, 25.73 W, 5 %
2026/09/30 14:01:38.100, 375 MHz, 405 MHz, 0x0000000000000000, 25.79 W, 8 %
2026/09/30 14:01:38.611, 442 MHz, 405 MHz, 0x0000000000000000, 27.25 W, 7 %
2026/09/30 14:01:39.122, 427 MHz, 405 MHz, 0x0000000000000000, 26.90 W, 2 %
2026/09/30 14:01:39.624, 472 MHz, 405 MHz, 0x0000000000000000, 27.15 W, 8 %
2026/09/30 14:01:40.138, 532 MHz, 405 MHz, 0x0000000000000000, 28.32 W, 7 %
2026/09/30 14:01:40.652, 442 MHz, 405 MHz, 0x0000000000000000, 28.16 W, 7 %
2026/09/30 14:01:41.164, 240 MHz, 405 MHz, 0x0000000000000000, 24.92 W, 4 %
2026/09/30 14:01:41.675, 217 MHz, 405 MHz, 0x0000000000000000, 20.47 W, 7 %
2026/09/30 14:01:42.189, 495 MHz, 405 MHz, 0x0000000000000000, 24.00 W, 7 %
2026/09/30 14:01:42.702, 352 MHz, 405 MHz, 0x0000000000000000, 27.62 W, 5 %
2026/09/30 14:01:43.212, 540 MHz, 405 MHz, 0x0000000000000000, 27.67 W, 8 %
2026/09/30 14:01:43.715, 382 MHz, 405 MHz, 0x0000000000000000, 28.01 W, 7 %
2026/09/30 14:01:44.229, 577 MHz, 405 MHz, 0x0000000000000000, 28.17 W, 5 %
2026/09/30 14:01:44.738, 337 MHz, 405 MHz, 0x0000000000000000, 26.59 W, 1 %
2026/09/30 14:01:45.251, 525 MHz, 405 MHz, 0x0000000000000000, 26.45 W, 7 %
2026/09/30 14:01:45.764, 270 MHz, 405 MHz, 0x0000000000000000, 26.02 W, 6 %
2026/09/30 14:01:46.276, 600 MHz, 405 MHz, 0x0000000000000000, 26.95 W, 6 %
2026/09/30 14:01:46.790, 525 MHz, 405 MHz, 0x0000000000000000, 27.30 W, 6 %
2026/09/30 14:01:47.294, 450 MHz, 405 MHz, 0x0000000000000000, 27.71 W, 6 %
2026/09/30 14:01:47.808, 352 MHz, 405 MHz, 0x0000000000000000, 26.49 W, 6 %
2026/09/30 14:01:48.321, 360 MHz, 405 MHz, 0x0000000000000000, 26.20 W, 6 %
2026/09/30 14:01:48.835, 285 MHz, 405 MHz, 0x0000000000000000, 25.09 W, 3 %
2026/09/30 14:01:49.346, 397 MHz, 405 MHz, 0x0000000000000000, 25.44 W, 8 %
2026/09/30 14:01:49.857, 427 MHz, 405 MHz, 0x0000000000000000, 27.04 W, 4 %
2026/09/30 14:01:50.371, 382 MHz, 405 MHz, 0x0000000000000000, 27.21 W, 4 %
2026/09/30 14:01:50.881, 412 MHz, 405 MHz, 0x0000000000000000, 26.93 W, 7 %
2026/09/30 14:01:51.383, 435 MHz, 405 MHz, 0x0000000000000000, 27.33 W, 6 %
2026/09/30 14:01:51.896, 375 MHz, 405 MHz, 0x0000000000000000, 26.81 W, 4 %
2026/09/30 14:01:52.405, 375 MHz, 405 MHz, 0x0000000000000000, 25.13 W, 1 %
2026/09/30 14:01:52.916, 525 MHz, 405 MHz, 0x0000000000000000, 25.91 W, 9 %
2026/09/30 14:01:53.428, 487 MHz, 405 MHz, 0x0000000000000000, 27.85 W, 3 %
2026/09/30 14:01:53.942, 322 MHz, 405 MHz, 0x0000000000000000, 26.39 W, 8 %
2026/09/30 14:01:54.453, 420 MHz, 405 MHz, 0x0000000000000000, 26.06 W, 6 %
2026/09/30 14:01:54.956, 472 MHz, 405 MHz, 0x0000000000000000, 26.64 W, 3 %
2026/09/30 14:01:55.470, 330 MHz, 405 MHz, 0x0000000000000000, 26.04 W, 6 %
2026/09/30 14:01:55.983, 532 MHz, 405 MHz, 0x0000000000000000, 26.96 W, 8 %
2026/09/30 14:01:56.490, 247 MHz, 405 MHz, 0x0000000000000000, 25.59 W, 4 %
2026/09/30 14:01:56.993, 262 MHz, 405 MHz, 0x0000000000000000, 22.17 W, 4 %
2026/09/30 14:01:57.503, 420 MHz, 405 MHz, 0x0000000000000000, 23.72 W, 4 %
2026/09/30 14:01:58.011, 555 MHz, 405 MHz, 0x0000000000000000, 28.24 W, 6 %
2026/09/30 14:01:58.522, 532 MHz, 405 MHz, 0x0000000000000000, 29.06 W, 6 %
2026/09/30 14:01:59.034, 502 MHz, 405 MHz, 0x0000000000000000, 28.53 W, 7 %
2026/09/30 14:01:59.545, 390 MHz, 405 MHz, 0x0000000000000000, 27.41 W, 4 %
2026/09/30 14:02:00.055, 472 MHz, 405 MHz, 0x0000000000000000, 26.64 W, 1 %
2026/09/30 14:02:00.565, 390 MHz, 405 MHz, 0x0000000000000000, 25.56 W, 4 %
2026/09/30 14:02:01.078, 517 MHz, 405 MHz, 0x0000000000000000, 26.48 W, 9 %
2026/09/30 14:02:01.588, 517 MHz, 405 MHz, 0x0000000000000000, 27.35 W, 4 %
2026/09/30 14:02:02.100, 442 MHz, 405 MHz, 0x0000000000000000, 27.53 W, 5 %
2026/09/30 14:02:02.611, 517 MHz, 405 MHz, 0x0000000000000000, 27.57 W, 7 %
2026/09/30 14:02:03.121, 420 MHz, 405 MHz, 0x0000000000000000, 27.25 W, 4 %
2026/09/30 14:02:03.631, 330 MHz, 405 MHz, 0x0000000000000000, 26.16 W, 7 %
2026/09/30 14:02:04.145, 427 MHz, 405 MHz, 0x0000000000000000, 26.62 W, 7 %
2026/09/30 14:02:04.659, 405 MHz, 405 MHz, 0x0000000000000000, 27.44 W, 4 %
2026/09/30 14:02:05.174, 450 MHz, 405 MHz, 0x0000000000000000, 27.58 W, 6 %
2026/09/30 14:02:05.683, 450 MHz, 405 MHz, 0x0000000000000000, 27.49 W, 5 %
2026/09/30 14:02:06.198, 472 MHz, 405 MHz, 0x0000000000000000, 26.21 W, 7 %
2026/09/30 14:02:06.713, 367 MHz, 405 MHz, 0x0000000000000000, 25.52 W, 7 %
2026/09/30 14:02:07.223, 375 MHz, 405 MHz, 0x0000000000000000, 26.03 W, 6 %
2026/09/30 14:02:07.738, 367 MHz, 405 MHz, 0x0000000000000000, 25.69 W, 4 %
2026/09/30 14:02:08.250, 405 MHz, 405 MHz, 0x0000000000000000, 25.62 W, 5 %
2026/09/30 14:02:08.764, 337 MHz, 405 MHz, 0x0000000000000000, 22.26 W, 2 %
2026/09/30 14:02:09.276, 225 MHz, 405 MHz, 0x0000000000000000, 17.78 W, 4 %
2026/09/30 14:02:09.786, 405 MHz, 405 MHz, 0x0000000000000000, 15.76 W, 6 %
2026/09/30 14:02:10.295, 435 MHz, 405 MHz, 0x0000000000000000, 26.04 W, 4 %
2026/09/30 14:02:10.806, 427 MHz, 405 MHz, 0x0000000000000000, 26.26 W, 5 %
2026/09/30 14:02:11.318, 382 MHz, 405 MHz, 0x0000000000000000, 26.34 W, 7 %
2026/09/30 14:02:11.820, 382 MHz, 405 MHz, 0x0000000000000000, 26.46 W, 7 %
2026/09/30 14:02:12.333, 382 MHz, 405 MHz, 0x0000000000000000, 26.43 W, 7 %
2026/09/30 14:02:12.844, 427 MHz, 405 MHz, 0x0000000000000000, 26.53 W, 6 %
2026/09/30 14:02:13.354, 352 MHz, 405 MHz, 0x0000000000000000, 26.03 W, 7 %
2026/09/30 14:02:13.868, 450 MHz, 405 MHz, 0x0000000000000000, 26.33 W, 5 %
2026/09/30 14:02:14.380, 397 MHz, 405 MHz, 0x0000000000000000, 27.52 W, 9 %
2026/09/30 14:02:14.890, 465 MHz, 405 MHz, 0x0000000000000000, 27.68 W, 6 %
2026/09/30 14:02:15.400, 367 MHz, 405 MHz, 0x0000000000000000, 27.19 W, 3 %
2026/09/30 14:02:15.910, 382 MHz, 405 MHz, 0x0000000000000000, 25.95 W, 4 %
2026/09/30 14:02:16.425, 517 MHz, 405 MHz, 0x0000000000000000, 26.17 W, 4 %
2026/09/30 14:02:16.937, 285 MHz, 405 MHz, 0x0000000000000000, 25.53 W, 7 %
2026/09/30 14:02:17.446, 435 MHz, 405 MHz, 0x0000000000000000, 25.07 W, 6 %
2026/09/30 14:02:17.957, 450 MHz, 405 MHz, 0x0000000000000000, 26.54 W, 6 %
2026/09/30 14:02:18.466, 510 MHz, 405 MHz, 0x0000000000000000, 27.24 W, 7 %
2026/09/30 14:02:18.981, 427 MHz, 405 MHz, 0x0000000000000000, 26.57 W, 2 %
2026/09/30 14:02:19.493, 367 MHz, 405 MHz, 0x0000000000000000, 25.13 W, 3 %
2026/09/30 14:02:20.001, 450 MHz, 405 MHz, 0x0000000000000000, 25.47 W, 5 %
2026/09/30 14:02:20.511, 487 MHz, 405 MHz, 0x0000000000000000, 26.64 W, 5 %
2026/09/30 14:02:21.026, 367 MHz, 405 MHz, 0x0000000000000000, 26.50 W, 9 %
2026/09/30 14:02:21.527, 465 MHz, 405 MHz, 0x0000000000000000, 26.90 W, 8 %
2026/09/30 14:02:22.035, 405 MHz, 405 MHz, 0x0000000000000000, 26.77 W, 6 %
2026/09/30 14:02:22.544, 487 MHz, 405 MHz, 0x0000000000000000, 26.56 W, 4 %
2026/09/30 14:02:23.054, 322 MHz, 405 MHz, 0x0000000000000000, 25.20 W, 2 %
2026/09/30 14:02:23.564, 262 MHz, 405 MHz, 0x0000000000000000, 23.18 W, 3 %
2026/09/30 14:02:24.070, 315 MHz, 405 MHz, 0x0000000000000000, 22.94 W, 1 %
2026/09/30 14:02:24.582, 270 MHz, 405 MHz, 0x0000000000000000, 23.16 W, 4 %
2026/09/30 14:02:25.090, 300 MHz, 405 MHz, 0x0000000000000000, 23.39 W, 2 %
2026/09/30 14:02:25.599, 307 MHz, 405 MHz, 0x0000000000000000, 23.95 W, 3 %
2026/09/30 14:02:26.109, 292 MHz, 405 MHz, 0x0000000000000000, 23.77 W, 3 %
2026/09/30 14:02:26.616, 300 MHz, 405 MHz, 0x0000000000000000, 23.74 W, 3 %
2026/09/30 14:02:27.124, 345 MHz, 405 MHz, 0x0000000000000000, 22.80 W, 3 %
2026/09/30 14:02:27.638, 202 MHz, 405 MHz, 0x0000000000000000, 17.26 W, 2 %
2026/09/30 14:02:28.149, 217 MHz, 405 MHz, 0x0000000000000000, 12.30 W, 2 %
2026/09/30 14:02:28.659, 210 MHz, 405 MHz, 0x0000000000000000, 12.00 W, 3 %
2026/09/30 14:02:29.167, 345 MHz, 405 MHz, 0x0000000000000000, 13.65 W, 1 %
2026/09/30 14:02:29.675, 292 MHz, 405 MHz, 0x0000000000000000, 19.19 W, 4 %
2026/09/30 14:02:30.181, 292 MHz, 405 MHz, 0x0000000000000000, 24.03 W, 6 %
2026/09/30 14:02:30.696, 465 MHz, 405 MHz, 0x0000000000000000, 25.32 W, 5 %
2026/09/30 14:02:31.209, 487 MHz, 405 MHz, 0x0000000000000000, 26.37 W, 7 %
2026/09/30 14:02:31.723, 262 MHz, 405 MHz, 0x0000000000000000, 24.34 W, 7 %
2026/09/30 14:02:32.237, 420 MHz, 405 MHz, 0x0000000000000000, 24.20 W, 6 %
2026/09/30 14:02:32.752, 487 MHz, 405 MHz, 0x0000000000000000, 26.15 W, 2 %
2026/09/30 14:02:33.263, 435 MHz, 405 MHz, 0x0000000000000000, 25.94 W, 8 %
2026/09/30 14:02:33.773, 435 MHz, 405 MHz, 0x0000000000000000, 26.12 W, 6 %
2026/09/30 14:02:34.275, 382 MHz, 405 MHz, 0x0000000000000000, 26.01 W, 5 %
2026/09/30 14:02:34.787, 427 MHz, 405 MHz, 0x0000000000000000, 25.58 W, 4 %
2026/09/30 14:02:35.294, 397 MHz, 405 MHz, 0x0000000000000000, 25.27 W, 1 %
2026/09/30 14:02:35.801, 457 MHz, 405 MHz, 0x0000000000000000, 25.01 W, 6 %
2026/09/30 14:02:36.312, 442 MHz, 405 MHz, 0x0000000000000000, 25.40 W, 5 %
2026/09/30 14:02:36.821, 420 MHz, 405 MHz, 0x0000000000000000, 25.67 W, 8 %
2026/09/30 14:02:37.329, 472 MHz, 405 MHz, 0x0000000000000000, 26.38 W, 6 %
2026/09/30 14:02:37.840, 450 MHz, 405 MHz, 0x0000000000000000, 26.73 W, 6 %
2026/09/30 14:02:38.353, 382 MHz, 405 MHz, 0x0000000000000000, 26.26 W, 6 %
2026/09/30 14:02:38.866, 465 MHz, 405 MHz, 0x0000000000000000, 26.22 W, 6 %
2026/09/30 14:02:39.379, 307 MHz, 405 MHz, 0x0000000000000000, 25.64 W, 5 %
2026/09/30 14:02:39.891, 412 MHz, 405 MHz, 0x0000000000000000, 25.74 W, 6 %
2026/09/30 14:02:40.403, 510 MHz, 405 MHz, 0x0000000000000000, 27.22 W, 8 %
2026/09/30 14:02:40.917, 277 MHz, 405 MHz, 0x0000000000000000, 25.83 W, 6 %
2026/09/30 14:02:41.431, 397 MHz, 405 MHz, 0x0000000000000000, 25.50 W, 8 %
2026/09/30 14:02:41.945, 487 MHz, 405 MHz, 0x0000000000000000, 26.71 W, 7 %
2026/09/30 14:02:42.456, 390 MHz, 405 MHz, 0x0000000000000000, 26.89 W, 8 %
2026/09/30 14:02:42.967, 255 MHz, 405 MHz, 0x0000000000000000, 24.58 W, 5 %
2026/09/30 14:02:43.480, 525 MHz, 405 MHz, 0x0000000000000000, 25.03 W, 8 %
2026/09/30 14:02:43.988, 375 MHz, 405 MHz, 0x0000000000000000, 26.39 W, 6 %
2026/09/30 14:02:44.500, 457 MHz, 405 MHz, 0x0000000000000000, 25.84 W, 9 %
2026/09/30 14:02:45.011, 532 MHz, 405 MHz, 0x0000000000000000, 26.60 W, 4 %
2026/09/30 14:02:45.522, 427 MHz, 405 MHz, 0x0000000000000000, 26.51 W, 7 %
2026/09/30 14:02:46.032, 510 MHz, 405 MHz, 0x0000000000000000, 26.58 W, 5 %
2026/09/30 14:02:46.543, 337 MHz, 405 MHz, 0x0000000000000000, 26.27 W, 8 %
2026/09/30 14:02:47.054, 502 MHz, 405 MHz, 0x0000000000000000, 25.40 W, 3 %
2026/09/30 14:02:47.562, 352 MHz, 405 MHz, 0x0000000000000000, 25.80 W, 6 %
2026/09/30 14:02:48.073, 487 MHz, 405 MHz, 0x0000000000000000, 25.53 W, 4 %
2026/09/30 14:02:48.584, 1957 MHz, 13801 MHz, 0x0000000000000000, 69.00 W, 60 %
2026/09/30 14:02:49.096, 2932 MHz, 13801 MHz, 0x0000000000000000, 101.81 W, 35 %
2026/09/30 14:02:49.610, 2932 MHz, 13801 MHz, 0x0000000000000000, 119.11 W, 65 %
2026/09/30 14:02:50.122, 2940 MHz, 13801 MHz, 0x0000000000000000, 107.31 W, 0 %
2026/09/30 14:02:50.635, 2940 MHz, 13801 MHz, 0x0000000000000000, 94.39 W, 0 %
2026/09/30 14:02:51.139, 2940 MHz, 13801 MHz, 0x0000000000000000, 91.54 W, 0 %
2026/09/30 14:02:51.650, 1395 MHz, 7001 MHz, 0x0000000000000000, 69.60 W, 0 %
2026/09/30 14:02:52.160, 832 MHz, 7001 MHz, 0x0000000000000000, 41.19 W, 0 %
2026/09/30 14:02:52.662, 675 MHz, 7001 MHz, 0x0000000000000000, 34.45 W, 0 %
2026/09/30 14:02:53.172, 540 MHz, 810 MHz, 0x0000000000000000, 29.37 W, 0 %
2026/09/30 14:02:53.684, 435 MHz, 810 MHz, 0x0000000000000000, 21.43 W, 0 %
2026/09/30 14:02:54.186, 337 MHz, 810 MHz, 0x0000000000000000, 17.79 W, 0 %
2026/09/30 14:02:54.698, 285 MHz, 810 MHz, 0x0000000000000000, 14.24 W, 0 %
2026/09/30 14:02:55.204, 592 MHz, 405 MHz, 0x0000000000000000, 13.98 W, 0 %
2026/09/30 14:02:55.711, 187 MHz, 405 MHz, 0x0000000000000000, 19.65 W, 41 %
2026/09/30 14:02:56.220, 435 MHz, 405 MHz, 0x0000000000000000, 20.65 W, 0 %
2026/09/30 14:02:56.729, 2932 MHz, 13801 MHz, 0x0000000000000000, 63.17 W, 0 %
2026/09/30 14:02:57.238, 2940 MHz, 13801 MHz, 0x0000000000000000, 95.13 W, 10 %
2026/09/30 14:02:57.747, 2940 MHz, 13801 MHz, 0x0000000000000000, 99.95 W, 0 %
2026/09/30 14:02:58.260, 2940 MHz, 13801 MHz, 0x0000000000000000, 98.42 W, 0 %
2026/09/30 14:02:58.774, 1830 MHz, 7001 MHz, 0x0000000000000000, 80.68 W, 0 %
2026/09/30 14:02:59.287, 975 MHz, 7001 MHz, 0x0000000000000000, 51.74 W, 0 %
2026/09/30 14:02:59.796, 772 MHz, 7001 MHz, 0x0000000000000000, 34.92 W, 0 %
2026/09/30 14:03:00.309, 607 MHz, 7001 MHz, 0x0000000000000000, 33.90 W, 0 %
2026/09/30 14:03:00.823, 397 MHz, 7001 MHz, 0x0000000000000000, 32.39 W, 0 %
2026/09/30 14:03:01.332, 322 MHz, 7001 MHz, 0x0000000000000000, 32.10 W, 0 %
2026/09/30 14:03:01.845, 292 MHz, 13801 MHz, 0x0000000000000000, 65.12 W, 95 %
2026/09/30 14:03:02.358, 2707 MHz, 13801 MHz, 0x0000000000000000, 97.80 W, 0 %
2026/09/30 14:03:02.873, 2932 MHz, 13801 MHz, 0x0000000000000000, 125.07 W, 0 %
2026/09/30 14:03:03.375, 2940 MHz, 13801 MHz, 0x0000000000000000, 99.80 W, 0 %
2026/09/30 14:03:03.886, 2932 MHz, 13801 MHz, 0x0000000000000000, 98.45 W, 0 %
2026/09/30 14:03:04.399, 1725 MHz, 13801 MHz, 0x0000000000000000, 77.96 W, 0 %
2026/09/30 14:03:04.911, 1350 MHz, 7001 MHz, 0x0000000000000000, 42.92 W, 0 %
2026/09/30 14:03:05.426, 1080 MHz, 7001 MHz, 0x0000000000000000, 37.02 W, 0 %
2026/09/30 14:03:05.938, 832 MHz, 7001 MHz, 0x0000000000000000, 35.26 W, 0 %
2026/09/30 14:03:06.450, 682 MHz, 7001 MHz, 0x0000000000000000, 34.54 W, 0 %
2026/09/30 14:03:06.950, 525 MHz, 7001 MHz, 0x0000000000000000, 33.74 W, 0 %
2026/09/30 14:03:07.459, 495 MHz, 7001 MHz, 0x0000000000000000, 33.23 W, 0 %
2026/09/30 14:03:07.970, 337 MHz, 7001 MHz, 0x0000000000000000, 32.57 W, 0 %
2026/09/30 14:03:08.480, 292 MHz, 810 MHz, 0x0000000000000000, 28.74 W, 0 %
2026/09/30 14:03:08.991, 1965 MHz, 13801 MHz, 0x0000000000000000, 87.79 W, 87 %
2026/09/30 14:03:09.505, 2940 MHz, 13801 MHz, 0x0000000000000000, 129.21 W, 0 %
2026/09/30 14:03:10.015, 2940 MHz, 13801 MHz, 0x0000000000000000, 94.31 W, 0 %
2026/09/30 14:03:10.527, 2940 MHz, 13801 MHz, 0x0000000000000000, 91.38 W, 0 %
2026/09/30 14:03:11.028, 2940 MHz, 7001 MHz, 0x0000000000000000, 85.94 W, 0 %
2026/09/30 14:03:11.540, 585 MHz, 7001 MHz, 0x0000000000000000, 56.99 W, 0 %
2026/09/30 14:03:12.051, 442 MHz, 7001 MHz, 0x0000000000000000, 33.13 W, 0 %
2026/09/30 14:03:12.564, 360 MHz, 7001 MHz, 0x0000000000000000, 31.90 W, 0 %
2026/09/30 14:03:13.079, 2355 MHz, 13801 MHz, 0x0000000000000000, 62.07 W, 0 %
2026/09/30 14:03:13.589, 2392 MHz, 13801 MHz, 0x0000000000000000, 70.50 W, 0 %
2026/09/30 14:03:14.101, 2392 MHz, 13801 MHz, 0x0000000000000000, 56.47 W, 0 %
2026/09/30 14:03:14.613, 2400 MHz, 13801 MHz, 0x0000000000000000, 56.64 W, 0 %
2026/09/30 14:03:15.128, 465 MHz, 7001 MHz, 0x0000000000000000, 45.08 W, 0 %
2026/09/30 14:03:15.643, 660 MHz, 7001 MHz, 0x0000000000000000, 46.68 W, 0 %
2026/09/30 14:03:16.153, 765 MHz, 7001 MHz, 0x0000000000000000, 47.31 W, 0 %
2026/09/30 14:03:16.666, 630 MHz, 7001 MHz, 0x0000000000000000, 34.12 W, 0 %
2026/09/30 14:03:17.168, 502 MHz, 7001 MHz, 0x0000000000000000, 33.38 W, 0 %
2026/09/30 14:03:17.683, 390 MHz, 7001 MHz, 0x0000000000000000, 32.73 W, 0 %
2026/09/30 14:03:18.196, 352 MHz, 7001 MHz, 0x0000000000000000, 32.15 W, 0 %
2026/09/30 14:03:18.706, 1777 MHz, 7001 MHz, 0x0000000000000000, 56.80 W, 0 %
2026/09/30 14:03:19.218, 1140 MHz, 7001 MHz, 0x0000000000000000, 58.52 W, 0 %
2026/09/30 14:03:19.731, 900 MHz, 7001 MHz, 0x0000000000000000, 35.15 W, 0 %
2026/09/30 14:03:20.243, 720 MHz, 7001 MHz, 0x0000000000000000, 34.76 W, 0 %
2026/09/30 14:03:20.753, 562 MHz, 7001 MHz, 0x0000000000000000, 33.97 W, 0 %
2026/09/30 14:03:21.266, 457 MHz, 7001 MHz, 0x0000000000000000, 33.15 W, 0 %
2026/09/30 14:03:21.778, 367 MHz, 7001 MHz, 0x0000000000000000, 32.33 W, 0 %
2026/09/30 14:03:22.284, 322 MHz, 7001 MHz, 0x0000000000000000, 31.92 W, 0 %
2026/09/30 14:03:22.797, 240 MHz, 810 MHz, 0x0000000000000000, 26.94 W, 0 %
2026/09/30 14:03:23.303, 232 MHz, 810 MHz, 0x0000000000000000, 21.53 W, 0 %
2026/09/30 14:03:23.816, 2940 MHz, 13801 MHz, 0x0000000000000000, 90.59 W, 55 %
2026/09/30 14:03:24.327, 2940 MHz, 13801 MHz, 0x0000000000000000, 131.87 W, 92 %
2026/09/30 14:03:24.841, 2940 MHz, 13801 MHz, 0x0000000000000000, 123.95 W, 0 %
2026/09/30 14:03:25.356, 2932 MHz, 13801 MHz, 0x0000000000000000, 114.19 W, 0 %
2026/09/30 14:03:25.871, 2940 MHz, 13801 MHz, 0x0000000000000000, 136.24 W, 0 %
2026/09/30 14:03:26.382, 2940 MHz, 13801 MHz, 0x0000000000000000, 111.96 W, 0 %
2026/09/30 14:03:26.895, 2932 MHz, 13801 MHz, 0x0000000000000000, 112.33 W, 0 %
2026/09/30 14:03:27.405, 2940 MHz, 13801 MHz, 0x0000000000000000, 137.15 W, 24 %
2026/09/30 14:03:27.918, 2940 MHz, 13801 MHz, 0x0000000000000000, 113.34 W, 0 %
2026/09/30 14:03:28.433, 2932 MHz, 13801 MHz, 0x0000000000000000, 119.44 W, 0 %
2026/09/30 14:03:28.947, 2940 MHz, 13801 MHz, 0x0000000000000000, 122.65 W, 36 %
2026/09/30 14:03:29.460, 2940 MHz, 13801 MHz, 0x0000000000000000, 112.89 W, 0 %
2026/09/30 14:03:29.972, 2940 MHz, 13801 MHz, 0x0000000000000000, 112.98 W, 0 %
2026/09/30 14:03:30.483, 2932 MHz, 13801 MHz, 0x0000000000000000, 115.01 W, 0 %
2026/09/30 14:03:30.995, 2940 MHz, 13801 MHz, 0x0000000000000000, 111.37 W, 0 %
2026/09/30 14:03:31.504, 1665 MHz, 7001 MHz, 0x0000000000000000, 82.69 W, 6 %
2026/09/30 14:03:32.015, 2287 MHz, 13801 MHz, 0x0000000000000000, 68.04 W, 0 %
2026/09/30 14:03:32.524, 2287 MHz, 13801 MHz, 0x0000000000000000, 56.01 W, 0 %
2026/09/30 14:03:33.034, 2287 MHz, 13801 MHz, 0x0000000000000000, 55.47 W, 0 %
2026/09/30 14:03:33.546, 2265 MHz, 7001 MHz, 0x0000000000000000, 51.33 W, 0 %
2026/09/30 14:03:34.058, 397 MHz, 7001 MHz, 0x0000000000000000, 40.40 W, 0 %
2026/09/30 14:03:34.566, 322 MHz, 7001 MHz, 0x0000000000000000, 52.37 W, 12 %
2026/09/30 14:03:35.073, 2085 MHz, 13801 MHz, 0x0000000000000000, 64.62 W, 0 %
2026/09/30 14:03:35.579, 2085 MHz, 13801 MHz, 0x0000000000000000, 54.53 W, 0 %
2026/09/30 14:03:36.086, 2445 MHz, 13801 MHz, 0x0000000000000000, 79.34 W, 0 %
2026/09/30 14:03:36.600, 2520 MHz, 13801 MHz, 0x0000000000000000, 82.56 W, 0 %
2026/09/30 14:03:37.112, 2857 MHz, 13801 MHz, 0x0000000000000000, 96.81 W, 0 %
2026/09/30 14:03:37.626, 2940 MHz, 13801 MHz, 0x0000000000000000, 134.86 W, 35 %
2026/09/30 14:03:38.140, 2940 MHz, 13801 MHz, 0x0000000000000000, 129.85 W, 68 %
2026/09/30 14:03:38.649, 2940 MHz, 13801 MHz, 0x0000000000000000, 120.56 W, 0 %
2026/09/30 14:03:39.158, 2932 MHz, 13801 MHz, 0x0000000000000000, 134.66 W, 0 %
2026/09/30 14:03:39.667, 2932 MHz, 13801 MHz, 0x0000000000000000, 129.07 W, 0 %
2026/09/30 14:03:40.177, 2940 MHz, 13801 MHz, 0x0000000000000000, 132.05 W, 87 %
2026/09/30 14:03:40.689, 2940 MHz, 13801 MHz, 0x0000000000000000, 129.81 W, 73 %
2026/09/30 14:03:41.200, 2940 MHz, 13801 MHz, 0x0000000000000000, 137.06 W, 82 %
2026/09/30 14:03:41.714, 2940 MHz, 13801 MHz, 0x0000000000000000, 144.12 W, 98 %
2026/09/30 14:03:42.228, 2932 MHz, 13801 MHz, 0x0000000000000000, 151.87 W, 0 %
2026/09/30 14:03:42.739, 2932 MHz, 13801 MHz, 0x0000000000000000, 154.23 W, 0 %
2026/09/30 14:03:43.254, 2940 MHz, 13801 MHz, 0x0000000000000000, 133.76 W, 87 %
2026/09/30 14:03:43.765, 2940 MHz, 13801 MHz, 0x0000000000000000, 114.82 W, 0 %
2026/09/30 14:03:44.280, 2932 MHz, 13801 MHz, 0x0000000000000000, 130.79 W, 0 %
2026/09/30 14:03:44.789, 2940 MHz, 13801 MHz, 0x0000000000000000, 131.37 W, 21 %
2026/09/30 14:03:45.300, 2940 MHz, 13801 MHz, 0x0000000000000000, 113.89 W, 0 %
2026/09/30 14:03:45.816, 2940 MHz, 13801 MHz, 0x0000000000000000, 114.44 W, 0 %
2026/09/30 14:03:46.328, 2940 MHz, 13801 MHz, 0x0000000000000000, 113.41 W, 0 %
2026/09/30 14:03:46.843, 2932 MHz, 13801 MHz, 0x0000000000000000, 106.18 W, 0 %
2026/09/30 14:03:47.354, 1995 MHz, 13801 MHz, 0x0000000000000000, 111.99 W, 84 %
2026/09/30 14:03:47.869, 2520 MHz, 13801 MHz, 0x0000000000000000, 79.93 W, 0 %
2026/09/30 14:03:48.380, 2640 MHz, 13801 MHz, 0x0000000000000000, 106.40 W, 0 %
2026/09/30 14:03:48.891, 2640 MHz, 13801 MHz, 0x0000000000000000, 116.46 W, 0 %
2026/09/30 14:03:49.405, 2940 MHz, 13801 MHz, 0x0000000000000000, 128.04 W, 14 %
2026/09/30 14:03:49.914, 2940 MHz, 13801 MHz, 0x0000000000000000, 113.01 W, 3 %
2026/09/30 14:03:50.424, 2940 MHz, 13801 MHz, 0x0000000000000000, 117.93 W, 0 %
2026/09/30 14:03:50.933, 2932 MHz, 13801 MHz, 0x0000000000000000, 134.89 W, 0 %
2026/09/30 14:03:51.445, 2932 MHz, 13801 MHz, 0x0000000000000000, 134.99 W, 0 %
2026/09/30 14:03:51.960, 2940 MHz, 13801 MHz, 0x0000000000000000, 125.98 W, 53 %
2026/09/30 14:03:52.474, 2767 MHz, 13801 MHz, 0x0000000000000000, 110.81 W, 0 %
2026/09/30 14:03:52.986, 2932 MHz, 13801 MHz, 0x0000000000000000, 132.26 W, 0 %
2026/09/30 14:03:53.498, 2940 MHz, 13801 MHz, 0x0000000000000000, 128.44 W, 58 %
2026/09/30 14:03:54.010, 2940 MHz, 13801 MHz, 0x0000000000000000, 110.15 W, 0 %
2026/09/30 14:03:54.520, 2287 MHz, 13801 MHz, 0x0000000000000000, 107.56 W, 0 %
2026/09/30 14:03:55.034, 2355 MHz, 13801 MHz, 0x0000000000000000, 82.56 W, 0 %
2026/09/30 14:03:55.546, 2610 MHz, 13801 MHz, 0x0000000000000000, 86.25 W, 0 %
2026/09/30 14:03:56.057, 2895 MHz, 13801 MHz, 0x0000000000000000, 128.88 W, 30 %
2026/09/30 14:03:56.566, 2895 MHz, 13801 MHz, 0x0000000000000000, 113.00 W, 0 %
2026/09/30 14:03:57.079, 2925 MHz, 13801 MHz, 0x0000000000000000, 119.30 W, 0 %
2026/09/30 14:03:57.591, 2940 MHz, 13801 MHz, 0x0000000000000000, 138.23 W, 0 %
2026/09/30 14:03:58.103, 2940 MHz, 13801 MHz, 0x0000000000000000, 113.27 W, 0 %
2026/09/30 14:03:58.604, 2932 MHz, 13801 MHz, 0x0000000000000000, 113.57 W, 0 %
2026/09/30 14:03:59.115, 2940 MHz, 13801 MHz, 0x0000000000000000, 115.63 W, 0 %
2026/09/30 14:03:59.628, 2940 MHz, 13801 MHz, 0x0000000000000000, 92.45 W, 0 %
2026/09/30 14:04:00.137, 2940 MHz, 13801 MHz, 0x0000000000000000, 92.50 W, 0 %
2026/09/30 14:04:00.650, 1020 MHz, 7001 MHz, 0x0000000000000000, 71.70 W, 0 %
2026/09/30 14:04:01.164, 472 MHz, 7001 MHz, 0x0000000000000000, 40.24 W, 0 %
2026/09/30 14:04:01.679, 375 MHz, 7001 MHz, 0x0000000000000000, 33.71 W, 0 %
2026/09/30 14:04:02.191, 2385 MHz, 13801 MHz, 0x0000000000000000, 57.27 W, 0 %
2026/09/30 14:04:02.704, 2482 MHz, 13801 MHz, 0x0000000000000000, 69.51 W, 0 %
2026/09/30 14:04:03.218, 2482 MHz, 13801 MHz, 0x0000000000000000, 60.68 W, 0 %
2026/09/30 14:04:03.729, 2625 MHz, 13801 MHz, 0x0000000000000000, 84.79 W, 0 %
2026/09/30 14:04:04.243, 1905 MHz, 13801 MHz, 0x0000000000000000, 83.73 W, 0 %
2026/09/30 14:04:04.755, 2685 MHz, 13801 MHz, 0x0000000000000000, 97.40 W, 0 %
2026/09/30 14:04:05.268, 2940 MHz, 13801 MHz, 0x0000000000000000, 116.67 W, 0 %
2026/09/30 14:04:05.781, 2932 MHz, 13801 MHz, 0x0000000000000000, 113.44 W, 0 %
2026/09/30 14:04:06.295, 2940 MHz, 13801 MHz, 0x0000000000000000, 113.57 W, 0 %
2026/09/30 14:04:06.809, 2940 MHz, 13801 MHz, 0x0000000000000000, 92.55 W, 0 %
2026/09/30 14:04:07.320, 2940 MHz, 13801 MHz, 0x0000000000000000, 92.46 W, 0 %
2026/09/30 14:04:07.832, 510 MHz, 7001 MHz, 0x0000000000000000, 41.03 W, 0 %
2026/09/30 14:04:08.347, 877 MHz, 7001 MHz, 0x0000000000000000, 53.78 W, 0 %
2026/09/30 14:04:08.858, 1035 MHz, 7001 MHz, 0x0000000000000000, 56.24 W, 0 %
2026/09/30 14:04:09.359, 802 MHz, 13801 MHz, 0x0000000000000000, 56.52 W, 23 %
2026/09/30 14:04:09.871, 2370 MHz, 13801 MHz, 0x0000000000000000, 64.45 W, 0 %
2026/09/30 14:04:10.382, 2407 MHz, 13801 MHz, 0x0000000000000000, 85.32 W, 0 %
2026/09/30 14:04:10.894, 2940 MHz, 13801 MHz, 0x0000000000000000, 101.71 W, 0 %
2026/09/30 14:04:11.410, 2940 MHz, 13801 MHz, 0x0000000000000000, 114.51 W, 51 %
2026/09/30 14:04:11.911, 2940 MHz, 13801 MHz, 0x0000000000000000, 133.68 W, 50 %
2026/09/30 14:04:12.423, 2940 MHz, 13801 MHz, 0x0000000000000000, 131.27 W, 71 %
2026/09/30 14:04:12.936, 2940 MHz, 13801 MHz, 0x0000000000000000, 132.25 W, 74 %
2026/09/30 14:04:13.437, 2940 MHz, 13801 MHz, 0x0000000000000000, 155.49 W, 41 %
2026/09/30 14:04:13.940, 2940 MHz, 13801 MHz, 0x0000000000000000, 155.24 W, 27 %
2026/09/30 14:04:14.454, 2940 MHz, 13801 MHz, 0x0000000000000000, 144.04 W, 63 %
2026/09/30 14:04:14.954, 2940 MHz, 13801 MHz, 0x0000000000000000, 120.38 W, 0 %
2026/09/30 14:04:15.465, 2940 MHz, 13801 MHz, 0x0000000000000000, 116.93 W, 37 %
2026/09/30 14:04:15.973, 2940 MHz, 13801 MHz, 0x0000000000000000, 116.88 W, 0 %
2026/09/30 14:04:16.474, 2932 MHz, 13801 MHz, 0x0000000000000000, 123.59 W, 0 %
2026/09/30 14:04:16.988, 2932 MHz, 13801 MHz, 0x0000000000000000, 139.78 W, 0 %
2026/09/30 14:04:17.503, 2940 MHz, 13801 MHz, 0x0000000000000000, 134.37 W, 81 %
2026/09/30 14:04:18.018, 2940 MHz, 13801 MHz, 0x0000000000000000, 116.71 W, 0 %
2026/09/30 14:04:18.529, 2932 MHz, 13801 MHz, 0x0000000000000000, 136.77 W, 0 %
2026/09/30 14:04:19.030, 2940 MHz, 13801 MHz, 0x0000000000000000, 126.87 W, 48 %
2026/09/30 14:04:19.545, 2940 MHz, 13801 MHz, 0x0000000000000000, 113.25 W, 0 %
2026/09/30 14:04:20.060, 2940 MHz, 13801 MHz, 0x0000000000000000, 133.94 W, 22 %
2026/09/30 14:04:20.570, 2940 MHz, 13801 MHz, 0x0000000000000000, 113.20 W, 0 %
2026/09/30 14:04:21.083, 2932 MHz, 13801 MHz, 0x0000000000000000, 118.90 W, 0 %
2026/09/30 14:04:21.598, 2940 MHz, 13801 MHz, 0x0000000000000000, 138.71 W, 88 %
2026/09/30 14:04:22.111, 2940 MHz, 13801 MHz, 0x0000000000000000, 115.96 W, 0 %
2026/09/30 14:04:22.622, 2932 MHz, 13801 MHz, 0x0000000000000000, 133.73 W, 0 %
2026/09/30 14:04:23.132, 2940 MHz, 13801 MHz, 0x0000000000000000, 137.08 W, 94 %
2026/09/30 14:04:23.634, 2940 MHz, 13801 MHz, 0x0000000000000000, 113.69 W, 0 %
2026/09/30 14:04:24.142, 2932 MHz, 13801 MHz, 0x0000000000000000, 134.57 W, 0 %
2026/09/30 14:04:24.655, 2940 MHz, 13801 MHz, 0x0000000000000000, 113.46 W, 0 %
2026/09/30 14:04:25.169, 2940 MHz, 13801 MHz, 0x0000000000000000, 92.56 W, 0 %
2026/09/30 14:04:25.682, 2940 MHz, 7001 MHz, 0x0000000000000000, 92.57 W, 0 %
2026/09/30 14:04:26.190, 562 MHz, 7001 MHz, 0x0000000000000000, 66.58 W, 0 %
2026/09/30 14:04:26.704, 450 MHz, 7001 MHz, 0x0000000000000000, 34.73 W, 0 %
2026/09/30 14:04:27.220, 360 MHz, 7001 MHz, 0x0000000000000000, 34.01 W, 0 %
2026/09/30 14:04:27.732, 285 MHz, 7001 MHz, 0x0000000000000000, 33.80 W, 0 %
2026/09/30 14:04:28.246, 225 MHz, 7001 MHz, 0x0000000000000000, 53.14 W, 26 %
2026/09/30 14:04:28.758, 1140 MHz, 7001 MHz, 0x0000000000000000, 56.29 W, 0 %
2026/09/30 14:04:29.271, 1612 MHz, 13801 MHz, 0x0000000000000000, 59.29 W, 0 %
2026/09/30 14:04:29.787, 2452 MHz, 13801 MHz, 0x0000000000000000, 68.23 W, 0 %
2026/09/30 14:04:30.297, 2452 MHz, 13801 MHz, 0x0000000000000000, 66.45 W, 27 %
2026/09/30 14:04:30.808, 2865 MHz, 13801 MHz, 0x0000000000000000, 97.54 W, 0 %
2026/09/30 14:04:31.323, 2940 MHz, 13801 MHz, 0x0000000000000000, 92.51 W, 0 %
2026/09/30 14:04:31.837, 2940 MHz, 7001 MHz, 0x0000000000000000, 87.54 W, 0 %
2026/09/30 14:04:32.351, 547 MHz, 7001 MHz, 0x0000000000000000, 57.97 W, 0 %
2026/09/30 14:04:32.863, 427 MHz, 7001 MHz, 0x0000000000000000, 34.50 W, 0 %
2026/09/30 14:04:33.378, 1462 MHz, 13801 MHz, 0x0000000000000000, 59.39 W, 0 %
2026/09/30 14:04:33.889, 2122 MHz, 13801 MHz, 0x0000000000000000, 66.69 W, 0 %
2026/09/30 14:04:34.403, 2475 MHz, 13801 MHz, 0x0000000000000000, 86.68 W, 0 %
2026/09/30 14:04:34.918, 2940 MHz, 13801 MHz, 0x0000000000000000, 108.57 W, 0 %
2026/09/30 14:04:35.430, 2932 MHz, 13801 MHz, 0x0000000000000000, 113.96 W, 0 %
2026/09/30 14:04:35.942, 2940 MHz, 13801 MHz, 0x0000000000000000, 116.13 W, 0 %
2026/09/30 14:04:36.455, 2377 MHz, 13801 MHz, 0x0000000000000000, 103.36 W, 0 %
2026/09/30 14:04:36.964, 1695 MHz, 7001 MHz, 0x0000000000000000, 83.15 W, 0 %
2026/09/30 14:04:37.471, 1357 MHz, 7001 MHz, 0x0000000000000000, 44.63 W, 0 %
2026/09/30 14:04:37.980, 1065 MHz, 7001 MHz, 0x0000000000000000, 36.47 W, 0 %
2026/09/30 14:04:38.492, 855 MHz, 7001 MHz, 0x0000000000000000, 47.95 W, 22 %
2026/09/30 14:04:39.001, 1087 MHz, 7001 MHz, 0x0000000000000000, 49.42 W, 0 %
2026/09/30 14:04:39.515, 870 MHz, 7001 MHz, 0x0000000000000000, 37.46 W, 0 %
2026/09/30 14:04:40.025, 697 MHz, 7001 MHz, 0x0000000000000000, 36.06 W, 0 %
2026/09/30 14:04:40.533, 555 MHz, 7001 MHz, 0x0000000000000000, 34.89 W, 0 %
2026/09/30 14:04:41.039, 450 MHz, 7001 MHz, 0x0000000000000000, 34.38 W, 0 %
2026/09/30 14:04:41.550, 480 MHz, 7001 MHz, 0x0000000000000000, 36.81 W, 0 %
2026/09/30 14:04:42.059, 285 MHz, 810 MHz, 0x0000000000000000, 36.12 W, 0 %
2026/09/30 14:04:42.567, 1290 MHz, 13801 MHz, 0x0000000000000000, 64.05 W, 93 %
2026/09/30 14:04:43.080, 2940 MHz, 13801 MHz, 0x0000000000000000, 90.47 W, 0 %
2026/09/30 14:04:43.593, 2940 MHz, 13801 MHz, 0x0000000000000000, 95.18 W, 0 %
2026/09/30 14:04:44.104, 2940 MHz, 13801 MHz, 0x0000000000000000, 92.33 W, 0 %
2026/09/30 14:04:44.614, 2910 MHz, 7001 MHz, 0x0000000000000000, 82.40 W, 0 %
2026/09/30 14:04:45.127, 675 MHz, 7001 MHz, 0x0000000000000000, 56.11 W, 0 %
2026/09/30 14:04:45.639, 532 MHz, 810 MHz, 0x0000000000000000, 34.43 W, 0 %
2026/09/30 14:04:46.150, 435 MHz, 810 MHz, 0x0000000000000000, 27.98 W, 0 %
2026/09/30 14:04:46.657, 352 MHz, 810 MHz, 0x0000000000000000, 21.54 W, 0 %
2026/09/30 14:04:47.164, 277 MHz, 810 MHz, 0x0000000000000000, 25.65 W, 15 %
2026/09/30 14:04:47.674, 247 MHz, 405 MHz, 0x0000000000000000, 21.59 W, 0 %
2026/09/30 14:04:48.185, 1732 MHz, 13801 MHz, 0x0000000000000000, 49.49 W, 39 %
2026/09/30 14:04:48.691, 2940 MHz, 13801 MHz, 0x0000000000000000, 89.60 W, 3 %
2026/09/30 14:04:49.205, 2940 MHz, 13801 MHz, 0x0000000000000000, 100.07 W, 0 %
2026/09/30 14:04:49.718, 2940 MHz, 13801 MHz, 0x0000000000000000, 97.05 W, 24 %
2026/09/30 14:04:50.227, 2940 MHz, 7001 MHz, 0x0000000000000000, 97.85 W, 12 %
2026/09/30 14:04:50.732, 1155 MHz, 7001 MHz, 0x0000000000000000, 67.25 W, 0 %
2026/09/30 14:04:51.243, 1035 MHz, 13801 MHz, 0x0000000000000000, 49.68 W, 0 %
2026/09/30 14:04:51.744, 1747 MHz, 13801 MHz, 0x0000000000000000, 51.13 W, 0 %
2026/09/30 14:04:52.257, 1755 MHz, 13801 MHz, 0x0000000000000000, 53.12 W, 0 %
2026/09/30 14:04:52.764, 2632 MHz, 13801 MHz, 0x0000000000000000, 125.39 W, 64 %
2026/09/30 14:04:53.277, 2820 MHz, 13801 MHz, 0x0000000000000000, 318.31 W, 68 %
2026/09/30 14:04:53.789, 2925 MHz, 13801 MHz, 0x0000000000000000, 339.75 W, 69 %
2026/09/30 14:04:54.304, 2910 MHz, 13801 MHz, 0x0000000000000000, 262.81 W, 58 %
2026/09/30 14:04:54.818, 2880 MHz, 13801 MHz, 0x0000000000000000, 273.74 W, 54 %
2026/09/30 14:04:55.319, 2887 MHz, 13801 MHz, 0x0000000000000000, 274.84 W, 76 %
2026/09/30 14:04:55.827, 2917 MHz, 13801 MHz, 0x0000000000000000, 231.06 W, 90 %
2026/09/30 14:04:56.342, 2910 MHz, 13801 MHz, 0x0000000000000000, 286.41 W, 89 %
2026/09/30 14:04:56.855, 2902 MHz, 13801 MHz, 0x0000000000000000, 310.54 W, 89 %
2026/09/30 14:04:57.366, 2887 MHz, 13801 MHz, 0x0000000000000000, 323.53 W, 92 %
2026/09/30 14:04:57.878, 2857 MHz, 13801 MHz, 0x0000000000000000, 344.78 W, 91 %
2026/09/30 14:04:58.389, 2835 MHz, 13801 MHz, 0x0000000000000004, 390.41 W, 99 %
2026/09/30 14:04:58.903, 2910 MHz, 13801 MHz, 0x0000000000000000, 307.71 W, 81 %
2026/09/30 14:04:59.416, 2932 MHz, 13801 MHz, 0x0000000000000000, 199.71 W, 85 %
2026/09/30 14:04:59.929, 2925 MHz, 13801 MHz, 0x0000000000000000, 197.23 W, 84 %
2026/09/30 14:05:00.443, 2910 MHz, 13801 MHz, 0x0000000000000000, 247.15 W, 82 %
2026/09/30 14:05:00.954, 2902 MHz, 13801 MHz, 0x0000000000000000, 284.19 W, 91 %
2026/09/30 14:05:01.462, 2895 MHz, 13801 MHz, 0x0000000000000000, 293.62 W, 90 %
2026/09/30 14:05:01.975, 2895 MHz, 13801 MHz, 0x0000000000000000, 299.75 W, 91 %
2026/09/30 14:05:02.476, 2887 MHz, 13801 MHz, 0x0000000000000000, 304.32 W, 77 %
2026/09/30 14:05:02.986, 2880 MHz, 13801 MHz, 0x0000000000000000, 315.96 W, 90 %
2026/09/30 14:05:03.499, 2872 MHz, 13801 MHz, 0x0000000000000000, 326.39 W, 80 %
2026/09/30 14:05:04.013, 2850 MHz, 13801 MHz, 0x0000000000000000, 344.60 W, 92 %
2026/09/30 14:05:04.525, 2827 MHz, 13801 MHz, 0x0000000000000000, 375.76 W, 90 %
2026/09/30 14:05:05.032, 2827 MHz, 13801 MHz, 0x0000000000000000, 387.91 W, 89 %
2026/09/30 14:05:05.543, 2782 MHz, 13801 MHz, 0x0000000000000000, 421.57 W, 70 %
2026/09/30 14:05:06.051, 2925 MHz, 13801 MHz, 0x0000000000000000, 295.56 W, 0 %
2026/09/30 14:05:06.562, 2925 MHz, 13801 MHz, 0x0000000000000000, 156.28 W, 17 %
2026/09/30 14:05:07.075, 2932 MHz, 13801 MHz, 0x0000000000000000, 153.17 W, 18 %
2026/09/30 14:05:07.589, 2925 MHz, 13801 MHz, 0x0000000000000000, 147.34 W, 19 %
2026/09/30 14:05:08.102, 2520 MHz, 7001 MHz, 0x0000000000000000, 130.53 W, 20 %
2026/09/30 14:05:08.615, 2475 MHz, 7001 MHz, 0x0000000000000000, 114.46 W, 22 %
2026/09/30 14:05:09.129, 2475 MHz, 7001 MHz, 0x0000000000000000, 106.89 W, 20 %
2026/09/30 14:05:09.644, 2437 MHz, 7001 MHz, 0x0000000000000000, 104.70 W, 21 %
2026/09/30 14:05:10.155, 2400 MHz, 7001 MHz, 0x0000000000000000, 103.89 W, 11 %
2026/09/30 14:05:10.667, 2430 MHz, 7001 MHz, 0x0000000000000000, 96.38 W, 12 %
2026/09/30 14:05:11.181, 2475 MHz, 7001 MHz, 0x0000000000000000, 87.68 W, 7 %
2026/09/30 14:05:11.694, 1147 MHz, 7001 MHz, 0x0000000000000000, 64.58 W, 0 %
2026/09/30 14:05:12.208, 922 MHz, 7001 MHz, 0x0000000000000000, 41.92 W, 0 %
2026/09/30 14:05:12.720, 2242 MHz, 13801 MHz, 0x0000000000000000, 70.96 W, 11 %
2026/09/30 14:05:13.233, 2377 MHz, 13801 MHz, 0x0000000000000000, 114.97 W, 11 %
2026/09/30 14:05:13.742, 2235 MHz, 7001 MHz, 0x0000000000000000, 116.16 W, 10 %
2026/09/30 14:05:14.255, 2272 MHz, 7001 MHz, 0x0000000000000000, 108.60 W, 10 %
2026/09/30 14:05:14.764, 2265 MHz, 7001 MHz, 0x0000000000000000, 99.85 W, 9 %
2026/09/30 14:05:15.273, 2047 MHz, 7001 MHz, 0x0000000000000000, 89.88 W, 9 %
2026/09/30 14:05:15.774, 2160 MHz, 7001 MHz, 0x0000000000000000, 77.73 W, 0 %
2026/09/30 14:05:16.285, 952 MHz, 7001 MHz, 0x0000000000000000, 57.25 W, 3 %
2026/09/30 14:05:16.786, 982 MHz, 7001 MHz, 0x0000000000000000, 45.88 W, 0 %
2026/09/30 14:05:17.299, 637 MHz, 7001 MHz, 0x0000000000000000, 43.87 W, 0 %
2026/09/30 14:05:17.810, 502 MHz, 7001 MHz, 0x0000000000000000, 35.19 W, 0 %
2026/09/30 14:05:18.320, 397 MHz, 810 MHz, 0x0000000000000000, 33.91 W, 0 %
2026/09/30 14:05:18.833, 240 MHz, 810 MHz, 0x0000000000000000, 19.25 W, 0 %
2026/09/30 14:05:19.346, 187 MHz, 810 MHz, 0x0000000000000000, 16.85 W, 0 %
2026/09/30 14:05:19.859, 180 MHz, 405 MHz, 0x0000000000000000, 13.84 W, 0 %
2026/09/30 14:05:20.369, 180 MHz, 405 MHz, 0x0000000000000000, 13.04 W, 0 %
2026/09/30 14:05:20.877, 172 MHz, 405 MHz, 0x0000000000000000, 12.77 W, 0 %
2026/09/30 14:05:21.387, 180 MHz, 405 MHz, 0x0000000000000000, 12.62 W, 0 %
2026/09/30 14:05:21.897, 180 MHz, 405 MHz, 0x0000000000000000, 12.47 W, 0 %
2026/09/30 14:05:22.405, 187 MHz, 405 MHz, 0x0000000000000000, 12.56 W, 0 %
2026/09/30 14:05:22.919, 187 MHz, 405 MHz, 0x0000000000000000, 12.72 W, 0 %
2026/09/30 14:05:23.432, 187 MHz, 405 MHz, 0x0000000000000000, 12.76 W, 0 %
2026/09/30 14:05:23.943, 180 MHz, 405 MHz, 0x0000000000000000, 12.80 W, 0 %
2026/09/30 14:05:24.457, 187 MHz, 405 MHz, 0x0000000000000000, 12.68 W, 0 %
2026/09/30 14:05:24.967, 187 MHz, 405 MHz, 0x0000000000000000, 12.54 W, 0 %
2026/09/30 14:05:25.479, 187 MHz, 405 MHz, 0x0000000000000000, 12.47 W, 0 %
2026/09/30 14:05:25.992, 180 MHz, 405 MHz, 0x0000000000000000, 12.52 W, 0 %
2026/09/30 14:05:26.503, 180 MHz, 405 MHz, 0x0000000000000000, 12.54 W, 0 %
2026/09/30 14:05:27.013, 180 MHz, 405 MHz, 0x0000000000000000, 12.42 W, 0 %
2026/09/30 14:05:27.514, 180 MHz, 405 MHz, 0x0000000000000000, 12.47 W, 0 %
2026/09/30 14:05:28.022, 180 MHz, 405 MHz, 0x0000000000000000, 12.42 W, 0 %
2026/09/30 14:05:28.533, 180 MHz, 405 MHz, 0x0000000000000000, 12.41 W, 0 %
2026/09/30 14:05:29.048, 180 MHz, 405 MHz, 0x0000000000000000, 12.44 W, 0 %
2026/09/30 14:05:29.561, 180 MHz, 405 MHz, 0x0000000000000000, 12.35 W, 0 %
2026/09/30 14:05:30.076, 255 MHz, 405 MHz, 0x0000000000000000, 12.85 W, 0 %
2026/09/30 14:05:30.577, 2370 MHz, 13801 MHz, 0x0000000000000000, 57.60 W, 0 %
2026/09/30 14:05:31.089, 1882 MHz, 13801 MHz, 0x0000000000000000, 78.02 W, 0 %
2026/09/30 14:05:31.599, 1882 MHz, 13801 MHz, 0x0000000000000000, 54.32 W, 0 %
2026/09/30 14:05:32.111, 1882 MHz, 7001 MHz, 0x0000000000000000, 52.66 W, 0 %
2026/09/30 14:05:32.621, 510 MHz, 7001 MHz, 0x0000000000000000, 42.56 W, 0 %
2026/09/30 14:05:33.136, 412 MHz, 7001 MHz, 0x0000000000000000, 34.63 W, 0 %
2026/09/30 14:05:33.648, 330 MHz, 7001 MHz, 0x0000000000000000, 34.39 W, 0 %
2026/09/30 14:05:34.161, 285 MHz, 7001 MHz, 0x0000000000000000, 33.89 W, 0 %
2026/09/30 14:05:34.670, 217 MHz, 7001 MHz, 0x0000000000000000, 33.39 W, 0 %
2026/09/30 14:05:35.180, 180 MHz, 7001 MHz, 0x0000000000000000, 33.34 W, 0 %
2026/09/30 14:05:35.682, 180 MHz, 810 MHz, 0x0000000000000000, 31.29 W, 0 %
2026/09/30 14:05:36.189, 180 MHz, 810 MHz, 0x0000000000000000, 23.14 W, 0 %
2026/09/30 14:05:36.704, 180 MHz, 810 MHz, 0x0000000000000000, 15.79 W, 0 %
2026/09/30 14:05:37.210, 180 MHz, 810 MHz, 0x0000000000000000, 14.38 W, 0 %
2026/09/30 14:05:37.721, 180 MHz, 405 MHz, 0x0000000000000000, 12.94 W, 0 %
2026/09/30 14:05:38.221, 180 MHz, 405 MHz, 0x0000000000000000, 12.39 W, 0 %
2026/09/30 14:05:38.735, 180 MHz, 405 MHz, 0x0000000000000000, 12.20 W, 0 %
2026/09/30 14:05:39.245, 180 MHz, 405 MHz, 0x0000000000000000, 12.37 W, 0 %
2026/09/30 14:05:39.756, 187 MHz, 405 MHz, 0x0000000000000000, 12.37 W, 0 %
2026/09/30 14:05:40.264, 187 MHz, 405 MHz, 0x0000000000000000, 12.40 W, 0 %
2026/09/30 14:05:40.773, 187 MHz, 405 MHz, 0x0000000000000000, 12.47 W, 0 %
2026/09/30 14:05:41.280, 2527 MHz, 13801 MHz, 0x0000000000000000, 119.82 W, 95 %
2026/09/30 14:05:41.787, 2925 MHz, 13801 MHz, 0x0000000000000000, 304.23 W, 94 %
2026/09/30 14:05:42.291, 2917 MHz, 13801 MHz, 0x0000000000000000, 360.95 W, 95 %
2026/09/30 14:05:42.796, 2910 MHz, 13801 MHz, 0x0000000000000000, 357.06 W, 52 %
2026/09/30 14:05:43.301, 2910 MHz, 13801 MHz, 0x0000000000000000, 357.01 W, 95 %
2026/09/30 14:05:43.805, 2910 MHz, 13801 MHz, 0x0000000000000000, 362.92 W, 95 %
2026/09/30 14:05:44.311, 2910 MHz, 13801 MHz, 0x0000000000000000, 364.83 W, 95 %
2026/09/30 14:05:44.818, 2887 MHz, 13801 MHz, 0x0000000000000000, 359.55 W, 95 %
2026/09/30 14:05:45.324, 2910 MHz, 13801 MHz, 0x0000000000000000, 358.58 W, 95 %
2026/09/30 14:05:45.832, 2910 MHz, 13801 MHz, 0x0000000000000000, 364.67 W, 95 %
2026/09/30 14:05:46.335, 2887 MHz, 13801 MHz, 0x0000000000000000, 361.85 W, 95 %
2026/09/30 14:05:46.842, 2910 MHz, 13801 MHz, 0x0000000000000000, 365.53 W, 95 %
2026/09/30 14:05:47.348, 2910 MHz, 13801 MHz, 0x0000000000000000, 364.01 W, 88 %
2026/09/30 14:05:47.850, 2887 MHz, 13801 MHz, 0x0000000000000000, 352.90 W, 95 %
2026/09/30 14:05:48.353, 2910 MHz, 13801 MHz, 0x0000000000000000, 353.08 W, 95 %
2026/09/30 14:05:48.855, 2910 MHz, 13801 MHz, 0x0000000000000000, 365.59 W, 95 %
2026/09/30 14:05:49.359, 2895 MHz, 13801 MHz, 0x0000000000000000, 357.31 W, 95 %
2026/09/30 14:05:49.865, 2910 MHz, 13801 MHz, 0x0000000000000000, 358.04 W, 94 %
2026/09/30 14:05:50.368, 2910 MHz, 13801 MHz, 0x0000000000000000, 366.98 W, 95 %
2026/09/30 14:05:50.877, 2910 MHz, 13801 MHz, 0x0000000000000000, 361.10 W, 49 %
2026/09/30 14:05:51.384, 2910 MHz, 13801 MHz, 0x0000000000000000, 360.40 W, 95 %
2026/09/30 14:05:51.889, 2910 MHz, 13801 MHz, 0x0000000000000000, 362.92 W, 95 %
2026/09/30 14:05:52.395, 2910 MHz, 13801 MHz, 0x0000000000000000, 366.33 W, 95 %
2026/09/30 14:05:52.904, 2887 MHz, 13801 MHz, 0x0000000000000000, 361.44 W, 95 %
2026/09/30 14:05:53.409, 2910 MHz, 13801 MHz, 0x0000000000000000, 361.51 W, 95 %
2026/09/30 14:05:53.914, 2910 MHz, 13801 MHz, 0x0000000000000000, 367.56 W, 95 %
2026/09/30 14:05:54.425, 2887 MHz, 13801 MHz, 0x0000000000000000, 364.45 W, 95 %
2026/09/30 14:05:54.933, 2910 MHz, 13801 MHz, 0x0000000000000000, 364.96 W, 95 %
2026/09/30 14:05:55.438, 2910 MHz, 13801 MHz, 0x0000000000000000, 368.32 W, 95 %
2026/09/30 14:05:55.945, 2910 MHz, 13801 MHz, 0x0000000000000000, 362.07 W, 42 %
2026/09/30 14:05:56.447, 2910 MHz, 13801 MHz, 0x0000000000000000, 360.33 W, 95 %
2026/09/30 14:05:56.953, 2910 MHz, 13801 MHz, 0x0000000000000000, 366.45 W, 94 %
2026/09/30 14:05:57.458, 2910 MHz, 13801 MHz, 0x0000000000000000, 369.52 W, 95 %
2026/09/30 14:05:57.967, 2887 MHz, 13801 MHz, 0x0000000000000000, 363.20 W, 95 %
2026/09/30 14:05:58.471, 2910 MHz, 13801 MHz, 0x0000000000000000, 363.87 W, 95 %
2026/09/30 14:05:58.978, 2910 MHz, 13801 MHz, 0x0000000000000000, 370.87 W, 94 %
2026/09/30 14:05:59.486, 2910 MHz, 13801 MHz, 0x0000000000000000, 367.14 W, 73 %
2026/09/30 14:05:59.991, 2910 MHz, 13801 MHz, 0x0000000000000000, 367.50 W, 95 %
2026/09/30 14:06:00.497, 2910 MHz, 13801 MHz, 0x0000000000000000, 372.03 W, 95 %
2026/09/30 14:06:00.999, 2910 MHz, 13801 MHz, 0x0000000000000000, 372.42 W, 95 %
2026/09/30 14:06:01.500, 2880 MHz, 13801 MHz, 0x0000000000000000, 357.92 W, 95 %
2026/09/30 14:06:02.005, 2910 MHz, 13801 MHz, 0x0000000000000000, 359.01 W, 95 %
2026/09/30 14:06:02.511, 2910 MHz, 13801 MHz, 0x0000000000000000, 371.70 W, 95 %
2026/09/30 14:06:03.018, 2910 MHz, 13801 MHz, 0x0000000000000000, 361.11 W, 77 %
2026/09/30 14:06:03.526, 2910 MHz, 13801 MHz, 0x0000000000000000, 362.40 W, 95 %
2026/09/30 14:06:04.031, 2910 MHz, 13801 MHz, 0x0000000000000000, 372.38 W, 95 %
2026/09/30 14:06:04.534, 2910 MHz, 13801 MHz, 0x0000000000000000, 373.00 W, 95 %
2026/09/30 14:06:05.041, 2895 MHz, 13801 MHz, 0x0000000000000000, 368.51 W, 95 %
2026/09/30 14:06:05.544, 2910 MHz, 13801 MHz, 0x0000000000000000, 368.32 W, 95 %
2026/09/30 14:06:06.051, 2910 MHz, 13801 MHz, 0x0000000000000000, 373.87 W, 95 %
2026/09/30 14:06:06.556, 2910 MHz, 13801 MHz, 0x0000000000000000, 373.84 W, 95 %
2026/09/30 14:06:07.058, 2910 MHz, 13801 MHz, 0x0000000000000000, 368.51 W, 82 %
2026/09/30 14:06:07.563, 2910 MHz, 13801 MHz, 0x0000000000000000, 369.04 W, 95 %
2026/09/30 14:06:08.070, 2910 MHz, 13801 MHz, 0x0000000000000000, 373.36 W, 95 %
2026/09/30 14:06:08.574, 2910 MHz, 13801 MHz, 0x0000000000000000, 368.33 W, 78 %
2026/09/30 14:06:09.080, 2910 MHz, 13801 MHz, 0x0000000000000000, 367.29 W, 94 %
2026/09/30 14:06:09.582, 2910 MHz, 13801 MHz, 0x0000000000000000, 373.60 W, 95 %
2026/09/30 14:06:10.088, 2910 MHz, 13801 MHz, 0x0000000000000000, 373.64 W, 95 %
2026/09/30 14:06:10.594, 2887 MHz, 13801 MHz, 0x0000000000000000, 361.55 W, 95 %
2026/09/30 14:06:11.100, 2910 MHz, 13801 MHz, 0x0000000000000000, 360.70 W, 95 %
2026/09/30 14:06:11.604, 2910 MHz, 13801 MHz, 0x0000000000000000, 374.84 W, 95 %
2026/09/30 14:06:12.113, 2910 MHz, 13801 MHz, 0x0000000000000000, 351.47 W, 35 %
2026/09/30 14:06:12.619, 2910 MHz, 13801 MHz, 0x0000000000000000, 346.29 W, 95 %
2026/09/30 14:06:13.124, 2910 MHz, 13801 MHz, 0x0000000000000000, 359.60 W, 95 %
2026/09/30 14:06:13.631, 2910 MHz, 13801 MHz, 0x0000000000000000, 368.50 W, 47 %
2026/09/30 14:06:14.138, 2910 MHz, 13801 MHz, 0x0000000000000000, 367.85 W, 95 %
2026/09/30 14:06:14.640, 2910 MHz, 13801 MHz, 0x0000000000000000, 372.26 W, 95 %
2026/09/30 14:06:15.150, 2910 MHz, 13801 MHz, 0x0000000000000000, 375.73 W, 95 %
2026/09/30 14:06:15.654, 2880 MHz, 13801 MHz, 0x0000000000000000, 369.84 W, 95 %
2026/09/30 14:06:16.160, 2910 MHz, 13801 MHz, 0x0000000000000000, 368.09 W, 93 %
2026/09/30 14:06:16.665, 2910 MHz, 13801 MHz, 0x0000000000000000, 373.59 W, 95 %
2026/09/30 14:06:17.172, 2910 MHz, 13801 MHz, 0x0000000000000000, 370.72 W, 55 %
2026/09/30 14:06:17.677, 2910 MHz, 13801 MHz, 0x0000000000000000, 372.28 W, 94 %
2026/09/30 14:06:18.180, 2910 MHz, 13801 MHz, 0x0000000000000000, 375.98 W, 95 %
2026/09/30 14:06:18.687, 2910 MHz, 13801 MHz, 0x0000000000000000, 372.79 W, 50 %
2026/09/30 14:06:19.194, 2910 MHz, 13801 MHz, 0x0000000000000000, 372.68 W, 95 %
2026/09/30 14:06:19.697, 2910 MHz, 13801 MHz, 0x0000000000000000, 374.31 W, 95 %
2026/09/30 14:06:20.203, 2910 MHz, 13801 MHz, 0x0000000000000000, 376.22 W, 95 %
2026/09/30 14:06:20.707, 2880 MHz, 13801 MHz, 0x0000000000000000, 365.30 W, 95 %
2026/09/30 14:06:21.213, 2910 MHz, 13801 MHz, 0x0000000000000000, 365.77 W, 94 %
2026/09/30 14:06:21.719, 2910 MHz, 13801 MHz, 0x0000000000000000, 375.88 W, 94 %
2026/09/30 14:06:22.229, 2880 MHz, 13801 MHz, 0x0000000000000000, 373.23 W, 95 %
2026/09/30 14:06:22.734, 2910 MHz, 13801 MHz, 0x0000000000000000, 373.98 W, 95 %
2026/09/30 14:06:23.237, 2910 MHz, 13801 MHz, 0x0000000000000000, 376.64 W, 95 %
2026/09/30 14:06:23.742, 2910 MHz, 13801 MHz, 0x0000000000000000, 370.24 W, 42 %
2026/09/30 14:06:24.246, 2910 MHz, 13801 MHz, 0x0000000000000000, 367.80 W, 95 %
2026/09/30 14:06:24.752, 2910 MHz, 13801 MHz, 0x0000000000000000, 368.00 W, 95 %
2026/09/30 14:06:25.255, 2910 MHz, 13801 MHz, 0x0000000000000000, 376.79 W, 95 %
2026/09/30 14:06:25.762, 2880 MHz, 13801 MHz, 0x0000000000000000, 368.15 W, 95 %
2026/09/30 14:06:26.267, 2910 MHz, 13801 MHz, 0x0000000000000000, 367.91 W, 95 %
2026/09/30 14:06:26.772, 2910 MHz, 13801 MHz, 0x0000000000000000, 377.77 W, 95 %
2026/09/30 14:06:27.277, 2910 MHz, 13801 MHz, 0x0000000000000000, 373.87 W, 67 %
2026/09/30 14:06:27.781, 2902 MHz, 13801 MHz, 0x0000000000000000, 375.17 W, 95 %
2026/09/30 14:06:28.285, 2910 MHz, 13801 MHz, 0x0000000000000000, 375.17 W, 95 %
2026/09/30 14:06:28.794, 2910 MHz, 13801 MHz, 0x0000000000000000, 372.50 W, 74 %
2026/09/30 14:06:29.299, 2887 MHz, 13801 MHz, 0x0000000000000000, 363.36 W, 95 %
2026/09/30 14:06:29.803, 2910 MHz, 13801 MHz, 0x0000000000000000, 364.71 W, 95 %
2026/09/30 14:06:30.304, 2910 MHz, 13801 MHz, 0x0000000000000000, 377.31 W, 95 %
2026/09/30 14:06:30.814, 2910 MHz, 13801 MHz, 0x0000000000000000, 377.33 W, 94 %
2026/09/30 14:06:31.319, 2880 MHz, 13801 MHz, 0x0000000000000000, 370.61 W, 95 %
2026/09/30 14:06:31.823, 2910 MHz, 13801 MHz, 0x0000000000000000, 369.22 W, 95 %
2026/09/30 14:06:32.331, 2910 MHz, 13801 MHz, 0x0000000000000000, 372.85 W, 66 %
2026/09/30 14:06:32.834, 2910 MHz, 13801 MHz, 0x0000000000000000, 362.91 W, 95 %
2026/09/30 14:06:33.338, 2910 MHz, 13801 MHz, 0x0000000000000000, 363.38 W, 94 %
2026/09/30 14:06:33.843, 2887 MHz, 13801 MHz, 0x0000000000000000, 368.15 W, 95 %
2026/09/30 14:06:34.345, 2910 MHz, 13801 MHz, 0x0000000000000000, 368.95 W, 95 %
2026/09/30 14:06:34.848, 2910 MHz, 13801 MHz, 0x0000000000000000, 377.42 W, 95 %
2026/09/30 14:06:35.355, 2910 MHz, 13801 MHz, 0x0000000000000000, 373.63 W, 76 %
2026/09/30 14:06:35.862, 2895 MHz, 13801 MHz, 0x0000000000000000, 369.99 W, 94 %
2026/09/30 14:06:36.367, 2910 MHz, 13801 MHz, 0x0000000000000000, 370.23 W, 94 %
2026/09/30 14:06:36.873, 2910 MHz, 13801 MHz, 0x0000000000000000, 377.08 W, 95 %
2026/09/30 14:06:37.381, 2880 MHz, 13801 MHz, 0x0000000000000000, 372.06 W, 95 %
2026/09/30 14:06:37.884, 2910 MHz, 13801 MHz, 0x0000000000000000, 372.46 W, 95 %
2026/09/30 14:06:38.392, 2910 MHz, 13801 MHz, 0x0000000000000000, 377.94 W, 95 %
2026/09/30 14:06:38.894, 2910 MHz, 13801 MHz, 0x0000000000000000, 374.33 W, 52 %
2026/09/30 14:06:39.398, 2910 MHz, 13801 MHz, 0x0000000000000000, 368.19 W, 94 %
2026/09/30 14:06:39.905, 2910 MHz, 13801 MHz, 0x0000000000000000, 369.39 W, 95 %
2026/09/30 14:06:40.409, 2910 MHz, 13801 MHz, 0x0000000000000000, 377.05 W, 93 %
2026/09/30 14:06:40.918, 2895 MHz, 13801 MHz, 0x0000000000000000, 371.81 W, 95 %
2026/09/30 14:06:41.424, 2895 MHz, 13801 MHz, 0x0000000000000000, 372.10 W, 95 %
2026/09/30 14:06:41.927, 2895 MHz, 13801 MHz, 0x0000000000000000, 377.25 W, 95 %
2026/09/30 14:06:42.428, 2895 MHz, 13801 MHz, 0x0000000000000000, 376.97 W, 94 %
2026/09/30 14:06:42.934, 2895 MHz, 13801 MHz, 0x0000000000000000, 369.21 W, 86 %
2026/09/30 14:06:43.437, 2895 MHz, 13801 MHz, 0x0000000000000000, 369.26 W, 94 %
2026/09/30 14:06:43.938, 2895 MHz, 13801 MHz, 0x0000000000000000, 376.16 W, 94 %
2026/09/30 14:06:44.446, 2895 MHz, 13801 MHz, 0x0000000000000000, 376.29 W, 95 %
2026/09/30 14:06:44.954, 2895 MHz, 13801 MHz, 0x0000000000000000, 370.38 W, 54 %
2026/09/30 14:06:45.460, 2902 MHz, 13801 MHz, 0x0000000000000000, 371.30 W, 95 %
2026/09/30 14:06:45.967, 2895 MHz, 13801 MHz, 0x0000000000000000, 378.86 W, 95 %
2026/09/30 14:06:46.475, 2895 MHz, 13801 MHz, 0x0000000000000000, 374.05 W, 47 %
2026/09/30 14:06:46.980, 2895 MHz, 13801 MHz, 0x0000000000000000, 374.01 W, 95 %
2026/09/30 14:06:47.487, 2895 MHz, 13801 MHz, 0x0000000000000000, 374.45 W, 95 %
2026/09/30 14:06:47.990, 2895 MHz, 13801 MHz, 0x0000000000000000, 378.54 W, 95 %
2026/09/30 14:06:48.496, 2872 MHz, 13801 MHz, 0x0000000000000000, 371.24 W, 92 %
2026/09/30 14:06:49.000, 2895 MHz, 13801 MHz, 0x0000000000000000, 370.39 W, 94 %
2026/09/30 14:06:49.506, 2895 MHz, 13801 MHz, 0x0000000000000000, 377.82 W, 95 %
2026/09/30 14:06:50.014, 2895 MHz, 13801 MHz, 0x0000000000000000, 373.02 W, 55 %
2026/09/30 14:06:50.522, 2887 MHz, 13801 MHz, 0x0000000000000000, 370.79 W, 95 %
2026/09/30 14:06:51.032, 2895 MHz, 13801 MHz, 0x0000000000000000, 371.54 W, 95 %
2026/09/30 14:06:51.538, 2895 MHz, 13801 MHz, 0x0000000000000000, 378.88 W, 95 %
2026/09/30 14:06:52.044, 2895 MHz, 13801 MHz, 0x0000000000000000, 372.10 W, 48 %
2026/09/30 14:06:52.552, 2910 MHz, 13801 MHz, 0x0000000000000000, 370.87 W, 95 %
2026/09/30 14:06:53.058, 2910 MHz, 13801 MHz, 0x0000000000000000, 375.07 W, 95 %
2026/09/30 14:06:53.570, 2910 MHz, 13801 MHz, 0x0000000000000000, 379.06 W, 95 %
2026/09/30 14:06:54.076, 2902 MHz, 13801 MHz, 0x0000000000000000, 374.45 W, 89 %
2026/09/30 14:06:54.580, 2902 MHz, 13801 MHz, 0x0000000000000000, 374.96 W, 95 %
2026/09/30 14:06:55.090, 2895 MHz, 13801 MHz, 0x0000000000000000, 379.63 W, 95 %
2026/09/30 14:06:55.597, 2895 MHz, 13801 MHz, 0x0000000000000000, 373.94 W, 53 %
2026/09/30 14:06:56.103, 2902 MHz, 13801 MHz, 0x0000000000000000, 374.17 W, 95 %
2026/09/30 14:06:56.609, 2895 MHz, 13801 MHz, 0x0000000000000000, 378.07 W, 95 %
2026/09/30 14:06:57.120, 2895 MHz, 13801 MHz, 0x0000000000000000, 378.19 W, 95 %
2026/09/30 14:06:57.628, 2872 MHz, 13801 MHz, 0x0000000000000000, 367.94 W, 94 %
2026/09/30 14:06:58.135, 2910 MHz, 13801 MHz, 0x0000000000000000, 368.55 W, 95 %
2026/09/30 14:06:58.639, 2910 MHz, 13801 MHz, 0x0000000000000000, 378.81 W, 95 %
2026/09/30 14:06:59.147, 2910 MHz, 13801 MHz, 0x0000000000000000, 370.57 W, 47 %
2026/09/30 14:06:59.654, 2895 MHz, 13801 MHz, 0x0000000000000000, 370.50 W, 95 %
2026/09/30 14:07:00.162, 2895 MHz, 13801 MHz, 0x0000000000000000, 375.84 W, 94 %
2026/09/30 14:07:00.668, 2895 MHz, 13801 MHz, 0x0000000000000000, 371.62 W, 37 %
2026/09/30 14:07:01.174, 2910 MHz, 13801 MHz, 0x0000000000000000, 368.89 W, 95 %
2026/09/30 14:07:01.681, 2910 MHz, 13801 MHz, 0x0000000000000000, 369.20 W, 95 %
2026/09/30 14:07:02.187, 2910 MHz, 13801 MHz, 0x0000000000000000, 378.87 W, 95 %
2026/09/30 14:07:02.694, 2880 MHz, 13801 MHz, 0x0000000000000000, 365.03 W, 95 %
2026/09/30 14:07:03.199, 2895 MHz, 13801 MHz, 0x0000000000000000, 364.09 W, 95 %
2026/09/30 14:07:03.704, 2895 MHz, 13801 MHz, 0x0000000000000000, 378.56 W, 92 %
2026/09/30 14:07:04.212, 2895 MHz, 13801 MHz, 0x0000000000000000, 372.35 W, 53 %
2026/09/30 14:07:04.717, 2902 MHz, 13801 MHz, 0x0000000000000000, 373.27 W, 95 %
2026/09/30 14:07:05.221, 2895 MHz, 13801 MHz, 0x0000000000000000, 379.37 W, 95 %
2026/09/30 14:07:05.727, 2895 MHz, 13801 MHz, 0x0000000000000000, 378.91 W, 95 %
2026/09/30 14:07:06.234, 2872 MHz, 13801 MHz, 0x0000000000000000, 373.64 W, 95 %
2026/09/30 14:07:06.738, 2895 MHz, 13801 MHz, 0x0000000000000000, 373.51 W, 95 %
2026/09/30 14:07:07.245, 2895 MHz, 13801 MHz, 0x0000000000000000, 378.99 W, 95 %
2026/09/30 14:07:07.750, 2895 MHz, 13801 MHz, 0x0000000000000000, 375.95 W, 46 %
2026/09/30 14:07:08.252, 2895 MHz, 13801 MHz, 0x0000000000000000, 377.51 W, 95 %
2026/09/30 14:07:08.759, 2895 MHz, 13801 MHz, 0x0000000000000000, 377.46 W, 95 %
2026/09/30 14:07:09.267, 2902 MHz, 13801 MHz, 0x0000000000000000, 376.12 W, 47 %
2026/09/30 14:07:09.770, 2902 MHz, 13801 MHz, 0x0000000000000000, 371.26 W, 94 %
2026/09/30 14:07:10.274, 2895 MHz, 13801 MHz, 0x0000000000000000, 374.15 W, 95 %
2026/09/30 14:07:10.779, 2895 MHz, 13801 MHz, 0x0000000000000000, 378.45 W, 95 %
2026/09/30 14:07:11.283, 2895 MHz, 13801 MHz, 0x0000000000000000, 378.47 W, 89 %
2026/09/30 14:07:11.787, 2880 MHz, 13801 MHz, 0x0000000000000000, 373.39 W, 95 %
2026/09/30 14:07:12.293, 2895 MHz, 13801 MHz, 0x0000000000000000, 372.07 W, 93 %
2026/09/30 14:07:12.799, 2895 MHz, 13801 MHz, 0x0000000000000000, 377.30 W, 95 %
2026/09/30 14:07:13.301, 2895 MHz, 13801 MHz, 0x0000000000000000, 377.91 W, 95 %
2026/09/30 14:07:13.804, 2895 MHz, 13801 MHz, 0x0000000000000000, 377.55 W, 95 %
2026/09/30 14:07:14.309, 2895 MHz, 13801 MHz, 0x0000000000000000, 377.51 W, 94 %
2026/09/30 14:07:14.813, 2880 MHz, 13801 MHz, 0x0000000000000000, 358.99 W, 95 %
2026/09/30 14:07:15.321, 2895 MHz, 13801 MHz, 0x0000000000000000, 360.26 W, 95 %
2026/09/30 14:07:15.825, 2895 MHz, 13801 MHz, 0x0000000000000000, 378.14 W, 94 %
2026/09/30 14:07:16.331, 2895 MHz, 13801 MHz, 0x0000000000000000, 378.24 W, 95 %
2026/09/30 14:07:16.836, 2872 MHz, 13801 MHz, 0x0000000000000000, 371.81 W, 95 %
2026/09/30 14:07:17.344, 2895 MHz, 13801 MHz, 0x0000000000000000, 379.57 W, 95 %
2026/09/30 14:07:17.853, 2880 MHz, 13801 MHz, 0x0000000000000000, 373.02 W, 95 %
2026/09/30 14:07:18.356, 2895 MHz, 13801 MHz, 0x0000000000000000, 372.86 W, 95 %
2026/09/30 14:07:18.863, 2895 MHz, 13801 MHz, 0x0000000000000000, 380.51 W, 95 %
2026/09/30 14:07:19.370, 2872 MHz, 13801 MHz, 0x0000000000000000, 376.97 W, 94 %
2026/09/30 14:07:19.876, 2895 MHz, 13801 MHz, 0x0000000000000000, 376.40 W, 95 %
2026/09/30 14:07:20.381, 2895 MHz, 13801 MHz, 0x0000000000000000, 379.83 W, 95 %
2026/09/30 14:07:20.886, 2880 MHz, 13801 MHz, 0x0000000000000000, 372.83 W, 95 %
2026/09/30 14:07:21.390, 2895 MHz, 13801 MHz, 0x0000000000000000, 373.03 W, 94 %
2026/09/30 14:07:21.894, 2895 MHz, 13801 MHz, 0x0000000000000000, 379.38 W, 95 %
2026/09/30 14:07:22.398, 2895 MHz, 13801 MHz, 0x0000000000000000, 373.49 W, 50 %
2026/09/30 14:07:22.902, 2902 MHz, 13801 MHz, 0x0000000000000000, 372.62 W, 95 %
2026/09/30 14:07:23.407, 2895 MHz, 13801 MHz, 0x0000000000000000, 376.90 W, 95 %
2026/09/30 14:07:23.914, 2895 MHz, 13801 MHz, 0x0000000000000000, 378.93 W, 94 %
2026/09/30 14:07:24.417, 2880 MHz, 13801 MHz, 0x0000000000000000, 368.57 W, 95 %
2026/09/30 14:07:24.922, 2895 MHz, 13801 MHz, 0x0000000000000000, 369.81 W, 95 %
2026/09/30 14:07:25.430, 2895 MHz, 13801 MHz, 0x0000000000000000, 379.60 W, 95 %
2026/09/30 14:07:25.938, 2872 MHz, 13801 MHz, 0x0000000000000000, 375.27 W, 95 %
2026/09/30 14:07:26.445, 2895 MHz, 13801 MHz, 0x0000000000000000, 375.13 W, 94 %
2026/09/30 14:07:26.951, 2895 MHz, 13801 MHz, 0x0000000000000000, 379.90 W, 95 %
2026/09/30 14:07:27.459, 2895 MHz, 13801 MHz, 0x0000000000000000, 380.03 W, 95 %
2026/09/30 14:07:27.965, 2872 MHz, 13801 MHz, 0x0000000000000000, 373.51 W, 95 %
2026/09/30 14:07:28.467, 2895 MHz, 13801 MHz, 0x0000000000000000, 374.60 W, 95 %
2026/09/30 14:07:28.973, 2895 MHz, 13801 MHz, 0x0000000000000000, 381.19 W, 95 %
2026/09/30 14:07:29.482, 2895 MHz, 13801 MHz, 0x0000000000000000, 374.60 W, 83 %
2026/09/30 14:07:29.990, 2895 MHz, 13801 MHz, 0x0000000000000000, 373.87 W, 95 %
2026/09/30 14:07:30.497, 2895 MHz, 13801 MHz, 0x0000000000000000, 379.43 W, 95 %
2026/09/30 14:07:31.006, 2895 MHz, 13801 MHz, 0x0000000000000000, 380.84 W, 95 %
2026/09/30 14:07:31.512, 2872 MHz, 13801 MHz, 0x0000000000000000, 372.95 W, 95 %
2026/09/30 14:07:32.016, 2895 MHz, 13801 MHz, 0x0000000000000000, 373.03 W, 94 %
2026/09/30 14:07:32.520, 2895 MHz, 13801 MHz, 0x0000000000000000, 380.69 W, 95 %
2026/09/30 14:07:33.028, 2902 MHz, 13801 MHz, 0x0000000000000000, 368.71 W, 61 %
2026/09/30 14:07:33.534, 2895 MHz, 13801 MHz, 0x0000000000000000, 370.35 W, 95 %
2026/09/30 14:07:34.040, 2895 MHz, 13801 MHz, 0x0000000000000000, 379.98 W, 95 %
2026/09/30 14:07:34.545, 2895 MHz, 13801 MHz, 0x0000000000000000, 381.94 W, 95 %
2026/09/30 14:07:35.051, 2895 MHz, 13801 MHz, 0x0000000000000000, 373.23 W, 47 %
2026/09/30 14:07:35.553, 2895 MHz, 13801 MHz, 0x0000000000000000, 371.83 W, 95 %
2026/09/30 14:07:36.058, 2902 MHz, 13801 MHz, 0x0000000000000000, 376.63 W, 95 %
2026/09/30 14:07:36.565, 2902 MHz, 13801 MHz, 0x0000000000000000, 381.53 W, 95 %
2026/09/30 14:07:37.069, 2865 MHz, 13801 MHz, 0x0000000000000000, 373.69 W, 95 %
2026/09/30 14:07:37.575, 2895 MHz, 13801 MHz, 0x0000000000000000, 373.71 W, 95 %
2026/09/30 14:07:38.081, 2902 MHz, 13801 MHz, 0x0000000000000000, 380.68 W, 95 %
2026/09/30 14:07:38.587, 2895 MHz, 13801 MHz, 0x0000000000000000, 381.12 W, 95 %
2026/09/30 14:07:39.093, 2872 MHz, 13801 MHz, 0x0000000000000000, 374.98 W, 94 %
2026/09/30 14:07:39.597, 2895 MHz, 13801 MHz, 0x0000000000000000, 374.28 W, 95 %
2026/09/30 14:07:40.102, 2895 MHz, 13801 MHz, 0x0000000000000000, 381.27 W, 95 %
2026/09/30 14:07:40.609, 2887 MHz, 13801 MHz, 0x0000000000000000, 365.06 W, 86 %
2026/09/30 14:07:41.113, 2895 MHz, 13801 MHz, 0x0000000000000000, 365.97 W, 93 %
2026/09/30 14:07:41.619, 2895 MHz, 13801 MHz, 0x0000000000000000, 381.24 W, 95 %
2026/09/30 14:07:42.126, 2895 MHz, 13801 MHz, 0x0000000000000000, 381.17 W, 95 %
2026/09/30 14:07:42.638, 2887 MHz, 13801 MHz, 0x0000000000000000, 340.88 W, 0 %
2026/09/30 14:07:43.152, 2925 MHz, 13801 MHz, 0x0000000000000000, 216.85 W, 0 %
2026/09/30 14:07:43.666, 2925 MHz, 13801 MHz, 0x0000000000000000, 98.54 W, 0 %
2026/09/30 14:07:44.178, 2925 MHz, 13801 MHz, 0x0000000000000000, 97.75 W, 0 %
2026/09/30 14:07:44.688, 1125 MHz, 7001 MHz, 0x0000000000000000, 78.20 W, 0 %
2026/09/30 14:07:45.198, 570 MHz, 7001 MHz, 0x0000000000000000, 50.72 W, 0 %
2026/09/30 14:07:45.708, 457 MHz, 7001 MHz, 0x0000000000000000, 37.00 W, 0 %
2026/09/30 14:07:46.222, 360 MHz, 7001 MHz, 0x0000000000000000, 36.75 W, 0 %
2026/09/30 14:07:46.733, 292 MHz, 7001 MHz, 0x0000000000000000, 36.65 W, 0 %
2026/09/30 14:07:47.244, 232 MHz, 7001 MHz, 0x0000000000000000, 36.75 W, 0 %
2026/09/30 14:07:47.752, 180 MHz, 7001 MHz, 0x0000000000000000, 36.64 W, 0 %
2026/09/30 14:07:48.265, 187 MHz, 7001 MHz, 0x0000000000000000, 36.50 W, 0 %
2026/09/30 14:07:48.777, 180 MHz, 810 MHz, 0x0000000000000000, 36.52 W, 0 %
2026/09/30 14:07:49.292, 187 MHz, 810 MHz, 0x0000000000000000, 30.46 W, 0 %
2026/09/30 14:07:49.805, 180 MHz, 810 MHz, 0x0000000000000000, 23.11 W, 0 %
2026/09/30 14:07:50.317, 180 MHz, 810 MHz, 0x0000000000000000, 20.27 W, 0 %
2026/09/30 14:07:50.832, 180 MHz, 405 MHz, 0x0000000000000000, 18.53 W, 0 %
2026/09/30 14:07:51.342, 180 MHz, 405 MHz, 0x0000000000000000, 16.54 W, 0 %
2026/09/30 14:07:51.856, 187 MHz, 405 MHz, 0x0000000000000000, 15.78 W, 0 %
2026/09/30 14:07:52.366, 187 MHz, 405 MHz, 0x0000000000000000, 15.74 W, 0 %
2026/09/30 14:07:52.877, 195 MHz, 405 MHz, 0x0000000000000000, 15.57 W, 0 %
2026/09/30 14:07:53.390, 187 MHz, 405 MHz, 0x0000000000000000, 15.28 W, 0 %
2026/09/30 14:07:53.903, 187 MHz, 405 MHz, 0x0000000000000000, 15.28 W, 0 %
2026/09/30 14:07:54.413, 187 MHz, 405 MHz, 0x0000000000000000, 15.42 W, 0 %
2026/09/30 14:07:54.922, 240 MHz, 405 MHz, 0x0000000000000000, 15.82 W, 0 %
2026/09/30 14:07:55.431, 195 MHz, 405 MHz, 0x0000000000000000, 16.75 W, 0 %
2026/09/30 14:07:55.942, 180 MHz, 405 MHz, 0x0000000000000000, 17.07 W, 0 %
2026/09/30 14:07:56.451, 180 MHz, 405 MHz, 0x0000000000000000, 16.20 W, 0 %
2026/09/30 14:07:56.964, 180 MHz, 405 MHz, 0x0000000000000000, 15.23 W, 0 %
2026/09/30 14:07:57.473, 180 MHz, 405 MHz, 0x0000000000000000, 15.02 W, 0 %
2026/09/30 14:07:57.983, 180 MHz, 405 MHz, 0x0000000000000000, 15.05 W, 0 %
2026/09/30 14:07:58.496, 180 MHz, 405 MHz, 0x0000000000000000, 15.02 W, 0 %
2026/09/30 14:07:59.008, 180 MHz, 405 MHz, 0x0000000000000000, 14.89 W, 0 %
2026/09/30 14:07:59.521, 180 MHz, 405 MHz, 0x0000000000000000, 14.84 W, 0 %
2026/09/30 14:08:00.034, 180 MHz, 405 MHz, 0x0000000000000000, 14.75 W, 0 %
2026/09/30 14:08:00.544, 180 MHz, 405 MHz, 0x0000000000000000, 14.79 W, 0 %
2026/09/30 14:08:01.056, 187 MHz, 405 MHz, 0x0000000000000000, 14.90 W, 0 %
2026/09/30 14:08:01.564, 187 MHz, 405 MHz, 0x0000000000000000, 14.87 W, 0 %
2026/09/30 14:08:02.077, 187 MHz, 405 MHz, 0x0000000000000000, 14.55 W, 0 %
2026/09/30 14:08:02.586, 187 MHz, 405 MHz, 0x0000000000000000, 14.17 W, 0 %
2026/09/30 14:08:03.095, 187 MHz, 405 MHz, 0x0000000000000000, 13.98 W, 0 %
2026/09/30 14:08:03.608, 187 MHz, 405 MHz, 0x0000000000000000, 14.24 W, 0 %
2026/09/30 14:08:04.120, 187 MHz, 405 MHz, 0x0000000000000000, 14.26 W, 0 %
2026/09/30 14:08:04.634, 187 MHz, 405 MHz, 0x0000000000000000, 14.07 W, 0 %
2026/09/30 14:08:05.147, 180 MHz, 405 MHz, 0x0000000000000000, 14.08 W, 0 %
2026/09/30 14:08:05.655, 180 MHz, 405 MHz, 0x0000000000000000, 14.03 W, 0 %
2026/09/30 14:08:06.170, 180 MHz, 405 MHz, 0x0000000000000000, 13.98 W, 0 %
2026/09/30 14:08:06.680, 180 MHz, 405 MHz, 0x0000000000000000, 13.94 W, 0 %
2026/09/30 14:08:07.180, 180 MHz, 405 MHz, 0x0000000000000000, 13.85 W, 0 %
2026/09/30 14:08:07.686, 180 MHz, 405 MHz, 0x0000000000000000, 13.94 W, 0 %
2026/09/30 14:08:08.198, 180 MHz, 405 MHz, 0x0000000000000000, 13.81 W, 0 %
2026/09/30 14:08:08.701, 180 MHz, 405 MHz, 0x0000000000000000, 13.68 W, 0 %
2026/09/30 14:08:09.209, 180 MHz, 405 MHz, 0x0000000000000000, 13.72 W, 0 %
2026/09/30 14:08:09.722, 187 MHz, 405 MHz, 0x0000000000000000, 13.69 W, 0 %
2026/09/30 14:08:10.234, 187 MHz, 405 MHz, 0x0000000000000000, 13.52 W, 0 %
2026/09/30 14:08:10.745, 187 MHz, 405 MHz, 0x0000000000000000, 13.55 W, 0 %
2026/09/30 14:08:11.258, 187 MHz, 405 MHz, 0x0000000000000000, 13.59 W, 0 %
2026/09/30 14:08:11.773, 187 MHz, 405 MHz, 0x0000000000000000, 13.49 W, 0 %
2026/09/30 14:08:12.286, 187 MHz, 405 MHz, 0x0000000000000000, 13.61 W, 0 %
2026/09/30 14:08:12.799, 187 MHz, 405 MHz, 0x0000000000000000, 13.53 W, 0 %
2026/09/30 14:08:13.311, 187 MHz, 405 MHz, 0x0000000000000000, 13.42 W, 0 %
2026/09/30 14:08:13.825, 187 MHz, 405 MHz, 0x0000000000000000, 13.40 W, 0 %
2026/09/30 14:08:14.335, 180 MHz, 405 MHz, 0x0000000000000000, 13.31 W, 0 %
2026/09/30 14:08:14.849, 180 MHz, 405 MHz, 0x0000000000000000, 13.22 W, 0 %
2026/09/30 14:08:15.360, 180 MHz, 405 MHz, 0x0000000000000000, 13.09 W, 0 %
2026/09/30 14:08:15.872, 180 MHz, 405 MHz, 0x0000000000000000, 13.05 W, 0 %
2026/09/30 14:08:16.384, 180 MHz, 13801 MHz, 0x0000000000000000, 27.27 W, 100 %
2026/09/30 14:08:16.890, 2895 MHz, 13801 MHz, 0x0000000000000000, 207.71 W, 95 %
2026/09/30 14:08:17.396, 2910 MHz, 13801 MHz, 0x0000000000000000, 349.97 W, 95 %
2026/09/30 14:08:17.898, 2910 MHz, 13801 MHz, 0x0000000000000000, 367.60 W, 95 %
2026/09/30 14:08:18.405, 2887 MHz, 13801 MHz, 0x0000000000000000, 362.16 W, 95 %
2026/09/30 14:08:18.911, 2910 MHz, 13801 MHz, 0x0000000000000000, 363.29 W, 95 %
2026/09/30 14:08:19.419, 2910 MHz, 13801 MHz, 0x0000000000000000, 368.39 W, 94 %
2026/09/30 14:08:19.925, 2910 MHz, 13801 MHz, 0x0000000000000000, 366.98 W, 61 %
2026/09/30 14:08:20.430, 2910 MHz, 13801 MHz, 0x0000000000000000, 365.05 W, 95 %
2026/09/30 14:08:20.938, 2910 MHz, 13801 MHz, 0x0000000000000000, 365.05 W, 94 %
2026/09/30 14:08:21.445, 2910 MHz, 13801 MHz, 0x0000000000000000, 367.18 W, 66 %
2026/09/30 14:08:21.949, 2910 MHz, 13801 MHz, 0x0000000000000000, 366.02 W, 95 %
2026/09/30 14:08:22.453, 2910 MHz, 13801 MHz, 0x0000000000000000, 366.83 W, 95 %
2026/09/30 14:08:22.958, 2910 MHz, 13801 MHz, 0x0000000000000000, 370.35 W, 95 %
2026/09/30 14:08:23.465, 2910 MHz, 13801 MHz, 0x0000000000000000, 369.32 W, 86 %
2026/09/30 14:08:23.970, 2910 MHz, 13801 MHz, 0x0000000000000000, 369.96 W, 95 %
2026/09/30 14:08:24.473, 2910 MHz, 13801 MHz, 0x0000000000000000, 370.45 W, 94 %
2026/09/30 14:08:24.982, 2910 MHz, 13801 MHz, 0x0000000000000000, 367.38 W, 67 %
2026/09/30 14:08:25.487, 2902 MHz, 13801 MHz, 0x0000000000000000, 367.03 W, 95 %
2026/09/30 14:08:25.994, 2910 MHz, 13801 MHz, 0x0000000000000000, 367.95 W, 94 %
2026/09/30 14:08:26.506, 2910 MHz, 13801 MHz, 0x0000000000000000, 372.04 W, 95 %
2026/09/30 14:08:27.012, 2887 MHz, 13801 MHz, 0x0000000000000000, 367.17 W, 95 %
2026/09/30 14:08:27.519, 2910 MHz, 13801 MHz, 0x0000000000000000, 367.18 W, 95 %
2026/09/30 14:08:28.024, 2910 MHz, 13801 MHz, 0x0000000000000000, 372.53 W, 95 %
2026/09/30 14:08:28.532, 2902 MHz, 13801 MHz, 0x0000000000000000, 367.37 W, 95 %
2026/09/30 14:08:29.042, 2910 MHz, 13801 MHz, 0x0000000000000000, 367.15 W, 95 %
2026/09/30 14:08:29.549, 2910 MHz, 13801 MHz, 0x0000000000000000, 372.84 W, 95 %
2026/09/30 14:08:30.055, 2902 MHz, 13801 MHz, 0x0000000000000000, 367.66 W, 88 %
2026/09/30 14:08:30.559, 2910 MHz, 13801 MHz, 0x0000000000000000, 368.03 W, 95 %
2026/09/30 14:08:31.065, 2910 MHz, 13801 MHz, 0x0000000000000000, 372.75 W, 95 %
2026/09/30 14:08:31.572, 2910 MHz, 13801 MHz, 0x0000000000000000, 372.26 W, 95 %
2026/09/30 14:08:32.080, 2880 MHz, 13801 MHz, 0x0000000000000000, 360.65 W, 95 %
2026/09/30 14:08:32.588, 2910 MHz, 13801 MHz, 0x0000000000000000, 360.07 W, 95 %
2026/09/30 14:08:33.093, 2910 MHz, 13801 MHz, 0x0000000000000000, 372.88 W, 94 %
2026/09/30 14:08:33.598, 2880 MHz, 13801 MHz, 0x0000000000000000, 367.01 W, 51 %
2026/09/30 14:08:34.102, 2910 MHz, 13801 MHz, 0x0000000000000000, 366.87 W, 95 %
2026/09/30 14:08:34.606, 2910 MHz, 13801 MHz, 0x0000000000000000, 372.46 W, 95 %
2026/09/30 14:08:35.114, 2902 MHz, 13801 MHz, 0x0000000000000000, 373.39 W, 95 %
2026/09/30 14:08:35.622, 2910 MHz, 13801 MHz, 0x0000000000000000, 364.36 W, 95 %
2026/09/30 14:08:36.127, 2910 MHz, 13801 MHz, 0x0000000000000000, 364.27 W, 95 %
2026/09/30 14:08:36.633, 2910 MHz, 13801 MHz, 0x0000000000000000, 372.76 W, 95 %
2026/09/30 14:08:37.138, 2880 MHz, 13801 MHz, 0x0000000000000000, 366.21 W, 61 %
2026/09/30 14:08:37.645, 2910 MHz, 13801 MHz, 0x0000000000000000, 367.05 W, 95 %
2026/09/30 14:08:38.149, 2910 MHz, 13801 MHz, 0x0000000000000000, 372.91 W, 95 %
2026/09/30 14:08:38.655, 2895 MHz, 13801 MHz, 0x0000000000000000, 371.02 W, 78 %
2026/09/30 14:08:39.161, 2910 MHz, 13801 MHz, 0x0000000000000000, 364.33 W, 94 %
2026/09/30 14:08:39.666, 2910 MHz, 13801 MHz, 0x0000000000000000, 365.07 W, 95 %
2026/09/30 14:08:40.169, 2910 MHz, 13801 MHz, 0x0000000000000000, 373.70 W, 95 %
2026/09/30 14:08:40.675, 2895 MHz, 13801 MHz, 0x0000000000000000, 368.68 W, 63 %
2026/09/30 14:08:41.178, 2910 MHz, 13801 MHz, 0x0000000000000000, 364.49 W, 95 %
2026/09/30 14:08:41.685, 2910 MHz, 13801 MHz, 0x0000000000000000, 365.00 W, 95 %
2026/09/30 14:08:42.193, 2910 MHz, 13801 MHz, 0x0000000000000000, 374.54 W, 95 %
2026/09/30 14:08:42.700, 2910 MHz, 13801 MHz, 0x0000000000000000, 374.84 W, 95 %
2026/09/30 14:08:43.204, 2910 MHz, 13801 MHz, 0x0000000000000000, 366.77 W, 95 %
2026/09/30 14:08:43.710, 2910 MHz, 13801 MHz, 0x0000000000000000, 365.84 W, 95 %
2026/09/30 14:08:44.214, 2910 MHz, 13801 MHz, 0x0000000000000000, 374.94 W, 95 %
2026/09/30 14:08:44.718, 2910 MHz, 13801 MHz, 0x0000000000000000, 359.98 W, 95 %
2026/09/30 14:08:45.222, 2910 MHz, 13801 MHz, 0x0000000000000000, 360.28 W, 95 %
2026/09/30 14:08:45.728, 2910 MHz, 13801 MHz, 0x0000000000000000, 375.13 W, 94 %
2026/09/30 14:08:46.234, 2887 MHz, 13801 MHz, 0x0000000000000000, 365.26 W, 41 %
2026/09/30 14:08:46.739, 2910 MHz, 13801 MHz, 0x0000000000000000, 363.70 W, 95 %
2026/09/30 14:08:47.240, 2910 MHz, 13801 MHz, 0x0000000000000000, 374.58 W, 95 %
2026/09/30 14:08:47.748, 2910 MHz, 13801 MHz, 0x0000000000000000, 375.16 W, 95 %
2026/09/30 14:08:48.251, 2910 MHz, 13801 MHz, 0x0000000000000000, 371.60 W, 94 %
2026/09/30 14:08:48.754, 2910 MHz, 13801 MHz, 0x0000000000000000, 372.85 W, 95 %
2026/09/30 14:08:49.263, 2910 MHz, 13801 MHz, 0x0000000000000000, 377.51 W, 95 %
2026/09/30 14:08:49.768, 2910 MHz, 13801 MHz, 0x0000000000000000, 373.80 W, 94 %
2026/09/30 14:08:50.270, 2910 MHz, 13801 MHz, 0x0000000000000000, 373.69 W, 94 %
2026/09/30 14:08:50.771, 2910 MHz, 13801 MHz, 0x0000000000000000, 376.29 W, 95 %
2026/09/30 14:08:51.274, 2880 MHz, 13801 MHz, 0x0000000000000000, 370.79 W, 58 %
2026/09/30 14:08:51.782, 2910 MHz, 13801 MHz, 0x0000000000000000, 371.33 W, 95 %
2026/09/30 14:08:52.285, 2910 MHz, 13801 MHz, 0x0000000000000000, 375.32 W, 95 %
2026/09/30 14:08:52.789, 2902 MHz, 13801 MHz, 0x0000000000000000, 376.63 W, 95 %
2026/09/30 14:08:53.290, 2910 MHz, 13801 MHz, 0x0000000000000000, 371.78 W, 95 %
2026/09/30 14:08:53.795, 2910 MHz, 13801 MHz, 0x0000000000000000, 373.51 W, 95 %
2026/09/30 14:08:54.302, 2910 MHz, 13801 MHz, 0x0000000000000000, 378.58 W, 95 %
2026/09/30 14:08:54.807, 2910 MHz, 13801 MHz, 0x0000000000000000, 374.85 W, 95 %
2026/09/30 14:08:55.313, 2910 MHz, 13801 MHz, 0x0000000000000000, 374.71 W, 95 %
2026/09/30 14:08:55.818, 2910 MHz, 13801 MHz, 0x0000000000000000, 378.12 W, 95 %
2026/09/30 14:08:56.320, 2887 MHz, 13801 MHz, 0x0000000000000000, 368.18 W, 63 %
2026/09/30 14:08:56.828, 2910 MHz, 13801 MHz, 0x0000000000000000, 368.73 W, 95 %
2026/09/30 14:08:57.335, 2910 MHz, 13801 MHz, 0x0000000000000000, 374.87 W, 95 %
2026/09/30 14:08:57.842, 2895 MHz, 13801 MHz, 0x0000000000000000, 370.76 W, 95 %
2026/09/30 14:08:58.352, 2910 MHz, 13801 MHz, 0x0000000000000000, 370.22 W, 94 %
2026/09/30 14:08:58.856, 2910 MHz, 13801 MHz, 0x0000000000000000, 379.06 W, 95 %
2026/09/30 14:08:59.362, 2902 MHz, 13801 MHz, 0x0000000000000000, 368.12 W, 95 %
2026/09/30 14:08:59.867, 2895 MHz, 13801 MHz, 0x0000000000000000, 367.96 W, 95 %
2026/09/30 14:09:00.371, 2895 MHz, 13801 MHz, 0x0000000000000000, 377.85 W, 94 %
2026/09/30 14:09:00.877, 2872 MHz, 13801 MHz, 0x0000000000000000, 374.93 W, 61 %
2026/09/30 14:09:01.382, 2910 MHz, 13801 MHz, 0x0000000000000000, 375.71 W, 95 %
2026/09/30 14:09:01.888, 2910 MHz, 13801 MHz, 0x0000000000000000, 380.14 W, 95 %
2026/09/30 14:09:02.396, 2910 MHz, 13801 MHz, 0x0000000000000000, 380.08 W, 95 %
2026/09/30 14:09:02.901, 2895 MHz, 13801 MHz, 0x0000000000000000, 376.88 W, 95 %
2026/09/30 14:09:03.406, 2895 MHz, 13801 MHz, 0x0000000000000000, 376.54 W, 95 %
2026/09/30 14:09:03.913, 2895 MHz, 13801 MHz, 0x0000000000000000, 379.65 W, 95 %
2026/09/30 14:09:04.422, 2902 MHz, 13801 MHz, 0x0000000000000000, 373.56 W, 95 %
2026/09/30 14:09:04.934, 2910 MHz, 13801 MHz, 0x0000000000000000, 374.75 W, 95 %
2026/09/30 14:09:05.441, 2910 MHz, 13801 MHz, 0x0000000000000000, 380.68 W, 95 %
2026/09/30 14:09:05.949, 2910 MHz, 13801 MHz, 0x0000000000000000, 380.50 W, 95 %
2026/09/30 14:09:06.456, 2895 MHz, 13801 MHz, 0x0000000000000000, 372.06 W, 95 %
2026/09/30 14:09:06.967, 2895 MHz, 13801 MHz, 0x0000000000000000, 371.60 W, 95 %
2026/09/30 14:09:07.473, 2895 MHz, 13801 MHz, 0x0000000000000000, 379.50 W, 95 %
2026/09/30 14:09:07.986, 2910 MHz, 13801 MHz, 0x0000000000000000, 367.55 W, 95 %
2026/09/30 14:09:08.493, 2910 MHz, 13801 MHz, 0x0000000000000000, 367.65 W, 95 %
2026/09/30 14:09:09.001, 2910 MHz, 13801 MHz, 0x0000000000000000, 379.87 W, 95 %
2026/09/30 14:09:09.508, 2887 MHz, 13801 MHz, 0x0000000000000000, 367.98 W, 49 %
2026/09/30 14:09:10.013, 2910 MHz, 13801 MHz, 0x0000000000000000, 368.38 W, 94 %
2026/09/30 14:09:10.518, 2910 MHz, 13801 MHz, 0x0000000000000000, 373.69 W, 95 %
2026/09/30 14:09:11.023, 2910 MHz, 13801 MHz, 0x0000000000000000, 380.22 W, 95 %
2026/09/30 14:09:11.526, 2910 MHz, 13801 MHz, 0x0000000000000000, 368.83 W, 94 %
2026/09/30 14:09:12.029, 2910 MHz, 13801 MHz, 0x0000000000000000, 361.10 W, 92 %
2026/09/30 14:09:12.536, 2910 MHz, 13801 MHz, 0x0000000000000000, 372.91 W, 95 %
2026/09/30 14:09:13.044, 2880 MHz, 13801 MHz, 0x0000000000000000, 369.81 W, 45 %
2026/09/30 14:09:13.549, 2910 MHz, 13801 MHz, 0x0000000000000000, 370.17 W, 95 %
2026/09/30 14:09:14.054, 2910 MHz, 13801 MHz, 0x0000000000000000, 374.19 W, 95 %
2026/09/30 14:09:14.560, 2910 MHz, 13801 MHz, 0x0000000000000000, 379.23 W, 95 %
2026/09/30 14:09:15.065, 2895 MHz, 13801 MHz, 0x0000000000000000, 367.23 W, 95 %
2026/09/30 14:09:15.568, 2895 MHz, 13801 MHz, 0x0000000000000000, 367.53 W, 94 %
2026/09/30 14:09:16.074, 2895 MHz, 13801 MHz, 0x0000000000000000, 379.96 W, 95 %
2026/09/30 14:09:16.584, 2887 MHz, 13801 MHz, 0x0000000000000000, 377.84 W, 83 %
2026/09/30 14:09:17.088, 2895 MHz, 13801 MHz, 0x0000000000000000, 367.97 W, 95 %
2026/09/30 14:09:17.591, 2895 MHz, 13801 MHz, 0x0000000000000000, 369.71 W, 94 %
2026/09/30 14:09:18.097, 2895 MHz, 13801 MHz, 0x0000000000000000, 379.60 W, 94 %
2026/09/30 14:09:18.606, 2925 MHz, 13801 MHz, 0x0000000000000000, 291.20 W, 0 %
2026/09/30 14:09:19.114, 2925 MHz, 13801 MHz, 0x0000000000000000, 142.17 W, 0 %
2026/09/30 14:09:19.620, 2925 MHz, 13801 MHz, 0x0000000000000000, 98.91 W, 0 %
2026/09/30 14:09:20.135, 1567 MHz, 13801 MHz, 0x0000000000000000, 93.79 W, 0 %
2026/09/30 14:09:20.646, 592 MHz, 7001 MHz, 0x0000000000000000, 66.96 W, 0 %
2026/09/30 14:09:21.157, 472 MHz, 7001 MHz, 0x0000000000000000, 42.12 W, 0 %
2026/09/30 14:09:21.670, 367 MHz, 7001 MHz, 0x0000000000000000, 36.97 W, 0 %
2026/09/30 14:09:22.182, 300 MHz, 7001 MHz, 0x0000000000000000, 36.80 W, 0 %
2026/09/30 14:09:22.693, 232 MHz, 7001 MHz, 0x0000000000000000, 36.69 W, 0 %
2026/09/30 14:09:23.205, 187 MHz, 7001 MHz, 0x0000000000000000, 36.58 W, 0 %
2026/09/30 14:09:23.713, 187 MHz, 810 MHz, 0x0000000000000000, 34.96 W, 0 %
2026/09/30 14:09:24.223, 180 MHz, 810 MHz, 0x0000000000000000, 26.65 W, 0 %
2026/09/30 14:09:24.732, 202 MHz, 810 MHz, 0x0000000000000000, 20.54 W, 0 %
2026/09/30 14:09:25.244, 187 MHz, 810 MHz, 0x0000000000000000, 19.53 W, 0 %
2026/09/30 14:09:25.756, 187 MHz, 405 MHz, 0x0000000000000000, 17.14 W, 0 %
2026/09/30 14:09:26.268, 195 MHz, 405 MHz, 0x0000000000000000, 16.19 W, 0 %
2026/09/30 14:09:26.778, 187 MHz, 405 MHz, 0x0000000000000000, 15.79 W, 0 %
2026/09/30 14:09:27.291, 187 MHz, 405 MHz, 0x0000000000000000, 15.85 W, 0 %
2026/09/30 14:09:27.792, 187 MHz, 405 MHz, 0x0000000000000000, 15.70 W, 0 %
2026/09/30 14:09:28.303, 187 MHz, 405 MHz, 0x0000000000000000, 15.64 W, 0 %
2026/09/30 14:09:28.814, 180 MHz, 405 MHz, 0x0000000000000000, 15.75 W, 0 %
2026/09/30 14:09:29.325, 180 MHz, 405 MHz, 0x0000000000000000, 15.52 W, 0 %
2026/09/30 14:09:29.839, 180 MHz, 405 MHz, 0x0000000000000000, 15.23 W, 0 %
2026/09/30 14:09:30.353, 180 MHz, 405 MHz, 0x0000000000000000, 15.42 W, 0 %
2026/09/30 14:09:30.867, 180 MHz, 405 MHz, 0x0000000000000000, 15.34 W, 0 %
2026/09/30 14:09:31.369, 180 MHz, 405 MHz, 0x0000000000000000, 15.41 W, 0 %
2026/09/30 14:09:31.879, 180 MHz, 405 MHz, 0x0000000000000000, 15.33 W, 0 %
2026/09/30 14:09:32.389, 180 MHz, 405 MHz, 0x0000000000000000, 15.51 W, 0 %
2026/09/30 14:09:32.900, 180 MHz, 405 MHz, 0x0000000000000000, 15.24 W, 0 %
2026/09/30 14:09:33.411, 187 MHz, 405 MHz, 0x0000000000000000, 14.98 W, 0 %
2026/09/30 14:09:33.919, 187 MHz, 405 MHz, 0x0000000000000000, 15.13 W, 0 %
2026/09/30 14:09:34.428, 187 MHz, 405 MHz, 0x0000000000000000, 15.20 W, 0 %
2026/09/30 14:09:34.938, 187 MHz, 405 MHz, 0x0000000000000000, 14.94 W, 0 %
2026/09/30 14:09:35.448, 187 MHz, 405 MHz, 0x0000000000000000, 14.75 W, 0 %
2026/09/30 14:09:35.961, 187 MHz, 405 MHz, 0x0000000000000000, 14.73 W, 0 %
2026/09/30 14:09:36.476, 187 MHz, 405 MHz, 0x0000000000000000, 14.94 W, 0 %
2026/09/30 14:09:36.988, 187 MHz, 405 MHz, 0x0000000000000000, 14.89 W, 0 %
2026/09/30 14:09:37.494, 180 MHz, 405 MHz, 0x0000000000000000, 14.69 W, 0 %
2026/09/30 14:09:38.007, 180 MHz, 405 MHz, 0x0000000000000000, 14.58 W, 0 %
2026/09/30 14:09:38.519, 180 MHz, 405 MHz, 0x0000000000000000, 14.40 W, 0 %
2026/09/30 14:09:39.034, 180 MHz, 405 MHz, 0x0000000000000000, 14.39 W, 0 %
2026/09/30 14:09:39.545, 180 MHz, 405 MHz, 0x0000000000000000, 14.34 W, 0 %
2026/09/30 14:09:40.055, 187 MHz, 405 MHz, 0x0000000000000000, 14.35 W, 0 %
2026/09/30 14:09:40.563, 180 MHz, 405 MHz, 0x0000000000000000, 14.53 W, 0 %
2026/09/30 14:09:41.075, 180 MHz, 405 MHz, 0x0000000000000000, 14.45 W, 0 %
2026/09/30 14:09:41.583, 180 MHz, 405 MHz, 0x0000000000000000, 14.50 W, 0 %
2026/09/30 14:09:42.092, 180 MHz, 405 MHz, 0x0000000000000000, 14.40 W, 0 %
2026/09/30 14:09:42.603, 187 MHz, 405 MHz, 0x0000000000000000, 14.15 W, 0 %
2026/09/30 14:09:43.118, 187 MHz, 405 MHz, 0x0000000000000000, 13.88 W, 0 %
2026/09/30 14:09:43.628, 187 MHz, 405 MHz, 0x0000000000000000, 14.03 W, 0 %
2026/09/30 14:09:44.139, 187 MHz, 405 MHz, 0x0000000000000000, 14.14 W, 0 %
2026/09/30 14:09:44.652, 187 MHz, 405 MHz, 0x0000000000000000, 13.77 W, 0 %
2026/09/30 14:09:45.163, 195 MHz, 405 MHz, 0x0000000000000000, 13.58 W, 0 %
2026/09/30 14:09:45.671, 187 MHz, 405 MHz, 0x0000000000000000, 13.54 W, 0 %
2026/09/30 14:09:46.184, 187 MHz, 405 MHz, 0x0000000000000000, 13.57 W, 0 %
2026/09/30 14:09:46.697, 180 MHz, 405 MHz, 0x0000000000000000, 13.70 W, 0 %
2026/09/30 14:09:47.206, 180 MHz, 405 MHz, 0x0000000000000000, 13.80 W, 0 %
2026/09/30 14:09:47.714, 180 MHz, 405 MHz, 0x0000000000000000, 13.88 W, 0 %
2026/09/30 14:09:48.224, 172 MHz, 405 MHz, 0x0000000000000000, 13.60 W, 0 %
2026/09/30 14:09:48.735, 180 MHz, 405 MHz, 0x0000000000000000, 13.48 W, 0 %
2026/09/30 14:09:49.245, 180 MHz, 405 MHz, 0x0000000000000000, 13.41 W, 0 %
2026/09/30 14:09:49.757, 180 MHz, 405 MHz, 0x0000000000000000, 13.37 W, 0 %
2026/09/30 14:09:50.265, 180 MHz, 405 MHz, 0x0000000000000000, 13.35 W, 0 %
2026/09/30 14:09:50.765, 180 MHz, 405 MHz, 0x0000000000000000, 13.27 W, 0 %
2026/09/30 14:09:51.276, 187 MHz, 405 MHz, 0x0000000000000000, 13.04 W, 0 %
2026/09/30 14:09:51.785, 187 MHz, 405 MHz, 0x0000000000000000, 12.93 W, 0 %
2026/09/30 14:09:52.299, 187 MHz, 405 MHz, 0x0000000000000000, 12.95 W, 0 %
2026/09/30 14:09:52.811, 187 MHz, 405 MHz, 0x0000000000000000, 12.94 W, 0 %
2026/09/30 14:09:53.321, 202 MHz, 405 MHz, 0x0000000000000000, 13.15 W, 0 %
2026/09/30 14:09:53.829, 187 MHz, 405 MHz, 0x0000000000000000, 13.22 W, 0 %
2026/09/30 14:09:54.339, 187 MHz, 405 MHz, 0x0000000000000000, 12.92 W, 0 %
2026/09/30 14:09:54.846, 187 MHz, 405 MHz, 0x0000000000000000, 12.94 W, 0 %
2026/09/30 14:09:55.356, 187 MHz, 405 MHz, 0x0000000000000000, 13.00 W, 0 %
2026/09/30 14:09:55.860, 180 MHz, 405 MHz, 0x0000000000000000, 12.86 W, 0 %
2026/09/30 14:09:56.365, 2925 MHz, 13801 MHz, 0x0000000000000000, 78.57 W, 94 %
2026/09/30 14:09:56.869, 2910 MHz, 13801 MHz, 0x0000000000000000, 231.60 W, 91 %
2026/09/30 14:09:57.374, 2910 MHz, 13801 MHz, 0x0000000000000000, 354.43 W, 95 %
2026/09/30 14:09:57.876, 2910 MHz, 13801 MHz, 0x0000000000000000, 361.37 W, 95 %
2026/09/30 14:09:58.381, 2910 MHz, 13801 MHz, 0x0000000000000000, 361.77 W, 83 %
2026/09/30 14:09:58.886, 2910 MHz, 13801 MHz, 0x0000000000000000, 364.52 W, 95 %
2026/09/30 14:09:59.392, 2910 MHz, 13801 MHz, 0x0000000000000000, 362.55 W, 95 %
2026/09/30 14:09:59.897, 2910 MHz, 13801 MHz, 0x0000000000000000, 362.37 W, 95 %
2026/09/30 14:10:00.400, 2910 MHz, 13801 MHz, 0x0000000000000000, 362.01 W, 95 %
2026/09/30 14:10:00.905, 2910 MHz, 13801 MHz, 0x0000000000000000, 362.96 W, 95 %
2026/09/30 14:10:01.410, 2910 MHz, 13801 MHz, 0x0000000000000000, 365.68 W, 95 %
2026/09/30 14:10:01.912, 2910 MHz, 13801 MHz, 0x0000000000000000, 366.33 W, 95 %
2026/09/30 14:10:02.421, 2910 MHz, 13801 MHz, 0x0000000000000000, 364.99 W, 95 %
2026/09/30 14:10:02.925, 2910 MHz, 13801 MHz, 0x0000000000000000, 364.73 W, 95 %
2026/09/30 14:10:03.428, 2910 MHz, 13801 MHz, 0x0000000000000000, 364.33 W, 81 %
2026/09/30 14:10:03.933, 2910 MHz, 13801 MHz, 0x0000000000000000, 366.57 W, 95 %
2026/09/30 14:10:04.437, 2910 MHz, 13801 MHz, 0x0000000000000000, 366.20 W, 95 %
2026/09/30 14:10:04.942, 2910 MHz, 13801 MHz, 0x0000000000000000, 364.02 W, 84 %
2026/09/30 14:10:05.448, 2910 MHz, 13801 MHz, 0x0000000000000000, 366.99 W, 94 %
2026/09/30 14:10:05.955, 2910 MHz, 13801 MHz, 0x0000000000000000, 367.00 W, 85 %
2026/09/30 14:10:06.461, 2910 MHz, 13801 MHz, 0x0000000000000000, 365.59 W, 95 %
2026/09/30 14:10:06.969, 2910 MHz, 13801 MHz, 0x0000000000000000, 365.88 W, 95 %
2026/09/30 14:10:07.476, 2910 MHz, 13801 MHz, 0x0000000000000000, 366.73 W, 95 %
2026/09/30 14:10:07.982, 2910 MHz, 13801 MHz, 0x0000000000000000, 364.90 W, 95 %
2026/09/30 14:10:08.489, 2910 MHz, 13801 MHz, 0x0000000000000000, 366.94 W, 95 %
2026/09/30 14:10:08.996, 2910 MHz, 13801 MHz, 0x0000000000000000, 366.42 W, 94 %
2026/09/30 14:10:09.502, 2910 MHz, 13801 MHz, 0x0000000000000000, 365.41 W, 87 %
2026/09/30 14:10:10.009, 2910 MHz, 13801 MHz, 0x0000000000000000, 366.95 W, 94 %
2026/09/30 14:10:10.516, 2910 MHz, 13801 MHz, 0x0000000000000000, 367.93 W, 95 %
2026/09/30 14:10:11.022, 2910 MHz, 13801 MHz, 0x0000000000000000, 365.38 W, 95 %
2026/09/30 14:10:11.529, 2910 MHz, 13801 MHz, 0x0000000000000000, 366.37 W, 95 %
2026/09/30 14:10:12.032, 2910 MHz, 13801 MHz, 0x0000000000000000, 364.69 W, 91 %
2026/09/30 14:10:12.542, 2910 MHz, 13801 MHz, 0x0000000000000000, 358.93 W, 95 %
2026/09/30 14:10:13.050, 2910 MHz, 13801 MHz, 0x0000000000000000, 366.79 W, 95 %
2026/09/30 14:10:13.559, 2910 MHz, 13801 MHz, 0x0000000000000000, 368.17 W, 95 %
2026/09/30 14:10:14.067, 2910 MHz, 13801 MHz, 0x0000000000000000, 365.59 W, 95 %
2026/09/30 14:10:14.578, 2910 MHz, 13801 MHz, 0x0000000000000000, 366.36 W, 81 %
2026/09/30 14:10:15.084, 2910 MHz, 13801 MHz, 0x0000000000000000, 363.73 W, 95 %
2026/09/30 14:10:15.594, 2910 MHz, 13801 MHz, 0x0000000000000000, 361.04 W, 77 %
2026/09/30 14:10:16.103, 2910 MHz, 13801 MHz, 0x0000000000000000, 368.46 W, 95 %
2026/09/30 14:10:16.608, 2910 MHz, 13801 MHz, 0x0000000000000000, 367.74 W, 95 %
2026/09/30 14:10:17.112, 2910 MHz, 13801 MHz, 0x0000000000000000, 364.41 W, 95 %
2026/09/30 14:10:17.618, 2910 MHz, 13801 MHz, 0x0000000000000000, 368.33 W, 95 %
2026/09/30 14:10:18.125, 2910 MHz, 13801 MHz, 0x0000000000000000, 369.12 W, 94 %
2026/09/30 14:10:18.629, 2910 MHz, 13801 MHz, 0x0000000000000000, 365.18 W, 94 %
2026/09/30 14:10:19.134, 2910 MHz, 13801 MHz, 0x0000000000000000, 369.52 W, 94 %
2026/09/30 14:10:19.639, 2910 MHz, 13801 MHz, 0x0000000000000000, 370.04 W, 95 %
2026/09/30 14:10:20.146, 2910 MHz, 13801 MHz, 0x0000000000000000, 369.68 W, 95 %
2026/09/30 14:10:20.653, 2910 MHz, 13801 MHz, 0x0000000000000000, 368.87 W, 95 %
2026/09/30 14:10:21.157, 2910 MHz, 13801 MHz, 0x0000000000000000, 367.36 W, 95 %
2026/09/30 14:10:21.663, 2910 MHz, 13801 MHz, 0x0000000000000000, 368.61 W, 95 %
2026/09/30 14:10:22.168, 2910 MHz, 13801 MHz, 0x0000000000000000, 370.85 W, 95 %
2026/09/30 14:10:22.673, 2910 MHz, 13801 MHz, 0x0000000000000000, 371.43 W, 95 %
2026/09/30 14:10:23.178, 2910 MHz, 13801 MHz, 0x0000000000000000, 368.25 W, 79 %
2026/09/30 14:10:23.686, 2910 MHz, 13801 MHz, 0x0000000000000000, 371.16 W, 95 %
2026/09/30 14:10:24.189, 2910 MHz, 13801 MHz, 0x0000000000000000, 370.50 W, 95 %
2026/09/30 14:10:24.695, 2910 MHz, 13801 MHz, 0x0000000000000000, 366.48 W, 94 %
2026/09/30 14:10:25.202, 2910 MHz, 13801 MHz, 0x0000000000000000, 369.85 W, 91 %
2026/09/30 14:10:25.708, 2910 MHz, 13801 MHz, 0x0000000000000000, 370.39 W, 95 %
2026/09/30 14:10:26.213, 2910 MHz, 13801 MHz, 0x0000000000000000, 367.72 W, 94 %
2026/09/30 14:10:26.719, 2910 MHz, 13801 MHz, 0x0000000000000000, 366.90 W, 95 %
2026/09/30 14:10:27.223, 2910 MHz, 13801 MHz, 0x0000000000000000, 366.46 W, 95 %
2026/09/30 14:10:27.727, 2910 MHz, 13801 MHz, 0x0000000000000000, 369.90 W, 94 %
2026/09/30 14:10:28.233, 2910 MHz, 13801 MHz, 0x0000000000000000, 374.02 W, 95 %
2026/09/30 14:10:28.739, 2910 MHz, 13801 MHz, 0x0000000000000000, 368.62 W, 95 %
2026/09/30 14:10:29.244, 2910 MHz, 13801 MHz, 0x0000000000000000, 366.54 W, 95 %
2026/09/30 14:10:29.747, 2910 MHz, 13801 MHz, 0x0000000000000000, 371.61 W, 95 %
2026/09/30 14:10:30.252, 2910 MHz, 13801 MHz, 0x0000000000000000, 374.04 W, 95 %
2026/09/30 14:10:30.758, 2910 MHz, 13801 MHz, 0x0000000000000000, 371.98 W, 95 %
2026/09/30 14:10:31.263, 2910 MHz, 13801 MHz, 0x0000000000000000, 365.52 W, 72 %
2026/09/30 14:10:31.771, 2910 MHz, 13801 MHz, 0x0000000000000000, 366.80 W, 95 %
2026/09/30 14:10:32.276, 2910 MHz, 13801 MHz, 0x0000000000000000, 367.20 W, 95 %
2026/09/30 14:10:32.779, 2910 MHz, 13801 MHz, 0x0000000000000000, 371.23 W, 95 %
2026/09/30 14:10:33.286, 2910 MHz, 13801 MHz, 0x0000000000000000, 366.76 W, 95 %
2026/09/30 14:10:33.794, 2910 MHz, 13801 MHz, 0x0000000000000000, 369.90 W, 95 %
2026/09/30 14:10:34.298, 2910 MHz, 13801 MHz, 0x0000000000000000, 370.98 W, 95 %
2026/09/30 14:10:34.799, 2910 MHz, 13801 MHz, 0x0000000000000000, 369.50 W, 95 %
2026/09/30 14:10:35.304, 2910 MHz, 13801 MHz, 0x0000000000000000, 368.20 W, 95 %
2026/09/30 14:10:35.810, 2910 MHz, 13801 MHz, 0x0000000000000000, 369.74 W, 92 %
2026/09/30 14:10:36.317, 2910 MHz, 13801 MHz, 0x0000000000000000, 374.41 W, 95 %
2026/09/30 14:10:36.822, 2910 MHz, 13801 MHz, 0x0000000000000000, 372.10 W, 95 %
2026/09/30 14:10:37.327, 2910 MHz, 13801 MHz, 0x0000000000000000, 368.57 W, 95 %
2026/09/30 14:10:37.831, 2910 MHz, 13801 MHz, 0x0000000000000000, 373.96 W, 94 %
2026/09/30 14:10:38.339, 2910 MHz, 13801 MHz, 0x0000000000000000, 375.46 W, 95 %
2026/09/30 14:10:38.842, 2910 MHz, 13801 MHz, 0x0000000000000000, 370.70 W, 95 %
2026/09/30 14:10:39.348, 2910 MHz, 13801 MHz, 0x0000000000000000, 373.47 W, 95 %
2026/09/30 14:10:39.853, 2910 MHz, 13801 MHz, 0x0000000000000000, 374.12 W, 94 %
2026/09/30 14:10:40.359, 2910 MHz, 13801 MHz, 0x0000000000000000, 371.70 W, 95 %
2026/09/30 14:10:40.864, 2910 MHz, 13801 MHz, 0x0000000000000000, 375.79 W, 95 %
2026/09/30 14:10:41.367, 2910 MHz, 13801 MHz, 0x0000000000000000, 374.18 W, 95 %
2026/09/30 14:10:41.870, 2910 MHz, 13801 MHz, 0x0000000000000000, 371.23 W, 95 %
2026/09/30 14:10:42.377, 2910 MHz, 13801 MHz, 0x0000000000000000, 375.67 W, 95 %
2026/09/30 14:10:42.884, 2910 MHz, 13801 MHz, 0x0000000000000000, 369.98 W, 95 %
2026/09/30 14:10:43.387, 2910 MHz, 13801 MHz, 0x0000000000000000, 369.41 W, 89 %
2026/09/30 14:10:43.895, 2910 MHz, 13801 MHz, 0x0000000000000000, 370.35 W, 86 %
2026/09/30 14:10:44.398, 2910 MHz, 13801 MHz, 0x0000000000000000, 373.36 W, 95 %
2026/09/30 14:10:44.901, 2910 MHz, 13801 MHz, 0x0000000000000000, 373.36 W, 95 %
2026/09/30 14:10:45.406, 2910 MHz, 13801 MHz, 0x0000000000000000, 370.91 W, 94 %
2026/09/30 14:10:45.912, 2910 MHz, 13801 MHz, 0x0000000000000000, 368.99 W, 95 %
2026/09/30 14:10:46.416, 2902 MHz, 13801 MHz, 0x0000000000000000, 373.83 W, 95 %
2026/09/30 14:10:46.919, 2895 MHz, 13801 MHz, 0x0000000000000000, 375.95 W, 94 %
2026/09/30 14:10:47.420, 2910 MHz, 13801 MHz, 0x0000000000000000, 371.53 W, 95 %
2026/09/30 14:10:47.924, 2910 MHz, 13801 MHz, 0x0000000000000000, 369.29 W, 75 %
2026/09/30 14:10:48.427, 2910 MHz, 13801 MHz, 0x0000000000000000, 374.50 W, 95 %
2026/09/30 14:10:48.931, 2910 MHz, 13801 MHz, 0x0000000000000000, 372.95 W, 95 %
2026/09/30 14:10:49.434, 2910 MHz, 13801 MHz, 0x0000000000000000, 375.67 W, 95 %
2026/09/30 14:10:49.936, 2910 MHz, 13801 MHz, 0x0000000000000000, 373.15 W, 95 %
2026/09/30 14:10:50.450, 2910 MHz, 13801 MHz, 0x0000000000000000, 369.82 W, 95 %
2026/09/30 14:10:50.955, 2910 MHz, 13801 MHz, 0x0000000000000000, 372.64 W, 95 %
2026/09/30 14:10:51.460, 2910 MHz, 13801 MHz, 0x0000000000000000, 374.04 W, 95 %
2026/09/30 14:10:51.965, 2910 MHz, 13801 MHz, 0x0000000000000000, 376.74 W, 95 %
2026/09/30 14:10:52.468, 2910 MHz, 13801 MHz, 0x0000000000000000, 375.88 W, 95 %
2026/09/30 14:10:52.969, 2910 MHz, 13801 MHz, 0x0000000000000000, 370.87 W, 82 %
2026/09/30 14:10:53.471, 2910 MHz, 13801 MHz, 0x0000000000000000, 374.08 W, 95 %
2026/09/30 14:10:53.976, 2910 MHz, 13801 MHz, 0x0000000000000000, 374.78 W, 95 %
2026/09/30 14:10:54.484, 2910 MHz, 13801 MHz, 0x0000000000000000, 375.28 W, 94 %
2026/09/30 14:10:54.988, 2910 MHz, 13801 MHz, 0x0000000000000000, 377.23 W, 95 %
2026/09/30 14:10:55.493, 2910 MHz, 13801 MHz, 0x0000000000000000, 377.01 W, 95 %
2026/09/30 14:10:55.999, 2910 MHz, 13801 MHz, 0x0000000000000000, 373.04 W, 95 %
2026/09/30 14:10:56.506, 2910 MHz, 13801 MHz, 0x0000000000000000, 374.07 W, 95 %
2026/09/30 14:10:57.019, 2925 MHz, 13801 MHz, 0x0000000000000000, 241.23 W, 0 %
2026/09/30 14:10:57.528, 2925 MHz, 13801 MHz, 0x0000000000000000, 126.74 W, 0 %
2026/09/30 14:10:58.040, 2925 MHz, 13801 MHz, 0x0000000000000000, 97.77 W, 0 %
2026/09/30 14:10:58.546, 585 MHz, 13801 MHz, 0x0000000000000000, 87.11 W, 0 %
2026/09/30 14:10:59.059, 465 MHz, 7001 MHz, 0x0000000000000000, 58.53 W, 0 %
2026/09/30 14:10:59.569, 367 MHz, 7001 MHz, 0x0000000000000000, 38.94 W, 0 %
2026/09/30 14:11:00.085, 292 MHz, 7001 MHz, 0x0000000000000000, 36.49 W, 0 %
2026/09/30 14:11:00.598, 232 MHz, 7001 MHz, 0x0000000000000000, 36.46 W, 0 %
2026/09/30 14:11:01.111, 180 MHz, 7001 MHz, 0x0000000000000000, 36.42 W, 0 %
2026/09/30 14:11:01.626, 180 MHz, 7001 MHz, 0x0000000000000000, 36.40 W, 0 %
2026/09/30 14:11:02.140, 202 MHz, 810 MHz, 0x0000000000000000, 34.21 W, 0 %
2026/09/30 14:11:02.641, 202 MHz, 810 MHz, 0x0000000000000000, 27.01 W, 0 %
2026/09/30 14:11:03.153, 202 MHz, 810 MHz, 0x0000000000000000, 20.45 W, 0 %
2026/09/30 14:11:03.655, 187 MHz, 405 MHz, 0x0000000000000000, 18.25 W, 0 %
2026/09/30 14:11:04.164, 187 MHz, 405 MHz, 0x0000000000000000, 17.47 W, 0 %
2026/09/30 14:11:04.676, 195 MHz, 405 MHz, 0x0000000000000000, 16.03 W, 0 %
2026/09/30 14:11:05.178, 195 MHz, 405 MHz, 0x0000000000000000, 15.66 W, 0 %
2026/09/30 14:11:05.687, 187 MHz, 405 MHz, 0x0000000000000000, 16.10 W, 0 %
2026/09/30 14:11:06.188, 180 MHz, 405 MHz, 0x0000000000000000, 16.01 W, 0 %
2026/09/30 14:11:06.699, 180 MHz, 405 MHz, 0x0000000000000000, 15.49 W, 0 %
2026/09/30 14:11:07.213, 180 MHz, 405 MHz, 0x0000000000000000, 15.66 W, 0 %
2026/09/30 14:11:07.726, 180 MHz, 405 MHz, 0x0000000000000000, 15.76 W, 0 %
2026/09/30 14:11:08.241, 180 MHz, 405 MHz, 0x0000000000000000, 15.54 W, 0 %
2026/09/30 14:11:08.754, 180 MHz, 405 MHz, 0x0000000000000000, 15.35 W, 0 %
2026/09/30 14:11:09.269, 180 MHz, 405 MHz, 0x0000000000000000, 15.27 W, 0 %
2026/09/30 14:11:09.780, 180 MHz, 405 MHz, 0x0000000000000000, 15.39 W, 0 %
2026/09/30 14:11:10.289, 180 MHz, 405 MHz, 0x0000000000000000, 15.44 W, 0 %
2026/09/30 14:11:10.802, 187 MHz, 405 MHz, 0x0000000000000000, 15.17 W, 0 %
2026/09/30 14:11:11.315, 187 MHz, 405 MHz, 0x0000000000000000, 15.11 W, 0 %
2026/09/30 14:11:11.816, 187 MHz, 405 MHz, 0x0000000000000000, 14.98 W, 0 %
2026/09/30 14:11:12.326, 187 MHz, 405 MHz, 0x0000000000000000, 14.92 W, 0 %
2026/09/30 14:11:12.841, 187 MHz, 405 MHz, 0x0000000000000000, 15.04 W, 0 %
2026/09/30 14:11:13.351, 187 MHz, 405 MHz, 0x0000000000000000, 14.97 W, 0 %
2026/09/30 14:11:13.864, 187 MHz, 405 MHz, 0x0000000000000000, 14.93 W, 0 %
2026/09/30 14:11:14.374, 187 MHz, 405 MHz, 0x0000000000000000, 14.98 W, 0 %
2026/09/30 14:11:14.883, 187 MHz, 405 MHz, 0x0000000000000000, 14.72 W, 0 %
2026/09/30 14:11:15.393, 180 MHz, 405 MHz, 0x0000000000000000, 14.51 W, 0 %
2026/09/30 14:11:15.904, 180 MHz, 405 MHz, 0x0000000000000000, 14.48 W, 0 %
2026/09/30 14:11:16.417, 180 MHz, 405 MHz, 0x0000000000000000, 14.71 W, 0 %
2026/09/30 14:11:16.932, 180 MHz, 405 MHz, 0x0000000000000000, 14.61 W, 0 %
2026/09/30 14:11:17.447, 180 MHz, 405 MHz, 0x0000000000000000, 14.40 W, 0 %
2026/09/30 14:11:17.955, 180 MHz, 405 MHz, 0x0000000000000000, 14.46 W, 0 %
2026/09/30 14:11:18.466, 180 MHz, 405 MHz, 0x0000000000000000, 14.53 W, 0 %
2026/09/30 14:11:18.975, 180 MHz, 405 MHz, 0x0000000000000000, 14.46 W, 0 %
2026/09/30 14:11:19.485, 195 MHz, 405 MHz, 0x0000000000000000, 14.44 W, 0 %
2026/09/30 14:11:20.000, 187 MHz, 405 MHz, 0x0000000000000000, 14.19 W, 0 %
2026/09/30 14:11:20.511, 187 MHz, 405 MHz, 0x0000000000000000, 14.03 W, 0 %
2026/09/30 14:11:21.026, 187 MHz, 405 MHz, 0x0000000000000000, 13.96 W, 0 %
2026/09/30 14:11:21.537, 187 MHz, 405 MHz, 0x0000000000000000, 13.84 W, 0 %
2026/09/30 14:11:22.047, 187 MHz, 405 MHz, 0x0000000000000000, 13.93 W, 0 %
2026/09/30 14:11:22.560, 187 MHz, 405 MHz, 0x0000000000000000, 13.87 W, 0 %
2026/09/30 14:11:23.069, 187 MHz, 405 MHz, 0x0000000000000000, 13.93 W, 0 %
2026/09/30 14:11:23.578, 195 MHz, 405 MHz, 0x0000000000000000, 14.10 W, 0 %
2026/09/30 14:11:24.086, 180 MHz, 405 MHz, 0x0000000000000000, 14.11 W, 0 %
2026/09/30 14:11:24.600, 180 MHz, 405 MHz, 0x0000000000000000, 14.11 W, 0 %
2026/09/30 14:11:25.113, 202 MHz, 405 MHz, 0x0000000000000000, 13.99 W, 0 %
2026/09/30 14:11:25.625, 180 MHz, 405 MHz, 0x0000000000000000, 14.02 W, 0 %
2026/09/30 14:11:26.139, 180 MHz, 405 MHz, 0x0000000000000000, 13.91 W, 0 %
2026/09/30 14:11:26.655, 180 MHz, 405 MHz, 0x0000000000000000, 13.51 W, 0 %
2026/09/30 14:11:27.163, 180 MHz, 405 MHz, 0x0000000000000000, 13.51 W, 0 %
2026/09/30 14:11:27.675, 180 MHz, 405 MHz, 0x0000000000000000, 13.55 W, 0 %
2026/09/30 14:11:28.189, 180 MHz, 405 MHz, 0x0000000000000000, 13.36 W, 0 %
2026/09/30 14:11:28.704, 187 MHz, 405 MHz, 0x0000000000000000, 13.46 W, 0 %
2026/09/30 14:11:29.206, 187 MHz, 405 MHz, 0x0000000000000000, 13.45 W, 0 %
2026/09/30 14:11:29.716, 202 MHz, 405 MHz, 0x0000000000000000, 13.35 W, 0 %
2026/09/30 14:11:30.230, 187 MHz, 405 MHz, 0x0000000000000000, 13.33 W, 0 %
2026/09/30 14:11:30.742, 187 MHz, 405 MHz, 0x0000000000000000, 13.44 W, 0 %
2026/09/30 14:11:31.252, 195 MHz, 405 MHz, 0x0000000000000000, 13.47 W, 0 %
2026/09/30 14:11:31.762, 202 MHz, 405 MHz, 0x0000000000000000, 13.46 W, 0 %
2026/09/30 14:11:32.272, 187 MHz, 405 MHz, 0x0000000000000000, 13.35 W, 0 %
2026/09/30 14:11:32.781, 180 MHz, 405 MHz, 0x0000000000000000, 13.18 W, 0 %
2026/09/30 14:11:33.290, 180 MHz, 405 MHz, 0x0000000000000000, 13.02 W, 0 %
2026/09/30 14:11:33.801, 180 MHz, 405 MHz, 0x0000000000000000, 12.92 W, 0 %
2026/09/30 14:11:34.312, 187 MHz, 405 MHz, 0x0000000000000000, 12.99 W, 0 %
2026/09/30 14:11:34.821, 180 MHz, 405 MHz, 0x0000000000000000, 13.12 W, 0 %
2026/09/30 14:11:35.333, 180 MHz, 405 MHz, 0x0000000000000000, 12.90 W, 0 %
2026/09/30 14:11:35.843, 180 MHz, 405 MHz, 0x0000000000000000, 12.77 W, 0 %
2026/09/30 14:11:36.351, 1372 MHz, 405 MHz, 0x0000000000000000, 27.29 W, 43 %
2026/09/30 14:11:36.863, 2940 MHz, 13801 MHz, 0x0000000000000000, 72.74 W, 0 %
2026/09/30 14:11:37.376, 2865 MHz, 13801 MHz, 0x0000000000000000, 212.49 W, 47 %
2026/09/30 14:11:37.887, 2865 MHz, 13801 MHz, 0x0000000000000000, 340.36 W, 57 %
2026/09/30 14:11:38.395, 2820 MHz, 13801 MHz, 0x0000000000000004, 386.30 W, 99 %
2026/09/30 14:11:38.901, 2797 MHz, 13801 MHz, 0x0000000000000004, 478.83 W, 99 %
2026/09/30 14:11:39.406, 2797 MHz, 13801 MHz, 0x0000000000000004, 478.39 W, 99 %
2026/09/30 14:11:39.911, 2797 MHz, 13801 MHz, 0x0000000000000004, 477.76 W, 98 %
2026/09/30 14:11:40.417, 2797 MHz, 13801 MHz, 0x0000000000000004, 478.28 W, 98 %
2026/09/30 14:11:40.921, 2797 MHz, 13801 MHz, 0x0000000000000004, 478.68 W, 98 %
2026/09/30 14:11:41.436, 2812 MHz, 13801 MHz, 0x0000000000000004, 476.66 W, 98 %
2026/09/30 14:11:41.943, 2835 MHz, 13801 MHz, 0x0000000000000004, 466.07 W, 97 %
2026/09/30 14:11:42.446, 2910 MHz, 13801 MHz, 0x0000000000000000, 433.12 W, 96 %
2026/09/30 14:11:42.953, 2865 MHz, 13801 MHz, 0x0000000000000000, 354.06 W, 48 %
2026/09/30 14:11:43.462, 2865 MHz, 13801 MHz, 0x0000000000000000, 326.95 W, 55 %
2026/09/30 14:11:43.971, 2812 MHz, 13801 MHz, 0x0000000000000004, 404.90 W, 99 %
2026/09/30 14:11:44.474, 2797 MHz, 13801 MHz, 0x0000000000000004, 454.58 W, 99 %
2026/09/30 14:11:44.979, 2797 MHz, 13801 MHz, 0x0000000000000004, 482.70 W, 99 %
2026/09/30 14:11:45.487, 2790 MHz, 13801 MHz, 0x0000000000000000, 479.35 W, 91 %
2026/09/30 14:11:45.994, 2835 MHz, 13801 MHz, 0x0000000000000000, 466.78 W, 82 %
2026/09/30 14:11:46.508, 2865 MHz, 13801 MHz, 0x0000000000000000, 438.32 W, 55 %
2026/09/30 14:11:47.017, 2857 MHz, 13801 MHz, 0x0000000000000000, 434.50 W, 83 %
2026/09/30 14:11:47.529, 2887 MHz, 13801 MHz, 0x0000000000000004, 413.00 W, 75 %
2026/09/30 14:11:48.036, 2887 MHz, 13801 MHz, 0x0000000000000004, 373.81 W, 73 %
2026/09/30 14:11:48.544, 2895 MHz, 13801 MHz, 0x0000000000000000, 340.47 W, 50 %
2026/09/30 14:11:49.051, 2887 MHz, 13801 MHz, 0x0000000000000000, 350.96 W, 77 %
2026/09/30 14:11:49.560, 2880 MHz, 13801 MHz, 0x0000000000000000, 370.31 W, 60 %
2026/09/30 14:11:50.066, 2887 MHz, 13801 MHz, 0x0000000000000000, 362.74 W, 47 %
2026/09/30 14:11:50.570, 2895 MHz, 13801 MHz, 0x0000000000000004, 353.63 W, 63 %
2026/09/30 14:11:51.084, 2880 MHz, 13801 MHz, 0x0000000000000000, 380.66 W, 79 %
2026/09/30 14:11:51.589, 2872 MHz, 13801 MHz, 0x0000000000000004, 385.13 W, 87 %
2026/09/30 14:11:52.101, 2857 MHz, 13801 MHz, 0x0000000000000000, 366.02 W, 58 %
2026/09/30 14:11:52.607, 2865 MHz, 13801 MHz, 0x0000000000000000, 374.24 W, 64 %
2026/09/30 14:11:53.112, 2850 MHz, 13801 MHz, 0x0000000000000000, 390.66 W, 60 %
2026/09/30 14:11:53.615, 2812 MHz, 13801 MHz, 0x0000000000000000, 412.76 W, 53 %
2026/09/30 14:11:54.123, 2887 MHz, 13801 MHz, 0x0000000000000000, 383.70 W, 68 %
2026/09/30 14:11:54.633, 2865 MHz, 13801 MHz, 0x0000000000000000, 339.20 W, 42 %
2026/09/30 14:11:55.142, 2880 MHz, 13801 MHz, 0x0000000000000000, 366.65 W, 88 %
2026/09/30 14:11:55.648, 2880 MHz, 13801 MHz, 0x0000000000000004, 398.63 W, 76 %
2026/09/30 14:11:56.154, 2887 MHz, 13801 MHz, 0x0000000000000000, 375.15 W, 54 %
2026/09/30 14:11:56.662, 2857 MHz, 13801 MHz, 0x0000000000000000, 366.24 W, 33 %
2026/09/30 14:11:57.169, 2872 MHz, 13801 MHz, 0x0000000000000000, 361.19 W, 81 %
2026/09/30 14:11:57.677, 2812 MHz, 13801 MHz, 0x0000000000000000, 373.91 W, 74 %
2026/09/30 14:11:58.184, 2857 MHz, 13801 MHz, 0x0000000000000000, 414.88 W, 55 %
2026/09/30 14:11:58.689, 2827 MHz, 13801 MHz, 0x0000000000000000, 414.57 W, 88 %
2026/09/30 14:11:59.197, 2895 MHz, 13801 MHz, 0x0000000000000000, 382.52 W, 71 %
2026/09/30 14:11:59.704, 2872 MHz, 13801 MHz, 0x0000000000000000, 367.09 W, 38 %
2026/09/30 14:12:00.212, 2872 MHz, 13801 MHz, 0x0000000000000004, 392.87 W, 78 %
2026/09/30 14:12:00.719, 2850 MHz, 13801 MHz, 0x0000000000000000, 387.32 W, 62 %
2026/09/30 14:12:01.226, 2850 MHz, 13801 MHz, 0x0000000000000004, 402.93 W, 72 %
2026/09/30 14:12:01.733, 2872 MHz, 13801 MHz, 0x0000000000000000, 392.27 W, 68 %
2026/09/30 14:12:02.237, 2872 MHz, 13801 MHz, 0x0000000000000000, 354.13 W, 30 %
2026/09/30 14:12:02.744, 2880 MHz, 13801 MHz, 0x0000000000000000, 353.21 W, 30 %
2026/09/30 14:12:03.251, 2865 MHz, 13801 MHz, 0x0000000000000000, 376.08 W, 84 %
2026/09/30 14:12:03.762, 2887 MHz, 13801 MHz, 0x0000000000000000, 353.90 W, 32 %
2026/09/30 14:12:04.270, 2872 MHz, 13801 MHz, 0x0000000000000000, 347.80 W, 29 %
2026/09/30 14:12:04.775, 2902 MHz, 13801 MHz, 0x0000000000000004, 343.31 W, 75 %
2026/09/30 14:12:05.285, 2902 MHz, 13801 MHz, 0x0000000000000000, 340.48 W, 43 %
2026/09/30 14:12:05.790, 2857 MHz, 13801 MHz, 0x0000000000000004, 369.87 W, 99 %
2026/09/30 14:12:06.298, 2880 MHz, 13801 MHz, 0x0000000000000000, 393.73 W, 37 %
2026/09/30 14:12:06.807, 2842 MHz, 13801 MHz, 0x0000000000000000, 418.54 W, 83 %
2026/09/30 14:12:07.316, 2865 MHz, 13801 MHz, 0x0000000000000004, 402.22 W, 98 %
2026/09/30 14:12:07.826, 2887 MHz, 13801 MHz, 0x0000000000000000, 389.17 W, 83 %
2026/09/30 14:12:08.330, 2880 MHz, 13801 MHz, 0x0000000000000000, 381.67 W, 53 %
2026/09/30 14:12:08.841, 2850 MHz, 13801 MHz, 0x0000000000000000, 388.81 W, 86 %
2026/09/30 14:12:09.350, 2857 MHz, 13801 MHz, 0x0000000000000000, 419.83 W, 61 %
2026/09/30 14:12:09.854, 2887 MHz, 13801 MHz, 0x0000000000000000, 387.50 W, 62 %
2026/09/30 14:12:10.364, 2872 MHz, 13801 MHz, 0x0000000000000000, 372.88 W, 73 %
2026/09/30 14:12:10.872, 2887 MHz, 13801 MHz, 0x0000000000000000, 381.02 W, 56 %
2026/09/30 14:12:11.383, 2842 MHz, 13801 MHz, 0x0000000000000000, 394.38 W, 68 %
2026/09/30 14:12:11.892, 2857 MHz, 13801 MHz, 0x0000000000000000, 401.27 W, 65 %
2026/09/30 14:12:12.403, 2857 MHz, 13801 MHz, 0x0000000000000000, 366.57 W, 34 %
2026/09/30 14:12:12.908, 2880 MHz, 13801 MHz, 0x0000000000000000, 353.08 W, 60 %
2026/09/30 14:12:13.412, 2857 MHz, 13801 MHz, 0x0000000000000004, 373.30 W, 85 %
2026/09/30 14:12:13.922, 2872 MHz, 13801 MHz, 0x0000000000000000, 390.02 W, 81 %
2026/09/30 14:12:14.430, 2872 MHz, 13801 MHz, 0x0000000000000004, 401.26 W, 60 %
2026/09/30 14:12:14.938, 2880 MHz, 13801 MHz, 0x0000000000000000, 398.38 W, 79 %
2026/09/30 14:12:15.446, 2887 MHz, 13801 MHz, 0x0000000000000000, 378.74 W, 68 %
2026/09/30 14:12:15.955, 2880 MHz, 13801 MHz, 0x0000000000000000, 372.99 W, 71 %
2026/09/30 14:12:16.461, 2835 MHz, 13801 MHz, 0x0000000000000004, 410.03 W, 92 %
2026/09/30 14:12:16.971, 2857 MHz, 13801 MHz, 0x0000000000000000, 418.93 W, 68 %
2026/09/30 14:12:17.475, 2835 MHz, 13801 MHz, 0x0000000000000004, 396.31 W, 79 %
2026/09/30 14:12:17.984, 2887 MHz, 13801 MHz, 0x0000000000000004, 386.86 W, 66 %
2026/09/30 14:12:18.490, 2865 MHz, 13801 MHz, 0x0000000000000000, 364.49 W, 76 %
2026/09/30 14:12:19.000, 2865 MHz, 13801 MHz, 0x0000000000000000, 382.41 W, 78 %
2026/09/30 14:12:19.509, 2827 MHz, 13801 MHz, 0x0000000000000000, 410.90 W, 58 %
2026/09/30 14:12:20.013, 2880 MHz, 13801 MHz, 0x0000000000000000, 398.33 W, 35 %
2026/09/30 14:12:20.523, 2842 MHz, 13801 MHz, 0x0000000000000000, 382.58 W, 48 %
2026/09/30 14:12:21.033, 2895 MHz, 13801 MHz, 0x0000000000000004, 376.54 W, 75 %
2026/09/30 14:12:21.541, 2857 MHz, 13801 MHz, 0x0000000000000000, 362.99 W, 89 %
2026/09/30 14:12:22.050, 2857 MHz, 13801 MHz, 0x0000000000000000, 410.79 W, 89 %
2026/09/30 14:12:22.554, 2850 MHz, 13801 MHz, 0x0000000000000000, 415.23 W, 59 %
2026/09/30 14:12:23.061, 2872 MHz, 13801 MHz, 0x0000000000000000, 402.69 W, 63 %
2026/09/30 14:12:23.567, 2850 MHz, 13801 MHz, 0x0000000000000000, 392.03 W, 47 %
2026/09/30 14:12:24.074, 2850 MHz, 13801 MHz, 0x0000000000000000, 399.64 W, 61 %
2026/09/30 14:12:24.579, 2865 MHz, 13801 MHz, 0x0000000000000000, 404.58 W, 87 %
2026/09/30 14:12:25.085, 2850 MHz, 13801 MHz, 0x0000000000000000, 399.72 W, 46 %
2026/09/30 14:12:25.594, 2887 MHz, 13801 MHz, 0x0000000000000000, 400.02 W, 82 %
2026/09/30 14:12:26.099, 2865 MHz, 13801 MHz, 0x0000000000000000, 380.58 W, 33 %
2026/09/30 14:12:26.605, 2872 MHz, 13801 MHz, 0x0000000000000000, 357.07 W, 53 %
2026/09/30 14:12:27.113, 2827 MHz, 13801 MHz, 0x0000000000000004, 377.83 W, 87 %
2026/09/30 14:12:27.615, 2872 MHz, 13801 MHz, 0x0000000000000000, 397.41 W, 39 %
2026/09/30 14:12:28.122, 2857 MHz, 13801 MHz, 0x0000000000000004, 413.35 W, 91 %
2026/09/30 14:12:28.625, 2872 MHz, 13801 MHz, 0x0000000000000000, 409.73 W, 77 %
2026/09/30 14:12:29.129, 2887 MHz, 13801 MHz, 0x0000000000000000, 368.12 W, 75 %
2026/09/30 14:12:29.633, 2865 MHz, 13801 MHz, 0x0000000000000000, 372.02 W, 45 %
2026/09/30 14:12:30.139, 2827 MHz, 13801 MHz, 0x0000000000000004, 403.40 W, 77 %
2026/09/30 14:12:30.650, 2880 MHz, 13801 MHz, 0x0000000000000000, 400.42 W, 41 %
2026/09/30 14:12:31.154, 2857 MHz, 13801 MHz, 0x0000000000000004, 391.07 W, 75 %
2026/09/30 14:12:31.661, 2872 MHz, 13801 MHz, 0x0000000000000000, 352.16 W, 25 %
2026/09/30 14:12:32.167, 2902 MHz, 13801 MHz, 0x0000000000000004, 316.08 W, 58 %
2026/09/30 14:12:32.673, 2835 MHz, 13801 MHz, 0x0000000000000000, 362.20 W, 87 %
2026/09/30 14:12:33.181, 2865 MHz, 13801 MHz, 0x0000000000000000, 393.25 W, 42 %
2026/09/30 14:12:33.688, 2842 MHz, 13801 MHz, 0x0000000000000000, 403.93 W, 85 %
2026/09/30 14:12:34.195, 2872 MHz, 13801 MHz, 0x0000000000000000, 407.93 W, 69 %
2026/09/30 14:12:34.701, 2887 MHz, 13801 MHz, 0x0000000000000000, 360.40 W, 70 %
2026/09/30 14:12:35.208, 2865 MHz, 13801 MHz, 0x0000000000000000, 352.43 W, 53 %
2026/09/30 14:12:35.717, 2835 MHz, 13801 MHz, 0x0000000000000000, 399.14 W, 85 %
2026/09/30 14:12:36.222, 2872 MHz, 13801 MHz, 0x0000000000000000, 401.03 W, 53 %
2026/09/30 14:12:36.729, 2842 MHz, 13801 MHz, 0x0000000000000000, 389.01 W, 65 %
2026/09/30 14:12:37.239, 2872 MHz, 13801 MHz, 0x0000000000000000, 367.47 W, 36 %
2026/09/30 14:12:37.748, 2872 MHz, 13801 MHz, 0x0000000000000000, 327.19 W, 37 %
2026/09/30 14:12:38.252, 2812 MHz, 13801 MHz, 0x0000000000000000, 377.13 W, 83 %
2026/09/30 14:12:38.759, 2865 MHz, 13801 MHz, 0x0000000000000000, 415.68 W, 69 %
2026/09/30 14:12:39.268, 2842 MHz, 13801 MHz, 0x0000000000000000, 404.11 W, 86 %
2026/09/30 14:12:39.775, 2850 MHz, 13801 MHz, 0x0000000000000000, 407.36 W, 72 %
2026/09/30 14:12:40.283, 2895 MHz, 13801 MHz, 0x0000000000000000, 381.33 W, 79 %
2026/09/30 14:12:40.788, 2865 MHz, 13801 MHz, 0x0000000000000004, 376.03 W, 84 %
2026/09/30 14:12:41.306, 2850 MHz, 13801 MHz, 0x0000000000000004, 411.11 W, 73 %
2026/09/30 14:12:41.815, 2880 MHz, 13801 MHz, 0x0000000000000004, 409.52 W, 66 %
2026/09/30 14:12:42.326, 2857 MHz, 13801 MHz, 0x0000000000000000, 389.16 W, 63 %
2026/09/30 14:12:42.837, 2880 MHz, 13801 MHz, 0x0000000000000000, 364.44 W, 36 %
2026/09/30 14:12:43.347, 2925 MHz, 13801 MHz, 0x0000000000000000, 251.07 W, 0 %
2026/09/30 14:12:43.859, 2925 MHz, 13801 MHz, 0x0000000000000000, 121.09 W, 0 %
2026/09/30 14:12:44.369, 2925 MHz, 13801 MHz, 0x0000000000000000, 97.75 W, 0 %
2026/09/30 14:12:44.879, 2422 MHz, 7001 MHz, 0x0000000000000000, 91.94 W, 0 %
2026/09/30 14:12:45.390, 502 MHz, 7001 MHz, 0x0000000000000000, 61.58 W, 0 %
2026/09/30 14:12:45.900, 397 MHz, 7001 MHz, 0x0000000000000000, 36.87 W, 0 %
2026/09/30 14:12:46.408, 247 MHz, 7001 MHz, 0x0000000000000000, 36.59 W, 0 %
2026/09/30 14:12:46.921, 202 MHz, 7001 MHz, 0x0000000000000000, 36.60 W, 0 %
2026/09/30 14:12:47.430, 187 MHz, 7001 MHz, 0x0000000000000000, 36.59 W, 0 %
2026/09/30 14:12:47.940, 187 MHz, 7001 MHz, 0x0000000000000000, 36.58 W, 0 %
2026/09/30 14:12:48.452, 187 MHz, 7001 MHz, 0x0000000000000000, 36.58 W, 0 %
2026/09/30 14:12:48.966, 187 MHz, 7001 MHz, 0x0000000000000000, 36.53 W, 0 %
2026/09/30 14:12:49.477, 187 MHz, 7001 MHz, 0x0000000000000000, 36.52 W, 0 %
2026/09/30 14:12:49.990, 195 MHz, 810 MHz, 0x0000000000000000, 32.42 W, 0 %
2026/09/30 14:12:50.502, 187 MHz, 810 MHz, 0x0000000000000000, 25.41 W, 0 %
2026/09/30 14:12:51.013, 187 MHz, 810 MHz, 0x0000000000000000, 19.08 W, 0 %
2026/09/30 14:12:51.528, 187 MHz, 405 MHz, 0x0000000000000000, 16.89 W, 0 %
2026/09/30 14:12:52.029, 180 MHz, 405 MHz, 0x0000000000000000, 16.35 W, 0 %
2026/09/30 14:12:52.537, 180 MHz, 405 MHz, 0x0000000000000000, 16.10 W, 0 %
2026/09/30 14:12:53.051, 180 MHz, 405 MHz, 0x0000000000000000, 15.67 W, 0 %
2026/09/30 14:12:53.560, 180 MHz, 405 MHz, 0x0000000000000000, 15.70 W, 0 %
2026/09/30 14:12:54.071, 180 MHz, 405 MHz, 0x0000000000000000, 15.77 W, 0 %
2026/09/30 14:12:54.584, 180 MHz, 405 MHz, 0x0000000000000000, 15.49 W, 0 %
2026/09/30 14:12:55.097, 180 MHz, 405 MHz, 0x0000000000000000, 15.31 W, 0 %
2026/09/30 14:12:55.611, 180 MHz, 405 MHz, 0x0000000000000000, 15.16 W, 0 %
2026/09/30 14:12:56.125, 172 MHz, 405 MHz, 0x0000000000000000, 15.15 W, 0 %
2026/09/30 14:12:56.639, 187 MHz, 405 MHz, 0x0000000000000000, 15.04 W, 0 %
2026/09/30 14:12:57.150, 187 MHz, 405 MHz, 0x0000000000000000, 15.04 W, 0 %
2026/09/30 14:12:57.657, 187 MHz, 405 MHz, 0x0000000000000000, 15.08 W, 0 %
2026/09/30 14:12:58.165, 187 MHz, 405 MHz, 0x0000000000000000, 14.90 W, 0 %
2026/09/30 14:12:58.676, 187 MHz, 405 MHz, 0x0000000000000000, 14.65 W, 0 %
2026/09/30 14:12:59.189, 195 MHz, 405 MHz, 0x0000000000000000, 15.07 W, 0 %
2026/09/30 14:12:59.702, 202 MHz, 405 MHz, 0x0000000000000000, 15.56 W, 1 %
2026/09/30 14:13:00.212, 187 MHz, 405 MHz, 0x0000000000000000, 16.39 W, 0 %
2026/09/30 14:13:00.722, 187 MHz, 405 MHz, 0x0000000000000000, 16.28 W, 0 %
2026/09/30 14:13:01.234, 180 MHz, 405 MHz, 0x0000000000000000, 14.86 W, 0 %
2026/09/30 14:13:01.744, 180 MHz, 405 MHz, 0x0000000000000000, 14.77 W, 0 %
2026/09/30 14:13:02.254, 180 MHz, 405 MHz, 0x0000000000000000, 14.88 W, 0 %
2026/09/30 14:13:02.768, 180 MHz, 405 MHz, 0x0000000000000000, 14.52 W, 0 %
2026/09/30 14:13:03.282, 180 MHz, 405 MHz, 0x0000000000000000, 14.35 W, 0 %
2026/09/30 14:13:03.795, 180 MHz, 405 MHz, 0x0000000000000000, 14.23 W, 0 %
2026/09/30 14:13:04.306, 180 MHz, 405 MHz, 0x0000000000000000, 14.02 W, 0 %
2026/09/30 14:13:04.819, 180 MHz, 405 MHz, 0x0000000000000000, 14.34 W, 0 %
