timestamp, clocks.current.sm [MHz], clocks.current.memory [MHz], clocks_event_reasons.active, power.draw [W], utilization.gpu [%]
2026/09/30 10:22:07.966, 180 MHz, 405 MHz, 0x0000000000000000, 14.19 W, 0 %
2026/09/30 10:22:08.483, 180 MHz, 405 MHz, 0x0000000000000000, 14.20 W, 0 %
2026/09/30 10:22:08.998, 180 MHz, 405 MHz, 0x0000000000000000, 14.37 W, 1 %
2026/09/30 10:22:09.512, 180 MHz, 405 MHz, 0x0000000000000000, 14.65 W, 0 %
2026/09/30 10:22:10.025, 180 MHz, 405 MHz, 0x0000000000000000, 14.26 W, 0 %
2026/09/30 10:22:10.540, 180 MHz, 405 MHz, 0x0000000000000000, 13.95 W, 0 %
2026/09/30 10:22:11.065, 180 MHz, 405 MHz, 0x0000000000000000, 13.89 W, 0 %
2026/09/30 10:22:11.573, 180 MHz, 405 MHz, 0x0000000000000000, 13.90 W, 0 %
2026/09/30 10:22:12.074, 180 MHz, 405 MHz, 0x0000000000000000, 13.91 W, 0 %
2026/09/30 10:22:12.576, 180 MHz, 405 MHz, 0x0000000000000000, 13.89 W, 0 %
2026/09/30 10:22:13.076, 180 MHz, 405 MHz, 0x0000000000000000, 13.80 W, 0 %
2026/09/30 10:22:13.586, 180 MHz, 405 MHz, 0x0000000000000000, 13.68 W, 0 %
2026/09/30 10:22:14.087, 180 MHz, 405 MHz, 0x0000000000000000, 13.77 W, 0 %
2026/09/30 10:22:14.601, 180 MHz, 405 MHz, 0x0000000000000000, 13.85 W, 0 %
2026/09/30 10:22:15.115, 180 MHz, 405 MHz, 0x0000000000000000, 13.79 W, 0 %
2026/09/30 10:22:15.619, 180 MHz, 405 MHz, 0x0000000000000000, 13.59 W, 0 %
2026/09/30 10:22:16.122, 180 MHz, 405 MHz, 0x0000000000000000, 13.53 W, 0 %
2026/09/30 10:22:16.637, 187 MHz, 405 MHz, 0x0000000000000000, 13.37 W, 0 %
2026/09/30 10:22:17.152, 180 MHz, 405 MHz, 0x0000000000000000, 13.35 W, 0 %
2026/09/30 10:22:17.668, 180 MHz, 405 MHz, 0x0000000000000000, 13.43 W, 0 %
2026/09/30 10:22:18.183, 180 MHz, 405 MHz, 0x0000000000000000, 13.24 W, 0 %
2026/09/30 10:22:18.699, 172 MHz, 405 MHz, 0x0000000000000000, 13.23 W, 0 %
2026/09/30 10:22:19.211, 180 MHz, 405 MHz, 0x0000000000000000, 13.17 W, 0 %
2026/09/30 10:22:19.724, 180 MHz, 405 MHz, 0x0000000000000000, 13.12 W, 0 %
2026/09/30 10:22:20.241, 180 MHz, 405 MHz, 0x0000000000000000, 12.96 W, 0 %
2026/09/30 10:22:20.744, 180 MHz, 405 MHz, 0x0000000000000000, 12.85 W, 0 %
2026/09/30 10:22:21.260, 180 MHz, 405 MHz, 0x0000000000000000, 12.90 W, 0 %
2026/09/30 10:22:21.761, 180 MHz, 405 MHz, 0x0000000000000000, 13.03 W, 0 %
2026/09/30 10:22:22.273, 180 MHz, 405 MHz, 0x0000000000000000, 13.06 W, 0 %
2026/09/30 10:22:22.775, 180 MHz, 405 MHz, 0x0000000000000000, 12.93 W, 0 %
2026/09/30 10:22:23.275, 180 MHz, 405 MHz, 0x0000000000000000, 12.70 W, 0 %
2026/09/30 10:22:23.777, 180 MHz, 405 MHz, 0x0000000000000000, 12.55 W, 0 %
2026/09/30 10:22:24.292, 180 MHz, 405 MHz, 0x0000000000000000, 12.45 W, 0 %
2026/09/30 10:22:24.793, 180 MHz, 405 MHz, 0x0000000000000000, 12.59 W, 0 %
2026/09/30 10:22:25.295, 180 MHz, 405 MHz, 0x0000000000000000, 12.79 W, 0 %
2026/09/30 10:22:25.798, 180 MHz, 405 MHz, 0x0000000000000000, 12.67 W, 0 %
2026/09/30 10:22:26.299, 180 MHz, 405 MHz, 0x0000000000000000, 12.53 W, 0 %
2026/09/30 10:22:26.814, 180 MHz, 405 MHz, 0x0000000000000000, 12.56 W, 0 %
2026/09/30 10:22:27.327, 180 MHz, 405 MHz, 0x0000000000000000, 12.54 W, 0 %
2026/09/30 10:22:27.828, 180 MHz, 405 MHz, 0x0000000000000000, 12.49 W, 0 %
2026/09/30 10:22:28.340, 180 MHz, 405 MHz, 0x0000000000000000, 12.53 W, 0 %
2026/09/30 10:22:28.853, 180 MHz, 405 MHz, 0x0000000000000000, 12.58 W, 0 %
2026/09/30 10:22:29.367, 180 MHz, 405 MHz, 0x0000000000000000, 12.56 W, 0 %
2026/09/30 10:22:29.881, 180 MHz, 405 MHz, 0x0000000000000000, 12.44 W, 0 %
2026/09/30 10:22:30.383, 180 MHz, 405 MHz, 0x0000000000000000, 12.39 W, 0 %
2026/09/30 10:22:30.894, 180 MHz, 405 MHz, 0x0000000000000000, 12.64 W, 0 %
2026/09/30 10:22:31.409, 180 MHz, 405 MHz, 0x0000000000000000, 12.77 W, 0 %
2026/09/30 10:22:31.922, 187 MHz, 405 MHz, 0x0000000000000000, 12.62 W, 0 %
2026/09/30 10:22:32.431, 187 MHz, 405 MHz, 0x0000000000000000, 12.57 W, 0 %
2026/09/30 10:22:32.944, 180 MHz, 405 MHz, 0x0000000000000000, 12.59 W, 0 %
2026/09/30 10:22:33.459, 202 MHz, 405 MHz, 0x0000000000000000, 12.53 W, 0 %
2026/09/30 10:22:33.972, 180 MHz, 405 MHz, 0x0000000000000000, 12.56 W, 0 %
2026/09/30 10:22:34.485, 187 MHz, 405 MHz, 0x0000000000000000, 12.53 W, 0 %
2026/09/30 10:22:34.998, 180 MHz, 405 MHz, 0x0000000000000000, 12.43 W, 0 %
2026/09/30 10:22:35.511, 187 MHz, 405 MHz, 0x0000000000000000, 12.36 W, 0 %
2026/09/30 10:22:36.026, 180 MHz, 405 MHz, 0x0000000000000000, 12.25 W, 0 %
2026/09/30 10:22:36.538, 195 MHz, 405 MHz, 0x0000000000000000, 12.33 W, 0 %
2026/09/30 10:22:37.051, 180 MHz, 405 MHz, 0x0000000000000000, 12.31 W, 0 %
2026/09/30 10:22:37.565, 202 MHz, 405 MHz, 0x0000000000000000, 12.47 W, 0 %
2026/09/30 10:22:38.079, 180 MHz, 405 MHz, 0x0000000000000000, 12.52 W, 0 %
2026/09/30 10:22:38.593, 180 MHz, 405 MHz, 0x0000000000000000, 12.33 W, 0 %
2026/09/30 10:22:39.094, 180 MHz, 405 MHz, 0x0000000000000000, 12.41 W, 0 %
2026/09/30 10:22:39.607, 187 MHz, 405 MHz, 0x0000000000000000, 12.53 W, 0 %
2026/09/30 10:22:40.108, 180 MHz, 405 MHz, 0x0000000000000000, 12.60 W, 0 %
2026/09/30 10:22:40.622, 195 MHz, 405 MHz, 0x0000000000000000, 12.81 W, 0 %
2026/09/30 10:22:41.137, 180 MHz, 405 MHz, 0x0000000000000000, 12.73 W, 0 %
2026/09/30 10:22:41.652, 187 MHz, 405 MHz, 0x0000000000000000, 12.53 W, 0 %
2026/09/30 10:22:42.166, 180 MHz, 405 MHz, 0x0000000000000000, 12.62 W, 0 %
2026/09/30 10:22:42.667, 187 MHz, 405 MHz, 0x0000000000000000, 12.57 W, 0 %
2026/09/30 10:22:43.181, 187 MHz, 405 MHz, 0x0000000000000000, 12.70 W, 0 %
2026/09/30 10:22:43.696, 180 MHz, 405 MHz, 0x0000000000000000, 12.67 W, 0 %
2026/09/30 10:22:44.208, 195 MHz, 405 MHz, 0x0000000000000000, 12.70 W, 0 %
2026/09/30 10:22:44.709, 180 MHz, 405 MHz, 0x0000000000000000, 12.64 W, 0 %
2026/09/30 10:22:45.220, 195 MHz, 405 MHz, 0x0000000000000000, 12.60 W, 0 %
2026/09/30 10:22:45.722, 180 MHz, 405 MHz, 0x0000000000000000, 12.69 W, 0 %
2026/09/30 10:22:46.238, 195 MHz, 405 MHz, 0x0000000000000000, 12.86 W, 0 %
2026/09/30 10:22:46.753, 180 MHz, 405 MHz, 0x0000000000000000, 12.84 W, 0 %
2026/09/30 10:22:47.267, 195 MHz, 405 MHz, 0x0000000000000000, 12.70 W, 0 %
2026/09/30 10:22:47.768, 180 MHz, 405 MHz, 0x0000000000000000, 12.65 W, 0 %
2026/09/30 10:22:48.282, 195 MHz, 405 MHz, 0x0000000000000000, 12.64 W, 0 %
2026/09/30 10:22:48.785, 180 MHz, 405 MHz, 0x0000000000000000, 12.47 W, 0 %
2026/09/30 10:22:49.300, 187 MHz, 405 MHz, 0x0000000000000000, 12.46 W, 0 %
2026/09/30 10:22:49.802, 180 MHz, 405 MHz, 0x0000000000000000, 12.46 W, 0 %
2026/09/30 10:22:50.304, 187 MHz, 405 MHz, 0x0000000000000000, 12.43 W, 0 %
2026/09/30 10:22:50.817, 180 MHz, 405 MHz, 0x0000000000000000, 12.29 W, 0 %
2026/09/30 10:22:51.330, 195 MHz, 405 MHz, 0x0000000000000000, 12.35 W, 0 %
2026/09/30 10:22:51.831, 180 MHz, 405 MHz, 0x0000000000000000, 12.36 W, 0 %
2026/09/30 10:22:52.345, 195 MHz, 405 MHz, 0x0000000000000000, 12.32 W, 0 %
2026/09/30 10:22:52.855, 180 MHz, 405 MHz, 0x0000000000000000, 12.52 W, 0 %
2026/09/30 10:22:53.368, 195 MHz, 405 MHz, 0x0000000000000000, 12.49 W, 0 %
2026/09/30 10:22:53.880, 180 MHz, 405 MHz, 0x0000000000000000, 12.22 W, 0 %
2026/09/30 10:22:54.393, 195 MHz, 405 MHz, 0x0000000000000000, 12.15 W, 0 %
2026/09/30 10:22:54.903, 180 MHz, 405 MHz, 0x0000000000000000, 12.18 W, 0 %
2026/09/30 10:22:55.415, 195 MHz, 405 MHz, 0x0000000000000000, 12.30 W, 0 %
2026/09/30 10:22:55.930, 180 MHz, 405 MHz, 0x0000000000000000, 12.42 W, 0 %
2026/09/30 10:22:56.442, 195 MHz, 405 MHz, 0x0000000000000000, 12.25 W, 0 %
2026/09/30 10:22:56.957, 180 MHz, 405 MHz, 0x0000000000000000, 12.20 W, 0 %
2026/09/30 10:22:57.466, 187 MHz, 405 MHz, 0x0000000000000000, 12.30 W, 0 %
2026/09/30 10:22:57.975, 180 MHz, 405 MHz, 0x0000000000000000, 12.29 W, 0 %
2026/09/30 10:22:58.488, 202 MHz, 405 MHz, 0x0000000000000000, 12.30 W, 0 %
2026/09/30 10:22:59.000, 180 MHz, 405 MHz, 0x0000000000000000, 12.34 W, 0 %
2026/09/30 10:22:59.513, 187 MHz, 405 MHz, 0x0000000000000000, 12.34 W, 0 %
2026/09/30 10:23:00.025, 180 MHz, 405 MHz, 0x0000000000000000, 12.40 W, 0 %
2026/09/30 10:23:00.526, 180 MHz, 405 MHz, 0x0000000000000000, 12.36 W, 0 %
2026/09/30 10:23:01.027, 180 MHz, 405 MHz, 0x0000000000000000, 12.35 W, 0 %
2026/09/30 10:23:01.541, 180 MHz, 405 MHz, 0x0000000000000000, 12.31 W, 0 %
2026/09/30 10:23:02.049, 180 MHz, 405 MHz, 0x0000000000000000, 12.45 W, 0 %
2026/09/30 10:23:02.560, 187 MHz, 405 MHz, 0x0000000000000000, 12.59 W, 0 %
2026/09/30 10:23:03.073, 180 MHz, 405 MHz, 0x0000000000000000, 12.47 W, 0 %
2026/09/30 10:23:03.588, 180 MHz, 405 MHz, 0x0000000000000000, 12.47 W, 0 %
2026/09/30 10:23:04.103, 180 MHz, 405 MHz, 0x0000000000000000, 12.42 W, 0 %
2026/09/30 10:23:04.617, 180 MHz, 405 MHz, 0x0000000000000000, 12.25 W, 0 %
2026/09/30 10:23:05.128, 180 MHz, 405 MHz, 0x0000000000000000, 12.19 W, 0 %
2026/09/30 10:23:05.628, 180 MHz, 405 MHz, 0x0000000000000000, 12.23 W, 0 %
2026/09/30 10:23:06.131, 180 MHz, 405 MHz, 0x0000000000000000, 12.23 W, 0 %
2026/09/30 10:23:06.647, 180 MHz, 405 MHz, 0x0000000000000000, 12.21 W, 0 %
2026/09/30 10:23:07.148, 180 MHz, 405 MHz, 0x0000000000000000, 12.26 W, 0 %
2026/09/30 10:23:07.662, 172 MHz, 405 MHz, 0x0000000000000000, 12.39 W, 0 %
2026/09/30 10:23:08.178, 180 MHz, 405 MHz, 0x0000000000000000, 12.39 W, 0 %
2026/09/30 10:23:08.692, 180 MHz, 405 MHz, 0x0000000000000000, 12.28 W, 0 %
2026/09/30 10:23:09.193, 180 MHz, 405 MHz, 0x0000000000000000, 12.24 W, 0 %
2026/09/30 10:23:09.709, 180 MHz, 405 MHz, 0x0000000000000000, 12.13 W, 0 %
2026/09/30 10:23:10.223, 180 MHz, 405 MHz, 0x0000000000000000, 12.13 W, 0 %
2026/09/30 10:23:10.724, 180 MHz, 405 MHz, 0x0000000000000000, 12.27 W, 0 %
2026/09/30 10:23:11.238, 180 MHz, 405 MHz, 0x0000000000000000, 12.44 W, 0 %
2026/09/30 10:23:11.748, 180 MHz, 405 MHz, 0x0000000000000000, 12.41 W, 0 %
2026/09/30 10:23:12.250, 180 MHz, 405 MHz, 0x0000000000000000, 12.41 W, 0 %
2026/09/30 10:23:12.760, 180 MHz, 405 MHz, 0x0000000000000000, 12.31 W, 0 %
2026/09/30 10:23:13.276, 180 MHz, 405 MHz, 0x0000000000000000, 12.28 W, 0 %
2026/09/30 10:23:13.790, 180 MHz, 405 MHz, 0x0000000000000000, 12.29 W, 0 %
2026/09/30 10:23:14.306, 180 MHz, 405 MHz, 0x0000000000000000, 12.51 W, 0 %
2026/09/30 10:23:14.806, 180 MHz, 405 MHz, 0x0000000000000000, 12.43 W, 0 %
2026/09/30 10:23:15.320, 180 MHz, 405 MHz, 0x0000000000000000, 12.26 W, 0 %
2026/09/30 10:23:15.834, 180 MHz, 405 MHz, 0x0000000000000000, 12.14 W, 0 %
2026/09/30 10:23:16.349, 180 MHz, 405 MHz, 0x0000000000000000, 12.10 W, 0 %
2026/09/30 10:23:16.864, 180 MHz, 405 MHz, 0x0000000000000000, 12.18 W, 0 %
2026/09/30 10:23:17.379, 180 MHz, 405 MHz, 0x0000000000000000, 12.47 W, 0 %
2026/09/30 10:23:17.887, 180 MHz, 405 MHz, 0x0000000000000000, 12.45 W, 0 %
2026/09/30 10:23:18.402, 180 MHz, 405 MHz, 0x0000000000000000, 12.32 W, 0 %
2026/09/30 10:23:18.917, 180 MHz, 405 MHz, 0x0000000000000000, 12.23 W, 0 %
2026/09/30 10:23:19.431, 202 MHz, 405 MHz, 0x0000000000000000, 12.37 W, 0 %
2026/09/30 10:23:19.945, 180 MHz, 405 MHz, 0x0000000000000000, 12.28 W, 0 %
2026/09/30 10:23:20.446, 2122 MHz, 13801 MHz, 0x0000000000000000, 29.77 W, 5 %
2026/09/30 10:23:20.962, 2415 MHz, 13801 MHz, 0x0000000000000000, 56.42 W, 42 %
2026/09/30 10:23:21.473, 2400 MHz, 13801 MHz, 0x0000000000000000, 63.91 W, 1 %
2026/09/30 10:23:21.988, 2392 MHz, 13801 MHz, 0x0000000000000000, 60.21 W, 1 %
2026/09/30 10:23:22.501, 2400 MHz, 13801 MHz, 0x0000000000000000, 57.88 W, 1 %
2026/09/30 10:23:23.015, 2392 MHz, 13801 MHz, 0x0000000000000000, 57.83 W, 1 %
2026/09/30 10:23:23.531, 2392 MHz, 13801 MHz, 0x0000000000000000, 57.50 W, 0 %
2026/09/30 10:23:24.045, 2400 MHz, 13801 MHz, 0x0000000000000000, 57.70 W, 1 %
2026/09/30 10:23:24.562, 2400 MHz, 13801 MHz, 0x0000000000000000, 58.04 W, 0 %
2026/09/30 10:23:25.063, 2430 MHz, 13801 MHz, 0x0000000000000000, 58.98 W, 0 %
2026/09/30 10:23:25.566, 2452 MHz, 13801 MHz, 0x0000000000000000, 60.58 W, 1 %
2026/09/30 10:23:26.077, 2437 MHz, 13801 MHz, 0x0000000000000000, 60.99 W, 0 %
2026/09/30 10:23:26.580, 2460 MHz, 13801 MHz, 0x0000000000000000, 60.94 W, 1 %
2026/09/30 10:23:27.093, 1485 MHz, 7001 MHz, 0x0000000000000000, 55.45 W, 0 %
2026/09/30 10:23:27.608, 735 MHz, 810 MHz, 0x0000000000000000, 44.09 W, 4 %
2026/09/30 10:23:28.121, 697 MHz, 810 MHz, 0x0000000000000000, 34.24 W, 4 %
2026/09/30 10:23:28.634, 547 MHz, 810 MHz, 0x0000000000000000, 31.48 W, 4 %
2026/09/30 10:23:29.148, 465 MHz, 405 MHz, 0x0000000000000000, 30.00 W, 1 %
2026/09/30 10:23:29.659, 540 MHz, 405 MHz, 0x0000000000000000, 29.27 W, 7 %
2026/09/30 10:23:30.173, 480 MHz, 405 MHz, 0x0000000000000000, 29.10 W, 7 %
2026/09/30 10:23:30.676, 495 MHz, 405 MHz, 0x0000000000000000, 28.53 W, 6 %
2026/09/30 10:23:31.181, 427 MHz, 405 MHz, 0x0000000000000000, 27.65 W, 2 %
2026/09/30 10:23:31.694, 420 MHz, 405 MHz, 0x0000000000000000, 27.45 W, 7 %
2026/09/30 10:23:32.210, 232 MHz, 405 MHz, 0x0000000000000000, 24.78 W, 7 %
2026/09/30 10:23:32.724, 352 MHz, 405 MHz, 0x0000000000000000, 23.24 W, 6 %
2026/09/30 10:23:33.227, 352 MHz, 405 MHz, 0x0000000000000000, 25.39 W, 2 %
2026/09/30 10:23:33.730, 360 MHz, 405 MHz, 0x0000000000000000, 26.93 W, 5 %
2026/09/30 10:23:34.244, 382 MHz, 405 MHz, 0x0000000000000000, 26.66 W, 2 %
2026/09/30 10:23:34.744, 412 MHz, 405 MHz, 0x0000000000000000, 26.94 W, 3 %
2026/09/30 10:23:35.259, 390 MHz, 405 MHz, 0x0000000000000000, 28.17 W, 8 %
2026/09/30 10:23:35.760, 487 MHz, 405 MHz, 0x0000000000000000, 29.12 W, 6 %
2026/09/30 10:23:36.274, 465 MHz, 405 MHz, 0x0000000000000000, 28.83 W, 4 %
2026/09/30 10:23:36.789, 442 MHz, 405 MHz, 0x0000000000000000, 28.10 W, 7 %
2026/09/30 10:23:37.303, 420 MHz, 405 MHz, 0x0000000000000000, 27.59 W, 3 %
2026/09/30 10:23:37.805, 435 MHz, 405 MHz, 0x0000000000000000, 27.05 W, 7 %
2026/09/30 10:23:38.318, 180 MHz, 405 MHz, 0x0000000000000000, 19.97 W, 7 %
2026/09/30 10:23:38.833, 202 MHz, 405 MHz, 0x0000000000000000, 13.64 W, 5 %
2026/09/30 10:23:39.333, 180 MHz, 405 MHz, 0x0000000000000000, 13.06 W, 7 %
2026/09/30 10:23:39.847, 195 MHz, 405 MHz, 0x0000000000000000, 12.42 W, 8 %
2026/09/30 10:23:40.350, 187 MHz, 405 MHz, 0x0000000000000000, 12.58 W, 4 %
2026/09/30 10:23:40.862, 195 MHz, 405 MHz, 0x0000000000000000, 12.47 W, 1 %
2026/09/30 10:23:41.378, 375 MHz, 405 MHz, 0x0000000000000000, 16.21 W, 8 %
2026/09/30 10:23:41.890, 487 MHz, 405 MHz, 0x0000000000000000, 24.77 W, 6 %
2026/09/30 10:23:42.403, 352 MHz, 405 MHz, 0x0000000000000000, 28.03 W, 6 %
2026/09/30 10:23:42.917, 502 MHz, 405 MHz, 0x0000000000000000, 27.77 W, 5 %
2026/09/30 10:23:43.417, 442 MHz, 405 MHz, 0x0000000000000000, 26.98 W, 5 %
2026/09/30 10:23:43.932, 427 MHz, 405 MHz, 0x0000000000000000, 26.79 W, 8 %
2026/09/30 10:23:44.433, 405 MHz, 405 MHz, 0x0000000000000000, 27.61 W, 7 %
2026/09/30 10:23:44.936, 322 MHz, 405 MHz, 0x0000000000000000, 24.04 W, 7 %
2026/09/30 10:23:45.451, 187 MHz, 405 MHz, 0x0000000000000000, 19.99 W, 7 %
2026/09/30 10:23:45.954, 427 MHz, 405 MHz, 0x0000000000000000, 22.62 W, 6 %
2026/09/30 10:23:46.455, 435 MHz, 405 MHz, 0x0000000000000000, 27.55 W, 7 %
2026/09/30 10:23:46.970, 420 MHz, 405 MHz, 0x0000000000000000, 27.52 W, 7 %
2026/09/30 10:23:47.483, 390 MHz, 405 MHz, 0x0000000000000000, 26.99 W, 4 %
2026/09/30 10:23:47.998, 450 MHz, 405 MHz, 0x0000000000000000, 26.63 W, 4 %
2026/09/30 10:23:48.512, 472 MHz, 405 MHz, 0x0000000000000000, 27.44 W, 7 %
2026/09/30 10:23:49.028, 427 MHz, 405 MHz, 0x0000000000000000, 27.75 W, 4 %
2026/09/30 10:23:49.541, 457 MHz, 405 MHz, 0x0000000000000000, 27.39 W, 6 %
2026/09/30 10:23:50.056, 450 MHz, 405 MHz, 0x0000000000000000, 27.50 W, 7 %
2026/09/30 10:23:50.571, 322 MHz, 405 MHz, 0x0000000000000000, 26.89 W, 9 %
2026/09/30 10:23:51.072, 412 MHz, 405 MHz, 0x0000000000000000, 26.65 W, 7 %
2026/09/30 10:23:51.582, 435 MHz, 405 MHz, 0x0000000000000000, 27.26 W, 3 %
2026/09/30 10:23:52.096, 435 MHz, 405 MHz, 0x0000000000000000, 26.95 W, 7 %
2026/09/30 10:23:52.610, 487 MHz, 405 MHz, 0x0000000000000000, 27.01 W, 4 %
2026/09/30 10:23:53.122, 390 MHz, 405 MHz, 0x0000000000000000, 26.95 W, 5 %
2026/09/30 10:23:53.622, 412 MHz, 405 MHz, 0x0000000000000000, 26.62 W, 7 %
2026/09/30 10:23:54.137, 457 MHz, 405 MHz, 0x0000000000000000, 27.28 W, 6 %
2026/09/30 10:23:54.638, 375 MHz, 405 MHz, 0x0000000000000000, 27.01 W, 4 %
2026/09/30 10:23:55.154, 345 MHz, 405 MHz, 0x0000000000000000, 26.23 W, 8 %
2026/09/30 10:23:55.668, 442 MHz, 405 MHz, 0x0000000000000000, 26.69 W, 4 %
2026/09/30 10:23:56.181, 420 MHz, 405 MHz, 0x0000000000000000, 26.96 W, 8 %
2026/09/30 10:23:56.696, 405 MHz, 405 MHz, 0x0000000000000000, 24.69 W, 7 %
2026/09/30 10:23:57.198, 442 MHz, 405 MHz, 0x0000000000000000, 22.50 W, 2 %
2026/09/30 10:23:57.711, 442 MHz, 405 MHz, 0x0000000000000000, 25.87 W, 2 %
2026/09/30 10:23:58.211, 345 MHz, 405 MHz, 0x0000000000000000, 25.73 W, 7 %
2026/09/30 10:23:58.724, 390 MHz, 405 MHz, 0x0000000000000000, 25.23 W, 3 %
2026/09/30 10:23:59.240, 345 MHz, 405 MHz, 0x0000000000000000, 25.02 W, 3 %
2026/09/30 10:23:59.742, 307 MHz, 405 MHz, 0x0000000000000000, 24.52 W, 7 %
2026/09/30 10:24:00.242, 337 MHz, 405 MHz, 0x0000000000000000, 24.64 W, 6 %
2026/09/30 10:24:00.757, 487 MHz, 405 MHz, 0x0000000000000000, 25.82 W, 5 %
2026/09/30 10:24:01.262, 472 MHz, 405 MHz, 0x0000000000000000, 26.55 W, 1 %
2026/09/30 10:24:01.774, 307 MHz, 405 MHz, 0x0000000000000000, 24.17 W, 0 %
2026/09/30 10:24:02.276, 472 MHz, 405 MHz, 0x0000000000000000, 24.78 W, 8 %
2026/09/30 10:24:02.788, 555 MHz, 405 MHz, 0x0000000000000000, 27.84 W, 3 %
2026/09/30 10:24:03.303, 390 MHz, 405 MHz, 0x0000000000000000, 26.41 W, 2 %
2026/09/30 10:24:03.817, 307 MHz, 405 MHz, 0x0000000000000000, 24.73 W, 2 %
2026/09/30 10:24:04.332, 330 MHz, 405 MHz, 0x0000000000000000, 24.83 W, 7 %
2026/09/30 10:24:04.848, 472 MHz, 405 MHz, 0x0000000000000000, 26.19 W, 7 %
2026/09/30 10:24:05.360, 457 MHz, 405 MHz, 0x0000000000000000, 27.49 W, 7 %
2026/09/30 10:24:05.872, 480 MHz, 405 MHz, 0x0000000000000000, 27.31 W, 7 %
2026/09/30 10:24:06.385, 457 MHz, 405 MHz, 0x0000000000000000, 27.16 W, 6 %
2026/09/30 10:24:06.895, 465 MHz, 405 MHz, 0x0000000000000000, 27.29 W, 7 %
2026/09/30 10:24:07.404, 450 MHz, 405 MHz, 0x0000000000000000, 27.36 W, 7 %
2026/09/30 10:24:07.917, 450 MHz, 405 MHz, 0x0000000000000000, 27.35 W, 7 %
2026/09/30 10:24:08.430, 405 MHz, 405 MHz, 0x0000000000000000, 27.09 W, 7 %
2026/09/30 10:24:08.946, 450 MHz, 405 MHz, 0x0000000000000000, 27.23 W, 7 %
2026/09/30 10:24:09.461, 472 MHz, 405 MHz, 0x0000000000000000, 27.65 W, 6 %
2026/09/30 10:24:09.969, 465 MHz, 405 MHz, 0x0000000000000000, 27.56 W, 7 %
2026/09/30 10:24:10.479, 457 MHz, 405 MHz, 0x0000000000000000, 27.43 W, 7 %
2026/09/30 10:24:10.980, 457 MHz, 405 MHz, 0x0000000000000000, 27.38 W, 7 %
2026/09/30 10:24:11.491, 450 MHz, 405 MHz, 0x0000000000000000, 25.77 W, 8 %
2026/09/30 10:24:12.000, 232 MHz, 405 MHz, 0x0000000000000000, 22.10 W, 5 %
2026/09/30 10:24:12.508, 345 MHz, 405 MHz, 0x0000000000000000, 22.58 W, 6 %
2026/09/30 10:24:13.023, 390 MHz, 405 MHz, 0x0000000000000000, 25.24 W, 3 %
2026/09/30 10:24:13.532, 337 MHz, 405 MHz, 0x0000000000000000, 25.55 W, 5 %
2026/09/30 10:24:14.033, 435 MHz, 405 MHz, 0x0000000000000000, 26.44 W, 7 %
2026/09/30 10:24:14.534, 367 MHz, 405 MHz, 0x0000000000000000, 27.09 W, 5 %
2026/09/30 10:24:15.045, 442 MHz, 405 MHz, 0x0000000000000000, 27.32 W, 8 %
2026/09/30 10:24:15.545, 450 MHz, 405 MHz, 0x0000000000000000, 27.42 W, 3 %
2026/09/30 10:24:16.060, 330 MHz, 405 MHz, 0x0000000000000000, 26.18 W, 4 %
2026/09/30 10:24:16.575, 397 MHz, 405 MHz, 0x0000000000000000, 26.08 W, 5 %
2026/09/30 10:24:17.090, 367 MHz, 405 MHz, 0x0000000000000000, 26.40 W, 9 %
2026/09/30 10:24:17.604, 420 MHz, 405 MHz, 0x0000000000000000, 26.30 W, 6 %
2026/09/30 10:24:18.119, 412 MHz, 405 MHz, 0x0000000000000000, 26.95 W, 6 %
2026/09/30 10:24:18.622, 367 MHz, 405 MHz, 0x0000000000000000, 26.50 W, 7 %
2026/09/30 10:24:19.135, 450 MHz, 405 MHz, 0x0000000000000000, 26.03 W, 6 %
2026/09/30 10:24:19.649, 465 MHz, 405 MHz, 0x0000000000000000, 26.16 W, 1 %
2026/09/30 10:24:20.160, 360 MHz, 405 MHz, 0x0000000000000000, 25.48 W, 3 %
2026/09/30 10:24:20.661, 375 MHz, 405 MHz, 0x0000000000000000, 24.73 W, 7 %
2026/09/30 10:24:21.174, 390 MHz, 405 MHz, 0x0000000000000000, 26.16 W, 7 %
2026/09/30 10:24:21.689, 390 MHz, 405 MHz, 0x0000000000000000, 26.38 W, 6 %
2026/09/30 10:24:22.191, 435 MHz, 405 MHz, 0x0000000000000000, 26.25 W, 5 %
2026/09/30 10:24:22.703, 322 MHz, 405 MHz, 0x0000000000000000, 25.43 W, 6 %
2026/09/30 10:24:23.207, 442 MHz, 405 MHz, 0x0000000000000000, 26.99 W, 7 %
2026/09/30 10:24:23.723, 457 MHz, 405 MHz, 0x0000000000000000, 26.43 W, 1 %
2026/09/30 10:24:24.234, 292 MHz, 405 MHz, 0x0000000000000000, 22.89 W, 8 %
2026/09/30 10:24:24.749, 397 MHz, 405 MHz, 0x0000000000000000, 20.86 W, 6 %
2026/09/30 10:24:25.264, 450 MHz, 405 MHz, 0x0000000000000000, 24.81 W, 8 %
2026/09/30 10:24:25.779, 360 MHz, 405 MHz, 0x0000000000000000, 26.56 W, 4 %
2026/09/30 10:24:26.294, 457 MHz, 405 MHz, 0x0000000000000000, 26.42 W, 7 %
2026/09/30 10:24:26.810, 442 MHz, 405 MHz, 0x0000000000000000, 26.52 W, 7 %
2026/09/30 10:24:27.322, 465 MHz, 405 MHz, 0x0000000000000000, 26.66 W, 7 %
2026/09/30 10:24:27.834, 442 MHz, 405 MHz, 0x0000000000000000, 26.73 W, 7 %
2026/09/30 10:24:28.349, 360 MHz, 405 MHz, 0x0000000000000000, 26.15 W, 2 %
2026/09/30 10:24:28.861, 420 MHz, 405 MHz, 0x0000000000000000, 25.48 W, 7 %
2026/09/30 10:24:29.362, 450 MHz, 405 MHz, 0x0000000000000000, 26.21 W, 7 %
2026/09/30 10:24:29.863, 450 MHz, 405 MHz, 0x0000000000000000, 26.80 W, 6 %
2026/09/30 10:24:30.365, 435 MHz, 405 MHz, 0x0000000000000000, 26.52 W, 5 %
2026/09/30 10:24:30.867, 442 MHz, 405 MHz, 0x0000000000000000, 26.29 W, 6 %
2026/09/30 10:24:31.380, 442 MHz, 405 MHz, 0x0000000000000000, 26.38 W, 7 %
2026/09/30 10:24:31.891, 412 MHz, 405 MHz, 0x0000000000000000, 26.14 W, 7 %
2026/09/30 10:24:32.392, 442 MHz, 405 MHz, 0x0000000000000000, 26.30 W, 6 %
2026/09/30 10:24:32.906, 435 MHz, 405 MHz, 0x0000000000000000, 26.61 W, 7 %
2026/09/30 10:24:33.419, 442 MHz, 405 MHz, 0x0000000000000000, 26.65 W, 6 %
2026/09/30 10:24:33.921, 472 MHz, 405 MHz, 0x0000000000000000, 27.02 W, 8 %
2026/09/30 10:24:34.436, 337 MHz, 405 MHz, 0x0000000000000000, 26.47 W, 7 %
2026/09/30 10:24:34.938, 412 MHz, 405 MHz, 0x0000000000000000, 26.00 W, 6 %
2026/09/30 10:24:35.453, 337 MHz, 405 MHz, 0x0000000000000000, 25.66 W, 7 %
2026/09/30 10:24:35.964, 465 MHz, 405 MHz, 0x0000000000000000, 25.87 W, 6 %
2026/09/30 10:24:36.464, 420 MHz, 405 MHz, 0x0000000000000000, 25.98 W, 5 %
2026/09/30 10:24:36.975, 487 MHz, 405 MHz, 0x0000000000000000, 26.39 W, 7 %
2026/09/30 10:24:37.489, 442 MHz, 405 MHz, 0x0000000000000000, 26.51 W, 3 %
2026/09/30 10:24:38.004, 352 MHz, 405 MHz, 0x0000000000000000, 25.08 W, 2 %
2026/09/30 10:24:38.519, 397 MHz, 405 MHz, 0x0000000000000000, 24.42 W, 7 %
2026/09/30 10:24:39.024, 352 MHz, 405 MHz, 0x0000000000000000, 25.19 W, 7 %
2026/09/30 10:24:39.530, 510 MHz, 405 MHz, 0x0000000000000000, 25.36 W, 10 %
2026/09/30 10:24:40.042, 337 MHz, 405 MHz, 0x0000000000000000, 24.33 W, 8 %
2026/09/30 10:24:40.543, 540 MHz, 405 MHz, 0x0000000000000000, 24.42 W, 7 %
2026/09/30 10:24:41.057, 390 MHz, 405 MHz, 0x0000000000000000, 26.21 W, 8 %
2026/09/30 10:24:41.570, 307 MHz, 405 MHz, 0x0000000000000000, 24.94 W, 4 %
2026/09/30 10:24:42.083, 270 MHz, 405 MHz, 0x0000000000000000, 22.81 W, 2 %
2026/09/30 10:24:42.584, 427 MHz, 405 MHz, 0x0000000000000000, 22.79 W, 4 %
2026/09/30 10:24:43.095, 457 MHz, 405 MHz, 0x0000000000000000, 25.37 W, 7 %
2026/09/30 10:24:43.596, 502 MHz, 405 MHz, 0x0000000000000000, 26.86 W, 8 %
2026/09/30 10:24:44.109, 277 MHz, 405 MHz, 0x0000000000000000, 24.51 W, 6 %
2026/09/30 10:24:44.623, 397 MHz, 405 MHz, 0x0000000000000000, 23.44 W, 6 %
2026/09/30 10:24:45.139, 420 MHz, 405 MHz, 0x0000000000000000, 25.29 W, 6 %
2026/09/30 10:24:45.654, 397 MHz, 405 MHz, 0x0000000000000000, 25.18 W, 7 %
2026/09/30 10:24:46.157, 442 MHz, 405 MHz, 0x0000000000000000, 24.63 W, 3 %
2026/09/30 10:24:46.658, 427 MHz, 405 MHz, 0x0000000000000000, 24.86 W, 6 %
2026/09/30 10:24:47.173, 435 MHz, 405 MHz, 0x0000000000000000, 25.79 W, 7 %
2026/09/30 10:24:47.674, 420 MHz, 405 MHz, 0x0000000000000000, 25.68 W, 7 %
2026/09/30 10:24:48.176, 412 MHz, 405 MHz, 0x0000000000000000, 25.17 W, 6 %
2026/09/30 10:24:48.686, 442 MHz, 405 MHz, 0x0000000000000000, 24.92 W, 7 %
2026/09/30 10:24:49.198, 435 MHz, 405 MHz, 0x0000000000000000, 25.44 W, 7 %
2026/09/30 10:24:49.699, 427 MHz, 405 MHz, 0x0000000000000000, 25.93 W, 6 %
2026/09/30 10:24:50.209, 450 MHz, 405 MHz, 0x0000000000000000, 26.35 W, 7 %
2026/09/30 10:24:50.712, 442 MHz, 405 MHz, 0x0000000000000000, 26.81 W, 7 %
2026/09/30 10:24:51.224, 510 MHz, 405 MHz, 0x0000000000000000, 26.60 W, 3 %
2026/09/30 10:24:51.726, 367 MHz, 405 MHz, 0x0000000000000000, 25.51 W, 2 %
2026/09/30 10:24:52.236, 465 MHz, 405 MHz, 0x0000000000000000, 25.39 W, 7 %
2026/09/30 10:24:52.750, 435 MHz, 405 MHz, 0x0000000000000000, 26.21 W, 7 %
2026/09/30 10:24:53.265, 322 MHz, 405 MHz, 0x0000000000000000, 25.19 W, 4 %
2026/09/30 10:24:53.769, 435 MHz, 405 MHz, 0x0000000000000000, 24.57 W, 2 %
2026/09/30 10:24:54.270, 495 MHz, 405 MHz, 0x0000000000000000, 25.07 W, 7 %
2026/09/30 10:24:54.770, 375 MHz, 405 MHz, 0x0000000000000000, 23.96 W, 4 %
2026/09/30 10:24:55.272, 510 MHz, 405 MHz, 0x0000000000000000, 23.61 W, 7 %
2026/09/30 10:24:55.786, 457 MHz, 405 MHz, 0x0000000000000000, 24.55 W, 3 %
2026/09/30 10:24:56.299, 472 MHz, 405 MHz, 0x0000000000000000, 25.25 W, 3 %
2026/09/30 10:24:56.814, 397 MHz, 405 MHz, 0x0000000000000000, 24.84 W, 3 %
2026/09/30 10:24:57.329, 435 MHz, 405 MHz, 0x0000000000000000, 25.15 W, 8 %
2026/09/30 10:24:57.845, 450 MHz, 405 MHz, 0x0000000000000000, 25.51 W, 7 %
2026/09/30 10:24:58.360, 382 MHz, 405 MHz, 0x0000000000000000, 25.62 W, 8 %
2026/09/30 10:24:58.873, 622 MHz, 13801 MHz, 0x0000000000000000, 38.69 W, 95 %
2026/09/30 10:24:59.376, 2932 MHz, 13801 MHz, 0x0000000000000000, 91.84 W, 41 %
2026/09/30 10:24:59.888, 2947 MHz, 13801 MHz, 0x0000000000000000, 123.97 W, 55 %
2026/09/30 10:25:00.389, 2932 MHz, 13801 MHz, 0x0000000000000000, 117.04 W, 1 %
2026/09/30 10:25:00.903, 2947 MHz, 13801 MHz, 0x0000000000000000, 104.17 W, 0 %
2026/09/30 10:25:01.417, 2947 MHz, 13801 MHz, 0x0000000000000000, 90.75 W, 0 %
2026/09/30 10:25:01.931, 2947 MHz, 13801 MHz, 0x0000000000000000, 90.56 W, 0 %
2026/09/30 10:25:02.445, 1492 MHz, 7001 MHz, 0x0000000000000000, 75.21 W, 0 %
2026/09/30 10:25:02.958, 472 MHz, 7001 MHz, 0x0000000000000000, 44.54 W, 0 %
2026/09/30 10:25:03.460, 397 MHz, 7001 MHz, 0x0000000000000000, 32.30 W, 0 %
2026/09/30 10:25:03.974, 307 MHz, 7001 MHz, 0x0000000000000000, 31.88 W, 0 %
2026/09/30 10:25:04.489, 255 MHz, 7001 MHz, 0x0000000000000000, 31.30 W, 0 %
2026/09/30 10:25:05.003, 187 MHz, 810 MHz, 0x0000000000000000, 31.05 W, 0 %
2026/09/30 10:25:05.508, 277 MHz, 810 MHz, 0x0000000000000000, 26.88 W, 0 %
2026/09/30 10:25:06.024, 180 MHz, 810 MHz, 0x0000000000000000, 19.32 W, 0 %
2026/09/30 10:25:06.538, 382 MHz, 810 MHz, 0x0000000000000000, 16.36 W, 0 %
2026/09/30 10:25:07.039, 180 MHz, 13801 MHz, 0x0000000000000000, 25.80 W, 94 %
2026/09/30 10:25:07.553, 1732 MHz, 13801 MHz, 0x0000000000000000, 46.22 W, 0 %
2026/09/30 10:25:08.069, 1732 MHz, 13801 MHz, 0x0000000000000000, 60.36 W, 0 %
2026/09/30 10:25:08.583, 1987 MHz, 13801 MHz, 0x0000000000000000, 59.92 W, 0 %
2026/09/30 10:25:09.096, 1575 MHz, 7001 MHz, 0x0000000000000000, 58.10 W, 0 %
2026/09/30 10:25:09.607, 885 MHz, 7001 MHz, 0x0000000000000000, 39.52 W, 0 %
2026/09/30 10:25:10.121, 1230 MHz, 7001 MHz, 0x0000000000000000, 44.75 W, 0 %
2026/09/30 10:25:10.622, 787 MHz, 7001 MHz, 0x0000000000000000, 43.52 W, 0 %
2026/09/30 10:25:11.136, 622 MHz, 7001 MHz, 0x0000000000000000, 33.81 W, 0 %
2026/09/30 10:25:11.650, 510 MHz, 7001 MHz, 0x0000000000000000, 32.64 W, 0 %
2026/09/30 10:25:12.165, 382 MHz, 7001 MHz, 0x0000000000000000, 31.68 W, 0 %
2026/09/30 10:25:12.678, 322 MHz, 7001 MHz, 0x0000000000000000, 31.14 W, 0 %
2026/09/30 10:25:13.192, 247 MHz, 810 MHz, 0x0000000000000000, 29.07 W, 0 %
2026/09/30 10:25:13.708, 217 MHz, 810 MHz, 0x0000000000000000, 22.64 W, 0 %
2026/09/30 10:25:14.222, 202 MHz, 810 MHz, 0x0000000000000000, 13.39 W, 0 %
2026/09/30 10:25:14.736, 1492 MHz, 13801 MHz, 0x0000000000000000, 38.79 W, 100 %
2026/09/30 10:25:15.249, 2932 MHz, 13801 MHz, 0x0000000000000000, 110.00 W, 0 %
2026/09/30 10:25:15.764, 2947 MHz, 13801 MHz, 0x0000000000000000, 120.87 W, 0 %
2026/09/30 10:25:16.276, 2947 MHz, 13801 MHz, 0x0000000000000000, 91.10 W, 0 %
2026/09/30 10:25:16.788, 2947 MHz, 7001 MHz, 0x0000000000000000, 90.93 W, 0 %
2026/09/30 10:25:17.298, 1260 MHz, 7001 MHz, 0x0000000000000000, 77.45 W, 0 %
2026/09/30 10:25:17.813, 652 MHz, 7001 MHz, 0x0000000000000000, 52.63 W, 0 %
2026/09/30 10:25:18.327, 525 MHz, 7001 MHz, 0x0000000000000000, 50.85 W, 72 %
2026/09/30 10:25:18.839, 1380 MHz, 7001 MHz, 0x0000000000000000, 51.56 W, 0 %
2026/09/30 10:25:19.347, 1102 MHz, 7001 MHz, 0x0000000000000000, 49.71 W, 0 %
2026/09/30 10:25:19.858, 840 MHz, 7001 MHz, 0x0000000000000000, 34.81 W, 0 %
2026/09/30 10:25:20.366, 697 MHz, 7001 MHz, 0x0000000000000000, 34.19 W, 0 %
2026/09/30 10:25:20.876, 525 MHz, 7001 MHz, 0x0000000000000000, 33.12 W, 0 %
2026/09/30 10:25:21.388, 442 MHz, 7001 MHz, 0x0000000000000000, 32.39 W, 0 %
2026/09/30 10:25:21.897, 345 MHz, 7001 MHz, 0x0000000000000000, 31.66 W, 0 %
2026/09/30 10:25:22.411, 300 MHz, 810 MHz, 0x0000000000000000, 30.17 W, 0 %
2026/09/30 10:25:22.924, 217 MHz, 810 MHz, 0x0000000000000000, 23.31 W, 0 %
2026/09/30 10:25:23.434, 202 MHz, 810 MHz, 0x0000000000000000, 16.21 W, 0 %
2026/09/30 10:25:23.944, 180 MHz, 810 MHz, 0x0000000000000000, 14.14 W, 0 %
2026/09/30 10:25:24.453, 285 MHz, 405 MHz, 0x0000000000000000, 12.86 W, 0 %
2026/09/30 10:25:24.966, 180 MHz, 405 MHz, 0x0000000000000000, 11.77 W, 0 %
2026/09/30 10:25:25.481, 232 MHz, 405 MHz, 0x0000000000000000, 11.85 W, 0 %
2026/09/30 10:25:25.994, 180 MHz, 405 MHz, 0x0000000000000000, 11.66 W, 0 %
2026/09/30 10:25:26.509, 945 MHz, 13801 MHz, 0x0000000000000000, 36.69 W, 42 %
2026/09/30 10:25:27.010, 2932 MHz, 13801 MHz, 0x0000000000000000, 103.20 W, 0 %
2026/09/30 10:25:27.523, 2940 MHz, 13801 MHz, 0x0000000000000000, 128.39 W, 0 %
2026/09/30 10:25:28.039, 2940 MHz, 13801 MHz, 0x0000000000000000, 91.14 W, 0 %
2026/09/30 10:25:28.552, 2940 MHz, 7001 MHz, 0x0000000000000000, 86.14 W, 0 %
2026/09/30 10:25:29.055, 727 MHz, 7001 MHz, 0x0000000000000000, 57.18 W, 0 %
2026/09/30 10:25:29.569, 592 MHz, 7001 MHz, 0x0000000000000000, 33.73 W, 0 %
2026/09/30 10:25:30.082, 457 MHz, 7001 MHz, 0x0000000000000000, 32.60 W, 0 %
2026/09/30 10:25:30.593, 382 MHz, 7001 MHz, 0x0000000000000000, 31.84 W, 0 %
2026/09/30 10:25:31.106, 292 MHz, 7001 MHz, 0x0000000000000000, 31.17 W, 0 %
2026/09/30 10:25:31.620, 277 MHz, 7001 MHz, 0x0000000000000000, 52.98 W, 62 %
2026/09/30 10:25:32.132, 1110 MHz, 7001 MHz, 0x0000000000000000, 55.76 W, 0 %
2026/09/30 10:25:32.635, 900 MHz, 7001 MHz, 0x0000000000000000, 47.64 W, 0 %
2026/09/30 10:25:33.147, 712 MHz, 7001 MHz, 0x0000000000000000, 34.12 W, 0 %
2026/09/30 10:25:33.661, 570 MHz, 7001 MHz, 0x0000000000000000, 33.36 W, 0 %
2026/09/30 10:25:34.177, 442 MHz, 7001 MHz, 0x0000000000000000, 32.69 W, 0 %
2026/09/30 10:25:34.692, 367 MHz, 810 MHz, 0x0000000000000000, 38.66 W, 71 %
2026/09/30 10:25:35.205, 2940 MHz, 13801 MHz, 0x0000000000000000, 75.19 W, 0 %
2026/09/30 10:25:35.719, 2940 MHz, 13801 MHz, 0x0000000000000000, 101.95 W, 0 %
2026/09/30 10:25:36.233, 2940 MHz, 7001 MHz, 0x0000000000000000, 85.69 W, 0 %
2026/09/30 10:25:36.735, 600 MHz, 7001 MHz, 0x0000000000000000, 56.83 W, 0 %
2026/09/30 10:25:37.236, 510 MHz, 7001 MHz, 0x0000000000000000, 33.47 W, 0 %
2026/09/30 10:25:37.751, 967 MHz, 13801 MHz, 0x0000000000000000, 52.77 W, 44 %
2026/09/30 10:25:38.251, 2310 MHz, 13801 MHz, 0x0000000000000000, 62.94 W, 0 %
2026/09/30 10:25:38.766, 2310 MHz, 13801 MHz, 0x0000000000000000, 61.98 W, 0 %
2026/09/30 10:25:39.277, 2310 MHz, 13801 MHz, 0x0000000000000000, 55.27 W, 0 %
2026/09/30 10:25:39.787, 1942 MHz, 7001 MHz, 0x0000000000000000, 51.43 W, 0 %
2026/09/30 10:25:40.298, 420 MHz, 7001 MHz, 0x0000000000000000, 40.05 W, 0 %
2026/09/30 10:25:40.807, 322 MHz, 7001 MHz, 0x0000000000000000, 32.33 W, 0 %
2026/09/30 10:25:41.322, 262 MHz, 7001 MHz, 0x0000000000000000, 31.82 W, 0 %
2026/09/30 10:25:41.833, 225 MHz, 7001 MHz, 0x0000000000000000, 31.41 W, 0 %
2026/09/30 10:25:42.346, 262 MHz, 810 MHz, 0x0000000000000000, 28.82 W, 0 %
2026/09/30 10:25:42.861, 1470 MHz, 7001 MHz, 0x0000000000000000, 38.65 W, 0 %
2026/09/30 10:25:43.373, 1500 MHz, 13801 MHz, 0x0000000000000000, 49.85 W, 11 %
2026/09/30 10:25:43.886, 2002 MHz, 13801 MHz, 0x0000000000000000, 75.71 W, 9 %
2026/09/30 10:25:44.389, 2940 MHz, 13801 MHz, 0x0000000000000000, 95.64 W, 4 %
2026/09/30 10:25:44.903, 2940 MHz, 13801 MHz, 0x0000000000000000, 114.33 W, 0 %
2026/09/30 10:25:45.417, 2932 MHz, 13801 MHz, 0x0000000000000000, 136.24 W, 0 %
2026/09/30 10:25:45.919, 2940 MHz, 13801 MHz, 0x0000000000000000, 113.27 W, 0 %
2026/09/30 10:25:46.434, 2932 MHz, 13801 MHz, 0x0000000000000000, 111.70 W, 0 %
2026/09/30 10:25:46.947, 2940 MHz, 13801 MHz, 0x0000000000000000, 137.06 W, 88 %
2026/09/30 10:25:47.460, 2940 MHz, 13801 MHz, 0x0000000000000000, 114.56 W, 14 %
2026/09/30 10:25:47.961, 2940 MHz, 13801 MHz, 0x0000000000000000, 132.41 W, 0 %
2026/09/30 10:25:48.461, 2932 MHz, 13801 MHz, 0x0000000000000000, 135.68 W, 0 %
2026/09/30 10:25:48.961, 2940 MHz, 13801 MHz, 0x0000000000000000, 116.41 W, 13 %
2026/09/30 10:25:49.462, 2940 MHz, 13801 MHz, 0x0000000000000000, 114.44 W, 0 %
2026/09/30 10:25:49.975, 2940 MHz, 13801 MHz, 0x0000000000000000, 112.83 W, 0 %
2026/09/30 10:25:50.475, 2940 MHz, 13801 MHz, 0x0000000000000000, 114.85 W, 82 %
2026/09/30 10:25:50.990, 2940 MHz, 13801 MHz, 0x0000000000000000, 114.81 W, 0 %
2026/09/30 10:25:51.506, 2940 MHz, 13801 MHz, 0x0000000000000000, 108.94 W, 0 %
2026/09/30 10:25:52.010, 2940 MHz, 13801 MHz, 0x0000000000000000, 91.65 W, 0 %
2026/09/30 10:25:52.524, 2932 MHz, 13801 MHz, 0x0000000000000000, 113.36 W, 0 %
2026/09/30 10:25:53.040, 2940 MHz, 13801 MHz, 0x0000000000000000, 111.58 W, 0 %
2026/09/30 10:25:53.552, 2932 MHz, 13801 MHz, 0x0000000000000000, 102.31 W, 0 %
2026/09/30 10:25:54.054, 2940 MHz, 13801 MHz, 0x0000000000000000, 125.30 W, 71 %
2026/09/30 10:25:54.570, 2940 MHz, 13801 MHz, 0x0000000000000000, 114.04 W, 0 %
2026/09/30 10:25:55.082, 2940 MHz, 13801 MHz, 0x0000000000000000, 115.25 W, 41 %
2026/09/30 10:25:55.584, 2940 MHz, 13801 MHz, 0x0000000000000000, 115.16 W, 2 %
2026/09/30 10:25:56.099, 2940 MHz, 13801 MHz, 0x0000000000000000, 122.08 W, 0 %
2026/09/30 10:25:56.600, 2932 MHz, 13801 MHz, 0x0000000000000000, 132.78 W, 0 %
2026/09/30 10:25:57.115, 2940 MHz, 13801 MHz, 0x0000000000000000, 135.47 W, 96 %
2026/09/30 10:25:57.631, 2940 MHz, 13801 MHz, 0x0000000000000000, 114.97 W, 0 %
2026/09/30 10:25:58.146, 2940 MHz, 13801 MHz, 0x0000000000000000, 133.54 W, 76 %
2026/09/30 10:25:58.661, 2940 MHz, 13801 MHz, 0x0000000000000000, 112.67 W, 0 %
2026/09/30 10:25:59.175, 2932 MHz, 13801 MHz, 0x0000000000000000, 130.67 W, 0 %
2026/09/30 10:25:59.687, 2932 MHz, 13801 MHz, 0x0000000000000000, 133.68 W, 0 %
2026/09/30 10:26:00.198, 2940 MHz, 13801 MHz, 0x0000000000000000, 114.29 W, 1 %
2026/09/30 10:26:00.710, 2940 MHz, 13801 MHz, 0x0000000000000000, 114.16 W, 0 %
2026/09/30 10:26:01.210, 2932 MHz, 13801 MHz, 0x0000000000000000, 132.15 W, 0 %
2026/09/30 10:26:01.726, 2932 MHz, 13801 MHz, 0x0000000000000000, 136.12 W, 0 %
2026/09/30 10:26:02.240, 2940 MHz, 13801 MHz, 0x0000000000000000, 115.53 W, 9 %
2026/09/30 10:26:02.753, 2940 MHz, 13801 MHz, 0x0000000000000000, 111.89 W, 0 %
2026/09/30 10:26:03.255, 2932 MHz, 13801 MHz, 0x0000000000000000, 131.96 W, 0 %
2026/09/30 10:26:03.769, 2932 MHz, 13801 MHz, 0x0000000000000000, 136.26 W, 0 %
2026/09/30 10:26:04.283, 2940 MHz, 13801 MHz, 0x0000000000000000, 117.12 W, 18 %
2026/09/30 10:26:04.783, 2940 MHz, 13801 MHz, 0x0000000000000000, 113.11 W, 0 %
2026/09/30 10:26:05.296, 2932 MHz, 13801 MHz, 0x0000000000000000, 132.44 W, 0 %
2026/09/30 10:26:05.807, 2932 MHz, 13801 MHz, 0x0000000000000000, 136.80 W, 0 %
2026/09/30 10:26:06.322, 2932 MHz, 13801 MHz, 0x0000000000000000, 136.67 W, 0 %
2026/09/30 10:26:06.823, 2932 MHz, 13801 MHz, 0x0000000000000000, 136.72 W, 0 %
2026/09/30 10:26:07.337, 2932 MHz, 13801 MHz, 0x0000000000000000, 133.09 W, 0 %
2026/09/30 10:26:07.851, 2940 MHz, 13801 MHz, 0x0000000000000000, 112.92 W, 0 %
2026/09/30 10:26:08.353, 2940 MHz, 13801 MHz, 0x0000000000000000, 115.04 W, 53 %
2026/09/30 10:26:08.857, 2940 MHz, 13801 MHz, 0x0000000000000000, 112.81 W, 0 %
2026/09/30 10:26:09.371, 2932 MHz, 13801 MHz, 0x0000000000000000, 122.37 W, 0 %
2026/09/30 10:26:09.872, 2940 MHz, 13801 MHz, 0x0000000000000000, 122.22 W, 49 %
2026/09/30 10:26:10.386, 2940 MHz, 13801 MHz, 0x0000000000000000, 115.10 W, 0 %
2026/09/30 10:26:10.888, 2940 MHz, 13801 MHz, 0x0000000000000000, 134.32 W, 42 %
2026/09/30 10:26:11.400, 2940 MHz, 13801 MHz, 0x0000000000000000, 113.31 W, 0 %
2026/09/30 10:26:11.915, 2940 MHz, 13801 MHz, 0x0000000000000000, 123.24 W, 0 %
2026/09/30 10:26:12.429, 2940 MHz, 13801 MHz, 0x0000000000000000, 133.96 W, 60 %
2026/09/30 10:26:12.945, 2760 MHz, 13801 MHz, 0x0000000000000000, 107.66 W, 0 %
2026/09/30 10:26:13.459, 2632 MHz, 13801 MHz, 0x0000000000000000, 93.68 W, 0 %
2026/09/30 10:26:13.964, 2445 MHz, 13801 MHz, 0x0000000000000000, 81.65 W, 4 %
2026/09/30 10:26:14.469, 2752 MHz, 13801 MHz, 0x0000000000000000, 91.20 W, 0 %
2026/09/30 10:26:14.984, 2932 MHz, 13801 MHz, 0x0000000000000000, 133.42 W, 0 %
2026/09/30 10:26:15.496, 2940 MHz, 13801 MHz, 0x0000000000000000, 114.45 W, 0 %
2026/09/30 10:26:16.011, 2932 MHz, 13801 MHz, 0x0000000000000000, 113.02 W, 0 %
2026/09/30 10:26:16.511, 2940 MHz, 13801 MHz, 0x0000000000000000, 132.98 W, 96 %
2026/09/30 10:26:17.026, 2940 MHz, 13801 MHz, 0x0000000000000000, 112.62 W, 0 %
2026/09/30 10:26:17.541, 2940 MHz, 13801 MHz, 0x0000000000000000, 115.70 W, 0 %
2026/09/30 10:26:18.042, 2940 MHz, 13801 MHz, 0x0000000000000000, 115.12 W, 0 %
2026/09/30 10:26:18.557, 2940 MHz, 13801 MHz, 0x0000000000000000, 92.03 W, 0 %
2026/09/30 10:26:19.059, 2940 MHz, 7001 MHz, 0x0000000000000000, 91.88 W, 0 %
2026/09/30 10:26:19.572, 547 MHz, 7001 MHz, 0x0000000000000000, 65.69 W, 0 %
2026/09/30 10:26:20.085, 450 MHz, 7001 MHz, 0x0000000000000000, 39.00 W, 0 %
2026/09/30 10:26:20.598, 345 MHz, 7001 MHz, 0x0000000000000000, 32.91 W, 0 %
2026/09/30 10:26:21.100, 2182 MHz, 13801 MHz, 0x0000000000000000, 57.95 W, 0 %
2026/09/30 10:26:21.612, 2940 MHz, 13801 MHz, 0x0000000000000000, 82.43 W, 0 %
2026/09/30 10:26:22.113, 2940 MHz, 13801 MHz, 0x0000000000000000, 104.76 W, 87 %
2026/09/30 10:26:22.628, 2940 MHz, 13801 MHz, 0x0000000000000000, 104.75 W, 0 %
2026/09/30 10:26:23.141, 2940 MHz, 13801 MHz, 0x0000000000000000, 114.38 W, 90 %
2026/09/30 10:26:23.642, 2940 MHz, 13801 MHz, 0x0000000000000000, 112.67 W, 0 %
2026/09/30 10:26:24.145, 2940 MHz, 13801 MHz, 0x0000000000000000, 112.11 W, 0 %
2026/09/30 10:26:24.659, 2932 MHz, 13801 MHz, 0x0000000000000000, 106.76 W, 0 %
2026/09/30 10:26:25.172, 2737 MHz, 13801 MHz, 0x0000000000000000, 98.70 W, 0 %
2026/09/30 10:26:25.673, 1740 MHz, 7001 MHz, 0x0000000000000000, 63.50 W, 0 %
2026/09/30 10:26:26.187, 1365 MHz, 7001 MHz, 0x0000000000000000, 43.10 W, 0 %
2026/09/30 10:26:26.692, 1080 MHz, 7001 MHz, 0x0000000000000000, 36.11 W, 0 %
2026/09/30 10:26:27.207, 840 MHz, 7001 MHz, 0x0000000000000000, 35.39 W, 0 %
2026/09/30 10:26:27.718, 682 MHz, 7001 MHz, 0x0000000000000000, 34.45 W, 0 %
2026/09/30 10:26:28.233, 1785 MHz, 13801 MHz, 0x0000000000000000, 61.16 W, 0 %
2026/09/30 10:26:28.749, 1792 MHz, 13801 MHz, 0x0000000000000000, 50.56 W, 0 %
2026/09/30 10:26:29.260, 2272 MHz, 13801 MHz, 0x0000000000000000, 80.24 W, 0 %
2026/09/30 10:26:29.775, 1672 MHz, 7001 MHz, 0x0000000000000000, 74.83 W, 0 %
2026/09/30 10:26:30.291, 1057 MHz, 7001 MHz, 0x0000000000000000, 41.94 W, 0 %
2026/09/30 10:26:30.803, 832 MHz, 7001 MHz, 0x0000000000000000, 35.44 W, 0 %
2026/09/30 10:26:31.315, 1762 MHz, 13801 MHz, 0x0000000000000000, 62.46 W, 0 %
2026/09/30 10:26:31.826, 2385 MHz, 13801 MHz, 0x0000000000000000, 73.25 W, 0 %
2026/09/30 10:26:32.338, 2385 MHz, 13801 MHz, 0x0000000000000000, 79.77 W, 92 %
2026/09/30 10:26:32.851, 2940 MHz, 13801 MHz, 0x0000000000000000, 92.81 W, 0 %
2026/09/30 10:26:33.362, 2932 MHz, 13801 MHz, 0x0000000000000000, 121.14 W, 0 %
2026/09/30 10:26:33.871, 2932 MHz, 13801 MHz, 0x0000000000000000, 127.96 W, 0 %
2026/09/30 10:26:34.385, 2940 MHz, 13801 MHz, 0x0000000000000000, 116.87 W, 27 %
2026/09/30 10:26:34.885, 2895 MHz, 13801 MHz, 0x0000000000000000, 107.78 W, 0 %
2026/09/30 10:26:35.398, 2895 MHz, 13801 MHz, 0x0000000000000000, 105.83 W, 0 %
2026/09/30 10:26:35.909, 2902 MHz, 13801 MHz, 0x0000000000000000, 109.01 W, 0 %
2026/09/30 10:26:36.421, 2895 MHz, 13801 MHz, 0x0000000000000000, 106.10 W, 0 %
2026/09/30 10:26:36.934, 1995 MHz, 13801 MHz, 0x0000000000000000, 102.29 W, 86 %
2026/09/30 10:26:37.447, 2940 MHz, 13801 MHz, 0x0000000000000000, 107.61 W, 0 %
2026/09/30 10:26:37.960, 2940 MHz, 13801 MHz, 0x0000000000000000, 102.50 W, 49 %
2026/09/30 10:26:38.474, 2940 MHz, 13801 MHz, 0x0000000000000000, 106.77 W, 0 %
2026/09/30 10:26:38.984, 2617 MHz, 7001 MHz, 0x0000000000000000, 97.12 W, 0 %
2026/09/30 10:26:39.495, 1237 MHz, 7001 MHz, 0x0000000000000000, 63.10 W, 35 %
2026/09/30 10:26:40.010, 2182 MHz, 13801 MHz, 0x0000000000000000, 62.32 W, 0 %
2026/09/30 10:26:40.525, 2182 MHz, 13801 MHz, 0x0000000000000000, 65.09 W, 0 %
2026/09/30 10:26:41.039, 2497 MHz, 13801 MHz, 0x0000000000000000, 82.07 W, 0 %
2026/09/30 10:26:41.541, 2182 MHz, 7001 MHz, 0x0000000000000000, 78.11 W, 0 %
2026/09/30 10:26:42.052, 2287 MHz, 13801 MHz, 0x0000000000000000, 70.80 W, 0 %
2026/09/30 10:26:42.565, 2722 MHz, 13801 MHz, 0x0000000000000000, 79.26 W, 0 %
2026/09/30 10:26:43.080, 2827 MHz, 13801 MHz, 0x0000000000000000, 98.80 W, 0 %
2026/09/30 10:26:43.595, 2902 MHz, 13801 MHz, 0x0000000000000000, 133.69 W, 41 %
2026/09/30 10:26:44.106, 2902 MHz, 13801 MHz, 0x0000000000000000, 113.69 W, 0 %
2026/09/30 10:26:44.620, 2917 MHz, 13801 MHz, 0x0000000000000000, 121.29 W, 0 %
2026/09/30 10:26:45.122, 2940 MHz, 13801 MHz, 0x0000000000000000, 112.31 W, 0 %
2026/09/30 10:26:45.635, 2932 MHz, 13801 MHz, 0x0000000000000000, 111.88 W, 0 %
2026/09/30 10:26:46.135, 2940 MHz, 13801 MHz, 0x0000000000000000, 111.72 W, 0 %
2026/09/30 10:26:46.637, 2932 MHz, 13801 MHz, 0x0000000000000000, 112.61 W, 0 %
2026/09/30 10:26:47.138, 2932 MHz, 13801 MHz, 0x0000000000000000, 138.24 W, 0 %
2026/09/30 10:26:47.653, 2940 MHz, 13801 MHz, 0x0000000000000000, 113.33 W, 0 %
2026/09/30 10:26:48.155, 2932 MHz, 13801 MHz, 0x0000000000000000, 113.26 W, 0 %
2026/09/30 10:26:48.668, 2940 MHz, 13801 MHz, 0x0000000000000000, 115.11 W, 0 %
2026/09/30 10:26:49.170, 2932 MHz, 13801 MHz, 0x0000000000000000, 112.71 W, 0 %
2026/09/30 10:26:49.683, 2940 MHz, 13801 MHz, 0x0000000000000000, 112.77 W, 0 %
2026/09/30 10:26:50.185, 2932 MHz, 13801 MHz, 0x0000000000000000, 113.19 W, 0 %
2026/09/30 10:26:50.690, 2940 MHz, 13801 MHz, 0x0000000000000000, 113.13 W, 0 %
2026/09/30 10:26:51.204, 2940 MHz, 13801 MHz, 0x0000000000000000, 91.84 W, 0 %
2026/09/30 10:26:51.717, 2940 MHz, 13801 MHz, 0x0000000000000000, 92.04 W, 0 %
2026/09/30 10:26:52.228, 570 MHz, 7001 MHz, 0x0000000000000000, 69.13 W, 0 %
2026/09/30 10:26:52.743, 360 MHz, 7001 MHz, 0x0000000000000000, 32.17 W, 0 %
2026/09/30 10:26:53.256, 292 MHz, 7001 MHz, 0x0000000000000000, 32.07 W, 0 %
2026/09/30 10:26:53.769, 1807 MHz, 13801 MHz, 0x0000000000000000, 55.62 W, 0 %
2026/09/30 10:26:54.279, 2182 MHz, 13801 MHz, 0x0000000000000000, 65.99 W, 0 %
2026/09/30 10:26:54.793, 2505 MHz, 13801 MHz, 0x0000000000000000, 83.35 W, 0 %
2026/09/30 10:26:55.306, 2557 MHz, 13801 MHz, 0x0000000000000000, 87.28 W, 0 %
2026/09/30 10:26:55.808, 2775 MHz, 13801 MHz, 0x0000000000000000, 92.06 W, 0 %
2026/09/30 10:26:56.309, 2940 MHz, 13801 MHz, 0x0000000000000000, 105.22 W, 0 %
2026/09/30 10:26:56.821, 2940 MHz, 13801 MHz, 0x0000000000000000, 91.76 W, 0 %
2026/09/30 10:26:57.334, 2940 MHz, 13801 MHz, 0x0000000000000000, 91.72 W, 0 %
2026/09/30 10:26:57.847, 570 MHz, 7001 MHz, 0x0000000000000000, 70.88 W, 0 %
2026/09/30 10:26:58.361, 457 MHz, 7001 MHz, 0x0000000000000000, 44.12 W, 0 %
2026/09/30 10:26:58.877, 1807 MHz, 13801 MHz, 0x0000000000000000, 55.85 W, 0 %
2026/09/30 10:26:59.391, 2107 MHz, 13801 MHz, 0x0000000000000000, 68.95 W, 0 %
2026/09/30 10:26:59.894, 2452 MHz, 13801 MHz, 0x0000000000000000, 81.98 W, 0 %
2026/09/30 10:27:00.394, 2107 MHz, 13801 MHz, 0x0000000000000000, 79.63 W, 0 %
2026/09/30 10:27:00.899, 1747 MHz, 13801 MHz, 0x0000000000000000, 69.56 W, 21 %
2026/09/30 10:27:01.414, 2797 MHz, 13801 MHz, 0x0000000000000000, 78.71 W, 0 %
2026/09/30 10:27:01.924, 2797 MHz, 13801 MHz, 0x0000000000000000, 100.28 W, 66 %
2026/09/30 10:27:02.439, 2940 MHz, 13801 MHz, 0x0000000000000000, 108.78 W, 0 %
2026/09/30 10:27:02.955, 2940 MHz, 13801 MHz, 0x0000000000000000, 106.84 W, 0 %
2026/09/30 10:27:03.469, 2940 MHz, 13801 MHz, 0x0000000000000000, 98.71 W, 0 %
2026/09/30 10:27:03.981, 2520 MHz, 7001 MHz, 0x0000000000000000, 88.40 W, 0 %
2026/09/30 10:27:04.496, 885 MHz, 7001 MHz, 0x0000000000000000, 54.07 W, 8 %
2026/09/30 10:27:04.997, 720 MHz, 7001 MHz, 0x0000000000000000, 53.58 W, 56 %
2026/09/30 10:27:05.498, 2850 MHz, 13801 MHz, 0x0000000000000000, 83.00 W, 0 %
2026/09/30 10:27:06.013, 2940 MHz, 13801 MHz, 0x0000000000000000, 105.46 W, 0 %
2026/09/30 10:27:06.515, 2940 MHz, 13801 MHz, 0x0000000000000000, 91.88 W, 0 %
2026/09/30 10:27:07.028, 2940 MHz, 7001 MHz, 0x0000000000000000, 91.92 W, 0 %
2026/09/30 10:27:07.529, 547 MHz, 7001 MHz, 0x0000000000000000, 65.76 W, 0 %
2026/09/30 10:27:08.043, 442 MHz, 7001 MHz, 0x0000000000000000, 33.75 W, 0 %
2026/09/30 10:27:08.558, 352 MHz, 7001 MHz, 0x0000000000000000, 32.85 W, 0 %
2026/09/30 10:27:09.073, 285 MHz, 810 MHz, 0x0000000000000000, 27.17 W, 0 %
2026/09/30 10:27:09.588, 225 MHz, 810 MHz, 0x0000000000000000, 22.05 W, 11 %
2026/09/30 10:27:10.090, 660 MHz, 810 MHz, 0x0000000000000000, 22.97 W, 0 %
2026/09/30 10:27:10.604, 1207 MHz, 7001 MHz, 0x0000000000000000, 34.29 W, 8 %
2026/09/30 10:27:11.116, 2182 MHz, 7001 MHz, 0x0000000000000000, 63.85 W, 0 %
2026/09/30 10:27:11.631, 1425 MHz, 7001 MHz, 0x0000000000000000, 62.19 W, 0 %
2026/09/30 10:27:12.134, 1395 MHz, 7001 MHz, 0x0000000000000000, 36.98 W, 0 %
2026/09/30 10:27:12.636, 1005 MHz, 7001 MHz, 0x0000000000000000, 44.34 W, 27 %
2026/09/30 10:27:13.137, 675 MHz, 810 MHz, 0x0000000000000000, 40.70 W, 0 %
2026/09/30 10:27:13.638, 1612 MHz, 7001 MHz, 0x0000000000000000, 47.98 W, 0 %
2026/09/30 10:27:14.152, 1192 MHz, 13801 MHz, 0x0000000000000000, 51.32 W, 97 %
2026/09/30 10:27:14.652, 2940 MHz, 13801 MHz, 0x0000000000000000, 71.77 W, 0 %
2026/09/30 10:27:15.165, 2940 MHz, 13801 MHz, 0x0000000000000000, 93.61 W, 0 %
2026/09/30 10:27:15.666, 2932 MHz, 13801 MHz, 0x0000000000000000, 122.97 W, 75 %
2026/09/30 10:27:16.180, 2910 MHz, 13801 MHz, 0x0000000000000000, 200.88 W, 87 %
2026/09/30 10:27:16.681, 2872 MHz, 13801 MHz, 0x0000000000000004, 247.89 W, 89 %
2026/09/30 10:27:17.183, 2880 MHz, 13801 MHz, 0x0000000000000000, 243.15 W, 61 %
2026/09/30 10:27:17.685, 2925 MHz, 13801 MHz, 0x0000000000000000, 223.23 W, 83 %
2026/09/30 10:27:18.198, 2910 MHz, 13801 MHz, 0x0000000000000000, 208.72 W, 81 %
2026/09/30 10:27:18.713, 2925 MHz, 13801 MHz, 0x0000000000000000, 205.72 W, 78 %
2026/09/30 10:27:19.227, 2910 MHz, 13801 MHz, 0x0000000000000000, 209.73 W, 85 %
2026/09/30 10:27:19.728, 2932 MHz, 13801 MHz, 0x0000000000000000, 211.61 W, 72 %
2026/09/30 10:27:20.242, 2932 MHz, 13801 MHz, 0x0000000000000000, 182.48 W, 88 %
2026/09/30 10:27:20.745, 2925 MHz, 13801 MHz, 0x0000000000000000, 187.72 W, 87 %
2026/09/30 10:27:21.249, 2910 MHz, 13801 MHz, 0x0000000000000000, 253.39 W, 89 %
2026/09/30 10:27:21.762, 2902 MHz, 13801 MHz, 0x0000000000000000, 295.32 W, 86 %
2026/09/30 10:27:22.275, 2895 MHz, 13801 MHz, 0x0000000000000000, 312.92 W, 88 %
2026/09/30 10:27:22.788, 2872 MHz, 13801 MHz, 0x0000000000000000, 343.03 W, 91 %
2026/09/30 10:27:23.288, 2850 MHz, 13801 MHz, 0x0000000000000000, 364.90 W, 81 %
2026/09/30 10:27:23.789, 2835 MHz, 13801 MHz, 0x0000000000000000, 357.24 W, 82 %
2026/09/30 10:27:24.303, 2932 MHz, 13801 MHz, 0x0000000000000000, 247.78 W, 81 %
2026/09/30 10:27:24.814, 2925 MHz, 13801 MHz, 0x0000000000000000, 172.04 W, 83 %
2026/09/30 10:27:25.315, 2917 MHz, 13801 MHz, 0x0000000000000000, 236.71 W, 83 %
2026/09/30 10:27:25.828, 2902 MHz, 13801 MHz, 0x0000000000000000, 269.92 W, 80 %
2026/09/30 10:27:26.329, 2910 MHz, 13801 MHz, 0x0000000000000000, 288.36 W, 91 %
2026/09/30 10:27:26.844, 2910 MHz, 13801 MHz, 0x0000000000000000, 294.58 W, 88 %
2026/09/30 10:27:27.359, 2902 MHz, 13801 MHz, 0x0000000000000000, 303.32 W, 91 %
2026/09/30 10:27:27.873, 2887 MHz, 13801 MHz, 0x0000000000000000, 311.28 W, 80 %
2026/09/30 10:27:28.386, 2872 MHz, 13801 MHz, 0x0000000000000000, 318.54 W, 91 %
2026/09/30 10:27:28.901, 2872 MHz, 13801 MHz, 0x0000000000000000, 334.93 W, 92 %
2026/09/30 10:27:29.401, 2835 MHz, 13801 MHz, 0x0000000000000004, 361.17 W, 84 %
2026/09/30 10:27:29.914, 2827 MHz, 13801 MHz, 0x0000000000000000, 384.61 W, 90 %
2026/09/30 10:27:30.427, 2805 MHz, 13801 MHz, 0x0000000000000004, 415.73 W, 91 %
2026/09/30 10:27:30.928, 2872 MHz, 13801 MHz, 0x0000000000000000, 347.33 W, 0 %
2026/09/30 10:27:31.436, 2932 MHz, 13801 MHz, 0x0000000000000000, 208.80 W, 17 %
2026/09/30 10:27:31.949, 2932 MHz, 13801 MHz, 0x0000000000000000, 137.03 W, 14 %
2026/09/30 10:27:32.462, 2932 MHz, 13801 MHz, 0x0000000000000000, 146.85 W, 18 %
2026/09/30 10:27:32.975, 2467 MHz, 7001 MHz, 0x0000000000000000, 131.65 W, 13 %
2026/09/30 10:27:33.489, 2520 MHz, 7001 MHz, 0x0000000000000000, 113.35 W, 17 %
2026/09/30 10:27:33.990, 2437 MHz, 7001 MHz, 0x0000000000000000, 108.06 W, 16 %
2026/09/30 10:27:34.492, 2385 MHz, 7001 MHz, 0x0000000000000000, 105.11 W, 19 %
2026/09/30 10:27:35.008, 2370 MHz, 7001 MHz, 0x0000000000000000, 101.18 W, 17 %
2026/09/30 10:27:35.511, 2452 MHz, 7001 MHz, 0x0000000000000000, 98.33 W, 8 %
2026/09/30 10:27:36.020, 2467 MHz, 7001 MHz, 0x0000000000000000, 92.06 W, 7 %
2026/09/30 10:27:36.534, 2362 MHz, 7001 MHz, 0x0000000000000000, 81.02 W, 1 %
2026/09/30 10:27:37.046, 1042 MHz, 7001 MHz, 0x0000000000000000, 55.17 W, 0 %
2026/09/30 10:27:37.548, 832 MHz, 7001 MHz, 0x0000000000000000, 36.90 W, 0 %
2026/09/30 10:27:38.059, 2295 MHz, 13801 MHz, 0x0000000000000000, 69.77 W, 11 %
2026/09/30 10:27:38.572, 2377 MHz, 7001 MHz, 0x0000000000000000, 112.31 W, 12 %
2026/09/30 10:27:39.072, 2302 MHz, 7001 MHz, 0x0000000000000000, 108.88 W, 12 %
2026/09/30 10:27:39.588, 2152 MHz, 7001 MHz, 0x0000000000000000, 102.62 W, 9 %
2026/09/30 10:27:40.101, 1995 MHz, 7001 MHz, 0x0000000000000000, 97.22 W, 9 %
2026/09/30 10:27:40.604, 2137 MHz, 7001 MHz, 0x0000000000000000, 87.21 W, 8 %
2026/09/30 10:27:41.119, 2100 MHz, 7001 MHz, 0x0000000000000000, 78.34 W, 3 %
2026/09/30 10:27:41.631, 877 MHz, 7001 MHz, 0x0000000000000000, 54.58 W, 0 %
2026/09/30 10:27:42.145, 787 MHz, 7001 MHz, 0x0000000000000000, 44.35 W, 9 %
2026/09/30 10:27:42.656, 592 MHz, 7001 MHz, 0x0000000000000000, 44.69 W, 0 %
2026/09/30 10:27:43.171, 472 MHz, 7001 MHz, 0x0000000000000000, 36.94 W, 0 %
2026/09/30 10:27:43.685, 375 MHz, 810 MHz, 0x0000000000000000, 33.49 W, 0 %
2026/09/30 10:27:44.187, 300 MHz, 810 MHz, 0x0000000000000000, 25.89 W, 0 %
2026/09/30 10:27:44.698, 232 MHz, 810 MHz, 0x0000000000000000, 19.26 W, 0 %
2026/09/30 10:27:45.213, 180 MHz, 810 MHz, 0x0000000000000000, 17.05 W, 0 %
2026/09/30 10:27:45.724, 180 MHz, 405 MHz, 0x0000000000000000, 15.17 W, 0 %
2026/09/30 10:27:46.236, 180 MHz, 405 MHz, 0x0000000000000000, 12.40 W, 0 %
2026/09/30 10:27:46.744, 180 MHz, 405 MHz, 0x0000000000000000, 11.88 W, 0 %
2026/09/30 10:27:47.257, 180 MHz, 405 MHz, 0x0000000000000000, 11.92 W, 0 %
2026/09/30 10:27:47.759, 180 MHz, 405 MHz, 0x0000000000000000, 11.87 W, 0 %
2026/09/30 10:27:48.273, 180 MHz, 405 MHz, 0x0000000000000000, 11.89 W, 0 %
2026/09/30 10:27:48.773, 180 MHz, 405 MHz, 0x0000000000000000, 11.96 W, 0 %
2026/09/30 10:27:49.284, 180 MHz, 405 MHz, 0x0000000000000000, 11.92 W, 0 %
2026/09/30 10:27:49.797, 180 MHz, 405 MHz, 0x0000000000000000, 11.88 W, 0 %
2026/09/30 10:27:50.312, 180 MHz, 405 MHz, 0x0000000000000000, 12.01 W, 0 %
2026/09/30 10:27:50.826, 180 MHz, 405 MHz, 0x0000000000000000, 12.06 W, 0 %
2026/09/30 10:27:51.327, 180 MHz, 405 MHz, 0x0000000000000000, 11.92 W, 0 %
2026/09/30 10:27:51.837, 180 MHz, 405 MHz, 0x0000000000000000, 11.98 W, 0 %
2026/09/30 10:27:52.349, 180 MHz, 405 MHz, 0x0000000000000000, 12.44 W, 0 %
2026/09/30 10:27:52.861, 180 MHz, 405 MHz, 0x0000000000000000, 12.42 W, 0 %
2026/09/30 10:27:53.375, 555 MHz, 810 MHz, 0x0000000000000000, 32.34 W, 100 %
2026/09/30 10:27:53.883, 2932 MHz, 13801 MHz, 0x0000000000000000, 86.31 W, 0 %
2026/09/30 10:27:54.396, 2940 MHz, 13801 MHz, 0x0000000000000000, 108.64 W, 0 %
2026/09/30 10:27:54.907, 2940 MHz, 13801 MHz, 0x0000000000000000, 92.38 W, 0 %
2026/09/30 10:27:55.421, 2940 MHz, 7001 MHz, 0x0000000000000000, 87.57 W, 0 %
2026/09/30 10:27:55.935, 645 MHz, 7001 MHz, 0x0000000000000000, 58.37 W, 0 %
2026/09/30 10:27:56.450, 502 MHz, 7001 MHz, 0x0000000000000000, 34.76 W, 0 %
2026/09/30 10:27:56.959, 397 MHz, 7001 MHz, 0x0000000000000000, 34.07 W, 0 %
2026/09/30 10:27:57.471, 330 MHz, 7001 MHz, 0x0000000000000000, 33.38 W, 0 %
2026/09/30 10:27:57.981, 277 MHz, 810 MHz, 0x0000000000000000, 31.01 W, 0 %
2026/09/30 10:27:58.491, 202 MHz, 810 MHz, 0x0000000000000000, 24.40 W, 0 %
2026/09/30 10:27:59.003, 187 MHz, 810 MHz, 0x0000000000000000, 17.54 W, 0 %
2026/09/30 10:27:59.506, 180 MHz, 810 MHz, 0x0000000000000000, 13.83 W, 0 %
2026/09/30 10:28:00.007, 180 MHz, 810 MHz, 0x0000000000000000, 13.78 W, 0 %
2026/09/30 10:28:00.509, 180 MHz, 810 MHz, 0x0000000000000000, 13.78 W, 0 %
2026/09/30 10:28:01.021, 180 MHz, 405 MHz, 0x0000000000000000, 10.77 W, 0 %
2026/09/30 10:28:01.524, 180 MHz, 405 MHz, 0x0000000000000000, 10.77 W, 0 %
2026/09/30 10:28:02.035, 187 MHz, 405 MHz, 0x0000000000000000, 10.54 W, 0 %
2026/09/30 10:28:02.550, 187 MHz, 405 MHz, 0x0000000000000000, 10.54 W, 0 %
2026/09/30 10:28:03.051, 202 MHz, 405 MHz, 0x0000000000000000, 10.59 W, 0 %
2026/09/30 10:28:03.563, 202 MHz, 405 MHz, 0x0000000000000000, 10.59 W, 0 %
2026/09/30 10:28:04.075, 180 MHz, 405 MHz, 0x0000000000000000, 10.63 W, 0 %
2026/09/30 10:28:04.590, 180 MHz, 405 MHz, 0x0000000000000000, 10.63 W, 62 %
2026/09/30 10:28:05.100, 2925 MHz, 13801 MHz, 0x0000000000000000, 127.29 W, 62 %
2026/09/30 10:28:05.607, 2925 MHz, 13801 MHz, 0x0000000000000000, 127.29 W, 99 %
2026/09/30 10:28:06.113, 180 MHz, 13801 MHz, 0x0000000000000004, 86.42 W, 99 %
2026/09/30 10:28:06.619, 180 MHz, 13801 MHz, 0x0000000000000004, 86.42 W, 95 %
2026/09/30 10:28:07.129, 1432 MHz, 13801 MHz, 0x0000000000000004, 138.29 W, 95 %
2026/09/30 10:28:07.633, 1432 MHz, 13801 MHz, 0x0000000000000004, 138.29 W, 88 %
2026/09/30 10:28:08.141, 2257 MHz, 13801 MHz, 0x0000000000000004, 236.42 W, 88 %
2026/09/30 10:28:08.649, 2257 MHz, 13801 MHz, 0x0000000000000004, 236.42 W, 94 %
2026/09/30 10:28:09.161, 2670 MHz, 13801 MHz, 0x0000000000000004, 269.73 W, 94 %
2026/09/30 10:28:09.668, 2670 MHz, 13801 MHz, 0x0000000000000004, 269.73 W, 97 %
2026/09/30 10:28:10.177, 180 MHz, 13801 MHz, 0x0000000000000004, 83.93 W, 97 %
2026/09/30 10:28:10.688, 180 MHz, 13801 MHz, 0x0000000000000004, 83.93 W, 95 %
2026/09/30 10:28:11.195, 1252 MHz, 13801 MHz, 0x0000000000000004, 132.89 W, 95 %
2026/09/30 10:28:11.702, 1252 MHz, 13801 MHz, 0x0000000000000004, 132.89 W, 93 %
2026/09/30 10:28:12.208, 2152 MHz, 13801 MHz, 0x0000000000000004, 233.17 W, 93 %
2026/09/30 10:28:12.722, 2152 MHz, 13801 MHz, 0x0000000000000004, 233.17 W, 92 %
2026/09/30 10:28:13.233, 2625 MHz, 13801 MHz, 0x0000000000000004, 262.73 W, 92 %
2026/09/30 10:28:13.740, 2625 MHz, 13801 MHz, 0x0000000000000004, 262.73 W, 99 %
2026/09/30 10:28:14.250, 180 MHz, 13801 MHz, 0x0000000000000004, 189.27 W, 90 %
2026/09/30 10:28:14.760, 1582 MHz, 13801 MHz, 0x0000000000000004, 202.03 W, 90 %
2026/09/30 10:28:15.271, 1582 MHz, 13801 MHz, 0x0000000000000004, 202.03 W, 95 %
2026/09/30 10:28:15.779, 2310 MHz, 13801 MHz, 0x0000000000000004, 245.40 W, 95 %
2026/09/30 10:28:16.288, 2310 MHz, 13801 MHz, 0x0000000000000004, 245.40 W, 88 %
2026/09/30 10:28:16.797, 2685 MHz, 13801 MHz, 0x0000000000000004, 311.75 W, 88 %
2026/09/30 10:28:17.311, 2685 MHz, 13801 MHz, 0x0000000000000004, 311.75 W, 99 %
2026/09/30 10:28:17.820, 180 MHz, 13801 MHz, 0x0000000000000004, 198.98 W, 99 %
2026/09/30 10:28:18.329, 180 MHz, 13801 MHz, 0x0000000000000004, 198.98 W, 96 %
2026/09/30 10:28:18.840, 1530 MHz, 13801 MHz, 0x0000000000000004, 141.76 W, 96 %
2026/09/30 10:28:19.349, 1530 MHz, 13801 MHz, 0x0000000000000004, 141.76 W, 86 %
2026/09/30 10:28:19.854, 2302 MHz, 13801 MHz, 0x0000000000000004, 237.58 W, 86 %
2026/09/30 10:28:20.360, 2302 MHz, 13801 MHz, 0x0000000000000004, 237.58 W, 95 %
2026/09/30 10:28:20.871, 2700 MHz, 13801 MHz, 0x0000000000000004, 276.23 W, 95 %
2026/09/30 10:28:21.384, 2700 MHz, 13801 MHz, 0x0000000000000004, 276.23 W, 97 %
2026/09/30 10:28:21.888, 180 MHz, 13801 MHz, 0x0000000000000004, 84.72 W, 97 %
2026/09/30 10:28:22.396, 180 MHz, 13801 MHz, 0x0000000000000004, 84.72 W, 94 %
2026/09/30 10:28:22.903, 1357 MHz, 13801 MHz, 0x0000000000000004, 189.94 W, 94 %
2026/09/30 10:28:23.412, 1357 MHz, 13801 MHz, 0x0000000000000004, 189.94 W, 92 %
2026/09/30 10:28:23.918, 2197 MHz, 13801 MHz, 0x0000000000000004, 211.48 W, 92 %
2026/09/30 10:28:24.424, 2197 MHz, 13801 MHz, 0x0000000000000004, 211.48 W, 91 %
2026/09/30 10:28:24.934, 2655 MHz, 13801 MHz, 0x0000000000000004, 300.18 W, 91 %
2026/09/30 10:28:25.442, 2655 MHz, 13801 MHz, 0x0000000000000004, 300.18 W, 99 %
2026/09/30 10:28:25.951, 172 MHz, 13801 MHz, 0x0000000000000004, 193.39 W, 99 %
2026/09/30 10:28:26.461, 172 MHz, 13801 MHz, 0x0000000000000004, 193.39 W, 90 %
2026/09/30 10:28:26.969, 1582 MHz, 13801 MHz, 0x0000000000000004, 203.03 W, 90 %
2026/09/30 10:28:27.475, 1582 MHz, 13801 MHz, 0x0000000000000004, 203.03 W, 94 %
2026/09/30 10:28:27.984, 2310 MHz, 13801 MHz, 0x0000000000000004, 224.19 W, 94 %
2026/09/30 10:28:28.494, 2310 MHz, 13801 MHz, 0x0000000000000004, 224.19 W, 87 %
2026/09/30 10:28:29.009, 2685 MHz, 13801 MHz, 0x0000000000000004, 312.80 W, 87 %
2026/09/30 10:28:29.516, 2685 MHz, 13801 MHz, 0x0000000000000004, 312.80 W, 99 %
2026/09/30 10:28:30.022, 180 MHz, 13801 MHz, 0x0000000000000004, 199.76 W, 99 %
2026/09/30 10:28:30.527, 180 MHz, 13801 MHz, 0x0000000000000004, 199.76 W, 96 %
2026/09/30 10:28:31.035, 1582 MHz, 13801 MHz, 0x0000000000000004, 143.97 W, 96 %
2026/09/30 10:28:31.543, 1582 MHz, 13801 MHz, 0x0000000000000004, 143.97 W, 89 %
2026/09/30 10:28:32.049, 2302 MHz, 13801 MHz, 0x0000000000000004, 223.91 W, 89 %
2026/09/30 10:28:32.561, 2302 MHz, 13801 MHz, 0x0000000000000004, 223.91 W, 95 %
2026/09/30 10:28:33.073, 2700 MHz, 13801 MHz, 0x0000000000000004, 316.65 W, 95 %
2026/09/30 10:28:33.586, 2700 MHz, 13801 MHz, 0x0000000000000004, 316.65 W, 99 %
2026/09/30 10:28:34.095, 180 MHz, 13801 MHz, 0x0000000000000004, 87.19 W, 99 %
2026/09/30 10:28:34.601, 180 MHz, 13801 MHz, 0x0000000000000004, 87.19 W, 89 %
2026/09/30 10:28:35.106, 1522 MHz, 13801 MHz, 0x0000000000000004, 142.56 W, 89 %
2026/09/30 10:28:35.618, 1522 MHz, 13801 MHz, 0x0000000000000004, 142.56 W, 95 %
2026/09/30 10:28:36.126, 2295 MHz, 13801 MHz, 0x0000000000000004, 244.12 W, 95 %
2026/09/30 10:28:36.637, 2295 MHz, 13801 MHz, 0x0000000000000004, 244.12 W, 87 %
2026/09/30 10:28:37.147, 2692 MHz, 13801 MHz, 0x0000000000000004, 308.77 W, 87 %
2026/09/30 10:28:37.657, 2692 MHz, 13801 MHz, 0x0000000000000004, 308.77 W, 99 %
2026/09/30 10:28:38.163, 180 MHz, 13801 MHz, 0x0000000000000004, 198.32 W, 99 %
2026/09/30 10:28:38.674, 180 MHz, 13801 MHz, 0x0000000000000004, 198.32 W, 96 %
2026/09/30 10:28:39.181, 1530 MHz, 13801 MHz, 0x0000000000000004, 143.28 W, 96 %
2026/09/30 10:28:39.691, 1530 MHz, 13801 MHz, 0x0000000000000004, 143.28 W, 88 %
2026/09/30 10:28:40.196, 2302 MHz, 13801 MHz, 0x0000000000000004, 243.77 W, 88 %
2026/09/30 10:28:40.709, 2302 MHz, 13801 MHz, 0x0000000000000004, 243.77 W, 94 %
2026/09/30 10:28:41.217, 2700 MHz, 13801 MHz, 0x0000000000000004, 280.65 W, 94 %
2026/09/30 10:28:41.727, 2700 MHz, 13801 MHz, 0x0000000000000004, 280.65 W, 99 %
2026/09/30 10:28:42.235, 180 MHz, 13801 MHz, 0x0000000000000004, 88.51 W, 99 %
2026/09/30 10:28:42.743, 180 MHz, 13801 MHz, 0x0000000000000004, 88.51 W, 90 %
2026/09/30 10:28:43.248, 1530 MHz, 13801 MHz, 0x0000000000000004, 144.15 W, 90 %
2026/09/30 10:28:43.756, 2302 MHz, 13801 MHz, 0x0000000000000004, 246.66 W, 95 %
2026/09/30 10:28:44.262, 2302 MHz, 13801 MHz, 0x0000000000000004, 246.66 W, 87 %
2026/09/30 10:28:44.770, 2700 MHz, 13801 MHz, 0x0000000000000004, 280.30 W, 87 %
2026/09/30 10:28:45.276, 2700 MHz, 13801 MHz, 0x0000000000000004, 280.30 W, 99 %
2026/09/30 10:28:45.783, 180 MHz, 13801 MHz, 0x0000000000000004, 201.13 W, 99 %
2026/09/30 10:28:46.290, 180 MHz, 13801 MHz, 0x0000000000000004, 201.13 W, 94 %
2026/09/30 10:28:46.800, 1582 MHz, 13801 MHz, 0x0000000000000004, 203.55 W, 94 %
2026/09/30 10:28:47.305, 1582 MHz, 13801 MHz, 0x0000000000000004, 203.55 W, 92 %
2026/09/30 10:28:47.811, 2310 MHz, 13801 MHz, 0x0000000000000004, 225.55 W, 92 %
2026/09/30 10:28:48.324, 2310 MHz, 13801 MHz, 0x0000000000000004, 225.55 W, 86 %
2026/09/30 10:28:48.833, 2700 MHz, 13801 MHz, 0x0000000000000004, 310.31 W, 86 %
2026/09/30 10:28:49.344, 2700 MHz, 13801 MHz, 0x0000000000000004, 310.31 W, 98 %
2026/09/30 10:28:49.851, 180 MHz, 13801 MHz, 0x0000000000000004, 199.36 W, 98 %
2026/09/30 10:28:50.360, 180 MHz, 13801 MHz, 0x0000000000000004, 199.36 W, 96 %
2026/09/30 10:28:50.872, 1530 MHz, 13801 MHz, 0x0000000000000004, 200.17 W, 96 %
2026/09/30 10:28:51.380, 1530 MHz, 13801 MHz, 0x0000000000000004, 200.17 W, 89 %
2026/09/30 10:28:51.888, 2302 MHz, 13801 MHz, 0x0000000000000004, 224.09 W, 89 %
2026/09/30 10:28:52.395, 2302 MHz, 13801 MHz, 0x0000000000000004, 224.09 W, 94 %
2026/09/30 10:28:52.908, 2700 MHz, 13801 MHz, 0x0000000000000004, 318.39 W, 94 %
2026/09/30 10:28:53.421, 2700 MHz, 13801 MHz, 0x0000000000000004, 318.39 W, 99 %
2026/09/30 10:28:53.931, 180 MHz, 13801 MHz, 0x0000000000000004, 88.76 W, 99 %
2026/09/30 10:28:54.439, 180 MHz, 13801 MHz, 0x0000000000000004, 88.76 W, 90 %
2026/09/30 10:28:54.947, 1575 MHz, 13801 MHz, 0x0000000000000004, 146.26 W, 90 %
2026/09/30 10:28:55.457, 1575 MHz, 13801 MHz, 0x0000000000000004, 146.26 W, 95 %
2026/09/30 10:28:55.963, 2310 MHz, 13801 MHz, 0x0000000000000004, 249.04 W, 95 %
2026/09/30 10:28:56.470, 2310 MHz, 13801 MHz, 0x0000000000000004, 249.04 W, 88 %
2026/09/30 10:28:56.980, 2700 MHz, 13801 MHz, 0x0000000000000004, 283.68 W, 88 %
2026/09/30 10:28:57.490, 2700 MHz, 13801 MHz, 0x0000000000000004, 283.68 W, 99 %
2026/09/30 10:28:57.999, 180 MHz, 13801 MHz, 0x0000000000000004, 89.06 W, 99 %
2026/09/30 10:28:58.508, 180 MHz, 13801 MHz, 0x0000000000000004, 89.06 W, 92 %
2026/09/30 10:28:59.017, 1515 MHz, 13801 MHz, 0x0000000000000004, 204.03 W, 92 %
2026/09/30 10:28:59.526, 1515 MHz, 13801 MHz, 0x0000000000000004, 204.03 W, 95 %
2026/09/30 10:29:00.035, 2295 MHz, 13801 MHz, 0x0000000000000004, 247.80 W, 95 %
2026/09/30 10:29:00.544, 2295 MHz, 13801 MHz, 0x0000000000000004, 247.80 W, 86 %
2026/09/30 10:29:01.057, 2670 MHz, 13801 MHz, 0x0000000000000004, 278.85 W, 86 %
2026/09/30 10:29:01.565, 2670 MHz, 13801 MHz, 0x0000000000000004, 278.85 W, 99 %
2026/09/30 10:29:02.072, 180 MHz, 13801 MHz, 0x0000000000000004, 89.41 W, 99 %
2026/09/30 10:29:02.582, 180 MHz, 13801 MHz, 0x0000000000000004, 89.41 W, 96 %
2026/09/30 10:29:03.091, 1537 MHz, 13801 MHz, 0x0000000000000004, 144.94 W, 96 %
2026/09/30 10:29:03.597, 1537 MHz, 13801 MHz, 0x0000000000000004, 144.94 W, 88 %
2026/09/30 10:29:04.107, 2302 MHz, 13801 MHz, 0x0000000000000004, 223.49 W, 88 %
2026/09/30 10:29:04.616, 2302 MHz, 13801 MHz, 0x0000000000000004, 223.49 W, 95 %
2026/09/30 10:29:05.128, 2700 MHz, 13801 MHz, 0x0000000000000004, 319.58 W, 95 %
2026/09/30 10:29:05.640, 2700 MHz, 13801 MHz, 0x0000000000000004, 319.58 W, 97 %
2026/09/30 10:29:06.147, 180 MHz, 13801 MHz, 0x0000000000000004, 85.87 W, 97 %
2026/09/30 10:29:06.654, 180 MHz, 13801 MHz, 0x0000000000000004, 85.87 W, 96 %
2026/09/30 10:29:07.160, 1522 MHz, 13801 MHz, 0x0000000000000004, 143.17 W, 96 %
2026/09/30 10:29:07.669, 1522 MHz, 13801 MHz, 0x0000000000000004, 143.17 W, 92 %
2026/09/30 10:29:08.176, 2295 MHz, 13801 MHz, 0x0000000000000004, 245.59 W, 92 %
2026/09/30 10:29:08.684, 2295 MHz, 13801 MHz, 0x0000000000000004, 245.59 W, 90 %
2026/09/30 10:29:09.191, 2692 MHz, 13801 MHz, 0x0000000000000004, 281.63 W, 90 %
2026/09/30 10:29:09.699, 2692 MHz, 13801 MHz, 0x0000000000000004, 281.63 W, 99 %
2026/09/30 10:29:10.208, 180 MHz, 13801 MHz, 0x0000000000000004, 203.58 W, 99 %
2026/09/30 10:29:10.715, 180 MHz, 13801 MHz, 0x0000000000000004, 203.58 W, 89 %
2026/09/30 10:29:11.219, 1500 MHz, 13801 MHz, 0x0000000000000004, 196.16 W, 89 %
2026/09/30 10:29:11.729, 1500 MHz, 13801 MHz, 0x0000000000000004, 196.16 W, 93 %
2026/09/30 10:29:12.235, 2287 MHz, 13801 MHz, 0x0000000000000004, 222.04 W, 93 %
2026/09/30 10:29:12.743, 2287 MHz, 13801 MHz, 0x0000000000000004, 222.04 W, 86 %
2026/09/30 10:29:13.253, 2670 MHz, 13801 MHz, 0x0000000000000004, 313.69 W, 99 %
2026/09/30 10:29:13.759, 180 MHz, 13801 MHz, 0x0000000000000004, 89.84 W, 99 %
2026/09/30 10:29:14.266, 180 MHz, 13801 MHz, 0x0000000000000004, 89.84 W, 96 %
2026/09/30 10:29:14.773, 1507 MHz, 13801 MHz, 0x0000000000000004, 145.22 W, 96 %
2026/09/30 10:29:15.283, 1507 MHz, 13801 MHz, 0x0000000000000004, 145.22 W, 87 %
2026/09/30 10:29:15.790, 2280 MHz, 13801 MHz, 0x0000000000000004, 243.35 W, 87 %
2026/09/30 10:29:16.299, 2280 MHz, 13801 MHz, 0x0000000000000004, 243.35 W, 95 %
2026/09/30 10:29:16.809, 2692 MHz, 13801 MHz, 0x0000000000000004, 281.06 W, 95 %
2026/09/30 10:29:17.321, 2692 MHz, 13801 MHz, 0x0000000000000004, 281.06 W, 99 %
2026/09/30 10:29:17.829, 180 MHz, 13801 MHz, 0x0000000000000004, 204.58 W, 99 %
2026/09/30 10:29:18.336, 180 MHz, 13801 MHz, 0x0000000000000004, 204.58 W, 91 %
2026/09/30 10:29:18.846, 1500 MHz, 13801 MHz, 0x0000000000000004, 199.46 W, 91 %
2026/09/30 10:29:19.353, 1500 MHz, 13801 MHz, 0x0000000000000004, 199.46 W, 95 %
2026/09/30 10:29:19.860, 2287 MHz, 13801 MHz, 0x0000000000000004, 248.26 W, 95 %
2026/09/30 10:29:20.372, 2287 MHz, 13801 MHz, 0x0000000000000004, 248.26 W, 86 %
2026/09/30 10:29:20.884, 2692 MHz, 13801 MHz, 0x0000000000000004, 309.83 W, 86 %
2026/09/30 10:29:21.394, 2692 MHz, 13801 MHz, 0x0000000000000004, 309.83 W, 99 %
2026/09/30 10:29:21.902, 180 MHz, 13801 MHz, 0x0000000000000004, 200.06 W, 99 %
2026/09/30 10:29:22.409, 180 MHz, 13801 MHz, 0x0000000000000004, 200.06 W, 96 %
2026/09/30 10:29:22.914, 1507 MHz, 13801 MHz, 0x0000000000000004, 198.83 W, 96 %
2026/09/30 10:29:23.422, 1507 MHz, 13801 MHz, 0x0000000000000004, 198.83 W, 89 %
2026/09/30 10:29:23.928, 2295 MHz, 13801 MHz, 0x0000000000000004, 223.89 W, 89 %
2026/09/30 10:29:24.438, 2295 MHz, 13801 MHz, 0x0000000000000004, 223.89 W, 87 %
2026/09/30 10:29:24.948, 2685 MHz, 13801 MHz, 0x0000000000000004, 313.32 W, 87 %
2026/09/30 10:29:25.456, 2685 MHz, 13801 MHz, 0x0000000000000004, 313.32 W, 99 %
2026/09/30 10:29:25.966, 180 MHz, 13801 MHz, 0x0000000000000004, 201.78 W, 99 %
2026/09/30 10:29:26.472, 180 MHz, 13801 MHz, 0x0000000000000004, 201.78 W, 96 %
2026/09/30 10:29:26.978, 1500 MHz, 13801 MHz, 0x0000000000000004, 145.33 W, 96 %
2026/09/30 10:29:27.487, 1500 MHz, 13801 MHz, 0x0000000000000004, 145.33 W, 88 %
2026/09/30 10:29:27.994, 2280 MHz, 13801 MHz, 0x0000000000000004, 245.84 W, 88 %
2026/09/30 10:29:28.500, 2280 MHz, 13801 MHz, 0x0000000000000004, 245.84 W, 95 %
2026/09/30 10:29:29.007, 2692 MHz, 13801 MHz, 0x0000000000000004, 282.89 W, 95 %
2026/09/30 10:29:29.513, 2692 MHz, 13801 MHz, 0x0000000000000004, 282.89 W, 99 %
2026/09/30 10:29:30.020, 180 MHz, 13801 MHz, 0x0000000000000004, 205.31 W, 99 %
2026/09/30 10:29:30.527, 180 MHz, 13801 MHz, 0x0000000000000004, 205.31 W, 92 %
2026/09/30 10:29:31.035, 1492 MHz, 13801 MHz, 0x0000000000000004, 203.77 W, 92 %
2026/09/30 10:29:31.539, 1492 MHz, 13801 MHz, 0x0000000000000004, 203.77 W, 95 %
2026/09/30 10:29:32.049, 2287 MHz, 13801 MHz, 0x0000000000000004, 249.08 W, 95 %
2026/09/30 10:29:32.561, 2287 MHz, 13801 MHz, 0x0000000000000004, 249.08 W, 87 %
2026/09/30 10:29:33.073, 2692 MHz, 13801 MHz, 0x0000000000000004, 315.20 W, 87 %
2026/09/30 10:29:33.584, 180 MHz, 13801 MHz, 0x0000000000000004, 315.20 W, 99 %
2026/09/30 10:29:34.089, 180 MHz, 13801 MHz, 0x0000000000000004, 203.02 W, 99 %
2026/09/30 10:29:34.593, 1492 MHz, 13801 MHz, 0x0000000000000004, 203.02 W, 96 %
2026/09/30 10:29:35.102, 1492 MHz, 13801 MHz, 0x0000000000000004, 201.28 W, 96 %
2026/09/30 10:29:35.612, 2280 MHz, 13801 MHz, 0x0000000000000004, 201.28 W, 95 %
2026/09/30 10:29:36.120, 2280 MHz, 13801 MHz, 0x0000000000000004, 247.38 W, 95 %
2026/09/30 10:29:36.628, 2692 MHz, 13801 MHz, 0x0000000000000004, 247.38 W, 87 %
2026/09/30 10:29:37.136, 2692 MHz, 13801 MHz, 0x0000000000000004, 281.63 W, 87 %
2026/09/30 10:29:37.645, 180 MHz, 13801 MHz, 0x0000000000000004, 281.63 W, 99 %
2026/09/30 10:29:38.153, 180 MHz, 13801 MHz, 0x0000000000000004, 90.73 W, 99 %
2026/09/30 10:29:38.662, 1492 MHz, 13801 MHz, 0x0000000000000004, 90.73 W, 92 %
2026/09/30 10:29:39.170, 1492 MHz, 13801 MHz, 0x0000000000000004, 205.40 W, 92 %
2026/09/30 10:29:39.677, 2280 MHz, 13801 MHz, 0x0000000000000004, 205.40 W, 95 %
2026/09/30 10:29:40.183, 2280 MHz, 13801 MHz, 0x0000000000000004, 227.05 W, 95 %
2026/09/30 10:29:40.697, 2670 MHz, 13801 MHz, 0x0000000000000004, 227.05 W, 87 %
2026/09/30 10:29:41.209, 2670 MHz, 13801 MHz, 0x0000000000000004, 314.91 W, 87 %
2026/09/30 10:29:41.715, 180 MHz, 13801 MHz, 0x0000000000000004, 314.91 W, 99 %
2026/09/30 10:29:42.222, 180 MHz, 13801 MHz, 0x0000000000000004, 202.90 W, 99 %
2026/09/30 10:29:42.730, 1500 MHz, 13801 MHz, 0x0000000000000004, 202.90 W, 96 %
2026/09/30 10:29:43.238, 1500 MHz, 13801 MHz, 0x0000000000000004, 146.32 W, 96 %
2026/09/30 10:29:43.744, 2272 MHz, 13801 MHz, 0x0000000000000004, 146.32 W, 89 %
2026/09/30 10:29:44.252, 2272 MHz, 13801 MHz, 0x0000000000000004, 251.44 W, 89 %
2026/09/30 10:29:44.762, 2692 MHz, 13801 MHz, 0x0000000000000004, 286.17 W, 95 %
2026/09/30 10:29:45.271, 180 MHz, 13801 MHz, 0x0000000000000004, 286.17 W, 99 %
2026/09/30 10:29:45.777, 180 MHz, 13801 MHz, 0x0000000000000004, 205.91 W, 99 %
2026/09/30 10:29:46.285, 1492 MHz, 13801 MHz, 0x0000000000000004, 205.91 W, 91 %
2026/09/30 10:29:46.792, 1492 MHz, 13801 MHz, 0x0000000000000004, 205.25 W, 91 %
2026/09/30 10:29:47.300, 2280 MHz, 13801 MHz, 0x0000000000000004, 205.25 W, 95 %
2026/09/30 10:29:47.807, 2280 MHz, 13801 MHz, 0x0000000000000004, 249.12 W, 95 %
2026/09/30 10:29:48.315, 2662 MHz, 13801 MHz, 0x0000000000000004, 249.12 W, 87 %
2026/09/30 10:29:48.828, 2662 MHz, 13801 MHz, 0x0000000000000004, 283.07 W, 87 %
2026/09/30 10:29:49.341, 180 MHz, 13801 MHz, 0x0000000000000004, 283.07 W, 99 %
2026/09/30 10:29:49.847, 180 MHz, 13801 MHz, 0x0000000000000004, 91.36 W, 99 %
2026/09/30 10:29:50.352, 1507 MHz, 13801 MHz, 0x0000000000000004, 91.36 W, 96 %
2026/09/30 10:29:50.864, 1507 MHz, 13801 MHz, 0x0000000000000004, 146.61 W, 96 %
2026/09/30 10:29:51.372, 2287 MHz, 13801 MHz, 0x0000000000000004, 146.61 W, 89 %
2026/09/30 10:29:51.882, 2287 MHz, 13801 MHz, 0x0000000000000004, 226.86 W, 89 %
2026/09/30 10:29:52.391, 2692 MHz, 13801 MHz, 0x0000000000000004, 226.86 W, 95 %
2026/09/30 10:29:52.902, 2692 MHz, 13801 MHz, 0x0000000000000004, 321.88 W, 95 %
2026/09/30 10:29:53.414, 180 MHz, 13801 MHz, 0x0000000000000004, 321.88 W, 97 %
2026/09/30 10:29:53.919, 180 MHz, 13801 MHz, 0x0000000000000004, 205.77 W, 97 %
2026/09/30 10:29:54.429, 1200 MHz, 13801 MHz, 0x0000000000000004, 205.77 W, 95 %
2026/09/30 10:29:54.940, 1200 MHz, 13801 MHz, 0x0000000000000004, 187.22 W, 95 %
2026/09/30 10:29:55.448, 2130 MHz, 13801 MHz, 0x0000000000000004, 187.22 W, 95 %
2026/09/30 10:29:55.956, 2130 MHz, 13801 MHz, 0x0000000000000004, 237.96 W, 95 %
2026/09/30 10:29:56.463, 2610 MHz, 13801 MHz, 0x0000000000000004, 237.96 W, 88 %
2026/09/30 10:29:56.971, 2610 MHz, 13801 MHz, 0x0000000000000004, 297.05 W, 88 %
2026/09/30 10:29:57.482, 2827 MHz, 13801 MHz, 0x0000000000000004, 297.05 W, 84 %
2026/09/30 10:29:57.996, 2827 MHz, 13801 MHz, 0x0000000000000004, 338.09 W, 84 %
2026/09/30 10:29:58.506, 180 MHz, 13801 MHz, 0x0000000000000004, 338.09 W, 99 %
2026/09/30 10:29:59.013, 180 MHz, 13801 MHz, 0x0000000000000004, 214.86 W, 99 %
2026/09/30 10:29:59.520, 1387 MHz, 13801 MHz, 0x0000000000000004, 214.86 W, 96 %
2026/09/30 10:30:00.026, 1387 MHz, 13801 MHz, 0x0000000000000004, 143.47 W, 96 %
2026/09/30 10:30:00.534, 2197 MHz, 13801 MHz, 0x0000000000000004, 143.47 W, 89 %
2026/09/30 10:30:01.041, 2197 MHz, 13801 MHz, 0x0000000000000004, 218.19 W, 89 %
2026/09/30 10:30:01.549, 2662 MHz, 13801 MHz, 0x0000000000000004, 218.19 W, 95 %
2026/09/30 10:30:02.058, 2662 MHz, 13801 MHz, 0x0000000000000004, 277.70 W, 95 %
2026/09/30 10:30:02.568, 180 MHz, 13801 MHz, 0x0000000000000004, 277.70 W, 99 %
2026/09/30 10:30:03.077, 180 MHz, 13801 MHz, 0x0000000000000004, 202.84 W, 99 %
2026/09/30 10:30:03.582, 1500 MHz, 13801 MHz, 0x0000000000000004, 202.84 W, 92 %
2026/09/30 10:30:04.089, 1500 MHz, 13801 MHz, 0x0000000000000004, 148.94 W, 92 %
2026/09/30 10:30:04.595, 2287 MHz, 13801 MHz, 0x0000000000000004, 148.94 W, 95 %
2026/09/30 10:30:05.103, 2287 MHz, 13801 MHz, 0x0000000000000004, 228.95 W, 95 %
2026/09/30 10:30:05.614, 2692 MHz, 13801 MHz, 0x0000000000000004, 228.95 W, 87 %
2026/09/30 10:30:06.125, 2692 MHz, 13801 MHz, 0x0000000000000004, 315.87 W, 87 %
2026/09/30 10:30:06.634, 180 MHz, 13801 MHz, 0x0000000000000004, 315.87 W, 99 %
2026/09/30 10:30:07.146, 180 MHz, 13801 MHz, 0x0000000000000004, 91.28 W, 99 %
2026/09/30 10:30:07.660, 1500 MHz, 13801 MHz, 0x0000000000000004, 91.28 W, 29 %
2026/09/30 10:30:08.162, 1500 MHz, 13801 MHz, 0x0000000000000004, 83.80 W, 29 %
2026/09/30 10:30:08.675, 2295 MHz, 13801 MHz, 0x0000000000000004, 83.80 W, 0 %
2026/09/30 10:30:09.190, 2295 MHz, 13801 MHz, 0x0000000000000004, 60.88 W, 0 %
2026/09/30 10:30:09.692, 360 MHz, 7001 MHz, 0x0000000000000004, 60.88 W, 0 %
2026/09/30 10:30:10.206, 285 MHz, 7001 MHz, 0x0000000000000000, 35.85 W, 0 %
2026/09/30 10:30:10.720, 232 MHz, 7001 MHz, 0x0000000000000000, 35.75 W, 0 %
2026/09/30 10:30:11.236, 180 MHz, 7001 MHz, 0x0000000000000000, 35.51 W, 0 %
2026/09/30 10:30:11.751, 180 MHz, 7001 MHz, 0x0000000000000000, 35.64 W, 0 %
2026/09/30 10:30:12.262, 180 MHz, 7001 MHz, 0x0000000000000000, 35.62 W, 0 %
2026/09/30 10:30:12.777, 180 MHz, 810 MHz, 0x0000000000000000, 33.03 W, 0 %
2026/09/30 10:30:13.278, 202 MHz, 810 MHz, 0x0000000000000000, 24.07 W, 0 %
2026/09/30 10:30:13.792, 180 MHz, 810 MHz, 0x0000000000000000, 16.76 W, 0 %
2026/09/30 10:30:14.307, 202 MHz, 810 MHz, 0x0000000000000000, 17.24 W, 0 %
2026/09/30 10:30:14.818, 180 MHz, 405 MHz, 0x0000000000000000, 17.05 W, 0 %
2026/09/30 10:30:15.333, 195 MHz, 405 MHz, 0x0000000000000000, 14.35 W, 0 %
2026/09/30 10:30:15.846, 180 MHz, 405 MHz, 0x0000000000000000, 14.03 W, 0 %
2026/09/30 10:30:16.360, 187 MHz, 405 MHz, 0x0000000000000000, 14.11 W, 0 %
2026/09/30 10:30:16.870, 180 MHz, 405 MHz, 0x0000000000000000, 14.16 W, 0 %
2026/09/30 10:30:17.384, 202 MHz, 405 MHz, 0x0000000000000000, 14.05 W, 0 %
2026/09/30 10:30:17.894, 180 MHz, 405 MHz, 0x0000000000000000, 13.89 W, 0 %
2026/09/30 10:30:18.408, 187 MHz, 405 MHz, 0x0000000000000000, 13.83 W, 0 %
2026/09/30 10:30:18.924, 180 MHz, 405 MHz, 0x0000000000000000, 14.14 W, 0 %
2026/09/30 10:30:19.435, 187 MHz, 405 MHz, 0x0000000000000000, 14.22 W, 0 %
2026/09/30 10:30:19.944, 180 MHz, 405 MHz, 0x0000000000000000, 14.17 W, 0 %
2026/09/30 10:30:20.455, 187 MHz, 405 MHz, 0x0000000000000000, 14.15 W, 0 %
2026/09/30 10:30:20.969, 187 MHz, 405 MHz, 0x0000000000000000, 14.01 W, 0 %
2026/09/30 10:30:21.482, 187 MHz, 405 MHz, 0x0000000000000000, 13.89 W, 0 %
2026/09/30 10:30:21.992, 180 MHz, 405 MHz, 0x0000000000000000, 13.98 W, 0 %
2026/09/30 10:30:22.508, 187 MHz, 405 MHz, 0x0000000000000000, 13.98 W, 0 %
2026/09/30 10:30:23.023, 180 MHz, 405 MHz, 0x0000000000000000, 13.93 W, 0 %
2026/09/30 10:30:23.532, 187 MHz, 405 MHz, 0x0000000000000000, 13.71 W, 0 %
2026/09/30 10:30:24.046, 180 MHz, 405 MHz, 0x0000000000000000, 13.50 W, 0 %
2026/09/30 10:30:24.555, 195 MHz, 405 MHz, 0x0000000000000000, 13.61 W, 0 %
2026/09/30 10:30:25.066, 180 MHz, 405 MHz, 0x0000000000000000, 13.72 W, 0 %
2026/09/30 10:30:25.579, 195 MHz, 405 MHz, 0x0000000000000000, 13.63 W, 0 %
2026/09/30 10:30:26.091, 180 MHz, 405 MHz, 0x0000000000000000, 13.55 W, 0 %
2026/09/30 10:30:26.603, 187 MHz, 405 MHz, 0x0000000000000000, 13.44 W, 0 %
2026/09/30 10:30:27.117, 180 MHz, 405 MHz, 0x0000000000000000, 13.36 W, 0 %
2026/09/30 10:30:27.628, 195 MHz, 405 MHz, 0x0000000000000000, 13.51 W, 0 %
2026/09/30 10:30:28.139, 180 MHz, 405 MHz, 0x0000000000000000, 13.43 W, 0 %
2026/09/30 10:30:28.649, 195 MHz, 405 MHz, 0x0000000000000000, 13.38 W, 0 %
2026/09/30 10:30:29.164, 180 MHz, 405 MHz, 0x0000000000000000, 13.26 W, 0 %
2026/09/30 10:30:29.675, 195 MHz, 405 MHz, 0x0000000000000000, 13.20 W, 0 %
2026/09/30 10:30:30.190, 180 MHz, 405 MHz, 0x0000000000000000, 13.23 W, 0 %
2026/09/30 10:30:30.704, 195 MHz, 405 MHz, 0x0000000000000000, 13.34 W, 0 %
2026/09/30 10:30:31.213, 180 MHz, 405 MHz, 0x0000000000000000, 13.29 W, 0 %
2026/09/30 10:30:31.724, 187 MHz, 405 MHz, 0x0000000000000000, 13.21 W, 0 %
2026/09/30 10:30:32.233, 180 MHz, 405 MHz, 0x0000000000000000, 13.17 W, 0 %
2026/09/30 10:30:32.748, 195 MHz, 405 MHz, 0x0000000000000000, 13.14 W, 0 %
2026/09/30 10:30:33.262, 180 MHz, 405 MHz, 0x0000000000000000, 13.14 W, 0 %
2026/09/30 10:30:33.766, 180 MHz, 405 MHz, 0x0000000000000000, 13.26 W, 0 %
2026/09/30 10:30:34.268, 180 MHz, 405 MHz, 0x0000000000000000, 13.33 W, 0 %
2026/09/30 10:30:34.782, 180 MHz, 405 MHz, 0x0000000000000000, 13.25 W, 0 %
2026/09/30 10:30:35.293, 180 MHz, 405 MHz, 0x0000000000000000, 13.15 W, 0 %
2026/09/30 10:30:35.795, 180 MHz, 405 MHz, 0x0000000000000000, 13.19 W, 0 %
2026/09/30 10:30:36.295, 180 MHz, 405 MHz, 0x0000000000000000, 13.10 W, 0 %
2026/09/30 10:30:36.810, 180 MHz, 405 MHz, 0x0000000000000000, 13.21 W, 0 %
2026/09/30 10:30:37.324, 180 MHz, 405 MHz, 0x0000000000000000, 13.39 W, 0 %
2026/09/30 10:30:37.837, 180 MHz, 405 MHz, 0x0000000000000000, 13.29 W, 0 %
2026/09/30 10:30:38.352, 180 MHz, 405 MHz, 0x0000000000000000, 12.99 W, 0 %
2026/09/30 10:30:38.868, 180 MHz, 405 MHz, 0x0000000000000000, 12.96 W, 0 %
2026/09/30 10:30:39.383, 180 MHz, 405 MHz, 0x0000000000000000, 12.94 W, 0 %
2026/09/30 10:30:39.887, 180 MHz, 405 MHz, 0x0000000000000000, 12.86 W, 0 %
2026/09/30 10:30:40.400, 1942 MHz, 13801 MHz, 0x0000000000000000, 101.69 W, 70 %
2026/09/30 10:30:40.906, 2910 MHz, 13801 MHz, 0x0000000000000000, 284.92 W, 94 %
2026/09/30 10:30:41.414, 2910 MHz, 13801 MHz, 0x0000000000000000, 362.09 W, 95 %
2026/09/30 10:30:41.923, 2910 MHz, 13801 MHz, 0x0000000000000000, 357.61 W, 95 %
2026/09/30 10:30:42.430, 2895 MHz, 13801 MHz, 0x0000000000000000, 357.61 W, 95 %
2026/09/30 10:30:42.937, 2910 MHz, 13801 MHz, 0x0000000000000000, 357.60 W, 95 %
2026/09/30 10:30:43.445, 2910 MHz, 13801 MHz, 0x0000000000000000, 365.14 W, 95 %
2026/09/30 10:30:43.955, 2910 MHz, 13801 MHz, 0x0000000000000000, 361.08 W, 56 %
2026/09/30 10:30:44.461, 2910 MHz, 13801 MHz, 0x0000000000000000, 361.40 W, 94 %
2026/09/30 10:30:44.967, 2910 MHz, 13801 MHz, 0x0000000000000000, 365.32 W, 94 %
2026/09/30 10:30:45.476, 2910 MHz, 13801 MHz, 0x0000000000000000, 362.74 W, 56 %
2026/09/30 10:30:45.982, 2910 MHz, 13801 MHz, 0x0000000000000000, 363.30 W, 95 %
2026/09/30 10:30:46.490, 2910 MHz, 13801 MHz, 0x0000000000000000, 366.40 W, 95 %
2026/09/30 10:30:46.998, 2910 MHz, 13801 MHz, 0x0000000000000000, 366.36 W, 95 %
2026/09/30 10:30:47.504, 2887 MHz, 13801 MHz, 0x0000000000000000, 365.96 W, 94 %
2026/09/30 10:30:48.012, 2910 MHz, 13801 MHz, 0x0000000000000000, 366.46 W, 95 %
2026/09/30 10:30:48.518, 2910 MHz, 13801 MHz, 0x0000000000000000, 367.45 W, 95 %
2026/09/30 10:30:49.027, 2910 MHz, 13801 MHz, 0x0000000000000000, 362.98 W, 55 %
2026/09/30 10:30:49.534, 2910 MHz, 13801 MHz, 0x0000000000000000, 363.86 W, 95 %
2026/09/30 10:30:50.040, 2910 MHz, 13801 MHz, 0x0000000000000000, 367.79 W, 94 %
2026/09/30 10:30:50.548, 2910 MHz, 13801 MHz, 0x0000000000000000, 364.35 W, 72 %
2026/09/30 10:30:51.056, 2910 MHz, 13801 MHz, 0x0000000000000000, 364.76 W, 95 %
2026/09/30 10:30:51.563, 2910 MHz, 13801 MHz, 0x0000000000000000, 368.62 W, 95 %
2026/09/30 10:30:52.071, 2910 MHz, 13801 MHz, 0x0000000000000000, 369.34 W, 95 %
2026/09/30 10:30:52.578, 2887 MHz, 13801 MHz, 0x0000000000000000, 364.55 W, 95 %
2026/09/30 10:30:53.087, 2910 MHz, 13801 MHz, 0x0000000000000000, 363.63 W, 95 %
2026/09/30 10:30:53.598, 2910 MHz, 13801 MHz, 0x0000000000000000, 368.86 W, 95 %
2026/09/30 10:30:54.104, 2887 MHz, 13801 MHz, 0x0000000000000000, 366.44 W, 95 %
2026/09/30 10:30:54.611, 2910 MHz, 13801 MHz, 0x0000000000000000, 366.15 W, 94 %
2026/09/30 10:30:55.117, 2910 MHz, 13801 MHz, 0x0000000000000000, 369.57 W, 95 %
2026/09/30 10:30:55.626, 2910 MHz, 13801 MHz, 0x0000000000000000, 368.63 W, 84 %
2026/09/30 10:30:56.132, 2902 MHz, 13801 MHz, 0x0000000000000000, 368.89 W, 95 %
2026/09/30 10:30:56.639, 2910 MHz, 13801 MHz, 0x0000000000000000, 370.49 W, 94 %
2026/09/30 10:30:57.150, 2910 MHz, 13801 MHz, 0x0000000000000000, 370.10 W, 95 %
2026/09/30 10:30:57.658, 2887 MHz, 13801 MHz, 0x0000000000000000, 367.33 W, 95 %
2026/09/30 10:30:58.164, 2910 MHz, 13801 MHz, 0x0000000000000000, 367.36 W, 95 %
2026/09/30 10:30:58.673, 2910 MHz, 13801 MHz, 0x0000000000000000, 370.78 W, 95 %
2026/09/30 10:30:59.183, 2910 MHz, 13801 MHz, 0x0000000000000000, 363.84 W, 50 %
2026/09/30 10:30:59.688, 2910 MHz, 13801 MHz, 0x0000000000000000, 363.46 W, 94 %
2026/09/30 10:31:00.197, 2910 MHz, 13801 MHz, 0x0000000000000000, 370.13 W, 94 %
2026/09/30 10:31:00.707, 2910 MHz, 13801 MHz, 0x0000000000000000, 370.67 W, 94 %
2026/09/30 10:31:01.216, 2880 MHz, 13801 MHz, 0x0000000000000000, 358.33 W, 94 %
2026/09/30 10:31:01.723, 2910 MHz, 13801 MHz, 0x0000000000000000, 357.94 W, 95 %
2026/09/30 10:31:02.232, 2910 MHz, 13801 MHz, 0x0000000000000000, 370.68 W, 95 %
2026/09/30 10:31:02.742, 2902 MHz, 13801 MHz, 0x0000000000000000, 364.54 W, 65 %
2026/09/30 10:31:03.250, 2910 MHz, 13801 MHz, 0x0000000000000000, 364.05 W, 94 %
2026/09/30 10:31:03.757, 2910 MHz, 13801 MHz, 0x0000000000000000, 370.15 W, 94 %
2026/09/30 10:31:04.268, 2910 MHz, 13801 MHz, 0x0000000000000000, 370.68 W, 95 %
2026/09/30 10:31:04.777, 2910 MHz, 13801 MHz, 0x0000000000000000, 365.33 W, 95 %
2026/09/30 10:31:05.283, 2910 MHz, 13801 MHz, 0x0000000000000000, 371.30 W, 95 %
2026/09/30 10:31:05.790, 2910 MHz, 13801 MHz, 0x0000000000000000, 371.76 W, 94 %
2026/09/30 10:31:06.295, 2910 MHz, 13801 MHz, 0x0000000000000000, 366.42 W, 61 %
2026/09/30 10:31:06.800, 2910 MHz, 13801 MHz, 0x0000000000000000, 366.21 W, 95 %
2026/09/30 10:31:07.309, 2910 MHz, 13801 MHz, 0x0000000000000000, 371.74 W, 95 %
2026/09/30 10:31:07.819, 2910 MHz, 13801 MHz, 0x0000000000000000, 366.06 W, 95 %
2026/09/30 10:31:08.324, 2910 MHz, 13801 MHz, 0x0000000000000000, 366.19 W, 94 %
2026/09/30 10:31:08.831, 2910 MHz, 13801 MHz, 0x0000000000000000, 370.84 W, 94 %
2026/09/30 10:31:09.340, 2910 MHz, 13801 MHz, 0x0000000000000000, 369.70 W, 95 %
2026/09/30 10:31:09.846, 2887 MHz, 13801 MHz, 0x0000000000000000, 363.01 W, 94 %
2026/09/30 10:31:10.353, 2910 MHz, 13801 MHz, 0x0000000000000000, 363.14 W, 94 %
2026/09/30 10:31:10.859, 2910 MHz, 13801 MHz, 0x0000000000000000, 371.20 W, 94 %
2026/09/30 10:31:11.367, 2910 MHz, 13801 MHz, 0x0000000000000000, 368.50 W, 55 %
2026/09/30 10:31:11.875, 2910 MHz, 13801 MHz, 0x0000000000000000, 368.84 W, 95 %
2026/09/30 10:31:12.381, 2910 MHz, 13801 MHz, 0x0000000000000000, 372.90 W, 94 %
2026/09/30 10:31:12.888, 2895 MHz, 13801 MHz, 0x0000000000000000, 368.77 W, 81 %
2026/09/30 10:31:13.396, 2910 MHz, 13801 MHz, 0x0000000000000000, 368.82 W, 95 %
2026/09/30 10:31:13.901, 2910 MHz, 13801 MHz, 0x0000000000000000, 372.32 W, 95 %
2026/09/30 10:31:14.411, 2910 MHz, 13801 MHz, 0x0000000000000000, 367.93 W, 94 %
2026/09/30 10:31:14.916, 2895 MHz, 13801 MHz, 0x0000000000000000, 365.68 W, 95 %
2026/09/30 10:31:15.423, 2910 MHz, 13801 MHz, 0x0000000000000000, 366.40 W, 95 %
2026/09/30 10:31:15.931, 2910 MHz, 13801 MHz, 0x0000000000000000, 372.58 W, 95 %
2026/09/30 10:31:16.439, 2887 MHz, 13801 MHz, 0x0000000000000000, 370.78 W, 95 %
2026/09/30 10:31:16.947, 2910 MHz, 13801 MHz, 0x0000000000000000, 371.13 W, 95 %
2026/09/30 10:31:17.452, 2910 MHz, 13801 MHz, 0x0000000000000000, 373.22 W, 95 %
2026/09/30 10:31:17.961, 2902 MHz, 13801 MHz, 0x0000000000000000, 368.84 W, 93 %
2026/09/30 10:31:18.469, 2910 MHz, 13801 MHz, 0x0000000000000000, 369.39 W, 94 %
2026/09/30 10:31:18.979, 2910 MHz, 13801 MHz, 0x0000000000000000, 372.76 W, 95 %
2026/09/30 10:31:19.488, 2910 MHz, 13801 MHz, 0x0000000000000000, 369.78 W, 52 %
2026/09/30 10:31:19.997, 2902 MHz, 13801 MHz, 0x0000000000000000, 364.93 W, 95 %
2026/09/30 10:31:20.504, 2910 MHz, 13801 MHz, 0x0000000000000000, 367.90 W, 94 %
2026/09/30 10:31:21.012, 2910 MHz, 13801 MHz, 0x0000000000000000, 366.61 W, 61 %
2026/09/30 10:31:21.519, 2910 MHz, 13801 MHz, 0x0000000000000000, 367.66 W, 95 %
2026/09/30 10:31:22.029, 2910 MHz, 13801 MHz, 0x0000000000000000, 363.88 W, 72 %
2026/09/30 10:31:22.536, 2910 MHz, 13801 MHz, 0x0000000000000000, 361.91 W, 94 %
2026/09/30 10:31:23.047, 2910 MHz, 13801 MHz, 0x0000000000000000, 362.53 W, 94 %
2026/09/30 10:31:23.556, 2910 MHz, 13801 MHz, 0x0000000000000000, 365.64 W, 94 %
2026/09/30 10:31:24.063, 2910 MHz, 13801 MHz, 0x0000000000000000, 372.70 W, 95 %
2026/09/30 10:31:24.570, 2910 MHz, 13801 MHz, 0x0000000000000000, 368.93 W, 69 %
2026/09/30 10:31:25.081, 2880 MHz, 13801 MHz, 0x0000000000000000, 369.21 W, 95 %
2026/09/30 10:31:25.588, 2895 MHz, 13801 MHz, 0x0000000000000000, 369.13 W, 95 %
2026/09/30 10:31:26.098, 2895 MHz, 13801 MHz, 0x0000000000000000, 373.09 W, 94 %
2026/09/30 10:31:26.606, 2895 MHz, 13801 MHz, 0x0000000000000000, 359.92 W, 63 %
2026/09/30 10:31:27.116, 2910 MHz, 13801 MHz, 0x0000000000000000, 361.48 W, 94 %
2026/09/30 10:31:27.621, 2910 MHz, 13801 MHz, 0x0000000000000000, 372.68 W, 94 %
2026/09/30 10:31:28.133, 2910 MHz, 13801 MHz, 0x0000000000000000, 364.66 W, 46 %
2026/09/30 10:31:28.644, 2910 MHz, 13801 MHz, 0x0000000000000000, 360.29 W, 94 %
2026/09/30 10:31:29.153, 2910 MHz, 13801 MHz, 0x0000000000000000, 369.65 W, 94 %
2026/09/30 10:31:29.662, 2910 MHz, 13801 MHz, 0x0000000000000000, 374.78 W, 95 %
2026/09/30 10:31:30.172, 2910 MHz, 13801 MHz, 0x0000000000000000, 371.13 W, 46 %
2026/09/30 10:31:30.680, 2902 MHz, 13801 MHz, 0x0000000000000000, 369.33 W, 94 %
2026/09/30 10:31:31.185, 2910 MHz, 13801 MHz, 0x0000000000000000, 368.75 W, 95 %
2026/09/30 10:31:31.695, 2910 MHz, 13801 MHz, 0x0000000000000000, 359.92 W, 50 %
2026/09/30 10:31:32.205, 2910 MHz, 13801 MHz, 0x0000000000000000, 361.49 W, 94 %
2026/09/30 10:31:32.713, 2910 MHz, 13801 MHz, 0x0000000000000000, 365.26 W, 94 %
2026/09/30 10:31:33.221, 2910 MHz, 13801 MHz, 0x0000000000000000, 373.99 W, 94 %
2026/09/30 10:31:33.728, 2887 MHz, 13801 MHz, 0x0000000000000000, 358.48 W, 95 %
2026/09/30 10:31:34.235, 2910 MHz, 13801 MHz, 0x0000000000000000, 358.89 W, 95 %
2026/09/30 10:31:34.747, 2910 MHz, 13801 MHz, 0x0000000000000000, 374.75 W, 95 %
2026/09/30 10:31:35.257, 2910 MHz, 13801 MHz, 0x0000000000000000, 363.64 W, 42 %
2026/09/30 10:31:35.765, 2910 MHz, 13801 MHz, 0x0000000000000000, 360.81 W, 94 %
2026/09/30 10:31:36.273, 2910 MHz, 13801 MHz, 0x0000000000000000, 374.41 W, 95 %
2026/09/30 10:31:36.784, 2880 MHz, 13801 MHz, 0x0000000000000000, 365.17 W, 95 %
2026/09/30 10:31:37.294, 2910 MHz, 13801 MHz, 0x0000000000000000, 366.10 W, 95 %
2026/09/30 10:31:37.803, 2910 MHz, 13801 MHz, 0x0000000000000000, 374.91 W, 95 %
2026/09/30 10:31:38.314, 2910 MHz, 13801 MHz, 0x0000000000000000, 364.79 W, 48 %
2026/09/30 10:31:38.820, 2910 MHz, 13801 MHz, 0x0000000000000000, 364.28 W, 94 %
2026/09/30 10:31:39.328, 2910 MHz, 13801 MHz, 0x0000000000000000, 368.67 W, 95 %
2026/09/30 10:31:39.836, 2910 MHz, 13801 MHz, 0x0000000000000000, 374.20 W, 95 %
2026/09/30 10:31:40.345, 2895 MHz, 13801 MHz, 0x0000000000000000, 365.81 W, 95 %
2026/09/30 10:31:40.857, 2910 MHz, 13801 MHz, 0x0000000000000000, 365.23 W, 95 %
2026/09/30 10:31:41.364, 2910 MHz, 13801 MHz, 0x0000000000000000, 374.80 W, 94 %
2026/09/30 10:31:41.875, 2910 MHz, 13801 MHz, 0x0000000000000000, 361.17 W, 44 %
2026/09/30 10:31:42.389, 2925 MHz, 13801 MHz, 0x0000000000000000, 236.45 W, 0 %
2026/09/30 10:31:42.900, 2925 MHz, 13801 MHz, 0x0000000000000000, 110.34 W, 0 %
2026/09/30 10:31:43.413, 2925 MHz, 13801 MHz, 0x0000000000000000, 96.09 W, 0 %
2026/09/30 10:31:43.927, 2452 MHz, 7001 MHz, 0x0000000000000000, 80.98 W, 0 %
2026/09/30 10:31:44.441, 630 MHz, 7001 MHz, 0x0000000000000000, 51.53 W, 0 %
2026/09/30 10:31:44.951, 502 MHz, 7001 MHz, 0x0000000000000000, 37.03 W, 0 %
2026/09/30 10:31:45.466, 390 MHz, 7001 MHz, 0x0000000000000000, 36.60 W, 0 %
2026/09/30 10:31:45.981, 315 MHz, 7001 MHz, 0x0000000000000000, 36.49 W, 0 %
2026/09/30 10:31:46.490, 247 MHz, 7001 MHz, 0x0000000000000000, 36.44 W, 0 %
2026/09/30 10:31:47.002, 195 MHz, 7001 MHz, 0x0000000000000000, 36.36 W, 0 %
2026/09/30 10:31:47.516, 180 MHz, 7001 MHz, 0x0000000000000000, 36.29 W, 0 %
2026/09/30 10:31:48.030, 180 MHz, 7001 MHz, 0x0000000000000000, 36.25 W, 0 %
2026/09/30 10:31:48.541, 180 MHz, 7001 MHz, 0x0000000000000000, 36.10 W, 0 %
2026/09/30 10:31:49.044, 180 MHz, 810 MHz, 0x0000000000000000, 32.38 W, 0 %
2026/09/30 10:31:49.559, 180 MHz, 810 MHz, 0x0000000000000000, 24.46 W, 0 %
2026/09/30 10:31:50.072, 180 MHz, 810 MHz, 0x0000000000000000, 19.77 W, 0 %
2026/09/30 10:31:50.584, 180 MHz, 810 MHz, 0x0000000000000000, 19.21 W, 0 %
2026/09/30 10:31:51.100, 180 MHz, 405 MHz, 0x0000000000000000, 16.05 W, 0 %
2026/09/30 10:31:51.610, 172 MHz, 405 MHz, 0x0000000000000000, 15.17 W, 0 %
2026/09/30 10:31:52.125, 180 MHz, 405 MHz, 0x0000000000000000, 15.06 W, 0 %
2026/09/30 10:31:52.639, 180 MHz, 405 MHz, 0x0000000000000000, 14.90 W, 0 %
2026/09/30 10:31:53.156, 180 MHz, 405 MHz, 0x0000000000000000, 14.89 W, 0 %
2026/09/30 10:31:53.669, 180 MHz, 405 MHz, 0x0000000000000000, 15.03 W, 0 %
2026/09/30 10:31:54.171, 180 MHz, 405 MHz, 0x0000000000000000, 15.05 W, 0 %
2026/09/30 10:31:54.683, 180 MHz, 405 MHz, 0x0000000000000000, 15.02 W, 0 %
2026/09/30 10:31:55.185, 180 MHz, 405 MHz, 0x0000000000000000, 15.01 W, 0 %
2026/09/30 10:31:55.700, 180 MHz, 405 MHz, 0x0000000000000000, 14.65 W, 0 %
2026/09/30 10:31:56.215, 180 MHz, 405 MHz, 0x0000000000000000, 14.89 W, 0 %
2026/09/30 10:31:56.730, 180 MHz, 405 MHz, 0x0000000000000000, 14.87 W, 0 %
2026/09/30 10:31:57.244, 180 MHz, 405 MHz, 0x0000000000000000, 14.73 W, 0 %
2026/09/30 10:31:57.746, 180 MHz, 405 MHz, 0x0000000000000000, 14.91 W, 0 %
2026/09/30 10:31:58.259, 180 MHz, 405 MHz, 0x0000000000000000, 14.97 W, 0 %
2026/09/30 10:31:58.774, 180 MHz, 405 MHz, 0x0000000000000000, 14.84 W, 0 %
2026/09/30 10:31:59.288, 180 MHz, 405 MHz, 0x0000000000000000, 14.26 W, 0 %
2026/09/30 10:31:59.802, 180 MHz, 405 MHz, 0x0000000000000000, 14.24 W, 0 %
2026/09/30 10:32:00.316, 180 MHz, 405 MHz, 0x0000000000000000, 14.19 W, 0 %
2026/09/30 10:32:00.831, 180 MHz, 405 MHz, 0x0000000000000000, 14.21 W, 0 %
2026/09/30 10:32:01.333, 180 MHz, 405 MHz, 0x0000000000000000, 14.05 W, 0 %
2026/09/30 10:32:01.847, 180 MHz, 405 MHz, 0x0000000000000000, 13.87 W, 0 %
2026/09/30 10:32:02.348, 180 MHz, 405 MHz, 0x0000000000000000, 13.95 W, 0 %
2026/09/30 10:32:02.851, 180 MHz, 405 MHz, 0x0000000000000000, 14.09 W, 0 %
2026/09/30 10:32:03.364, 195 MHz, 405 MHz, 0x0000000000000000, 13.87 W, 0 %
2026/09/30 10:32:03.880, 180 MHz, 405 MHz, 0x0000000000000000, 13.76 W, 0 %
2026/09/30 10:32:04.395, 187 MHz, 405 MHz, 0x0000000000000000, 13.74 W, 0 %
2026/09/30 10:32:04.910, 180 MHz, 405 MHz, 0x0000000000000000, 13.63 W, 0 %
2026/09/30 10:32:05.419, 187 MHz, 405 MHz, 0x0000000000000000, 13.60 W, 0 %
2026/09/30 10:32:05.933, 180 MHz, 405 MHz, 0x0000000000000000, 13.45 W, 0 %
2026/09/30 10:32:06.447, 187 MHz, 405 MHz, 0x0000000000000000, 13.22 W, 0 %
2026/09/30 10:32:06.962, 180 MHz, 405 MHz, 0x0000000000000000, 13.34 W, 0 %
2026/09/30 10:32:07.465, 195 MHz, 405 MHz, 0x0000000000000000, 13.36 W, 0 %
2026/09/30 10:32:07.976, 180 MHz, 405 MHz, 0x0000000000000000, 13.26 W, 0 %
2026/09/30 10:32:08.487, 195 MHz, 405 MHz, 0x0000000000000000, 13.35 W, 0 %
2026/09/30 10:32:08.988, 180 MHz, 405 MHz, 0x0000000000000000, 13.25 W, 0 %
2026/09/30 10:32:09.503, 195 MHz, 405 MHz, 0x0000000000000000, 13.22 W, 0 %
2026/09/30 10:32:10.016, 180 MHz, 405 MHz, 0x0000000000000000, 13.20 W, 0 %
2026/09/30 10:32:10.517, 195 MHz, 405 MHz, 0x0000000000000000, 13.18 W, 0 %
2026/09/30 10:32:11.028, 180 MHz, 405 MHz, 0x0000000000000000, 13.23 W, 0 %
2026/09/30 10:32:11.530, 195 MHz, 405 MHz, 0x0000000000000000, 13.05 W, 0 %
2026/09/30 10:32:12.044, 180 MHz, 405 MHz, 0x0000000000000000, 12.69 W, 0 %
2026/09/30 10:32:12.559, 180 MHz, 405 MHz, 0x0000000000000000, 12.61 W, 0 %
2026/09/30 10:32:13.063, 180 MHz, 405 MHz, 0x0000000000000000, 12.75 W, 0 %
2026/09/30 10:32:13.564, 195 MHz, 405 MHz, 0x0000000000000000, 12.85 W, 0 %
2026/09/30 10:32:14.080, 180 MHz, 405 MHz, 0x0000000000000000, 13.03 W, 0 %
2026/09/30 10:32:14.595, 195 MHz, 405 MHz, 0x0000000000000000, 13.00 W, 0 %
2026/09/30 10:32:15.110, 180 MHz, 405 MHz, 0x0000000000000000, 12.83 W, 0 %
2026/09/30 10:32:15.625, 187 MHz, 405 MHz, 0x0000000000000000, 12.75 W, 0 %
2026/09/30 10:32:16.140, 180 MHz, 405 MHz, 0x0000000000000000, 12.79 W, 0 %
2026/09/30 10:32:16.652, 187 MHz, 405 MHz, 0x0000000000000000, 12.94 W, 0 %
2026/09/30 10:32:17.153, 180 MHz, 405 MHz, 0x0000000000000000, 12.89 W, 0 %
2026/09/30 10:32:17.666, 187 MHz, 405 MHz, 0x0000000000000000, 12.73 W, 0 %
2026/09/30 10:32:18.178, 180 MHz, 405 MHz, 0x0000000000000000, 21.12 W, 79 %
2026/09/30 10:32:18.684, 2925 MHz, 13801 MHz, 0x0000000000000000, 153.00 W, 94 %
2026/09/30 10:32:19.191, 2910 MHz, 13801 MHz, 0x0000000000000000, 306.54 W, 94 %
2026/09/30 10:32:19.699, 2910 MHz, 13801 MHz, 0x0000000000000000, 350.87 W, 70 %
2026/09/30 10:32:20.206, 2910 MHz, 13801 MHz, 0x0000000000000000, 353.64 W, 78 %
2026/09/30 10:32:20.712, 2910 MHz, 13801 MHz, 0x0000000000000000, 358.77 W, 95 %
2026/09/30 10:32:21.220, 2910 MHz, 13801 MHz, 0x0000000000000000, 355.73 W, 95 %
2026/09/30 10:32:21.728, 2910 MHz, 13801 MHz, 0x0000000000000000, 354.57 W, 95 %
2026/09/30 10:32:22.236, 2910 MHz, 13801 MHz, 0x0000000000000000, 353.42 W, 86 %
2026/09/30 10:32:22.745, 2910 MHz, 13801 MHz, 0x0000000000000000, 358.01 W, 94 %
2026/09/30 10:32:23.249, 2910 MHz, 13801 MHz, 0x0000000000000000, 357.18 W, 86 %
2026/09/30 10:32:23.758, 2910 MHz, 13801 MHz, 0x0000000000000000, 357.12 W, 95 %
2026/09/30 10:32:24.261, 2910 MHz, 13801 MHz, 0x0000000000000000, 359.23 W, 95 %
2026/09/30 10:32:24.768, 2910 MHz, 13801 MHz, 0x0000000000000000, 358.35 W, 78 %
2026/09/30 10:32:25.273, 2910 MHz, 13801 MHz, 0x0000000000000000, 359.11 W, 82 %
2026/09/30 10:32:25.781, 2910 MHz, 13801 MHz, 0x0000000000000000, 361.15 W, 95 %
2026/09/30 10:32:26.287, 2910 MHz, 13801 MHz, 0x0000000000000000, 358.77 W, 95 %
2026/09/30 10:32:26.794, 2910 MHz, 13801 MHz, 0x0000000000000000, 361.29 W, 95 %
2026/09/30 10:32:27.302, 2910 MHz, 13801 MHz, 0x0000000000000000, 361.34 W, 95 %
2026/09/30 10:32:27.809, 2910 MHz, 13801 MHz, 0x0000000000000000, 361.66 W, 95 %
2026/09/30 10:32:28.315, 2910 MHz, 13801 MHz, 0x0000000000000000, 361.54 W, 95 %
2026/09/30 10:32:28.823, 2910 MHz, 13801 MHz, 0x0000000000000000, 359.30 W, 95 %
2026/09/30 10:32:29.331, 2910 MHz, 13801 MHz, 0x0000000000000000, 359.04 W, 92 %
2026/09/30 10:32:29.836, 2910 MHz, 13801 MHz, 0x0000000000000000, 359.66 W, 82 %
2026/09/30 10:32:30.344, 2910 MHz, 13801 MHz, 0x0000000000000000, 361.92 W, 94 %
2026/09/30 10:32:30.854, 2910 MHz, 13801 MHz, 0x0000000000000000, 361.99 W, 95 %
2026/09/30 10:32:31.361, 2910 MHz, 13801 MHz, 0x0000000000000000, 363.10 W, 95 %
2026/09/30 10:32:31.868, 2910 MHz, 13801 MHz, 0x0000000000000000, 361.25 W, 95 %
2026/09/30 10:32:32.373, 2910 MHz, 13801 MHz, 0x0000000000000000, 359.65 W, 94 %
2026/09/30 10:32:32.881, 2910 MHz, 13801 MHz, 0x0000000000000000, 355.84 W, 94 %
2026/09/30 10:32:33.386, 2910 MHz, 13801 MHz, 0x0000000000000000, 356.46 W, 94 %
2026/09/30 10:32:33.892, 2910 MHz, 13801 MHz, 0x0000000000000000, 358.18 W, 75 %
2026/09/30 10:32:34.401, 2910 MHz, 13801 MHz, 0x0000000000000000, 361.83 W, 94 %
2026/09/30 10:32:34.909, 2910 MHz, 13801 MHz, 0x0000000000000000, 357.58 W, 94 %
2026/09/30 10:32:35.419, 2910 MHz, 13801 MHz, 0x0000000000000000, 356.79 W, 94 %
2026/09/30 10:32:35.927, 2910 MHz, 13801 MHz, 0x0000000000000000, 360.31 W, 95 %
2026/09/30 10:32:36.433, 2910 MHz, 13801 MHz, 0x0000000000000000, 364.19 W, 95 %
2026/09/30 10:32:36.943, 2910 MHz, 13801 MHz, 0x0000000000000000, 362.55 W, 94 %
2026/09/30 10:32:37.449, 2910 MHz, 13801 MHz, 0x0000000000000000, 357.04 W, 94 %
2026/09/30 10:32:37.956, 2910 MHz, 13801 MHz, 0x0000000000000000, 355.42 W, 95 %
2026/09/30 10:32:38.462, 2910 MHz, 13801 MHz, 0x0000000000000000, 361.25 W, 95 %
2026/09/30 10:32:38.970, 2910 MHz, 13801 MHz, 0x0000000000000000, 362.18 W, 94 %
2026/09/30 10:32:39.478, 2910 MHz, 13801 MHz, 0x0000000000000000, 359.37 W, 94 %
2026/09/30 10:32:39.991, 2910 MHz, 13801 MHz, 0x0000000000000000, 360.01 W, 95 %
2026/09/30 10:32:40.496, 2910 MHz, 13801 MHz, 0x0000000000000000, 363.76 W, 94 %
2026/09/30 10:32:41.006, 2910 MHz, 13801 MHz, 0x0000000000000000, 365.14 W, 94 %
2026/09/30 10:32:41.512, 2910 MHz, 13801 MHz, 0x0000000000000000, 365.38 W, 94 %
2026/09/30 10:32:42.019, 2910 MHz, 13801 MHz, 0x0000000000000000, 363.94 W, 94 %
2026/09/30 10:32:42.524, 2910 MHz, 13801 MHz, 0x0000000000000000, 363.50 W, 94 %
2026/09/30 10:32:43.032, 2910 MHz, 13801 MHz, 0x0000000000000000, 364.16 W, 94 %
2026/09/30 10:32:43.538, 2910 MHz, 13801 MHz, 0x0000000000000000, 362.66 W, 95 %
2026/09/30 10:32:44.045, 2910 MHz, 13801 MHz, 0x0000000000000000, 362.19 W, 95 %
2026/09/30 10:32:44.551, 2910 MHz, 13801 MHz, 0x0000000000000000, 362.59 W, 79 %
2026/09/30 10:32:45.059, 2910 MHz, 13801 MHz, 0x0000000000000000, 366.83 W, 94 %
2026/09/30 10:32:45.565, 2910 MHz, 13801 MHz, 0x0000000000000000, 366.24 W, 94 %
2026/09/30 10:32:46.073, 2910 MHz, 13801 MHz, 0x0000000000000000, 366.36 W, 94 %
2026/09/30 10:32:46.582, 2910 MHz, 13801 MHz, 0x0000000000000000, 365.45 W, 95 %
2026/09/30 10:32:47.092, 2910 MHz, 13801 MHz, 0x0000000000000000, 362.24 W, 94 %
2026/09/30 10:32:47.600, 2910 MHz, 13801 MHz, 0x0000000000000000, 361.95 W, 94 %
2026/09/30 10:32:48.107, 2910 MHz, 13801 MHz, 0x0000000000000000, 363.04 W, 79 %
2026/09/30 10:32:48.614, 2910 MHz, 13801 MHz, 0x0000000000000000, 361.81 W, 84 %
2026/09/30 10:32:49.125, 2910 MHz, 13801 MHz, 0x0000000000000000, 362.84 W, 94 %
2026/09/30 10:32:49.634, 2910 MHz, 13801 MHz, 0x0000000000000000, 363.35 W, 94 %
2026/09/30 10:32:50.143, 2910 MHz, 13801 MHz, 0x0000000000000000, 361.99 W, 94 %
2026/09/30 10:32:50.657, 2910 MHz, 13801 MHz, 0x0000000000000000, 363.02 W, 83 %
2026/09/30 10:32:51.165, 2910 MHz, 13801 MHz, 0x0000000000000000, 367.48 W, 95 %
2026/09/30 10:32:51.672, 2910 MHz, 13801 MHz, 0x0000000000000000, 368.47 W, 94 %
2026/09/30 10:32:52.181, 2910 MHz, 13801 MHz, 0x0000000000000000, 365.01 W, 95 %
2026/09/30 10:32:52.689, 2910 MHz, 13801 MHz, 0x0000000000000000, 367.67 W, 94 %
2026/09/30 10:32:53.198, 2910 MHz, 13801 MHz, 0x0000000000000000, 366.36 W, 95 %
2026/09/30 10:32:53.706, 2910 MHz, 13801 MHz, 0x0000000000000000, 359.94 W, 94 %
2026/09/30 10:32:54.212, 2910 MHz, 13801 MHz, 0x0000000000000000, 360.57 W, 95 %
2026/09/30 10:32:54.722, 2910 MHz, 13801 MHz, 0x0000000000000000, 361.58 W, 72 %
2026/09/30 10:32:55.228, 2910 MHz, 13801 MHz, 0x0000000000000000, 366.30 W, 94 %
2026/09/30 10:32:55.736, 2910 MHz, 13801 MHz, 0x0000000000000000, 362.67 W, 75 %
2026/09/30 10:32:56.242, 2910 MHz, 13801 MHz, 0x0000000000000000, 358.88 W, 95 %
2026/09/30 10:32:56.749, 2910 MHz, 13801 MHz, 0x0000000000000000, 364.82 W, 91 %
2026/09/30 10:32:57.256, 2910 MHz, 13801 MHz, 0x0000000000000000, 368.33 W, 94 %
2026/09/30 10:32:57.765, 2910 MHz, 13801 MHz, 0x0000000000000000, 364.15 W, 95 %
2026/09/30 10:32:58.274, 2910 MHz, 13801 MHz, 0x0000000000000000, 362.98 W, 95 %
2026/09/30 10:32:58.785, 2910 MHz, 13801 MHz, 0x0000000000000000, 366.82 W, 94 %
2026/09/30 10:32:59.297, 2910 MHz, 13801 MHz, 0x0000000000000000, 364.32 W, 95 %
2026/09/30 10:32:59.803, 2910 MHz, 13801 MHz, 0x0000000000000000, 364.45 W, 93 %
2026/09/30 10:33:00.315, 2910 MHz, 13801 MHz, 0x0000000000000000, 368.73 W, 95 %
2026/09/30 10:33:00.825, 2910 MHz, 13801 MHz, 0x0000000000000000, 368.22 W, 95 %
2026/09/30 10:33:01.337, 2910 MHz, 13801 MHz, 0x0000000000000000, 367.04 W, 84 %
2026/09/30 10:33:01.846, 2910 MHz, 13801 MHz, 0x0000000000000000, 368.82 W, 95 %
2026/09/30 10:33:02.353, 2910 MHz, 13801 MHz, 0x0000000000000000, 366.33 W, 94 %
2026/09/30 10:33:02.862, 2910 MHz, 13801 MHz, 0x0000000000000000, 369.04 W, 95 %
2026/09/30 10:33:03.368, 2910 MHz, 13801 MHz, 0x0000000000000000, 368.80 W, 93 %
2026/09/30 10:33:03.877, 2910 MHz, 13801 MHz, 0x0000000000000000, 364.86 W, 95 %
2026/09/30 10:33:04.386, 2910 MHz, 13801 MHz, 0x0000000000000000, 369.38 W, 95 %
2026/09/30 10:33:04.895, 2910 MHz, 13801 MHz, 0x0000000000000000, 369.13 W, 95 %
2026/09/30 10:33:05.404, 2910 MHz, 13801 MHz, 0x0000000000000000, 364.89 W, 94 %
2026/09/30 10:33:05.911, 2910 MHz, 13801 MHz, 0x0000000000000000, 365.47 W, 95 %
2026/09/30 10:33:06.418, 2910 MHz, 13801 MHz, 0x0000000000000000, 366.11 W, 94 %
2026/09/30 10:33:06.927, 2910 MHz, 13801 MHz, 0x0000000000000000, 365.98 W, 75 %
2026/09/30 10:33:07.434, 2910 MHz, 13801 MHz, 0x0000000000000000, 359.83 W, 73 %
2026/09/30 10:33:07.941, 2910 MHz, 13801 MHz, 0x0000000000000000, 363.34 W, 95 %
2026/09/30 10:33:08.448, 2910 MHz, 13801 MHz, 0x0000000000000000, 363.97 W, 95 %
2026/09/30 10:33:08.955, 2910 MHz, 13801 MHz, 0x0000000000000000, 368.54 W, 94 %
2026/09/30 10:33:09.462, 2910 MHz, 13801 MHz, 0x0000000000000000, 367.45 W, 76 %
2026/09/30 10:33:09.971, 2910 MHz, 13801 MHz, 0x0000000000000000, 366.56 W, 95 %
2026/09/30 10:33:10.475, 2910 MHz, 13801 MHz, 0x0000000000000000, 368.97 W, 95 %
2026/09/30 10:33:10.985, 2910 MHz, 13801 MHz, 0x0000000000000000, 366.69 W, 78 %
2026/09/30 10:33:11.494, 2910 MHz, 13801 MHz, 0x0000000000000000, 367.17 W, 94 %
2026/09/30 10:33:12.001, 2910 MHz, 13801 MHz, 0x0000000000000000, 369.15 W, 89 %
2026/09/30 10:33:12.509, 2910 MHz, 13801 MHz, 0x0000000000000000, 366.97 W, 78 %
2026/09/30 10:33:13.015, 2910 MHz, 13801 MHz, 0x0000000000000000, 363.36 W, 76 %
2026/09/30 10:33:13.522, 2910 MHz, 13801 MHz, 0x0000000000000000, 364.92 W, 81 %
2026/09/30 10:33:14.026, 2910 MHz, 13801 MHz, 0x0000000000000000, 367.70 W, 94 %
2026/09/30 10:33:14.534, 2910 MHz, 13801 MHz, 0x0000000000000000, 369.99 W, 78 %
2026/09/30 10:33:15.040, 2910 MHz, 13801 MHz, 0x0000000000000000, 367.04 W, 77 %
2026/09/30 10:33:15.549, 2910 MHz, 13801 MHz, 0x0000000000000000, 367.89 W, 94 %
2026/09/30 10:33:16.054, 2910 MHz, 13801 MHz, 0x0000000000000000, 367.60 W, 77 %
2026/09/30 10:33:16.560, 2910 MHz, 13801 MHz, 0x0000000000000000, 370.02 W, 94 %
2026/09/30 10:33:17.066, 2910 MHz, 13801 MHz, 0x0000000000000000, 367.62 W, 94 %
2026/09/30 10:33:17.575, 2910 MHz, 13801 MHz, 0x0000000000000000, 370.97 W, 95 %
2026/09/30 10:33:18.082, 2910 MHz, 13801 MHz, 0x0000000000000000, 370.77 W, 94 %
2026/09/30 10:33:18.588, 2910 MHz, 13801 MHz, 0x0000000000000000, 366.80 W, 94 %
2026/09/30 10:33:19.089, 2925 MHz, 13801 MHz, 0x0000000000000000, 303.18 W, 0 %
2026/09/30 10:33:19.590, 2925 MHz, 13801 MHz, 0x0000000000000000, 180.45 W, 0 %
2026/09/30 10:33:20.103, 2925 MHz, 13801 MHz, 0x0000000000000000, 95.97 W, 0 %
2026/09/30 10:33:20.605, 2887 MHz, 13801 MHz, 0x0000000000000000, 95.32 W, 0 %
2026/09/30 10:33:21.107, 585 MHz, 13801 MHz, 0x0000000000000000, 70.43 W, 0 %
2026/09/30 10:33:21.620, 465 MHz, 7001 MHz, 0x0000000000000000, 41.76 W, 0 %
2026/09/30 10:33:22.135, 375 MHz, 810 MHz, 0x0000000000000000, 34.74 W, 0 %
2026/09/30 10:33:22.647, 285 MHz, 810 MHz, 0x0000000000000000, 27.35 W, 0 %
2026/09/30 10:33:23.159, 217 MHz, 810 MHz, 0x0000000000000000, 22.93 W, 0 %
2026/09/30 10:33:23.674, 180 MHz, 405 MHz, 0x0000000000000000, 21.38 W, 0 %
2026/09/30 10:33:24.185, 180 MHz, 405 MHz, 0x0000000000000000, 18.59 W, 0 %
2026/09/30 10:33:24.700, 180 MHz, 405 MHz, 0x0000000000000000, 15.85 W, 0 %
2026/09/30 10:33:25.216, 180 MHz, 405 MHz, 0x0000000000000000, 15.67 W, 0 %
2026/09/30 10:33:25.728, 180 MHz, 405 MHz, 0x0000000000000000, 15.18 W, 0 %
2026/09/30 10:33:26.230, 187 MHz, 405 MHz, 0x0000000000000000, 14.99 W, 0 %
2026/09/30 10:33:26.732, 180 MHz, 405 MHz, 0x0000000000000000, 15.04 W, 0 %
2026/09/30 10:33:27.246, 195 MHz, 405 MHz, 0x0000000000000000, 15.10 W, 0 %
2026/09/30 10:33:27.747, 180 MHz, 405 MHz, 0x0000000000000000, 15.21 W, 0 %
2026/09/30 10:33:28.247, 195 MHz, 405 MHz, 0x0000000000000000, 15.20 W, 0 %
2026/09/30 10:33:28.748, 180 MHz, 405 MHz, 0x0000000000000000, 15.03 W, 0 %
2026/09/30 10:33:29.262, 187 MHz, 405 MHz, 0x0000000000000000, 15.22 W, 0 %
2026/09/30 10:33:29.777, 180 MHz, 405 MHz, 0x0000000000000000, 14.94 W, 0 %
2026/09/30 10:33:30.277, 187 MHz, 405 MHz, 0x0000000000000000, 14.74 W, 0 %
2026/09/30 10:33:30.778, 180 MHz, 405 MHz, 0x0000000000000000, 14.97 W, 0 %
2026/09/30 10:33:31.289, 195 MHz, 405 MHz, 0x0000000000000000, 14.96 W, 0 %
2026/09/30 10:33:31.802, 187 MHz, 405 MHz, 0x0000000000000000, 14.66 W, 0 %
2026/09/30 10:33:32.316, 180 MHz, 405 MHz, 0x0000000000000000, 14.51 W, 0 %
2026/09/30 10:33:32.831, 187 MHz, 405 MHz, 0x0000000000000000, 14.40 W, 0 %
2026/09/30 10:33:33.346, 180 MHz, 405 MHz, 0x0000000000000000, 14.37 W, 0 %
2026/09/30 10:33:33.858, 195 MHz, 405 MHz, 0x0000000000000000, 14.38 W, 0 %
2026/09/30 10:33:34.359, 180 MHz, 405 MHz, 0x0000000000000000, 14.32 W, 0 %
2026/09/30 10:33:34.875, 195 MHz, 405 MHz, 0x0000000000000000, 14.36 W, 0 %
2026/09/30 10:33:35.377, 180 MHz, 405 MHz, 0x0000000000000000, 14.33 W, 0 %
2026/09/30 10:33:35.891, 195 MHz, 405 MHz, 0x0000000000000000, 14.34 W, 0 %
2026/09/30 10:33:36.402, 180 MHz, 405 MHz, 0x0000000000000000, 14.39 W, 0 %
2026/09/30 10:33:36.917, 187 MHz, 405 MHz, 0x0000000000000000, 14.36 W, 0 %
2026/09/30 10:33:37.431, 180 MHz, 405 MHz, 0x0000000000000000, 14.18 W, 0 %
2026/09/30 10:33:37.935, 195 MHz, 405 MHz, 0x0000000000000000, 14.01 W, 0 %
2026/09/30 10:33:38.441, 180 MHz, 405 MHz, 0x0000000000000000, 14.04 W, 0 %
2026/09/30 10:33:38.956, 195 MHz, 405 MHz, 0x0000000000000000, 13.85 W, 0 %
2026/09/30 10:33:39.457, 180 MHz, 405 MHz, 0x0000000000000000, 13.53 W, 0 %
2026/09/30 10:33:39.973, 195 MHz, 405 MHz, 0x0000000000000000, 13.76 W, 0 %
2026/09/30 10:33:40.487, 210 MHz, 405 MHz, 0x0000000000000000, 13.93 W, 0 %
2026/09/30 10:33:40.988, 187 MHz, 405 MHz, 0x0000000000000000, 13.78 W, 0 %
2026/09/30 10:33:41.504, 180 MHz, 405 MHz, 0x0000000000000000, 13.57 W, 0 %
2026/09/30 10:33:42.005, 187 MHz, 405 MHz, 0x0000000000000000, 13.59 W, 0 %
2026/09/30 10:33:42.516, 180 MHz, 405 MHz, 0x0000000000000000, 13.44 W, 0 %
2026/09/30 10:33:43.032, 187 MHz, 405 MHz, 0x0000000000000000, 13.49 W, 0 %
2026/09/30 10:33:43.536, 180 MHz, 405 MHz, 0x0000000000000000, 13.30 W, 0 %
2026/09/30 10:33:44.048, 195 MHz, 405 MHz, 0x0000000000000000, 13.33 W, 0 %
2026/09/30 10:33:44.551, 180 MHz, 405 MHz, 0x0000000000000000, 13.60 W, 0 %
2026/09/30 10:33:45.066, 187 MHz, 405 MHz, 0x0000000000000000, 13.69 W, 0 %
2026/09/30 10:33:45.581, 180 MHz, 405 MHz, 0x0000000000000000, 13.53 W, 0 %
2026/09/30 10:33:46.081, 202 MHz, 405 MHz, 0x0000000000000000, 13.83 W, 0 %
2026/09/30 10:33:46.597, 180 MHz, 405 MHz, 0x0000000000000000, 13.99 W, 0 %
2026/09/30 10:33:47.097, 187 MHz, 405 MHz, 0x0000000000000000, 13.65 W, 0 %
2026/09/30 10:33:47.598, 180 MHz, 405 MHz, 0x0000000000000000, 13.56 W, 0 %
2026/09/30 10:33:48.113, 180 MHz, 405 MHz, 0x0000000000000000, 13.35 W, 0 %
2026/09/30 10:33:48.616, 180 MHz, 405 MHz, 0x0000000000000000, 13.34 W, 0 %
2026/09/30 10:33:49.132, 180 MHz, 405 MHz, 0x0000000000000000, 13.29 W, 0 %
2026/09/30 10:33:49.644, 180 MHz, 405 MHz, 0x0000000000000000, 13.30 W, 0 %
2026/09/30 10:33:50.156, 187 MHz, 405 MHz, 0x0000000000000000, 13.24 W, 0 %
2026/09/30 10:33:50.669, 180 MHz, 405 MHz, 0x0000000000000000, 13.02 W, 0 %
2026/09/30 10:33:51.172, 180 MHz, 405 MHz, 0x0000000000000000, 13.09 W, 0 %
2026/09/30 10:33:51.674, 180 MHz, 405 MHz, 0x0000000000000000, 12.94 W, 0 %
2026/09/30 10:33:52.188, 180 MHz, 405 MHz, 0x0000000000000000, 12.94 W, 0 %
2026/09/30 10:33:52.698, 180 MHz, 405 MHz, 0x0000000000000000, 13.14 W, 0 %
2026/09/30 10:33:53.214, 180 MHz, 405 MHz, 0x0000000000000000, 13.21 W, 0 %
2026/09/30 10:33:53.728, 180 MHz, 405 MHz, 0x0000000000000000, 13.07 W, 0 %
2026/09/30 10:33:54.237, 187 MHz, 405 MHz, 0x0000000000000000, 13.03 W, 0 %
2026/09/30 10:33:54.749, 180 MHz, 405 MHz, 0x0000000000000000, 12.98 W, 0 %
2026/09/30 10:33:55.262, 187 MHz, 405 MHz, 0x0000000000000000, 13.06 W, 0 %
2026/09/30 10:33:55.775, 180 MHz, 405 MHz, 0x0000000000000000, 12.98 W, 0 %
2026/09/30 10:33:56.276, 187 MHz, 405 MHz, 0x0000000000000000, 12.90 W, 0 %
2026/09/30 10:33:56.792, 187 MHz, 405 MHz, 0x0000000000000000, 12.81 W, 0 %
2026/09/30 10:33:57.305, 180 MHz, 405 MHz, 0x0000000000000000, 12.81 W, 0 %
2026/09/30 10:33:57.819, 2940 MHz, 13801 MHz, 0x0000000000000000, 55.40 W, 0 %
2026/09/30 10:33:58.335, 2865 MHz, 13801 MHz, 0x0000000000000000, 169.79 W, 52 %
2026/09/30 10:33:58.847, 2865 MHz, 13801 MHz, 0x0000000000000000, 300.70 W, 53 %
2026/09/30 10:33:59.358, 2842 MHz, 13801 MHz, 0x0000000000000004, 382.57 W, 98 %
2026/09/30 10:33:59.869, 2797 MHz, 13801 MHz, 0x0000000000000004, 437.34 W, 98 %
2026/09/30 10:34:00.381, 2797 MHz, 13801 MHz, 0x0000000000000004, 476.12 W, 99 %
2026/09/30 10:34:00.893, 2805 MHz, 13801 MHz, 0x0000000000000004, 475.35 W, 98 %
2026/09/30 10:34:01.399, 2797 MHz, 13801 MHz, 0x0000000000000004, 475.46 W, 98 %
2026/09/30 10:34:01.910, 2797 MHz, 13801 MHz, 0x0000000000000004, 476.28 W, 98 %
2026/09/30 10:34:02.420, 2797 MHz, 13801 MHz, 0x0000000000000004, 476.04 W, 98 %
2026/09/30 10:34:02.925, 2812 MHz, 13801 MHz, 0x0000000000000004, 473.91 W, 98 %
2026/09/30 10:34:03.429, 2820 MHz, 13801 MHz, 0x0000000000000004, 466.69 W, 98 %
2026/09/30 10:34:03.938, 2910 MHz, 13801 MHz, 0x0000000000000000, 447.55 W, 96 %
2026/09/30 10:34:04.446, 2872 MHz, 13801 MHz, 0x0000000000000000, 360.98 W, 46 %
2026/09/30 10:34:04.955, 2865 MHz, 13801 MHz, 0x0000000000000000, 317.75 W, 45 %
2026/09/30 10:34:05.464, 2865 MHz, 13801 MHz, 0x0000000000000004, 360.90 W, 87 %
2026/09/30 10:34:05.973, 2797 MHz, 13801 MHz, 0x0000000000000004, 420.58 W, 99 %
2026/09/30 10:34:06.478, 2797 MHz, 13801 MHz, 0x0000000000000004, 479.48 W, 99 %
2026/09/30 10:34:06.985, 2820 MHz, 13801 MHz, 0x0000000000000004, 478.04 W, 98 %
2026/09/30 10:34:07.494, 2835 MHz, 13801 MHz, 0x0000000000000000, 469.90 W, 80 %
2026/09/30 10:34:08.003, 2842 MHz, 13801 MHz, 0x0000000000000004, 453.48 W, 87 %
2026/09/30 10:34:08.511, 2842 MHz, 13801 MHz, 0x0000000000000004, 443.15 W, 99 %
2026/09/30 10:34:09.020, 2887 MHz, 13801 MHz, 0x0000000000000000, 427.64 W, 72 %
2026/09/30 10:34:09.528, 2887 MHz, 13801 MHz, 0x0000000000000000, 366.38 W, 39 %
2026/09/30 10:34:10.038, 2887 MHz, 13801 MHz, 0x0000000000000000, 335.58 W, 69 %
2026/09/30 10:34:10.548, 2902 MHz, 13801 MHz, 0x0000000000000000, 297.27 W, 58 %
2026/09/30 10:34:11.058, 2895 MHz, 13801 MHz, 0x0000000000000000, 297.60 W, 45 %
2026/09/30 10:34:11.569, 2880 MHz, 13801 MHz, 0x0000000000000000, 341.07 W, 45 %
2026/09/30 10:34:12.079, 2895 MHz, 13801 MHz, 0x0000000000000000, 345.87 W, 40 %
2026/09/30 10:34:12.589, 2865 MHz, 13801 MHz, 0x0000000000000000, 330.36 W, 57 %
2026/09/30 10:34:13.098, 2880 MHz, 13801 MHz, 0x0000000000000000, 366.12 W, 67 %
2026/09/30 10:34:13.604, 2895 MHz, 13801 MHz, 0x0000000000000000, 372.99 W, 67 %
2026/09/30 10:34:14.113, 2865 MHz, 13801 MHz, 0x0000000000000000, 397.15 W, 68 %
2026/09/30 10:34:14.620, 2857 MHz, 13801 MHz, 0x0000000000000000, 431.96 W, 78 %
2026/09/30 10:34:15.127, 2880 MHz, 13801 MHz, 0x0000000000000000, 414.58 W, 55 %
2026/09/30 10:34:15.633, 2872 MHz, 13801 MHz, 0x0000000000000000, 413.37 W, 65 %
2026/09/30 10:34:16.141, 2887 MHz, 13801 MHz, 0x0000000000000000, 389.14 W, 70 %
2026/09/30 10:34:16.648, 2895 MHz, 13801 MHz, 0x0000000000000000, 354.03 W, 33 %
2026/09/30 10:34:17.156, 2850 MHz, 13801 MHz, 0x0000000000000004, 382.35 W, 88 %
2026/09/30 10:34:17.662, 2857 MHz, 13801 MHz, 0x0000000000000004, 397.18 W, 93 %
2026/09/30 10:34:18.172, 2880 MHz, 13801 MHz, 0x0000000000000000, 371.92 W, 78 %
2026/09/30 10:34:18.682, 2880 MHz, 13801 MHz, 0x0000000000000000, 370.67 W, 38 %
2026/09/30 10:34:19.190, 2880 MHz, 13801 MHz, 0x0000000000000000, 365.86 W, 70 %
2026/09/30 10:34:19.697, 2827 MHz, 13801 MHz, 0x0000000000000000, 357.33 W, 58 %
2026/09/30 10:34:20.209, 2880 MHz, 13801 MHz, 0x0000000000000000, 392.90 W, 54 %
2026/09/30 10:34:20.721, 2827 MHz, 13801 MHz, 0x0000000000000004, 391.23 W, 94 %
2026/09/30 10:34:21.235, 2880 MHz, 13801 MHz, 0x0000000000000000, 357.89 W, 44 %
2026/09/30 10:34:21.744, 2857 MHz, 13801 MHz, 0x0000000000000004, 354.70 W, 73 %
2026/09/30 10:34:22.251, 2872 MHz, 13801 MHz, 0x0000000000000004, 378.36 W, 65 %
2026/09/30 10:34:22.762, 2880 MHz, 13801 MHz, 0x0000000000000000, 404.74 W, 67 %
2026/09/30 10:34:23.273, 2835 MHz, 13801 MHz, 0x0000000000000004, 415.28 W, 91 %
2026/09/30 10:34:23.784, 2880 MHz, 13801 MHz, 0x0000000000000000, 397.52 W, 74 %
2026/09/30 10:34:24.295, 2872 MHz, 13801 MHz, 0x0000000000000000, 382.32 W, 47 %
2026/09/30 10:34:24.809, 2895 MHz, 13801 MHz, 0x0000000000000000, 371.88 W, 45 %
2026/09/30 10:34:25.320, 2872 MHz, 13801 MHz, 0x0000000000000000, 390.32 W, 69 %
2026/09/30 10:34:25.831, 2872 MHz, 13801 MHz, 0x0000000000000000, 380.41 W, 86 %
2026/09/30 10:34:26.339, 2850 MHz, 13801 MHz, 0x0000000000000000, 364.15 W, 53 %
2026/09/30 10:34:26.849, 2872 MHz, 13801 MHz, 0x0000000000000000, 359.41 W, 74 %
2026/09/30 10:34:27.361, 2887 MHz, 13801 MHz, 0x0000000000000000, 382.57 W, 73 %
2026/09/30 10:34:27.875, 2857 MHz, 13801 MHz, 0x0000000000000004, 410.92 W, 83 %
2026/09/30 10:34:28.384, 2887 MHz, 13801 MHz, 0x0000000000000000, 375.50 W, 45 %
2026/09/30 10:34:28.898, 2857 MHz, 13801 MHz, 0x0000000000000000, 384.60 W, 47 %
2026/09/30 10:34:29.407, 2857 MHz, 13801 MHz, 0x0000000000000004, 388.66 W, 75 %
2026/09/30 10:34:29.915, 2850 MHz, 13801 MHz, 0x0000000000000000, 360.75 W, 34 %
2026/09/30 10:34:30.420, 2857 MHz, 13801 MHz, 0x0000000000000004, 380.19 W, 74 %
2026/09/30 10:34:30.932, 2887 MHz, 13801 MHz, 0x0000000000000000, 407.38 W, 85 %
2026/09/30 10:34:31.442, 2842 MHz, 13801 MHz, 0x0000000000000000, 390.27 W, 77 %
2026/09/30 10:34:31.948, 2857 MHz, 13801 MHz, 0x0000000000000004, 363.08 W, 72 %
2026/09/30 10:34:32.459, 2872 MHz, 13801 MHz, 0x0000000000000000, 324.15 W, 64 %
2026/09/30 10:34:32.967, 2872 MHz, 13801 MHz, 0x0000000000000000, 358.03 W, 85 %
2026/09/30 10:34:33.478, 2865 MHz, 13801 MHz, 0x0000000000000000, 386.19 W, 86 %
2026/09/30 10:34:33.982, 2865 MHz, 13801 MHz, 0x0000000000000000, 383.88 W, 73 %
2026/09/30 10:34:34.491, 2880 MHz, 13801 MHz, 0x0000000000000000, 399.86 W, 53 %
2026/09/30 10:34:34.999, 2880 MHz, 13801 MHz, 0x0000000000000000, 380.21 W, 51 %
2026/09/30 10:34:35.511, 2880 MHz, 13801 MHz, 0x0000000000000000, 378.56 W, 70 %
2026/09/30 10:34:36.019, 2827 MHz, 13801 MHz, 0x0000000000000000, 398.92 W, 86 %
2026/09/30 10:34:36.534, 2880 MHz, 13801 MHz, 0x0000000000000004, 405.61 W, 71 %
2026/09/30 10:34:37.044, 2880 MHz, 13801 MHz, 0x0000000000000000, 386.15 W, 56 %
2026/09/30 10:34:37.558, 2880 MHz, 13801 MHz, 0x0000000000000000, 371.00 W, 45 %
2026/09/30 10:34:38.067, 2887 MHz, 13801 MHz, 0x0000000000000000, 356.71 W, 81 %
2026/09/30 10:34:38.578, 2835 MHz, 13801 MHz, 0x0000000000000004, 388.31 W, 90 %
2026/09/30 10:34:39.087, 2865 MHz, 13801 MHz, 0x0000000000000004, 383.71 W, 66 %
2026/09/30 10:34:39.596, 2842 MHz, 13801 MHz, 0x0000000000000000, 373.55 W, 86 %
2026/09/30 10:34:40.110, 2887 MHz, 13801 MHz, 0x0000000000000000, 378.49 W, 44 %
2026/09/30 10:34:40.621, 2872 MHz, 13801 MHz, 0x0000000000000004, 375.74 W, 70 %
2026/09/30 10:34:41.128, 2857 MHz, 13801 MHz, 0x0000000000000004, 386.43 W, 92 %
2026/09/30 10:34:41.640, 2850 MHz, 13801 MHz, 0x0000000000000000, 397.30 W, 53 %
2026/09/30 10:34:42.155, 2872 MHz, 13801 MHz, 0x0000000000000004, 402.26 W, 58 %
2026/09/30 10:34:42.664, 2880 MHz, 13801 MHz, 0x0000000000000000, 398.29 W, 59 %
2026/09/30 10:34:43.174, 2865 MHz, 13801 MHz, 0x0000000000000004, 368.40 W, 71 %
2026/09/30 10:34:43.684, 2880 MHz, 13801 MHz, 0x0000000000000000, 346.32 W, 71 %
2026/09/30 10:34:44.196, 2872 MHz, 13801 MHz, 0x0000000000000000, 390.64 W, 66 %
2026/09/30 10:34:44.709, 2872 MHz, 13801 MHz, 0x0000000000000000, 406.36 W, 75 %
2026/09/30 10:34:45.221, 2850 MHz, 13801 MHz, 0x0000000000000000, 384.80 W, 61 %
2026/09/30 10:34:45.735, 2887 MHz, 13801 MHz, 0x0000000000000000, 370.06 W, 54 %
2026/09/30 10:34:46.243, 2872 MHz, 13801 MHz, 0x0000000000000000, 360.52 W, 66 %
2026/09/30 10:34:46.753, 2880 MHz, 13801 MHz, 0x0000000000000004, 385.49 W, 82 %
2026/09/30 10:34:47.264, 2842 MHz, 13801 MHz, 0x0000000000000004, 424.46 W, 88 %
2026/09/30 10:34:47.776, 2887 MHz, 13801 MHz, 0x0000000000000000, 386.84 W, 49 %
2026/09/30 10:34:48.290, 2865 MHz, 13801 MHz, 0x0000000000000004, 376.81 W, 60 %
2026/09/30 10:34:48.801, 2887 MHz, 13801 MHz, 0x0000000000000000, 359.28 W, 69 %
2026/09/30 10:34:49.309, 2887 MHz, 13801 MHz, 0x0000000000000000, 337.58 W, 72 %
2026/09/30 10:34:49.821, 2880 MHz, 13801 MHz, 0x0000000000000000, 385.24 W, 82 %
2026/09/30 10:34:50.327, 2872 MHz, 13801 MHz, 0x0000000000000000, 356.27 W, 50 %
2026/09/30 10:34:50.837, 2880 MHz, 13801 MHz, 0x0000000000000000, 367.87 W, 35 %
2026/09/30 10:34:51.344, 2887 MHz, 13801 MHz, 0x0000000000000000, 343.43 W, 55 %
2026/09/30 10:34:51.853, 2857 MHz, 13801 MHz, 0x0000000000000004, 375.08 W, 59 %
2026/09/30 10:34:52.360, 2850 MHz, 13801 MHz, 0x0000000000000000, 407.16 W, 80 %
2026/09/30 10:34:52.867, 2902 MHz, 13801 MHz, 0x0000000000000000, 373.44 W, 35 %
2026/09/30 10:34:53.378, 2865 MHz, 13801 MHz, 0x0000000000000000, 357.32 W, 76 %
2026/09/30 10:34:53.891, 2865 MHz, 13801 MHz, 0x0000000000000004, 365.50 W, 79 %
2026/09/30 10:34:54.400, 2872 MHz, 13801 MHz, 0x0000000000000004, 376.65 W, 77 %
2026/09/30 10:34:54.910, 2872 MHz, 13801 MHz, 0x0000000000000000, 396.54 W, 36 %
2026/09/30 10:34:55.420, 2872 MHz, 13801 MHz, 0x0000000000000004, 400.01 W, 63 %
2026/09/30 10:34:55.930, 2857 MHz, 13801 MHz, 0x0000000000000000, 388.01 W, 72 %
2026/09/30 10:34:56.442, 2857 MHz, 13801 MHz, 0x0000000000000000, 386.47 W, 63 %
2026/09/30 10:34:56.950, 2895 MHz, 13801 MHz, 0x0000000000000000, 360.16 W, 60 %
2026/09/30 10:34:57.459, 2872 MHz, 13801 MHz, 0x0000000000000000, 351.32 W, 60 %
2026/09/30 10:34:57.968, 2842 MHz, 13801 MHz, 0x0000000000000000, 400.11 W, 83 %
2026/09/30 10:34:58.479, 2872 MHz, 13801 MHz, 0x0000000000000000, 402.85 W, 61 %
2026/09/30 10:34:58.988, 2835 MHz, 13801 MHz, 0x0000000000000000, 392.79 W, 79 %
2026/09/30 10:34:59.497, 2880 MHz, 13801 MHz, 0x0000000000000000, 372.85 W, 34 %
2026/09/30 10:35:00.011, 2887 MHz, 13801 MHz, 0x0000000000000004, 356.55 W, 71 %
2026/09/30 10:35:00.523, 2872 MHz, 13801 MHz, 0x0000000000000000, 382.23 W, 48 %
2026/09/30 10:35:01.033, 2872 MHz, 13801 MHz, 0x0000000000000004, 404.92 W, 77 %
2026/09/30 10:35:01.545, 2865 MHz, 13801 MHz, 0x0000000000000000, 407.19 W, 68 %
2026/09/30 10:35:02.052, 2887 MHz, 13801 MHz, 0x0000000000000000, 380.88 W, 55 %
2026/09/30 10:35:02.561, 2872 MHz, 13801 MHz, 0x0000000000000004, 360.72 W, 69 %
2026/09/30 10:35:03.072, 2872 MHz, 13801 MHz, 0x0000000000000000, 377.58 W, 85 %
2026/09/30 10:35:03.588, 2850 MHz, 13801 MHz, 0x0000000000000000, 402.66 W, 67 %
2026/09/30 10:35:04.096, 2887 MHz, 13801 MHz, 0x0000000000000000, 397.46 W, 62 %
2026/09/30 10:35:04.610, 2925 MHz, 13801 MHz, 0x0000000000000000, 318.18 W, 0 %
2026/09/30 10:35:05.124, 2925 MHz, 13801 MHz, 0x0000000000000000, 192.50 W, 0 %
2026/09/30 10:35:05.637, 2925 MHz, 13801 MHz, 0x0000000000000000, 96.64 W, 0 %
2026/09/30 10:35:06.152, 2925 MHz, 13801 MHz, 0x0000000000000000, 95.88 W, 0 %
2026/09/30 10:35:06.667, 547 MHz, 7001 MHz, 0x0000000000000000, 72.76 W, 0 %
2026/09/30 10:35:07.181, 427 MHz, 7001 MHz, 0x0000000000000000, 43.22 W, 0 %
2026/09/30 10:35:07.696, 352 MHz, 7001 MHz, 0x0000000000000000, 36.75 W, 0 %
2026/09/30 10:35:08.210, 270 MHz, 7001 MHz, 0x0000000000000000, 36.59 W, 0 %
2026/09/30 10:35:08.711, 225 MHz, 7001 MHz, 0x0000000000000000, 36.55 W, 0 %
2026/09/30 10:35:09.225, 180 MHz, 7001 MHz, 0x0000000000000000, 36.52 W, 0 %
2026/09/30 10:35:09.741, 187 MHz, 7001 MHz, 0x0000000000000000, 36.44 W, 0 %
2026/09/30 10:35:10.256, 180 MHz, 7001 MHz, 0x0000000000000000, 36.41 W, 0 %
2026/09/30 10:35:10.757, 187 MHz, 7001 MHz, 0x0000000000000000, 36.41 W, 0 %
2026/09/30 10:35:11.273, 187 MHz, 810 MHz, 0x0000000000000000, 35.60 W, 0 %
2026/09/30 10:35:11.789, 187 MHz, 810 MHz, 0x0000000000000000, 28.07 W, 0 %
2026/09/30 10:35:12.303, 180 MHz, 810 MHz, 0x0000000000000000, 20.89 W, 0 %
2026/09/30 10:35:12.818, 187 MHz, 810 MHz, 0x0000000000000000, 19.04 W, 0 %
2026/09/30 10:35:13.330, 202 MHz, 405 MHz, 0x0000000000000000, 16.10 W, 0 %
2026/09/30 10:35:13.834, 180 MHz, 405 MHz, 0x0000000000000000, 15.27 W, 0 %
2026/09/30 10:35:14.335, 180 MHz, 405 MHz, 0x0000000000000000, 15.22 W, 0 %
2026/09/30 10:35:14.848, 180 MHz, 405 MHz, 0x0000000000000000, 15.26 W, 0 %
2026/09/30 10:35:15.363, 180 MHz, 405 MHz, 0x0000000000000000, 15.39 W, 0 %
2026/09/30 10:35:15.878, 180 MHz, 405 MHz, 0x0000000000000000, 15.34 W, 0 %
2026/09/30 10:35:16.390, 180 MHz, 405 MHz, 0x0000000000000000, 15.27 W, 0 %
2026/09/30 10:35:16.905, 180 MHz, 405 MHz, 0x0000000000000000, 14.95 W, 0 %
2026/09/30 10:35:17.419, 180 MHz, 405 MHz, 0x0000000000000000, 14.87 W, 0 %
2026/09/30 10:35:17.930, 180 MHz, 405 MHz, 0x0000000000000000, 14.72 W, 0 %
2026/09/30 10:35:18.445, 180 MHz, 405 MHz, 0x0000000000000000, 14.98 W, 0 %
2026/09/30 10:35:18.961, 180 MHz, 405 MHz, 0x0000000000000000, 15.09 W, 0 %
2026/09/30 10:35:19.463, 180 MHz, 405 MHz, 0x0000000000000000, 14.76 W, 0 %
2026/09/30 10:35:19.978, 180 MHz, 405 MHz, 0x0000000000000000, 14.82 W, 0 %
2026/09/30 10:35:20.489, 187 MHz, 405 MHz, 0x0000000000000000, 15.02 W, 0 %
2026/09/30 10:35:20.991, 180 MHz, 405 MHz, 0x0000000000000000, 16.02 W, 3 %
2026/09/30 10:35:21.501, 180 MHz, 405 MHz, 0x0000000000000000, 16.14 W, 0 %
2026/09/30 10:35:22.010, 180 MHz, 405 MHz, 0x0000000000000000, 15.45 W, 0 %
2026/09/30 10:35:22.523, 180 MHz, 405 MHz, 0x0000000000000000, 14.72 W, 0 %
2026/09/30 10:35:23.037, 180 MHz, 405 MHz, 0x0000000000000000, 14.51 W, 0 %
2026/09/30 10:35:23.549, 180 MHz, 405 MHz, 0x0000000000000000, 14.26 W, 0 %
2026/09/30 10:35:24.060, 180 MHz, 405 MHz, 0x0000000000000000, 14.14 W, 0 %
2026/09/30 10:35:24.575, 180 MHz, 405 MHz, 0x0000000000000000, 14.21 W, 0 %
2026/09/30 10:35:25.090, 180 MHz, 405 MHz, 0x0000000000000000, 14.48 W, 0 %
2026/09/30 10:35:25.602, 180 MHz, 405 MHz, 0x0000000000000000, 14.39 W, 0 %
2026/09/30 10:35:26.110, 180 MHz, 405 MHz, 0x0000000000000000, 14.22 W, 0 %
