timestamp, clocks.current.sm [MHz], clocks.current.memory [MHz], clocks_event_reasons.active, power.draw [W], utilization.gpu [%]
2026/09/30 10:08:50.084, 195 MHz, 405 MHz, 0x0000000000000000, 14.59 W, 0 %
2026/09/30 10:08:50.598, 180 MHz, 405 MHz, 0x0000000000000000, 14.64 W, 0 %
2026/09/30 10:08:51.112, 195 MHz, 405 MHz, 0x0000000000000000, 14.36 W, 0 %
2026/09/30 10:08:51.625, 180 MHz, 405 MHz, 0x0000000000000000, 13.99 W, 0 %
2026/09/30 10:08:52.129, 195 MHz, 405 MHz, 0x0000000000000000, 13.78 W, 0 %
2026/09/30 10:08:52.643, 180 MHz, 405 MHz, 0x0000000000000000, 13.79 W, 0 %
2026/09/30 10:08:53.153, 187 MHz, 405 MHz, 0x0000000000000000, 13.77 W, 0 %
2026/09/30 10:08:53.663, 180 MHz, 405 MHz, 0x0000000000000000, 13.86 W, 0 %
2026/09/30 10:08:54.164, 195 MHz, 405 MHz, 0x0000000000000000, 13.75 W, 0 %
2026/09/30 10:08:54.679, 180 MHz, 405 MHz, 0x0000000000000000, 13.50 W, 0 %
2026/09/30 10:08:55.194, 187 MHz, 405 MHz, 0x0000000000000000, 13.58 W, 0 %
2026/09/30 10:08:55.694, 172 MHz, 405 MHz, 0x0000000000000000, 13.66 W, 0 %
2026/09/30 10:08:56.197, 195 MHz, 405 MHz, 0x0000000000000000, 13.57 W, 0 %
2026/09/30 10:08:56.710, 180 MHz, 405 MHz, 0x0000000000000000, 13.67 W, 0 %
2026/09/30 10:08:57.210, 217 MHz, 405 MHz, 0x0000000000000000, 13.69 W, 0 %
2026/09/30 10:08:57.724, 180 MHz, 405 MHz, 0x0000000000000000, 13.57 W, 0 %
2026/09/30 10:08:58.238, 180 MHz, 405 MHz, 0x0000000000000000, 13.39 W, 0 %
2026/09/30 10:08:58.751, 180 MHz, 405 MHz, 0x0000000000000000, 13.35 W, 0 %
2026/09/30 10:08:59.264, 195 MHz, 405 MHz, 0x0000000000000000, 13.58 W, 0 %
2026/09/30 10:08:59.772, 180 MHz, 405 MHz, 0x0000000000000000, 13.69 W, 0 %
2026/09/30 10:09:00.286, 187 MHz, 405 MHz, 0x0000000000000000, 13.38 W, 0 %
2026/09/30 10:09:00.787, 180 MHz, 405 MHz, 0x0000000000000000, 13.36 W, 0 %
2026/09/30 10:09:01.301, 187 MHz, 405 MHz, 0x0000000000000000, 13.40 W, 0 %
2026/09/30 10:09:01.814, 180 MHz, 405 MHz, 0x0000000000000000, 13.29 W, 0 %
2026/09/30 10:09:02.326, 195 MHz, 405 MHz, 0x0000000000000000, 13.31 W, 0 %
2026/09/30 10:09:02.840, 180 MHz, 405 MHz, 0x0000000000000000, 13.34 W, 0 %
2026/09/30 10:09:03.351, 187 MHz, 405 MHz, 0x0000000000000000, 13.17 W, 0 %
2026/09/30 10:09:03.865, 180 MHz, 405 MHz, 0x0000000000000000, 12.98 W, 0 %
2026/09/30 10:09:04.377, 195 MHz, 405 MHz, 0x0000000000000000, 13.11 W, 0 %
2026/09/30 10:09:04.890, 180 MHz, 405 MHz, 0x0000000000000000, 13.22 W, 0 %
2026/09/30 10:09:05.403, 195 MHz, 405 MHz, 0x0000000000000000, 13.01 W, 0 %
2026/09/30 10:09:05.904, 180 MHz, 405 MHz, 0x0000000000000000, 12.91 W, 0 %
2026/09/30 10:09:06.418, 195 MHz, 405 MHz, 0x0000000000000000, 13.19 W, 0 %
2026/09/30 10:09:06.919, 180 MHz, 405 MHz, 0x0000000000000000, 13.28 W, 0 %
2026/09/30 10:09:07.433, 195 MHz, 405 MHz, 0x0000000000000000, 13.11 W, 0 %
2026/09/30 10:09:07.934, 180 MHz, 405 MHz, 0x0000000000000000, 13.17 W, 0 %
2026/09/30 10:09:08.447, 187 MHz, 405 MHz, 0x0000000000000000, 13.13 W, 0 %
2026/09/30 10:09:08.960, 180 MHz, 405 MHz, 0x0000000000000000, 13.08 W, 0 %
2026/09/30 10:09:09.461, 187 MHz, 405 MHz, 0x0000000000000000, 13.16 W, 0 %
2026/09/30 10:09:09.973, 180 MHz, 405 MHz, 0x0000000000000000, 13.14 W, 0 %
2026/09/30 10:09:10.484, 195 MHz, 405 MHz, 0x0000000000000000, 13.08 W, 0 %
2026/09/30 10:09:10.997, 180 MHz, 405 MHz, 0x0000000000000000, 12.94 W, 0 %
2026/09/30 10:09:11.510, 180 MHz, 405 MHz, 0x0000000000000000, 12.83 W, 0 %
2026/09/30 10:09:12.025, 195 MHz, 405 MHz, 0x0000000000000000, 13.02 W, 0 %
2026/09/30 10:09:12.537, 180 MHz, 405 MHz, 0x0000000000000000, 13.10 W, 0 %
2026/09/30 10:09:13.051, 180 MHz, 405 MHz, 0x0000000000000000, 12.89 W, 0 %
2026/09/30 10:09:13.564, 180 MHz, 405 MHz, 0x0000000000000000, 12.76 W, 0 %
2026/09/30 10:09:14.077, 180 MHz, 405 MHz, 0x0000000000000000, 12.81 W, 0 %
2026/09/30 10:09:14.587, 180 MHz, 405 MHz, 0x0000000000000000, 12.94 W, 0 %
2026/09/30 10:09:15.098, 180 MHz, 405 MHz, 0x0000000000000000, 13.10 W, 0 %
2026/09/30 10:09:15.607, 180 MHz, 405 MHz, 0x0000000000000000, 12.94 W, 0 %
2026/09/30 10:09:16.121, 187 MHz, 405 MHz, 0x0000000000000000, 12.63 W, 0 %
2026/09/30 10:09:16.633, 180 MHz, 405 MHz, 0x0000000000000000, 12.58 W, 0 %
2026/09/30 10:09:17.149, 180 MHz, 405 MHz, 0x0000000000000000, 12.73 W, 0 %
2026/09/30 10:09:17.663, 180 MHz, 405 MHz, 0x0000000000000000, 12.83 W, 0 %
2026/09/30 10:09:18.174, 187 MHz, 405 MHz, 0x0000000000000000, 12.94 W, 0 %
2026/09/30 10:09:18.684, 180 MHz, 405 MHz, 0x0000000000000000, 12.98 W, 0 %
2026/09/30 10:09:19.191, 187 MHz, 405 MHz, 0x0000000000000000, 12.98 W, 0 %
2026/09/30 10:09:19.706, 180 MHz, 405 MHz, 0x0000000000000000, 12.97 W, 0 %
2026/09/30 10:09:20.213, 180 MHz, 405 MHz, 0x0000000000000000, 13.02 W, 0 %
2026/09/30 10:09:20.725, 180 MHz, 405 MHz, 0x0000000000000000, 13.05 W, 0 %
2026/09/30 10:09:21.235, 180 MHz, 405 MHz, 0x0000000000000000, 13.10 W, 0 %
2026/09/30 10:09:21.746, 180 MHz, 405 MHz, 0x0000000000000000, 13.04 W, 0 %
2026/09/30 10:09:22.260, 180 MHz, 405 MHz, 0x0000000000000000, 12.92 W, 0 %
2026/09/30 10:09:22.771, 180 MHz, 405 MHz, 0x0000000000000000, 12.84 W, 0 %
2026/09/30 10:09:23.284, 180 MHz, 405 MHz, 0x0000000000000000, 12.75 W, 0 %
2026/09/30 10:09:23.785, 180 MHz, 405 MHz, 0x0000000000000000, 12.85 W, 0 %
2026/09/30 10:09:24.286, 180 MHz, 405 MHz, 0x0000000000000000, 12.93 W, 0 %
2026/09/30 10:09:24.799, 180 MHz, 405 MHz, 0x0000000000000000, 12.84 W, 0 %
2026/09/30 10:09:25.314, 180 MHz, 405 MHz, 0x0000000000000000, 12.82 W, 0 %
2026/09/30 10:09:25.828, 180 MHz, 405 MHz, 0x0000000000000000, 12.78 W, 0 %
2026/09/30 10:09:26.343, 187 MHz, 405 MHz, 0x0000000000000000, 12.73 W, 0 %
2026/09/30 10:09:26.858, 180 MHz, 405 MHz, 0x0000000000000000, 12.74 W, 0 %
2026/09/30 10:09:27.358, 187 MHz, 405 MHz, 0x0000000000000000, 12.69 W, 0 %
2026/09/30 10:09:27.873, 180 MHz, 405 MHz, 0x0000000000000000, 12.72 W, 0 %
2026/09/30 10:09:28.373, 187 MHz, 405 MHz, 0x0000000000000000, 12.74 W, 0 %
2026/09/30 10:09:28.876, 180 MHz, 405 MHz, 0x0000000000000000, 12.81 W, 0 %
2026/09/30 10:09:29.377, 187 MHz, 405 MHz, 0x0000000000000000, 12.91 W, 0 %
2026/09/30 10:09:29.888, 180 MHz, 405 MHz, 0x0000000000000000, 12.76 W, 0 %
2026/09/30 10:09:30.402, 187 MHz, 405 MHz, 0x0000000000000000, 12.58 W, 0 %
2026/09/30 10:09:30.917, 180 MHz, 405 MHz, 0x0000000000000000, 12.54 W, 0 %
2026/09/30 10:09:31.430, 180 MHz, 405 MHz, 0x0000000000000000, 12.52 W, 0 %
2026/09/30 10:09:31.945, 180 MHz, 405 MHz, 0x0000000000000000, 12.51 W, 0 %
2026/09/30 10:09:32.458, 180 MHz, 405 MHz, 0x0000000000000000, 12.52 W, 0 %
2026/09/30 10:09:32.971, 180 MHz, 405 MHz, 0x0000000000000000, 12.52 W, 0 %
2026/09/30 10:09:33.482, 180 MHz, 405 MHz, 0x0000000000000000, 12.58 W, 0 %
2026/09/30 10:09:33.995, 180 MHz, 405 MHz, 0x0000000000000000, 12.61 W, 0 %
2026/09/30 10:09:34.509, 180 MHz, 405 MHz, 0x0000000000000000, 12.63 W, 0 %
2026/09/30 10:09:35.022, 180 MHz, 405 MHz, 0x0000000000000000, 12.61 W, 0 %
2026/09/30 10:09:35.534, 180 MHz, 405 MHz, 0x0000000000000000, 12.53 W, 0 %
2026/09/30 10:09:36.050, 180 MHz, 405 MHz, 0x0000000000000000, 12.41 W, 0 %
2026/09/30 10:09:36.558, 180 MHz, 405 MHz, 0x0000000000000000, 12.34 W, 0 %
2026/09/30 10:09:37.073, 172 MHz, 405 MHz, 0x0000000000000000, 12.47 W, 0 %
2026/09/30 10:09:37.589, 180 MHz, 405 MHz, 0x0000000000000000, 12.51 W, 0 %
2026/09/30 10:09:38.104, 180 MHz, 405 MHz, 0x0000000000000000, 12.44 W, 0 %
2026/09/30 10:09:38.619, 180 MHz, 405 MHz, 0x0000000000000000, 12.52 W, 0 %
2026/09/30 10:09:39.132, 180 MHz, 405 MHz, 0x0000000000000000, 12.53 W, 0 %
2026/09/30 10:09:39.636, 180 MHz, 405 MHz, 0x0000000000000000, 12.43 W, 0 %
2026/09/30 10:09:40.150, 180 MHz, 405 MHz, 0x0000000000000000, 12.46 W, 0 %
2026/09/30 10:09:40.665, 180 MHz, 405 MHz, 0x0000000000000000, 12.51 W, 0 %
2026/09/30 10:09:41.180, 180 MHz, 405 MHz, 0x0000000000000000, 12.57 W, 0 %
2026/09/30 10:09:41.696, 180 MHz, 405 MHz, 0x0000000000000000, 12.66 W, 0 %
2026/09/30 10:09:42.210, 180 MHz, 405 MHz, 0x0000000000000000, 12.62 W, 0 %
2026/09/30 10:09:42.723, 180 MHz, 405 MHz, 0x0000000000000000, 12.61 W, 0 %
2026/09/30 10:09:43.237, 180 MHz, 405 MHz, 0x0000000000000000, 12.66 W, 0 %
2026/09/30 10:09:43.749, 180 MHz, 405 MHz, 0x0000000000000000, 12.60 W, 0 %
2026/09/30 10:09:44.264, 172 MHz, 405 MHz, 0x0000000000000000, 12.58 W, 0 %
2026/09/30 10:09:44.777, 180 MHz, 405 MHz, 0x0000000000000000, 12.53 W, 0 %
2026/09/30 10:09:45.278, 180 MHz, 405 MHz, 0x0000000000000000, 12.33 W, 0 %
2026/09/30 10:09:45.793, 180 MHz, 405 MHz, 0x0000000000000000, 12.35 W, 0 %
2026/09/30 10:09:46.308, 180 MHz, 405 MHz, 0x0000000000000000, 12.48 W, 0 %
2026/09/30 10:09:46.811, 180 MHz, 405 MHz, 0x0000000000000000, 12.44 W, 0 %
2026/09/30 10:09:47.323, 180 MHz, 405 MHz, 0x0000000000000000, 12.23 W, 0 %
2026/09/30 10:09:47.835, 180 MHz, 405 MHz, 0x0000000000000000, 12.06 W, 0 %
2026/09/30 10:09:48.349, 180 MHz, 405 MHz, 0x0000000000000000, 12.08 W, 0 %
2026/09/30 10:09:48.864, 180 MHz, 405 MHz, 0x0000000000000000, 12.32 W, 0 %
2026/09/30 10:09:49.380, 180 MHz, 405 MHz, 0x0000000000000000, 12.38 W, 0 %
2026/09/30 10:09:49.881, 180 MHz, 405 MHz, 0x0000000000000000, 12.49 W, 0 %
2026/09/30 10:09:50.393, 180 MHz, 405 MHz, 0x0000000000000000, 12.38 W, 0 %
2026/09/30 10:09:50.905, 180 MHz, 405 MHz, 0x0000000000000000, 12.41 W, 0 %
2026/09/30 10:09:51.417, 180 MHz, 405 MHz, 0x0000000000000000, 12.37 W, 0 %
2026/09/30 10:09:51.931, 180 MHz, 405 MHz, 0x0000000000000000, 12.23 W, 0 %
2026/09/30 10:09:52.444, 180 MHz, 405 MHz, 0x0000000000000000, 12.23 W, 0 %
2026/09/30 10:09:52.959, 180 MHz, 405 MHz, 0x0000000000000000, 12.33 W, 0 %
2026/09/30 10:09:53.473, 180 MHz, 405 MHz, 0x0000000000000000, 12.36 W, 0 %
2026/09/30 10:09:53.988, 180 MHz, 405 MHz, 0x0000000000000000, 12.29 W, 0 %
2026/09/30 10:09:54.501, 180 MHz, 405 MHz, 0x0000000000000000, 12.17 W, 0 %
2026/09/30 10:09:55.015, 180 MHz, 405 MHz, 0x0000000000000000, 12.16 W, 0 %
2026/09/30 10:09:55.516, 180 MHz, 405 MHz, 0x0000000000000000, 12.19 W, 0 %
2026/09/30 10:09:56.031, 180 MHz, 405 MHz, 0x0000000000000000, 12.38 W, 0 %
2026/09/30 10:09:56.543, 180 MHz, 405 MHz, 0x0000000000000000, 12.20 W, 0 %
2026/09/30 10:09:57.058, 180 MHz, 405 MHz, 0x0000000000000000, 12.00 W, 0 %
2026/09/30 10:09:57.571, 180 MHz, 405 MHz, 0x0000000000000000, 12.06 W, 0 %
2026/09/30 10:09:58.087, 180 MHz, 405 MHz, 0x0000000000000000, 12.14 W, 0 %
2026/09/30 10:09:58.589, 180 MHz, 405 MHz, 0x0000000000000000, 12.38 W, 0 %
2026/09/30 10:09:59.103, 180 MHz, 405 MHz, 0x0000000000000000, 12.38 W, 0 %
2026/09/30 10:09:59.617, 180 MHz, 405 MHz, 0x0000000000000000, 12.29 W, 0 %
2026/09/30 10:10:00.132, 180 MHz, 405 MHz, 0x0000000000000000, 12.39 W, 0 %
2026/09/30 10:10:00.646, 180 MHz, 405 MHz, 0x0000000000000000, 12.31 W, 0 %
2026/09/30 10:10:01.160, 180 MHz, 405 MHz, 0x0000000000000000, 12.24 W, 0 %
2026/09/30 10:10:01.672, 180 MHz, 405 MHz, 0x0000000000000000, 12.31 W, 0 %
2026/09/30 10:10:02.187, 187 MHz, 405 MHz, 0x0000000000000000, 12.34 W, 0 %
2026/09/30 10:10:02.702, 2317 MHz, 13801 MHz, 0x0000000000000000, 31.47 W, 0 %
2026/09/30 10:10:03.218, 2445 MHz, 13801 MHz, 0x0000000000000000, 65.56 W, 26 %
2026/09/30 10:10:03.732, 2940 MHz, 13801 MHz, 0x0000000000000000, 82.30 W, 1 %
2026/09/30 10:10:04.246, 2940 MHz, 13801 MHz, 0x0000000000000000, 93.13 W, 1 %
2026/09/30 10:10:04.762, 2940 MHz, 13801 MHz, 0x0000000000000000, 92.54 W, 0 %
2026/09/30 10:10:05.274, 2715 MHz, 13801 MHz, 0x0000000000000000, 83.45 W, 0 %
2026/09/30 10:10:05.788, 2400 MHz, 13801 MHz, 0x0000000000000000, 65.16 W, 1 %
2026/09/30 10:10:06.303, 2400 MHz, 13801 MHz, 0x0000000000000000, 57.89 W, 1 %
2026/09/30 10:10:06.815, 2407 MHz, 13801 MHz, 0x0000000000000000, 58.71 W, 1 %
2026/09/30 10:10:07.330, 2445 MHz, 13801 MHz, 0x0000000000000000, 60.53 W, 1 %
2026/09/30 10:10:07.843, 2437 MHz, 13801 MHz, 0x0000000000000000, 61.20 W, 0 %
2026/09/30 10:10:08.346, 2430 MHz, 13801 MHz, 0x0000000000000000, 60.74 W, 1 %
2026/09/30 10:10:08.860, 2467 MHz, 7001 MHz, 0x0000000000000000, 58.24 W, 0 %
2026/09/30 10:10:09.362, 697 MHz, 810 MHz, 0x0000000000000000, 46.56 W, 4 %
2026/09/30 10:10:09.872, 712 MHz, 810 MHz, 0x0000000000000000, 35.03 W, 2 %
2026/09/30 10:10:10.374, 502 MHz, 810 MHz, 0x0000000000000000, 31.46 W, 4 %
2026/09/30 10:10:10.886, 502 MHz, 810 MHz, 0x0000000000000000, 30.12 W, 2 %
2026/09/30 10:10:11.401, 427 MHz, 405 MHz, 0x0000000000000000, 29.57 W, 6 %
2026/09/30 10:10:11.903, 547 MHz, 405 MHz, 0x0000000000000000, 29.41 W, 9 %
2026/09/30 10:10:12.406, 450 MHz, 405 MHz, 0x0000000000000000, 29.71 W, 9 %
2026/09/30 10:10:12.918, 487 MHz, 405 MHz, 0x0000000000000000, 29.45 W, 9 %
2026/09/30 10:10:13.432, 420 MHz, 405 MHz, 0x0000000000000000, 29.50 W, 9 %
2026/09/30 10:10:13.947, 360 MHz, 405 MHz, 0x0000000000000000, 28.09 W, 5 %
2026/09/30 10:10:14.462, 195 MHz, 405 MHz, 0x0000000000000000, 23.63 W, 9 %
2026/09/30 10:10:14.963, 502 MHz, 405 MHz, 0x0000000000000000, 24.76 W, 8 %
2026/09/30 10:10:15.476, 420 MHz, 405 MHz, 0x0000000000000000, 27.17 W, 8 %
2026/09/30 10:10:15.977, 405 MHz, 405 MHz, 0x0000000000000000, 27.39 W, 3 %
2026/09/30 10:10:16.490, 465 MHz, 405 MHz, 0x0000000000000000, 28.52 W, 9 %
2026/09/30 10:10:17.005, 442 MHz, 405 MHz, 0x0000000000000000, 28.54 W, 5 %
2026/09/30 10:10:17.518, 450 MHz, 405 MHz, 0x0000000000000000, 28.57 W, 3 %
2026/09/30 10:10:18.032, 465 MHz, 405 MHz, 0x0000000000000000, 27.96 W, 8 %
2026/09/30 10:10:18.548, 517 MHz, 405 MHz, 0x0000000000000000, 27.33 W, 8 %
2026/09/30 10:10:19.049, 225 MHz, 405 MHz, 0x0000000000000000, 21.51 W, 8 %
2026/09/30 10:10:19.565, 202 MHz, 405 MHz, 0x0000000000000000, 15.55 W, 4 %
2026/09/30 10:10:20.075, 180 MHz, 405 MHz, 0x0000000000000000, 13.30 W, 7 %
2026/09/30 10:10:20.590, 180 MHz, 405 MHz, 0x0000000000000000, 12.51 W, 7 %
2026/09/30 10:10:21.106, 202 MHz, 405 MHz, 0x0000000000000000, 12.80 W, 5 %
2026/09/30 10:10:21.616, 180 MHz, 405 MHz, 0x0000000000000000, 12.62 W, 0 %
2026/09/30 10:10:22.129, 532 MHz, 405 MHz, 0x0000000000000000, 14.94 W, 3 %
2026/09/30 10:10:22.643, 472 MHz, 405 MHz, 0x0000000000000000, 21.87 W, 6 %
2026/09/30 10:10:23.156, 495 MHz, 405 MHz, 0x0000000000000000, 27.09 W, 4 %
2026/09/30 10:10:23.671, 457 MHz, 405 MHz, 0x0000000000000000, 27.54 W, 7 %
2026/09/30 10:10:24.180, 442 MHz, 405 MHz, 0x0000000000000000, 27.97 W, 7 %
2026/09/30 10:10:24.688, 427 MHz, 405 MHz, 0x0000000000000000, 28.50 W, 5 %
2026/09/30 10:10:25.200, 382 MHz, 405 MHz, 0x0000000000000000, 28.10 W, 7 %
2026/09/30 10:10:25.711, 360 MHz, 405 MHz, 0x0000000000000000, 24.11 W, 7 %
2026/09/30 10:10:26.220, 457 MHz, 405 MHz, 0x0000000000000000, 24.13 W, 7 %
2026/09/30 10:10:26.732, 442 MHz, 405 MHz, 0x0000000000000000, 28.54 W, 6 %
2026/09/30 10:10:27.242, 480 MHz, 405 MHz, 0x0000000000000000, 28.42 W, 8 %
2026/09/30 10:10:27.756, 457 MHz, 405 MHz, 0x0000000000000000, 28.18 W, 8 %
2026/09/30 10:10:28.264, 375 MHz, 405 MHz, 0x0000000000000000, 27.75 W, 4 %
2026/09/30 10:10:28.776, 367 MHz, 405 MHz, 0x0000000000000000, 26.45 W, 6 %
2026/09/30 10:10:29.290, 307 MHz, 405 MHz, 0x0000000000000000, 25.23 W, 6 %
2026/09/30 10:10:29.799, 345 MHz, 405 MHz, 0x0000000000000000, 25.23 W, 6 %
2026/09/30 10:10:30.310, 322 MHz, 405 MHz, 0x0000000000000000, 25.16 W, 2 %
2026/09/30 10:10:30.820, 337 MHz, 405 MHz, 0x0000000000000000, 25.22 W, 4 %
2026/09/30 10:10:31.328, 367 MHz, 405 MHz, 0x0000000000000000, 25.15 W, 5 %
2026/09/30 10:10:31.838, 322 MHz, 405 MHz, 0x0000000000000000, 24.95 W, 3 %
2026/09/30 10:10:32.347, 442 MHz, 405 MHz, 0x0000000000000000, 26.28 W, 7 %
2026/09/30 10:10:32.858, 427 MHz, 405 MHz, 0x0000000000000000, 27.19 W, 7 %
2026/09/30 10:10:33.370, 420 MHz, 405 MHz, 0x0000000000000000, 26.89 W, 6 %
2026/09/30 10:10:33.879, 382 MHz, 405 MHz, 0x0000000000000000, 26.67 W, 5 %
2026/09/30 10:10:34.388, 277 MHz, 405 MHz, 0x0000000000000000, 25.94 W, 4 %
2026/09/30 10:10:34.899, 360 MHz, 405 MHz, 0x0000000000000000, 24.39 W, 4 %
2026/09/30 10:10:35.413, 300 MHz, 405 MHz, 0x0000000000000000, 24.13 W, 3 %
2026/09/30 10:10:35.927, 285 MHz, 405 MHz, 0x0000000000000000, 25.10 W, 3 %
2026/09/30 10:10:36.439, 480 MHz, 405 MHz, 0x0000000000000000, 25.40 W, 9 %
2026/09/30 10:10:36.951, 510 MHz, 405 MHz, 0x0000000000000000, 26.96 W, 9 %
2026/09/30 10:10:37.466, 487 MHz, 405 MHz, 0x0000000000000000, 28.05 W, 8 %
2026/09/30 10:10:37.980, 337 MHz, 405 MHz, 0x0000000000000000, 27.49 W, 2 %
2026/09/30 10:10:38.495, 352 MHz, 405 MHz, 0x0000000000000000, 26.13 W, 5 %
2026/09/30 10:10:39.009, 187 MHz, 405 MHz, 0x0000000000000000, 23.50 W, 4 %
2026/09/30 10:10:39.524, 315 MHz, 405 MHz, 0x0000000000000000, 18.36 W, 8 %
2026/09/30 10:10:40.039, 330 MHz, 405 MHz, 0x0000000000000000, 21.03 W, 5 %
2026/09/30 10:10:40.554, 352 MHz, 405 MHz, 0x0000000000000000, 24.53 W, 6 %
2026/09/30 10:10:41.069, 390 MHz, 405 MHz, 0x0000000000000000, 25.05 W, 6 %
2026/09/30 10:10:41.584, 472 MHz, 405 MHz, 0x0000000000000000, 26.36 W, 7 %
2026/09/30 10:10:42.097, 435 MHz, 405 MHz, 0x0000000000000000, 27.25 W, 7 %
2026/09/30 10:10:42.612, 360 MHz, 405 MHz, 0x0000000000000000, 26.55 W, 5 %
2026/09/30 10:10:43.127, 375 MHz, 405 MHz, 0x0000000000000000, 25.93 W, 6 %
2026/09/30 10:10:43.629, 420 MHz, 405 MHz, 0x0000000000000000, 25.87 W, 8 %
2026/09/30 10:10:44.129, 375 MHz, 405 MHz, 0x0000000000000000, 24.95 W, 4 %
2026/09/30 10:10:44.630, 532 MHz, 405 MHz, 0x0000000000000000, 25.47 W, 7 %
2026/09/30 10:10:45.143, 367 MHz, 405 MHz, 0x0000000000000000, 26.75 W, 5 %
2026/09/30 10:10:45.656, 412 MHz, 405 MHz, 0x0000000000000000, 26.10 W, 7 %
2026/09/30 10:10:46.169, 517 MHz, 405 MHz, 0x0000000000000000, 26.29 W, 8 %
2026/09/30 10:10:46.672, 442 MHz, 405 MHz, 0x0000000000000000, 26.93 W, 6 %
2026/09/30 10:10:47.184, 420 MHz, 405 MHz, 0x0000000000000000, 27.07 W, 5 %
2026/09/30 10:10:47.698, 435 MHz, 405 MHz, 0x0000000000000000, 27.09 W, 6 %
2026/09/30 10:10:48.211, 487 MHz, 405 MHz, 0x0000000000000000, 26.99 W, 8 %
2026/09/30 10:10:48.726, 457 MHz, 405 MHz, 0x0000000000000000, 27.55 W, 8 %
2026/09/30 10:10:49.226, 457 MHz, 405 MHz, 0x0000000000000000, 27.64 W, 8 %
2026/09/30 10:10:49.741, 427 MHz, 405 MHz, 0x0000000000000000, 27.57 W, 7 %
2026/09/30 10:10:50.256, 472 MHz, 405 MHz, 0x0000000000000000, 27.76 W, 5 %
2026/09/30 10:10:50.770, 517 MHz, 405 MHz, 0x0000000000000000, 28.08 W, 8 %
2026/09/30 10:10:51.282, 532 MHz, 405 MHz, 0x0000000000000000, 28.22 W, 9 %
2026/09/30 10:10:51.784, 435 MHz, 405 MHz, 0x0000000000000000, 27.57 W, 6 %
2026/09/30 10:10:52.298, 450 MHz, 405 MHz, 0x0000000000000000, 27.15 W, 5 %
2026/09/30 10:10:52.810, 397 MHz, 405 MHz, 0x0000000000000000, 27.21 W, 7 %
2026/09/30 10:10:53.324, 210 MHz, 405 MHz, 0x0000000000000000, 22.49 W, 8 %
2026/09/30 10:10:53.829, 375 MHz, 405 MHz, 0x0000000000000000, 20.81 W, 5 %
2026/09/30 10:10:54.330, 472 MHz, 405 MHz, 0x0000000000000000, 25.49 W, 8 %
2026/09/30 10:10:54.844, 442 MHz, 405 MHz, 0x0000000000000000, 28.08 W, 7 %
2026/09/30 10:10:55.347, 397 MHz, 405 MHz, 0x0000000000000000, 27.15 W, 3 %
2026/09/30 10:10:55.861, 510 MHz, 405 MHz, 0x0000000000000000, 27.48 W, 9 %
2026/09/30 10:10:56.365, 547 MHz, 405 MHz, 0x0000000000000000, 28.41 W, 8 %
2026/09/30 10:10:56.880, 315 MHz, 405 MHz, 0x0000000000000000, 27.87 W, 1 %
2026/09/30 10:10:57.382, 517 MHz, 405 MHz, 0x0000000000000000, 26.33 W, 8 %
2026/09/30 10:10:57.894, 330 MHz, 405 MHz, 0x0000000000000000, 25.95 W, 4 %
2026/09/30 10:10:58.407, 442 MHz, 405 MHz, 0x0000000000000000, 26.10 W, 7 %
2026/09/30 10:10:58.908, 382 MHz, 405 MHz, 0x0000000000000000, 25.85 W, 6 %
2026/09/30 10:10:59.422, 420 MHz, 405 MHz, 0x0000000000000000, 25.89 W, 7 %
2026/09/30 10:10:59.937, 337 MHz, 405 MHz, 0x0000000000000000, 26.20 W, 5 %
2026/09/30 10:11:00.438, 435 MHz, 405 MHz, 0x0000000000000000, 26.71 W, 7 %
2026/09/30 10:11:00.952, 375 MHz, 405 MHz, 0x0000000000000000, 26.32 W, 4 %
2026/09/30 10:11:01.467, 397 MHz, 405 MHz, 0x0000000000000000, 25.79 W, 7 %
2026/09/30 10:11:01.982, 345 MHz, 405 MHz, 0x0000000000000000, 25.76 W, 5 %
2026/09/30 10:11:02.496, 457 MHz, 405 MHz, 0x0000000000000000, 25.97 W, 7 %
2026/09/30 10:11:03.011, 427 MHz, 405 MHz, 0x0000000000000000, 26.80 W, 7 %
2026/09/30 10:11:03.525, 292 MHz, 405 MHz, 0x0000000000000000, 26.11 W, 0 %
2026/09/30 10:11:04.040, 487 MHz, 405 MHz, 0x0000000000000000, 27.77 W, 7 %
2026/09/30 10:11:04.555, 487 MHz, 405 MHz, 0x0000000000000000, 27.88 W, 7 %
2026/09/30 10:11:05.058, 270 MHz, 405 MHz, 0x0000000000000000, 24.11 W, 6 %
2026/09/30 10:11:05.573, 480 MHz, 405 MHz, 0x0000000000000000, 23.68 W, 8 %
2026/09/30 10:11:06.088, 480 MHz, 405 MHz, 0x0000000000000000, 26.17 W, 7 %
2026/09/30 10:11:06.602, 457 MHz, 405 MHz, 0x0000000000000000, 27.56 W, 7 %
2026/09/30 10:11:07.116, 487 MHz, 405 MHz, 0x0000000000000000, 27.85 W, 8 %
2026/09/30 10:11:07.618, 420 MHz, 405 MHz, 0x0000000000000000, 27.30 W, 4 %
2026/09/30 10:11:08.132, 405 MHz, 405 MHz, 0x0000000000000000, 26.82 W, 5 %
2026/09/30 10:11:08.647, 322 MHz, 405 MHz, 0x0000000000000000, 26.01 W, 3 %
2026/09/30 10:11:09.162, 382 MHz, 405 MHz, 0x0000000000000000, 26.17 W, 5 %
2026/09/30 10:11:09.674, 525 MHz, 405 MHz, 0x0000000000000000, 26.67 W, 7 %
2026/09/30 10:11:10.189, 532 MHz, 405 MHz, 0x0000000000000000, 26.69 W, 8 %
2026/09/30 10:11:10.705, 330 MHz, 405 MHz, 0x0000000000000000, 26.94 W, 3 %
2026/09/30 10:11:11.219, 382 MHz, 405 MHz, 0x0000000000000000, 26.55 W, 2 %
2026/09/30 10:11:11.733, 345 MHz, 405 MHz, 0x0000000000000000, 26.10 W, 5 %
2026/09/30 10:11:12.234, 480 MHz, 405 MHz, 0x0000000000000000, 26.03 W, 9 %
2026/09/30 10:11:12.749, 390 MHz, 405 MHz, 0x0000000000000000, 26.40 W, 5 %
2026/09/30 10:11:13.264, 360 MHz, 405 MHz, 0x0000000000000000, 25.48 W, 4 %
2026/09/30 10:11:13.777, 427 MHz, 405 MHz, 0x0000000000000000, 25.80 W, 6 %
2026/09/30 10:11:14.279, 450 MHz, 405 MHz, 0x0000000000000000, 26.92 W, 6 %
2026/09/30 10:11:14.794, 412 MHz, 405 MHz, 0x0000000000000000, 26.99 W, 7 %
2026/09/30 10:11:15.294, 510 MHz, 405 MHz, 0x0000000000000000, 26.29 W, 9 %
2026/09/30 10:11:15.797, 465 MHz, 405 MHz, 0x0000000000000000, 26.27 W, 9 %
2026/09/30 10:11:16.312, 322 MHz, 405 MHz, 0x0000000000000000, 26.20 W, 2 %
2026/09/30 10:11:16.824, 495 MHz, 405 MHz, 0x0000000000000000, 26.35 W, 8 %
2026/09/30 10:11:17.340, 390 MHz, 405 MHz, 0x0000000000000000, 26.37 W, 6 %
2026/09/30 10:11:17.855, 427 MHz, 405 MHz, 0x0000000000000000, 26.66 W, 5 %
2026/09/30 10:11:18.371, 480 MHz, 405 MHz, 0x0000000000000000, 27.66 W, 8 %
2026/09/30 10:11:18.884, 442 MHz, 405 MHz, 0x0000000000000000, 27.13 W, 7 %
2026/09/30 10:11:19.397, 435 MHz, 405 MHz, 0x0000000000000000, 26.55 W, 7 %
2026/09/30 10:11:19.912, 390 MHz, 405 MHz, 0x0000000000000000, 26.17 W, 7 %
2026/09/30 10:11:20.426, 262 MHz, 405 MHz, 0x0000000000000000, 22.13 W, 8 %
2026/09/30 10:11:20.939, 457 MHz, 405 MHz, 0x0000000000000000, 21.67 W, 6 %
2026/09/30 10:11:21.440, 480 MHz, 405 MHz, 0x0000000000000000, 26.77 W, 8 %
2026/09/30 10:11:21.940, 405 MHz, 405 MHz, 0x0000000000000000, 26.22 W, 6 %
2026/09/30 10:11:22.455, 397 MHz, 405 MHz, 0x0000000000000000, 26.25 W, 6 %
2026/09/30 10:11:22.971, 495 MHz, 405 MHz, 0x0000000000000000, 25.20 W, 7 %
2026/09/30 10:11:23.482, 487 MHz, 405 MHz, 0x0000000000000000, 25.32 W, 9 %
2026/09/30 10:11:23.982, 472 MHz, 405 MHz, 0x0000000000000000, 26.92 W, 6 %
2026/09/30 10:11:24.484, 420 MHz, 405 MHz, 0x0000000000000000, 26.57 W, 5 %
2026/09/30 10:11:24.999, 442 MHz, 405 MHz, 0x0000000000000000, 25.82 W, 6 %
2026/09/30 10:11:25.514, 465 MHz, 405 MHz, 0x0000000000000000, 25.93 W, 8 %
2026/09/30 10:11:26.015, 412 MHz, 405 MHz, 0x0000000000000000, 26.79 W, 4 %
2026/09/30 10:11:26.531, 480 MHz, 405 MHz, 0x0000000000000000, 27.30 W, 7 %
2026/09/30 10:11:27.046, 480 MHz, 405 MHz, 0x0000000000000000, 27.52 W, 8 %
2026/09/30 10:11:27.547, 427 MHz, 405 MHz, 0x0000000000000000, 27.83 W, 8 %
2026/09/30 10:11:28.062, 397 MHz, 405 MHz, 0x0000000000000000, 26.60 W, 5 %
2026/09/30 10:11:28.577, 405 MHz, 405 MHz, 0x0000000000000000, 26.41 W, 7 %
2026/09/30 10:11:29.077, 472 MHz, 405 MHz, 0x0000000000000000, 26.54 W, 7 %
2026/09/30 10:11:29.580, 420 MHz, 405 MHz, 0x0000000000000000, 27.09 W, 9 %
2026/09/30 10:11:30.081, 517 MHz, 405 MHz, 0x0000000000000000, 27.70 W, 8 %
2026/09/30 10:11:30.595, 330 MHz, 405 MHz, 0x0000000000000000, 26.95 W, 4 %
2026/09/30 10:11:31.109, 450 MHz, 405 MHz, 0x0000000000000000, 26.34 W, 7 %
2026/09/30 10:11:31.610, 367 MHz, 405 MHz, 0x0000000000000000, 25.67 W, 2 %
2026/09/30 10:11:32.112, 360 MHz, 405 MHz, 0x0000000000000000, 25.40 W, 4 %
2026/09/30 10:11:32.616, 337 MHz, 405 MHz, 0x0000000000000000, 25.09 W, 4 %
2026/09/30 10:11:33.131, 472 MHz, 405 MHz, 0x0000000000000000, 25.60 W, 5 %
2026/09/30 10:11:33.645, 382 MHz, 405 MHz, 0x0000000000000000, 26.21 W, 5 %
2026/09/30 10:11:34.147, 330 MHz, 405 MHz, 0x0000000000000000, 25.74 W, 3 %
2026/09/30 10:11:34.657, 367 MHz, 405 MHz, 0x0000000000000000, 25.68 W, 7 %
2026/09/30 10:11:35.170, 307 MHz, 405 MHz, 0x0000000000000000, 25.27 W, 5 %
2026/09/30 10:11:35.683, 292 MHz, 405 MHz, 0x0000000000000000, 24.46 W, 2 %
2026/09/30 10:11:36.196, 292 MHz, 405 MHz, 0x0000000000000000, 24.28 W, 2 %
2026/09/30 10:11:36.712, 337 MHz, 405 MHz, 0x0000000000000000, 24.05 W, 4 %
2026/09/30 10:11:37.225, 360 MHz, 405 MHz, 0x0000000000000000, 24.25 W, 4 %
2026/09/30 10:11:37.739, 307 MHz, 405 MHz, 0x0000000000000000, 24.27 W, 3 %
2026/09/30 10:11:38.252, 330 MHz, 405 MHz, 0x0000000000000000, 23.96 W, 2 %
2026/09/30 10:11:38.763, 360 MHz, 405 MHz, 0x0000000000000000, 24.07 W, 6 %
2026/09/30 10:11:39.275, 322 MHz, 405 MHz, 0x0000000000000000, 24.05 W, 3 %
2026/09/30 10:11:39.787, 375 MHz, 405 MHz, 0x0000000000000000, 24.23 W, 6 %
2026/09/30 10:11:40.301, 345 MHz, 405 MHz, 0x0000000000000000, 24.65 W, 2 %
2026/09/30 10:11:40.811, 322 MHz, 405 MHz, 0x0000000000000000, 24.45 W, 4 %
2026/09/30 10:11:41.323, 375 MHz, 405 MHz, 0x0000000000000000, 24.28 W, 6 %
2026/09/30 10:11:41.838, 2505 MHz, 13801 MHz, 0x0000000000000000, 36.52 W, 96 %
2026/09/30 10:11:42.351, 2932 MHz, 13801 MHz, 0x0000000000000000, 95.16 W, 100 %
2026/09/30 10:11:42.866, 2940 MHz, 13801 MHz, 0x0000000000000000, 127.95 W, 0 %
2026/09/30 10:11:43.377, 2947 MHz, 13801 MHz, 0x0000000000000000, 103.53 W, 0 %
2026/09/30 10:11:43.885, 2947 MHz, 13801 MHz, 0x0000000000000000, 90.68 W, 0 %
2026/09/30 10:11:44.400, 2947 MHz, 13801 MHz, 0x0000000000000000, 90.62 W, 0 %
2026/09/30 10:11:44.911, 570 MHz, 7001 MHz, 0x0000000000000000, 79.64 W, 0 %
2026/09/30 10:11:45.421, 457 MHz, 7001 MHz, 0x0000000000000000, 54.47 W, 0 %
2026/09/30 10:11:45.933, 375 MHz, 7001 MHz, 0x0000000000000000, 32.80 W, 0 %
2026/09/30 10:11:46.442, 292 MHz, 7001 MHz, 0x0000000000000000, 32.24 W, 0 %
2026/09/30 10:11:46.957, 232 MHz, 7001 MHz, 0x0000000000000000, 31.89 W, 0 %
2026/09/30 10:11:47.467, 180 MHz, 7001 MHz, 0x0000000000000000, 31.65 W, 0 %
2026/09/30 10:11:47.982, 322 MHz, 7001 MHz, 0x0000000000000000, 31.84 W, 0 %
2026/09/30 10:11:48.497, 187 MHz, 810 MHz, 0x0000000000000000, 32.03 W, 0 %
2026/09/30 10:11:49.011, 375 MHz, 810 MHz, 0x0000000000000000, 27.69 W, 0 %
2026/09/30 10:11:49.524, 2947 MHz, 13801 MHz, 0x0000000000000000, 48.46 W, 13 %
2026/09/30 10:11:50.037, 2947 MHz, 13801 MHz, 0x0000000000000000, 77.06 W, 0 %
2026/09/30 10:11:50.552, 2940 MHz, 13801 MHz, 0x0000000000000000, 99.39 W, 0 %
2026/09/30 10:11:51.053, 2940 MHz, 13801 MHz, 0x0000000000000000, 98.86 W, 0 %
2026/09/30 10:11:51.565, 1357 MHz, 7001 MHz, 0x0000000000000000, 56.29 W, 49 %
2026/09/30 10:11:52.065, 817 MHz, 7001 MHz, 0x0000000000000000, 44.48 W, 0 %
2026/09/30 10:11:52.577, 660 MHz, 7001 MHz, 0x0000000000000000, 43.92 W, 0 %
2026/09/30 10:11:53.089, 517 MHz, 7001 MHz, 0x0000000000000000, 33.83 W, 0 %
2026/09/30 10:11:53.597, 412 MHz, 7001 MHz, 0x0000000000000000, 33.00 W, 0 %
2026/09/30 10:11:54.097, 330 MHz, 7001 MHz, 0x0000000000000000, 32.33 W, 0 %
2026/09/30 10:11:54.609, 262 MHz, 810 MHz, 0x0000000000000000, 32.03 W, 0 %
2026/09/30 10:11:55.121, 210 MHz, 810 MHz, 0x0000000000000000, 27.07 W, 0 %
2026/09/30 10:11:55.634, 180 MHz, 810 MHz, 0x0000000000000000, 20.00 W, 0 %
2026/09/30 10:11:56.143, 2925 MHz, 13801 MHz, 0x0000000000000000, 67.49 W, 95 %
2026/09/30 10:11:56.658, 2940 MHz, 13801 MHz, 0x0000000000000000, 105.25 W, 0 %
2026/09/30 10:11:57.172, 2940 MHz, 13801 MHz, 0x0000000000000000, 106.12 W, 0 %
2026/09/30 10:11:57.687, 2940 MHz, 13801 MHz, 0x0000000000000000, 99.81 W, 0 %
2026/09/30 10:11:58.198, 2010 MHz, 7001 MHz, 0x0000000000000000, 97.62 W, 0 %
2026/09/30 10:11:58.699, 1162 MHz, 7001 MHz, 0x0000000000000000, 70.05 W, 0 %
2026/09/30 10:11:59.211, 937 MHz, 7001 MHz, 0x0000000000000000, 36.54 W, 0 %
2026/09/30 10:11:59.726, 735 MHz, 7001 MHz, 0x0000000000000000, 35.27 W, 0 %
2026/09/30 10:12:00.241, 585 MHz, 7001 MHz, 0x0000000000000000, 34.47 W, 0 %
2026/09/30 10:12:00.755, 465 MHz, 7001 MHz, 0x0000000000000000, 33.66 W, 0 %
2026/09/30 10:12:01.257, 367 MHz, 7001 MHz, 0x0000000000000000, 32.96 W, 0 %
2026/09/30 10:12:01.773, 292 MHz, 7001 MHz, 0x0000000000000000, 32.19 W, 0 %
2026/09/30 10:12:02.284, 232 MHz, 7001 MHz, 0x0000000000000000, 31.52 W, 0 %
2026/09/30 10:12:02.786, 255 MHz, 7001 MHz, 0x0000000000000000, 31.62 W, 0 %
2026/09/30 10:12:03.302, 187 MHz, 810 MHz, 0x0000000000000000, 30.84 W, 0 %
2026/09/30 10:12:03.803, 180 MHz, 810 MHz, 0x0000000000000000, 23.43 W, 0 %
2026/09/30 10:12:04.316, 180 MHz, 810 MHz, 0x0000000000000000, 17.39 W, 0 %
2026/09/30 10:12:04.823, 2910 MHz, 13801 MHz, 0x0000000000000000, 79.53 W, 86 %
2026/09/30 10:12:05.337, 2940 MHz, 13801 MHz, 0x0000000000000000, 112.57 W, 0 %
2026/09/30 10:12:05.850, 2940 MHz, 13801 MHz, 0x0000000000000000, 117.93 W, 0 %
2026/09/30 10:12:06.365, 2940 MHz, 13801 MHz, 0x0000000000000000, 91.33 W, 0 %
2026/09/30 10:12:06.875, 630 MHz, 7001 MHz, 0x0000000000000000, 81.30 W, 0 %
2026/09/30 10:12:07.377, 495 MHz, 7001 MHz, 0x0000000000000000, 55.13 W, 0 %
2026/09/30 10:12:07.877, 397 MHz, 7001 MHz, 0x0000000000000000, 33.59 W, 0 %
2026/09/30 10:12:08.392, 315 MHz, 7001 MHz, 0x0000000000000000, 32.75 W, 0 %
2026/09/30 10:12:08.906, 247 MHz, 7001 MHz, 0x0000000000000000, 32.41 W, 0 %
2026/09/30 10:12:09.407, 1620 MHz, 7001 MHz, 0x0000000000000000, 55.11 W, 60 %
2026/09/30 10:12:09.910, 967 MHz, 7001 MHz, 0x0000000000000000, 56.65 W, 0 %
2026/09/30 10:12:10.413, 772 MHz, 7001 MHz, 0x0000000000000000, 46.46 W, 0 %
2026/09/30 10:12:10.927, 615 MHz, 7001 MHz, 0x0000000000000000, 34.30 W, 0 %
2026/09/30 10:12:11.438, 480 MHz, 7001 MHz, 0x0000000000000000, 33.60 W, 0 %
2026/09/30 10:12:11.953, 1147 MHz, 7001 MHz, 0x0000000000000000, 45.50 W, 7 %
2026/09/30 10:12:12.464, 780 MHz, 7001 MHz, 0x0000000000000000, 45.10 W, 0 %
2026/09/30 10:12:12.976, 615 MHz, 7001 MHz, 0x0000000000000000, 34.32 W, 0 %
2026/09/30 10:12:13.491, 487 MHz, 7001 MHz, 0x0000000000000000, 33.42 W, 0 %
2026/09/30 10:12:14.003, 390 MHz, 7001 MHz, 0x0000000000000000, 32.81 W, 0 %
2026/09/30 10:12:14.505, 315 MHz, 7001 MHz, 0x0000000000000000, 32.61 W, 0 %
2026/09/30 10:12:15.007, 285 MHz, 810 MHz, 0x0000000000000000, 29.81 W, 0 %
2026/09/30 10:12:15.520, 195 MHz, 810 MHz, 0x0000000000000000, 22.67 W, 0 %
2026/09/30 10:12:16.035, 2932 MHz, 13801 MHz, 0x0000000000000000, 65.78 W, 0 %
2026/09/30 10:12:16.548, 2940 MHz, 13801 MHz, 0x0000000000000000, 107.75 W, 0 %
2026/09/30 10:12:17.049, 2940 MHz, 13801 MHz, 0x0000000000000000, 91.43 W, 0 %
2026/09/30 10:12:17.562, 697 MHz, 7001 MHz, 0x0000000000000000, 66.23 W, 0 %
2026/09/30 10:12:18.076, 525 MHz, 7001 MHz, 0x0000000000000000, 34.64 W, 0 %
2026/09/30 10:12:18.591, 435 MHz, 7001 MHz, 0x0000000000000000, 32.99 W, 0 %
2026/09/30 10:12:19.106, 337 MHz, 7001 MHz, 0x0000000000000000, 32.45 W, 0 %
2026/09/30 10:12:19.619, 270 MHz, 7001 MHz, 0x0000000000000000, 32.00 W, 0 %
2026/09/30 10:12:20.132, 210 MHz, 810 MHz, 0x0000000000000000, 26.67 W, 0 %
2026/09/30 10:12:20.647, 202 MHz, 810 MHz, 0x0000000000000000, 20.24 W, 0 %
2026/09/30 10:12:21.161, 1545 MHz, 13801 MHz, 0x0000000000000000, 43.00 W, 0 %
2026/09/30 10:12:21.674, 2452 MHz, 13801 MHz, 0x0000000000000000, 80.02 W, 19 %
2026/09/30 10:12:22.175, 2917 MHz, 13801 MHz, 0x0000000000000000, 112.81 W, 46 %
2026/09/30 10:12:22.688, 2917 MHz, 13801 MHz, 0x0000000000000000, 133.01 W, 49 %
2026/09/30 10:12:23.200, 2902 MHz, 13801 MHz, 0x0000000000000000, 110.54 W, 0 %
2026/09/30 10:12:23.702, 1912 MHz, 13801 MHz, 0x0000000000000000, 107.94 W, 0 %
2026/09/30 10:12:24.206, 1440 MHz, 7001 MHz, 0x0000000000000000, 74.76 W, 0 %
2026/09/30 10:12:24.719, 1260 MHz, 7001 MHz, 0x0000000000000000, 48.24 W, 0 %
2026/09/30 10:12:25.234, 2662 MHz, 13801 MHz, 0x0000000000000000, 69.09 W, 0 %
2026/09/30 10:12:25.736, 2812 MHz, 13801 MHz, 0x0000000000000000, 105.93 W, 0 %
2026/09/30 10:12:26.248, 2932 MHz, 13801 MHz, 0x0000000000000000, 122.91 W, 0 %
2026/09/30 10:12:26.763, 2940 MHz, 13801 MHz, 0x0000000000000000, 111.51 W, 0 %
2026/09/30 10:12:27.277, 2940 MHz, 13801 MHz, 0x0000000000000000, 133.87 W, 0 %
2026/09/30 10:12:27.791, 2940 MHz, 13801 MHz, 0x0000000000000000, 126.37 W, 0 %
2026/09/30 10:12:28.306, 2940 MHz, 13801 MHz, 0x0000000000000000, 105.69 W, 0 %
2026/09/30 10:12:28.807, 2842 MHz, 13801 MHz, 0x0000000000000000, 123.20 W, 0 %
2026/09/30 10:12:29.322, 2160 MHz, 13801 MHz, 0x0000000000000000, 93.19 W, 0 %
2026/09/30 10:12:29.837, 1695 MHz, 13801 MHz, 0x0000000000000000, 54.58 W, 0 %
2026/09/30 10:12:30.352, 2760 MHz, 13801 MHz, 0x0000000000000000, 74.28 W, 0 %
2026/09/30 10:12:30.866, 2835 MHz, 13801 MHz, 0x0000000000000000, 94.77 W, 0 %
2026/09/30 10:12:31.381, 2940 MHz, 13801 MHz, 0x0000000000000000, 104.76 W, 0 %
2026/09/30 10:12:31.894, 2932 MHz, 13801 MHz, 0x0000000000000000, 125.17 W, 0 %
2026/09/30 10:12:32.408, 2940 MHz, 13801 MHz, 0x0000000000000000, 112.54 W, 0 %
2026/09/30 10:12:32.908, 2940 MHz, 13801 MHz, 0x0000000000000000, 114.47 W, 0 %
2026/09/30 10:12:33.419, 2932 MHz, 13801 MHz, 0x0000000000000000, 137.41 W, 63 %
2026/09/30 10:12:33.934, 2932 MHz, 13801 MHz, 0x0000000000000000, 136.94 W, 2 %
2026/09/30 10:12:34.447, 2940 MHz, 13801 MHz, 0x0000000000000000, 112.74 W, 0 %
2026/09/30 10:12:34.948, 2932 MHz, 13801 MHz, 0x0000000000000000, 133.16 W, 0 %
2026/09/30 10:12:35.463, 2932 MHz, 13801 MHz, 0x0000000000000000, 136.67 W, 68 %
2026/09/30 10:12:35.979, 2760 MHz, 13801 MHz, 0x0000000000000000, 111.08 W, 0 %
2026/09/30 10:12:36.479, 2325 MHz, 13801 MHz, 0x0000000000000000, 97.45 W, 0 %
2026/09/30 10:12:36.981, 2940 MHz, 13801 MHz, 0x0000000000000000, 114.75 W, 0 %
2026/09/30 10:12:37.497, 2932 MHz, 13801 MHz, 0x0000000000000000, 132.09 W, 20 %
2026/09/30 10:12:38.003, 2940 MHz, 13801 MHz, 0x0000000000000000, 125.82 W, 0 %
2026/09/30 10:12:38.506, 2940 MHz, 13801 MHz, 0x0000000000000000, 124.29 W, 0 %
2026/09/30 10:12:39.020, 2940 MHz, 13801 MHz, 0x0000000000000000, 131.34 W, 0 %
2026/09/30 10:12:39.522, 2932 MHz, 13801 MHz, 0x0000000000000000, 132.36 W, 46 %
2026/09/30 10:12:40.038, 2917 MHz, 13801 MHz, 0x0000000000000000, 133.78 W, 56 %
2026/09/30 10:12:40.553, 2040 MHz, 13801 MHz, 0x0000000000000000, 93.00 W, 0 %
2026/09/30 10:12:41.056, 2040 MHz, 13801 MHz, 0x0000000000000000, 89.54 W, 0 %
2026/09/30 10:12:41.572, 2805 MHz, 13801 MHz, 0x0000000000000000, 72.04 W, 0 %
2026/09/30 10:12:42.072, 2805 MHz, 13801 MHz, 0x0000000000000000, 105.45 W, 0 %
2026/09/30 10:12:42.573, 2880 MHz, 13801 MHz, 0x0000000000000000, 124.74 W, 0 %
2026/09/30 10:12:43.088, 2940 MHz, 13801 MHz, 0x0000000000000000, 112.59 W, 0 %
2026/09/30 10:12:43.603, 2940 MHz, 13801 MHz, 0x0000000000000000, 112.54 W, 0 %
2026/09/30 10:12:44.115, 2940 MHz, 13801 MHz, 0x0000000000000000, 132.61 W, 0 %
2026/09/30 10:12:44.630, 2940 MHz, 13801 MHz, 0x0000000000000000, 137.07 W, 0 %
2026/09/30 10:12:45.145, 2932 MHz, 13801 MHz, 0x0000000000000000, 133.21 W, 0 %
2026/09/30 10:12:45.657, 2940 MHz, 13801 MHz, 0x0000000000000000, 112.68 W, 0 %
2026/09/30 10:12:46.171, 2940 MHz, 13801 MHz, 0x0000000000000000, 115.90 W, 0 %
2026/09/30 10:12:46.682, 2932 MHz, 13801 MHz, 0x0000000000000000, 138.12 W, 85 %
2026/09/30 10:12:47.194, 2940 MHz, 13801 MHz, 0x0000000000000000, 112.59 W, 0 %
2026/09/30 10:12:47.694, 2940 MHz, 13801 MHz, 0x0000000000000000, 115.60 W, 0 %
2026/09/30 10:12:48.208, 2932 MHz, 13801 MHz, 0x0000000000000000, 139.41 W, 19 %
2026/09/30 10:12:48.721, 2940 MHz, 13801 MHz, 0x0000000000000000, 116.19 W, 0 %
2026/09/30 10:12:49.233, 2932 MHz, 13801 MHz, 0x0000000000000000, 117.08 W, 82 %
2026/09/30 10:12:49.746, 2940 MHz, 13801 MHz, 0x0000000000000000, 114.99 W, 0 %
2026/09/30 10:12:50.256, 2940 MHz, 13801 MHz, 0x0000000000000000, 111.65 W, 0 %
2026/09/30 10:12:50.768, 2940 MHz, 13801 MHz, 0x0000000000000000, 113.42 W, 0 %
2026/09/30 10:12:51.283, 2940 MHz, 13801 MHz, 0x0000000000000000, 115.43 W, 0 %
2026/09/30 10:12:51.796, 2932 MHz, 13801 MHz, 0x0000000000000000, 110.90 W, 0 %
2026/09/30 10:12:52.307, 2940 MHz, 13801 MHz, 0x0000000000000000, 110.95 W, 0 %
2026/09/30 10:12:52.816, 1920 MHz, 13801 MHz, 0x0000000000000000, 73.97 W, 0 %
2026/09/30 10:12:53.325, 2017 MHz, 13801 MHz, 0x0000000000000000, 75.06 W, 0 %
2026/09/30 10:12:53.838, 1560 MHz, 7001 MHz, 0x0000000000000000, 68.95 W, 0 %
2026/09/30 10:12:54.350, 2122 MHz, 13801 MHz, 0x0000000000000000, 70.33 W, 0 %
2026/09/30 10:12:54.861, 2617 MHz, 13801 MHz, 0x0000000000000000, 79.65 W, 0 %
2026/09/30 10:12:55.371, 2857 MHz, 13801 MHz, 0x0000000000000000, 95.65 W, 0 %
2026/09/30 10:12:55.883, 2940 MHz, 13801 MHz, 0x0000000000000000, 110.70 W, 0 %
2026/09/30 10:12:56.396, 2940 MHz, 13801 MHz, 0x0000000000000000, 101.20 W, 41 %
2026/09/30 10:12:56.909, 2940 MHz, 13801 MHz, 0x0000000000000000, 115.67 W, 0 %
2026/09/30 10:12:57.419, 1800 MHz, 13801 MHz, 0x0000000000000000, 99.68 W, 0 %
2026/09/30 10:12:57.920, 2100 MHz, 13801 MHz, 0x0000000000000000, 80.93 W, 0 %
2026/09/30 10:12:58.430, 1687 MHz, 13801 MHz, 0x0000000000000000, 75.15 W, 0 %
2026/09/30 10:12:58.942, 1320 MHz, 7001 MHz, 0x0000000000000000, 45.46 W, 0 %
2026/09/30 10:12:59.449, 1050 MHz, 7001 MHz, 0x0000000000000000, 37.05 W, 0 %
2026/09/30 10:12:59.961, 825 MHz, 7001 MHz, 0x0000000000000000, 35.73 W, 0 %
2026/09/30 10:13:00.473, 660 MHz, 7001 MHz, 0x0000000000000000, 35.14 W, 0 %
2026/09/30 10:13:00.985, 510 MHz, 7001 MHz, 0x0000000000000000, 34.63 W, 0 %
2026/09/30 10:13:01.497, 420 MHz, 7001 MHz, 0x0000000000000000, 34.15 W, 0 %
2026/09/30 10:13:01.998, 2940 MHz, 13801 MHz, 0x0000000000000000, 64.67 W, 0 %
2026/09/30 10:13:02.513, 2940 MHz, 13801 MHz, 0x0000000000000000, 88.41 W, 0 %
2026/09/30 10:13:03.025, 2940 MHz, 13801 MHz, 0x0000000000000000, 101.30 W, 92 %
2026/09/30 10:13:03.539, 2940 MHz, 13801 MHz, 0x0000000000000000, 105.80 W, 0 %
2026/09/30 10:13:04.051, 2940 MHz, 13801 MHz, 0x0000000000000000, 96.04 W, 1 %
2026/09/30 10:13:04.565, 2940 MHz, 13801 MHz, 0x0000000000000000, 113.43 W, 0 %
2026/09/30 10:13:05.079, 2932 MHz, 13801 MHz, 0x0000000000000000, 115.33 W, 0 %
2026/09/30 10:13:05.593, 2940 MHz, 13801 MHz, 0x0000000000000000, 115.24 W, 0 %
2026/09/30 10:13:06.108, 2940 MHz, 13801 MHz, 0x0000000000000000, 92.53 W, 0 %
2026/09/30 10:13:06.609, 2940 MHz, 13801 MHz, 0x0000000000000000, 92.53 W, 0 %
2026/09/30 10:13:07.111, 1492 MHz, 7001 MHz, 0x0000000000000000, 81.44 W, 0 %
2026/09/30 10:13:07.624, 480 MHz, 7001 MHz, 0x0000000000000000, 56.12 W, 0 %
2026/09/30 10:13:08.135, 480 MHz, 7001 MHz, 0x0000000000000000, 44.01 W, 51 %
2026/09/30 10:13:08.646, 900 MHz, 7001 MHz, 0x0000000000000000, 53.99 W, 0 %
2026/09/30 10:13:09.155, 712 MHz, 7001 MHz, 0x0000000000000000, 55.51 W, 9 %
2026/09/30 10:13:09.666, 2032 MHz, 13801 MHz, 0x0000000000000000, 62.65 W, 0 %
2026/09/30 10:13:10.179, 2032 MHz, 13801 MHz, 0x0000000000000000, 69.01 W, 0 %
2026/09/30 10:13:10.689, 2940 MHz, 13801 MHz, 0x0000000000000000, 89.83 W, 0 %
2026/09/30 10:13:11.203, 2940 MHz, 13801 MHz, 0x0000000000000000, 106.86 W, 0 %
2026/09/30 10:13:11.706, 2932 MHz, 13801 MHz, 0x0000000000000000, 113.25 W, 0 %
2026/09/30 10:13:12.208, 2932 MHz, 13801 MHz, 0x0000000000000000, 138.61 W, 93 %
2026/09/30 10:13:12.709, 2940 MHz, 13801 MHz, 0x0000000000000000, 131.52 W, 72 %
2026/09/30 10:13:13.224, 2932 MHz, 13801 MHz, 0x0000000000000000, 139.42 W, 35 %
2026/09/30 10:13:13.724, 2940 MHz, 13801 MHz, 0x0000000000000000, 135.26 W, 0 %
2026/09/30 10:13:14.239, 2940 MHz, 13801 MHz, 0x0000000000000000, 121.97 W, 0 %
2026/09/30 10:13:14.747, 2940 MHz, 13801 MHz, 0x0000000000000000, 138.23 W, 0 %
2026/09/30 10:13:15.255, 2940 MHz, 13801 MHz, 0x0000000000000000, 132.66 W, 0 %
2026/09/30 10:13:15.769, 2932 MHz, 13801 MHz, 0x0000000000000000, 137.93 W, 89 %
2026/09/30 10:13:16.285, 2940 MHz, 13801 MHz, 0x0000000000000000, 116.65 W, 0 %
2026/09/30 10:13:16.800, 2932 MHz, 13801 MHz, 0x0000000000000000, 133.29 W, 0 %
2026/09/30 10:13:17.313, 2940 MHz, 13801 MHz, 0x0000000000000000, 114.30 W, 12 %
2026/09/30 10:13:17.827, 2940 MHz, 13801 MHz, 0x0000000000000000, 114.26 W, 0 %
2026/09/30 10:13:18.341, 2932 MHz, 13801 MHz, 0x0000000000000000, 138.85 W, 0 %
2026/09/30 10:13:18.844, 2940 MHz, 13801 MHz, 0x0000000000000000, 129.45 W, 56 %
2026/09/30 10:13:19.358, 2940 MHz, 13801 MHz, 0x0000000000000000, 116.74 W, 0 %
2026/09/30 10:13:19.873, 2932 MHz, 13801 MHz, 0x0000000000000000, 133.72 W, 95 %
2026/09/30 10:13:20.388, 2940 MHz, 13801 MHz, 0x0000000000000000, 115.95 W, 0 %
2026/09/30 10:13:20.904, 2932 MHz, 13801 MHz, 0x0000000000000000, 134.32 W, 90 %
2026/09/30 10:13:21.406, 2940 MHz, 13801 MHz, 0x0000000000000000, 113.16 W, 0 %
2026/09/30 10:13:21.907, 2932 MHz, 13801 MHz, 0x0000000000000000, 133.19 W, 0 %
2026/09/30 10:13:22.420, 2940 MHz, 13801 MHz, 0x0000000000000000, 113.15 W, 0 %
2026/09/30 10:13:22.935, 2932 MHz, 13801 MHz, 0x0000000000000000, 108.91 W, 0 %
2026/09/30 10:13:23.447, 2940 MHz, 13801 MHz, 0x0000000000000000, 110.57 W, 0 %
2026/09/30 10:13:23.947, 2527 MHz, 13801 MHz, 0x0000000000000000, 111.92 W, 0 %
2026/09/30 10:13:24.460, 2940 MHz, 13801 MHz, 0x0000000000000000, 110.09 W, 0 %
2026/09/30 10:13:24.974, 2932 MHz, 13801 MHz, 0x0000000000000000, 111.85 W, 0 %
2026/09/30 10:13:25.475, 2932 MHz, 13801 MHz, 0x0000000000000000, 136.62 W, 84 %
2026/09/30 10:13:25.988, 2940 MHz, 13801 MHz, 0x0000000000000000, 116.02 W, 0 %
2026/09/30 10:13:26.502, 2940 MHz, 13801 MHz, 0x0000000000000000, 111.72 W, 0 %
2026/09/30 10:13:27.016, 2940 MHz, 13801 MHz, 0x0000000000000000, 92.75 W, 0 %
2026/09/30 10:13:27.532, 1485 MHz, 7001 MHz, 0x0000000000000000, 81.59 W, 0 %
2026/09/30 10:13:28.047, 480 MHz, 7001 MHz, 0x0000000000000000, 56.10 W, 0 %
2026/09/30 10:13:28.560, 397 MHz, 7001 MHz, 0x0000000000000000, 34.24 W, 0 %
2026/09/30 10:13:29.063, 307 MHz, 7001 MHz, 0x0000000000000000, 33.84 W, 0 %
2026/09/30 10:13:29.567, 255 MHz, 7001 MHz, 0x0000000000000000, 34.79 W, 12 %
2026/09/30 10:13:30.077, 1680 MHz, 13801 MHz, 0x0000000000000000, 68.41 W, 0 %
2026/09/30 10:13:30.591, 1852 MHz, 13801 MHz, 0x0000000000000000, 73.42 W, 0 %
2026/09/30 10:13:31.107, 1680 MHz, 13801 MHz, 0x0000000000000000, 75.49 W, 0 %
2026/09/30 10:13:31.622, 2122 MHz, 13801 MHz, 0x0000000000000000, 68.43 W, 0 %
2026/09/30 10:13:32.126, 2557 MHz, 13801 MHz, 0x0000000000000000, 72.26 W, 0 %
2026/09/30 10:13:32.639, 2557 MHz, 13801 MHz, 0x0000000000000000, 63.77 W, 0 %
2026/09/30 10:13:33.154, 2557 MHz, 13801 MHz, 0x0000000000000000, 63.61 W, 0 %
2026/09/30 10:13:33.665, 495 MHz, 7001 MHz, 0x0000000000000000, 54.92 W, 0 %
2026/09/30 10:13:34.177, 412 MHz, 7001 MHz, 0x0000000000000000, 39.94 W, 0 %
2026/09/30 10:13:34.688, 322 MHz, 7001 MHz, 0x0000000000000000, 33.24 W, 0 %
2026/09/30 10:13:35.203, 2077 MHz, 13801 MHz, 0x0000000000000000, 58.55 W, 0 %
2026/09/30 10:13:35.717, 2092 MHz, 13801 MHz, 0x0000000000000000, 69.47 W, 0 %
2026/09/30 10:13:36.230, 2887 MHz, 13801 MHz, 0x0000000000000000, 89.54 W, 0 %
2026/09/30 10:13:36.746, 2940 MHz, 13801 MHz, 0x0000000000000000, 103.33 W, 0 %
2026/09/30 10:13:37.260, 2932 MHz, 13801 MHz, 0x0000000000000000, 113.61 W, 0 %
2026/09/30 10:13:37.774, 2940 MHz, 13801 MHz, 0x0000000000000000, 113.78 W, 0 %
2026/09/30 10:13:38.289, 2932 MHz, 13801 MHz, 0x0000000000000000, 115.70 W, 52 %
2026/09/30 10:13:38.794, 2940 MHz, 13801 MHz, 0x0000000000000000, 115.89 W, 0 %
2026/09/30 10:13:39.304, 2940 MHz, 13801 MHz, 0x0000000000000000, 103.69 W, 0 %
2026/09/30 10:13:39.804, 2940 MHz, 13801 MHz, 0x0000000000000000, 99.81 W, 0 %
2026/09/30 10:13:40.318, 1867 MHz, 7001 MHz, 0x0000000000000000, 88.98 W, 0 %
2026/09/30 10:13:40.831, 1057 MHz, 7001 MHz, 0x0000000000000000, 58.15 W, 7 %
2026/09/30 10:13:41.332, 795 MHz, 7001 MHz, 0x0000000000000000, 42.35 W, 16 %
2026/09/30 10:13:41.846, 2932 MHz, 13801 MHz, 0x0000000000000000, 84.73 W, 0 %
2026/09/30 10:13:42.349, 2940 MHz, 13801 MHz, 0x0000000000000000, 104.63 W, 0 %
2026/09/30 10:13:42.864, 2940 MHz, 13801 MHz, 0x0000000000000000, 92.54 W, 0 %
2026/09/30 10:13:43.379, 2940 MHz, 13801 MHz, 0x0000000000000000, 92.43 W, 0 %
2026/09/30 10:13:43.892, 735 MHz, 7001 MHz, 0x0000000000000000, 64.35 W, 0 %
2026/09/30 10:13:44.393, 600 MHz, 7001 MHz, 0x0000000000000000, 35.63 W, 0 %
2026/09/30 10:13:44.896, 465 MHz, 7001 MHz, 0x0000000000000000, 34.77 W, 0 %
2026/09/30 10:13:45.398, 382 MHz, 810 MHz, 0x0000000000000000, 31.78 W, 0 %
2026/09/30 10:13:45.907, 285 MHz, 810 MHz, 0x0000000000000000, 24.53 W, 0 %
2026/09/30 10:13:46.422, 802 MHz, 810 MHz, 0x0000000000000000, 23.40 W, 0 %
2026/09/30 10:13:46.934, 502 MHz, 810 MHz, 0x0000000000000000, 20.81 W, 0 %
2026/09/30 10:13:47.448, 1800 MHz, 810 MHz, 0x0000000000000000, 44.16 W, 100 %
2026/09/30 10:13:47.963, 2940 MHz, 13801 MHz, 0x0000000000000000, 87.08 W, 0 %
2026/09/30 10:13:48.478, 2940 MHz, 13801 MHz, 0x0000000000000000, 106.72 W, 0 %
2026/09/30 10:13:48.981, 2940 MHz, 13801 MHz, 0x0000000000000000, 92.44 W, 0 %
2026/09/30 10:13:49.490, 2932 MHz, 13801 MHz, 0x0000000000000000, 96.82 W, 29 %
2026/09/30 10:13:49.992, 1342 MHz, 7001 MHz, 0x0000000000000000, 74.16 W, 5 %
2026/09/30 10:13:50.505, 1132 MHz, 7001 MHz, 0x0000000000000000, 53.84 W, 0 %
2026/09/30 10:13:51.019, 1252 MHz, 13801 MHz, 0x0000000000000000, 49.40 W, 0 %
2026/09/30 10:13:51.521, 1777 MHz, 13801 MHz, 0x0000000000000000, 49.73 W, 0 %
2026/09/30 10:13:52.023, 1792 MHz, 13801 MHz, 0x0000000000000000, 55.56 W, 11 %
2026/09/30 10:13:52.536, 2917 MHz, 13801 MHz, 0x0000000000000000, 129.35 W, 73 %
2026/09/30 10:13:53.036, 2887 MHz, 13801 MHz, 0x0000000000000000, 229.41 W, 98 %
2026/09/30 10:13:53.550, 2857 MHz, 13801 MHz, 0x0000000000000000, 267.12 W, 88 %
2026/09/30 10:13:54.063, 2925 MHz, 13801 MHz, 0x0000000000000000, 242.72 W, 63 %
2026/09/30 10:13:54.577, 2917 MHz, 13801 MHz, 0x0000000000000000, 229.37 W, 63 %
2026/09/30 10:13:55.090, 2910 MHz, 13801 MHz, 0x0000000000000000, 220.60 W, 56 %
2026/09/30 10:13:55.591, 2910 MHz, 13801 MHz, 0x0000000000000000, 232.00 W, 70 %
2026/09/30 10:13:56.106, 2932 MHz, 13801 MHz, 0x0000000000000000, 205.47 W, 88 %
2026/09/30 10:13:56.608, 2932 MHz, 13801 MHz, 0x0000000000000000, 163.12 W, 89 %
2026/09/30 10:13:57.117, 2917 MHz, 13801 MHz, 0x0000000000000000, 190.19 W, 84 %
2026/09/30 10:13:57.629, 2910 MHz, 13801 MHz, 0x0000000000000000, 245.39 W, 91 %
2026/09/30 10:13:58.140, 2910 MHz, 13801 MHz, 0x0000000000000000, 283.52 W, 89 %
2026/09/30 10:13:58.650, 2902 MHz, 13801 MHz, 0x0000000000000000, 299.04 W, 91 %
2026/09/30 10:13:59.161, 2872 MHz, 13801 MHz, 0x0000000000000000, 325.00 W, 90 %
2026/09/30 10:13:59.662, 2842 MHz, 13801 MHz, 0x0000000000000000, 364.19 W, 98 %
2026/09/30 10:14:00.174, 2842 MHz, 13801 MHz, 0x0000000000000000, 384.93 W, 72 %
2026/09/30 10:14:00.684, 2932 MHz, 13801 MHz, 0x0000000000000000, 271.67 W, 90 %
2026/09/30 10:14:01.185, 2925 MHz, 13801 MHz, 0x0000000000000000, 167.82 W, 90 %
2026/09/30 10:14:01.696, 2917 MHz, 13801 MHz, 0x0000000000000000, 227.38 W, 76 %
2026/09/30 10:14:02.208, 2910 MHz, 13801 MHz, 0x0000000000000000, 271.67 W, 89 %
2026/09/30 10:14:02.724, 2917 MHz, 13801 MHz, 0x0000000000000000, 289.17 W, 83 %
2026/09/30 10:14:03.240, 2910 MHz, 13801 MHz, 0x0000000000000000, 291.43 W, 89 %
2026/09/30 10:14:03.740, 2895 MHz, 13801 MHz, 0x0000000000000000, 300.95 W, 83 %
2026/09/30 10:14:04.252, 2887 MHz, 13801 MHz, 0x0000000000000000, 310.64 W, 87 %
2026/09/30 10:14:04.764, 2872 MHz, 13801 MHz, 0x0000000000000000, 314.57 W, 83 %
2026/09/30 10:14:05.274, 2865 MHz, 13801 MHz, 0x0000000000000000, 327.53 W, 89 %
2026/09/30 10:14:05.789, 2835 MHz, 13801 MHz, 0x0000000000000000, 355.00 W, 90 %
2026/09/30 10:14:06.302, 2835 MHz, 13801 MHz, 0x0000000000000000, 379.54 W, 83 %
2026/09/30 10:14:06.817, 2797 MHz, 13801 MHz, 0x0000000000000004, 405.85 W, 98 %
2026/09/30 10:14:07.330, 2872 MHz, 13801 MHz, 0x0000000000000000, 372.22 W, 7 %
2026/09/30 10:14:07.839, 2932 MHz, 13801 MHz, 0x0000000000000000, 237.72 W, 17 %
2026/09/30 10:14:08.353, 2925 MHz, 13801 MHz, 0x0000000000000000, 130.26 W, 16 %
2026/09/30 10:14:08.864, 2925 MHz, 13801 MHz, 0x0000000000000000, 149.67 W, 16 %
2026/09/30 10:14:09.378, 2490 MHz, 13801 MHz, 0x0000000000000000, 137.87 W, 19 %
2026/09/30 10:14:09.888, 2460 MHz, 7001 MHz, 0x0000000000000000, 118.98 W, 17 %
2026/09/30 10:14:10.400, 2370 MHz, 7001 MHz, 0x0000000000000000, 109.55 W, 17 %
2026/09/30 10:14:10.912, 2385 MHz, 7001 MHz, 0x0000000000000000, 101.85 W, 15 %
2026/09/30 10:14:11.425, 2317 MHz, 7001 MHz, 0x0000000000000000, 97.43 W, 14 %
2026/09/30 10:14:11.937, 2355 MHz, 7001 MHz, 0x0000000000000000, 100.63 W, 16 %
2026/09/30 10:14:12.449, 2422 MHz, 7001 MHz, 0x0000000000000000, 94.42 W, 7 %
2026/09/30 10:14:12.949, 2437 MHz, 7001 MHz, 0x0000000000000000, 85.61 W, 7 %
2026/09/30 10:14:13.458, 1140 MHz, 7001 MHz, 0x0000000000000000, 70.65 W, 0 %
2026/09/30 10:14:13.968, 862 MHz, 7001 MHz, 0x0000000000000000, 49.11 W, 0 %
2026/09/30 10:14:14.477, 690 MHz, 7001 MHz, 0x0000000000000000, 35.76 W, 0 %
2026/09/30 10:14:14.986, 555 MHz, 7001 MHz, 0x0000000000000000, 35.22 W, 0 %
2026/09/30 10:14:15.497, 1800 MHz, 7001 MHz, 0x0000000000000000, 56.17 W, 18 %
2026/09/30 10:14:16.006, 1830 MHz, 7001 MHz, 0x0000000000000000, 92.32 W, 11 %
2026/09/30 10:14:16.518, 1920 MHz, 7001 MHz, 0x0000000000000000, 106.36 W, 11 %
2026/09/30 10:14:17.033, 1987 MHz, 7001 MHz, 0x0000000000000000, 101.30 W, 11 %
2026/09/30 10:14:17.547, 2122 MHz, 7001 MHz, 0x0000000000000000, 95.29 W, 10 %
2026/09/30 10:14:18.056, 1957 MHz, 7001 MHz, 0x0000000000000000, 91.52 W, 10 %
2026/09/30 10:14:18.569, 1815 MHz, 7001 MHz, 0x0000000000000000, 86.24 W, 8 %
2026/09/30 10:14:19.081, 600 MHz, 7001 MHz, 0x0000000000000000, 48.74 W, 4 %
2026/09/30 10:14:19.595, 990 MHz, 7001 MHz, 0x0000000000000000, 44.39 W, 11 %
2026/09/30 10:14:20.107, 420 MHz, 7001 MHz, 0x0000000000000000, 43.89 W, 0 %
2026/09/30 10:14:20.616, 337 MHz, 810 MHz, 0x0000000000000000, 30.99 W, 0 %
2026/09/30 10:14:21.118, 255 MHz, 810 MHz, 0x0000000000000000, 23.67 W, 0 %
2026/09/30 10:14:21.619, 202 MHz, 810 MHz, 0x0000000000000000, 18.22 W, 0 %
2026/09/30 10:14:22.133, 180 MHz, 810 MHz, 0x0000000000000000, 15.80 W, 0 %
2026/09/30 10:14:22.647, 195 MHz, 405 MHz, 0x0000000000000000, 13.25 W, 0 %
2026/09/30 10:14:23.149, 180 MHz, 405 MHz, 0x0000000000000000, 12.38 W, 0 %
2026/09/30 10:14:23.660, 195 MHz, 405 MHz, 0x0000000000000000, 12.48 W, 0 %
2026/09/30 10:14:24.161, 180 MHz, 405 MHz, 0x0000000000000000, 12.54 W, 0 %
2026/09/30 10:14:24.672, 195 MHz, 405 MHz, 0x0000000000000000, 12.39 W, 0 %
2026/09/30 10:14:25.186, 180 MHz, 405 MHz, 0x0000000000000000, 12.51 W, 0 %
2026/09/30 10:14:25.699, 195 MHz, 405 MHz, 0x0000000000000000, 12.35 W, 0 %
2026/09/30 10:14:26.200, 180 MHz, 405 MHz, 0x0000000000000000, 12.20 W, 0 %
2026/09/30 10:14:26.702, 195 MHz, 405 MHz, 0x0000000000000000, 12.25 W, 0 %
2026/09/30 10:14:27.204, 180 MHz, 405 MHz, 0x0000000000000000, 12.13 W, 0 %
2026/09/30 10:14:27.718, 195 MHz, 405 MHz, 0x0000000000000000, 12.00 W, 0 %
2026/09/30 10:14:28.234, 180 MHz, 405 MHz, 0x0000000000000000, 12.01 W, 0 %
2026/09/30 10:14:28.742, 195 MHz, 405 MHz, 0x0000000000000000, 12.06 W, 0 %
2026/09/30 10:14:29.256, 180 MHz, 405 MHz, 0x0000000000000000, 12.16 W, 0 %
2026/09/30 10:14:29.770, 195 MHz, 405 MHz, 0x0000000000000000, 12.17 W, 0 %
2026/09/30 10:14:30.271, 180 MHz, 405 MHz, 0x0000000000000000, 12.19 W, 0 %
2026/09/30 10:14:30.785, 195 MHz, 405 MHz, 0x0000000000000000, 12.18 W, 0 %
2026/09/30 10:14:31.299, 180 MHz, 405 MHz, 0x0000000000000000, 12.15 W, 0 %
2026/09/30 10:14:31.799, 195 MHz, 405 MHz, 0x0000000000000000, 12.31 W, 0 %
2026/09/30 10:14:32.313, 172 MHz, 405 MHz, 0x0000000000000000, 12.27 W, 0 %
2026/09/30 10:14:32.824, 187 MHz, 405 MHz, 0x0000000000000000, 12.21 W, 0 %
2026/09/30 10:14:33.327, 180 MHz, 405 MHz, 0x0000000000000000, 12.32 W, 0 %
2026/09/30 10:14:33.835, 187 MHz, 405 MHz, 0x0000000000000000, 12.32 W, 0 %
2026/09/30 10:14:34.348, 247 MHz, 405 MHz, 0x0000000000000000, 12.53 W, 0 %
2026/09/30 10:14:34.848, 195 MHz, 405 MHz, 0x0000000000000000, 12.62 W, 0 %
2026/09/30 10:14:35.362, 2932 MHz, 13801 MHz, 0x0000000000000000, 62.26 W, 0 %
2026/09/30 10:14:35.874, 2940 MHz, 13801 MHz, 0x0000000000000000, 107.21 W, 0 %
2026/09/30 10:14:36.389, 2940 MHz, 13801 MHz, 0x0000000000000000, 92.55 W, 0 %
2026/09/30 10:14:36.902, 2940 MHz, 13801 MHz, 0x0000000000000000, 92.83 W, 0 %
2026/09/30 10:14:37.404, 720 MHz, 7001 MHz, 0x0000000000000000, 72.37 W, 0 %
2026/09/30 10:14:37.905, 577 MHz, 7001 MHz, 0x0000000000000000, 41.50 W, 0 %
2026/09/30 10:14:38.408, 457 MHz, 7001 MHz, 0x0000000000000000, 34.69 W, 0 %
2026/09/30 10:14:38.910, 360 MHz, 7001 MHz, 0x0000000000000000, 33.90 W, 0 %
2026/09/30 10:14:39.411, 285 MHz, 7001 MHz, 0x0000000000000000, 33.51 W, 0 %
2026/09/30 10:14:39.924, 225 MHz, 7001 MHz, 0x0000000000000000, 33.39 W, 0 %
2026/09/30 10:14:40.438, 180 MHz, 7001 MHz, 0x0000000000000000, 33.11 W, 0 %
2026/09/30 10:14:40.953, 180 MHz, 7001 MHz, 0x0000000000000000, 32.86 W, 0 %
2026/09/30 10:14:41.464, 180 MHz, 7001 MHz, 0x0000000000000000, 32.95 W, 0 %
2026/09/30 10:14:41.979, 187 MHz, 810 MHz, 0x0000000000000000, 28.19 W, 0 %
2026/09/30 10:14:42.494, 180 MHz, 810 MHz, 0x0000000000000000, 20.33 W, 0 %
2026/09/30 10:14:43.008, 187 MHz, 810 MHz, 0x0000000000000000, 14.85 W, 0 %
2026/09/30 10:14:43.509, 180 MHz, 810 MHz, 0x0000000000000000, 14.08 W, 0 %
2026/09/30 10:14:44.023, 180 MHz, 405 MHz, 0x0000000000000000, 12.70 W, 0 %
2026/09/30 10:14:44.535, 180 MHz, 405 MHz, 0x0000000000000000, 12.26 W, 0 %
2026/09/30 10:14:45.047, 180 MHz, 405 MHz, 0x0000000000000000, 12.14 W, 0 %
2026/09/30 10:14:45.562, 180 MHz, 405 MHz, 0x0000000000000000, 12.04 W, 0 %
2026/09/30 10:14:46.070, 2917 MHz, 13801 MHz, 0x0000000000000000, 80.59 W, 71 %
2026/09/30 10:14:46.580, 2925 MHz, 13801 MHz, 0x0000000000000000, 229.81 W, 95 %
2026/09/30 10:14:47.088, 2925 MHz, 13801 MHz, 0x0000000000000000, 354.05 W, 93 %
2026/09/30 10:14:47.596, 2910 MHz, 13801 MHz, 0x0000000000000000, 348.86 W, 94 %
2026/09/30 10:14:48.100, 2910 MHz, 13801 MHz, 0x0000000000000000, 350.66 W, 95 %
2026/09/30 10:14:48.609, 2910 MHz, 13801 MHz, 0x0000000000000000, 357.94 W, 94 %
2026/09/30 10:14:49.117, 2895 MHz, 13801 MHz, 0x0000000000000000, 355.55 W, 49 %
2026/09/30 10:14:49.622, 2910 MHz, 13801 MHz, 0x0000000000000000, 355.57 W, 94 %
2026/09/30 10:14:50.130, 2910 MHz, 13801 MHz, 0x0000000000000000, 358.25 W, 95 %
2026/09/30 10:14:50.639, 2895 MHz, 13801 MHz, 0x0000000000000000, 357.19 W, 55 %
2026/09/30 10:14:51.147, 2910 MHz, 13801 MHz, 0x0000000000000000, 357.00 W, 95 %
2026/09/30 10:14:51.650, 2910 MHz, 13801 MHz, 0x0000000000000000, 360.61 W, 94 %
2026/09/30 10:14:52.157, 2910 MHz, 13801 MHz, 0x0000000000000000, 358.78 W, 94 %
2026/09/30 10:14:52.667, 2887 MHz, 13801 MHz, 0x0000000000000000, 354.14 W, 95 %
2026/09/30 10:14:53.176, 2910 MHz, 13801 MHz, 0x0000000000000000, 354.99 W, 95 %
2026/09/30 10:14:53.681, 2910 MHz, 13801 MHz, 0x0000000000000000, 360.29 W, 95 %
2026/09/30 10:14:54.190, 2902 MHz, 13801 MHz, 0x0000000000000000, 356.56 W, 46 %
2026/09/30 10:14:54.696, 2910 MHz, 13801 MHz, 0x0000000000000000, 356.05 W, 95 %
2026/09/30 10:14:55.202, 2910 MHz, 13801 MHz, 0x0000000000000000, 356.06 W, 95 %
2026/09/30 10:14:55.709, 2910 MHz, 13801 MHz, 0x0000000000000000, 359.72 W, 94 %
2026/09/30 10:14:56.216, 2910 MHz, 13801 MHz, 0x0000000000000000, 354.32 W, 94 %
2026/09/30 10:14:56.722, 2910 MHz, 13801 MHz, 0x0000000000000000, 355.28 W, 95 %
2026/09/30 10:14:57.227, 2910 MHz, 13801 MHz, 0x0000000000000000, 360.29 W, 95 %
2026/09/30 10:14:57.736, 2887 MHz, 13801 MHz, 0x0000000000000000, 356.63 W, 94 %
2026/09/30 10:14:58.242, 2910 MHz, 13801 MHz, 0x0000000000000000, 357.68 W, 95 %
2026/09/30 10:14:58.747, 2910 MHz, 13801 MHz, 0x0000000000000000, 361.07 W, 94 %
2026/09/30 10:14:59.251, 2887 MHz, 13801 MHz, 0x0000000000000000, 357.27 W, 87 %
2026/09/30 10:14:59.758, 2910 MHz, 13801 MHz, 0x0000000000000000, 357.89 W, 95 %
2026/09/30 10:15:00.265, 2910 MHz, 13801 MHz, 0x0000000000000000, 360.89 W, 95 %
2026/09/30 10:15:00.773, 2910 MHz, 13801 MHz, 0x0000000000000000, 360.89 W, 95 %
2026/09/30 10:15:01.280, 2895 MHz, 13801 MHz, 0x0000000000000000, 360.48 W, 94 %
2026/09/30 10:15:01.785, 2910 MHz, 13801 MHz, 0x0000000000000000, 361.78 W, 94 %
2026/09/30 10:15:02.293, 2910 MHz, 13801 MHz, 0x0000000000000000, 363.34 W, 94 %
2026/09/30 10:15:02.799, 2895 MHz, 13801 MHz, 0x0000000000000000, 358.61 W, 49 %
2026/09/30 10:15:03.305, 2910 MHz, 13801 MHz, 0x0000000000000000, 357.90 W, 95 %
2026/09/30 10:15:03.812, 2910 MHz, 13801 MHz, 0x0000000000000000, 362.85 W, 94 %
2026/09/30 10:15:04.319, 2910 MHz, 13801 MHz, 0x0000000000000000, 363.12 W, 95 %
2026/09/30 10:15:04.823, 2910 MHz, 13801 MHz, 0x0000000000000000, 359.46 W, 95 %
2026/09/30 10:15:05.329, 2910 MHz, 13801 MHz, 0x0000000000000000, 359.78 W, 95 %
2026/09/30 10:15:05.833, 2910 MHz, 13801 MHz, 0x0000000000000000, 364.05 W, 94 %
2026/09/30 10:15:06.340, 2880 MHz, 13801 MHz, 0x0000000000000000, 361.24 W, 80 %
2026/09/30 10:15:06.844, 2910 MHz, 13801 MHz, 0x0000000000000000, 361.80 W, 95 %
2026/09/30 10:15:07.350, 2910 MHz, 13801 MHz, 0x0000000000000000, 364.92 W, 95 %
2026/09/30 10:15:07.857, 2910 MHz, 13801 MHz, 0x0000000000000000, 361.30 W, 67 %
2026/09/30 10:15:08.364, 2910 MHz, 13801 MHz, 0x0000000000000000, 359.46 W, 94 %
2026/09/30 10:15:08.870, 2910 MHz, 13801 MHz, 0x0000000000000000, 360.04 W, 95 %
2026/09/30 10:15:09.375, 2910 MHz, 13801 MHz, 0x0000000000000000, 364.56 W, 94 %
2026/09/30 10:15:09.882, 2902 MHz, 13801 MHz, 0x0000000000000000, 360.83 W, 43 %
2026/09/30 10:15:10.390, 2910 MHz, 13801 MHz, 0x0000000000000000, 358.68 W, 95 %
2026/09/30 10:15:10.894, 2910 MHz, 13801 MHz, 0x0000000000000000, 358.86 W, 94 %
2026/09/30 10:15:11.400, 2910 MHz, 13801 MHz, 0x0000000000000000, 365.74 W, 95 %
2026/09/30 10:15:11.908, 2910 MHz, 13801 MHz, 0x0000000000000000, 363.69 W, 81 %
2026/09/30 10:15:12.415, 2910 MHz, 13801 MHz, 0x0000000000000000, 359.34 W, 94 %
2026/09/30 10:15:12.919, 2910 MHz, 13801 MHz, 0x0000000000000000, 361.65 W, 95 %
2026/09/30 10:15:13.424, 2910 MHz, 13801 MHz, 0x0000000000000000, 366.78 W, 94 %
2026/09/30 10:15:13.930, 2910 MHz, 13801 MHz, 0x0000000000000000, 358.88 W, 94 %
2026/09/30 10:15:14.435, 2910 MHz, 13801 MHz, 0x0000000000000000, 358.89 W, 95 %
2026/09/30 10:15:14.944, 2910 MHz, 13801 MHz, 0x0000000000000000, 366.20 W, 95 %
2026/09/30 10:15:15.449, 2887 MHz, 13801 MHz, 0x0000000000000000, 356.92 W, 69 %
2026/09/30 10:15:15.957, 2910 MHz, 13801 MHz, 0x0000000000000000, 358.11 W, 95 %
2026/09/30 10:15:16.467, 2910 MHz, 13801 MHz, 0x0000000000000000, 362.84 W, 94 %
2026/09/30 10:15:16.978, 2910 MHz, 13801 MHz, 0x0000000000000000, 366.97 W, 94 %
2026/09/30 10:15:17.484, 2910 MHz, 13801 MHz, 0x0000000000000000, 362.86 W, 94 %
2026/09/30 10:15:17.991, 2910 MHz, 13801 MHz, 0x0000000000000000, 364.34 W, 94 %
2026/09/30 10:15:18.497, 2910 MHz, 13801 MHz, 0x0000000000000000, 368.77 W, 94 %
2026/09/30 10:15:19.008, 2910 MHz, 13801 MHz, 0x0000000000000000, 353.46 W, 94 %
2026/09/30 10:15:19.514, 2910 MHz, 13801 MHz, 0x0000000000000000, 352.05 W, 94 %
2026/09/30 10:15:20.024, 2910 MHz, 13801 MHz, 0x0000000000000000, 368.65 W, 95 %
2026/09/30 10:15:20.531, 2895 MHz, 13801 MHz, 0x0000000000000000, 362.02 W, 47 %
2026/09/30 10:15:21.038, 2910 MHz, 13801 MHz, 0x0000000000000000, 361.19 W, 95 %
2026/09/30 10:15:21.545, 2910 MHz, 13801 MHz, 0x0000000000000000, 365.14 W, 94 %
2026/09/30 10:15:22.051, 2910 MHz, 13801 MHz, 0x0000000000000000, 363.11 W, 75 %
2026/09/30 10:15:22.558, 2895 MHz, 13801 MHz, 0x0000000000000000, 338.68 W, 94 %
2026/09/30 10:15:23.065, 2910 MHz, 13801 MHz, 0x0000000000000000, 339.01 W, 94 %
2026/09/30 10:15:23.572, 2910 MHz, 13801 MHz, 0x0000000000000000, 369.07 W, 95 %
2026/09/30 10:15:24.079, 2880 MHz, 13801 MHz, 0x0000000000000000, 358.67 W, 91 %
2026/09/30 10:15:24.584, 2910 MHz, 13801 MHz, 0x0000000000000000, 358.69 W, 94 %
2026/09/30 10:15:25.091, 2910 MHz, 13801 MHz, 0x0000000000000000, 369.05 W, 89 %
2026/09/30 10:15:25.598, 2910 MHz, 13801 MHz, 0x0000000000000000, 360.88 W, 95 %
2026/09/30 10:15:26.105, 2910 MHz, 13801 MHz, 0x0000000000000000, 360.82 W, 95 %
2026/09/30 10:15:26.614, 2902 MHz, 13801 MHz, 0x0000000000000000, 363.54 W, 40 %
2026/09/30 10:15:27.123, 2910 MHz, 13801 MHz, 0x0000000000000000, 364.73 W, 95 %
2026/09/30 10:15:27.632, 2910 MHz, 13801 MHz, 0x0000000000000000, 364.96 W, 95 %
2026/09/30 10:15:28.141, 2910 MHz, 13801 MHz, 0x0000000000000000, 370.33 W, 95 %
2026/09/30 10:15:28.646, 2887 MHz, 13801 MHz, 0x0000000000000000, 363.72 W, 71 %
2026/09/30 10:15:29.157, 2910 MHz, 13801 MHz, 0x0000000000000000, 363.27 W, 94 %
2026/09/30 10:15:29.665, 2910 MHz, 13801 MHz, 0x0000000000000000, 370.60 W, 95 %
2026/09/30 10:15:30.176, 2910 MHz, 13801 MHz, 0x0000000000000000, 370.31 W, 94 %
2026/09/30 10:15:30.687, 2910 MHz, 13801 MHz, 0x0000000000000000, 363.15 W, 94 %
2026/09/30 10:15:31.195, 2910 MHz, 13801 MHz, 0x0000000000000000, 362.98 W, 94 %
2026/09/30 10:15:31.700, 2910 MHz, 13801 MHz, 0x0000000000000000, 369.64 W, 95 %
2026/09/30 10:15:32.206, 2895 MHz, 13801 MHz, 0x0000000000000000, 364.43 W, 51 %
2026/09/30 10:15:32.713, 2910 MHz, 13801 MHz, 0x0000000000000000, 363.88 W, 94 %
2026/09/30 10:15:33.220, 2910 MHz, 13801 MHz, 0x0000000000000000, 369.15 W, 94 %
2026/09/30 10:15:33.728, 2902 MHz, 13801 MHz, 0x0000000000000000, 366.78 W, 46 %
2026/09/30 10:15:34.235, 2910 MHz, 13801 MHz, 0x0000000000000000, 365.68 W, 94 %
2026/09/30 10:15:34.741, 2910 MHz, 13801 MHz, 0x0000000000000000, 365.40 W, 94 %
2026/09/30 10:15:35.249, 2910 MHz, 13801 MHz, 0x0000000000000000, 369.88 W, 94 %
2026/09/30 10:15:35.757, 2910 MHz, 13801 MHz, 0x0000000000000000, 364.64 W, 67 %
2026/09/30 10:15:36.261, 2910 MHz, 13801 MHz, 0x0000000000000000, 359.96 W, 95 %
2026/09/30 10:15:36.770, 2910 MHz, 13801 MHz, 0x0000000000000000, 360.58 W, 95 %
2026/09/30 10:15:37.276, 2902 MHz, 13801 MHz, 0x0000000000000000, 367.20 W, 44 %
2026/09/30 10:15:37.781, 2910 MHz, 13801 MHz, 0x0000000000000000, 361.09 W, 95 %
2026/09/30 10:15:38.289, 2910 MHz, 13801 MHz, 0x0000000000000000, 365.09 W, 94 %
2026/09/30 10:15:38.798, 2910 MHz, 13801 MHz, 0x0000000000000000, 370.78 W, 95 %
2026/09/30 10:15:39.303, 2902 MHz, 13801 MHz, 0x0000000000000000, 362.63 W, 93 %
2026/09/30 10:15:39.809, 2910 MHz, 13801 MHz, 0x0000000000000000, 362.72 W, 95 %
2026/09/30 10:15:40.315, 2910 MHz, 13801 MHz, 0x0000000000000000, 370.64 W, 95 %
2026/09/30 10:15:40.823, 2910 MHz, 13801 MHz, 0x0000000000000000, 365.50 W, 58 %
2026/09/30 10:15:41.332, 2910 MHz, 13801 MHz, 0x0000000000000000, 361.07 W, 95 %
2026/09/30 10:15:41.836, 2910 MHz, 13801 MHz, 0x0000000000000000, 361.88 W, 94 %
2026/09/30 10:15:42.346, 2910 MHz, 13801 MHz, 0x0000000000000000, 371.54 W, 95 %
2026/09/30 10:15:42.849, 2902 MHz, 13801 MHz, 0x0000000000000000, 364.05 W, 95 %
2026/09/30 10:15:43.354, 2910 MHz, 13801 MHz, 0x0000000000000000, 364.68 W, 93 %
2026/09/30 10:15:43.861, 2910 MHz, 13801 MHz, 0x0000000000000000, 371.20 W, 95 %
2026/09/30 10:15:44.371, 2902 MHz, 13801 MHz, 0x0000000000000000, 368.20 W, 52 %
2026/09/30 10:15:44.878, 2910 MHz, 13801 MHz, 0x0000000000000000, 359.22 W, 95 %
2026/09/30 10:15:45.382, 2910 MHz, 13801 MHz, 0x0000000000000000, 360.45 W, 94 %
2026/09/30 10:15:45.887, 2910 MHz, 13801 MHz, 0x0000000000000000, 370.91 W, 95 %
2026/09/30 10:15:46.397, 2880 MHz, 13801 MHz, 0x0000000000000000, 365.95 W, 83 %
2026/09/30 10:15:46.904, 2910 MHz, 13801 MHz, 0x0000000000000000, 366.17 W, 95 %
2026/09/30 10:15:47.410, 2910 MHz, 13801 MHz, 0x0000000000000000, 371.48 W, 94 %
2026/09/30 10:15:47.917, 2910 MHz, 13801 MHz, 0x0000000000000000, 370.77 W, 94 %
2026/09/30 10:15:48.423, 2887 MHz, 13801 MHz, 0x0000000000000000, 360.46 W, 59 %
2026/09/30 10:15:48.931, 2910 MHz, 13801 MHz, 0x0000000000000000, 361.15 W, 94 %
2026/09/30 10:15:49.437, 2910 MHz, 13801 MHz, 0x0000000000000000, 369.02 W, 94 %
2026/09/30 10:15:49.945, 2910 MHz, 13801 MHz, 0x0000000000000000, 372.41 W, 94 %
2026/09/30 10:15:50.453, 2895 MHz, 13801 MHz, 0x0000000000000000, 368.96 W, 54 %
2026/09/30 10:15:50.958, 2910 MHz, 13801 MHz, 0x0000000000000000, 367.47 W, 93 %
2026/09/30 10:15:51.465, 2910 MHz, 13801 MHz, 0x0000000000000000, 372.05 W, 94 %
2026/09/30 10:15:51.973, 2910 MHz, 13801 MHz, 0x0000000000000000, 368.30 W, 71 %
2026/09/30 10:15:52.481, 2902 MHz, 13801 MHz, 0x0000000000000000, 368.98 W, 95 %
2026/09/30 10:15:52.986, 2895 MHz, 13801 MHz, 0x0000000000000000, 368.62 W, 94 %
2026/09/30 10:15:53.495, 2895 MHz, 13801 MHz, 0x0000000000000000, 371.98 W, 95 %
2026/09/30 10:15:54.003, 2887 MHz, 13801 MHz, 0x0000000000000000, 365.77 W, 95 %
2026/09/30 10:15:54.509, 2910 MHz, 13801 MHz, 0x0000000000000000, 365.62 W, 94 %
2026/09/30 10:15:55.016, 2910 MHz, 13801 MHz, 0x0000000000000000, 372.50 W, 94 %
2026/09/30 10:15:55.522, 2910 MHz, 13801 MHz, 0x0000000000000000, 372.81 W, 91 %
2026/09/30 10:15:56.028, 2910 MHz, 13801 MHz, 0x0000000000000000, 370.56 W, 94 %
2026/09/30 10:15:56.533, 2910 MHz, 13801 MHz, 0x0000000000000000, 370.30 W, 94 %
2026/09/30 10:15:57.043, 2910 MHz, 13801 MHz, 0x0000000000000000, 372.04 W, 94 %
2026/09/30 10:15:57.549, 2895 MHz, 13801 MHz, 0x0000000000000000, 368.54 W, 53 %
2026/09/30 10:15:58.052, 2910 MHz, 13801 MHz, 0x0000000000000000, 363.85 W, 94 %
2026/09/30 10:15:58.559, 2910 MHz, 13801 MHz, 0x0000000000000000, 368.05 W, 94 %
2026/09/30 10:15:59.067, 2910 MHz, 13801 MHz, 0x0000000000000000, 372.22 W, 94 %
2026/09/30 10:15:59.573, 2887 MHz, 13801 MHz, 0x0000000000000000, 366.75 W, 54 %
2026/09/30 10:16:00.078, 2902 MHz, 13801 MHz, 0x0000000000000000, 367.24 W, 94 %
2026/09/30 10:16:00.586, 2895 MHz, 13801 MHz, 0x0000000000000000, 370.62 W, 95 %
2026/09/30 10:16:01.095, 2910 MHz, 13801 MHz, 0x0000000000000000, 368.20 W, 94 %
2026/09/30 10:16:01.604, 2910 MHz, 13801 MHz, 0x0000000000000000, 368.46 W, 95 %
2026/09/30 10:16:02.110, 2910 MHz, 13801 MHz, 0x0000000000000000, 372.53 W, 95 %
2026/09/30 10:16:02.619, 2880 MHz, 13801 MHz, 0x0000000000000000, 364.70 W, 94 %
2026/09/30 10:16:03.124, 2910 MHz, 13801 MHz, 0x0000000000000000, 364.66 W, 95 %
2026/09/30 10:16:03.631, 2910 MHz, 13801 MHz, 0x0000000000000000, 372.42 W, 95 %
2026/09/30 10:16:04.141, 2910 MHz, 13801 MHz, 0x0000000000000000, 367.81 W, 59 %
2026/09/30 10:16:04.648, 2902 MHz, 13801 MHz, 0x0000000000000000, 365.53 W, 95 %
2026/09/30 10:16:05.152, 2895 MHz, 13801 MHz, 0x0000000000000000, 365.37 W, 94 %
2026/09/30 10:16:05.660, 2895 MHz, 13801 MHz, 0x0000000000000000, 371.27 W, 86 %
2026/09/30 10:16:06.169, 2910 MHz, 13801 MHz, 0x0000000000000000, 364.26 W, 93 %
2026/09/30 10:16:06.676, 2910 MHz, 13801 MHz, 0x0000000000000000, 364.48 W, 94 %
2026/09/30 10:16:07.185, 2910 MHz, 13801 MHz, 0x0000000000000000, 371.35 W, 94 %
2026/09/30 10:16:07.693, 2880 MHz, 13801 MHz, 0x0000000000000000, 365.56 W, 94 %
2026/09/30 10:16:08.199, 2895 MHz, 13801 MHz, 0x0000000000000000, 365.59 W, 95 %
2026/09/30 10:16:08.707, 2895 MHz, 13801 MHz, 0x0000000000000000, 372.45 W, 94 %
2026/09/30 10:16:09.214, 2895 MHz, 13801 MHz, 0x0000000000000000, 369.24 W, 54 %
2026/09/30 10:16:09.722, 2910 MHz, 13801 MHz, 0x0000000000000000, 368.64 W, 95 %
2026/09/30 10:16:10.229, 2910 MHz, 13801 MHz, 0x0000000000000000, 371.80 W, 93 %
2026/09/30 10:16:10.736, 2910 MHz, 13801 MHz, 0x0000000000000000, 372.12 W, 94 %
2026/09/30 10:16:11.244, 2872 MHz, 13801 MHz, 0x0000000000000000, 365.92 W, 95 %
2026/09/30 10:16:11.751, 2895 MHz, 13801 MHz, 0x0000000000000000, 366.45 W, 95 %
2026/09/30 10:16:12.258, 2895 MHz, 13801 MHz, 0x0000000000000000, 372.34 W, 95 %
2026/09/30 10:16:12.765, 2895 MHz, 13801 MHz, 0x0000000000000000, 371.89 W, 94 %
2026/09/30 10:16:13.274, 2902 MHz, 13801 MHz, 0x0000000000000000, 366.81 W, 95 %
2026/09/30 10:16:13.781, 2910 MHz, 13801 MHz, 0x0000000000000000, 367.60 W, 94 %
2026/09/30 10:16:14.291, 2910 MHz, 13801 MHz, 0x0000000000000000, 373.60 W, 95 %
2026/09/30 10:16:14.796, 2910 MHz, 13801 MHz, 0x0000000000000000, 361.82 W, 95 %
2026/09/30 10:16:15.304, 2910 MHz, 13801 MHz, 0x0000000000000000, 362.08 W, 95 %
2026/09/30 10:16:15.811, 2910 MHz, 13801 MHz, 0x0000000000000000, 372.85 W, 95 %
2026/09/30 10:16:16.318, 2910 MHz, 13801 MHz, 0x0000000000000000, 373.40 W, 95 %
2026/09/30 10:16:16.825, 2895 MHz, 13801 MHz, 0x0000000000000000, 362.91 W, 94 %
2026/09/30 10:16:17.331, 2910 MHz, 13801 MHz, 0x0000000000000000, 363.99 W, 95 %
2026/09/30 10:16:17.837, 2910 MHz, 13801 MHz, 0x0000000000000000, 373.26 W, 95 %
2026/09/30 10:16:18.344, 2910 MHz, 13801 MHz, 0x0000000000000000, 369.00 W, 56 %
2026/09/30 10:16:18.851, 2910 MHz, 13801 MHz, 0x0000000000000000, 369.91 W, 95 %
2026/09/30 10:16:19.355, 2910 MHz, 13801 MHz, 0x0000000000000000, 370.23 W, 95 %
2026/09/30 10:16:19.863, 2895 MHz, 13801 MHz, 0x0000000000000000, 365.65 W, 44 %
2026/09/30 10:16:20.369, 2910 MHz, 13801 MHz, 0x0000000000000000, 362.26 W, 93 %
2026/09/30 10:16:20.877, 2910 MHz, 13801 MHz, 0x0000000000000000, 366.43 W, 94 %
2026/09/30 10:16:21.384, 2910 MHz, 13801 MHz, 0x0000000000000000, 371.29 W, 94 %
2026/09/30 10:16:21.892, 2880 MHz, 13801 MHz, 0x0000000000000000, 364.78 W, 89 %
2026/09/30 10:16:22.398, 2910 MHz, 13801 MHz, 0x0000000000000000, 363.76 W, 94 %
2026/09/30 10:16:22.905, 2910 MHz, 13801 MHz, 0x0000000000000000, 369.90 W, 91 %
2026/09/30 10:16:23.413, 2902 MHz, 13801 MHz, 0x0000000000000000, 368.13 W, 43 %
2026/09/30 10:16:23.920, 2910 MHz, 13801 MHz, 0x0000000000000000, 366.03 W, 95 %
2026/09/30 10:16:24.426, 2910 MHz, 13801 MHz, 0x0000000000000000, 367.01 W, 95 %
2026/09/30 10:16:24.937, 2895 MHz, 13801 MHz, 0x0000000000000000, 368.96 W, 51 %
2026/09/30 10:16:25.442, 2910 MHz, 13801 MHz, 0x0000000000000000, 367.60 W, 94 %
2026/09/30 10:16:25.948, 2910 MHz, 13801 MHz, 0x0000000000000000, 372.98 W, 95 %
2026/09/30 10:16:26.456, 2895 MHz, 13801 MHz, 0x0000000000000000, 365.75 W, 42 %
2026/09/30 10:16:26.963, 2910 MHz, 13801 MHz, 0x0000000000000000, 363.83 W, 95 %
2026/09/30 10:16:27.471, 2910 MHz, 13801 MHz, 0x0000000000000000, 371.37 W, 94 %
2026/09/30 10:16:27.981, 2910 MHz, 13801 MHz, 0x0000000000000000, 373.62 W, 95 %
2026/09/30 10:16:28.486, 2902 MHz, 13801 MHz, 0x0000000000000000, 362.79 W, 95 %
2026/09/30 10:16:28.992, 2910 MHz, 13801 MHz, 0x0000000000000000, 363.89 W, 95 %
2026/09/30 10:16:29.499, 2910 MHz, 13801 MHz, 0x0000000000000000, 373.83 W, 95 %
2026/09/30 10:16:30.009, 2887 MHz, 13801 MHz, 0x0000000000000000, 362.85 W, 51 %
2026/09/30 10:16:30.518, 2910 MHz, 13801 MHz, 0x0000000000000000, 362.51 W, 95 %
2026/09/30 10:16:31.025, 2910 MHz, 13801 MHz, 0x0000000000000000, 373.52 W, 95 %
2026/09/30 10:16:31.532, 2910 MHz, 13801 MHz, 0x0000000000000000, 369.66 W, 68 %
2026/09/30 10:16:32.038, 2910 MHz, 13801 MHz, 0x0000000000000000, 367.03 W, 95 %
2026/09/30 10:16:32.547, 2910 MHz, 13801 MHz, 0x0000000000000000, 371.18 W, 94 %
2026/09/30 10:16:33.056, 2910 MHz, 13801 MHz, 0x0000000000000000, 373.00 W, 94 %
2026/09/30 10:16:33.566, 2902 MHz, 13801 MHz, 0x0000000000000000, 361.39 W, 40 %
2026/09/30 10:16:34.072, 2910 MHz, 13801 MHz, 0x0000000000000000, 357.28 W, 91 %
2026/09/30 10:16:34.579, 2910 MHz, 13801 MHz, 0x0000000000000000, 361.11 W, 94 %
2026/09/30 10:16:35.089, 2910 MHz, 13801 MHz, 0x0000000000000000, 373.35 W, 95 %
2026/09/30 10:16:35.596, 2887 MHz, 13801 MHz, 0x0000000000000000, 359.02 W, 94 %
2026/09/30 10:16:36.107, 2910 MHz, 13801 MHz, 0x0000000000000000, 373.69 W, 94 %
2026/09/30 10:16:36.615, 2910 MHz, 13801 MHz, 0x0000000000000000, 368.48 W, 73 %
2026/09/30 10:16:37.127, 2902 MHz, 13801 MHz, 0x0000000000000000, 369.42 W, 95 %
2026/09/30 10:16:37.635, 2895 MHz, 13801 MHz, 0x0000000000000000, 370.07 W, 94 %
2026/09/30 10:16:38.142, 2895 MHz, 13801 MHz, 0x0000000000000000, 374.15 W, 95 %
2026/09/30 10:16:38.648, 2872 MHz, 13801 MHz, 0x0000000000000000, 366.20 W, 94 %
2026/09/30 10:16:39.154, 2902 MHz, 13801 MHz, 0x0000000000000000, 364.93 W, 94 %
2026/09/30 10:16:39.659, 2902 MHz, 13801 MHz, 0x0000000000000000, 373.44 W, 94 %
2026/09/30 10:16:40.167, 2902 MHz, 13801 MHz, 0x0000000000000000, 373.90 W, 94 %
2026/09/30 10:16:40.674, 2872 MHz, 13801 MHz, 0x0000000000000000, 366.14 W, 77 %
2026/09/30 10:16:41.181, 2895 MHz, 13801 MHz, 0x0000000000000000, 366.64 W, 95 %
2026/09/30 10:16:41.689, 2902 MHz, 13801 MHz, 0x0000000000000000, 371.92 W, 94 %
2026/09/30 10:16:42.197, 2902 MHz, 13801 MHz, 0x0000000000000000, 371.21 W, 83 %
2026/09/30 10:16:42.705, 2902 MHz, 13801 MHz, 0x0000000000000000, 366.41 W, 94 %
2026/09/30 10:16:43.212, 2902 MHz, 13801 MHz, 0x0000000000000000, 367.41 W, 95 %
2026/09/30 10:16:43.719, 2902 MHz, 13801 MHz, 0x0000000000000000, 373.62 W, 95 %
2026/09/30 10:16:44.228, 2902 MHz, 13801 MHz, 0x0000000000000000, 369.39 W, 76 %
2026/09/30 10:16:44.739, 2902 MHz, 13801 MHz, 0x0000000000000000, 367.62 W, 95 %
2026/09/30 10:16:45.246, 2902 MHz, 13801 MHz, 0x0000000000000000, 368.16 W, 94 %
2026/09/30 10:16:45.754, 2902 MHz, 13801 MHz, 0x0000000000000000, 373.78 W, 95 %
2026/09/30 10:16:46.263, 2872 MHz, 13801 MHz, 0x0000000000000000, 358.90 W, 95 %
2026/09/30 10:16:46.772, 2902 MHz, 13801 MHz, 0x0000000000000000, 360.96 W, 95 %
2026/09/30 10:16:47.281, 2895 MHz, 13801 MHz, 0x0000000000000000, 374.36 W, 95 %
2026/09/30 10:16:47.793, 2925 MHz, 13801 MHz, 0x0000000000000000, 257.79 W, 0 %
2026/09/30 10:16:48.305, 2925 MHz, 13801 MHz, 0x0000000000000000, 142.76 W, 0 %
2026/09/30 10:16:48.819, 2925 MHz, 13801 MHz, 0x0000000000000000, 97.56 W, 0 %
2026/09/30 10:16:49.319, 1605 MHz, 13801 MHz, 0x0000000000000000, 87.97 W, 0 %
2026/09/30 10:16:49.834, 660 MHz, 13801 MHz, 0x0000000000000000, 63.26 W, 0 %
2026/09/30 10:16:50.346, 517 MHz, 810 MHz, 0x0000000000000000, 40.18 W, 0 %
2026/09/30 10:16:50.847, 397 MHz, 810 MHz, 0x0000000000000000, 27.48 W, 0 %
2026/09/30 10:16:51.363, 300 MHz, 810 MHz, 0x0000000000000000, 21.07 W, 0 %
2026/09/30 10:16:51.866, 225 MHz, 405 MHz, 0x0000000000000000, 17.90 W, 0 %
2026/09/30 10:16:52.380, 180 MHz, 405 MHz, 0x0000000000000000, 17.39 W, 0 %
2026/09/30 10:16:52.891, 180 MHz, 405 MHz, 0x0000000000000000, 16.82 W, 0 %
2026/09/30 10:16:53.405, 180 MHz, 405 MHz, 0x0000000000000000, 16.56 W, 0 %
2026/09/30 10:16:53.919, 180 MHz, 405 MHz, 0x0000000000000000, 16.66 W, 0 %
2026/09/30 10:16:54.420, 180 MHz, 405 MHz, 0x0000000000000000, 16.68 W, 0 %
2026/09/30 10:16:54.935, 180 MHz, 405 MHz, 0x0000000000000000, 16.25 W, 0 %
2026/09/30 10:16:55.446, 180 MHz, 405 MHz, 0x0000000000000000, 16.12 W, 0 %
2026/09/30 10:16:55.960, 195 MHz, 405 MHz, 0x0000000000000000, 16.23 W, 0 %
2026/09/30 10:16:56.474, 180 MHz, 405 MHz, 0x0000000000000000, 16.04 W, 0 %
2026/09/30 10:16:56.977, 187 MHz, 405 MHz, 0x0000000000000000, 16.12 W, 0 %
2026/09/30 10:16:57.490, 180 MHz, 405 MHz, 0x0000000000000000, 16.22 W, 0 %
2026/09/30 10:16:58.004, 195 MHz, 405 MHz, 0x0000000000000000, 15.88 W, 0 %
2026/09/30 10:16:58.520, 180 MHz, 405 MHz, 0x0000000000000000, 15.88 W, 0 %
2026/09/30 10:16:59.033, 195 MHz, 405 MHz, 0x0000000000000000, 15.88 W, 0 %
2026/09/30 10:16:59.548, 180 MHz, 405 MHz, 0x0000000000000000, 15.85 W, 0 %
2026/09/30 10:17:00.051, 195 MHz, 405 MHz, 0x0000000000000000, 15.85 W, 0 %
2026/09/30 10:17:00.566, 180 MHz, 405 MHz, 0x0000000000000000, 15.95 W, 0 %
2026/09/30 10:17:01.081, 187 MHz, 405 MHz, 0x0000000000000000, 15.67 W, 0 %
2026/09/30 10:17:01.597, 172 MHz, 405 MHz, 0x0000000000000000, 15.36 W, 0 %
2026/09/30 10:17:02.111, 180 MHz, 405 MHz, 0x0000000000000000, 15.11 W, 0 %
2026/09/30 10:17:02.612, 187 MHz, 405 MHz, 0x0000000000000000, 15.52 W, 0 %
2026/09/30 10:17:03.114, 180 MHz, 405 MHz, 0x0000000000000000, 15.56 W, 0 %
2026/09/30 10:17:03.629, 187 MHz, 405 MHz, 0x0000000000000000, 15.32 W, 0 %
2026/09/30 10:17:04.143, 180 MHz, 405 MHz, 0x0000000000000000, 14.94 W, 0 %
2026/09/30 10:17:04.656, 195 MHz, 405 MHz, 0x0000000000000000, 14.87 W, 0 %
2026/09/30 10:17:05.167, 180 MHz, 405 MHz, 0x0000000000000000, 15.01 W, 0 %
2026/09/30 10:17:05.678, 187 MHz, 405 MHz, 0x0000000000000000, 14.95 W, 0 %
2026/09/30 10:17:06.179, 180 MHz, 405 MHz, 0x0000000000000000, 14.82 W, 0 %
2026/09/30 10:17:06.692, 187 MHz, 405 MHz, 0x0000000000000000, 14.53 W, 0 %
2026/09/30 10:17:07.208, 180 MHz, 405 MHz, 0x0000000000000000, 14.23 W, 0 %
2026/09/30 10:17:07.721, 195 MHz, 405 MHz, 0x0000000000000000, 14.30 W, 0 %
2026/09/30 10:17:08.236, 180 MHz, 405 MHz, 0x0000000000000000, 14.52 W, 0 %
2026/09/30 10:17:08.749, 187 MHz, 405 MHz, 0x0000000000000000, 14.40 W, 0 %
2026/09/30 10:17:09.250, 180 MHz, 405 MHz, 0x0000000000000000, 14.49 W, 0 %
2026/09/30 10:17:09.765, 187 MHz, 405 MHz, 0x0000000000000000, 14.25 W, 0 %
2026/09/30 10:17:10.276, 180 MHz, 405 MHz, 0x0000000000000000, 13.97 W, 0 %
2026/09/30 10:17:10.778, 187 MHz, 405 MHz, 0x0000000000000000, 14.08 W, 0 %
2026/09/30 10:17:11.294, 180 MHz, 405 MHz, 0x0000000000000000, 14.12 W, 0 %
2026/09/30 10:17:11.795, 195 MHz, 405 MHz, 0x0000000000000000, 14.23 W, 0 %
2026/09/30 10:17:12.309, 180 MHz, 405 MHz, 0x0000000000000000, 14.43 W, 0 %
2026/09/30 10:17:12.820, 195 MHz, 405 MHz, 0x0000000000000000, 14.05 W, 0 %
2026/09/30 10:17:13.336, 180 MHz, 405 MHz, 0x0000000000000000, 13.70 W, 0 %
2026/09/30 10:17:13.849, 195 MHz, 405 MHz, 0x0000000000000000, 13.82 W, 0 %
2026/09/30 10:17:14.364, 180 MHz, 405 MHz, 0x0000000000000000, 13.86 W, 0 %
2026/09/30 10:17:14.864, 195 MHz, 405 MHz, 0x0000000000000000, 13.76 W, 0 %
2026/09/30 10:17:15.377, 172 MHz, 405 MHz, 0x0000000000000000, 13.79 W, 0 %
2026/09/30 10:17:15.877, 187 MHz, 405 MHz, 0x0000000000000000, 13.52 W, 0 %
2026/09/30 10:17:16.390, 180 MHz, 405 MHz, 0x0000000000000000, 13.43 W, 0 %
2026/09/30 10:17:16.892, 187 MHz, 405 MHz, 0x0000000000000000, 13.48 W, 0 %
2026/09/30 10:17:17.407, 180 MHz, 405 MHz, 0x0000000000000000, 13.39 W, 0 %
2026/09/30 10:17:17.920, 195 MHz, 405 MHz, 0x0000000000000000, 13.39 W, 0 %
2026/09/30 10:17:18.435, 180 MHz, 405 MHz, 0x0000000000000000, 13.53 W, 0 %
2026/09/30 10:17:18.947, 187 MHz, 405 MHz, 0x0000000000000000, 13.47 W, 0 %
2026/09/30 10:17:19.463, 180 MHz, 405 MHz, 0x0000000000000000, 13.25 W, 0 %
2026/09/30 10:17:19.976, 187 MHz, 405 MHz, 0x0000000000000000, 13.20 W, 0 %
2026/09/30 10:17:20.487, 180 MHz, 405 MHz, 0x0000000000000000, 13.18 W, 0 %
2026/09/30 10:17:21.000, 1515 MHz, 405 MHz, 0x0000000000000000, 31.98 W, 100 %
2026/09/30 10:17:21.506, 2910 MHz, 13801 MHz, 0x0000000000000000, 167.01 W, 94 %
2026/09/30 10:17:22.012, 2910 MHz, 13801 MHz, 0x0000000000000000, 335.48 W, 93 %
2026/09/30 10:17:22.520, 2910 MHz, 13801 MHz, 0x0000000000000000, 358.61 W, 94 %
2026/09/30 10:17:23.025, 2887 MHz, 13801 MHz, 0x0000000000000000, 355.24 W, 86 %
2026/09/30 10:17:23.536, 2910 MHz, 13801 MHz, 0x0000000000000000, 355.42 W, 94 %
2026/09/30 10:17:24.041, 2910 MHz, 13801 MHz, 0x0000000000000000, 361.61 W, 94 %
2026/09/30 10:17:24.548, 2910 MHz, 13801 MHz, 0x0000000000000000, 362.00 W, 95 %
2026/09/30 10:17:25.054, 2910 MHz, 13801 MHz, 0x0000000000000000, 359.50 W, 95 %
2026/09/30 10:17:25.564, 2910 MHz, 13801 MHz, 0x0000000000000000, 359.65 W, 94 %
2026/09/30 10:17:26.075, 2910 MHz, 13801 MHz, 0x0000000000000000, 362.57 W, 95 %
2026/09/30 10:17:26.580, 2910 MHz, 13801 MHz, 0x0000000000000000, 359.05 W, 95 %
2026/09/30 10:17:27.083, 2910 MHz, 13801 MHz, 0x0000000000000000, 359.59 W, 95 %
2026/09/30 10:17:27.591, 2910 MHz, 13801 MHz, 0x0000000000000000, 363.50 W, 95 %
2026/09/30 10:17:28.096, 2910 MHz, 13801 MHz, 0x0000000000000000, 360.94 W, 67 %
2026/09/30 10:17:28.602, 2910 MHz, 13801 MHz, 0x0000000000000000, 360.90 W, 95 %
2026/09/30 10:17:29.105, 2910 MHz, 13801 MHz, 0x0000000000000000, 361.10 W, 95 %
2026/09/30 10:17:29.616, 2902 MHz, 13801 MHz, 0x0000000000000000, 355.93 W, 95 %
2026/09/30 10:17:30.121, 2910 MHz, 13801 MHz, 0x0000000000000000, 357.21 W, 95 %
2026/09/30 10:17:30.628, 2910 MHz, 13801 MHz, 0x0000000000000000, 363.79 W, 94 %
2026/09/30 10:17:31.134, 2887 MHz, 13801 MHz, 0x0000000000000000, 356.55 W, 81 %
2026/09/30 10:17:31.640, 2910 MHz, 13801 MHz, 0x0000000000000000, 357.72 W, 94 %
2026/09/30 10:17:32.146, 2910 MHz, 13801 MHz, 0x0000000000000000, 363.23 W, 95 %
2026/09/30 10:17:32.653, 2910 MHz, 13801 MHz, 0x0000000000000000, 360.32 W, 74 %
2026/09/30 10:17:33.159, 2910 MHz, 13801 MHz, 0x0000000000000000, 351.37 W, 94 %
2026/09/30 10:17:33.664, 2910 MHz, 13801 MHz, 0x0000000000000000, 354.51 W, 95 %
2026/09/30 10:17:34.170, 2910 MHz, 13801 MHz, 0x0000000000000000, 365.30 W, 95 %
2026/09/30 10:17:34.677, 2910 MHz, 13801 MHz, 0x0000000000000000, 360.09 W, 92 %
2026/09/30 10:17:35.186, 2910 MHz, 13801 MHz, 0x0000000000000000, 360.06 W, 95 %
2026/09/30 10:17:35.692, 2910 MHz, 13801 MHz, 0x0000000000000000, 365.58 W, 94 %
2026/09/30 10:17:36.201, 2902 MHz, 13801 MHz, 0x0000000000000000, 361.60 W, 46 %
2026/09/30 10:17:36.707, 2910 MHz, 13801 MHz, 0x0000000000000000, 362.56 W, 94 %
2026/09/30 10:17:37.213, 2910 MHz, 13801 MHz, 0x0000000000000000, 367.30 W, 95 %
2026/09/30 10:17:37.720, 2910 MHz, 13801 MHz, 0x0000000000000000, 366.31 W, 94 %
2026/09/30 10:17:38.228, 2887 MHz, 13801 MHz, 0x0000000000000000, 362.56 W, 95 %
2026/09/30 10:17:38.735, 2910 MHz, 13801 MHz, 0x0000000000000000, 363.06 W, 94 %
2026/09/30 10:17:39.241, 2910 MHz, 13801 MHz, 0x0000000000000000, 367.31 W, 95 %
2026/09/30 10:17:39.749, 2887 MHz, 13801 MHz, 0x0000000000000000, 362.94 W, 72 %
2026/09/30 10:17:40.255, 2910 MHz, 13801 MHz, 0x0000000000000000, 363.35 W, 94 %
2026/09/30 10:17:40.759, 2910 MHz, 13801 MHz, 0x0000000000000000, 367.15 W, 94 %
2026/09/30 10:17:41.268, 2910 MHz, 13801 MHz, 0x0000000000000000, 366.69 W, 94 %
2026/09/30 10:17:41.776, 2902 MHz, 13801 MHz, 0x0000000000000000, 361.79 W, 94 %
2026/09/30 10:17:42.285, 2910 MHz, 13801 MHz, 0x0000000000000000, 362.02 W, 94 %
2026/09/30 10:17:42.792, 2910 MHz, 13801 MHz, 0x0000000000000000, 367.13 W, 94 %
2026/09/30 10:17:43.298, 2880 MHz, 13801 MHz, 0x0000000000000000, 361.08 W, 88 %
2026/09/30 10:17:43.805, 2910 MHz, 13801 MHz, 0x0000000000000000, 360.74 W, 94 %
2026/09/30 10:17:44.313, 2910 MHz, 13801 MHz, 0x0000000000000000, 365.95 W, 94 %
2026/09/30 10:17:44.818, 2910 MHz, 13801 MHz, 0x0000000000000000, 366.78 W, 94 %
2026/09/30 10:17:45.326, 2887 MHz, 13801 MHz, 0x0000000000000000, 360.15 W, 94 %
2026/09/30 10:17:45.833, 2910 MHz, 13801 MHz, 0x0000000000000000, 360.74 W, 94 %
2026/09/30 10:17:46.343, 2910 MHz, 13801 MHz, 0x0000000000000000, 367.23 W, 94 %
2026/09/30 10:17:46.850, 2910 MHz, 13801 MHz, 0x0000000000000000, 367.20 W, 95 %
2026/09/30 10:17:47.359, 2887 MHz, 13801 MHz, 0x0000000000000000, 360.41 W, 63 %
2026/09/30 10:17:47.864, 2910 MHz, 13801 MHz, 0x0000000000000000, 361.80 W, 95 %
2026/09/30 10:17:48.371, 2910 MHz, 13801 MHz, 0x0000000000000000, 365.62 W, 94 %
2026/09/30 10:17:48.881, 2887 MHz, 13801 MHz, 0x0000000000000000, 360.12 W, 43 %
2026/09/30 10:17:49.390, 2910 MHz, 13801 MHz, 0x0000000000000000, 359.58 W, 94 %
2026/09/30 10:17:49.896, 2910 MHz, 13801 MHz, 0x0000000000000000, 364.82 W, 95 %
2026/09/30 10:17:50.402, 2910 MHz, 13801 MHz, 0x0000000000000000, 369.12 W, 95 %
2026/09/30 10:17:50.910, 2902 MHz, 13801 MHz, 0x0000000000000000, 350.53 W, 94 %
2026/09/30 10:17:51.414, 2910 MHz, 13801 MHz, 0x0000000000000000, 350.35 W, 94 %
2026/09/30 10:17:51.922, 2910 MHz, 13801 MHz, 0x0000000000000000, 368.60 W, 94 %
2026/09/30 10:17:52.432, 2910 MHz, 13801 MHz, 0x0000000000000000, 363.36 W, 51 %
2026/09/30 10:17:52.938, 2910 MHz, 13801 MHz, 0x0000000000000000, 362.38 W, 94 %
2026/09/30 10:17:53.445, 2910 MHz, 13801 MHz, 0x0000000000000000, 368.09 W, 94 %
2026/09/30 10:17:53.953, 2902 MHz, 13801 MHz, 0x0000000000000000, 363.64 W, 46 %
2026/09/30 10:17:54.460, 2910 MHz, 13801 MHz, 0x0000000000000000, 363.44 W, 95 %
2026/09/30 10:17:54.965, 2910 MHz, 13801 MHz, 0x0000000000000000, 365.96 W, 95 %
2026/09/30 10:17:55.472, 2910 MHz, 13801 MHz, 0x0000000000000000, 370.69 W, 95 %
2026/09/30 10:17:55.979, 2880 MHz, 13801 MHz, 0x0000000000000000, 357.33 W, 95 %
2026/09/30 10:17:56.490, 2910 MHz, 13801 MHz, 0x0000000000000000, 356.58 W, 94 %
2026/09/30 10:17:56.997, 2910 MHz, 13801 MHz, 0x0000000000000000, 370.26 W, 95 %
2026/09/30 10:17:57.505, 2910 MHz, 13801 MHz, 0x0000000000000000, 367.23 W, 49 %
2026/09/30 10:17:58.010, 2910 MHz, 13801 MHz, 0x0000000000000000, 367.35 W, 95 %
2026/09/30 10:17:58.518, 2910 MHz, 13801 MHz, 0x0000000000000000, 368.03 W, 93 %
2026/09/30 10:17:59.029, 2910 MHz, 13801 MHz, 0x0000000000000000, 365.85 W, 72 %
2026/09/30 10:17:59.536, 2910 MHz, 13801 MHz, 0x0000000000000000, 366.23 W, 95 %
2026/09/30 10:18:00.044, 2910 MHz, 13801 MHz, 0x0000000000000000, 366.18 W, 95 %
2026/09/30 10:18:00.552, 2910 MHz, 13801 MHz, 0x0000000000000000, 371.18 W, 95 %
2026/09/30 10:18:01.058, 2880 MHz, 13801 MHz, 0x0000000000000000, 363.98 W, 94 %
2026/09/30 10:18:01.565, 2910 MHz, 13801 MHz, 0x0000000000000000, 363.21 W, 94 %
2026/09/30 10:18:02.072, 2910 MHz, 13801 MHz, 0x0000000000000000, 371.30 W, 94 %
2026/09/30 10:18:02.579, 2895 MHz, 13801 MHz, 0x0000000000000000, 361.94 W, 94 %
2026/09/30 10:18:03.085, 2910 MHz, 13801 MHz, 0x0000000000000000, 362.03 W, 95 %
2026/09/30 10:18:03.591, 2910 MHz, 13801 MHz, 0x0000000000000000, 371.12 W, 94 %
2026/09/30 10:18:04.097, 2910 MHz, 13801 MHz, 0x0000000000000000, 371.04 W, 95 %
2026/09/30 10:18:04.602, 2910 MHz, 13801 MHz, 0x0000000000000000, 348.54 W, 94 %
2026/09/30 10:18:05.106, 2910 MHz, 13801 MHz, 0x0000000000000000, 348.64 W, 94 %
2026/09/30 10:18:05.617, 2887 MHz, 13801 MHz, 0x0000000000000000, 365.73 W, 58 %
2026/09/30 10:18:06.124, 2910 MHz, 13801 MHz, 0x0000000000000000, 365.74 W, 94 %
2026/09/30 10:18:06.631, 2910 MHz, 13801 MHz, 0x0000000000000000, 371.83 W, 95 %
2026/09/30 10:18:07.138, 2910 MHz, 13801 MHz, 0x0000000000000000, 371.94 W, 94 %
2026/09/30 10:18:07.647, 2887 MHz, 13801 MHz, 0x0000000000000000, 370.23 W, 95 %
2026/09/30 10:18:08.154, 2910 MHz, 13801 MHz, 0x0000000000000000, 370.67 W, 95 %
2026/09/30 10:18:08.661, 2910 MHz, 13801 MHz, 0x0000000000000000, 372.31 W, 93 %
2026/09/30 10:18:09.169, 2872 MHz, 13801 MHz, 0x0000000000000000, 368.39 W, 94 %
2026/09/30 10:18:09.675, 2910 MHz, 13801 MHz, 0x0000000000000000, 369.41 W, 95 %
2026/09/30 10:18:10.182, 2910 MHz, 13801 MHz, 0x0000000000000000, 373.84 W, 95 %
2026/09/30 10:18:10.689, 2910 MHz, 13801 MHz, 0x0000000000000000, 373.98 W, 94 %
2026/09/30 10:18:11.199, 2880 MHz, 13801 MHz, 0x0000000000000000, 366.72 W, 95 %
2026/09/30 10:18:11.706, 2910 MHz, 13801 MHz, 0x0000000000000000, 366.63 W, 94 %
2026/09/30 10:18:12.214, 2910 MHz, 13801 MHz, 0x0000000000000000, 373.45 W, 94 %
2026/09/30 10:18:12.720, 2902 MHz, 13801 MHz, 0x0000000000000000, 362.49 W, 95 %
2026/09/30 10:18:13.227, 2910 MHz, 13801 MHz, 0x0000000000000000, 361.22 W, 95 %
2026/09/30 10:18:13.735, 2910 MHz, 13801 MHz, 0x0000000000000000, 372.51 W, 95 %
2026/09/30 10:18:14.246, 2895 MHz, 13801 MHz, 0x0000000000000000, 364.99 W, 45 %
2026/09/30 10:18:14.750, 2910 MHz, 13801 MHz, 0x0000000000000000, 364.06 W, 95 %
2026/09/30 10:18:15.258, 2910 MHz, 13801 MHz, 0x0000000000000000, 368.77 W, 94 %
2026/09/30 10:18:15.763, 2910 MHz, 13801 MHz, 0x0000000000000000, 372.85 W, 93 %
2026/09/30 10:18:16.268, 2872 MHz, 13801 MHz, 0x0000000000000000, 366.66 W, 94 %
2026/09/30 10:18:16.775, 2902 MHz, 13801 MHz, 0x0000000000000000, 366.57 W, 95 %
2026/09/30 10:18:17.285, 2895 MHz, 13801 MHz, 0x0000000000000000, 372.58 W, 94 %
2026/09/30 10:18:17.793, 2880 MHz, 13801 MHz, 0x0000000000000000, 366.86 W, 47 %
2026/09/30 10:18:18.303, 2910 MHz, 13801 MHz, 0x0000000000000000, 366.13 W, 94 %
2026/09/30 10:18:18.813, 2910 MHz, 13801 MHz, 0x0000000000000000, 369.93 W, 95 %
2026/09/30 10:18:19.322, 2910 MHz, 13801 MHz, 0x0000000000000000, 373.39 W, 95 %
2026/09/30 10:18:19.830, 2895 MHz, 13801 MHz, 0x0000000000000000, 365.07 W, 95 %
2026/09/30 10:18:20.334, 2910 MHz, 13801 MHz, 0x0000000000000000, 364.98 W, 95 %
2026/09/30 10:18:20.843, 2910 MHz, 13801 MHz, 0x0000000000000000, 373.81 W, 95 %
2026/09/30 10:18:21.352, 2910 MHz, 13801 MHz, 0x0000000000000000, 368.57 W, 75 %
2026/09/30 10:18:21.860, 2902 MHz, 13801 MHz, 0x0000000000000000, 364.68 W, 87 %
2026/09/30 10:18:22.368, 2910 MHz, 13801 MHz, 0x0000000000000000, 362.68 W, 95 %
2026/09/30 10:18:22.879, 2917 MHz, 13801 MHz, 0x0000000000000000, 313.00 W, 0 %
2026/09/30 10:18:23.394, 2925 MHz, 13801 MHz, 0x0000000000000000, 192.10 W, 0 %
2026/09/30 10:18:23.907, 2925 MHz, 13801 MHz, 0x0000000000000000, 96.80 W, 0 %
2026/09/30 10:18:24.408, 2925 MHz, 13801 MHz, 0x0000000000000000, 96.23 W, 0 %
2026/09/30 10:18:24.923, 720 MHz, 7001 MHz, 0x0000000000000000, 71.38 W, 0 %
2026/09/30 10:18:25.437, 577 MHz, 7001 MHz, 0x0000000000000000, 41.86 W, 0 %
2026/09/30 10:18:25.951, 450 MHz, 7001 MHz, 0x0000000000000000, 36.96 W, 0 %
2026/09/30 10:18:26.452, 367 MHz, 7001 MHz, 0x0000000000000000, 36.67 W, 0 %
2026/09/30 10:18:26.966, 285 MHz, 7001 MHz, 0x0000000000000000, 36.52 W, 0 %
2026/09/30 10:18:27.480, 240 MHz, 7001 MHz, 0x0000000000000000, 36.45 W, 0 %
2026/09/30 10:18:27.993, 180 MHz, 7001 MHz, 0x0000000000000000, 36.45 W, 0 %
2026/09/30 10:18:28.506, 292 MHz, 810 MHz, 0x0000000000000000, 37.52 W, 0 %
2026/09/30 10:18:29.020, 180 MHz, 810 MHz, 0x0000000000000000, 30.44 W, 0 %
2026/09/30 10:18:29.534, 202 MHz, 810 MHz, 0x0000000000000000, 22.42 W, 0 %
2026/09/30 10:18:30.049, 180 MHz, 810 MHz, 0x0000000000000000, 18.01 W, 0 %
2026/09/30 10:18:30.562, 195 MHz, 405 MHz, 0x0000000000000000, 17.28 W, 0 %
2026/09/30 10:18:31.072, 217 MHz, 405 MHz, 0x0000000000000000, 16.35 W, 0 %
2026/09/30 10:18:31.583, 202 MHz, 405 MHz, 0x0000000000000000, 15.90 W, 0 %
2026/09/30 10:18:32.096, 180 MHz, 405 MHz, 0x0000000000000000, 15.73 W, 0 %
2026/09/30 10:18:32.597, 195 MHz, 405 MHz, 0x0000000000000000, 15.22 W, 0 %
2026/09/30 10:18:33.098, 180 MHz, 405 MHz, 0x0000000000000000, 15.21 W, 0 %
2026/09/30 10:18:33.613, 195 MHz, 405 MHz, 0x0000000000000000, 15.27 W, 0 %
2026/09/30 10:18:34.126, 187 MHz, 405 MHz, 0x0000000000000000, 15.06 W, 0 %
2026/09/30 10:18:34.638, 180 MHz, 405 MHz, 0x0000000000000000, 14.94 W, 0 %
2026/09/30 10:18:35.153, 187 MHz, 405 MHz, 0x0000000000000000, 15.10 W, 0 %
2026/09/30 10:18:35.668, 180 MHz, 405 MHz, 0x0000000000000000, 15.12 W, 0 %
2026/09/30 10:18:36.182, 187 MHz, 405 MHz, 0x0000000000000000, 14.79 W, 0 %
2026/09/30 10:18:36.694, 180 MHz, 405 MHz, 0x0000000000000000, 14.57 W, 0 %
2026/09/30 10:18:37.206, 195 MHz, 405 MHz, 0x0000000000000000, 14.59 W, 0 %
2026/09/30 10:18:37.721, 180 MHz, 405 MHz, 0x0000000000000000, 14.42 W, 0 %
2026/09/30 10:18:38.223, 195 MHz, 405 MHz, 0x0000000000000000, 14.59 W, 0 %
2026/09/30 10:18:38.737, 180 MHz, 405 MHz, 0x0000000000000000, 14.78 W, 0 %
2026/09/30 10:18:39.238, 180 MHz, 405 MHz, 0x0000000000000000, 14.69 W, 0 %
2026/09/30 10:18:39.753, 180 MHz, 405 MHz, 0x0000000000000000, 14.74 W, 0 %
2026/09/30 10:18:40.268, 180 MHz, 405 MHz, 0x0000000000000000, 14.80 W, 0 %
2026/09/30 10:18:40.781, 180 MHz, 405 MHz, 0x0000000000000000, 14.53 W, 0 %
2026/09/30 10:18:41.293, 180 MHz, 405 MHz, 0x0000000000000000, 14.41 W, 0 %
2026/09/30 10:18:41.794, 180 MHz, 405 MHz, 0x0000000000000000, 14.52 W, 0 %
2026/09/30 10:18:42.297, 180 MHz, 405 MHz, 0x0000000000000000, 14.48 W, 0 %
2026/09/30 10:18:42.812, 225 MHz, 405 MHz, 0x0000000000000000, 14.74 W, 1 %
2026/09/30 10:18:43.325, 180 MHz, 405 MHz, 0x0000000000000000, 14.90 W, 0 %
2026/09/30 10:18:43.839, 180 MHz, 405 MHz, 0x0000000000000000, 15.70 W, 0 %
2026/09/30 10:18:44.350, 180 MHz, 405 MHz, 0x0000000000000000, 15.28 W, 0 %
2026/09/30 10:18:44.853, 180 MHz, 405 MHz, 0x0000000000000000, 14.16 W, 0 %
2026/09/30 10:18:45.354, 180 MHz, 405 MHz, 0x0000000000000000, 14.41 W, 0 %
2026/09/30 10:18:45.866, 180 MHz, 405 MHz, 0x0000000000000000, 14.32 W, 0 %
2026/09/30 10:18:46.368, 187 MHz, 405 MHz, 0x0000000000000000, 13.98 W, 0 %
2026/09/30 10:18:46.869, 180 MHz, 405 MHz, 0x0000000000000000, 14.00 W, 0 %
2026/09/30 10:18:47.384, 180 MHz, 405 MHz, 0x0000000000000000, 13.91 W, 0 %
2026/09/30 10:18:47.898, 180 MHz, 405 MHz, 0x0000000000000000, 13.95 W, 0 %
2026/09/30 10:18:48.400, 180 MHz, 405 MHz, 0x0000000000000000, 14.03 W, 0 %
2026/09/30 10:18:48.911, 180 MHz, 405 MHz, 0x0000000000000000, 13.89 W, 0 %
2026/09/30 10:18:49.420, 180 MHz, 405 MHz, 0x0000000000000000, 13.81 W, 0 %
2026/09/30 10:18:49.932, 180 MHz, 405 MHz, 0x0000000000000000, 13.85 W, 0 %
2026/09/30 10:18:50.446, 180 MHz, 405 MHz, 0x0000000000000000, 13.70 W, 0 %
2026/09/30 10:18:50.956, 180 MHz, 405 MHz, 0x0000000000000000, 13.64 W, 0 %
2026/09/30 10:18:51.470, 180 MHz, 405 MHz, 0x0000000000000000, 13.60 W, 0 %
2026/09/30 10:18:51.981, 180 MHz, 405 MHz, 0x0000000000000000, 13.38 W, 0 %
2026/09/30 10:18:52.492, 180 MHz, 405 MHz, 0x0000000000000000, 13.20 W, 0 %
2026/09/30 10:18:53.004, 180 MHz, 405 MHz, 0x0000000000000000, 13.30 W, 0 %
2026/09/30 10:18:53.517, 180 MHz, 405 MHz, 0x0000000000000000, 13.39 W, 0 %
2026/09/30 10:18:54.027, 180 MHz, 405 MHz, 0x0000000000000000, 13.32 W, 0 %
2026/09/30 10:18:54.539, 180 MHz, 405 MHz, 0x0000000000000000, 13.40 W, 0 %
2026/09/30 10:18:55.050, 180 MHz, 405 MHz, 0x0000000000000000, 13.43 W, 0 %
2026/09/30 10:18:55.562, 180 MHz, 405 MHz, 0x0000000000000000, 13.43 W, 0 %
2026/09/30 10:18:56.074, 180 MHz, 405 MHz, 0x0000000000000000, 13.38 W, 0 %
2026/09/30 10:18:56.584, 180 MHz, 405 MHz, 0x0000000000000000, 13.25 W, 0 %
2026/09/30 10:18:57.095, 180 MHz, 405 MHz, 0x0000000000000000, 13.19 W, 0 %
2026/09/30 10:18:57.596, 180 MHz, 405 MHz, 0x0000000000000000, 13.16 W, 0 %
2026/09/30 10:18:58.096, 180 MHz, 405 MHz, 0x0000000000000000, 13.10 W, 0 %
2026/09/30 10:18:58.612, 180 MHz, 405 MHz, 0x0000000000000000, 13.13 W, 0 %
2026/09/30 10:18:59.119, 180 MHz, 405 MHz, 0x0000000000000000, 13.09 W, 0 %
2026/09/30 10:18:59.625, 1665 MHz, 13801 MHz, 0x0000000000000000, 32.45 W, 100 %
2026/09/30 10:19:00.132, 2917 MHz, 13801 MHz, 0x0000000000000000, 184.26 W, 94 %
2026/09/30 10:19:00.638, 2910 MHz, 13801 MHz, 0x0000000000000000, 352.11 W, 95 %
2026/09/30 10:19:01.145, 2910 MHz, 13801 MHz, 0x0000000000000000, 355.94 W, 94 %
2026/09/30 10:19:01.650, 2910 MHz, 13801 MHz, 0x0000000000000000, 359.16 W, 95 %
2026/09/30 10:19:02.160, 2910 MHz, 13801 MHz, 0x0000000000000000, 357.65 W, 95 %
2026/09/30 10:19:02.667, 2910 MHz, 13801 MHz, 0x0000000000000000, 354.59 W, 94 %
2026/09/30 10:19:03.174, 2910 MHz, 13801 MHz, 0x0000000000000000, 355.76 W, 95 %
2026/09/30 10:19:03.682, 2910 MHz, 13801 MHz, 0x0000000000000000, 356.11 W, 75 %
2026/09/30 10:19:04.186, 2910 MHz, 13801 MHz, 0x0000000000000000, 357.19 W, 87 %
2026/09/30 10:19:04.692, 2910 MHz, 13801 MHz, 0x0000000000000000, 357.18 W, 95 %
2026/09/30 10:19:05.198, 2910 MHz, 13801 MHz, 0x0000000000000000, 361.37 W, 95 %
2026/09/30 10:19:05.702, 2910 MHz, 13801 MHz, 0x0000000000000000, 358.52 W, 95 %
2026/09/30 10:19:06.208, 2910 MHz, 13801 MHz, 0x0000000000000000, 356.79 W, 86 %
2026/09/30 10:19:06.716, 2910 MHz, 13801 MHz, 0x0000000000000000, 359.57 W, 95 %
2026/09/30 10:19:07.226, 2910 MHz, 13801 MHz, 0x0000000000000000, 359.62 W, 95 %
2026/09/30 10:19:07.733, 2910 MHz, 13801 MHz, 0x0000000000000000, 358.69 W, 95 %
2026/09/30 10:19:08.240, 2910 MHz, 13801 MHz, 0x0000000000000000, 361.59 W, 95 %
2026/09/30 10:19:08.748, 2910 MHz, 13801 MHz, 0x0000000000000000, 360.48 W, 95 %
2026/09/30 10:19:09.258, 2910 MHz, 13801 MHz, 0x0000000000000000, 360.33 W, 95 %
2026/09/30 10:19:09.765, 2910 MHz, 13801 MHz, 0x0000000000000000, 360.25 W, 95 %
2026/09/30 10:19:10.275, 2910 MHz, 13801 MHz, 0x0000000000000000, 358.64 W, 95 %
2026/09/30 10:19:10.782, 2910 MHz, 13801 MHz, 0x0000000000000000, 359.30 W, 95 %
2026/09/30 10:19:11.290, 2910 MHz, 13801 MHz, 0x0000000000000000, 359.30 W, 80 %
2026/09/30 10:19:11.799, 2910 MHz, 13801 MHz, 0x0000000000000000, 359.70 W, 95 %
2026/09/30 10:19:12.304, 2910 MHz, 13801 MHz, 0x0000000000000000, 358.65 W, 78 %
2026/09/30 10:19:12.811, 2910 MHz, 13801 MHz, 0x0000000000000000, 361.95 W, 94 %
2026/09/30 10:19:13.319, 2910 MHz, 13801 MHz, 0x0000000000000000, 357.69 W, 94 %
2026/09/30 10:19:13.826, 2910 MHz, 13801 MHz, 0x0000000000000000, 354.79 W, 95 %
2026/09/30 10:19:14.333, 2910 MHz, 13801 MHz, 0x0000000000000000, 353.80 W, 94 %
2026/09/30 10:19:14.839, 2910 MHz, 13801 MHz, 0x0000000000000000, 355.47 W, 94 %
2026/09/30 10:19:15.344, 2910 MHz, 13801 MHz, 0x0000000000000000, 357.09 W, 74 %
2026/09/30 10:19:15.851, 2910 MHz, 13801 MHz, 0x0000000000000000, 361.42 W, 95 %
2026/09/30 10:19:16.358, 2910 MHz, 13801 MHz, 0x0000000000000000, 358.31 W, 94 %
2026/09/30 10:19:16.864, 2910 MHz, 13801 MHz, 0x0000000000000000, 358.39 W, 95 %
2026/09/30 10:19:17.369, 2910 MHz, 13801 MHz, 0x0000000000000000, 360.09 W, 95 %
2026/09/30 10:19:17.881, 2910 MHz, 13801 MHz, 0x0000000000000000, 363.21 W, 94 %
2026/09/30 10:19:18.386, 2910 MHz, 13801 MHz, 0x0000000000000000, 360.81 W, 94 %
2026/09/30 10:19:18.896, 2910 MHz, 13801 MHz, 0x0000000000000000, 355.23 W, 95 %
2026/09/30 10:19:19.401, 2910 MHz, 13801 MHz, 0x0000000000000000, 355.79 W, 94 %
2026/09/30 10:19:19.912, 2910 MHz, 13801 MHz, 0x0000000000000000, 361.92 W, 94 %
2026/09/30 10:19:20.421, 2910 MHz, 13801 MHz, 0x0000000000000000, 363.23 W, 94 %
2026/09/30 10:19:20.930, 2910 MHz, 13801 MHz, 0x0000000000000000, 359.46 W, 95 %
2026/09/30 10:19:21.440, 2910 MHz, 13801 MHz, 0x0000000000000000, 359.03 W, 95 %
2026/09/30 10:19:21.946, 2910 MHz, 13801 MHz, 0x0000000000000000, 362.32 W, 88 %
2026/09/30 10:19:22.454, 2910 MHz, 13801 MHz, 0x0000000000000000, 358.92 W, 95 %
2026/09/30 10:19:22.961, 2910 MHz, 13801 MHz, 0x0000000000000000, 359.45 W, 94 %
2026/09/30 10:19:23.467, 2910 MHz, 13801 MHz, 0x0000000000000000, 364.70 W, 95 %
2026/09/30 10:19:23.974, 2910 MHz, 13801 MHz, 0x0000000000000000, 363.88 W, 94 %
2026/09/30 10:19:24.480, 2910 MHz, 13801 MHz, 0x0000000000000000, 364.24 W, 94 %
2026/09/30 10:19:24.988, 2910 MHz, 13801 MHz, 0x0000000000000000, 361.74 W, 94 %
2026/09/30 10:19:25.492, 2910 MHz, 13801 MHz, 0x0000000000000000, 361.85 W, 95 %
2026/09/30 10:19:26.000, 2910 MHz, 13801 MHz, 0x0000000000000000, 362.30 W, 78 %
2026/09/30 10:19:26.508, 2910 MHz, 13801 MHz, 0x0000000000000000, 365.42 W, 94 %
2026/09/30 10:19:27.014, 2910 MHz, 13801 MHz, 0x0000000000000000, 364.21 W, 94 %
2026/09/30 10:19:27.520, 2910 MHz, 13801 MHz, 0x0000000000000000, 364.31 W, 94 %
2026/09/30 10:19:28.029, 2910 MHz, 13801 MHz, 0x0000000000000000, 362.61 W, 95 %
2026/09/30 10:19:28.534, 2910 MHz, 13801 MHz, 0x0000000000000000, 360.80 W, 94 %
2026/09/30 10:19:29.043, 2910 MHz, 13801 MHz, 0x0000000000000000, 359.99 W, 91 %
2026/09/30 10:19:29.549, 2910 MHz, 13801 MHz, 0x0000000000000000, 362.29 W, 94 %
2026/09/30 10:19:30.056, 2910 MHz, 13801 MHz, 0x0000000000000000, 363.49 W, 77 %
2026/09/30 10:19:30.564, 2910 MHz, 13801 MHz, 0x0000000000000000, 363.91 W, 95 %
2026/09/30 10:19:31.070, 2910 MHz, 13801 MHz, 0x0000000000000000, 362.98 W, 94 %
2026/09/30 10:19:31.576, 2910 MHz, 13801 MHz, 0x0000000000000000, 363.20 W, 95 %
2026/09/30 10:19:32.082, 2910 MHz, 13801 MHz, 0x0000000000000000, 361.97 W, 75 %
2026/09/30 10:19:32.587, 2910 MHz, 13801 MHz, 0x0000000000000000, 364.02 W, 95 %
2026/09/30 10:19:33.096, 2910 MHz, 13801 MHz, 0x0000000000000000, 364.83 W, 94 %
2026/09/30 10:19:33.603, 2910 MHz, 13801 MHz, 0x0000000000000000, 362.15 W, 94 %
2026/09/30 10:19:34.111, 2910 MHz, 13801 MHz, 0x0000000000000000, 364.44 W, 94 %
2026/09/30 10:19:34.617, 2910 MHz, 13801 MHz, 0x0000000000000000, 365.46 W, 95 %
2026/09/30 10:19:35.125, 2910 MHz, 13801 MHz, 0x0000000000000000, 359.50 W, 94 %
2026/09/30 10:19:35.632, 2910 MHz, 13801 MHz, 0x0000000000000000, 358.49 W, 94 %
2026/09/30 10:19:36.138, 2910 MHz, 13801 MHz, 0x0000000000000000, 366.51 W, 94 %
2026/09/30 10:19:36.645, 2910 MHz, 13801 MHz, 0x0000000000000000, 362.42 W, 95 %
2026/09/30 10:19:37.153, 2910 MHz, 13801 MHz, 0x0000000000000000, 360.77 W, 75 %
2026/09/30 10:19:37.659, 2910 MHz, 13801 MHz, 0x0000000000000000, 364.60 W, 95 %
2026/09/30 10:19:38.166, 2910 MHz, 13801 MHz, 0x0000000000000000, 367.54 W, 95 %
2026/09/30 10:19:38.678, 2910 MHz, 13801 MHz, 0x0000000000000000, 364.55 W, 95 %
2026/09/30 10:19:39.184, 2910 MHz, 13801 MHz, 0x0000000000000000, 364.40 W, 94 %
2026/09/30 10:19:39.691, 2910 MHz, 13801 MHz, 0x0000000000000000, 367.02 W, 95 %
2026/09/30 10:19:40.199, 2910 MHz, 13801 MHz, 0x0000000000000000, 368.12 W, 95 %
2026/09/30 10:19:40.705, 2910 MHz, 13801 MHz, 0x0000000000000000, 364.13 W, 95 %
2026/09/30 10:19:41.214, 2910 MHz, 13801 MHz, 0x0000000000000000, 367.61 W, 95 %
2026/09/30 10:19:41.722, 2910 MHz, 13801 MHz, 0x0000000000000000, 369.50 W, 95 %
2026/09/30 10:19:42.228, 2910 MHz, 13801 MHz, 0x0000000000000000, 365.37 W, 95 %
2026/09/30 10:19:42.735, 2910 MHz, 13801 MHz, 0x0000000000000000, 368.35 W, 95 %
2026/09/30 10:19:43.242, 2910 MHz, 13801 MHz, 0x0000000000000000, 368.18 W, 95 %
2026/09/30 10:19:43.750, 2910 MHz, 13801 MHz, 0x0000000000000000, 366.03 W, 95 %
2026/09/30 10:19:44.256, 2910 MHz, 13801 MHz, 0x0000000000000000, 368.52 W, 95 %
2026/09/30 10:19:44.762, 2910 MHz, 13801 MHz, 0x0000000000000000, 368.37 W, 95 %
2026/09/30 10:19:45.271, 2910 MHz, 13801 MHz, 0x0000000000000000, 365.27 W, 94 %
2026/09/30 10:19:45.778, 2910 MHz, 13801 MHz, 0x0000000000000000, 367.86 W, 95 %
2026/09/30 10:19:46.285, 2910 MHz, 13801 MHz, 0x0000000000000000, 368.06 W, 94 %
2026/09/30 10:19:46.792, 2910 MHz, 13801 MHz, 0x0000000000000000, 365.04 W, 94 %
2026/09/30 10:19:47.301, 2910 MHz, 13801 MHz, 0x0000000000000000, 366.06 W, 95 %
2026/09/30 10:19:47.806, 2910 MHz, 13801 MHz, 0x0000000000000000, 365.33 W, 94 %
2026/09/30 10:19:48.313, 2910 MHz, 13801 MHz, 0x0000000000000000, 367.74 W, 94 %
2026/09/30 10:19:48.821, 2910 MHz, 13801 MHz, 0x0000000000000000, 367.04 W, 94 %
2026/09/30 10:19:49.327, 2910 MHz, 13801 MHz, 0x0000000000000000, 363.38 W, 95 %
2026/09/30 10:19:49.835, 2910 MHz, 13801 MHz, 0x0000000000000000, 364.10 W, 95 %
2026/09/30 10:19:50.343, 2910 MHz, 13801 MHz, 0x0000000000000000, 368.43 W, 94 %
2026/09/30 10:19:50.851, 2910 MHz, 13801 MHz, 0x0000000000000000, 369.46 W, 94 %
2026/09/30 10:19:51.357, 2910 MHz, 13801 MHz, 0x0000000000000000, 365.03 W, 94 %
2026/09/30 10:19:51.865, 2910 MHz, 13801 MHz, 0x0000000000000000, 364.82 W, 77 %
2026/09/30 10:19:52.374, 2910 MHz, 13801 MHz, 0x0000000000000000, 368.01 W, 94 %
2026/09/30 10:19:52.881, 2910 MHz, 13801 MHz, 0x0000000000000000, 365.62 W, 93 %
2026/09/30 10:19:53.386, 2910 MHz, 13801 MHz, 0x0000000000000000, 368.07 W, 94 %
2026/09/30 10:19:53.895, 2910 MHz, 13801 MHz, 0x0000000000000000, 368.49 W, 95 %
2026/09/30 10:19:54.401, 2910 MHz, 13801 MHz, 0x0000000000000000, 366.36 W, 94 %
2026/09/30 10:19:54.911, 2910 MHz, 13801 MHz, 0x0000000000000000, 365.54 W, 95 %
2026/09/30 10:19:55.420, 2910 MHz, 13801 MHz, 0x0000000000000000, 365.38 W, 94 %
2026/09/30 10:19:55.927, 2910 MHz, 13801 MHz, 0x0000000000000000, 369.68 W, 95 %
2026/09/30 10:19:56.433, 2910 MHz, 13801 MHz, 0x0000000000000000, 370.15 W, 94 %
2026/09/30 10:19:56.941, 2910 MHz, 13801 MHz, 0x0000000000000000, 363.45 W, 75 %
2026/09/30 10:19:57.449, 2910 MHz, 13801 MHz, 0x0000000000000000, 364.27 W, 93 %
2026/09/30 10:19:57.956, 2910 MHz, 13801 MHz, 0x0000000000000000, 364.91 W, 95 %
2026/09/30 10:19:58.461, 2910 MHz, 13801 MHz, 0x0000000000000000, 367.22 W, 91 %
2026/09/30 10:19:58.970, 2910 MHz, 13801 MHz, 0x0000000000000000, 370.75 W, 95 %
2026/09/30 10:19:59.475, 2910 MHz, 13801 MHz, 0x0000000000000000, 369.40 W, 94 %
2026/09/30 10:19:59.986, 2910 MHz, 13801 MHz, 0x0000000000000000, 365.22 W, 93 %
2026/09/30 10:20:00.489, 2925 MHz, 13801 MHz, 0x0000000000000000, 264.36 W, 0 %
2026/09/30 10:20:01.003, 2925 MHz, 13801 MHz, 0x0000000000000000, 130.44 W, 0 %
2026/09/30 10:20:01.519, 2925 MHz, 13801 MHz, 0x0000000000000000, 96.38 W, 0 %
2026/09/30 10:20:02.033, 2422 MHz, 13801 MHz, 0x0000000000000000, 92.06 W, 0 %
2026/09/30 10:20:02.547, 540 MHz, 7001 MHz, 0x0000000000000000, 63.54 W, 0 %
2026/09/30 10:20:03.062, 427 MHz, 7001 MHz, 0x0000000000000000, 38.44 W, 0 %
2026/09/30 10:20:03.563, 337 MHz, 7001 MHz, 0x0000000000000000, 36.91 W, 0 %
2026/09/30 10:20:04.076, 270 MHz, 7001 MHz, 0x0000000000000000, 36.56 W, 0 %
2026/09/30 10:20:04.590, 217 MHz, 7001 MHz, 0x0000000000000000, 36.47 W, 0 %
2026/09/30 10:20:05.094, 180 MHz, 7001 MHz, 0x0000000000000000, 36.45 W, 0 %
2026/09/30 10:20:05.608, 180 MHz, 7001 MHz, 0x0000000000000000, 36.45 W, 0 %
2026/09/30 10:20:06.111, 180 MHz, 7001 MHz, 0x0000000000000000, 36.40 W, 0 %
2026/09/30 10:20:06.627, 187 MHz, 810 MHz, 0x0000000000000000, 33.87 W, 0 %
2026/09/30 10:20:07.127, 180 MHz, 810 MHz, 0x0000000000000000, 26.94 W, 0 %
2026/09/30 10:20:07.629, 180 MHz, 810 MHz, 0x0000000000000000, 19.87 W, 0 %
2026/09/30 10:20:08.133, 180 MHz, 810 MHz, 0x0000000000000000, 18.07 W, 0 %
2026/09/30 10:20:08.648, 180 MHz, 405 MHz, 0x0000000000000000, 16.38 W, 0 %
2026/09/30 10:20:09.161, 180 MHz, 405 MHz, 0x0000000000000000, 15.98 W, 0 %
2026/09/30 10:20:09.669, 187 MHz, 405 MHz, 0x0000000000000000, 15.71 W, 0 %
2026/09/30 10:20:10.181, 180 MHz, 405 MHz, 0x0000000000000000, 15.56 W, 0 %
2026/09/30 10:20:10.695, 180 MHz, 405 MHz, 0x0000000000000000, 15.40 W, 0 %
2026/09/30 10:20:11.210, 180 MHz, 405 MHz, 0x0000000000000000, 15.31 W, 0 %
2026/09/30 10:20:11.722, 180 MHz, 405 MHz, 0x0000000000000000, 15.34 W, 0 %
2026/09/30 10:20:12.236, 180 MHz, 405 MHz, 0x0000000000000000, 15.24 W, 0 %
2026/09/30 10:20:12.751, 180 MHz, 405 MHz, 0x0000000000000000, 15.01 W, 0 %
2026/09/30 10:20:13.252, 180 MHz, 405 MHz, 0x0000000000000000, 14.94 W, 0 %
2026/09/30 10:20:13.764, 180 MHz, 405 MHz, 0x0000000000000000, 14.90 W, 0 %
2026/09/30 10:20:14.275, 180 MHz, 405 MHz, 0x0000000000000000, 14.76 W, 0 %
2026/09/30 10:20:14.789, 180 MHz, 405 MHz, 0x0000000000000000, 14.80 W, 0 %
2026/09/30 10:20:15.290, 180 MHz, 405 MHz, 0x0000000000000000, 14.65 W, 0 %
2026/09/30 10:20:15.803, 180 MHz, 405 MHz, 0x0000000000000000, 14.70 W, 0 %
2026/09/30 10:20:16.306, 180 MHz, 405 MHz, 0x0000000000000000, 14.57 W, 0 %
2026/09/30 10:20:16.820, 180 MHz, 405 MHz, 0x0000000000000000, 14.40 W, 0 %
2026/09/30 10:20:17.333, 180 MHz, 405 MHz, 0x0000000000000000, 14.26 W, 0 %
2026/09/30 10:20:17.834, 180 MHz, 405 MHz, 0x0000000000000000, 14.53 W, 0 %
2026/09/30 10:20:18.347, 180 MHz, 405 MHz, 0x0000000000000000, 14.77 W, 0 %
2026/09/30 10:20:18.859, 180 MHz, 405 MHz, 0x0000000000000000, 14.34 W, 0 %
2026/09/30 10:20:19.372, 180 MHz, 405 MHz, 0x0000000000000000, 13.99 W, 0 %
2026/09/30 10:20:19.886, 180 MHz, 405 MHz, 0x0000000000000000, 13.93 W, 0 %
2026/09/30 10:20:20.399, 180 MHz, 405 MHz, 0x0000000000000000, 14.07 W, 0 %
2026/09/30 10:20:20.914, 180 MHz, 405 MHz, 0x0000000000000000, 14.46 W, 0 %
2026/09/30 10:20:21.414, 195 MHz, 405 MHz, 0x0000000000000000, 14.35 W, 0 %
2026/09/30 10:20:21.927, 180 MHz, 405 MHz, 0x0000000000000000, 14.17 W, 0 %
2026/09/30 10:20:22.438, 187 MHz, 405 MHz, 0x0000000000000000, 14.41 W, 0 %
2026/09/30 10:20:22.939, 180 MHz, 405 MHz, 0x0000000000000000, 14.20 W, 0 %
2026/09/30 10:20:23.452, 172 MHz, 405 MHz, 0x0000000000000000, 13.82 W, 0 %
2026/09/30 10:20:23.961, 180 MHz, 405 MHz, 0x0000000000000000, 14.05 W, 0 %
2026/09/30 10:20:24.471, 195 MHz, 405 MHz, 0x0000000000000000, 14.20 W, 0 %
2026/09/30 10:20:24.984, 180 MHz, 405 MHz, 0x0000000000000000, 13.97 W, 0 %
2026/09/30 10:20:25.496, 195 MHz, 405 MHz, 0x0000000000000000, 13.81 W, 0 %
2026/09/30 10:20:25.996, 180 MHz, 405 MHz, 0x0000000000000000, 13.85 W, 0 %
2026/09/30 10:20:26.508, 195 MHz, 405 MHz, 0x0000000000000000, 13.77 W, 0 %
2026/09/30 10:20:27.020, 180 MHz, 405 MHz, 0x0000000000000000, 13.64 W, 0 %
2026/09/30 10:20:27.532, 195 MHz, 405 MHz, 0x0000000000000000, 13.73 W, 0 %
2026/09/30 10:20:28.043, 180 MHz, 405 MHz, 0x0000000000000000, 13.72 W, 0 %
2026/09/30 10:20:28.552, 195 MHz, 405 MHz, 0x0000000000000000, 13.64 W, 0 %
2026/09/30 10:20:29.061, 180 MHz, 405 MHz, 0x0000000000000000, 13.64 W, 0 %
2026/09/30 10:20:29.571, 187 MHz, 405 MHz, 0x0000000000000000, 13.45 W, 0 %
2026/09/30 10:20:30.082, 180 MHz, 405 MHz, 0x0000000000000000, 13.36 W, 0 %
2026/09/30 10:20:30.594, 195 MHz, 405 MHz, 0x0000000000000000, 13.38 W, 0 %
2026/09/30 10:20:31.103, 195 MHz, 405 MHz, 0x0000000000000000, 13.49 W, 0 %
2026/09/30 10:20:31.612, 187 MHz, 405 MHz, 0x0000000000000000, 13.31 W, 0 %
2026/09/30 10:20:32.124, 180 MHz, 405 MHz, 0x0000000000000000, 13.24 W, 0 %
2026/09/30 10:20:32.635, 187 MHz, 405 MHz, 0x0000000000000000, 13.43 W, 0 %
2026/09/30 10:20:33.145, 180 MHz, 405 MHz, 0x0000000000000000, 13.45 W, 0 %
2026/09/30 10:20:33.656, 180 MHz, 405 MHz, 0x0000000000000000, 13.18 W, 0 %
2026/09/30 10:20:34.164, 195 MHz, 405 MHz, 0x0000000000000000, 13.03 W, 0 %
2026/09/30 10:20:34.676, 180 MHz, 405 MHz, 0x0000000000000000, 13.12 W, 0 %
2026/09/30 10:20:35.182, 187 MHz, 405 MHz, 0x0000000000000000, 13.09 W, 0 %
2026/09/30 10:20:35.694, 180 MHz, 405 MHz, 0x0000000000000000, 13.06 W, 0 %
2026/09/30 10:20:36.204, 202 MHz, 405 MHz, 0x0000000000000000, 13.18 W, 0 %
2026/09/30 10:20:36.714, 180 MHz, 405 MHz, 0x0000000000000000, 13.08 W, 0 %
2026/09/30 10:20:37.226, 187 MHz, 405 MHz, 0x0000000000000000, 12.91 W, 0 %
2026/09/30 10:20:37.726, 187 MHz, 405 MHz, 0x0000000000000000, 12.95 W, 0 %
2026/09/30 10:20:38.236, 202 MHz, 405 MHz, 0x0000000000000000, 12.85 W, 0 %
2026/09/30 10:20:38.749, 180 MHz, 405 MHz, 0x0000000000000000, 12.96 W, 0 %
2026/09/30 10:20:39.260, 967 MHz, 13801 MHz, 0x0000000000000000, 23.42 W, 100 %
2026/09/30 10:20:39.774, 2032 MHz, 13801 MHz, 0x0000000000000000, 47.09 W, 0 %
2026/09/30 10:20:40.284, 2857 MHz, 13801 MHz, 0x0000000000000000, 192.68 W, 54 %
2026/09/30 10:20:40.798, 2857 MHz, 13801 MHz, 0x0000000000000000, 357.92 W, 61 %
2026/09/30 10:20:41.309, 2797 MHz, 13801 MHz, 0x0000000000000004, 422.03 W, 99 %
2026/09/30 10:20:41.821, 2797 MHz, 13801 MHz, 0x0000000000000004, 458.58 W, 99 %
2026/09/30 10:20:42.331, 2797 MHz, 13801 MHz, 0x0000000000000004, 477.88 W, 96 %
2026/09/30 10:20:42.839, 2790 MHz, 13801 MHz, 0x0000000000000004, 477.07 W, 98 %
2026/09/30 10:20:43.345, 2797 MHz, 13801 MHz, 0x0000000000000004, 476.88 W, 99 %
2026/09/30 10:20:43.853, 2797 MHz, 13801 MHz, 0x0000000000000004, 477.83 W, 99 %
2026/09/30 10:20:44.358, 2797 MHz, 13801 MHz, 0x0000000000000004, 476.98 W, 99 %
2026/09/30 10:20:44.862, 2805 MHz, 13801 MHz, 0x0000000000000004, 472.39 W, 98 %
2026/09/30 10:20:45.369, 2842 MHz, 13801 MHz, 0x0000000000000004, 461.97 W, 97 %
2026/09/30 10:20:45.876, 2910 MHz, 13801 MHz, 0x0000000000000000, 411.22 W, 57 %
2026/09/30 10:20:46.385, 2865 MHz, 13801 MHz, 0x0000000000000000, 340.37 W, 47 %
2026/09/30 10:20:46.892, 2865 MHz, 13801 MHz, 0x0000000000000000, 327.08 W, 39 %
2026/09/30 10:20:47.399, 2820 MHz, 13801 MHz, 0x0000000000000004, 389.63 W, 99 %
2026/09/30 10:20:47.908, 2797 MHz, 13801 MHz, 0x0000000000000004, 443.07 W, 99 %
2026/09/30 10:20:48.415, 2797 MHz, 13801 MHz, 0x0000000000000004, 481.08 W, 98 %
2026/09/30 10:20:48.928, 2790 MHz, 13801 MHz, 0x0000000000000004, 474.93 W, 89 %
2026/09/30 10:20:49.438, 2842 MHz, 13801 MHz, 0x0000000000000004, 464.92 W, 86 %
2026/09/30 10:20:49.945, 2857 MHz, 13801 MHz, 0x0000000000000000, 449.94 W, 77 %
2026/09/30 10:20:50.453, 2857 MHz, 13801 MHz, 0x0000000000000000, 442.04 W, 85 %
2026/09/30 10:20:50.962, 2887 MHz, 13801 MHz, 0x0000000000000000, 401.45 W, 31 %
2026/09/30 10:20:51.473, 2887 MHz, 13801 MHz, 0x0000000000000004, 353.17 W, 71 %
2026/09/30 10:20:51.983, 2902 MHz, 13801 MHz, 0x0000000000000000, 320.64 W, 39 %
2026/09/30 10:20:52.493, 2895 MHz, 13801 MHz, 0x0000000000000000, 318.46 W, 40 %
2026/09/30 10:20:53.007, 2880 MHz, 13801 MHz, 0x0000000000000000, 340.15 W, 69 %
2026/09/30 10:20:53.516, 2872 MHz, 13801 MHz, 0x0000000000000000, 348.66 W, 52 %
2026/09/30 10:20:54.023, 2850 MHz, 13801 MHz, 0x0000000000000000, 366.57 W, 73 %
2026/09/30 10:20:54.534, 2857 MHz, 13801 MHz, 0x0000000000000000, 385.91 W, 79 %
2026/09/30 10:20:55.043, 2902 MHz, 13801 MHz, 0x0000000000000000, 378.54 W, 72 %
2026/09/30 10:20:55.552, 2857 MHz, 13801 MHz, 0x0000000000000000, 400.95 W, 73 %
2026/09/30 10:20:56.062, 2857 MHz, 13801 MHz, 0x0000000000000000, 415.13 W, 79 %
2026/09/30 10:20:56.572, 2842 MHz, 13801 MHz, 0x0000000000000004, 411.99 W, 71 %
2026/09/30 10:20:57.081, 2812 MHz, 13801 MHz, 0x0000000000000000, 428.02 W, 62 %
2026/09/30 10:20:57.589, 2887 MHz, 13801 MHz, 0x0000000000000000, 392.33 W, 60 %
2026/09/30 10:20:58.099, 2872 MHz, 13801 MHz, 0x0000000000000000, 347.47 W, 30 %
2026/09/30 10:20:58.609, 2895 MHz, 13801 MHz, 0x0000000000000000, 366.24 W, 86 %
2026/09/30 10:20:59.116, 2872 MHz, 13801 MHz, 0x0000000000000000, 380.55 W, 81 %
2026/09/30 10:20:59.623, 2902 MHz, 13801 MHz, 0x0000000000000000, 371.55 W, 63 %
2026/09/30 10:21:00.135, 2850 MHz, 13801 MHz, 0x0000000000000000, 357.08 W, 45 %
2026/09/30 10:21:00.641, 2872 MHz, 13801 MHz, 0x0000000000000000, 358.86 W, 74 %
2026/09/30 10:21:01.146, 2842 MHz, 13801 MHz, 0x0000000000000004, 360.72 W, 98 %
2026/09/30 10:21:01.656, 2887 MHz, 13801 MHz, 0x0000000000000004, 371.72 W, 91 %
2026/09/30 10:21:02.165, 2887 MHz, 13801 MHz, 0x0000000000000000, 373.07 W, 39 %
2026/09/30 10:21:02.671, 2857 MHz, 13801 MHz, 0x0000000000000000, 394.65 W, 87 %
2026/09/30 10:21:03.177, 2850 MHz, 13801 MHz, 0x0000000000000000, 404.05 W, 64 %
2026/09/30 10:21:03.685, 2850 MHz, 13801 MHz, 0x0000000000000000, 404.45 W, 57 %
2026/09/30 10:21:04.193, 2865 MHz, 13801 MHz, 0x0000000000000000, 413.67 W, 72 %
2026/09/30 10:21:04.701, 2887 MHz, 13801 MHz, 0x0000000000000000, 408.85 W, 79 %
2026/09/30 10:21:05.209, 2865 MHz, 13801 MHz, 0x0000000000000000, 398.34 W, 63 %
2026/09/30 10:21:05.717, 2880 MHz, 13801 MHz, 0x0000000000000000, 396.46 W, 64 %
2026/09/30 10:21:06.227, 2842 MHz, 13801 MHz, 0x0000000000000000, 410.94 W, 65 %
2026/09/30 10:21:06.738, 2872 MHz, 13801 MHz, 0x0000000000000000, 388.64 W, 47 %
2026/09/30 10:21:07.247, 2880 MHz, 13801 MHz, 0x0000000000000000, 359.33 W, 72 %
2026/09/30 10:21:07.756, 2872 MHz, 13801 MHz, 0x0000000000000004, 354.02 W, 69 %
2026/09/30 10:21:08.266, 2880 MHz, 13801 MHz, 0x0000000000000000, 350.16 W, 74 %
2026/09/30 10:21:08.774, 2842 MHz, 13801 MHz, 0x0000000000000000, 375.62 W, 55 %
2026/09/30 10:21:09.283, 2865 MHz, 13801 MHz, 0x0000000000000000, 405.20 W, 85 %
2026/09/30 10:21:09.793, 2872 MHz, 13801 MHz, 0x0000000000000004, 402.44 W, 79 %
2026/09/30 10:21:10.302, 2872 MHz, 13801 MHz, 0x0000000000000000, 420.90 W, 71 %
2026/09/30 10:21:10.813, 2857 MHz, 13801 MHz, 0x0000000000000000, 403.22 W, 59 %
2026/09/30 10:21:11.320, 2880 MHz, 13801 MHz, 0x0000000000000000, 371.46 W, 63 %
2026/09/30 10:21:11.825, 2842 MHz, 13801 MHz, 0x0000000000000004, 409.06 W, 89 %
2026/09/30 10:21:12.334, 2880 MHz, 13801 MHz, 0x0000000000000000, 392.80 W, 52 %
2026/09/30 10:21:12.842, 2865 MHz, 13801 MHz, 0x0000000000000000, 371.03 W, 85 %
2026/09/30 10:21:13.353, 2880 MHz, 13801 MHz, 0x0000000000000000, 370.76 W, 70 %
2026/09/30 10:21:13.862, 2887 MHz, 13801 MHz, 0x0000000000000004, 377.41 W, 93 %
2026/09/30 10:21:14.370, 2865 MHz, 13801 MHz, 0x0000000000000000, 397.54 W, 52 %
2026/09/30 10:21:14.878, 2880 MHz, 13801 MHz, 0x0000000000000000, 406.99 W, 84 %
2026/09/30 10:21:15.387, 2887 MHz, 13801 MHz, 0x0000000000000000, 383.35 W, 54 %
2026/09/30 10:21:15.899, 2880 MHz, 13801 MHz, 0x0000000000000000, 389.59 W, 75 %
2026/09/30 10:21:16.406, 2872 MHz, 13801 MHz, 0x0000000000000004, 398.15 W, 73 %
2026/09/30 10:21:16.916, 2857 MHz, 13801 MHz, 0x0000000000000000, 400.12 W, 52 %
2026/09/30 10:21:17.430, 2865 MHz, 13801 MHz, 0x0000000000000000, 410.42 W, 49 %
2026/09/30 10:21:17.940, 2872 MHz, 13801 MHz, 0x0000000000000000, 393.45 W, 69 %
2026/09/30 10:21:18.452, 2880 MHz, 13801 MHz, 0x0000000000000004, 368.82 W, 67 %
2026/09/30 10:21:18.965, 2887 MHz, 13801 MHz, 0x0000000000000004, 354.83 W, 71 %
2026/09/30 10:21:19.476, 2880 MHz, 13801 MHz, 0x0000000000000000, 365.42 W, 82 %
2026/09/30 10:21:19.986, 2865 MHz, 13801 MHz, 0x0000000000000000, 404.90 W, 87 %
2026/09/30 10:21:20.496, 2857 MHz, 13801 MHz, 0x0000000000000000, 383.80 W, 39 %
2026/09/30 10:21:21.006, 2880 MHz, 13801 MHz, 0x0000000000000000, 374.93 W, 51 %
2026/09/30 10:21:21.517, 2887 MHz, 13801 MHz, 0x0000000000000000, 362.50 W, 35 %
2026/09/30 10:21:22.028, 2865 MHz, 13801 MHz, 0x0000000000000000, 381.34 W, 46 %
2026/09/30 10:21:22.539, 2857 MHz, 13801 MHz, 0x0000000000000000, 387.60 W, 74 %
2026/09/30 10:21:23.048, 2850 MHz, 13801 MHz, 0x0000000000000000, 398.46 W, 43 %
2026/09/30 10:21:23.559, 2880 MHz, 13801 MHz, 0x0000000000000004, 393.04 W, 93 %
2026/09/30 10:21:24.068, 2865 MHz, 13801 MHz, 0x0000000000000000, 372.59 W, 43 %
2026/09/30 10:21:24.575, 2887 MHz, 13801 MHz, 0x0000000000000004, 358.45 W, 57 %
2026/09/30 10:21:25.084, 2827 MHz, 13801 MHz, 0x0000000000000000, 374.97 W, 87 %
2026/09/30 10:21:25.594, 2872 MHz, 13801 MHz, 0x0000000000000000, 396.81 W, 44 %
2026/09/30 10:21:26.103, 2872 MHz, 13801 MHz, 0x0000000000000000, 385.98 W, 63 %
2026/09/30 10:21:26.613, 2880 MHz, 13801 MHz, 0x0000000000000004, 385.00 W, 66 %
2026/09/30 10:21:27.123, 2887 MHz, 13801 MHz, 0x0000000000000000, 354.42 W, 38 %
2026/09/30 10:21:27.635, 2872 MHz, 13801 MHz, 0x0000000000000000, 351.70 W, 88 %
2026/09/30 10:21:28.144, 2850 MHz, 13801 MHz, 0x0000000000000004, 396.85 W, 86 %
2026/09/30 10:21:28.650, 2865 MHz, 13801 MHz, 0x0000000000000000, 420.98 W, 71 %
2026/09/30 10:21:29.165, 2887 MHz, 13801 MHz, 0x0000000000000000, 365.40 W, 72 %
2026/09/30 10:21:29.670, 2887 MHz, 13801 MHz, 0x0000000000000000, 345.49 W, 79 %
2026/09/30 10:21:30.181, 2872 MHz, 13801 MHz, 0x0000000000000004, 354.27 W, 99 %
2026/09/30 10:21:30.692, 2872 MHz, 13801 MHz, 0x0000000000000000, 394.42 W, 67 %
2026/09/30 10:21:31.204, 2857 MHz, 13801 MHz, 0x0000000000000000, 407.92 W, 74 %
2026/09/30 10:21:31.712, 2880 MHz, 13801 MHz, 0x0000000000000004, 410.01 W, 80 %
2026/09/30 10:21:32.224, 2880 MHz, 13801 MHz, 0x0000000000000000, 389.09 W, 61 %
2026/09/30 10:21:32.739, 2842 MHz, 13801 MHz, 0x0000000000000000, 370.96 W, 61 %
2026/09/30 10:21:33.250, 2872 MHz, 13801 MHz, 0x0000000000000004, 377.94 W, 90 %
2026/09/30 10:21:33.758, 2872 MHz, 13801 MHz, 0x0000000000000004, 376.78 W, 59 %
2026/09/30 10:21:34.269, 2887 MHz, 13801 MHz, 0x0000000000000000, 360.09 W, 57 %
2026/09/30 10:21:34.778, 2880 MHz, 13801 MHz, 0x0000000000000000, 345.60 W, 41 %
2026/09/30 10:21:35.290, 2880 MHz, 13801 MHz, 0x0000000000000000, 346.62 W, 33 %
2026/09/30 10:21:35.794, 2865 MHz, 13801 MHz, 0x0000000000000004, 362.44 W, 94 %
2026/09/30 10:21:36.301, 2880 MHz, 13801 MHz, 0x0000000000000000, 402.25 W, 83 %
2026/09/30 10:21:36.809, 2865 MHz, 13801 MHz, 0x0000000000000000, 400.38 W, 70 %
2026/09/30 10:21:37.316, 2850 MHz, 13801 MHz, 0x0000000000000000, 400.66 W, 81 %
2026/09/30 10:21:37.823, 2872 MHz, 13801 MHz, 0x0000000000000000, 378.04 W, 39 %
2026/09/30 10:21:38.330, 2872 MHz, 13801 MHz, 0x0000000000000004, 353.60 W, 65 %
2026/09/30 10:21:38.837, 2865 MHz, 13801 MHz, 0x0000000000000000, 371.99 W, 82 %
2026/09/30 10:21:39.348, 2835 MHz, 13801 MHz, 0x0000000000000000, 397.90 W, 67 %
2026/09/30 10:21:39.855, 2887 MHz, 13801 MHz, 0x0000000000000004, 400.00 W, 68 %
2026/09/30 10:21:40.367, 2872 MHz, 13801 MHz, 0x0000000000000004, 373.42 W, 59 %
2026/09/30 10:21:40.878, 2887 MHz, 13801 MHz, 0x0000000000000000, 349.91 W, 35 %
2026/09/30 10:21:41.382, 2872 MHz, 13801 MHz, 0x0000000000000000, 318.78 W, 29 %
2026/09/30 10:21:41.891, 2872 MHz, 13801 MHz, 0x0000000000000000, 373.85 W, 69 %
2026/09/30 10:21:42.398, 2887 MHz, 13801 MHz, 0x0000000000000004, 394.50 W, 71 %
2026/09/30 10:21:42.906, 2857 MHz, 13801 MHz, 0x0000000000000004, 398.83 W, 67 %
2026/09/30 10:21:43.413, 2880 MHz, 13801 MHz, 0x0000000000000000, 400.31 W, 71 %
2026/09/30 10:21:43.920, 2880 MHz, 13801 MHz, 0x0000000000000000, 385.66 W, 75 %
2026/09/30 10:21:44.430, 2865 MHz, 13801 MHz, 0x0000000000000000, 404.53 W, 48 %
2026/09/30 10:21:44.939, 2842 MHz, 13801 MHz, 0x0000000000000004, 414.46 W, 75 %
2026/09/30 10:21:45.443, 2887 MHz, 13801 MHz, 0x0000000000000000, 382.05 W, 66 %
2026/09/30 10:21:45.953, 2872 MHz, 13801 MHz, 0x0000000000000000, 368.02 W, 29 %
2026/09/30 10:21:46.466, 2925 MHz, 13801 MHz, 0x0000000000000000, 257.87 W, 0 %
2026/09/30 10:21:46.977, 2925 MHz, 13801 MHz, 0x0000000000000000, 113.17 W, 0 %
2026/09/30 10:21:47.491, 2925 MHz, 13801 MHz, 0x0000000000000000, 96.46 W, 0 %
2026/09/30 10:21:48.004, 690 MHz, 13801 MHz, 0x0000000000000000, 83.23 W, 0 %
2026/09/30 10:21:48.515, 540 MHz, 7001 MHz, 0x0000000000000000, 54.82 W, 0 %
2026/09/30 10:21:49.028, 450 MHz, 7001 MHz, 0x0000000000000000, 40.24 W, 0 %
2026/09/30 10:21:49.540, 352 MHz, 810 MHz, 0x0000000000000000, 36.81 W, 0 %
2026/09/30 10:21:50.056, 300 MHz, 810 MHz, 0x0000000000000000, 32.44 W, 0 %
2026/09/30 10:21:50.567, 210 MHz, 810 MHz, 0x0000000000000000, 26.36 W, 0 %
2026/09/30 10:21:51.078, 202 MHz, 810 MHz, 0x0000000000000000, 24.06 W, 0 %
2026/09/30 10:21:51.589, 180 MHz, 405 MHz, 0x0000000000000000, 20.56 W, 0 %
2026/09/30 10:21:52.091, 195 MHz, 405 MHz, 0x0000000000000000, 16.63 W, 0 %
2026/09/30 10:21:52.607, 180 MHz, 405 MHz, 0x0000000000000000, 16.09 W, 0 %
2026/09/30 10:21:53.120, 187 MHz, 405 MHz, 0x0000000000000000, 16.13 W, 0 %
2026/09/30 10:21:53.634, 180 MHz, 405 MHz, 0x0000000000000000, 15.87 W, 0 %
2026/09/30 10:21:54.151, 195 MHz, 405 MHz, 0x0000000000000000, 16.08 W, 0 %
2026/09/30 10:21:54.662, 195 MHz, 405 MHz, 0x0000000000000000, 15.66 W, 0 %
2026/09/30 10:21:55.178, 187 MHz, 405 MHz, 0x0000000000000000, 15.50 W, 0 %
2026/09/30 10:21:55.679, 187 MHz, 405 MHz, 0x0000000000000000, 15.51 W, 0 %
2026/09/30 10:21:56.194, 180 MHz, 405 MHz, 0x0000000000000000, 15.39 W, 0 %
2026/09/30 10:21:56.710, 187 MHz, 405 MHz, 0x0000000000000000, 15.42 W, 0 %
2026/09/30 10:21:57.224, 180 MHz, 405 MHz, 0x0000000000000000, 15.30 W, 0 %
2026/09/30 10:21:57.739, 195 MHz, 405 MHz, 0x0000000000000000, 15.09 W, 0 %
2026/09/30 10:21:58.241, 180 MHz, 405 MHz, 0x0000000000000000, 15.06 W, 0 %
2026/09/30 10:21:58.754, 187 MHz, 405 MHz, 0x0000000000000000, 14.79 W, 0 %
2026/09/30 10:21:59.269, 180 MHz, 405 MHz, 0x0000000000000000, 14.73 W, 0 %
2026/09/30 10:21:59.770, 187 MHz, 405 MHz, 0x0000000000000000, 14.78 W, 0 %
2026/09/30 10:22:00.284, 180 MHz, 405 MHz, 0x0000000000000000, 14.64 W, 0 %
2026/09/30 10:22:00.800, 195 MHz, 405 MHz, 0x0000000000000000, 14.69 W, 0 %
2026/09/30 10:22:01.315, 180 MHz, 405 MHz, 0x0000000000000000, 14.60 W, 0 %
2026/09/30 10:22:01.828, 195 MHz, 405 MHz, 0x0000000000000000, 15.03 W, 0 %
2026/09/30 10:22:02.330, 180 MHz, 405 MHz, 0x0000000000000000, 15.87 W, 2 %
2026/09/30 10:22:02.841, 187 MHz, 405 MHz, 0x0000000000000000, 16.10 W, 0 %
2026/09/30 10:22:03.356, 180 MHz, 405 MHz, 0x0000000000000000, 15.69 W, 0 %
2026/09/30 10:22:03.871, 180 MHz, 405 MHz, 0x0000000000000000, 14.46 W, 0 %
2026/09/30 10:22:04.382, 187 MHz, 405 MHz, 0x0000000000000000, 14.48 W, 0 %
2026/09/30 10:22:04.898, 187 MHz, 405 MHz, 0x0000000000000000, 14.33 W, 0 %
2026/09/30 10:22:05.399, 180 MHz, 405 MHz, 0x0000000000000000, 14.25 W, 0 %
2026/09/30 10:22:05.901, 180 MHz, 405 MHz, 0x0000000000000000, 14.34 W, 0 %
2026/09/30 10:22:06.401, 180 MHz, 405 MHz, 0x0000000000000000, 14.50 W, 0 %
2026/09/30 10:22:06.906, 180 MHz, 405 MHz, 0x0000000000000000, 14.45 W, 0 %
2026/09/30 10:22:07.421, 180 MHz, 405 MHz, 0x0000000000000000, 14.24 W, 0 %
