timestamp, clocks.current.sm [MHz], clocks.current.memory [MHz], clocks_event_reasons.active, power.draw [W], utilization.gpu [%]
2026/09/30 09:55:21.918, 577 MHz, 405 MHz, 0x0000000000000000, 32.39 W, 3 %
2026/09/30 09:55:22.434, 615 MHz, 405 MHz, 0x0000000000000000, 32.90 W, 2 %
2026/09/30 09:55:22.949, 660 MHz, 405 MHz, 0x0000000000000000, 33.67 W, 2 %
2026/09/30 09:55:23.449, 607 MHz, 405 MHz, 0x0000000000000000, 33.67 W, 2 %
2026/09/30 09:55:23.964, 600 MHz, 405 MHz, 0x0000000000000000, 33.03 W, 2 %
2026/09/30 09:55:24.477, 645 MHz, 405 MHz, 0x0000000000000000, 33.35 W, 2 %
2026/09/30 09:55:24.991, 615 MHz, 405 MHz, 0x0000000000000000, 33.83 W, 2 %
2026/09/30 09:55:25.503, 600 MHz, 405 MHz, 0x0000000000000000, 33.23 W, 2 %
2026/09/30 09:55:26.016, 600 MHz, 405 MHz, 0x0000000000000000, 32.60 W, 2 %
2026/09/30 09:55:26.516, 607 MHz, 405 MHz, 0x0000000000000000, 32.59 W, 3 %
2026/09/30 09:55:27.031, 607 MHz, 405 MHz, 0x0000000000000000, 32.65 W, 3 %
2026/09/30 09:55:27.546, 600 MHz, 405 MHz, 0x0000000000000000, 32.49 W, 3 %
2026/09/30 09:55:28.060, 600 MHz, 405 MHz, 0x0000000000000000, 32.51 W, 3 %
2026/09/30 09:55:28.571, 600 MHz, 405 MHz, 0x0000000000000000, 32.50 W, 3 %
2026/09/30 09:55:29.086, 600 MHz, 405 MHz, 0x0000000000000000, 32.38 W, 3 %
2026/09/30 09:55:29.600, 600 MHz, 405 MHz, 0x0000000000000000, 32.56 W, 2 %
2026/09/30 09:55:30.115, 622 MHz, 405 MHz, 0x0000000000000000, 32.72 W, 3 %
2026/09/30 09:55:30.630, 660 MHz, 405 MHz, 0x0000000000000000, 33.51 W, 3 %
2026/09/30 09:55:31.142, 622 MHz, 405 MHz, 0x0000000000000000, 34.17 W, 3 %
2026/09/30 09:55:31.657, 592 MHz, 405 MHz, 0x0000000000000000, 33.14 W, 2 %
2026/09/30 09:55:32.158, 585 MHz, 405 MHz, 0x0000000000000000, 32.28 W, 2 %
2026/09/30 09:55:32.660, 585 MHz, 405 MHz, 0x0000000000000000, 32.27 W, 2 %
2026/09/30 09:55:33.162, 622 MHz, 405 MHz, 0x0000000000000000, 32.36 W, 3 %
2026/09/30 09:55:33.676, 600 MHz, 405 MHz, 0x0000000000000000, 32.38 W, 2 %
2026/09/30 09:55:34.191, 585 MHz, 405 MHz, 0x0000000000000000, 32.12 W, 2 %
2026/09/30 09:55:34.706, 585 MHz, 405 MHz, 0x0000000000000000, 31.97 W, 2 %
2026/09/30 09:55:35.218, 585 MHz, 405 MHz, 0x0000000000000000, 32.08 W, 2 %
2026/09/30 09:55:35.732, 585 MHz, 405 MHz, 0x0000000000000000, 32.37 W, 2 %
2026/09/30 09:55:36.242, 607 MHz, 405 MHz, 0x0000000000000000, 32.46 W, 3 %
2026/09/30 09:55:36.756, 592 MHz, 405 MHz, 0x0000000000000000, 32.24 W, 2 %
2026/09/30 09:55:37.268, 592 MHz, 405 MHz, 0x0000000000000000, 32.10 W, 2 %
2026/09/30 09:55:37.769, 600 MHz, 405 MHz, 0x0000000000000000, 32.48 W, 2 %
2026/09/30 09:55:38.277, 622 MHz, 405 MHz, 0x0000000000000000, 33.16 W, 2 %
2026/09/30 09:55:38.786, 592 MHz, 405 MHz, 0x0000000000000000, 32.87 W, 2 %
2026/09/30 09:55:39.295, 585 MHz, 405 MHz, 0x0000000000000000, 32.68 W, 2 %
2026/09/30 09:55:39.808, 555 MHz, 405 MHz, 0x0000000000000000, 32.40 W, 2 %
2026/09/30 09:55:40.317, 495 MHz, 405 MHz, 0x0000000000000000, 31.33 W, 2 %
2026/09/30 09:55:40.830, 480 MHz, 405 MHz, 0x0000000000000000, 29.74 W, 3 %
2026/09/30 09:55:41.342, 495 MHz, 405 MHz, 0x0000000000000000, 29.90 W, 3 %
2026/09/30 09:55:41.853, 592 MHz, 405 MHz, 0x0000000000000000, 31.27 W, 3 %
2026/09/30 09:55:42.361, 600 MHz, 405 MHz, 0x0000000000000000, 32.24 W, 3 %
2026/09/30 09:55:42.871, 652 MHz, 405 MHz, 0x0000000000000000, 33.16 W, 4 %
2026/09/30 09:55:43.381, 637 MHz, 405 MHz, 0x0000000000000000, 33.83 W, 4 %
2026/09/30 09:55:43.890, 630 MHz, 405 MHz, 0x0000000000000000, 33.51 W, 3 %
2026/09/30 09:55:44.402, 637 MHz, 405 MHz, 0x0000000000000000, 33.19 W, 3 %
2026/09/30 09:55:44.915, 645 MHz, 405 MHz, 0x0000000000000000, 32.97 W, 3 %
2026/09/30 09:55:45.423, 615 MHz, 405 MHz, 0x0000000000000000, 32.86 W, 3 %
2026/09/30 09:55:45.933, 637 MHz, 405 MHz, 0x0000000000000000, 33.10 W, 3 %
2026/09/30 09:55:46.443, 637 MHz, 405 MHz, 0x0000000000000000, 33.41 W, 3 %
2026/09/30 09:55:46.955, 637 MHz, 405 MHz, 0x0000000000000000, 33.55 W, 3 %
2026/09/30 09:55:47.466, 637 MHz, 405 MHz, 0x0000000000000000, 33.56 W, 3 %
2026/09/30 09:55:47.980, 600 MHz, 405 MHz, 0x0000000000000000, 33.43 W, 3 %
2026/09/30 09:55:48.491, 607 MHz, 405 MHz, 0x0000000000000000, 32.96 W, 3 %
2026/09/30 09:55:49.004, 630 MHz, 405 MHz, 0x0000000000000000, 32.99 W, 4 %
2026/09/30 09:55:49.506, 630 MHz, 405 MHz, 0x0000000000000000, 33.33 W, 4 %
2026/09/30 09:55:50.015, 652 MHz, 405 MHz, 0x0000000000000000, 33.58 W, 4 %
2026/09/30 09:55:50.529, 637 MHz, 405 MHz, 0x0000000000000000, 33.47 W, 4 %
2026/09/30 09:55:51.044, 630 MHz, 405 MHz, 0x0000000000000000, 33.34 W, 3 %
2026/09/30 09:55:51.545, 600 MHz, 405 MHz, 0x0000000000000000, 33.03 W, 3 %
2026/09/30 09:55:52.060, 600 MHz, 405 MHz, 0x0000000000000000, 32.27 W, 2 %
2026/09/30 09:55:52.573, 585 MHz, 405 MHz, 0x0000000000000000, 32.13 W, 2 %
2026/09/30 09:55:53.087, 585 MHz, 405 MHz, 0x0000000000000000, 32.11 W, 2 %
2026/09/30 09:55:53.601, 585 MHz, 405 MHz, 0x0000000000000000, 32.06 W, 2 %
2026/09/30 09:55:54.104, 592 MHz, 405 MHz, 0x0000000000000000, 32.32 W, 2 %
2026/09/30 09:55:54.614, 592 MHz, 405 MHz, 0x0000000000000000, 32.52 W, 2 %
2026/09/30 09:55:55.127, 615 MHz, 405 MHz, 0x0000000000000000, 32.61 W, 2 %
2026/09/30 09:55:55.641, 600 MHz, 405 MHz, 0x0000000000000000, 32.48 W, 2 %
2026/09/30 09:55:56.154, 592 MHz, 405 MHz, 0x0000000000000000, 32.21 W, 2 %
2026/09/30 09:55:56.654, 600 MHz, 405 MHz, 0x0000000000000000, 32.23 W, 2 %
2026/09/30 09:55:57.163, 615 MHz, 405 MHz, 0x0000000000000000, 32.28 W, 3 %
2026/09/30 09:55:57.676, 592 MHz, 405 MHz, 0x0000000000000000, 32.38 W, 2 %
2026/09/30 09:55:58.190, 585 MHz, 405 MHz, 0x0000000000000000, 32.34 W, 2 %
2026/09/30 09:55:58.705, 592 MHz, 405 MHz, 0x0000000000000000, 32.31 W, 2 %
2026/09/30 09:55:59.220, 585 MHz, 405 MHz, 0x0000000000000000, 32.51 W, 2 %
2026/09/30 09:55:59.722, 577 MHz, 405 MHz, 0x0000000000000000, 32.78 W, 2 %
2026/09/30 09:56:00.236, 555 MHz, 405 MHz, 0x0000000000000000, 32.61 W, 2 %
2026/09/30 09:56:00.738, 517 MHz, 405 MHz, 0x0000000000000000, 31.98 W, 2 %
2026/09/30 09:56:01.250, 487 MHz, 405 MHz, 0x0000000000000000, 31.27 W, 2 %
2026/09/30 09:56:01.763, 577 MHz, 405 MHz, 0x0000000000000000, 31.07 W, 4 %
2026/09/30 09:56:02.264, 517 MHz, 405 MHz, 0x0000000000000000, 31.25 W, 5 %
2026/09/30 09:56:02.764, 592 MHz, 405 MHz, 0x0000000000000000, 32.03 W, 4 %
2026/09/30 09:56:03.278, 637 MHz, 405 MHz, 0x0000000000000000, 33.19 W, 3 %
2026/09/30 09:56:03.778, 637 MHz, 405 MHz, 0x0000000000000000, 33.81 W, 3 %
2026/09/30 09:56:04.292, 637 MHz, 405 MHz, 0x0000000000000000, 33.94 W, 3 %
2026/09/30 09:56:04.805, 645 MHz, 405 MHz, 0x0000000000000000, 34.48 W, 3 %
2026/09/30 09:56:05.321, 652 MHz, 405 MHz, 0x0000000000000000, 34.70 W, 3 %
2026/09/30 09:56:05.831, 667 MHz, 405 MHz, 0x0000000000000000, 34.22 W, 3 %
2026/09/30 09:56:06.346, 622 MHz, 405 MHz, 0x0000000000000000, 33.43 W, 3 %
2026/09/30 09:56:06.862, 615 MHz, 405 MHz, 0x0000000000000000, 33.10 W, 3 %
2026/09/30 09:56:07.371, 630 MHz, 405 MHz, 0x0000000000000000, 33.64 W, 4 %
2026/09/30 09:56:07.881, 637 MHz, 405 MHz, 0x0000000000000000, 33.80 W, 4 %
2026/09/30 09:56:08.382, 622 MHz, 405 MHz, 0x0000000000000000, 33.72 W, 3 %
2026/09/30 09:56:08.896, 622 MHz, 405 MHz, 0x0000000000000000, 33.66 W, 3 %
2026/09/30 09:56:09.411, 615 MHz, 405 MHz, 0x0000000000000000, 33.34 W, 3 %
2026/09/30 09:56:09.924, 637 MHz, 405 MHz, 0x0000000000000000, 33.79 W, 4 %
2026/09/30 09:56:10.440, 645 MHz, 405 MHz, 0x0000000000000000, 34.35 W, 5 %
2026/09/30 09:56:10.953, 645 MHz, 405 MHz, 0x0000000000000000, 34.31 W, 4 %
2026/09/30 09:56:11.454, 622 MHz, 405 MHz, 0x0000000000000000, 34.33 W, 3 %
2026/09/30 09:56:11.968, 592 MHz, 405 MHz, 0x0000000000000000, 33.74 W, 2 %
2026/09/30 09:56:12.470, 615 MHz, 405 MHz, 0x0000000000000000, 33.29 W, 2 %
2026/09/30 09:56:12.972, 592 MHz, 405 MHz, 0x0000000000000000, 33.18 W, 2 %
2026/09/30 09:56:13.473, 607 MHz, 405 MHz, 0x0000000000000000, 32.94 W, 2 %
2026/09/30 09:56:13.976, 585 MHz, 405 MHz, 0x0000000000000000, 33.07 W, 2 %
2026/09/30 09:56:14.484, 585 MHz, 405 MHz, 0x0000000000000000, 33.23 W, 2 %
2026/09/30 09:56:14.998, 592 MHz, 405 MHz, 0x0000000000000000, 33.14 W, 2 %
2026/09/30 09:56:15.499, 592 MHz, 405 MHz, 0x0000000000000000, 33.01 W, 2 %
2026/09/30 09:56:16.013, 592 MHz, 405 MHz, 0x0000000000000000, 32.70 W, 2 %
2026/09/30 09:56:16.515, 615 MHz, 405 MHz, 0x0000000000000000, 32.55 W, 2 %
2026/09/30 09:56:17.027, 592 MHz, 405 MHz, 0x0000000000000000, 32.69 W, 2 %
2026/09/30 09:56:17.542, 600 MHz, 405 MHz, 0x0000000000000000, 32.57 W, 2 %
2026/09/30 09:56:18.053, 600 MHz, 405 MHz, 0x0000000000000000, 32.64 W, 2 %
2026/09/30 09:56:18.568, 607 MHz, 405 MHz, 0x0000000000000000, 32.91 W, 2 %
2026/09/30 09:56:19.080, 592 MHz, 405 MHz, 0x0000000000000000, 32.90 W, 2 %
2026/09/30 09:56:19.583, 600 MHz, 405 MHz, 0x0000000000000000, 33.06 W, 2 %
2026/09/30 09:56:20.096, 585 MHz, 405 MHz, 0x0000000000000000, 33.25 W, 2 %
2026/09/30 09:56:20.611, 532 MHz, 405 MHz, 0x0000000000000000, 32.85 W, 2 %
2026/09/30 09:56:21.124, 465 MHz, 405 MHz, 0x0000000000000000, 31.58 W, 2 %
2026/09/30 09:56:21.626, 435 MHz, 405 MHz, 0x0000000000000000, 30.27 W, 2 %
2026/09/30 09:56:22.141, 457 MHz, 405 MHz, 0x0000000000000000, 29.67 W, 2 %
2026/09/30 09:56:22.657, 517 MHz, 405 MHz, 0x0000000000000000, 30.38 W, 2 %
2026/09/30 09:56:23.170, 562 MHz, 405 MHz, 0x0000000000000000, 31.57 W, 2 %
2026/09/30 09:56:23.684, 600 MHz, 405 MHz, 0x0000000000000000, 32.54 W, 2 %
2026/09/30 09:56:24.184, 592 MHz, 405 MHz, 0x0000000000000000, 33.03 W, 2 %
2026/09/30 09:56:24.699, 622 MHz, 405 MHz, 0x0000000000000000, 33.06 W, 2 %
2026/09/30 09:56:25.214, 660 MHz, 405 MHz, 0x0000000000000000, 33.39 W, 4 %
2026/09/30 09:56:25.725, 660 MHz, 405 MHz, 0x0000000000000000, 33.80 W, 3 %
2026/09/30 09:56:26.239, 667 MHz, 405 MHz, 0x0000000000000000, 34.41 W, 3 %
2026/09/30 09:56:26.748, 667 MHz, 405 MHz, 0x0000000000000000, 34.33 W, 3 %
2026/09/30 09:56:27.262, 615 MHz, 405 MHz, 0x0000000000000000, 33.67 W, 3 %
2026/09/30 09:56:27.776, 675 MHz, 405 MHz, 0x0000000000000000, 33.80 W, 5 %
2026/09/30 09:56:28.289, 682 MHz, 405 MHz, 0x0000000000000000, 34.97 W, 4 %
2026/09/30 09:56:28.802, 720 MHz, 405 MHz, 0x0000000000000000, 35.40 W, 5 %
2026/09/30 09:56:29.303, 630 MHz, 405 MHz, 0x0000000000000000, 34.29 W, 2 %
2026/09/30 09:56:29.816, 652 MHz, 405 MHz, 0x0000000000000000, 33.60 W, 5 %
2026/09/30 09:56:30.316, 600 MHz, 405 MHz, 0x0000000000000000, 32.74 W, 2 %
2026/09/30 09:56:30.827, 645 MHz, 405 MHz, 0x0000000000000000, 32.78 W, 4 %
2026/09/30 09:56:31.340, 585 MHz, 405 MHz, 0x0000000000000000, 32.70 W, 3 %
2026/09/30 09:56:31.854, 577 MHz, 405 MHz, 0x0000000000000000, 32.34 W, 3 %
2026/09/30 09:56:32.356, 592 MHz, 405 MHz, 0x0000000000000000, 32.32 W, 2 %
2026/09/30 09:56:32.868, 585 MHz, 405 MHz, 0x0000000000000000, 32.39 W, 2 %
2026/09/30 09:56:33.369, 592 MHz, 405 MHz, 0x0000000000000000, 31.95 W, 2 %
2026/09/30 09:56:33.873, 592 MHz, 405 MHz, 0x0000000000000000, 31.90 W, 2 %
2026/09/30 09:56:34.388, 600 MHz, 405 MHz, 0x0000000000000000, 32.03 W, 2 %
2026/09/30 09:56:34.902, 585 MHz, 405 MHz, 0x0000000000000000, 32.14 W, 2 %
2026/09/30 09:56:35.405, 600 MHz, 405 MHz, 0x0000000000000000, 31.86 W, 2 %
2026/09/30 09:56:35.919, 592 MHz, 405 MHz, 0x0000000000000000, 31.69 W, 3 %
2026/09/30 09:56:36.433, 585 MHz, 405 MHz, 0x0000000000000000, 31.80 W, 3 %
2026/09/30 09:56:36.947, 592 MHz, 405 MHz, 0x0000000000000000, 31.68 W, 3 %
2026/09/30 09:56:37.463, 592 MHz, 405 MHz, 0x0000000000000000, 31.80 W, 2 %
2026/09/30 09:56:37.977, 585 MHz, 405 MHz, 0x0000000000000000, 31.85 W, 2 %
2026/09/30 09:56:38.491, 585 MHz, 405 MHz, 0x0000000000000000, 31.99 W, 2 %
2026/09/30 09:56:39.003, 577 MHz, 405 MHz, 0x0000000000000000, 32.34 W, 2 %
2026/09/30 09:56:39.518, 592 MHz, 405 MHz, 0x0000000000000000, 32.32 W, 2 %
2026/09/30 09:56:40.020, 570 MHz, 405 MHz, 0x0000000000000000, 32.18 W, 2 %
2026/09/30 09:56:40.520, 547 MHz, 405 MHz, 0x0000000000000000, 31.67 W, 2 %
2026/09/30 09:56:41.033, 472 MHz, 405 MHz, 0x0000000000000000, 30.98 W, 2 %
2026/09/30 09:56:41.548, 1162 MHz, 13801 MHz, 0x0000000000000000, 33.60 W, 7 %
2026/09/30 09:56:42.062, 2452 MHz, 13801 MHz, 0x0000000000000000, 48.43 W, 21 %
2026/09/30 09:56:42.562, 2670 MHz, 13801 MHz, 0x0000000000000000, 70.35 W, 7 %
2026/09/30 09:56:43.077, 2707 MHz, 13801 MHz, 0x0000000000000000, 76.03 W, 2 %
2026/09/30 09:56:43.591, 2715 MHz, 13801 MHz, 0x0000000000000000, 75.89 W, 2 %
2026/09/30 09:56:44.104, 2715 MHz, 13801 MHz, 0x0000000000000000, 76.09 W, 2 %
2026/09/30 09:56:44.607, 2490 MHz, 13801 MHz, 0x0000000000000000, 71.71 W, 2 %
2026/09/30 09:56:45.122, 2482 MHz, 13801 MHz, 0x0000000000000000, 65.92 W, 2 %
2026/09/30 09:56:45.636, 2482 MHz, 13801 MHz, 0x0000000000000000, 64.55 W, 2 %
2026/09/30 09:56:46.150, 2527 MHz, 13801 MHz, 0x0000000000000000, 65.99 W, 3 %
2026/09/30 09:56:46.666, 2527 MHz, 13801 MHz, 0x0000000000000000, 67.59 W, 3 %
2026/09/30 09:56:47.174, 2535 MHz, 13801 MHz, 0x0000000000000000, 68.16 W, 3 %
2026/09/30 09:56:47.676, 2272 MHz, 7001 MHz, 0x0000000000000000, 67.11 W, 3 %
2026/09/30 09:56:48.192, 1110 MHz, 7001 MHz, 0x0000000000000000, 57.79 W, 3 %
2026/09/30 09:56:48.705, 1110 MHz, 810 MHz, 0x0000000000000000, 46.55 W, 5 %
2026/09/30 09:56:49.220, 990 MHz, 810 MHz, 0x0000000000000000, 41.12 W, 3 %
2026/09/30 09:56:49.731, 967 MHz, 810 MHz, 0x0000000000000000, 39.40 W, 5 %
2026/09/30 09:56:50.247, 892 MHz, 405 MHz, 0x0000000000000000, 39.48 W, 8 %
2026/09/30 09:56:50.761, 960 MHz, 405 MHz, 0x0000000000000000, 39.02 W, 8 %
2026/09/30 09:56:51.273, 967 MHz, 405 MHz, 0x0000000000000000, 38.08 W, 9 %
2026/09/30 09:56:51.784, 1057 MHz, 405 MHz, 0x0000000000000000, 39.18 W, 10 %
2026/09/30 09:56:52.293, 1065 MHz, 405 MHz, 0x0000000000000000, 40.14 W, 10 %
2026/09/30 09:56:52.804, 1005 MHz, 405 MHz, 0x0000000000000000, 39.44 W, 5 %
2026/09/30 09:56:53.312, 1012 MHz, 405 MHz, 0x0000000000000000, 39.04 W, 9 %
2026/09/30 09:56:53.825, 990 MHz, 405 MHz, 0x0000000000000000, 39.32 W, 7 %
2026/09/30 09:56:54.334, 1020 MHz, 405 MHz, 0x0000000000000000, 39.59 W, 12 %
2026/09/30 09:56:54.846, 997 MHz, 405 MHz, 0x0000000000000000, 38.70 W, 8 %
2026/09/30 09:56:55.357, 780 MHz, 405 MHz, 0x0000000000000000, 37.07 W, 6 %
2026/09/30 09:56:55.869, 817 MHz, 405 MHz, 0x0000000000000000, 36.06 W, 9 %
2026/09/30 09:56:56.380, 915 MHz, 405 MHz, 0x0000000000000000, 37.74 W, 7 %
2026/09/30 09:56:56.890, 922 MHz, 405 MHz, 0x0000000000000000, 38.84 W, 7 %
2026/09/30 09:56:57.404, 937 MHz, 405 MHz, 0x0000000000000000, 37.94 W, 6 %
2026/09/30 09:56:57.913, 945 MHz, 405 MHz, 0x0000000000000000, 38.58 W, 8 %
2026/09/30 09:56:58.425, 997 MHz, 405 MHz, 0x0000000000000000, 39.29 W, 9 %
2026/09/30 09:56:58.938, 990 MHz, 405 MHz, 0x0000000000000000, 39.57 W, 9 %
2026/09/30 09:56:59.445, 1050 MHz, 405 MHz, 0x0000000000000000, 39.94 W, 9 %
2026/09/30 09:56:59.956, 1042 MHz, 405 MHz, 0x0000000000000000, 40.17 W, 9 %
2026/09/30 09:57:00.468, 982 MHz, 405 MHz, 0x0000000000000000, 39.75 W, 8 %
2026/09/30 09:57:00.983, 915 MHz, 405 MHz, 0x0000000000000000, 39.12 W, 6 %
2026/09/30 09:57:01.498, 810 MHz, 405 MHz, 0x0000000000000000, 37.10 W, 5 %
2026/09/30 09:57:02.011, 615 MHz, 405 MHz, 0x0000000000000000, 33.29 W, 7 %
2026/09/30 09:57:02.516, 600 MHz, 405 MHz, 0x0000000000000000, 30.95 W, 12 %
2026/09/30 09:57:03.030, 630 MHz, 405 MHz, 0x0000000000000000, 31.67 W, 10 %
2026/09/30 09:57:03.531, 690 MHz, 405 MHz, 0x0000000000000000, 32.59 W, 11 %
2026/09/30 09:57:04.046, 705 MHz, 405 MHz, 0x0000000000000000, 33.54 W, 10 %
2026/09/30 09:57:04.546, 697 MHz, 405 MHz, 0x0000000000000000, 34.47 W, 2 %
2026/09/30 09:57:05.058, 1035 MHz, 405 MHz, 0x0000000000000000, 37.47 W, 10 %
2026/09/30 09:57:05.559, 1057 MHz, 405 MHz, 0x0000000000000000, 40.46 W, 10 %
2026/09/30 09:57:06.073, 1102 MHz, 405 MHz, 0x0000000000000000, 40.31 W, 11 %
2026/09/30 09:57:06.588, 1087 MHz, 405 MHz, 0x0000000000000000, 40.62 W, 10 %
2026/09/30 09:57:07.101, 1050 MHz, 405 MHz, 0x0000000000000000, 40.29 W, 10 %
2026/09/30 09:57:07.612, 1020 MHz, 405 MHz, 0x0000000000000000, 39.57 W, 5 %
2026/09/30 09:57:08.114, 960 MHz, 405 MHz, 0x0000000000000000, 38.82 W, 10 %
2026/09/30 09:57:08.627, 945 MHz, 405 MHz, 0x0000000000000000, 37.81 W, 10 %
2026/09/30 09:57:09.142, 1012 MHz, 405 MHz, 0x0000000000000000, 38.99 W, 10 %
2026/09/30 09:57:09.654, 1050 MHz, 405 MHz, 0x0000000000000000, 40.09 W, 10 %
2026/09/30 09:57:10.154, 1102 MHz, 405 MHz, 0x0000000000000000, 40.23 W, 10 %
2026/09/30 09:57:10.669, 1125 MHz, 405 MHz, 0x0000000000000000, 41.00 W, 9 %
2026/09/30 09:57:11.185, 1110 MHz, 405 MHz, 0x0000000000000000, 41.17 W, 10 %
2026/09/30 09:57:11.697, 1065 MHz, 405 MHz, 0x0000000000000000, 40.52 W, 10 %
2026/09/30 09:57:12.212, 1042 MHz, 405 MHz, 0x0000000000000000, 39.81 W, 10 %
2026/09/30 09:57:12.725, 1020 MHz, 405 MHz, 0x0000000000000000, 39.80 W, 12 %
2026/09/30 09:57:13.237, 1110 MHz, 405 MHz, 0x0000000000000000, 40.90 W, 10 %
2026/09/30 09:57:13.738, 1117 MHz, 405 MHz, 0x0000000000000000, 41.40 W, 9 %
2026/09/30 09:57:14.238, 1057 MHz, 405 MHz, 0x0000000000000000, 40.61 W, 8 %
2026/09/30 09:57:14.740, 997 MHz, 405 MHz, 0x0000000000000000, 39.20 W, 8 %
2026/09/30 09:57:15.255, 1125 MHz, 405 MHz, 0x0000000000000000, 40.13 W, 12 %
2026/09/30 09:57:15.767, 1012 MHz, 405 MHz, 0x0000000000000000, 40.87 W, 7 %
2026/09/30 09:57:16.283, 1042 MHz, 405 MHz, 0x0000000000000000, 40.60 W, 12 %
2026/09/30 09:57:16.798, 1027 MHz, 405 MHz, 0x0000000000000000, 40.19 W, 10 %
2026/09/30 09:57:17.301, 1027 MHz, 405 MHz, 0x0000000000000000, 39.93 W, 9 %
2026/09/30 09:57:17.813, 1005 MHz, 405 MHz, 0x0000000000000000, 40.35 W, 8 %
2026/09/30 09:57:18.322, 1042 MHz, 405 MHz, 0x0000000000000000, 40.55 W, 9 %
2026/09/30 09:57:18.838, 967 MHz, 405 MHz, 0x0000000000000000, 40.45 W, 6 %
2026/09/30 09:57:19.352, 1012 MHz, 405 MHz, 0x0000000000000000, 40.59 W, 10 %
2026/09/30 09:57:19.867, 1020 MHz, 405 MHz, 0x0000000000000000, 39.77 W, 11 %
2026/09/30 09:57:20.382, 990 MHz, 405 MHz, 0x0000000000000000, 39.68 W, 9 %
2026/09/30 09:57:20.895, 967 MHz, 405 MHz, 0x0000000000000000, 39.79 W, 10 %
2026/09/30 09:57:21.409, 900 MHz, 405 MHz, 0x0000000000000000, 39.47 W, 9 %
2026/09/30 09:57:21.925, 877 MHz, 405 MHz, 0x0000000000000000, 38.83 W, 12 %
2026/09/30 09:57:22.438, 825 MHz, 405 MHz, 0x0000000000000000, 37.42 W, 6 %
2026/09/30 09:57:22.941, 892 MHz, 405 MHz, 0x0000000000000000, 37.76 W, 12 %
2026/09/30 09:57:23.453, 907 MHz, 405 MHz, 0x0000000000000000, 38.72 W, 4 %
2026/09/30 09:57:23.958, 810 MHz, 405 MHz, 0x0000000000000000, 38.19 W, 5 %
2026/09/30 09:57:24.470, 1042 MHz, 405 MHz, 0x0000000000000000, 39.17 W, 8 %
2026/09/30 09:57:24.971, 1012 MHz, 405 MHz, 0x0000000000000000, 40.71 W, 11 %
2026/09/30 09:57:25.487, 1087 MHz, 405 MHz, 0x0000000000000000, 41.26 W, 10 %
2026/09/30 09:57:25.990, 1035 MHz, 405 MHz, 0x0000000000000000, 40.91 W, 8 %
2026/09/30 09:57:26.490, 1005 MHz, 405 MHz, 0x0000000000000000, 40.57 W, 9 %
2026/09/30 09:57:27.004, 1050 MHz, 405 MHz, 0x0000000000000000, 40.41 W, 9 %
2026/09/30 09:57:27.520, 1087 MHz, 405 MHz, 0x0000000000000000, 40.50 W, 9 %
2026/09/30 09:57:28.021, 1095 MHz, 405 MHz, 0x0000000000000000, 40.92 W, 10 %
2026/09/30 09:57:28.536, 1102 MHz, 405 MHz, 0x0000000000000000, 40.54 W, 7 %
2026/09/30 09:57:29.049, 1065 MHz, 405 MHz, 0x0000000000000000, 40.13 W, 7 %
2026/09/30 09:57:29.550, 1080 MHz, 405 MHz, 0x0000000000000000, 40.25 W, 9 %
2026/09/30 09:57:30.052, 1020 MHz, 405 MHz, 0x0000000000000000, 40.01 W, 8 %
2026/09/30 09:57:30.567, 1072 MHz, 405 MHz, 0x0000000000000000, 39.84 W, 8 %
2026/09/30 09:57:31.075, 1057 MHz, 405 MHz, 0x0000000000000000, 40.12 W, 10 %
2026/09/30 09:57:31.587, 990 MHz, 405 MHz, 0x0000000000000000, 39.96 W, 10 %
2026/09/30 09:57:32.101, 1065 MHz, 405 MHz, 0x0000000000000000, 40.05 W, 10 %
2026/09/30 09:57:32.612, 1057 MHz, 405 MHz, 0x0000000000000000, 40.55 W, 9 %
2026/09/30 09:57:33.113, 1042 MHz, 405 MHz, 0x0000000000000000, 40.45 W, 10 %
2026/09/30 09:57:33.627, 892 MHz, 405 MHz, 0x0000000000000000, 38.92 W, 9 %
2026/09/30 09:57:34.131, 892 MHz, 405 MHz, 0x0000000000000000, 37.61 W, 10 %
2026/09/30 09:57:34.644, 1005 MHz, 405 MHz, 0x0000000000000000, 38.23 W, 9 %
2026/09/30 09:57:35.158, 1020 MHz, 405 MHz, 0x0000000000000000, 40.09 W, 9 %
2026/09/30 09:57:35.670, 1020 MHz, 405 MHz, 0x0000000000000000, 40.29 W, 10 %
2026/09/30 09:57:36.171, 1020 MHz, 405 MHz, 0x0000000000000000, 39.63 W, 7 %
2026/09/30 09:57:36.672, 975 MHz, 405 MHz, 0x0000000000000000, 38.52 W, 7 %
2026/09/30 09:57:37.186, 1065 MHz, 405 MHz, 0x0000000000000000, 39.21 W, 10 %
2026/09/30 09:57:37.701, 982 MHz, 405 MHz, 0x0000000000000000, 39.75 W, 6 %
2026/09/30 09:57:38.203, 1110 MHz, 405 MHz, 0x0000000000000000, 39.73 W, 9 %
2026/09/30 09:57:38.704, 1005 MHz, 405 MHz, 0x0000000000000000, 39.90 W, 9 %
2026/09/30 09:57:39.219, 967 MHz, 405 MHz, 0x0000000000000000, 38.97 W, 5 %
2026/09/30 09:57:39.734, 1020 MHz, 405 MHz, 0x0000000000000000, 39.17 W, 9 %
2026/09/30 09:57:40.249, 1057 MHz, 405 MHz, 0x0000000000000000, 39.61 W, 6 %
2026/09/30 09:57:40.763, 945 MHz, 405 MHz, 0x0000000000000000, 39.22 W, 11 %
2026/09/30 09:57:41.276, 960 MHz, 405 MHz, 0x0000000000000000, 38.64 W, 9 %
2026/09/30 09:57:41.790, 952 MHz, 405 MHz, 0x0000000000000000, 38.82 W, 9 %
2026/09/30 09:57:42.304, 862 MHz, 405 MHz, 0x0000000000000000, 37.53 W, 8 %
2026/09/30 09:57:42.818, 870 MHz, 405 MHz, 0x0000000000000000, 36.87 W, 9 %
2026/09/30 09:57:43.319, 870 MHz, 405 MHz, 0x0000000000000000, 37.02 W, 10 %
2026/09/30 09:57:43.820, 862 MHz, 405 MHz, 0x0000000000000000, 36.61 W, 4 %
2026/09/30 09:57:44.334, 930 MHz, 405 MHz, 0x0000000000000000, 37.20 W, 10 %
2026/09/30 09:57:44.848, 937 MHz, 405 MHz, 0x0000000000000000, 38.91 W, 9 %
2026/09/30 09:57:45.361, 1042 MHz, 405 MHz, 0x0000000000000000, 40.40 W, 11 %
2026/09/30 09:57:45.877, 810 MHz, 405 MHz, 0x0000000000000000, 37.87 W, 11 %
2026/09/30 09:57:46.390, 1042 MHz, 405 MHz, 0x0000000000000000, 38.18 W, 6 %
2026/09/30 09:57:46.892, 997 MHz, 405 MHz, 0x0000000000000000, 40.05 W, 10 %
2026/09/30 09:57:47.394, 1042 MHz, 405 MHz, 0x0000000000000000, 39.90 W, 10 %
2026/09/30 09:57:47.908, 937 MHz, 405 MHz, 0x0000000000000000, 39.90 W, 10 %
2026/09/30 09:57:48.409, 1027 MHz, 405 MHz, 0x0000000000000000, 39.83 W, 9 %
2026/09/30 09:57:48.920, 1035 MHz, 405 MHz, 0x0000000000000000, 40.04 W, 9 %
2026/09/30 09:57:49.433, 1005 MHz, 405 MHz, 0x0000000000000000, 39.67 W, 8 %
2026/09/30 09:57:49.933, 1027 MHz, 405 MHz, 0x0000000000000000, 39.42 W, 8 %
2026/09/30 09:57:50.435, 1020 MHz, 405 MHz, 0x0000000000000000, 39.61 W, 9 %
2026/09/30 09:57:50.951, 1020 MHz, 405 MHz, 0x0000000000000000, 40.08 W, 9 %
2026/09/30 09:57:51.464, 1020 MHz, 405 MHz, 0x0000000000000000, 39.82 W, 7 %
2026/09/30 09:57:51.978, 1035 MHz, 405 MHz, 0x0000000000000000, 39.98 W, 7 %
2026/09/30 09:57:52.489, 997 MHz, 405 MHz, 0x0000000000000000, 40.16 W, 10 %
2026/09/30 09:57:52.990, 1087 MHz, 405 MHz, 0x0000000000000000, 40.73 W, 8 %
2026/09/30 09:57:53.505, 1020 MHz, 405 MHz, 0x0000000000000000, 40.69 W, 8 %
2026/09/30 09:57:54.020, 967 MHz, 405 MHz, 0x0000000000000000, 40.16 W, 10 %
2026/09/30 09:57:54.522, 967 MHz, 405 MHz, 0x0000000000000000, 40.24 W, 10 %
2026/09/30 09:57:55.023, 1057 MHz, 405 MHz, 0x0000000000000000, 40.41 W, 7 %
2026/09/30 09:57:55.539, 1042 MHz, 405 MHz, 0x0000000000000000, 40.29 W, 6 %
2026/09/30 09:57:56.052, 1057 MHz, 405 MHz, 0x0000000000000000, 40.44 W, 11 %
2026/09/30 09:57:56.554, 1027 MHz, 405 MHz, 0x0000000000000000, 40.86 W, 8 %
2026/09/30 09:57:57.069, 1027 MHz, 405 MHz, 0x0000000000000000, 40.57 W, 11 %
2026/09/30 09:57:57.583, 1005 MHz, 405 MHz, 0x0000000000000000, 39.97 W, 8 %
2026/09/30 09:57:58.084, 1065 MHz, 405 MHz, 0x0000000000000000, 40.00 W, 10 %
2026/09/30 09:57:58.597, 997 MHz, 405 MHz, 0x0000000000000000, 40.01 W, 11 %
2026/09/30 09:57:59.112, 1012 MHz, 405 MHz, 0x0000000000000000, 39.97 W, 10 %
2026/09/30 09:57:59.626, 1042 MHz, 405 MHz, 0x0000000000000000, 40.58 W, 8 %
2026/09/30 09:58:00.137, 975 MHz, 405 MHz, 0x0000000000000000, 40.24 W, 9 %
2026/09/30 09:58:00.651, 997 MHz, 405 MHz, 0x0000000000000000, 39.24 W, 4 %
2026/09/30 09:58:01.166, 892 MHz, 405 MHz, 0x0000000000000000, 38.73 W, 8 %
2026/09/30 09:58:01.676, 757 MHz, 405 MHz, 0x0000000000000000, 36.96 W, 6 %
2026/09/30 09:58:02.191, 855 MHz, 405 MHz, 0x0000000000000000, 35.82 W, 7 %
2026/09/30 09:58:02.702, 840 MHz, 405 MHz, 0x0000000000000000, 36.79 W, 6 %
2026/09/30 09:58:03.211, 765 MHz, 405 MHz, 0x0000000000000000, 36.35 W, 4 %
2026/09/30 09:58:03.723, 855 MHz, 405 MHz, 0x0000000000000000, 36.47 W, 4 %
2026/09/30 09:58:04.236, 877 MHz, 405 MHz, 0x0000000000000000, 38.10 W, 6 %
2026/09/30 09:58:04.752, 877 MHz, 405 MHz, 0x0000000000000000, 38.84 W, 9 %
2026/09/30 09:58:05.263, 1065 MHz, 405 MHz, 0x0000000000000000, 40.49 W, 10 %
2026/09/30 09:58:05.775, 1095 MHz, 405 MHz, 0x0000000000000000, 42.13 W, 10 %
2026/09/30 09:58:06.285, 1050 MHz, 405 MHz, 0x0000000000000000, 41.65 W, 11 %
2026/09/30 09:58:06.794, 1080 MHz, 405 MHz, 0x0000000000000000, 41.49 W, 10 %
2026/09/30 09:58:07.303, 1057 MHz, 405 MHz, 0x0000000000000000, 41.54 W, 11 %
2026/09/30 09:58:07.815, 1042 MHz, 405 MHz, 0x0000000000000000, 41.25 W, 10 %
2026/09/30 09:58:08.326, 1057 MHz, 405 MHz, 0x0000000000000000, 41.46 W, 10 %
2026/09/30 09:58:08.837, 622 MHz, 405 MHz, 0x0000000000000000, 37.03 W, 6 %
2026/09/30 09:58:09.352, 855 MHz, 405 MHz, 0x0000000000000000, 33.59 W, 7 %
2026/09/30 09:58:09.864, 847 MHz, 405 MHz, 0x0000000000000000, 34.01 W, 8 %
2026/09/30 09:58:10.375, 1177 MHz, 405 MHz, 0x0000000000000000, 38.76 W, 10 %
2026/09/30 09:58:10.888, 1065 MHz, 405 MHz, 0x0000000000000000, 40.01 W, 8 %
2026/09/30 09:58:11.389, 930 MHz, 405 MHz, 0x0000000000000000, 36.15 W, 8 %
2026/09/30 09:58:11.903, 870 MHz, 405 MHz, 0x0000000000000000, 34.37 W, 6 %
2026/09/30 09:58:12.415, 877 MHz, 405 MHz, 0x0000000000000000, 34.00 W, 6 %
2026/09/30 09:58:12.929, 795 MHz, 405 MHz, 0x0000000000000000, 33.44 W, 7 %
2026/09/30 09:58:13.436, 705 MHz, 405 MHz, 0x0000000000000000, 32.34 W, 5 %
2026/09/30 09:58:13.949, 562 MHz, 405 MHz, 0x0000000000000000, 29.98 W, 2 %
2026/09/30 09:58:14.465, 570 MHz, 405 MHz, 0x0000000000000000, 28.19 W, 7 %
2026/09/30 09:58:14.980, 517 MHz, 405 MHz, 0x0000000000000000, 28.72 W, 5 %
2026/09/30 09:58:15.493, 480 MHz, 405 MHz, 0x0000000000000000, 28.24 W, 7 %
2026/09/30 09:58:15.994, 510 MHz, 405 MHz, 0x0000000000000000, 28.52 W, 9 %
2026/09/30 09:58:16.509, 390 MHz, 405 MHz, 0x0000000000000000, 27.71 W, 2 %
2026/09/30 09:58:17.012, 337 MHz, 405 MHz, 0x0000000000000000, 25.82 W, 6 %
2026/09/30 09:58:17.527, 330 MHz, 405 MHz, 0x0000000000000000, 25.90 W, 2 %
2026/09/30 09:58:18.041, 450 MHz, 405 MHz, 0x0000000000000000, 27.07 W, 7 %
2026/09/30 09:58:18.555, 397 MHz, 405 MHz, 0x0000000000000000, 27.50 W, 3 %
2026/09/30 09:58:19.069, 382 MHz, 405 MHz, 0x0000000000000000, 27.02 W, 5 %
2026/09/30 09:58:19.581, 397 MHz, 405 MHz, 0x0000000000000000, 26.89 W, 5 %
2026/09/30 09:58:20.095, 360 MHz, 405 MHz, 0x0000000000000000, 26.47 W, 7 %
2026/09/30 09:58:20.608, 442 MHz, 405 MHz, 0x0000000000000000, 26.96 W, 7 %
2026/09/30 09:58:21.109, 420 MHz, 405 MHz, 0x0000000000000000, 27.35 W, 1 %
2026/09/30 09:58:21.611, 2520 MHz, 13801 MHz, 0x0000000000000000, 66.63 W, 19 %
2026/09/30 09:58:22.111, 2940 MHz, 13801 MHz, 0x0000000000000000, 108.91 W, 10 %
2026/09/30 09:58:22.625, 2940 MHz, 13801 MHz, 0x0000000000000000, 111.22 W, 12 %
2026/09/30 09:58:23.137, 2940 MHz, 13801 MHz, 0x0000000000000000, 105.46 W, 0 %
2026/09/30 09:58:23.647, 2940 MHz, 13801 MHz, 0x0000000000000000, 96.24 W, 0 %
2026/09/30 09:58:24.160, 2940 MHz, 13801 MHz, 0x0000000000000000, 92.28 W, 0 %
2026/09/30 09:58:24.661, 2902 MHz, 7001 MHz, 0x0000000000000000, 86.87 W, 0 %
2026/09/30 09:58:25.173, 547 MHz, 7001 MHz, 0x0000000000000000, 57.97 W, 0 %
2026/09/30 09:58:25.674, 435 MHz, 7001 MHz, 0x0000000000000000, 34.40 W, 0 %
2026/09/30 09:58:26.190, 352 MHz, 7001 MHz, 0x0000000000000000, 33.45 W, 0 %
2026/09/30 09:58:26.704, 270 MHz, 7001 MHz, 0x0000000000000000, 33.19 W, 0 %
2026/09/30 09:58:27.216, 225 MHz, 7001 MHz, 0x0000000000000000, 32.96 W, 0 %
2026/09/30 09:58:27.719, 180 MHz, 810 MHz, 0x0000000000000000, 25.68 W, 0 %
2026/09/30 09:58:28.234, 532 MHz, 810 MHz, 0x0000000000000000, 19.90 W, 0 %
2026/09/30 09:58:28.747, 180 MHz, 810 MHz, 0x0000000000000000, 17.99 W, 0 %
2026/09/30 09:58:29.249, 352 MHz, 405 MHz, 0x0000000000000000, 15.45 W, 0 %
2026/09/30 09:58:29.751, 1837 MHz, 13801 MHz, 0x0000000000000000, 39.96 W, 25 %
2026/09/30 09:58:30.264, 2940 MHz, 13801 MHz, 0x0000000000000000, 74.08 W, 0 %
2026/09/30 09:58:30.776, 2940 MHz, 13801 MHz, 0x0000000000000000, 101.21 W, 12 %
2026/09/30 09:58:31.291, 2940 MHz, 13801 MHz, 0x0000000000000000, 100.40 W, 0 %
2026/09/30 09:58:31.791, 1395 MHz, 7001 MHz, 0x0000000000000000, 76.26 W, 0 %
2026/09/30 09:58:32.303, 1275 MHz, 7001 MHz, 0x0000000000000000, 58.08 W, 0 %
2026/09/30 09:58:32.804, 720 MHz, 7001 MHz, 0x0000000000000000, 44.71 W, 0 %
2026/09/30 09:58:33.318, 562 MHz, 7001 MHz, 0x0000000000000000, 34.67 W, 0 %
2026/09/30 09:58:33.833, 450 MHz, 7001 MHz, 0x0000000000000000, 34.16 W, 0 %
2026/09/30 09:58:34.334, 360 MHz, 7001 MHz, 0x0000000000000000, 33.96 W, 0 %
2026/09/30 09:58:34.848, 285 MHz, 7001 MHz, 0x0000000000000000, 33.60 W, 0 %
2026/09/30 09:58:35.351, 225 MHz, 810 MHz, 0x0000000000000000, 32.05 W, 0 %
2026/09/30 09:58:35.863, 180 MHz, 810 MHz, 0x0000000000000000, 23.71 W, 0 %
2026/09/30 09:58:36.376, 172 MHz, 810 MHz, 0x0000000000000000, 18.65 W, 46 %
2026/09/30 09:58:36.885, 2932 MHz, 13801 MHz, 0x0000000000000000, 93.66 W, 0 %
2026/09/30 09:58:37.386, 2940 MHz, 13801 MHz, 0x0000000000000000, 128.00 W, 0 %
2026/09/30 09:58:37.890, 2940 MHz, 13801 MHz, 0x0000000000000000, 100.42 W, 0 %
2026/09/30 09:58:38.391, 2940 MHz, 13801 MHz, 0x0000000000000000, 100.36 W, 0 %
2026/09/30 09:58:38.905, 2272 MHz, 13801 MHz, 0x0000000000000000, 95.95 W, 0 %
2026/09/30 09:58:39.420, 2542 MHz, 13801 MHz, 0x0000000000000000, 81.75 W, 0 %
2026/09/30 09:58:39.935, 2542 MHz, 13801 MHz, 0x0000000000000000, 64.17 W, 0 %
2026/09/30 09:58:40.449, 2542 MHz, 13801 MHz, 0x0000000000000000, 64.06 W, 0 %
2026/09/30 09:58:40.951, 487 MHz, 7001 MHz, 0x0000000000000000, 52.45 W, 0 %
2026/09/30 09:58:41.464, 390 MHz, 7001 MHz, 0x0000000000000000, 39.84 W, 0 %
2026/09/30 09:58:41.978, 307 MHz, 7001 MHz, 0x0000000000000000, 34.05 W, 0 %
2026/09/30 09:58:42.493, 247 MHz, 7001 MHz, 0x0000000000000000, 33.86 W, 0 %
2026/09/30 09:58:42.995, 195 MHz, 7001 MHz, 0x0000000000000000, 33.68 W, 0 %
2026/09/30 09:58:43.510, 180 MHz, 7001 MHz, 0x0000000000000000, 33.82 W, 0 %
2026/09/30 09:58:44.024, 187 MHz, 810 MHz, 0x0000000000000000, 30.73 W, 0 %
2026/09/30 09:58:44.538, 217 MHz, 810 MHz, 0x0000000000000000, 23.86 W, 0 %
2026/09/30 09:58:45.050, 2775 MHz, 13801 MHz, 0x0000000000000000, 85.11 W, 71 %
2026/09/30 09:58:45.553, 2940 MHz, 13801 MHz, 0x0000000000000000, 117.25 W, 0 %
2026/09/30 09:58:46.066, 2940 MHz, 13801 MHz, 0x0000000000000000, 115.69 W, 0 %
2026/09/30 09:58:46.568, 2940 MHz, 13801 MHz, 0x0000000000000000, 92.48 W, 0 %
2026/09/30 09:58:47.083, 1987 MHz, 7001 MHz, 0x0000000000000000, 81.61 W, 0 %
2026/09/30 09:58:47.598, 547 MHz, 7001 MHz, 0x0000000000000000, 56.54 W, 0 %
2026/09/30 09:58:48.113, 420 MHz, 7001 MHz, 0x0000000000000000, 34.73 W, 0 %
2026/09/30 09:58:48.613, 352 MHz, 7001 MHz, 0x0000000000000000, 34.14 W, 0 %
2026/09/30 09:58:49.116, 1492 MHz, 7001 MHz, 0x0000000000000000, 57.16 W, 4 %
2026/09/30 09:58:49.617, 1770 MHz, 13801 MHz, 0x0000000000000000, 64.09 W, 0 %
2026/09/30 09:58:50.132, 1770 MHz, 13801 MHz, 0x0000000000000000, 53.96 W, 0 %
2026/09/30 09:58:50.635, 1770 MHz, 13801 MHz, 0x0000000000000000, 53.75 W, 0 %
2026/09/30 09:58:51.136, 1185 MHz, 7001 MHz, 0x0000000000000000, 50.13 W, 0 %
2026/09/30 09:58:51.641, 300 MHz, 7001 MHz, 0x0000000000000000, 41.58 W, 0 %
2026/09/30 09:58:52.144, 1162 MHz, 7001 MHz, 0x0000000000000000, 45.63 W, 0 %
2026/09/30 09:58:52.651, 705 MHz, 7001 MHz, 0x0000000000000000, 47.30 W, 0 %
2026/09/30 09:58:53.165, 547 MHz, 7001 MHz, 0x0000000000000000, 35.15 W, 0 %
2026/09/30 09:58:53.679, 435 MHz, 7001 MHz, 0x0000000000000000, 34.92 W, 0 %
2026/09/30 09:58:54.180, 345 MHz, 7001 MHz, 0x0000000000000000, 34.66 W, 0 %
2026/09/30 09:58:54.681, 277 MHz, 7001 MHz, 0x0000000000000000, 34.22 W, 0 %
2026/09/30 09:58:55.194, 255 MHz, 810 MHz, 0x0000000000000000, 29.47 W, 0 %
2026/09/30 09:58:55.709, 2032 MHz, 13801 MHz, 0x0000000000000000, 57.95 W, 44 %
2026/09/30 09:58:56.210, 2940 MHz, 13801 MHz, 0x0000000000000000, 87.97 W, 0 %
2026/09/30 09:58:56.725, 2940 MHz, 13801 MHz, 0x0000000000000000, 96.10 W, 0 %
2026/09/30 09:58:57.239, 2940 MHz, 13801 MHz, 0x0000000000000000, 92.60 W, 0 %
2026/09/30 09:58:57.742, 1192 MHz, 7001 MHz, 0x0000000000000000, 77.64 W, 0 %
2026/09/30 09:58:58.254, 607 MHz, 7001 MHz, 0x0000000000000000, 51.55 W, 0 %
2026/09/30 09:58:58.769, 487 MHz, 7001 MHz, 0x0000000000000000, 34.85 W, 0 %
2026/09/30 09:58:59.285, 382 MHz, 7001 MHz, 0x0000000000000000, 34.24 W, 0 %
2026/09/30 09:58:59.800, 307 MHz, 7001 MHz, 0x0000000000000000, 33.88 W, 0 %
2026/09/30 09:59:00.302, 240 MHz, 7001 MHz, 0x0000000000000000, 33.70 W, 0 %
2026/09/30 09:59:00.817, 255 MHz, 7001 MHz, 0x0000000000000000, 33.83 W, 0 %
2026/09/30 09:59:01.318, 1380 MHz, 7001 MHz, 0x0000000000000000, 56.17 W, 7 %
2026/09/30 09:59:01.819, 2152 MHz, 13801 MHz, 0x0000000000000000, 79.55 W, 70 %
2026/09/30 09:59:02.322, 2940 MHz, 13801 MHz, 0x0000000000000000, 98.36 W, 32 %
2026/09/30 09:59:02.837, 2940 MHz, 13801 MHz, 0x0000000000000000, 119.92 W, 0 %
2026/09/30 09:59:03.351, 2932 MHz, 13801 MHz, 0x0000000000000000, 131.76 W, 0 %
2026/09/30 09:59:03.866, 2940 MHz, 13801 MHz, 0x0000000000000000, 115.58 W, 16 %
2026/09/30 09:59:04.378, 2940 MHz, 13801 MHz, 0x0000000000000000, 113.12 W, 0 %
2026/09/30 09:59:04.890, 2940 MHz, 13801 MHz, 0x0000000000000000, 112.80 W, 0 %
2026/09/30 09:59:05.404, 2932 MHz, 13801 MHz, 0x0000000000000000, 138.50 W, 0 %
2026/09/30 09:59:05.915, 2932 MHz, 13801 MHz, 0x0000000000000000, 139.09 W, 6 %
2026/09/30 09:59:06.430, 2940 MHz, 13801 MHz, 0x0000000000000000, 125.78 W, 49 %
2026/09/30 09:59:06.942, 2940 MHz, 13801 MHz, 0x0000000000000000, 116.61 W, 0 %
2026/09/30 09:59:07.444, 2932 MHz, 13801 MHz, 0x0000000000000000, 136.85 W, 0 %
2026/09/30 09:59:07.959, 2940 MHz, 13801 MHz, 0x0000000000000000, 115.34 W, 0 %
2026/09/30 09:59:08.468, 2932 MHz, 13801 MHz, 0x0000000000000000, 111.93 W, 0 %
2026/09/30 09:59:08.969, 2940 MHz, 13801 MHz, 0x0000000000000000, 111.96 W, 0 %
2026/09/30 09:59:09.470, 2940 MHz, 13801 MHz, 0x0000000000000000, 92.94 W, 0 %
2026/09/30 09:59:09.984, 2940 MHz, 13801 MHz, 0x0000000000000000, 92.91 W, 0 %
2026/09/30 09:59:10.498, 2940 MHz, 13801 MHz, 0x0000000000000000, 111.87 W, 0 %
2026/09/30 09:59:11.012, 2940 MHz, 13801 MHz, 0x0000000000000000, 111.83 W, 0 %
2026/09/30 09:59:11.527, 2940 MHz, 13801 MHz, 0x0000000000000000, 115.65 W, 0 %
2026/09/30 09:59:12.040, 2940 MHz, 13801 MHz, 0x0000000000000000, 115.57 W, 0 %
2026/09/30 09:59:12.540, 2940 MHz, 13801 MHz, 0x0000000000000000, 112.07 W, 0 %
2026/09/30 09:59:13.052, 2940 MHz, 13801 MHz, 0x0000000000000000, 111.97 W, 0 %
2026/09/30 09:59:13.567, 2940 MHz, 13801 MHz, 0x0000000000000000, 116.20 W, 0 %
2026/09/30 09:59:14.079, 2940 MHz, 13801 MHz, 0x0000000000000000, 120.39 W, 22 %
2026/09/30 09:59:14.594, 2235 MHz, 13801 MHz, 0x0000000000000000, 100.65 W, 0 %
2026/09/30 09:59:15.104, 1822 MHz, 13801 MHz, 0x0000000000000000, 83.26 W, 0 %
2026/09/30 09:59:15.617, 2160 MHz, 13801 MHz, 0x0000000000000000, 74.38 W, 0 %
2026/09/30 09:59:16.127, 2940 MHz, 13801 MHz, 0x0000000000000000, 102.83 W, 36 %
2026/09/30 09:59:16.641, 2940 MHz, 13801 MHz, 0x0000000000000000, 113.54 W, 0 %
2026/09/30 09:59:17.151, 2940 MHz, 13801 MHz, 0x0000000000000000, 113.86 W, 0 %
2026/09/30 09:59:17.664, 2940 MHz, 13801 MHz, 0x0000000000000000, 116.81 W, 0 %
2026/09/30 09:59:18.175, 2932 MHz, 13801 MHz, 0x0000000000000000, 139.60 W, 0 %
2026/09/30 09:59:18.687, 2932 MHz, 13801 MHz, 0x0000000000000000, 138.79 W, 0 %
2026/09/30 09:59:19.198, 2932 MHz, 13801 MHz, 0x0000000000000000, 137.16 W, 0 %
2026/09/30 09:59:19.713, 2940 MHz, 13801 MHz, 0x0000000000000000, 112.21 W, 0 %
2026/09/30 09:59:20.222, 2220 MHz, 13801 MHz, 0x0000000000000000, 103.20 W, 0 %
2026/09/30 09:59:20.734, 2370 MHz, 13801 MHz, 0x0000000000000000, 112.01 W, 0 %
2026/09/30 09:59:21.246, 1935 MHz, 13801 MHz, 0x0000000000000000, 79.73 W, 0 %
2026/09/30 09:59:21.758, 2220 MHz, 13801 MHz, 0x0000000000000000, 77.26 W, 0 %
2026/09/30 09:59:22.272, 1620 MHz, 7001 MHz, 0x0000000000000000, 75.79 W, 0 %
2026/09/30 09:59:22.785, 1950 MHz, 13801 MHz, 0x0000000000000000, 67.01 W, 7 %
2026/09/30 09:59:23.297, 2310 MHz, 13801 MHz, 0x0000000000000000, 68.06 W, 0 %
2026/09/30 09:59:23.806, 2317 MHz, 13801 MHz, 0x0000000000000000, 59.83 W, 0 %
2026/09/30 09:59:24.317, 2355 MHz, 13801 MHz, 0x0000000000000000, 80.86 W, 0 %
2026/09/30 09:59:24.828, 1965 MHz, 13801 MHz, 0x0000000000000000, 80.14 W, 0 %
2026/09/30 09:59:25.341, 1845 MHz, 13801 MHz, 0x0000000000000000, 79.75 W, 0 %
2026/09/30 09:59:25.857, 2332 MHz, 13801 MHz, 0x0000000000000000, 108.11 W, 0 %
2026/09/30 09:59:26.370, 2272 MHz, 13801 MHz, 0x0000000000000000, 108.32 W, 3 %
2026/09/30 09:59:26.883, 2887 MHz, 13801 MHz, 0x0000000000000000, 136.44 W, 83 %
2026/09/30 09:59:27.395, 2940 MHz, 13801 MHz, 0x0000000000000000, 119.14 W, 0 %
2026/09/30 09:59:27.909, 2940 MHz, 13801 MHz, 0x0000000000000000, 132.54 W, 0 %
2026/09/30 09:59:28.424, 2932 MHz, 13801 MHz, 0x0000000000000000, 139.77 W, 0 %
2026/09/30 09:59:28.924, 2940 MHz, 13801 MHz, 0x0000000000000000, 116.93 W, 0 %
2026/09/30 09:59:29.436, 2932 MHz, 13801 MHz, 0x0000000000000000, 114.93 W, 0 %
2026/09/30 09:59:29.939, 2940 MHz, 13801 MHz, 0x0000000000000000, 122.34 W, 27 %
2026/09/30 09:59:30.440, 2707 MHz, 13801 MHz, 0x0000000000000000, 109.50 W, 0 %
2026/09/30 09:59:30.942, 2812 MHz, 13801 MHz, 0x0000000000000000, 123.36 W, 0 %
2026/09/30 09:59:31.454, 2940 MHz, 13801 MHz, 0x0000000000000000, 105.75 W, 0 %
2026/09/30 09:59:31.968, 2940 MHz, 13801 MHz, 0x0000000000000000, 114.59 W, 0 %
2026/09/30 09:59:32.481, 2940 MHz, 13801 MHz, 0x0000000000000000, 125.12 W, 39 %
2026/09/30 09:59:32.994, 2940 MHz, 13801 MHz, 0x0000000000000000, 115.16 W, 0 %
2026/09/30 09:59:33.508, 2940 MHz, 13801 MHz, 0x0000000000000000, 133.98 W, 90 %
2026/09/30 09:59:34.024, 2940 MHz, 13801 MHz, 0x0000000000000000, 113.88 W, 0 %
2026/09/30 09:59:34.537, 2940 MHz, 13801 MHz, 0x0000000000000000, 117.04 W, 25 %
2026/09/30 09:59:35.051, 2940 MHz, 13801 MHz, 0x0000000000000000, 115.98 W, 0 %
2026/09/30 09:59:35.562, 2940 MHz, 13801 MHz, 0x0000000000000000, 120.31 W, 44 %
2026/09/30 09:59:36.076, 2940 MHz, 13801 MHz, 0x0000000000000000, 113.74 W, 0 %
2026/09/30 09:59:36.587, 2932 MHz, 13801 MHz, 0x0000000000000000, 134.70 W, 18 %
2026/09/30 09:59:37.098, 2940 MHz, 13801 MHz, 0x0000000000000000, 113.96 W, 0 %
2026/09/30 09:59:37.613, 2932 MHz, 13801 MHz, 0x0000000000000000, 119.13 W, 0 %
2026/09/30 09:59:38.128, 2940 MHz, 13801 MHz, 0x0000000000000000, 114.14 W, 0 %
2026/09/30 09:59:38.644, 2580 MHz, 13801 MHz, 0x0000000000000000, 107.09 W, 0 %
2026/09/30 09:59:39.159, 2062 MHz, 13801 MHz, 0x0000000000000000, 114.33 W, 95 %
2026/09/30 09:59:39.673, 2940 MHz, 13801 MHz, 0x0000000000000000, 101.12 W, 0 %
2026/09/30 09:59:40.176, 2940 MHz, 13801 MHz, 0x0000000000000000, 93.05 W, 0 %
2026/09/30 09:59:40.689, 2940 MHz, 13801 MHz, 0x0000000000000000, 92.88 W, 0 %
2026/09/30 09:59:41.203, 1965 MHz, 7001 MHz, 0x0000000000000000, 81.76 W, 0 %
2026/09/30 09:59:41.705, 495 MHz, 7001 MHz, 0x0000000000000000, 52.75 W, 0 %
2026/09/30 09:59:42.214, 390 MHz, 7001 MHz, 0x0000000000000000, 34.86 W, 0 %
2026/09/30 09:59:42.718, 315 MHz, 7001 MHz, 0x0000000000000000, 34.64 W, 0 %
2026/09/30 09:59:43.221, 2092 MHz, 13801 MHz, 0x0000000000000000, 53.46 W, 0 %
2026/09/30 09:59:43.736, 1987 MHz, 13801 MHz, 0x0000000000000000, 62.73 W, 0 %
2026/09/30 09:59:44.251, 1987 MHz, 13801 MHz, 0x0000000000000000, 54.81 W, 0 %
2026/09/30 09:59:44.767, 2400 MHz, 13801 MHz, 0x0000000000000000, 85.48 W, 0 %
2026/09/30 09:59:45.279, 2940 MHz, 13801 MHz, 0x0000000000000000, 100.00 W, 0 %
2026/09/30 09:59:45.780, 2932 MHz, 13801 MHz, 0x0000000000000000, 115.99 W, 0 %
2026/09/30 09:59:46.282, 2940 MHz, 13801 MHz, 0x0000000000000000, 113.92 W, 0 %
2026/09/30 09:59:46.797, 2940 MHz, 13801 MHz, 0x0000000000000000, 93.09 W, 0 %
2026/09/30 09:59:47.310, 2940 MHz, 13801 MHz, 0x0000000000000000, 116.21 W, 0 %
2026/09/30 09:59:47.825, 2940 MHz, 13801 MHz, 0x0000000000000000, 114.02 W, 0 %
2026/09/30 09:59:48.335, 2940 MHz, 13801 MHz, 0x0000000000000000, 92.69 W, 0 %
2026/09/30 09:59:48.848, 2902 MHz, 7001 MHz, 0x0000000000000000, 87.36 W, 0 %
2026/09/30 09:59:49.362, 525 MHz, 7001 MHz, 0x0000000000000000, 61.52 W, 0 %
2026/09/30 09:59:49.863, 435 MHz, 7001 MHz, 0x0000000000000000, 35.05 W, 0 %
2026/09/30 09:59:50.364, 1455 MHz, 13801 MHz, 0x0000000000000000, 54.42 W, 0 %
2026/09/30 09:59:50.877, 1627 MHz, 13801 MHz, 0x0000000000000000, 65.32 W, 0 %
2026/09/30 09:59:51.378, 2190 MHz, 13801 MHz, 0x0000000000000000, 81.26 W, 0 %
2026/09/30 09:59:51.880, 1627 MHz, 13801 MHz, 0x0000000000000000, 79.02 W, 0 %
2026/09/30 09:59:52.384, 1597 MHz, 13801 MHz, 0x0000000000000000, 69.42 W, 80 %
2026/09/30 09:59:52.899, 2542 MHz, 13801 MHz, 0x0000000000000000, 79.09 W, 0 %
2026/09/30 09:59:53.414, 2662 MHz, 13801 MHz, 0x0000000000000000, 89.37 W, 0 %
2026/09/30 09:59:53.915, 2715 MHz, 13801 MHz, 0x0000000000000000, 119.49 W, 0 %
2026/09/30 09:59:54.427, 2557 MHz, 13801 MHz, 0x0000000000000000, 116.53 W, 0 %
2026/09/30 09:59:54.930, 2422 MHz, 13801 MHz, 0x0000000000000000, 110.79 W, 0 %
2026/09/30 09:59:55.431, 2310 MHz, 13801 MHz, 0x0000000000000000, 108.64 W, 0 %
2026/09/30 09:59:55.947, 2707 MHz, 13801 MHz, 0x0000000000000000, 109.67 W, 0 %
2026/09/30 09:59:56.459, 2902 MHz, 13801 MHz, 0x0000000000000000, 123.19 W, 0 %
2026/09/30 09:59:56.962, 2940 MHz, 13801 MHz, 0x0000000000000000, 115.36 W, 0 %
2026/09/30 09:59:57.473, 2932 MHz, 13801 MHz, 0x0000000000000000, 117.49 W, 0 %
2026/09/30 09:59:57.975, 2940 MHz, 13801 MHz, 0x0000000000000000, 136.87 W, 67 %
2026/09/30 09:59:58.486, 2940 MHz, 13801 MHz, 0x0000000000000000, 114.65 W, 0 %
2026/09/30 09:59:58.986, 2932 MHz, 13801 MHz, 0x0000000000000000, 116.01 W, 0 %
2026/09/30 09:59:59.487, 2940 MHz, 13801 MHz, 0x0000000000000000, 124.80 W, 41 %
2026/09/30 10:00:00.000, 2940 MHz, 13801 MHz, 0x0000000000000000, 117.20 W, 0 %
2026/09/30 10:00:00.510, 2940 MHz, 13801 MHz, 0x0000000000000000, 137.14 W, 73 %
2026/09/30 10:00:01.013, 2940 MHz, 13801 MHz, 0x0000000000000000, 115.14 W, 0 %
2026/09/30 10:00:01.527, 2917 MHz, 13801 MHz, 0x0000000000000000, 106.50 W, 66 %
2026/09/30 10:00:02.041, 2940 MHz, 13801 MHz, 0x0000000000000000, 111.00 W, 0 %
2026/09/30 10:00:02.555, 2932 MHz, 13801 MHz, 0x0000000000000000, 131.71 W, 26 %
2026/09/30 10:00:03.064, 2940 MHz, 13801 MHz, 0x0000000000000000, 113.65 W, 0 %
2026/09/30 10:00:03.577, 2932 MHz, 13801 MHz, 0x0000000000000000, 120.04 W, 0 %
2026/09/30 10:00:04.091, 2940 MHz, 13801 MHz, 0x0000000000000000, 115.72 W, 0 %
2026/09/30 10:00:04.606, 2932 MHz, 13801 MHz, 0x0000000000000000, 114.46 W, 0 %
2026/09/30 10:00:05.121, 2940 MHz, 13801 MHz, 0x0000000000000000, 112.50 W, 0 %
2026/09/30 10:00:05.635, 2932 MHz, 13801 MHz, 0x0000000000000000, 114.78 W, 0 %
2026/09/30 10:00:06.146, 2940 MHz, 13801 MHz, 0x0000000000000000, 116.96 W, 0 %
2026/09/30 10:00:06.648, 2940 MHz, 13801 MHz, 0x0000000000000000, 116.99 W, 0 %
2026/09/30 10:00:07.163, 2940 MHz, 13801 MHz, 0x0000000000000000, 128.13 W, 51 %
2026/09/30 10:00:07.674, 2940 MHz, 13801 MHz, 0x0000000000000000, 114.64 W, 0 %
2026/09/30 10:00:08.189, 2940 MHz, 7001 MHz, 0x0000000000000000, 114.52 W, 0 %
2026/09/30 10:00:08.703, 1305 MHz, 7001 MHz, 0x0000000000000000, 66.16 W, 0 %
2026/09/30 10:00:09.218, 1027 MHz, 7001 MHz, 0x0000000000000000, 37.98 W, 0 %
2026/09/30 10:00:09.733, 802 MHz, 7001 MHz, 0x0000000000000000, 36.10 W, 0 %
2026/09/30 10:00:10.247, 645 MHz, 7001 MHz, 0x0000000000000000, 35.50 W, 0 %
2026/09/30 10:00:10.751, 510 MHz, 7001 MHz, 0x0000000000000000, 35.04 W, 0 %
2026/09/30 10:00:11.256, 2265 MHz, 13801 MHz, 0x0000000000000000, 60.95 W, 0 %
2026/09/30 10:00:11.756, 2280 MHz, 13801 MHz, 0x0000000000000000, 71.90 W, 0 %
2026/09/30 10:00:12.267, 2475 MHz, 13801 MHz, 0x0000000000000000, 83.88 W, 34 %
2026/09/30 10:00:12.779, 2940 MHz, 13801 MHz, 0x0000000000000000, 97.67 W, 0 %
2026/09/30 10:00:13.282, 2940 MHz, 13801 MHz, 0x0000000000000000, 120.75 W, 50 %
2026/09/30 10:00:13.797, 2940 MHz, 13801 MHz, 0x0000000000000000, 114.45 W, 0 %
2026/09/30 10:00:14.310, 2940 MHz, 13801 MHz, 0x0000000000000000, 104.94 W, 0 %
2026/09/30 10:00:14.811, 2940 MHz, 13801 MHz, 0x0000000000000000, 92.89 W, 0 %
2026/09/30 10:00:15.327, 1965 MHz, 7001 MHz, 0x0000000000000000, 81.72 W, 0 %
2026/09/30 10:00:15.840, 495 MHz, 7001 MHz, 0x0000000000000000, 52.65 W, 0 %
2026/09/30 10:00:16.341, 397 MHz, 7001 MHz, 0x0000000000000000, 47.30 W, 65 %
2026/09/30 10:00:16.852, 1035 MHz, 7001 MHz, 0x0000000000000000, 55.03 W, 0 %
2026/09/30 10:00:17.354, 825 MHz, 7001 MHz, 0x0000000000000000, 65.09 W, 54 %
2026/09/30 10:00:17.855, 1035 MHz, 7001 MHz, 0x0000000000000000, 57.86 W, 0 %
2026/09/30 10:00:18.370, 832 MHz, 7001 MHz, 0x0000000000000000, 55.86 W, 0 %
2026/09/30 10:00:18.885, 2077 MHz, 13801 MHz, 0x0000000000000000, 64.07 W, 0 %
2026/09/30 10:00:19.397, 2557 MHz, 13801 MHz, 0x0000000000000000, 84.09 W, 29 %
2026/09/30 10:00:19.912, 2385 MHz, 13801 MHz, 0x0000000000000000, 86.87 W, 0 %
2026/09/30 10:00:20.425, 1687 MHz, 7001 MHz, 0x0000000000000000, 64.44 W, 0 %
2026/09/30 10:00:20.940, 1815 MHz, 7001 MHz, 0x0000000000000000, 58.91 W, 0 %
2026/09/30 10:00:21.442, 1245 MHz, 7001 MHz, 0x0000000000000000, 52.16 W, 0 %
2026/09/30 10:00:21.954, 997 MHz, 7001 MHz, 0x0000000000000000, 37.34 W, 0 %
2026/09/30 10:00:22.456, 877 MHz, 7001 MHz, 0x0000000000000000, 39.38 W, 3 %
2026/09/30 10:00:22.957, 1567 MHz, 13801 MHz, 0x0000000000000000, 64.97 W, 93 %
2026/09/30 10:00:23.471, 2940 MHz, 13801 MHz, 0x0000000000000000, 90.37 W, 0 %
2026/09/30 10:00:23.984, 2940 MHz, 13801 MHz, 0x0000000000000000, 98.37 W, 0 %
2026/09/30 10:00:24.499, 2940 MHz, 13801 MHz, 0x0000000000000000, 92.79 W, 0 %
2026/09/30 10:00:25.000, 2062 MHz, 7001 MHz, 0x0000000000000000, 82.78 W, 0 %
2026/09/30 10:00:25.514, 705 MHz, 7001 MHz, 0x0000000000000000, 56.61 W, 0 %
2026/09/30 10:00:26.027, 555 MHz, 7001 MHz, 0x0000000000000000, 35.15 W, 0 %
2026/09/30 10:00:26.527, 442 MHz, 810 MHz, 0x0000000000000000, 34.00 W, 0 %
2026/09/30 10:00:27.041, 367 MHz, 810 MHz, 0x0000000000000000, 27.46 W, 0 %
2026/09/30 10:00:27.555, 262 MHz, 810 MHz, 0x0000000000000000, 21.17 W, 0 %
2026/09/30 10:00:28.069, 457 MHz, 810 MHz, 0x0000000000000000, 21.01 W, 0 %
2026/09/30 10:00:28.582, 1432 MHz, 13801 MHz, 0x0000000000000000, 41.61 W, 19 %
2026/09/30 10:00:29.095, 2932 MHz, 13801 MHz, 0x0000000000000000, 91.40 W, 0 %
2026/09/30 10:00:29.604, 2940 MHz, 13801 MHz, 0x0000000000000000, 108.46 W, 0 %
2026/09/30 10:00:30.117, 2940 MHz, 13801 MHz, 0x0000000000000000, 92.97 W, 0 %
2026/09/30 10:00:30.622, 1560 MHz, 7001 MHz, 0x0000000000000000, 82.87 W, 0 %
2026/09/30 10:00:31.131, 1485 MHz, 7001 MHz, 0x0000000000000000, 64.61 W, 0 %
2026/09/30 10:00:31.641, 765 MHz, 7001 MHz, 0x0000000000000000, 44.73 W, 28 %
2026/09/30 10:00:32.153, 1380 MHz, 7001 MHz, 0x0000000000000000, 41.63 W, 0 %
2026/09/30 10:00:32.667, 1380 MHz, 7001 MHz, 0x0000000000000000, 42.86 W, 0 %
2026/09/30 10:00:33.167, 2535 MHz, 13801 MHz, 0x0000000000000000, 84.04 W, 70 %
2026/09/30 10:00:33.678, 2835 MHz, 13801 MHz, 0x0000000000000004, 255.40 W, 82 %
2026/09/30 10:00:34.191, 2925 MHz, 13801 MHz, 0x0000000000000000, 332.31 W, 55 %
2026/09/30 10:00:34.704, 2880 MHz, 13801 MHz, 0x0000000000000000, 306.87 W, 53 %
2026/09/30 10:00:35.218, 2872 MHz, 13801 MHz, 0x0000000000000000, 291.49 W, 60 %
2026/09/30 10:00:35.733, 2910 MHz, 13801 MHz, 0x0000000000000000, 271.82 W, 67 %
2026/09/30 10:00:36.246, 2932 MHz, 13801 MHz, 0x0000000000000000, 227.09 W, 82 %
2026/09/30 10:00:36.756, 2902 MHz, 13801 MHz, 0x0000000000000000, 232.34 W, 87 %
2026/09/30 10:00:37.264, 2895 MHz, 13801 MHz, 0x0000000000000000, 273.13 W, 87 %
2026/09/30 10:00:37.780, 2895 MHz, 13801 MHz, 0x0000000000000000, 304.22 W, 89 %
2026/09/30 10:00:38.295, 2887 MHz, 13801 MHz, 0x0000000000000000, 319.63 W, 91 %
2026/09/30 10:00:38.810, 2865 MHz, 13801 MHz, 0x0000000000000000, 341.75 W, 85 %
2026/09/30 10:00:39.325, 2850 MHz, 13801 MHz, 0x0000000000000000, 366.88 W, 87 %
2026/09/30 10:00:39.837, 2850 MHz, 13801 MHz, 0x0000000000000000, 349.41 W, 85 %
2026/09/30 10:00:40.349, 2932 MHz, 13801 MHz, 0x0000000000000000, 247.40 W, 81 %
2026/09/30 10:00:40.864, 2925 MHz, 13801 MHz, 0x0000000000000000, 174.78 W, 83 %
2026/09/30 10:00:41.367, 2902 MHz, 13801 MHz, 0x0000000000000000, 239.17 W, 83 %
2026/09/30 10:00:41.872, 2902 MHz, 13801 MHz, 0x0000000000000000, 272.57 W, 82 %
2026/09/30 10:00:42.387, 2902 MHz, 13801 MHz, 0x0000000000000000, 290.40 W, 90 %
2026/09/30 10:00:42.897, 2895 MHz, 13801 MHz, 0x0000000000000000, 296.18 W, 89 %
2026/09/30 10:00:43.413, 2887 MHz, 13801 MHz, 0x0000000000000000, 302.82 W, 82 %
2026/09/30 10:00:43.928, 2872 MHz, 13801 MHz, 0x0000000000000000, 308.48 W, 90 %
2026/09/30 10:00:44.442, 2865 MHz, 13801 MHz, 0x0000000000000000, 325.48 W, 90 %
2026/09/30 10:00:44.958, 2835 MHz, 13801 MHz, 0x0000000000000000, 359.28 W, 91 %
2026/09/30 10:00:45.472, 2820 MHz, 13801 MHz, 0x0000000000000000, 381.44 W, 84 %
2026/09/30 10:00:45.983, 2790 MHz, 13801 MHz, 0x0000000000000004, 406.39 W, 86 %
2026/09/30 10:00:46.496, 2835 MHz, 13801 MHz, 0x0000000000000000, 377.71 W, 9 %
2026/09/30 10:00:46.997, 2940 MHz, 13801 MHz, 0x0000000000000000, 238.95 W, 18 %
2026/09/30 10:00:47.511, 2917 MHz, 13801 MHz, 0x0000000000000000, 130.78 W, 17 %
2026/09/30 10:00:48.013, 2925 MHz, 13801 MHz, 0x0000000000000000, 153.30 W, 17 %
2026/09/30 10:00:48.525, 2535 MHz, 13801 MHz, 0x0000000000000000, 143.30 W, 18 %
2026/09/30 10:00:49.038, 2482 MHz, 7001 MHz, 0x0000000000000000, 124.67 W, 17 %
2026/09/30 10:00:49.539, 2467 MHz, 7001 MHz, 0x0000000000000000, 108.51 W, 21 %
2026/09/30 10:00:50.043, 2407 MHz, 7001 MHz, 0x0000000000000000, 105.61 W, 16 %
2026/09/30 10:00:50.559, 2370 MHz, 7001 MHz, 0x0000000000000000, 103.50 W, 20 %
2026/09/30 10:00:51.072, 2377 MHz, 7001 MHz, 0x0000000000000000, 102.81 W, 15 %
2026/09/30 10:00:51.573, 2445 MHz, 7001 MHz, 0x0000000000000000, 97.60 W, 6 %
2026/09/30 10:00:52.075, 2377 MHz, 7001 MHz, 0x0000000000000000, 88.85 W, 7 %
2026/09/30 10:00:52.589, 1507 MHz, 7001 MHz, 0x0000000000000000, 75.45 W, 0 %
2026/09/30 10:00:53.101, 930 MHz, 7001 MHz, 0x0000000000000000, 47.70 W, 0 %
2026/09/30 10:00:53.616, 765 MHz, 7001 MHz, 0x0000000000000000, 36.35 W, 0 %
2026/09/30 10:00:54.129, 2115 MHz, 7001 MHz, 0x0000000000000000, 65.96 W, 12 %
2026/09/30 10:00:54.631, 2107 MHz, 7001 MHz, 0x0000000000000000, 102.33 W, 12 %
2026/09/30 10:00:55.145, 1987 MHz, 7001 MHz, 0x0000000000000000, 107.30 W, 13 %
2026/09/30 10:00:55.646, 2137 MHz, 7001 MHz, 0x0000000000000000, 105.59 W, 11 %
2026/09/30 10:00:56.158, 2145 MHz, 7001 MHz, 0x0000000000000000, 101.16 W, 10 %
2026/09/30 10:00:56.672, 2145 MHz, 7001 MHz, 0x0000000000000000, 92.56 W, 8 %
2026/09/30 10:00:57.184, 1927 MHz, 7001 MHz, 0x0000000000000000, 83.03 W, 6 %
2026/09/30 10:00:57.697, 832 MHz, 7001 MHz, 0x0000000000000000, 62.14 W, 0 %
2026/09/30 10:00:58.212, 675 MHz, 7001 MHz, 0x0000000000000000, 50.46 W, 17 %
2026/09/30 10:00:58.727, 585 MHz, 7001 MHz, 0x0000000000000000, 45.66 W, 0 %
2026/09/30 10:00:59.228, 457 MHz, 7001 MHz, 0x0000000000000000, 42.45 W, 0 %
2026/09/30 10:00:59.730, 360 MHz, 810 MHz, 0x0000000000000000, 34.29 W, 0 %
2026/09/30 10:01:00.232, 285 MHz, 810 MHz, 0x0000000000000000, 27.53 W, 0 %
2026/09/30 10:01:00.743, 217 MHz, 810 MHz, 0x0000000000000000, 20.51 W, 0 %
2026/09/30 10:01:01.257, 180 MHz, 810 MHz, 0x0000000000000000, 17.60 W, 0 %
2026/09/30 10:01:01.770, 180 MHz, 405 MHz, 0x0000000000000000, 14.23 W, 0 %
2026/09/30 10:01:02.282, 180 MHz, 405 MHz, 0x0000000000000000, 13.60 W, 0 %
2026/09/30 10:01:02.794, 180 MHz, 405 MHz, 0x0000000000000000, 13.08 W, 0 %
2026/09/30 10:01:03.295, 180 MHz, 405 MHz, 0x0000000000000000, 13.03 W, 0 %
2026/09/30 10:01:03.807, 180 MHz, 405 MHz, 0x0000000000000000, 13.11 W, 0 %
2026/09/30 10:01:04.308, 180 MHz, 405 MHz, 0x0000000000000000, 13.22 W, 0 %
2026/09/30 10:01:04.809, 180 MHz, 405 MHz, 0x0000000000000000, 12.98 W, 0 %
2026/09/30 10:01:05.310, 180 MHz, 405 MHz, 0x0000000000000000, 13.06 W, 0 %
2026/09/30 10:01:05.811, 180 MHz, 405 MHz, 0x0000000000000000, 13.02 W, 0 %
2026/09/30 10:01:06.325, 180 MHz, 405 MHz, 0x0000000000000000, 13.01 W, 0 %
2026/09/30 10:01:06.836, 180 MHz, 405 MHz, 0x0000000000000000, 13.04 W, 0 %
2026/09/30 10:01:07.350, 180 MHz, 405 MHz, 0x0000000000000000, 13.21 W, 0 %
2026/09/30 10:01:07.864, 180 MHz, 405 MHz, 0x0000000000000000, 13.26 W, 0 %
2026/09/30 10:01:08.377, 180 MHz, 405 MHz, 0x0000000000000000, 13.22 W, 0 %
2026/09/30 10:01:08.891, 180 MHz, 405 MHz, 0x0000000000000000, 13.09 W, 0 %
2026/09/30 10:01:09.407, 180 MHz, 405 MHz, 0x0000000000000000, 13.10 W, 0 %
2026/09/30 10:01:09.918, 180 MHz, 405 MHz, 0x0000000000000000, 13.35 W, 0 %
2026/09/30 10:01:10.432, 180 MHz, 405 MHz, 0x0000000000000000, 13.27 W, 0 %
2026/09/30 10:01:10.944, 180 MHz, 405 MHz, 0x0000000000000000, 13.18 W, 0 %
2026/09/30 10:01:11.454, 180 MHz, 405 MHz, 0x0000000000000000, 13.09 W, 0 %
2026/09/30 10:01:11.970, 202 MHz, 405 MHz, 0x0000000000000000, 13.24 W, 0 %
2026/09/30 10:01:12.485, 180 MHz, 405 MHz, 0x0000000000000000, 13.22 W, 0 %
2026/09/30 10:01:12.999, 180 MHz, 405 MHz, 0x0000000000000000, 12.95 W, 0 %
2026/09/30 10:01:13.509, 180 MHz, 405 MHz, 0x0000000000000000, 12.67 W, 0 %
2026/09/30 10:01:14.021, 180 MHz, 405 MHz, 0x0000000000000000, 12.46 W, 0 %
2026/09/30 10:01:14.522, 180 MHz, 405 MHz, 0x0000000000000000, 12.57 W, 0 %
2026/09/30 10:01:15.035, 180 MHz, 405 MHz, 0x0000000000000000, 12.76 W, 0 %
2026/09/30 10:01:15.536, 180 MHz, 405 MHz, 0x0000000000000000, 12.81 W, 0 %
2026/09/30 10:01:16.048, 180 MHz, 405 MHz, 0x0000000000000000, 12.92 W, 0 %
2026/09/30 10:01:16.562, 180 MHz, 405 MHz, 0x0000000000000000, 12.95 W, 0 %
2026/09/30 10:01:17.065, 255 MHz, 405 MHz, 0x0000000000000000, 13.36 W, 0 %
2026/09/30 10:01:17.566, 2115 MHz, 13801 MHz, 0x0000000000000000, 53.11 W, 73 %
2026/09/30 10:01:18.081, 2940 MHz, 13801 MHz, 0x0000000000000000, 85.45 W, 0 %
2026/09/30 10:01:18.582, 2940 MHz, 13801 MHz, 0x0000000000000000, 105.44 W, 0 %
2026/09/30 10:01:19.084, 2940 MHz, 13801 MHz, 0x0000000000000000, 92.99 W, 0 %
2026/09/30 10:01:19.598, 1215 MHz, 7001 MHz, 0x0000000000000000, 76.29 W, 0 %
2026/09/30 10:01:20.099, 660 MHz, 7001 MHz, 0x0000000000000000, 51.65 W, 0 %
2026/09/30 10:01:20.613, 525 MHz, 7001 MHz, 0x0000000000000000, 35.39 W, 0 %
2026/09/30 10:01:21.127, 412 MHz, 7001 MHz, 0x0000000000000000, 34.85 W, 0 %
2026/09/30 10:01:21.629, 345 MHz, 7001 MHz, 0x0000000000000000, 34.36 W, 0 %
2026/09/30 10:01:22.131, 255 MHz, 7001 MHz, 0x0000000000000000, 33.97 W, 0 %
2026/09/30 10:01:22.646, 232 MHz, 810 MHz, 0x0000000000000000, 30.47 W, 0 %
2026/09/30 10:01:23.161, 180 MHz, 810 MHz, 0x0000000000000000, 21.28 W, 0 %
2026/09/30 10:01:23.677, 202 MHz, 810 MHz, 0x0000000000000000, 15.93 W, 0 %
2026/09/30 10:01:24.179, 180 MHz, 405 MHz, 0x0000000000000000, 15.29 W, 0 %
2026/09/30 10:01:24.692, 195 MHz, 405 MHz, 0x0000000000000000, 14.02 W, 0 %
2026/09/30 10:01:25.203, 180 MHz, 405 MHz, 0x0000000000000000, 12.90 W, 0 %
2026/09/30 10:01:25.717, 195 MHz, 405 MHz, 0x0000000000000000, 12.67 W, 0 %
2026/09/30 10:01:26.230, 180 MHz, 405 MHz, 0x0000000000000000, 12.73 W, 0 %
2026/09/30 10:01:26.744, 202 MHz, 405 MHz, 0x0000000000000000, 12.76 W, 0 %
2026/09/30 10:01:27.259, 180 MHz, 405 MHz, 0x0000000000000000, 12.73 W, 0 %
2026/09/30 10:01:27.760, 187 MHz, 405 MHz, 0x0000000000000000, 12.70 W, 0 %
2026/09/30 10:01:28.272, 1372 MHz, 13801 MHz, 0x0000000000000000, 36.00 W, 100 %
2026/09/30 10:01:28.779, 2910 MHz, 13801 MHz, 0x0000000000000000, 210.70 W, 94 %
2026/09/30 10:01:29.286, 2910 MHz, 13801 MHz, 0x0000000000000000, 339.44 W, 94 %
2026/09/30 10:01:29.792, 2910 MHz, 13801 MHz, 0x0000000000000000, 356.78 W, 95 %
2026/09/30 10:01:30.301, 2887 MHz, 13801 MHz, 0x0000000000000000, 351.26 W, 95 %
2026/09/30 10:01:30.807, 2910 MHz, 13801 MHz, 0x0000000000000000, 352.97 W, 95 %
2026/09/30 10:01:31.314, 2910 MHz, 13801 MHz, 0x0000000000000000, 360.03 W, 95 %
2026/09/30 10:01:31.822, 2910 MHz, 13801 MHz, 0x0000000000000000, 356.64 W, 72 %
2026/09/30 10:01:32.331, 2910 MHz, 13801 MHz, 0x0000000000000000, 356.49 W, 95 %
2026/09/30 10:01:32.839, 2910 MHz, 13801 MHz, 0x0000000000000000, 357.39 W, 95 %
2026/09/30 10:01:33.350, 2910 MHz, 13801 MHz, 0x0000000000000000, 357.28 W, 76 %
2026/09/30 10:01:33.856, 2910 MHz, 13801 MHz, 0x0000000000000000, 357.90 W, 95 %
2026/09/30 10:01:34.362, 2910 MHz, 13801 MHz, 0x0000000000000000, 357.85 W, 94 %
2026/09/30 10:01:34.873, 2910 MHz, 13801 MHz, 0x0000000000000000, 360.64 W, 95 %
2026/09/30 10:01:35.382, 2895 MHz, 13801 MHz, 0x0000000000000000, 357.30 W, 58 %
2026/09/30 10:01:35.887, 2910 MHz, 13801 MHz, 0x0000000000000000, 357.95 W, 95 %
2026/09/30 10:01:36.392, 2910 MHz, 13801 MHz, 0x0000000000000000, 360.49 W, 95 %
2026/09/30 10:01:36.902, 2910 MHz, 13801 MHz, 0x0000000000000000, 362.73 W, 95 %
2026/09/30 10:01:37.406, 2910 MHz, 13801 MHz, 0x0000000000000000, 360.56 W, 94 %
2026/09/30 10:01:37.912, 2910 MHz, 13801 MHz, 0x0000000000000000, 360.70 W, 95 %
2026/09/30 10:01:38.420, 2887 MHz, 13801 MHz, 0x0000000000000000, 359.48 W, 95 %
2026/09/30 10:01:38.926, 2910 MHz, 13801 MHz, 0x0000000000000000, 359.85 W, 95 %
2026/09/30 10:01:39.434, 2910 MHz, 13801 MHz, 0x0000000000000000, 362.86 W, 95 %
2026/09/30 10:01:39.946, 2895 MHz, 13801 MHz, 0x0000000000000000, 357.21 W, 67 %
2026/09/30 10:01:40.453, 2910 MHz, 13801 MHz, 0x0000000000000000, 357.75 W, 95 %
2026/09/30 10:01:40.960, 2910 MHz, 13801 MHz, 0x0000000000000000, 360.68 W, 95 %
2026/09/30 10:01:41.468, 2902 MHz, 13801 MHz, 0x0000000000000000, 357.05 W, 47 %
2026/09/30 10:01:41.974, 2910 MHz, 13801 MHz, 0x0000000000000000, 356.03 W, 93 %
2026/09/30 10:01:42.483, 2910 MHz, 13801 MHz, 0x0000000000000000, 360.93 W, 94 %
2026/09/30 10:01:42.990, 2910 MHz, 13801 MHz, 0x0000000000000000, 363.32 W, 94 %
2026/09/30 10:01:43.497, 2880 MHz, 13801 MHz, 0x0000000000000000, 351.31 W, 85 %
2026/09/30 10:01:44.004, 2910 MHz, 13801 MHz, 0x0000000000000000, 352.47 W, 95 %
2026/09/30 10:01:44.511, 2910 MHz, 13801 MHz, 0x0000000000000000, 363.64 W, 94 %
2026/09/30 10:01:45.017, 2910 MHz, 13801 MHz, 0x0000000000000000, 363.27 W, 83 %
2026/09/30 10:01:45.525, 2910 MHz, 13801 MHz, 0x0000000000000000, 360.26 W, 95 %
2026/09/30 10:01:46.035, 2910 MHz, 13801 MHz, 0x0000000000000000, 362.46 W, 94 %
2026/09/30 10:01:46.541, 2910 MHz, 13801 MHz, 0x0000000000000000, 365.95 W, 95 %
2026/09/30 10:01:47.050, 2887 MHz, 13801 MHz, 0x0000000000000000, 359.24 W, 94 %
2026/09/30 10:01:47.556, 2910 MHz, 13801 MHz, 0x0000000000000000, 358.66 W, 94 %
2026/09/30 10:01:48.061, 2910 MHz, 13801 MHz, 0x0000000000000000, 366.17 W, 94 %
2026/09/30 10:01:48.570, 2910 MHz, 13801 MHz, 0x0000000000000000, 358.50 W, 48 %
2026/09/30 10:01:49.076, 2910 MHz, 13801 MHz, 0x0000000000000000, 358.04 W, 95 %
2026/09/30 10:01:49.586, 2910 MHz, 13801 MHz, 0x0000000000000000, 358.49 W, 95 %
2026/09/30 10:01:50.096, 2910 MHz, 13801 MHz, 0x0000000000000000, 367.54 W, 94 %
2026/09/30 10:01:50.603, 2887 MHz, 13801 MHz, 0x0000000000000000, 345.84 W, 94 %
2026/09/30 10:01:51.115, 2910 MHz, 13801 MHz, 0x0000000000000000, 345.42 W, 94 %
2026/09/30 10:01:51.624, 2910 MHz, 13801 MHz, 0x0000000000000000, 367.23 W, 95 %
2026/09/30 10:01:52.136, 2910 MHz, 13801 MHz, 0x0000000000000000, 367.35 W, 94 %
2026/09/30 10:01:52.642, 2887 MHz, 13801 MHz, 0x0000000000000000, 359.82 W, 95 %
2026/09/30 10:01:53.148, 2910 MHz, 13801 MHz, 0x0000000000000000, 359.99 W, 94 %
2026/09/30 10:01:53.653, 2910 MHz, 13801 MHz, 0x0000000000000000, 367.71 W, 94 %
2026/09/30 10:01:54.162, 2910 MHz, 13801 MHz, 0x0000000000000000, 367.68 W, 94 %
2026/09/30 10:01:54.671, 2887 MHz, 13801 MHz, 0x0000000000000000, 363.27 W, 95 %
2026/09/30 10:01:55.175, 2910 MHz, 13801 MHz, 0x0000000000000000, 363.93 W, 95 %
2026/09/30 10:01:55.684, 2910 MHz, 13801 MHz, 0x0000000000000000, 368.92 W, 95 %
2026/09/30 10:01:56.191, 2887 MHz, 13801 MHz, 0x0000000000000000, 358.75 W, 94 %
2026/09/30 10:01:56.699, 2910 MHz, 13801 MHz, 0x0000000000000000, 358.86 W, 94 %
2026/09/30 10:01:57.205, 2910 MHz, 13801 MHz, 0x0000000000000000, 368.72 W, 95 %
2026/09/30 10:01:57.713, 2910 MHz, 13801 MHz, 0x0000000000000000, 367.81 W, 93 %
2026/09/30 10:01:58.220, 2910 MHz, 13801 MHz, 0x0000000000000000, 355.21 W, 94 %
2026/09/30 10:01:58.729, 2910 MHz, 13801 MHz, 0x0000000000000000, 356.85 W, 94 %
2026/09/30 10:01:59.235, 2910 MHz, 13801 MHz, 0x0000000000000000, 368.00 W, 95 %
2026/09/30 10:01:59.744, 2887 MHz, 13801 MHz, 0x0000000000000000, 361.76 W, 57 %
2026/09/30 10:02:00.252, 2910 MHz, 13801 MHz, 0x0000000000000000, 363.28 W, 95 %
2026/09/30 10:02:00.761, 2910 MHz, 13801 MHz, 0x0000000000000000, 368.93 W, 94 %
2026/09/30 10:02:01.266, 2880 MHz, 13801 MHz, 0x0000000000000000, 365.84 W, 92 %
2026/09/30 10:02:01.771, 2910 MHz, 13801 MHz, 0x0000000000000000, 365.74 W, 95 %
2026/09/30 10:02:02.279, 2910 MHz, 13801 MHz, 0x0000000000000000, 369.12 W, 92 %
2026/09/30 10:02:02.791, 2910 MHz, 13801 MHz, 0x0000000000000000, 369.06 W, 95 %
2026/09/30 10:02:03.298, 2902 MHz, 13801 MHz, 0x0000000000000000, 365.66 W, 94 %
2026/09/30 10:02:03.807, 2910 MHz, 13801 MHz, 0x0000000000000000, 366.55 W, 94 %
2026/09/30 10:02:04.315, 2910 MHz, 13801 MHz, 0x0000000000000000, 369.82 W, 94 %
2026/09/30 10:02:04.821, 2880 MHz, 13801 MHz, 0x0000000000000000, 367.60 W, 95 %
2026/09/30 10:02:05.329, 2910 MHz, 13801 MHz, 0x0000000000000000, 367.90 W, 94 %
2026/09/30 10:02:05.836, 2910 MHz, 13801 MHz, 0x0000000000000000, 370.43 W, 95 %
2026/09/30 10:02:06.344, 2887 MHz, 13801 MHz, 0x0000000000000000, 364.72 W, 71 %
2026/09/30 10:02:06.850, 2910 MHz, 13801 MHz, 0x0000000000000000, 364.86 W, 95 %
2026/09/30 10:02:07.357, 2910 MHz, 13801 MHz, 0x0000000000000000, 371.40 W, 95 %
2026/09/30 10:02:07.867, 2910 MHz, 13801 MHz, 0x0000000000000000, 371.33 W, 95 %
2026/09/30 10:02:08.374, 2910 MHz, 13801 MHz, 0x0000000000000000, 366.72 W, 94 %
2026/09/30 10:02:08.882, 2910 MHz, 13801 MHz, 0x0000000000000000, 366.64 W, 95 %
2026/09/30 10:02:09.389, 2910 MHz, 13801 MHz, 0x0000000000000000, 366.13 W, 53 %
2026/09/30 10:02:09.895, 2910 MHz, 13801 MHz, 0x0000000000000000, 366.26 W, 95 %
2026/09/30 10:02:10.400, 2910 MHz, 13801 MHz, 0x0000000000000000, 367.11 W, 94 %
2026/09/30 10:02:10.910, 2910 MHz, 13801 MHz, 0x0000000000000000, 371.11 W, 95 %
2026/09/30 10:02:11.415, 2895 MHz, 13801 MHz, 0x0000000000000000, 364.35 W, 58 %
2026/09/30 10:02:11.920, 2910 MHz, 13801 MHz, 0x0000000000000000, 368.31 W, 95 %
2026/09/30 10:02:12.427, 2910 MHz, 13801 MHz, 0x0000000000000000, 371.81 W, 95 %
2026/09/30 10:02:12.938, 2902 MHz, 13801 MHz, 0x0000000000000000, 367.56 W, 95 %
2026/09/30 10:02:13.445, 2910 MHz, 13801 MHz, 0x0000000000000000, 367.90 W, 95 %
2026/09/30 10:02:13.952, 2910 MHz, 13801 MHz, 0x0000000000000000, 371.66 W, 94 %
2026/09/30 10:02:14.461, 2910 MHz, 13801 MHz, 0x0000000000000000, 364.92 W, 46 %
2026/09/30 10:02:14.967, 2910 MHz, 13801 MHz, 0x0000000000000000, 363.95 W, 95 %
2026/09/30 10:02:15.474, 2910 MHz, 13801 MHz, 0x0000000000000000, 370.54 W, 94 %
2026/09/30 10:02:15.983, 2910 MHz, 13801 MHz, 0x0000000000000000, 364.86 W, 48 %
2026/09/30 10:02:16.490, 2910 MHz, 13801 MHz, 0x0000000000000000, 362.92 W, 94 %
2026/09/30 10:02:16.997, 2910 MHz, 13801 MHz, 0x0000000000000000, 368.56 W, 94 %
2026/09/30 10:02:17.504, 2910 MHz, 13801 MHz, 0x0000000000000000, 372.06 W, 94 %
2026/09/30 10:02:18.013, 2910 MHz, 13801 MHz, 0x0000000000000000, 367.44 W, 75 %
2026/09/30 10:02:18.518, 2910 MHz, 13801 MHz, 0x0000000000000000, 361.33 W, 94 %
2026/09/30 10:02:19.025, 2910 MHz, 13801 MHz, 0x0000000000000000, 365.87 W, 95 %
2026/09/30 10:02:19.534, 2910 MHz, 13801 MHz, 0x0000000000000000, 368.28 W, 50 %
2026/09/30 10:02:20.043, 2910 MHz, 13801 MHz, 0x0000000000000000, 360.75 W, 94 %
2026/09/30 10:02:20.549, 2910 MHz, 13801 MHz, 0x0000000000000000, 361.41 W, 95 %
2026/09/30 10:02:21.057, 2910 MHz, 13801 MHz, 0x0000000000000000, 371.79 W, 95 %
2026/09/30 10:02:21.565, 2887 MHz, 13801 MHz, 0x0000000000000000, 362.75 W, 90 %
2026/09/30 10:02:22.070, 2910 MHz, 13801 MHz, 0x0000000000000000, 356.23 W, 95 %
2026/09/30 10:02:22.577, 2910 MHz, 13801 MHz, 0x0000000000000000, 365.24 W, 95 %
2026/09/30 10:02:23.086, 2910 MHz, 13801 MHz, 0x0000000000000000, 368.45 W, 76 %
2026/09/30 10:02:23.592, 2910 MHz, 13801 MHz, 0x0000000000000000, 367.13 W, 95 %
2026/09/30 10:02:24.099, 2910 MHz, 13801 MHz, 0x0000000000000000, 367.10 W, 95 %
2026/09/30 10:02:24.609, 2910 MHz, 13801 MHz, 0x0000000000000000, 372.83 W, 94 %
2026/09/30 10:02:25.116, 2872 MHz, 13801 MHz, 0x0000000000000000, 365.77 W, 94 %
2026/09/30 10:02:25.624, 2902 MHz, 13801 MHz, 0x0000000000000000, 366.01 W, 94 %
2026/09/30 10:02:26.130, 2895 MHz, 13801 MHz, 0x0000000000000000, 371.88 W, 94 %
2026/09/30 10:02:26.638, 2895 MHz, 13801 MHz, 0x0000000000000000, 361.53 W, 48 %
2026/09/30 10:02:27.143, 2910 MHz, 13801 MHz, 0x0000000000000000, 354.37 W, 94 %
2026/09/30 10:02:27.651, 2910 MHz, 13801 MHz, 0x0000000000000000, 356.68 W, 95 %
2026/09/30 10:02:28.162, 2910 MHz, 13801 MHz, 0x0000000000000000, 371.69 W, 95 %
2026/09/30 10:02:28.670, 2887 MHz, 13801 MHz, 0x0000000000000000, 360.77 W, 63 %
2026/09/30 10:02:29.177, 2910 MHz, 13801 MHz, 0x0000000000000000, 361.52 W, 95 %
2026/09/30 10:02:29.681, 2910 MHz, 13801 MHz, 0x0000000000000000, 368.62 W, 94 %
2026/09/30 10:02:30.189, 2910 MHz, 13801 MHz, 0x0000000000000000, 371.17 W, 94 %
2026/09/30 10:02:30.697, 2902 MHz, 13801 MHz, 0x0000000000000000, 362.23 W, 46 %
2026/09/30 10:02:31.202, 2910 MHz, 13801 MHz, 0x0000000000000000, 361.61 W, 94 %
2026/09/30 10:02:31.711, 2910 MHz, 13801 MHz, 0x0000000000000000, 367.11 W, 94 %
2026/09/30 10:02:32.218, 2910 MHz, 13801 MHz, 0x0000000000000000, 370.79 W, 94 %
2026/09/30 10:02:32.727, 2910 MHz, 13801 MHz, 0x0000000000000000, 365.91 W, 50 %
2026/09/30 10:02:33.232, 2910 MHz, 13801 MHz, 0x0000000000000000, 359.82 W, 95 %
2026/09/30 10:02:33.739, 2910 MHz, 13801 MHz, 0x0000000000000000, 359.96 W, 94 %
2026/09/30 10:02:34.247, 2910 MHz, 13801 MHz, 0x0000000000000000, 371.50 W, 95 %
2026/09/30 10:02:34.754, 2902 MHz, 13801 MHz, 0x0000000000000000, 367.69 W, 94 %
2026/09/30 10:02:35.259, 2910 MHz, 13801 MHz, 0x0000000000000000, 368.27 W, 95 %
2026/09/30 10:02:35.768, 2910 MHz, 13801 MHz, 0x0000000000000000, 372.25 W, 94 %
2026/09/30 10:02:36.273, 2887 MHz, 13801 MHz, 0x0000000000000000, 360.83 W, 94 %
2026/09/30 10:02:36.781, 2910 MHz, 13801 MHz, 0x0000000000000000, 360.87 W, 95 %
2026/09/30 10:02:37.288, 2910 MHz, 13801 MHz, 0x0000000000000000, 372.37 W, 95 %
2026/09/30 10:02:37.796, 2910 MHz, 13801 MHz, 0x0000000000000000, 373.04 W, 95 %
2026/09/30 10:02:38.304, 2887 MHz, 13801 MHz, 0x0000000000000000, 371.80 W, 94 %
2026/09/30 10:02:38.809, 2910 MHz, 13801 MHz, 0x0000000000000000, 371.94 W, 95 %
2026/09/30 10:02:39.315, 2910 MHz, 13801 MHz, 0x0000000000000000, 373.89 W, 94 %
2026/09/30 10:02:39.823, 2910 MHz, 13801 MHz, 0x0000000000000000, 368.68 W, 71 %
2026/09/30 10:02:40.330, 2910 MHz, 13801 MHz, 0x0000000000000000, 367.20 W, 95 %
2026/09/30 10:02:40.837, 2910 MHz, 13801 MHz, 0x0000000000000000, 367.26 W, 94 %
2026/09/30 10:02:41.343, 2910 MHz, 13801 MHz, 0x0000000000000000, 373.50 W, 94 %
2026/09/30 10:02:41.852, 2910 MHz, 13801 MHz, 0x0000000000000000, 369.26 W, 44 %
2026/09/30 10:02:42.357, 2902 MHz, 13801 MHz, 0x0000000000000000, 366.74 W, 94 %
2026/09/30 10:02:42.863, 2895 MHz, 13801 MHz, 0x0000000000000000, 370.51 W, 95 %
2026/09/30 10:02:43.371, 2895 MHz, 13801 MHz, 0x0000000000000000, 372.05 W, 95 %
2026/09/30 10:02:43.880, 2902 MHz, 13801 MHz, 0x0000000000000000, 367.93 W, 95 %
2026/09/30 10:02:44.385, 2910 MHz, 13801 MHz, 0x0000000000000000, 368.50 W, 94 %
2026/09/30 10:02:44.891, 2910 MHz, 13801 MHz, 0x0000000000000000, 371.71 W, 94 %
2026/09/30 10:02:45.398, 2895 MHz, 13801 MHz, 0x0000000000000000, 360.98 W, 55 %
2026/09/30 10:02:45.905, 2910 MHz, 13801 MHz, 0x0000000000000000, 361.42 W, 95 %
2026/09/30 10:02:46.411, 2910 MHz, 13801 MHz, 0x0000000000000000, 366.76 W, 94 %
2026/09/30 10:02:46.922, 2902 MHz, 13801 MHz, 0x0000000000000000, 367.49 W, 95 %
2026/09/30 10:02:47.431, 2910 MHz, 13801 MHz, 0x0000000000000000, 367.35 W, 95 %
2026/09/30 10:02:47.940, 2910 MHz, 13801 MHz, 0x0000000000000000, 372.01 W, 94 %
2026/09/30 10:02:48.448, 2895 MHz, 13801 MHz, 0x0000000000000000, 361.07 W, 95 %
2026/09/30 10:02:48.955, 2910 MHz, 13801 MHz, 0x0000000000000000, 361.36 W, 95 %
2026/09/30 10:02:49.462, 2910 MHz, 13801 MHz, 0x0000000000000000, 372.75 W, 94 %
2026/09/30 10:02:49.972, 2895 MHz, 13801 MHz, 0x0000000000000000, 365.74 W, 53 %
2026/09/30 10:02:50.481, 2910 MHz, 13801 MHz, 0x0000000000000000, 366.28 W, 95 %
2026/09/30 10:02:50.987, 2910 MHz, 13801 MHz, 0x0000000000000000, 369.39 W, 95 %
2026/09/30 10:02:51.493, 2910 MHz, 13801 MHz, 0x0000000000000000, 372.57 W, 94 %
2026/09/30 10:02:52.004, 2895 MHz, 13801 MHz, 0x0000000000000000, 368.16 W, 94 %
2026/09/30 10:02:52.511, 2902 MHz, 13801 MHz, 0x0000000000000000, 367.37 W, 95 %
2026/09/30 10:02:53.019, 2902 MHz, 13801 MHz, 0x0000000000000000, 372.06 W, 95 %
2026/09/30 10:02:53.530, 2887 MHz, 13801 MHz, 0x0000000000000000, 362.59 W, 54 %
2026/09/30 10:02:54.040, 2910 MHz, 13801 MHz, 0x0000000000000000, 363.83 W, 95 %
2026/09/30 10:02:54.548, 2910 MHz, 13801 MHz, 0x0000000000000000, 368.02 W, 95 %
2026/09/30 10:02:55.058, 2910 MHz, 13801 MHz, 0x0000000000000000, 373.12 W, 95 %
2026/09/30 10:02:55.567, 2887 MHz, 13801 MHz, 0x0000000000000000, 368.61 W, 95 %
2026/09/30 10:02:56.076, 2910 MHz, 13801 MHz, 0x0000000000000000, 369.35 W, 95 %
2026/09/30 10:02:56.582, 2910 MHz, 13801 MHz, 0x0000000000000000, 373.41 W, 95 %
2026/09/30 10:02:57.090, 2887 MHz, 13801 MHz, 0x0000000000000000, 359.29 W, 95 %
2026/09/30 10:02:57.597, 2910 MHz, 13801 MHz, 0x0000000000000000, 360.39 W, 95 %
2026/09/30 10:02:58.105, 2910 MHz, 13801 MHz, 0x0000000000000000, 373.20 W, 95 %
2026/09/30 10:02:58.612, 2910 MHz, 13801 MHz, 0x0000000000000000, 373.35 W, 95 %
2026/09/30 10:02:59.124, 2880 MHz, 13801 MHz, 0x0000000000000000, 364.81 W, 94 %
2026/09/30 10:02:59.628, 2910 MHz, 13801 MHz, 0x0000000000000000, 365.86 W, 95 %
2026/09/30 10:03:00.136, 2910 MHz, 13801 MHz, 0x0000000000000000, 373.51 W, 95 %
2026/09/30 10:03:00.646, 2910 MHz, 13801 MHz, 0x0000000000000000, 372.75 W, 94 %
2026/09/30 10:03:01.155, 2902 MHz, 13801 MHz, 0x0000000000000000, 365.99 W, 95 %
2026/09/30 10:03:01.662, 2895 MHz, 13801 MHz, 0x0000000000000000, 366.10 W, 95 %
2026/09/30 10:03:02.173, 2895 MHz, 13801 MHz, 0x0000000000000000, 368.06 W, 71 %
2026/09/30 10:03:02.683, 2910 MHz, 13801 MHz, 0x0000000000000000, 358.74 W, 95 %
2026/09/30 10:03:03.190, 2910 MHz, 13801 MHz, 0x0000000000000000, 360.14 W, 95 %
2026/09/30 10:03:03.696, 2910 MHz, 13801 MHz, 0x0000000000000000, 372.77 W, 94 %
2026/09/30 10:03:04.206, 2895 MHz, 13801 MHz, 0x0000000000000000, 364.46 W, 56 %
2026/09/30 10:03:04.711, 2910 MHz, 13801 MHz, 0x0000000000000000, 363.93 W, 94 %
2026/09/30 10:03:05.220, 2910 MHz, 13801 MHz, 0x0000000000000000, 368.69 W, 95 %
2026/09/30 10:03:05.730, 2910 MHz, 13801 MHz, 0x0000000000000000, 372.86 W, 93 %
2026/09/30 10:03:06.237, 2910 MHz, 13801 MHz, 0x0000000000000000, 363.69 W, 94 %
2026/09/30 10:03:06.745, 2910 MHz, 13801 MHz, 0x0000000000000000, 364.40 W, 95 %
2026/09/30 10:03:07.253, 2910 MHz, 13801 MHz, 0x0000000000000000, 368.64 W, 70 %
2026/09/30 10:03:07.762, 2895 MHz, 13801 MHz, 0x0000000000000000, 367.73 W, 95 %
2026/09/30 10:03:08.271, 2902 MHz, 13801 MHz, 0x0000000000000000, 367.85 W, 94 %
2026/09/30 10:03:08.777, 2902 MHz, 13801 MHz, 0x0000000000000000, 368.74 W, 68 %
2026/09/30 10:03:09.283, 2910 MHz, 13801 MHz, 0x0000000000000000, 363.93 W, 94 %
2026/09/30 10:03:09.789, 2910 MHz, 13801 MHz, 0x0000000000000000, 364.88 W, 95 %
2026/09/30 10:03:10.296, 2910 MHz, 13801 MHz, 0x0000000000000000, 373.29 W, 95 %
2026/09/30 10:03:10.798, 2880 MHz, 13801 MHz, 0x0000000000000000, 364.20 W, 94 %
2026/09/30 10:03:11.304, 2902 MHz, 13801 MHz, 0x0000000000000000, 364.07 W, 94 %
2026/09/30 10:03:11.810, 2902 MHz, 13801 MHz, 0x0000000000000000, 373.63 W, 95 %
2026/09/30 10:03:12.319, 2902 MHz, 13801 MHz, 0x0000000000000000, 368.96 W, 41 %
2026/09/30 10:03:12.827, 2910 MHz, 13801 MHz, 0x0000000000000000, 363.78 W, 95 %
2026/09/30 10:03:13.333, 2910 MHz, 13801 MHz, 0x0000000000000000, 363.49 W, 95 %
2026/09/30 10:03:13.840, 2910 MHz, 13801 MHz, 0x0000000000000000, 374.20 W, 95 %
2026/09/30 10:03:14.346, 2887 MHz, 13801 MHz, 0x0000000000000000, 368.80 W, 95 %
2026/09/30 10:03:14.851, 2902 MHz, 13801 MHz, 0x0000000000000000, 369.11 W, 95 %
2026/09/30 10:03:15.355, 2902 MHz, 13801 MHz, 0x0000000000000000, 373.65 W, 95 %
2026/09/30 10:03:15.858, 2895 MHz, 13801 MHz, 0x0000000000000000, 368.51 W, 67 %
2026/09/30 10:03:16.370, 2902 MHz, 13801 MHz, 0x0000000000000000, 366.76 W, 95 %
2026/09/30 10:03:16.879, 2895 MHz, 13801 MHz, 0x0000000000000000, 366.36 W, 95 %
2026/09/30 10:03:17.382, 2895 MHz, 13801 MHz, 0x0000000000000000, 372.75 W, 94 %
2026/09/30 10:03:17.887, 2880 MHz, 13801 MHz, 0x0000000000000000, 360.61 W, 94 %
2026/09/30 10:03:18.391, 2910 MHz, 13801 MHz, 0x0000000000000000, 360.43 W, 94 %
2026/09/30 10:03:18.895, 2910 MHz, 13801 MHz, 0x0000000000000000, 372.93 W, 94 %
2026/09/30 10:03:19.399, 2910 MHz, 13801 MHz, 0x0000000000000000, 372.70 W, 94 %
2026/09/30 10:03:19.903, 2895 MHz, 13801 MHz, 0x0000000000000000, 364.17 W, 94 %
2026/09/30 10:03:20.406, 2902 MHz, 13801 MHz, 0x0000000000000000, 364.49 W, 94 %
2026/09/30 10:03:20.921, 2902 MHz, 13801 MHz, 0x0000000000000000, 373.53 W, 94 %
2026/09/30 10:03:21.429, 2902 MHz, 13801 MHz, 0x0000000000000000, 366.01 W, 93 %
2026/09/30 10:03:21.932, 2895 MHz, 13801 MHz, 0x0000000000000000, 367.01 W, 93 %
2026/09/30 10:03:22.434, 2895 MHz, 13801 MHz, 0x0000000000000000, 367.24 W, 95 %
2026/09/30 10:03:22.939, 2895 MHz, 13801 MHz, 0x0000000000000000, 363.70 W, 44 %
2026/09/30 10:03:23.444, 2910 MHz, 13801 MHz, 0x0000000000000000, 363.44 W, 94 %
2026/09/30 10:03:23.948, 2910 MHz, 13801 MHz, 0x0000000000000000, 372.23 W, 94 %
2026/09/30 10:03:24.458, 2910 MHz, 13801 MHz, 0x0000000000000000, 373.77 W, 94 %
2026/09/30 10:03:24.962, 2887 MHz, 13801 MHz, 0x0000000000000000, 368.75 W, 94 %
2026/09/30 10:03:25.466, 2902 MHz, 13801 MHz, 0x0000000000000000, 367.04 W, 94 %
2026/09/30 10:03:25.966, 2895 MHz, 13801 MHz, 0x0000000000000000, 371.89 W, 94 %
2026/09/30 10:03:26.469, 2902 MHz, 13801 MHz, 0x0000000000000000, 372.95 W, 94 %
2026/09/30 10:03:26.975, 2887 MHz, 13801 MHz, 0x0000000000000000, 366.70 W, 94 %
2026/09/30 10:03:27.481, 2910 MHz, 13801 MHz, 0x0000000000000000, 367.41 W, 95 %
2026/09/30 10:03:27.986, 2910 MHz, 13801 MHz, 0x0000000000000000, 374.17 W, 93 %
2026/09/30 10:03:28.498, 2887 MHz, 13801 MHz, 0x0000000000000000, 361.98 W, 75 %
2026/09/30 10:03:29.001, 2895 MHz, 13801 MHz, 0x0000000000000000, 362.46 W, 94 %
2026/09/30 10:03:29.506, 2902 MHz, 13801 MHz, 0x0000000000000000, 370.38 W, 93 %
2026/09/30 10:03:30.016, 2917 MHz, 13801 MHz, 0x0000000000000000, 285.93 W, 0 %
2026/09/30 10:03:30.526, 2925 MHz, 13801 MHz, 0x0000000000000000, 168.52 W, 0 %
2026/09/30 10:03:31.039, 2925 MHz, 13801 MHz, 0x0000000000000000, 97.24 W, 0 %
2026/09/30 10:03:31.540, 2887 MHz, 13801 MHz, 0x0000000000000000, 92.51 W, 0 %
2026/09/30 10:03:32.054, 720 MHz, 7001 MHz, 0x0000000000000000, 66.86 W, 0 %
2026/09/30 10:03:32.568, 577 MHz, 7001 MHz, 0x0000000000000000, 42.88 W, 0 %
2026/09/30 10:03:33.084, 450 MHz, 7001 MHz, 0x0000000000000000, 37.54 W, 0 %
2026/09/30 10:03:33.597, 360 MHz, 7001 MHz, 0x0000000000000000, 36.97 W, 0 %
2026/09/30 10:03:34.098, 285 MHz, 7001 MHz, 0x0000000000000000, 36.74 W, 0 %
2026/09/30 10:03:34.599, 225 MHz, 7001 MHz, 0x0000000000000000, 36.63 W, 0 %
2026/09/30 10:03:35.101, 180 MHz, 7001 MHz, 0x0000000000000000, 36.61 W, 0 %
2026/09/30 10:03:35.602, 180 MHz, 810 MHz, 0x0000000000000000, 36.22 W, 0 %
2026/09/30 10:03:36.112, 180 MHz, 810 MHz, 0x0000000000000000, 29.29 W, 0 %
2026/09/30 10:03:36.624, 187 MHz, 810 MHz, 0x0000000000000000, 22.35 W, 0 %
2026/09/30 10:03:37.135, 180 MHz, 810 MHz, 0x0000000000000000, 19.33 W, 0 %
2026/09/30 10:03:37.645, 180 MHz, 405 MHz, 0x0000000000000000, 17.43 W, 0 %
2026/09/30 10:03:38.152, 180 MHz, 405 MHz, 0x0000000000000000, 17.05 W, 0 %
2026/09/30 10:03:38.666, 180 MHz, 405 MHz, 0x0000000000000000, 16.45 W, 0 %
2026/09/30 10:03:39.175, 180 MHz, 405 MHz, 0x0000000000000000, 16.20 W, 0 %
2026/09/30 10:03:39.683, 195 MHz, 405 MHz, 0x0000000000000000, 16.14 W, 0 %
2026/09/30 10:03:40.192, 180 MHz, 405 MHz, 0x0000000000000000, 15.87 W, 0 %
2026/09/30 10:03:40.697, 187 MHz, 405 MHz, 0x0000000000000000, 15.86 W, 0 %
2026/09/30 10:03:41.199, 180 MHz, 405 MHz, 0x0000000000000000, 15.92 W, 0 %
2026/09/30 10:03:41.701, 187 MHz, 405 MHz, 0x0000000000000000, 15.61 W, 0 %
2026/09/30 10:03:42.214, 180 MHz, 405 MHz, 0x0000000000000000, 15.41 W, 0 %
2026/09/30 10:03:42.727, 195 MHz, 405 MHz, 0x0000000000000000, 15.45 W, 0 %
2026/09/30 10:03:43.229, 180 MHz, 405 MHz, 0x0000000000000000, 15.56 W, 0 %
2026/09/30 10:03:43.738, 195 MHz, 405 MHz, 0x0000000000000000, 15.58 W, 0 %
2026/09/30 10:03:44.251, 180 MHz, 405 MHz, 0x0000000000000000, 15.41 W, 0 %
2026/09/30 10:03:44.764, 195 MHz, 405 MHz, 0x0000000000000000, 15.70 W, 0 %
2026/09/30 10:03:45.264, 180 MHz, 405 MHz, 0x0000000000000000, 15.74 W, 0 %
2026/09/30 10:03:45.780, 195 MHz, 405 MHz, 0x0000000000000000, 15.23 W, 0 %
2026/09/30 10:03:46.290, 180 MHz, 405 MHz, 0x0000000000000000, 15.04 W, 0 %
2026/09/30 10:03:46.804, 187 MHz, 405 MHz, 0x0000000000000000, 14.86 W, 0 %
2026/09/30 10:03:47.319, 180 MHz, 405 MHz, 0x0000000000000000, 14.77 W, 0 %
2026/09/30 10:03:47.834, 195 MHz, 405 MHz, 0x0000000000000000, 15.13 W, 0 %
2026/09/30 10:03:48.344, 180 MHz, 405 MHz, 0x0000000000000000, 15.28 W, 0 %
2026/09/30 10:03:48.857, 195 MHz, 405 MHz, 0x0000000000000000, 15.01 W, 0 %
2026/09/30 10:03:49.371, 180 MHz, 405 MHz, 0x0000000000000000, 14.95 W, 0 %
2026/09/30 10:03:49.883, 187 MHz, 405 MHz, 0x0000000000000000, 14.76 W, 0 %
2026/09/30 10:03:50.398, 180 MHz, 405 MHz, 0x0000000000000000, 14.48 W, 0 %
2026/09/30 10:03:50.899, 195 MHz, 405 MHz, 0x0000000000000000, 14.49 W, 0 %
2026/09/30 10:03:51.400, 180 MHz, 405 MHz, 0x0000000000000000, 14.55 W, 0 %
2026/09/30 10:03:51.903, 195 MHz, 405 MHz, 0x0000000000000000, 14.65 W, 0 %
2026/09/30 10:03:52.404, 180 MHz, 405 MHz, 0x0000000000000000, 14.75 W, 0 %
2026/09/30 10:03:52.918, 195 MHz, 405 MHz, 0x0000000000000000, 14.58 W, 0 %
2026/09/30 10:03:53.432, 180 MHz, 405 MHz, 0x0000000000000000, 14.33 W, 0 %
2026/09/30 10:03:53.946, 180 MHz, 405 MHz, 0x0000000000000000, 14.45 W, 0 %
2026/09/30 10:03:54.457, 195 MHz, 405 MHz, 0x0000000000000000, 14.23 W, 0 %
2026/09/30 10:03:54.960, 180 MHz, 405 MHz, 0x0000000000000000, 14.15 W, 0 %
2026/09/30 10:03:55.461, 187 MHz, 405 MHz, 0x0000000000000000, 14.01 W, 0 %
2026/09/30 10:03:55.973, 180 MHz, 405 MHz, 0x0000000000000000, 14.04 W, 0 %
2026/09/30 10:03:56.486, 195 MHz, 405 MHz, 0x0000000000000000, 14.18 W, 0 %
2026/09/30 10:03:56.988, 180 MHz, 405 MHz, 0x0000000000000000, 14.19 W, 0 %
2026/09/30 10:03:57.502, 195 MHz, 405 MHz, 0x0000000000000000, 14.21 W, 0 %
2026/09/30 10:03:58.006, 180 MHz, 405 MHz, 0x0000000000000000, 14.06 W, 0 %
2026/09/30 10:03:58.508, 180 MHz, 405 MHz, 0x0000000000000000, 13.85 W, 0 %
2026/09/30 10:03:59.022, 180 MHz, 405 MHz, 0x0000000000000000, 13.88 W, 0 %
2026/09/30 10:03:59.536, 180 MHz, 405 MHz, 0x0000000000000000, 13.94 W, 0 %
2026/09/30 10:04:00.051, 180 MHz, 405 MHz, 0x0000000000000000, 14.17 W, 0 %
2026/09/30 10:04:00.565, 180 MHz, 405 MHz, 0x0000000000000000, 14.06 W, 0 %
2026/09/30 10:04:01.065, 180 MHz, 405 MHz, 0x0000000000000000, 13.82 W, 0 %
2026/09/30 10:04:01.578, 180 MHz, 405 MHz, 0x0000000000000000, 13.81 W, 0 %
2026/09/30 10:04:02.079, 180 MHz, 405 MHz, 0x0000000000000000, 13.54 W, 0 %
2026/09/30 10:04:02.581, 180 MHz, 405 MHz, 0x0000000000000000, 13.54 W, 0 %
2026/09/30 10:04:03.082, 180 MHz, 405 MHz, 0x0000000000000000, 13.46 W, 0 %
2026/09/30 10:04:03.591, 2887 MHz, 13801 MHz, 0x0000000000000000, 131.66 W, 91 %
2026/09/30 10:04:04.100, 2910 MHz, 13801 MHz, 0x0000000000000000, 278.23 W, 94 %
2026/09/30 10:04:04.607, 2910 MHz, 13801 MHz, 0x0000000000000000, 358.19 W, 94 %
2026/09/30 10:04:05.117, 2910 MHz, 13801 MHz, 0x0000000000000000, 355.28 W, 51 %
2026/09/30 10:04:05.623, 2910 MHz, 13801 MHz, 0x0000000000000000, 355.75 W, 95 %
2026/09/30 10:04:06.131, 2910 MHz, 13801 MHz, 0x0000000000000000, 359.57 W, 95 %
2026/09/30 10:04:06.640, 2910 MHz, 13801 MHz, 0x0000000000000000, 362.15 W, 95 %
2026/09/30 10:04:07.146, 2887 MHz, 13801 MHz, 0x0000000000000000, 358.64 W, 94 %
2026/09/30 10:04:07.653, 2910 MHz, 13801 MHz, 0x0000000000000000, 359.63 W, 95 %
2026/09/30 10:04:08.162, 2910 MHz, 13801 MHz, 0x0000000000000000, 363.41 W, 94 %
2026/09/30 10:04:08.667, 2887 MHz, 13801 MHz, 0x0000000000000000, 360.23 W, 95 %
2026/09/30 10:04:09.175, 2910 MHz, 13801 MHz, 0x0000000000000000, 361.07 W, 95 %
2026/09/30 10:04:09.685, 2910 MHz, 13801 MHz, 0x0000000000000000, 364.42 W, 95 %
2026/09/30 10:04:10.197, 2910 MHz, 13801 MHz, 0x0000000000000000, 364.53 W, 95 %
2026/09/30 10:04:10.705, 2902 MHz, 13801 MHz, 0x0000000000000000, 362.85 W, 95 %
2026/09/30 10:04:11.214, 2910 MHz, 13801 MHz, 0x0000000000000000, 362.58 W, 94 %
2026/09/30 10:04:11.724, 2910 MHz, 13801 MHz, 0x0000000000000000, 364.55 W, 95 %
2026/09/30 10:04:12.233, 2887 MHz, 13801 MHz, 0x0000000000000000, 360.78 W, 95 %
2026/09/30 10:04:12.742, 2910 MHz, 13801 MHz, 0x0000000000000000, 361.46 W, 95 %
2026/09/30 10:04:13.249, 2910 MHz, 13801 MHz, 0x0000000000000000, 365.00 W, 95 %
2026/09/30 10:04:13.756, 2902 MHz, 13801 MHz, 0x0000000000000000, 360.35 W, 49 %
2026/09/30 10:04:14.265, 2910 MHz, 13801 MHz, 0x0000000000000000, 361.18 W, 95 %
2026/09/30 10:04:14.776, 2910 MHz, 13801 MHz, 0x0000000000000000, 364.66 W, 95 %
2026/09/30 10:04:15.286, 2910 MHz, 13801 MHz, 0x0000000000000000, 366.15 W, 95 %
2026/09/30 10:04:15.796, 2910 MHz, 13801 MHz, 0x0000000000000000, 361.07 W, 94 %
2026/09/30 10:04:16.301, 2910 MHz, 13801 MHz, 0x0000000000000000, 360.80 W, 94 %
2026/09/30 10:04:16.809, 2910 MHz, 13801 MHz, 0x0000000000000000, 366.33 W, 95 %
2026/09/30 10:04:17.316, 2895 MHz, 13801 MHz, 0x0000000000000000, 360.54 W, 95 %
2026/09/30 10:04:17.824, 2910 MHz, 13801 MHz, 0x0000000000000000, 360.23 W, 95 %
2026/09/30 10:04:18.330, 2910 MHz, 13801 MHz, 0x0000000000000000, 366.20 W, 94 %
2026/09/30 10:04:18.837, 2910 MHz, 13801 MHz, 0x0000000000000000, 357.52 W, 55 %
2026/09/30 10:04:19.343, 2910 MHz, 13801 MHz, 0x0000000000000000, 350.07 W, 94 %
2026/09/30 10:04:19.851, 2910 MHz, 13801 MHz, 0x0000000000000000, 353.35 W, 95 %
2026/09/30 10:04:20.357, 2910 MHz, 13801 MHz, 0x0000000000000000, 366.55 W, 94 %
2026/09/30 10:04:20.863, 2880 MHz, 13801 MHz, 0x0000000000000000, 357.66 W, 93 %
2026/09/30 10:04:21.372, 2910 MHz, 13801 MHz, 0x0000000000000000, 357.84 W, 94 %
2026/09/30 10:04:21.878, 2910 MHz, 13801 MHz, 0x0000000000000000, 365.76 W, 90 %
2026/09/30 10:04:22.384, 2910 MHz, 13801 MHz, 0x0000000000000000, 343.14 W, 68 %
2026/09/30 10:04:22.890, 2910 MHz, 13801 MHz, 0x0000000000000000, 342.03 W, 94 %
2026/09/30 10:04:23.397, 2910 MHz, 13801 MHz, 0x0000000000000000, 358.72 W, 94 %
2026/09/30 10:04:23.904, 2910 MHz, 13801 MHz, 0x0000000000000000, 367.05 W, 94 %
2026/09/30 10:04:24.411, 2887 MHz, 13801 MHz, 0x0000000000000000, 357.58 W, 77 %
2026/09/30 10:04:24.917, 2910 MHz, 13801 MHz, 0x0000000000000000, 358.14 W, 94 %
2026/09/30 10:04:25.426, 2910 MHz, 13801 MHz, 0x0000000000000000, 367.43 W, 95 %
2026/09/30 10:04:25.937, 2910 MHz, 13801 MHz, 0x0000000000000000, 363.56 W, 64 %
2026/09/30 10:04:26.442, 2910 MHz, 13801 MHz, 0x0000000000000000, 361.16 W, 95 %
2026/09/30 10:04:26.947, 2910 MHz, 13801 MHz, 0x0000000000000000, 366.71 W, 93 %
2026/09/30 10:04:27.452, 2910 MHz, 13801 MHz, 0x0000000000000000, 363.93 W, 52 %
2026/09/30 10:04:27.958, 2910 MHz, 13801 MHz, 0x0000000000000000, 361.35 W, 93 %
2026/09/30 10:04:28.468, 2910 MHz, 13801 MHz, 0x0000000000000000, 361.46 W, 94 %
2026/09/30 10:04:28.975, 2910 MHz, 13801 MHz, 0x0000000000000000, 367.48 W, 95 %
2026/09/30 10:04:29.483, 2910 MHz, 13801 MHz, 0x0000000000000000, 367.74 W, 94 %
2026/09/30 10:04:29.991, 2910 MHz, 13801 MHz, 0x0000000000000000, 358.66 W, 93 %
2026/09/30 10:04:30.497, 2910 MHz, 13801 MHz, 0x0000000000000000, 359.93 W, 95 %
2026/09/30 10:04:31.005, 2910 MHz, 13801 MHz, 0x0000000000000000, 367.65 W, 94 %
2026/09/30 10:04:31.517, 2902 MHz, 13801 MHz, 0x0000000000000000, 360.92 W, 95 %
2026/09/30 10:04:32.024, 2910 MHz, 13801 MHz, 0x0000000000000000, 361.66 W, 94 %
2026/09/30 10:04:32.530, 2910 MHz, 13801 MHz, 0x0000000000000000, 368.65 W, 95 %
2026/09/30 10:04:33.039, 2895 MHz, 13801 MHz, 0x0000000000000000, 357.27 W, 51 %
2026/09/30 10:04:33.547, 2910 MHz, 13801 MHz, 0x0000000000000000, 358.27 W, 94 %
2026/09/30 10:04:34.056, 2910 MHz, 13801 MHz, 0x0000000000000000, 362.02 W, 94 %
2026/09/30 10:04:34.565, 2910 MHz, 13801 MHz, 0x0000000000000000, 368.91 W, 95 %
2026/09/30 10:04:35.074, 2887 MHz, 13801 MHz, 0x0000000000000000, 365.90 W, 94 %
2026/09/30 10:04:35.581, 2910 MHz, 13801 MHz, 0x0000000000000000, 366.43 W, 94 %
2026/09/30 10:04:36.088, 2910 MHz, 13801 MHz, 0x0000000000000000, 370.32 W, 94 %
2026/09/30 10:04:36.595, 2902 MHz, 13801 MHz, 0x0000000000000000, 361.27 W, 93 %
2026/09/30 10:04:37.102, 2910 MHz, 13801 MHz, 0x0000000000000000, 361.35 W, 94 %
2026/09/30 10:04:37.611, 2910 MHz, 13801 MHz, 0x0000000000000000, 370.65 W, 95 %
2026/09/30 10:04:38.119, 2895 MHz, 13801 MHz, 0x0000000000000000, 365.54 W, 52 %
2026/09/30 10:04:38.625, 2910 MHz, 13801 MHz, 0x0000000000000000, 365.94 W, 95 %
2026/09/30 10:04:39.131, 2910 MHz, 13801 MHz, 0x0000000000000000, 370.70 W, 95 %
2026/09/30 10:04:39.640, 2910 MHz, 13801 MHz, 0x0000000000000000, 370.08 W, 94 %
2026/09/30 10:04:40.145, 2902 MHz, 13801 MHz, 0x0000000000000000, 367.68 W, 94 %
2026/09/30 10:04:40.651, 2910 MHz, 13801 MHz, 0x0000000000000000, 367.89 W, 94 %
2026/09/30 10:04:41.160, 2910 MHz, 13801 MHz, 0x0000000000000000, 371.25 W, 94 %
2026/09/30 10:04:41.668, 2887 MHz, 13801 MHz, 0x0000000000000000, 367.25 W, 94 %
2026/09/30 10:04:42.173, 2910 MHz, 13801 MHz, 0x0000000000000000, 366.66 W, 94 %
2026/09/30 10:04:42.680, 2910 MHz, 13801 MHz, 0x0000000000000000, 370.39 W, 95 %
2026/09/30 10:04:43.192, 2895 MHz, 13801 MHz, 0x0000000000000000, 361.71 W, 37 %
2026/09/30 10:04:43.700, 2910 MHz, 13801 MHz, 0x0000000000000000, 358.80 W, 95 %
2026/09/30 10:04:44.206, 2910 MHz, 13801 MHz, 0x0000000000000000, 369.03 W, 95 %
2026/09/30 10:04:44.715, 2880 MHz, 13801 MHz, 0x0000000000000000, 369.82 W, 91 %
2026/09/30 10:04:45.221, 2910 MHz, 13801 MHz, 0x0000000000000000, 370.15 W, 95 %
2026/09/30 10:04:45.731, 2910 MHz, 13801 MHz, 0x0000000000000000, 371.61 W, 95 %
2026/09/30 10:04:46.240, 2910 MHz, 13801 MHz, 0x0000000000000000, 371.84 W, 94 %
2026/09/30 10:04:46.748, 2887 MHz, 13801 MHz, 0x0000000000000000, 365.42 W, 95 %
2026/09/30 10:04:47.253, 2910 MHz, 13801 MHz, 0x0000000000000000, 365.33 W, 95 %
2026/09/30 10:04:47.760, 2910 MHz, 13801 MHz, 0x0000000000000000, 371.90 W, 94 %
2026/09/30 10:04:48.270, 2910 MHz, 13801 MHz, 0x0000000000000000, 362.36 W, 45 %
2026/09/30 10:04:48.776, 2910 MHz, 13801 MHz, 0x0000000000000000, 361.78 W, 94 %
2026/09/30 10:04:49.284, 2910 MHz, 13801 MHz, 0x0000000000000000, 371.07 W, 95 %
2026/09/30 10:04:49.796, 2910 MHz, 13801 MHz, 0x0000000000000000, 372.23 W, 95 %
2026/09/30 10:04:50.304, 2872 MHz, 13801 MHz, 0x0000000000000000, 370.36 W, 95 %
2026/09/30 10:04:50.811, 2910 MHz, 13801 MHz, 0x0000000000000000, 370.89 W, 94 %
2026/09/30 10:04:51.318, 2910 MHz, 13801 MHz, 0x0000000000000000, 373.04 W, 95 %
2026/09/30 10:04:51.824, 2872 MHz, 13801 MHz, 0x0000000000000000, 369.59 W, 83 %
2026/09/30 10:04:52.329, 2910 MHz, 13801 MHz, 0x0000000000000000, 370.39 W, 94 %
2026/09/30 10:04:52.836, 2910 MHz, 13801 MHz, 0x0000000000000000, 370.74 W, 94 %
2026/09/30 10:04:53.348, 2910 MHz, 13801 MHz, 0x0000000000000000, 372.81 W, 95 %
2026/09/30 10:04:53.856, 2887 MHz, 13801 MHz, 0x0000000000000000, 366.36 W, 75 %
2026/09/30 10:04:54.364, 2910 MHz, 13801 MHz, 0x0000000000000000, 366.96 W, 94 %
2026/09/30 10:04:54.875, 2910 MHz, 13801 MHz, 0x0000000000000000, 370.69 W, 94 %
2026/09/30 10:04:55.383, 2887 MHz, 13801 MHz, 0x0000000000000000, 356.38 W, 94 %
2026/09/30 10:04:55.890, 2910 MHz, 13801 MHz, 0x0000000000000000, 356.82 W, 95 %
2026/09/30 10:04:56.400, 2910 MHz, 13801 MHz, 0x0000000000000000, 372.70 W, 94 %
2026/09/30 10:04:56.907, 2910 MHz, 13801 MHz, 0x0000000000000000, 368.15 W, 60 %
2026/09/30 10:04:57.415, 2910 MHz, 13801 MHz, 0x0000000000000000, 364.06 W, 95 %
2026/09/30 10:04:57.921, 2910 MHz, 13801 MHz, 0x0000000000000000, 365.24 W, 95 %
2026/09/30 10:04:58.430, 2910 MHz, 13801 MHz, 0x0000000000000000, 373.18 W, 95 %
2026/09/30 10:04:58.935, 2880 MHz, 13801 MHz, 0x0000000000000000, 366.73 W, 85 %
2026/09/30 10:04:59.440, 2910 MHz, 13801 MHz, 0x0000000000000000, 365.87 W, 93 %
2026/09/30 10:04:59.951, 2910 MHz, 13801 MHz, 0x0000000000000000, 370.08 W, 60 %
2026/09/30 10:05:00.461, 2902 MHz, 13801 MHz, 0x0000000000000000, 366.66 W, 95 %
2026/09/30 10:05:00.967, 2895 MHz, 13801 MHz, 0x0000000000000000, 366.72 W, 95 %
2026/09/30 10:05:01.473, 2895 MHz, 13801 MHz, 0x0000000000000000, 372.40 W, 94 %
2026/09/30 10:05:01.980, 2880 MHz, 13801 MHz, 0x0000000000000000, 362.26 W, 95 %
2026/09/30 10:05:02.489, 2910 MHz, 13801 MHz, 0x0000000000000000, 362.69 W, 94 %
2026/09/30 10:05:02.999, 2910 MHz, 13801 MHz, 0x0000000000000000, 373.61 W, 95 %
2026/09/30 10:05:03.510, 2910 MHz, 13801 MHz, 0x0000000000000000, 373.45 W, 94 %
2026/09/30 10:05:04.018, 2902 MHz, 13801 MHz, 0x0000000000000000, 364.03 W, 94 %
2026/09/30 10:05:04.524, 2910 MHz, 13801 MHz, 0x0000000000000000, 365.13 W, 94 %
2026/09/30 10:05:05.034, 2910 MHz, 13801 MHz, 0x0000000000000000, 347.25 W, 0 %
2026/09/30 10:05:05.548, 2925 MHz, 13801 MHz, 0x0000000000000000, 224.12 W, 0 %
2026/09/30 10:05:06.058, 2925 MHz, 13801 MHz, 0x0000000000000000, 98.13 W, 0 %
2026/09/30 10:05:06.561, 2925 MHz, 13801 MHz, 0x0000000000000000, 96.50 W, 0 %
2026/09/30 10:05:07.077, 1950 MHz, 13801 MHz, 0x0000000000000000, 86.53 W, 0 %
2026/09/30 10:05:07.579, 495 MHz, 7001 MHz, 0x0000000000000000, 58.30 W, 0 %
2026/09/30 10:05:08.094, 397 MHz, 7001 MHz, 0x0000000000000000, 38.30 W, 0 %
2026/09/30 10:05:08.609, 307 MHz, 7001 MHz, 0x0000000000000000, 36.59 W, 0 %
2026/09/30 10:05:09.122, 255 MHz, 7001 MHz, 0x0000000000000000, 36.39 W, 0 %
2026/09/30 10:05:09.624, 195 MHz, 7001 MHz, 0x0000000000000000, 36.26 W, 0 %
2026/09/30 10:05:10.135, 210 MHz, 810 MHz, 0x0000000000000000, 31.12 W, 0 %
2026/09/30 10:05:10.648, 180 MHz, 810 MHz, 0x0000000000000000, 22.31 W, 0 %
2026/09/30 10:05:11.149, 202 MHz, 810 MHz, 0x0000000000000000, 20.56 W, 0 %
2026/09/30 10:05:11.664, 180 MHz, 405 MHz, 0x0000000000000000, 19.87 W, 0 %
2026/09/30 10:05:12.179, 187 MHz, 405 MHz, 0x0000000000000000, 16.80 W, 0 %
2026/09/30 10:05:12.695, 180 MHz, 405 MHz, 0x0000000000000000, 15.61 W, 0 %
2026/09/30 10:05:13.210, 187 MHz, 405 MHz, 0x0000000000000000, 15.23 W, 0 %
2026/09/30 10:05:13.722, 180 MHz, 405 MHz, 0x0000000000000000, 15.40 W, 0 %
2026/09/30 10:05:14.235, 187 MHz, 405 MHz, 0x0000000000000000, 15.54 W, 0 %
2026/09/30 10:05:14.737, 180 MHz, 405 MHz, 0x0000000000000000, 15.47 W, 0 %
2026/09/30 10:05:15.248, 187 MHz, 405 MHz, 0x0000000000000000, 15.52 W, 0 %
2026/09/30 10:05:15.763, 180 MHz, 405 MHz, 0x0000000000000000, 15.38 W, 0 %
2026/09/30 10:05:16.276, 187 MHz, 405 MHz, 0x0000000000000000, 15.06 W, 0 %
2026/09/30 10:05:16.790, 180 MHz, 405 MHz, 0x0000000000000000, 14.95 W, 0 %
2026/09/30 10:05:17.304, 180 MHz, 405 MHz, 0x0000000000000000, 15.03 W, 0 %
2026/09/30 10:05:17.818, 180 MHz, 405 MHz, 0x0000000000000000, 15.01 W, 0 %
2026/09/30 10:05:18.319, 180 MHz, 405 MHz, 0x0000000000000000, 15.01 W, 0 %
2026/09/30 10:05:18.819, 180 MHz, 405 MHz, 0x0000000000000000, 14.89 W, 0 %
2026/09/30 10:05:19.333, 180 MHz, 405 MHz, 0x0000000000000000, 14.77 W, 0 %
2026/09/30 10:05:19.847, 180 MHz, 405 MHz, 0x0000000000000000, 14.78 W, 0 %
2026/09/30 10:05:20.349, 180 MHz, 405 MHz, 0x0000000000000000, 14.73 W, 0 %
2026/09/30 10:05:20.864, 180 MHz, 405 MHz, 0x0000000000000000, 14.63 W, 0 %
2026/09/30 10:05:21.367, 180 MHz, 405 MHz, 0x0000000000000000, 14.67 W, 0 %
2026/09/30 10:05:21.883, 180 MHz, 405 MHz, 0x0000000000000000, 14.62 W, 0 %
2026/09/30 10:05:22.396, 180 MHz, 405 MHz, 0x0000000000000000, 14.67 W, 0 %
2026/09/30 10:05:22.911, 180 MHz, 405 MHz, 0x0000000000000000, 14.54 W, 0 %
2026/09/30 10:05:23.426, 180 MHz, 405 MHz, 0x0000000000000000, 14.57 W, 0 %
2026/09/30 10:05:23.942, 180 MHz, 405 MHz, 0x0000000000000000, 14.51 W, 0 %
2026/09/30 10:05:24.445, 180 MHz, 405 MHz, 0x0000000000000000, 14.45 W, 0 %
2026/09/30 10:05:24.957, 180 MHz, 405 MHz, 0x0000000000000000, 14.31 W, 0 %
2026/09/30 10:05:25.458, 187 MHz, 405 MHz, 0x0000000000000000, 14.33 W, 0 %
2026/09/30 10:05:25.972, 180 MHz, 405 MHz, 0x0000000000000000, 14.28 W, 0 %
2026/09/30 10:05:26.487, 180 MHz, 405 MHz, 0x0000000000000000, 14.31 W, 0 %
2026/09/30 10:05:27.000, 180 MHz, 405 MHz, 0x0000000000000000, 14.16 W, 0 %
2026/09/30 10:05:27.513, 180 MHz, 405 MHz, 0x0000000000000000, 13.84 W, 0 %
2026/09/30 10:05:28.025, 180 MHz, 405 MHz, 0x0000000000000000, 13.94 W, 0 %
2026/09/30 10:05:28.539, 180 MHz, 405 MHz, 0x0000000000000000, 13.87 W, 0 %
2026/09/30 10:05:29.052, 180 MHz, 405 MHz, 0x0000000000000000, 13.70 W, 0 %
2026/09/30 10:05:29.562, 180 MHz, 405 MHz, 0x0000000000000000, 14.04 W, 0 %
2026/09/30 10:05:30.074, 180 MHz, 405 MHz, 0x0000000000000000, 13.97 W, 0 %
2026/09/30 10:05:30.589, 180 MHz, 405 MHz, 0x0000000000000000, 13.63 W, 0 %
2026/09/30 10:05:31.099, 180 MHz, 405 MHz, 0x0000000000000000, 13.58 W, 0 %
2026/09/30 10:05:31.609, 180 MHz, 405 MHz, 0x0000000000000000, 13.70 W, 0 %
2026/09/30 10:05:32.120, 172 MHz, 405 MHz, 0x0000000000000000, 13.58 W, 0 %
2026/09/30 10:05:32.632, 180 MHz, 405 MHz, 0x0000000000000000, 13.62 W, 0 %
2026/09/30 10:05:33.142, 180 MHz, 405 MHz, 0x0000000000000000, 13.59 W, 0 %
2026/09/30 10:05:33.656, 180 MHz, 405 MHz, 0x0000000000000000, 13.47 W, 0 %
2026/09/30 10:05:34.168, 180 MHz, 405 MHz, 0x0000000000000000, 13.47 W, 0 %
2026/09/30 10:05:34.682, 180 MHz, 405 MHz, 0x0000000000000000, 13.45 W, 0 %
2026/09/30 10:05:35.193, 180 MHz, 405 MHz, 0x0000000000000000, 13.51 W, 0 %
2026/09/30 10:05:35.707, 195 MHz, 405 MHz, 0x0000000000000000, 13.56 W, 0 %
2026/09/30 10:05:36.216, 180 MHz, 405 MHz, 0x0000000000000000, 13.51 W, 0 %
2026/09/30 10:05:36.728, 195 MHz, 405 MHz, 0x0000000000000000, 13.32 W, 0 %
2026/09/30 10:05:37.242, 180 MHz, 405 MHz, 0x0000000000000000, 13.24 W, 0 %
2026/09/30 10:05:37.756, 187 MHz, 405 MHz, 0x0000000000000000, 13.14 W, 0 %
2026/09/30 10:05:38.268, 180 MHz, 405 MHz, 0x0000000000000000, 13.03 W, 0 %
2026/09/30 10:05:38.779, 187 MHz, 405 MHz, 0x0000000000000000, 13.13 W, 0 %
2026/09/30 10:05:39.286, 180 MHz, 405 MHz, 0x0000000000000000, 13.01 W, 0 %
2026/09/30 10:05:39.794, 195 MHz, 405 MHz, 0x0000000000000000, 13.21 W, 0 %
2026/09/30 10:05:40.308, 180 MHz, 405 MHz, 0x0000000000000000, 13.00 W, 0 %
2026/09/30 10:05:40.810, 195 MHz, 405 MHz, 0x0000000000000000, 12.85 W, 0 %
2026/09/30 10:05:41.322, 180 MHz, 405 MHz, 0x0000000000000000, 13.00 W, 0 %
2026/09/30 10:05:41.828, 187 MHz, 405 MHz, 0x0000000000000000, 22.95 W, 1 %
2026/09/30 10:05:42.335, 2925 MHz, 13801 MHz, 0x0000000000000000, 174.57 W, 94 %
2026/09/30 10:05:42.840, 2910 MHz, 13801 MHz, 0x0000000000000000, 327.89 W, 94 %
2026/09/30 10:05:43.348, 2910 MHz, 13801 MHz, 0x0000000000000000, 350.83 W, 78 %
2026/09/30 10:05:43.854, 2910 MHz, 13801 MHz, 0x0000000000000000, 353.73 W, 81 %
2026/09/30 10:05:44.359, 2910 MHz, 13801 MHz, 0x0000000000000000, 357.38 W, 94 %
2026/09/30 10:05:44.868, 2910 MHz, 13801 MHz, 0x0000000000000000, 357.98 W, 95 %
2026/09/30 10:05:45.375, 2910 MHz, 13801 MHz, 0x0000000000000000, 356.44 W, 95 %
2026/09/30 10:05:45.880, 2910 MHz, 13801 MHz, 0x0000000000000000, 356.39 W, 86 %
2026/09/30 10:05:46.386, 2910 MHz, 13801 MHz, 0x0000000000000000, 354.40 W, 95 %
2026/09/30 10:05:46.894, 2910 MHz, 13801 MHz, 0x0000000000000000, 355.32 W, 95 %
2026/09/30 10:05:47.400, 2910 MHz, 13801 MHz, 0x0000000000000000, 359.52 W, 95 %
2026/09/30 10:05:47.910, 2910 MHz, 13801 MHz, 0x0000000000000000, 360.00 W, 94 %
2026/09/30 10:05:48.415, 2910 MHz, 13801 MHz, 0x0000000000000000, 358.56 W, 81 %
2026/09/30 10:05:48.924, 2910 MHz, 13801 MHz, 0x0000000000000000, 357.70 W, 86 %
2026/09/30 10:05:49.431, 2910 MHz, 13801 MHz, 0x0000000000000000, 359.66 W, 95 %
2026/09/30 10:05:49.938, 2910 MHz, 13801 MHz, 0x0000000000000000, 359.08 W, 95 %
2026/09/30 10:05:50.445, 2910 MHz, 13801 MHz, 0x0000000000000000, 358.85 W, 93 %
2026/09/30 10:05:50.952, 2910 MHz, 13801 MHz, 0x0000000000000000, 360.04 W, 95 %
2026/09/30 10:05:51.458, 2910 MHz, 13801 MHz, 0x0000000000000000, 358.98 W, 94 %
2026/09/30 10:05:51.965, 2910 MHz, 13801 MHz, 0x0000000000000000, 360.99 W, 95 %
2026/09/30 10:05:52.471, 2910 MHz, 13801 MHz, 0x0000000000000000, 358.65 W, 95 %
2026/09/30 10:05:52.979, 2910 MHz, 13801 MHz, 0x0000000000000000, 357.59 W, 95 %
2026/09/30 10:05:53.486, 2910 MHz, 13801 MHz, 0x0000000000000000, 357.72 W, 94 %
2026/09/30 10:05:53.994, 2910 MHz, 13801 MHz, 0x0000000000000000, 358.98 W, 94 %
2026/09/30 10:05:54.499, 2910 MHz, 13801 MHz, 0x0000000000000000, 356.05 W, 94 %
2026/09/30 10:05:55.008, 2910 MHz, 13801 MHz, 0x0000000000000000, 360.24 W, 95 %
2026/09/30 10:05:55.513, 2910 MHz, 13801 MHz, 0x0000000000000000, 361.34 W, 95 %
2026/09/30 10:05:56.019, 2910 MHz, 13801 MHz, 0x0000000000000000, 359.40 W, 95 %
2026/09/30 10:05:56.527, 2910 MHz, 13801 MHz, 0x0000000000000000, 359.34 W, 95 %
2026/09/30 10:05:57.037, 2910 MHz, 13801 MHz, 0x0000000000000000, 358.86 W, 94 %
2026/09/30 10:05:57.546, 2910 MHz, 13801 MHz, 0x0000000000000000, 358.25 W, 87 %
2026/09/30 10:05:58.052, 2910 MHz, 13801 MHz, 0x0000000000000000, 361.08 W, 95 %
2026/09/30 10:05:58.558, 2910 MHz, 13801 MHz, 0x0000000000000000, 360.92 W, 94 %
2026/09/30 10:05:59.066, 2910 MHz, 13801 MHz, 0x0000000000000000, 358.00 W, 94 %
2026/09/30 10:05:59.573, 2910 MHz, 13801 MHz, 0x0000000000000000, 359.98 W, 95 %
2026/09/30 10:06:00.080, 2910 MHz, 13801 MHz, 0x0000000000000000, 363.01 W, 95 %
2026/09/30 10:06:00.587, 2910 MHz, 13801 MHz, 0x0000000000000000, 361.14 W, 93 %
2026/09/30 10:06:01.092, 2910 MHz, 13801 MHz, 0x0000000000000000, 356.10 W, 95 %
2026/09/30 10:06:01.601, 2910 MHz, 13801 MHz, 0x0000000000000000, 355.54 W, 95 %
2026/09/30 10:06:02.107, 2910 MHz, 13801 MHz, 0x0000000000000000, 357.61 W, 74 %
2026/09/30 10:06:02.616, 2910 MHz, 13801 MHz, 0x0000000000000000, 362.19 W, 94 %
2026/09/30 10:06:03.122, 2910 MHz, 13801 MHz, 0x0000000000000000, 363.03 W, 94 %
2026/09/30 10:06:03.629, 2910 MHz, 13801 MHz, 0x0000000000000000, 357.75 W, 94 %
2026/09/30 10:06:04.137, 2910 MHz, 13801 MHz, 0x0000000000000000, 361.55 W, 94 %
2026/09/30 10:06:04.643, 2910 MHz, 13801 MHz, 0x0000000000000000, 362.92 W, 95 %
2026/09/30 10:06:05.154, 2910 MHz, 13801 MHz, 0x0000000000000000, 362.48 W, 87 %
2026/09/30 10:06:05.658, 2910 MHz, 13801 MHz, 0x0000000000000000, 363.24 W, 94 %
2026/09/30 10:06:06.166, 2910 MHz, 13801 MHz, 0x0000000000000000, 360.57 W, 79 %
2026/09/30 10:06:06.672, 2910 MHz, 13801 MHz, 0x0000000000000000, 361.76 W, 84 %
2026/09/30 10:06:07.178, 2910 MHz, 13801 MHz, 0x0000000000000000, 359.76 W, 94 %
2026/09/30 10:06:07.685, 2910 MHz, 13801 MHz, 0x0000000000000000, 359.23 W, 94 %
2026/09/30 10:06:08.193, 2910 MHz, 13801 MHz, 0x0000000000000000, 359.43 W, 88 %
2026/09/30 10:06:08.699, 2910 MHz, 13801 MHz, 0x0000000000000000, 364.83 W, 94 %
2026/09/30 10:06:09.204, 2910 MHz, 13801 MHz, 0x0000000000000000, 363.08 W, 94 %
2026/09/30 10:06:09.710, 2910 MHz, 13801 MHz, 0x0000000000000000, 364.07 W, 94 %
2026/09/30 10:06:10.216, 2910 MHz, 13801 MHz, 0x0000000000000000, 364.71 W, 95 %
2026/09/30 10:06:10.725, 2910 MHz, 13801 MHz, 0x0000000000000000, 363.02 W, 95 %
2026/09/30 10:06:11.233, 2910 MHz, 13801 MHz, 0x0000000000000000, 362.11 W, 94 %
2026/09/30 10:06:11.741, 2910 MHz, 13801 MHz, 0x0000000000000000, 360.20 W, 75 %
2026/09/30 10:06:12.249, 2910 MHz, 13801 MHz, 0x0000000000000000, 359.80 W, 74 %
2026/09/30 10:06:12.753, 2910 MHz, 13801 MHz, 0x0000000000000000, 360.29 W, 94 %
2026/09/30 10:06:13.260, 2910 MHz, 13801 MHz, 0x0000000000000000, 364.23 W, 94 %
2026/09/30 10:06:13.767, 2910 MHz, 13801 MHz, 0x0000000000000000, 361.77 W, 94 %
2026/09/30 10:06:14.274, 2910 MHz, 13801 MHz, 0x0000000000000000, 363.08 W, 77 %
2026/09/30 10:06:14.783, 2910 MHz, 13801 MHz, 0x0000000000000000, 365.60 W, 95 %
2026/09/30 10:06:15.292, 2910 MHz, 13801 MHz, 0x0000000000000000, 363.62 W, 94 %
2026/09/30 10:06:15.802, 2910 MHz, 13801 MHz, 0x0000000000000000, 363.05 W, 95 %
2026/09/30 10:06:16.307, 2910 MHz, 13801 MHz, 0x0000000000000000, 365.46 W, 94 %
2026/09/30 10:06:16.816, 2910 MHz, 13801 MHz, 0x0000000000000000, 365.12 W, 95 %
2026/09/30 10:06:17.320, 2910 MHz, 13801 MHz, 0x0000000000000000, 359.05 W, 95 %
2026/09/30 10:06:17.824, 2910 MHz, 13801 MHz, 0x0000000000000000, 358.94 W, 95 %
2026/09/30 10:06:18.330, 2910 MHz, 13801 MHz, 0x0000000000000000, 360.53 W, 75 %
2026/09/30 10:06:18.836, 2910 MHz, 13801 MHz, 0x0000000000000000, 365.56 W, 94 %
2026/09/30 10:06:19.342, 2910 MHz, 13801 MHz, 0x0000000000000000, 360.12 W, 79 %
2026/09/30 10:06:19.848, 2910 MHz, 13801 MHz, 0x0000000000000000, 359.97 W, 95 %
2026/09/30 10:06:20.352, 2910 MHz, 13801 MHz, 0x0000000000000000, 364.53 W, 94 %
2026/09/30 10:06:20.861, 2910 MHz, 13801 MHz, 0x0000000000000000, 365.45 W, 94 %
2026/09/30 10:06:21.368, 2910 MHz, 13801 MHz, 0x0000000000000000, 363.25 W, 95 %
2026/09/30 10:06:21.875, 2910 MHz, 13801 MHz, 0x0000000000000000, 353.42 W, 57 %
2026/09/30 10:06:22.381, 2910 MHz, 13801 MHz, 0x0000000000000000, 353.64 W, 95 %
2026/09/30 10:06:22.890, 2910 MHz, 13801 MHz, 0x0000000000000000, 354.98 W, 95 %
2026/09/30 10:06:23.395, 2910 MHz, 13801 MHz, 0x0000000000000000, 364.46 W, 95 %
2026/09/30 10:06:23.902, 2910 MHz, 13801 MHz, 0x0000000000000000, 364.96 W, 78 %
2026/09/30 10:06:24.409, 2910 MHz, 13801 MHz, 0x0000000000000000, 367.79 W, 94 %
2026/09/30 10:06:24.913, 2910 MHz, 13801 MHz, 0x0000000000000000, 364.90 W, 95 %
2026/09/30 10:06:25.420, 2910 MHz, 13801 MHz, 0x0000000000000000, 367.82 W, 95 %
2026/09/30 10:06:25.928, 2910 MHz, 13801 MHz, 0x0000000000000000, 368.17 W, 95 %
2026/09/30 10:06:26.431, 2910 MHz, 13801 MHz, 0x0000000000000000, 365.41 W, 94 %
2026/09/30 10:06:26.938, 2910 MHz, 13801 MHz, 0x0000000000000000, 367.57 W, 94 %
2026/09/30 10:06:27.444, 2910 MHz, 13801 MHz, 0x0000000000000000, 367.74 W, 94 %
2026/09/30 10:06:27.952, 2910 MHz, 13801 MHz, 0x0000000000000000, 365.05 W, 94 %
2026/09/30 10:06:28.458, 2910 MHz, 13801 MHz, 0x0000000000000000, 367.31 W, 95 %
2026/09/30 10:06:28.962, 2910 MHz, 13801 MHz, 0x0000000000000000, 367.88 W, 94 %
2026/09/30 10:06:29.470, 2910 MHz, 13801 MHz, 0x0000000000000000, 364.62 W, 94 %
2026/09/30 10:06:29.974, 2910 MHz, 13801 MHz, 0x0000000000000000, 365.33 W, 95 %
2026/09/30 10:06:30.480, 2910 MHz, 13801 MHz, 0x0000000000000000, 368.56 W, 94 %
2026/09/30 10:06:30.989, 2910 MHz, 13801 MHz, 0x0000000000000000, 368.35 W, 93 %
2026/09/30 10:06:31.494, 2910 MHz, 13801 MHz, 0x0000000000000000, 363.73 W, 92 %
2026/09/30 10:06:31.998, 2910 MHz, 13801 MHz, 0x0000000000000000, 359.57 W, 95 %
2026/09/30 10:06:32.505, 2910 MHz, 13801 MHz, 0x0000000000000000, 360.82 W, 89 %
2026/09/30 10:06:33.013, 2910 MHz, 13801 MHz, 0x0000000000000000, 361.48 W, 94 %
2026/09/30 10:06:33.520, 2910 MHz, 13801 MHz, 0x0000000000000000, 355.93 W, 94 %
2026/09/30 10:06:34.027, 2910 MHz, 13801 MHz, 0x0000000000000000, 356.98 W, 69 %
2026/09/30 10:06:34.533, 2910 MHz, 13801 MHz, 0x0000000000000000, 363.85 W, 94 %
2026/09/30 10:06:35.041, 2910 MHz, 13801 MHz, 0x0000000000000000, 366.54 W, 94 %
2026/09/30 10:06:35.548, 2910 MHz, 13801 MHz, 0x0000000000000000, 366.76 W, 95 %
2026/09/30 10:06:36.057, 2910 MHz, 13801 MHz, 0x0000000000000000, 366.69 W, 95 %
2026/09/30 10:06:36.560, 2910 MHz, 13801 MHz, 0x0000000000000000, 358.22 W, 91 %
2026/09/30 10:06:37.069, 2910 MHz, 13801 MHz, 0x0000000000000000, 356.76 W, 94 %
2026/09/30 10:06:37.576, 2910 MHz, 13801 MHz, 0x0000000000000000, 358.05 W, 94 %
2026/09/30 10:06:38.082, 2910 MHz, 13801 MHz, 0x0000000000000000, 365.31 W, 94 %
2026/09/30 10:06:38.588, 2910 MHz, 13801 MHz, 0x0000000000000000, 365.69 W, 94 %
2026/09/30 10:06:39.097, 2910 MHz, 13801 MHz, 0x0000000000000000, 360.57 W, 94 %
2026/09/30 10:06:39.602, 2910 MHz, 13801 MHz, 0x0000000000000000, 359.81 W, 94 %
2026/09/30 10:06:40.107, 2910 MHz, 13801 MHz, 0x0000000000000000, 361.36 W, 95 %
2026/09/30 10:06:40.614, 2910 MHz, 13801 MHz, 0x0000000000000000, 368.06 W, 94 %
2026/09/30 10:06:41.121, 2910 MHz, 13801 MHz, 0x0000000000000000, 370.49 W, 95 %
2026/09/30 10:06:41.631, 2910 MHz, 13801 MHz, 0x0000000000000000, 366.13 W, 74 %
2026/09/30 10:06:42.141, 2910 MHz, 13801 MHz, 0x0000000000000000, 365.03 W, 75 %
2026/09/30 10:06:42.656, 2917 MHz, 13801 MHz, 0x0000000000000000, 278.40 W, 0 %
2026/09/30 10:06:43.165, 2925 MHz, 13801 MHz, 0x0000000000000000, 156.55 W, 0 %
2026/09/30 10:06:43.676, 2925 MHz, 13801 MHz, 0x0000000000000000, 96.52 W, 0 %
2026/09/30 10:06:44.185, 2925 MHz, 13801 MHz, 0x0000000000000000, 91.70 W, 0 %
2026/09/30 10:06:44.697, 667 MHz, 7001 MHz, 0x0000000000000000, 68.26 W, 0 %
2026/09/30 10:06:45.208, 525 MHz, 7001 MHz, 0x0000000000000000, 41.46 W, 0 %
2026/09/30 10:06:45.710, 420 MHz, 7001 MHz, 0x0000000000000000, 36.81 W, 0 %
2026/09/30 10:06:46.219, 337 MHz, 7001 MHz, 0x0000000000000000, 36.61 W, 0 %
2026/09/30 10:06:46.731, 270 MHz, 7001 MHz, 0x0000000000000000, 36.60 W, 0 %
2026/09/30 10:06:47.234, 217 MHz, 7001 MHz, 0x0000000000000000, 36.59 W, 0 %
2026/09/30 10:06:47.749, 180 MHz, 7001 MHz, 0x0000000000000000, 36.45 W, 0 %
2026/09/30 10:06:48.262, 187 MHz, 810 MHz, 0x0000000000000000, 35.91 W, 0 %
2026/09/30 10:06:48.773, 180 MHz, 810 MHz, 0x0000000000000000, 27.88 W, 0 %
2026/09/30 10:06:49.281, 187 MHz, 810 MHz, 0x0000000000000000, 20.66 W, 0 %
2026/09/30 10:06:49.787, 180 MHz, 810 MHz, 0x0000000000000000, 18.11 W, 0 %
2026/09/30 10:06:50.301, 187 MHz, 405 MHz, 0x0000000000000000, 16.86 W, 0 %
2026/09/30 10:06:50.813, 180 MHz, 405 MHz, 0x0000000000000000, 15.99 W, 0 %
2026/09/30 10:06:51.327, 187 MHz, 405 MHz, 0x0000000000000000, 15.45 W, 0 %
2026/09/30 10:06:51.836, 180 MHz, 405 MHz, 0x0000000000000000, 15.54 W, 0 %
2026/09/30 10:06:52.349, 187 MHz, 405 MHz, 0x0000000000000000, 15.88 W, 0 %
2026/09/30 10:06:52.860, 180 MHz, 405 MHz, 0x0000000000000000, 15.76 W, 0 %
2026/09/30 10:06:53.374, 187 MHz, 405 MHz, 0x0000000000000000, 15.43 W, 0 %
2026/09/30 10:06:53.887, 180 MHz, 405 MHz, 0x0000000000000000, 15.46 W, 0 %
2026/09/30 10:06:54.399, 187 MHz, 405 MHz, 0x0000000000000000, 15.54 W, 1 %
2026/09/30 10:06:54.911, 180 MHz, 405 MHz, 0x0000000000000000, 16.67 W, 2 %
2026/09/30 10:06:55.427, 202 MHz, 405 MHz, 0x0000000000000000, 16.71 W, 0 %
2026/09/30 10:06:55.942, 180 MHz, 405 MHz, 0x0000000000000000, 15.55 W, 0 %
2026/09/30 10:06:56.452, 195 MHz, 405 MHz, 0x0000000000000000, 15.36 W, 0 %
2026/09/30 10:06:56.962, 180 MHz, 405 MHz, 0x0000000000000000, 15.06 W, 0 %
2026/09/30 10:06:57.474, 180 MHz, 405 MHz, 0x0000000000000000, 14.97 W, 0 %
2026/09/30 10:06:57.987, 195 MHz, 405 MHz, 0x0000000000000000, 14.99 W, 0 %
2026/09/30 10:06:58.501, 180 MHz, 405 MHz, 0x0000000000000000, 14.94 W, 0 %
2026/09/30 10:06:59.012, 195 MHz, 405 MHz, 0x0000000000000000, 15.14 W, 0 %
2026/09/30 10:06:59.527, 180 MHz, 405 MHz, 0x0000000000000000, 14.95 W, 0 %
2026/09/30 10:07:00.037, 180 MHz, 405 MHz, 0x0000000000000000, 14.72 W, 0 %
2026/09/30 10:07:00.538, 180 MHz, 405 MHz, 0x0000000000000000, 14.65 W, 0 %
2026/09/30 10:07:01.053, 180 MHz, 405 MHz, 0x0000000000000000, 14.57 W, 0 %
2026/09/30 10:07:01.566, 180 MHz, 405 MHz, 0x0000000000000000, 14.45 W, 0 %
2026/09/30 10:07:02.082, 180 MHz, 405 MHz, 0x0000000000000000, 14.60 W, 0 %
2026/09/30 10:07:02.594, 180 MHz, 405 MHz, 0x0000000000000000, 14.51 W, 0 %
2026/09/30 10:07:03.104, 180 MHz, 405 MHz, 0x0000000000000000, 14.38 W, 0 %
2026/09/30 10:07:03.618, 180 MHz, 405 MHz, 0x0000000000000000, 14.27 W, 0 %
2026/09/30 10:07:04.133, 172 MHz, 405 MHz, 0x0000000000000000, 14.04 W, 0 %
2026/09/30 10:07:04.643, 180 MHz, 405 MHz, 0x0000000000000000, 14.00 W, 0 %
2026/09/30 10:07:05.158, 180 MHz, 405 MHz, 0x0000000000000000, 13.85 W, 0 %
2026/09/30 10:07:05.673, 180 MHz, 405 MHz, 0x0000000000000000, 13.97 W, 0 %
2026/09/30 10:07:06.187, 180 MHz, 405 MHz, 0x0000000000000000, 14.02 W, 0 %
2026/09/30 10:07:06.700, 180 MHz, 405 MHz, 0x0000000000000000, 13.77 W, 0 %
2026/09/30 10:07:07.214, 180 MHz, 405 MHz, 0x0000000000000000, 13.90 W, 0 %
2026/09/30 10:07:07.728, 180 MHz, 405 MHz, 0x0000000000000000, 13.84 W, 0 %
2026/09/30 10:07:08.241, 180 MHz, 405 MHz, 0x0000000000000000, 13.87 W, 0 %
2026/09/30 10:07:08.744, 180 MHz, 405 MHz, 0x0000000000000000, 13.80 W, 0 %
2026/09/30 10:07:09.257, 180 MHz, 405 MHz, 0x0000000000000000, 13.57 W, 0 %
2026/09/30 10:07:09.760, 180 MHz, 405 MHz, 0x0000000000000000, 13.56 W, 0 %
2026/09/30 10:07:10.267, 180 MHz, 405 MHz, 0x0000000000000000, 13.69 W, 0 %
2026/09/30 10:07:10.779, 180 MHz, 405 MHz, 0x0000000000000000, 13.35 W, 0 %
2026/09/30 10:07:11.281, 180 MHz, 405 MHz, 0x0000000000000000, 13.25 W, 0 %
2026/09/30 10:07:11.794, 202 MHz, 405 MHz, 0x0000000000000000, 13.61 W, 0 %
2026/09/30 10:07:12.308, 180 MHz, 405 MHz, 0x0000000000000000, 13.55 W, 0 %
2026/09/30 10:07:12.823, 180 MHz, 405 MHz, 0x0000000000000000, 13.24 W, 0 %
2026/09/30 10:07:13.326, 180 MHz, 405 MHz, 0x0000000000000000, 13.24 W, 0 %
2026/09/30 10:07:13.829, 180 MHz, 405 MHz, 0x0000000000000000, 13.28 W, 0 %
2026/09/30 10:07:14.329, 180 MHz, 405 MHz, 0x0000000000000000, 13.25 W, 0 %
2026/09/30 10:07:14.844, 180 MHz, 405 MHz, 0x0000000000000000, 13.32 W, 0 %
2026/09/30 10:07:15.346, 180 MHz, 405 MHz, 0x0000000000000000, 13.34 W, 0 %
2026/09/30 10:07:15.859, 180 MHz, 405 MHz, 0x0000000000000000, 13.42 W, 0 %
2026/09/30 10:07:16.368, 180 MHz, 405 MHz, 0x0000000000000000, 13.49 W, 0 %
2026/09/30 10:07:16.881, 180 MHz, 405 MHz, 0x0000000000000000, 13.37 W, 0 %
2026/09/30 10:07:17.393, 180 MHz, 405 MHz, 0x0000000000000000, 13.24 W, 0 %
2026/09/30 10:07:17.907, 180 MHz, 405 MHz, 0x0000000000000000, 13.16 W, 0 %
2026/09/30 10:07:18.421, 172 MHz, 405 MHz, 0x0000000000000000, 13.07 W, 0 %
2026/09/30 10:07:18.935, 187 MHz, 405 MHz, 0x0000000000000000, 12.98 W, 0 %
2026/09/30 10:07:19.435, 180 MHz, 405 MHz, 0x0000000000000000, 12.97 W, 0 %
2026/09/30 10:07:19.947, 187 MHz, 405 MHz, 0x0000000000000000, 12.97 W, 0 %
2026/09/30 10:07:20.462, 187 MHz, 405 MHz, 0x0000000000000000, 13.09 W, 0 %
2026/09/30 10:07:20.974, 202 MHz, 405 MHz, 0x0000000000000000, 13.23 W, 0 %
2026/09/30 10:07:21.487, 1867 MHz, 13801 MHz, 0x0000000000000000, 46.20 W, 0 %
2026/09/30 10:07:22.000, 2940 MHz, 13801 MHz, 0x0000000000000000, 130.25 W, 48 %
2026/09/30 10:07:22.508, 2857 MHz, 13801 MHz, 0x0000000000000000, 276.40 W, 57 %
2026/09/30 10:07:23.020, 2857 MHz, 13801 MHz, 0x0000000000000004, 386.38 W, 98 %
2026/09/30 10:07:23.528, 2797 MHz, 13801 MHz, 0x0000000000000004, 436.40 W, 98 %
2026/09/30 10:07:24.035, 2797 MHz, 13801 MHz, 0x0000000000000004, 477.58 W, 98 %
2026/09/30 10:07:24.545, 2805 MHz, 13801 MHz, 0x0000000000000004, 476.95 W, 98 %
2026/09/30 10:07:25.052, 2797 MHz, 13801 MHz, 0x0000000000000004, 476.79 W, 97 %
2026/09/30 10:07:25.556, 2790 MHz, 13801 MHz, 0x0000000000000004, 476.89 W, 98 %
2026/09/30 10:07:26.066, 2797 MHz, 13801 MHz, 0x0000000000000004, 476.41 W, 98 %
2026/09/30 10:07:26.573, 2805 MHz, 13801 MHz, 0x0000000000000004, 475.15 W, 98 %
2026/09/30 10:07:27.077, 2820 MHz, 13801 MHz, 0x0000000000000004, 468.23 W, 97 %
2026/09/30 10:07:27.586, 2857 MHz, 13801 MHz, 0x0000000000000000, 452.07 W, 97 %
2026/09/30 10:07:28.093, 2917 MHz, 13801 MHz, 0x0000000000000000, 363.09 W, 37 %
2026/09/30 10:07:28.603, 2857 MHz, 13801 MHz, 0x0000000000000000, 324.31 W, 46 %
2026/09/30 10:07:29.110, 2865 MHz, 13801 MHz, 0x0000000000000000, 350.59 W, 53 %
2026/09/30 10:07:29.617, 2797 MHz, 13801 MHz, 0x0000000000000004, 418.06 W, 99 %
2026/09/30 10:07:30.125, 2797 MHz, 13801 MHz, 0x0000000000000004, 472.44 W, 98 %
2026/09/30 10:07:30.636, 2797 MHz, 13801 MHz, 0x0000000000000004, 478.88 W, 99 %
2026/09/30 10:07:31.143, 2797 MHz, 13801 MHz, 0x0000000000000000, 473.74 W, 90 %
2026/09/30 10:07:31.647, 2850 MHz, 13801 MHz, 0x0000000000000000, 436.81 W, 82 %
2026/09/30 10:07:32.156, 2842 MHz, 13801 MHz, 0x0000000000000000, 412.41 W, 84 %
2026/09/30 10:07:32.668, 2865 MHz, 13801 MHz, 0x0000000000000004, 423.19 W, 73 %
2026/09/30 10:07:33.179, 2880 MHz, 13801 MHz, 0x0000000000000000, 393.30 W, 49 %
2026/09/30 10:07:33.690, 2895 MHz, 13801 MHz, 0x0000000000000000, 342.95 W, 47 %
2026/09/30 10:07:34.199, 2865 MHz, 13801 MHz, 0x0000000000000000, 332.47 W, 53 %
2026/09/30 10:07:34.713, 2887 MHz, 13801 MHz, 0x0000000000000000, 331.34 W, 43 %
2026/09/30 10:07:35.224, 2880 MHz, 13801 MHz, 0x0000000000000000, 351.30 W, 36 %
2026/09/30 10:07:35.735, 2887 MHz, 13801 MHz, 0x0000000000000000, 368.27 W, 60 %
2026/09/30 10:07:36.245, 2850 MHz, 13801 MHz, 0x0000000000000000, 380.10 W, 79 %
2026/09/30 10:07:36.755, 2872 MHz, 13801 MHz, 0x0000000000000000, 407.75 W, 47 %
2026/09/30 10:07:37.264, 2887 MHz, 13801 MHz, 0x0000000000000004, 401.75 W, 82 %
2026/09/30 10:07:37.773, 2857 MHz, 13801 MHz, 0x0000000000000000, 398.96 W, 58 %
2026/09/30 10:07:38.283, 2842 MHz, 13801 MHz, 0x0000000000000004, 420.42 W, 82 %
2026/09/30 10:07:38.797, 2850 MHz, 13801 MHz, 0x0000000000000004, 418.91 W, 98 %
2026/09/30 10:07:39.306, 2857 MHz, 13801 MHz, 0x0000000000000000, 398.68 W, 41 %
2026/09/30 10:07:39.816, 2887 MHz, 13801 MHz, 0x0000000000000004, 354.43 W, 93 %
2026/09/30 10:07:40.325, 2857 MHz, 13801 MHz, 0x0000000000000000, 360.85 W, 82 %
2026/09/30 10:07:40.835, 2850 MHz, 13801 MHz, 0x0000000000000004, 373.86 W, 67 %
2026/09/30 10:07:41.346, 2872 MHz, 13801 MHz, 0x0000000000000000, 381.33 W, 43 %
2026/09/30 10:07:41.856, 2857 MHz, 13801 MHz, 0x0000000000000000, 383.61 W, 76 %
2026/09/30 10:07:42.366, 2887 MHz, 13801 MHz, 0x0000000000000000, 370.73 W, 79 %
2026/09/30 10:07:42.875, 2872 MHz, 13801 MHz, 0x0000000000000000, 350.47 W, 64 %
2026/09/30 10:07:43.388, 2820 MHz, 13801 MHz, 0x0000000000000000, 396.93 W, 63 %
2026/09/30 10:07:43.895, 2865 MHz, 13801 MHz, 0x0000000000000004, 414.87 W, 84 %
2026/09/30 10:07:44.402, 2827 MHz, 13801 MHz, 0x0000000000000000, 391.44 W, 34 %
2026/09/30 10:07:44.910, 2887 MHz, 13801 MHz, 0x0000000000000000, 363.70 W, 73 %
2026/09/30 10:07:45.420, 2872 MHz, 13801 MHz, 0x0000000000000000, 388.98 W, 76 %
2026/09/30 10:07:45.927, 2857 MHz, 13801 MHz, 0x0000000000000004, 429.84 W, 93 %
2026/09/30 10:07:46.434, 2872 MHz, 13801 MHz, 0x0000000000000000, 419.07 W, 81 %
2026/09/30 10:07:46.944, 2880 MHz, 13801 MHz, 0x0000000000000004, 399.65 W, 71 %
2026/09/30 10:07:47.453, 2880 MHz, 13801 MHz, 0x0000000000000000, 402.64 W, 66 %
2026/09/30 10:07:47.965, 2857 MHz, 13801 MHz, 0x0000000000000000, 387.89 W, 45 %
2026/09/30 10:07:48.476, 2895 MHz, 13801 MHz, 0x0000000000000000, 374.74 W, 82 %
2026/09/30 10:07:48.988, 2880 MHz, 13801 MHz, 0x0000000000000000, 374.31 W, 86 %
2026/09/30 10:07:49.499, 2887 MHz, 13801 MHz, 0x0000000000000000, 387.76 W, 85 %
2026/09/30 10:07:50.008, 2887 MHz, 13801 MHz, 0x0000000000000004, 376.32 W, 64 %
2026/09/30 10:07:50.519, 2842 MHz, 13801 MHz, 0x0000000000000000, 382.13 W, 68 %
2026/09/30 10:07:51.028, 2872 MHz, 13801 MHz, 0x0000000000000004, 396.98 W, 92 %
2026/09/30 10:07:51.538, 2880 MHz, 13801 MHz, 0x0000000000000004, 390.35 W, 60 %
2026/09/30 10:07:52.051, 2842 MHz, 13801 MHz, 0x0000000000000000, 401.32 W, 28 %
2026/09/30 10:07:52.557, 2887 MHz, 13801 MHz, 0x0000000000000000, 368.99 W, 71 %
2026/09/30 10:07:53.066, 2887 MHz, 13801 MHz, 0x0000000000000000, 368.77 W, 83 %
2026/09/30 10:07:53.576, 2880 MHz, 13801 MHz, 0x0000000000000000, 379.24 W, 70 %
2026/09/30 10:07:54.083, 2850 MHz, 13801 MHz, 0x0000000000000004, 390.57 W, 63 %
2026/09/30 10:07:54.594, 2887 MHz, 13801 MHz, 0x0000000000000000, 376.67 W, 28 %
2026/09/30 10:07:55.107, 2872 MHz, 13801 MHz, 0x0000000000000000, 364.23 W, 72 %
2026/09/30 10:07:55.619, 2880 MHz, 13801 MHz, 0x0000000000000000, 347.62 W, 63 %
2026/09/30 10:07:56.126, 2850 MHz, 13801 MHz, 0x0000000000000004, 380.35 W, 86 %
2026/09/30 10:07:56.633, 2880 MHz, 13801 MHz, 0x0000000000000000, 404.71 W, 77 %
2026/09/30 10:07:57.145, 2872 MHz, 13801 MHz, 0x0000000000000004, 393.98 W, 83 %
2026/09/30 10:07:57.652, 2865 MHz, 13801 MHz, 0x0000000000000000, 390.59 W, 62 %
2026/09/30 10:07:58.159, 2880 MHz, 13801 MHz, 0x0000000000000000, 372.45 W, 33 %
2026/09/30 10:07:58.667, 2850 MHz, 13801 MHz, 0x0000000000000000, 370.32 W, 48 %
2026/09/30 10:07:59.172, 2865 MHz, 13801 MHz, 0x0000000000000004, 392.08 W, 99 %
2026/09/30 10:07:59.679, 2865 MHz, 13801 MHz, 0x0000000000000000, 383.13 W, 78 %
2026/09/30 10:08:00.187, 2880 MHz, 13801 MHz, 0x0000000000000000, 360.67 W, 38 %
2026/09/30 10:08:00.695, 2872 MHz, 13801 MHz, 0x0000000000000000, 367.82 W, 33 %
2026/09/30 10:08:01.202, 2880 MHz, 13801 MHz, 0x0000000000000000, 335.24 W, 27 %
2026/09/30 10:08:01.708, 2887 MHz, 13801 MHz, 0x0000000000000000, 329.69 W, 87 %
2026/09/30 10:08:02.214, 2850 MHz, 13801 MHz, 0x0000000000000000, 384.77 W, 54 %
2026/09/30 10:08:02.725, 2872 MHz, 13801 MHz, 0x0000000000000000, 409.91 W, 80 %
2026/09/30 10:08:03.234, 2880 MHz, 13801 MHz, 0x0000000000000004, 385.37 W, 73 %
2026/09/30 10:08:03.737, 2887 MHz, 13801 MHz, 0x0000000000000004, 383.07 W, 71 %
2026/09/30 10:08:04.243, 2887 MHz, 13801 MHz, 0x0000000000000004, 364.97 W, 87 %
2026/09/30 10:08:04.749, 2872 MHz, 13801 MHz, 0x0000000000000000, 379.09 W, 76 %
2026/09/30 10:08:05.257, 2850 MHz, 13801 MHz, 0x0000000000000000, 425.27 W, 84 %
2026/09/30 10:08:05.763, 2887 MHz, 13801 MHz, 0x0000000000000000, 382.11 W, 61 %
2026/09/30 10:08:06.268, 2842 MHz, 13801 MHz, 0x0000000000000000, 371.69 W, 65 %
2026/09/30 10:08:06.777, 2887 MHz, 13801 MHz, 0x0000000000000000, 348.38 W, 40 %
2026/09/30 10:08:07.284, 2887 MHz, 13801 MHz, 0x0000000000000000, 290.82 W, 52 %
2026/09/30 10:08:07.791, 2827 MHz, 13801 MHz, 0x0000000000000004, 371.10 W, 81 %
2026/09/30 10:08:08.299, 2887 MHz, 13801 MHz, 0x0000000000000000, 388.36 W, 87 %
2026/09/30 10:08:08.804, 2865 MHz, 13801 MHz, 0x0000000000000000, 380.26 W, 72 %
2026/09/30 10:08:09.315, 2887 MHz, 13801 MHz, 0x0000000000000000, 380.12 W, 42 %
2026/09/30 10:08:09.822, 2887 MHz, 13801 MHz, 0x0000000000000000, 346.17 W, 70 %
2026/09/30 10:08:10.328, 2857 MHz, 13801 MHz, 0x0000000000000000, 342.77 W, 40 %
2026/09/30 10:08:10.835, 2850 MHz, 13801 MHz, 0x0000000000000000, 389.09 W, 85 %
2026/09/30 10:08:11.340, 2872 MHz, 13801 MHz, 0x0000000000000004, 405.62 W, 62 %
2026/09/30 10:08:11.848, 2865 MHz, 13801 MHz, 0x0000000000000000, 404.17 W, 85 %
2026/09/30 10:08:12.355, 2887 MHz, 13801 MHz, 0x0000000000000000, 367.91 W, 44 %
2026/09/30 10:08:12.865, 2887 MHz, 13801 MHz, 0x0000000000000000, 336.22 W, 71 %
2026/09/30 10:08:13.373, 2887 MHz, 13801 MHz, 0x0000000000000004, 371.24 W, 72 %
2026/09/30 10:08:13.884, 2872 MHz, 13801 MHz, 0x0000000000000000, 398.20 W, 44 %
2026/09/30 10:08:14.392, 2857 MHz, 13801 MHz, 0x0000000000000004, 404.20 W, 92 %
2026/09/30 10:08:14.902, 2880 MHz, 13801 MHz, 0x0000000000000000, 422.82 W, 75 %
2026/09/30 10:08:15.412, 2887 MHz, 13801 MHz, 0x0000000000000000, 364.81 W, 42 %
2026/09/30 10:08:15.924, 2850 MHz, 13801 MHz, 0x0000000000000000, 345.11 W, 55 %
2026/09/30 10:08:16.435, 2857 MHz, 13801 MHz, 0x0000000000000000, 389.35 W, 86 %
2026/09/30 10:08:16.944, 2872 MHz, 13801 MHz, 0x0000000000000000, 398.39 W, 35 %
2026/09/30 10:08:17.454, 2842 MHz, 13801 MHz, 0x0000000000000004, 392.03 W, 75 %
2026/09/30 10:08:17.963, 2865 MHz, 13801 MHz, 0x0000000000000000, 378.83 W, 67 %
2026/09/30 10:08:18.475, 2880 MHz, 13801 MHz, 0x0000000000000000, 348.71 W, 35 %
2026/09/30 10:08:18.983, 2805 MHz, 13801 MHz, 0x0000000000000000, 384.37 W, 86 %
2026/09/30 10:08:19.492, 2872 MHz, 13801 MHz, 0x0000000000000000, 402.39 W, 73 %
2026/09/30 10:08:20.002, 2872 MHz, 13801 MHz, 0x0000000000000000, 393.93 W, 47 %
2026/09/30 10:08:20.512, 2872 MHz, 13801 MHz, 0x0000000000000000, 359.99 W, 41 %
2026/09/30 10:08:21.021, 2857 MHz, 13801 MHz, 0x0000000000000004, 357.56 W, 86 %
2026/09/30 10:08:21.530, 2857 MHz, 13801 MHz, 0x0000000000000004, 410.86 W, 80 %
2026/09/30 10:08:22.041, 2880 MHz, 13801 MHz, 0x0000000000000000, 381.89 W, 43 %
2026/09/30 10:08:22.553, 2842 MHz, 13801 MHz, 0x0000000000000004, 381.17 W, 82 %
2026/09/30 10:08:23.062, 2865 MHz, 13801 MHz, 0x0000000000000000, 371.77 W, 39 %
2026/09/30 10:08:23.568, 2887 MHz, 13801 MHz, 0x0000000000000000, 359.19 W, 87 %
2026/09/30 10:08:24.076, 2842 MHz, 13801 MHz, 0x0000000000000000, 382.11 W, 46 %
2026/09/30 10:08:24.585, 2872 MHz, 13801 MHz, 0x0000000000000004, 417.04 W, 81 %
2026/09/30 10:08:25.092, 2850 MHz, 13801 MHz, 0x0000000000000000, 395.61 W, 39 %
2026/09/30 10:08:25.600, 2872 MHz, 13801 MHz, 0x0000000000000000, 395.67 W, 79 %
2026/09/30 10:08:26.112, 2865 MHz, 13801 MHz, 0x0000000000000004, 378.29 W, 70 %
2026/09/30 10:08:26.625, 2872 MHz, 13801 MHz, 0x0000000000000000, 389.95 W, 76 %
2026/09/30 10:08:27.135, 2835 MHz, 13801 MHz, 0x0000000000000000, 420.16 W, 87 %
2026/09/30 10:08:27.646, 2880 MHz, 13801 MHz, 0x0000000000000004, 417.30 W, 96 %
2026/09/30 10:08:28.159, 2857 MHz, 13801 MHz, 0x0000000000000000, 347.83 W, 0 %
2026/09/30 10:08:28.674, 2925 MHz, 13801 MHz, 0x0000000000000000, 190.58 W, 0 %
2026/09/30 10:08:29.188, 2925 MHz, 13801 MHz, 0x0000000000000000, 96.86 W, 0 %
2026/09/30 10:08:29.692, 2925 MHz, 13801 MHz, 0x0000000000000000, 96.18 W, 0 %
2026/09/30 10:08:30.202, 810 MHz, 7001 MHz, 0x0000000000000000, 73.96 W, 0 %
2026/09/30 10:08:30.715, 645 MHz, 7001 MHz, 0x0000000000000000, 47.39 W, 0 %
2026/09/30 10:08:31.228, 517 MHz, 7001 MHz, 0x0000000000000000, 37.24 W, 0 %
2026/09/30 10:08:31.743, 420 MHz, 7001 MHz, 0x0000000000000000, 36.85 W, 0 %
2026/09/30 10:08:32.257, 322 MHz, 7001 MHz, 0x0000000000000000, 36.62 W, 0 %
2026/09/30 10:08:32.761, 262 MHz, 7001 MHz, 0x0000000000000000, 36.62 W, 0 %
2026/09/30 10:08:33.272, 202 MHz, 7001 MHz, 0x0000000000000000, 36.62 W, 0 %
2026/09/30 10:08:33.787, 180 MHz, 7001 MHz, 0x0000000000000000, 36.63 W, 0 %
2026/09/30 10:08:34.290, 180 MHz, 7001 MHz, 0x0000000000000000, 36.54 W, 0 %
2026/09/30 10:08:34.806, 187 MHz, 810 MHz, 0x0000000000000000, 32.36 W, 0 %
2026/09/30 10:08:35.318, 180 MHz, 810 MHz, 0x0000000000000000, 22.26 W, 0 %
2026/09/30 10:08:35.818, 180 MHz, 810 MHz, 0x0000000000000000, 18.03 W, 0 %
2026/09/30 10:08:36.328, 187 MHz, 405 MHz, 0x0000000000000000, 17.95 W, 0 %
2026/09/30 10:08:36.844, 180 MHz, 405 MHz, 0x0000000000000000, 16.54 W, 0 %
2026/09/30 10:08:37.355, 180 MHz, 405 MHz, 0x0000000000000000, 15.39 W, 0 %
2026/09/30 10:08:37.867, 180 MHz, 405 MHz, 0x0000000000000000, 15.56 W, 0 %
2026/09/30 10:08:38.381, 180 MHz, 405 MHz, 0x0000000000000000, 15.66 W, 0 %
2026/09/30 10:08:38.893, 180 MHz, 405 MHz, 0x0000000000000000, 15.54 W, 0 %
2026/09/30 10:08:39.408, 180 MHz, 405 MHz, 0x0000000000000000, 15.26 W, 0 %
2026/09/30 10:08:39.922, 180 MHz, 405 MHz, 0x0000000000000000, 15.27 W, 0 %
2026/09/30 10:08:40.437, 180 MHz, 405 MHz, 0x0000000000000000, 15.40 W, 0 %
2026/09/30 10:08:40.951, 180 MHz, 405 MHz, 0x0000000000000000, 15.19 W, 0 %
2026/09/30 10:08:41.465, 180 MHz, 405 MHz, 0x0000000000000000, 15.27 W, 0 %
2026/09/30 10:08:41.978, 180 MHz, 405 MHz, 0x0000000000000000, 15.33 W, 0 %
2026/09/30 10:08:42.494, 180 MHz, 405 MHz, 0x0000000000000000, 15.27 W, 0 %
2026/09/30 10:08:43.005, 180 MHz, 405 MHz, 0x0000000000000000, 15.19 W, 0 %
2026/09/30 10:08:43.519, 180 MHz, 405 MHz, 0x0000000000000000, 15.13 W, 0 %
2026/09/30 10:08:44.033, 187 MHz, 405 MHz, 0x0000000000000000, 15.34 W, 0 %
2026/09/30 10:08:44.547, 180 MHz, 405 MHz, 0x0000000000000000, 16.06 W, 1 %
2026/09/30 10:08:45.048, 187 MHz, 405 MHz, 0x0000000000000000, 16.16 W, 0 %
2026/09/30 10:08:45.562, 180 MHz, 405 MHz, 0x0000000000000000, 15.27 W, 0 %
2026/09/30 10:08:46.077, 187 MHz, 405 MHz, 0x0000000000000000, 14.55 W, 0 %
2026/09/30 10:08:46.591, 180 MHz, 405 MHz, 0x0000000000000000, 14.43 W, 0 %
2026/09/30 10:08:47.102, 195 MHz, 405 MHz, 0x0000000000000000, 14.56 W, 0 %
2026/09/30 10:08:47.617, 180 MHz, 405 MHz, 0x0000000000000000, 14.48 W, 0 %
2026/09/30 10:08:48.131, 187 MHz, 405 MHz, 0x0000000000000000, 14.43 W, 0 %
2026/09/30 10:08:48.631, 180 MHz, 405 MHz, 0x0000000000000000, 14.27 W, 0 %
2026/09/30 10:08:49.147, 195 MHz, 405 MHz, 0x0000000000000000, 14.32 W, 0 %
2026/09/30 10:08:49.661, 180 MHz, 405 MHz, 0x0000000000000000, 14.42 W, 0 %
