2026/10/01 05:08:07.829, 180 MHz, 405 MHz, 0x0000000000000000, 10.70 W, 0 %, 202 MiB
2026/10/01 05:08:08.342, 180 MHz, 405 MHz, 0x0000000000000000, 11.36 W, 0 %, 202 MiB
2026/10/01 05:08:08.843, 180 MHz, 405 MHz, 0x0000000000000000, 11.53 W, 0 %, 202 MiB
2026/10/01 05:08:09.344, 180 MHz, 405 MHz, 0x0000000000000000, 11.53 W, 0 %, 202 MiB
2026/10/01 05:08:09.860, 180 MHz, 405 MHz, 0x0000000000000000, 10.87 W, 0 %, 202 MiB
2026/10/01 05:08:10.373, 180 MHz, 405 MHz, 0x0000000000000000, 10.87 W, 0 %, 202 MiB
2026/10/01 05:08:10.888, 180 MHz, 405 MHz, 0x0000000000000000, 10.76 W, 0 %, 202 MiB
2026/10/01 05:08:11.401, 195 MHz, 405 MHz, 0x0000000000000000, 11.10 W, 0 %, 202 MiB
2026/10/01 05:08:11.913, 180 MHz, 405 MHz, 0x0000000000000000, 11.32 W, 0 %, 202 MiB
2026/10/01 05:08:12.424, 180 MHz, 405 MHz, 0x0000000000000000, 11.96 W, 0 %, 202 MiB
2026/10/01 05:08:12.928, 180 MHz, 405 MHz, 0x0000000000000000, 11.96 W, 0 %, 202 MiB
2026/10/01 05:08:13.441, 180 MHz, 405 MHz, 0x0000000000000000, 10.56 W, 0 %, 202 MiB
2026/10/01 05:08:13.954, 180 MHz, 405 MHz, 0x0000000000000000, 10.56 W, 0 %, 202 MiB
2026/10/01 05:08:14.469, 180 MHz, 405 MHz, 0x0000000000000000, 10.74 W, 0 %, 202 MiB
2026/10/01 05:08:14.984, 180 MHz, 405 MHz, 0x0000000000000000, 10.74 W, 0 %, 202 MiB
2026/10/01 05:08:15.499, 180 MHz, 405 MHz, 0x0000000000000000, 10.71 W, 0 %, 202 MiB
2026/10/01 05:08:16.012, 180 MHz, 405 MHz, 0x0000000000000000, 10.71 W, 0 %, 202 MiB
2026/10/01 05:08:16.513, 180 MHz, 405 MHz, 0x0000000000000000, 10.63 W, 0 %, 202 MiB
2026/10/01 05:08:17.027, 180 MHz, 405 MHz, 0x0000000000000000, 10.63 W, 0 %, 202 MiB
2026/10/01 05:08:17.530, 210 MHz, 405 MHz, 0x0000000000000000, 11.20 W, 0 %, 202 MiB
2026/10/01 05:08:18.043, 180 MHz, 405 MHz, 0x0000000000000000, 11.35 W, 0 %, 202 MiB
2026/10/01 05:08:18.545, 180 MHz, 405 MHz, 0x0000000000000000, 11.86 W, 0 %, 202 MiB
2026/10/01 05:08:19.056, 180 MHz, 405 MHz, 0x0000000000000000, 11.86 W, 0 %, 202 MiB
2026/10/01 05:08:19.557, 180 MHz, 405 MHz, 0x0000000000000000, 10.55 W, 0 %, 202 MiB
2026/10/01 05:08:20.071, 180 MHz, 405 MHz, 0x0000000000000000, 10.55 W, 0 %, 202 MiB
2026/10/01 05:08:20.585, 180 MHz, 405 MHz, 0x0000000000000000, 10.60 W, 0 %, 202 MiB
2026/10/01 05:08:21.087, 180 MHz, 405 MHz, 0x0000000000000000, 10.79 W, 0 %, 202 MiB
2026/10/01 05:08:21.602, 180 MHz, 405 MHz, 0x0000000000000000, 11.42 W, 0 %, 202 MiB
2026/10/01 05:08:22.117, 180 MHz, 405 MHz, 0x0000000000000000, 11.87 W, 0 %, 207 MiB
2026/10/01 05:08:22.628, 202 MHz, 405 MHz, 0x0000000000000000, 11.41 W, 0 %, 207 MiB
2026/10/01 05:08:23.138, 180 MHz, 405 MHz, 0x0000000000000000, 11.54 W, 0 %, 202 MiB
2026/10/01 05:08:23.653, 180 MHz, 405 MHz, 0x0000000000000000, 11.90 W, 0 %, 202 MiB
2026/10/01 05:08:24.153, 180 MHz, 405 MHz, 0x0000000000000000, 11.87 W, 0 %, 202 MiB
2026/10/01 05:08:24.658, 180 MHz, 405 MHz, 0x0000000000000000, 11.87 W, 0 %, 202 MiB
2026/10/01 05:08:25.171, 180 MHz, 405 MHz, 0x0000000000000000, 11.87 W, 0 %, 202 MiB
2026/10/01 05:08:25.673, 180 MHz, 405 MHz, 0x0000000000000000, 10.61 W, 0 %, 202 MiB
2026/10/01 05:08:26.188, 180 MHz, 405 MHz, 0x0000000000000000, 10.61 W, 0 %, 202 MiB
2026/10/01 05:08:26.703, 180 MHz, 405 MHz, 0x0000000000000000, 10.74 W, 0 %, 202 MiB
2026/10/01 05:08:27.218, 180 MHz, 405 MHz, 0x0000000000000000, 10.97 W, 0 %, 202 MiB
2026/10/01 05:08:27.719, 180 MHz, 405 MHz, 0x0000000000000000, 11.54 W, 0 %, 202 MiB
2026/10/01 05:08:28.234, 180 MHz, 405 MHz, 0x0000000000000000, 11.54 W, 0 %, 202 MiB
2026/10/01 05:08:28.736, 180 MHz, 405 MHz, 0x0000000000000000, 10.61 W, 0 %, 202 MiB
2026/10/01 05:08:29.251, 180 MHz, 405 MHz, 0x0000000000000000, 10.61 W, 0 %, 202 MiB
2026/10/01 05:08:29.766, 180 MHz, 405 MHz, 0x0000000000000000, 10.58 W, 0 %, 202 MiB
2026/10/01 05:08:30.279, 180 MHz, 405 MHz, 0x0000000000000000, 10.58 W, 0 %, 202 MiB
2026/10/01 05:08:30.781, 180 MHz, 405 MHz, 0x0000000000000000, 10.46 W, 0 %, 202 MiB
2026/10/01 05:08:31.292, 180 MHz, 405 MHz, 0x0000000000000000, 10.46 W, 0 %, 202 MiB
2026/10/01 05:08:31.796, 180 MHz, 405 MHz, 0x0000000000000000, 10.46 W, 0 %, 202 MiB
2026/10/01 05:08:32.297, 180 MHz, 405 MHz, 0x0000000000000000, 10.48 W, 0 %, 202 MiB
2026/10/01 05:08:32.810, 180 MHz, 405 MHz, 0x0000000000000000, 10.48 W, 0 %, 202 MiB
2026/10/01 05:08:33.324, 180 MHz, 405 MHz, 0x0000000000000000, 10.59 W, 0 %, 202 MiB
2026/10/01 05:08:33.836, 180 MHz, 405 MHz, 0x0000000000000000, 10.88 W, 0 %, 202 MiB
2026/10/01 05:08:34.351, 180 MHz, 405 MHz, 0x0000000000000000, 11.66 W, 0 %, 202 MiB
2026/10/01 05:08:34.865, 180 MHz, 405 MHz, 0x0000000000000000, 11.66 W, 0 %, 202 MiB
2026/10/01 05:08:35.378, 180 MHz, 405 MHz, 0x0000000000000000, 10.56 W, 0 %, 202 MiB
2026/10/01 05:08:35.881, 180 MHz, 405 MHz, 0x0000000000000000, 10.47 W, 0 %, 202 MiB
2026/10/01 05:08:36.395, 180 MHz, 405 MHz, 0x0000000000000000, 10.98 W, 0 %, 202 MiB
2026/10/01 05:08:36.899, 180 MHz, 405 MHz, 0x0000000000000000, 11.07 W, 0 %, 202 MiB
2026/10/01 05:08:37.405, 180 MHz, 405 MHz, 0x0000000000000000, 11.07 W, 0 %, 202 MiB
2026/10/01 05:08:37.906, 180 MHz, 405 MHz, 0x0000000000000000, 10.51 W, 0 %, 202 MiB
2026/10/01 05:08:38.408, 180 MHz, 405 MHz, 0x0000000000000000, 10.51 W, 0 %, 202 MiB
2026/10/01 05:08:38.923, 180 MHz, 405 MHz, 0x0000000000000000, 10.67 W, 0 %, 202 MiB
2026/10/01 05:08:39.437, 180 MHz, 405 MHz, 0x0000000000000000, 10.67 W, 0 %, 202 MiB
2026/10/01 05:08:39.953, 180 MHz, 405 MHz, 0x0000000000000000, 10.59 W, 0 %, 202 MiB
2026/10/01 05:08:40.453, 180 MHz, 405 MHz, 0x0000000000000000, 10.84 W, 0 %, 202 MiB
2026/10/01 05:08:40.956, 180 MHz, 405 MHz, 0x0000000000000000, 11.43 W, 0 %, 202 MiB
2026/10/01 05:08:41.471, 180 MHz, 405 MHz, 0x0000000000000000, 11.32 W, 0 %, 202 MiB
2026/10/01 05:08:41.987, 180 MHz, 405 MHz, 0x0000000000000000, 11.34 W, 0 %, 202 MiB
2026/10/01 05:08:42.500, 180 MHz, 405 MHz, 0x0000000000000000, 11.40 W, 0 %, 202 MiB
2026/10/01 05:08:43.015, 180 MHz, 405 MHz, 0x0000000000000000, 11.40 W, 0 %, 202 MiB
2026/10/01 05:08:43.530, 217 MHz, 405 MHz, 0x0000000000000000, 10.67 W, 0 %, 207 MiB
2026/10/01 05:08:44.040, 180 MHz, 405 MHz, 0x0000000000000000, 10.90 W, 0 %, 202 MiB
2026/10/01 05:08:44.553, 180 MHz, 405 MHz, 0x0000000000000000, 11.52 W, 0 %, 202 MiB
2026/10/01 05:08:45.067, 180 MHz, 405 MHz, 0x0000000000000000, 11.41 W, 0 %, 202 MiB
2026/10/01 05:08:45.582, 180 MHz, 405 MHz, 0x0000000000000000, 11.42 W, 0 %, 202 MiB
2026/10/01 05:08:46.095, 180 MHz, 405 MHz, 0x0000000000000000, 11.42 W, 0 %, 202 MiB
2026/10/01 05:08:46.596, 180 MHz, 405 MHz, 0x0000000000000000, 10.53 W, 0 %, 202 MiB
2026/10/01 05:08:47.100, 180 MHz, 405 MHz, 0x0000000000000000, 10.47 W, 0 %, 202 MiB
2026/10/01 05:08:47.615, 180 MHz, 405 MHz, 0x0000000000000000, 10.94 W, 0 %, 202 MiB
2026/10/01 05:08:48.117, 180 MHz, 405 MHz, 0x0000000000000000, 11.13 W, 0 %, 202 MiB
2026/10/01 05:08:48.626, 180 MHz, 405 MHz, 0x0000000000000000, 11.13 W, 0 %, 202 MiB
2026/10/01 05:08:49.141, 180 MHz, 405 MHz, 0x0000000000000000, 10.43 W, 0 %, 202 MiB
2026/10/01 05:08:49.643, 180 MHz, 405 MHz, 0x0000000000000000, 10.43 W, 0 %, 202 MiB
2026/10/01 05:08:50.145, 180 MHz, 405 MHz, 0x0000000000000000, 10.79 W, 0 %, 697 MiB
2026/10/01 05:08:50.656, 502 MHz, 13801 MHz, 0x0000000000000000, 16.45 W, 0 %, 17783 MiB
2026/10/01 05:08:51.158, 2805 MHz, 13801 MHz, 0x0000000000000000, 55.81 W, 0 %, 17783 MiB
2026/10/01 05:08:51.663, 2940 MHz, 13801 MHz, 0x0000000000000000, 88.68 W, 1 %, 17783 MiB
2026/10/01 05:08:52.172, 2940 MHz, 13801 MHz, 0x0000000000000000, 92.19 W, 1 %, 17783 MiB
2026/10/01 05:08:52.676, 2940 MHz, 13801 MHz, 0x0000000000000000, 92.17 W, 1 %, 17783 MiB
2026/10/01 05:08:53.178, 2392 MHz, 13801 MHz, 0x0000000000000000, 76.57 W, 1 %, 17783 MiB
2026/10/01 05:08:53.680, 2392 MHz, 13801 MHz, 0x0000000000000000, 57.63 W, 1 %, 17783 MiB
2026/10/01 05:08:54.195, 2392 MHz, 13801 MHz, 0x0000000000000000, 57.69 W, 1 %, 17783 MiB
2026/10/01 05:08:54.708, 2392 MHz, 13801 MHz, 0x0000000000000000, 57.90 W, 1 %, 17783 MiB
2026/10/01 05:08:55.221, 2400 MHz, 13801 MHz, 0x0000000000000000, 57.83 W, 1 %, 17783 MiB
2026/10/01 05:08:55.724, 2392 MHz, 13801 MHz, 0x0000000000000000, 57.89 W, 1 %, 17783 MiB
2026/10/01 05:08:56.225, 2400 MHz, 13801 MHz, 0x0000000000000000, 57.83 W, 0 %, 17783 MiB
2026/10/01 05:08:56.730, 2392 MHz, 13801 MHz, 0x0000000000000000, 57.68 W, 1 %, 17783 MiB
2026/10/01 05:08:57.235, 2392 MHz, 810 MHz, 0x0000000000000000, 54.95 W, 4 %, 17783 MiB
2026/10/01 05:08:57.740, 465 MHz, 810 MHz, 0x0000000000000000, 36.74 W, 5 %, 17783 MiB
2026/10/01 05:08:58.243, 367 MHz, 810 MHz, 0x0000000000000000, 19.66 W, 4 %, 17783 MiB
2026/10/01 05:08:58.745, 292 MHz, 405 MHz, 0x0000000000000000, 14.54 W, 5 %, 17783 MiB
2026/10/01 05:08:59.257, 210 MHz, 405 MHz, 0x0000000000000000, 12.68 W, 7 %, 17783 MiB
2026/10/01 05:08:59.759, 180 MHz, 405 MHz, 0x0000000000000000, 12.21 W, 6 %, 17783 MiB
2026/10/01 05:09:00.261, 180 MHz, 405 MHz, 0x0000000000000000, 12.11 W, 7 %, 17783 MiB
2026/10/01 05:09:00.774, 180 MHz, 405 MHz, 0x0000000000000000, 12.04 W, 9 %, 17783 MiB
2026/10/01 05:09:01.290, 180 MHz, 405 MHz, 0x0000000000000000, 11.88 W, 2 %, 17783 MiB
2026/10/01 05:09:01.792, 180 MHz, 405 MHz, 0x0000000000000000, 11.73 W, 9 %, 17783 MiB
2026/10/01 05:09:02.303, 180 MHz, 405 MHz, 0x0000000000000000, 11.68 W, 9 %, 17783 MiB
2026/10/01 05:09:02.819, 180 MHz, 405 MHz, 0x0000000000000000, 11.61 W, 1 %, 17783 MiB
2026/10/01 05:09:03.333, 180 MHz, 405 MHz, 0x0000000000000000, 11.63 W, 5 %, 17783 MiB
2026/10/01 05:09:03.844, 172 MHz, 405 MHz, 0x0000000000000000, 11.68 W, 5 %, 17783 MiB
2026/10/01 05:09:04.354, 202 MHz, 405 MHz, 0x0000000000000000, 11.73 W, 5 %, 17786 MiB
2026/10/01 05:09:04.862, 180 MHz, 405 MHz, 0x0000000000000000, 11.62 W, 4 %, 17786 MiB
2026/10/01 05:09:05.376, 180 MHz, 405 MHz, 0x0000000000000000, 11.57 W, 2 %, 17783 MiB
2026/10/01 05:09:05.890, 180 MHz, 405 MHz, 0x0000000000000000, 11.69 W, 2 %, 17783 MiB
2026/10/01 05:09:06.404, 180 MHz, 405 MHz, 0x0000000000000000, 11.68 W, 6 %, 17783 MiB
2026/10/01 05:09:06.918, 180 MHz, 405 MHz, 0x0000000000000000, 11.61 W, 1 %, 17783 MiB
2026/10/01 05:09:07.430, 180 MHz, 405 MHz, 0x0000000000000000, 11.48 W, 1 %, 17783 MiB
2026/10/01 05:09:07.944, 180 MHz, 405 MHz, 0x0000000000000000, 11.37 W, 1 %, 17783 MiB
2026/10/01 05:09:08.458, 180 MHz, 405 MHz, 0x0000000000000000, 11.32 W, 2 %, 17783 MiB
2026/10/01 05:09:08.970, 180 MHz, 405 MHz, 0x0000000000000000, 11.42 W, 1 %, 17783 MiB
2026/10/01 05:09:09.479, 180 MHz, 405 MHz, 0x0000000000000000, 11.45 W, 2 %, 17783 MiB
2026/10/01 05:09:09.990, 180 MHz, 405 MHz, 0x0000000000000000, 11.41 W, 1 %, 17783 MiB
2026/10/01 05:09:10.493, 180 MHz, 405 MHz, 0x0000000000000000, 11.43 W, 6 %, 17783 MiB
2026/10/01 05:09:10.996, 202 MHz, 405 MHz, 0x0000000000000000, 11.78 W, 3 %, 17783 MiB
2026/10/01 05:09:11.498, 180 MHz, 405 MHz, 0x0000000000000000, 11.89 W, 9 %, 17783 MiB
2026/10/01 05:09:12.013, 187 MHz, 405 MHz, 0x0000000000000000, 11.76 W, 8 %, 17783 MiB
2026/10/01 05:09:12.516, 180 MHz, 405 MHz, 0x0000000000000000, 11.81 W, 5 %, 17783 MiB
2026/10/01 05:09:13.019, 180 MHz, 405 MHz, 0x0000000000000000, 11.73 W, 8 %, 17783 MiB
2026/10/01 05:09:13.519, 180 MHz, 405 MHz, 0x0000000000000000, 11.89 W, 6 %, 17783 MiB
2026/10/01 05:09:14.021, 195 MHz, 405 MHz, 0x0000000000000000, 12.05 W, 10 %, 17783 MiB
2026/10/01 05:09:14.536, 180 MHz, 405 MHz, 0x0000000000000000, 12.05 W, 8 %, 17783 MiB
2026/10/01 05:09:15.051, 180 MHz, 405 MHz, 0x0000000000000000, 12.06 W, 10 %, 17783 MiB
2026/10/01 05:09:15.566, 180 MHz, 405 MHz, 0x0000000000000000, 11.94 W, 7 %, 17783 MiB
2026/10/01 05:09:16.079, 195 MHz, 405 MHz, 0x0000000000000000, 11.99 W, 10 %, 17783 MiB
2026/10/01 05:09:16.581, 180 MHz, 405 MHz, 0x0000000000000000, 12.00 W, 4 %, 17783 MiB
2026/10/01 05:09:17.093, 180 MHz, 405 MHz, 0x0000000000000000, 11.89 W, 8 %, 17783 MiB
2026/10/01 05:09:17.596, 180 MHz, 405 MHz, 0x0000000000000000, 11.85 W, 4 %, 17783 MiB
2026/10/01 05:09:18.109, 202 MHz, 405 MHz, 0x0000000000000000, 11.81 W, 6 %, 17783 MiB
2026/10/01 05:09:18.610, 180 MHz, 405 MHz, 0x0000000000000000, 11.76 W, 6 %, 17783 MiB
2026/10/01 05:09:19.111, 187 MHz, 405 MHz, 0x0000000000000000, 11.84 W, 10 %, 17783 MiB
2026/10/01 05:09:19.612, 180 MHz, 405 MHz, 0x0000000000000000, 11.79 W, 6 %, 17783 MiB
2026/10/01 05:09:20.112, 180 MHz, 405 MHz, 0x0000000000000000, 11.84 W, 10 %, 17783 MiB
2026/10/01 05:09:20.615, 180 MHz, 405 MHz, 0x0000000000000000, 11.94 W, 9 %, 17783 MiB
2026/10/01 05:09:21.117, 202 MHz, 405 MHz, 0x0000000000000000, 12.09 W, 5 %, 17783 MiB
2026/10/01 05:09:21.619, 180 MHz, 405 MHz, 0x0000000000000000, 11.90 W, 10 %, 17783 MiB
2026/10/01 05:09:22.135, 180 MHz, 405 MHz, 0x0000000000000000, 11.95 W, 8 %, 17783 MiB
2026/10/01 05:09:22.649, 180 MHz, 405 MHz, 0x0000000000000000, 12.03 W, 10 %, 17783 MiB
2026/10/01 05:09:23.150, 180 MHz, 405 MHz, 0x0000000000000000, 11.89 W, 2 %, 17783 MiB
2026/10/01 05:09:23.652, 225 MHz, 405 MHz, 0x0000000000000000, 12.03 W, 9 %, 17783 MiB
2026/10/01 05:09:24.155, 180 MHz, 405 MHz, 0x0000000000000000, 12.20 W, 7 %, 17783 MiB
2026/10/01 05:09:24.669, 195 MHz, 405 MHz, 0x0000000000000000, 11.97 W, 4 %, 17783 MiB
2026/10/01 05:09:25.186, 180 MHz, 405 MHz, 0x0000000000000000, 11.92 W, 6 %, 17786 MiB
2026/10/01 05:09:25.698, 195 MHz, 405 MHz, 0x0000000000000000, 11.94 W, 9 %, 17786 MiB
2026/10/01 05:09:26.212, 217 MHz, 405 MHz, 0x0000000000000000, 11.95 W, 6 %, 17783 MiB
2026/10/01 05:09:26.713, 180 MHz, 405 MHz, 0x0000000000000000, 11.81 W, 8 %, 17783 MiB
2026/10/01 05:09:27.215, 180 MHz, 405 MHz, 0x0000000000000000, 12.04 W, 2 %, 17783 MiB
2026/10/01 05:09:27.722, 180 MHz, 405 MHz, 0x0000000000000000, 12.20 W, 10 %, 17783 MiB
2026/10/01 05:09:28.228, 180 MHz, 405 MHz, 0x0000000000000000, 11.98 W, 8 %, 17783 MiB
2026/10/01 05:09:28.729, 180 MHz, 405 MHz, 0x0000000000000000, 11.84 W, 9 %, 17783 MiB
2026/10/01 05:09:29.230, 180 MHz, 405 MHz, 0x0000000000000000, 11.70 W, 8 %, 17783 MiB
2026/10/01 05:09:29.738, 180 MHz, 405 MHz, 0x0000000000000000, 11.63 W, 9 %, 17783 MiB
2026/10/01 05:09:30.251, 180 MHz, 405 MHz, 0x0000000000000000, 11.59 W, 10 %, 17783 MiB
2026/10/01 05:09:30.764, 180 MHz, 405 MHz, 0x0000000000000000, 11.56 W, 10 %, 17783 MiB
2026/10/01 05:09:31.266, 180 MHz, 405 MHz, 0x0000000000000000, 11.52 W, 6 %, 17783 MiB
2026/10/01 05:09:31.770, 180 MHz, 405 MHz, 0x0000000000000000, 11.58 W, 6 %, 17783 MiB
2026/10/01 05:09:32.285, 202 MHz, 405 MHz, 0x0000000000000000, 11.69 W, 7 %, 17783 MiB
2026/10/01 05:09:32.791, 180 MHz, 405 MHz, 0x0000000000000000, 11.50 W, 1 %, 17783 MiB
2026/10/01 05:09:33.307, 195 MHz, 405 MHz, 0x0000000000000000, 11.53 W, 10 %, 17783 MiB
2026/10/01 05:09:33.811, 180 MHz, 405 MHz, 0x0000000000000000, 11.54 W, 6 %, 17783 MiB
2026/10/01 05:09:34.326, 195 MHz, 405 MHz, 0x0000000000000000, 11.26 W, 4 %, 17783 MiB
2026/10/01 05:09:34.827, 180 MHz, 405 MHz, 0x0000000000000000, 11.28 W, 9 %, 17783 MiB
2026/10/01 05:09:35.329, 210 MHz, 405 MHz, 0x0000000000000000, 11.36 W, 9 %, 17783 MiB
2026/10/01 05:09:35.830, 180 MHz, 405 MHz, 0x0000000000000000, 11.40 W, 8 %, 17783 MiB
2026/10/01 05:09:36.335, 195 MHz, 405 MHz, 0x0000000000000000, 11.35 W, 9 %, 17783 MiB
2026/10/01 05:09:36.835, 180 MHz, 405 MHz, 0x0000000000000000, 11.57 W, 9 %, 17783 MiB
2026/10/01 05:09:37.336, 180 MHz, 405 MHz, 0x0000000000000000, 11.53 W, 3 %, 17783 MiB
2026/10/01 05:09:37.850, 210 MHz, 405 MHz, 0x0000000000000000, 11.59 W, 9 %, 17783 MiB
2026/10/01 05:09:38.357, 180 MHz, 405 MHz, 0x0000000000000000, 11.66 W, 9 %, 17783 MiB
2026/10/01 05:09:38.870, 180 MHz, 405 MHz, 0x0000000000000000, 11.47 W, 2 %, 17783 MiB
2026/10/01 05:09:39.370, 180 MHz, 405 MHz, 0x0000000000000000, 11.22 W, 9 %, 17783 MiB
2026/10/01 05:09:39.875, 180 MHz, 405 MHz, 0x0000000000000000, 11.27 W, 6 %, 17783 MiB
2026/10/01 05:09:40.376, 180 MHz, 405 MHz, 0x0000000000000000, 11.14 W, 1 %, 17783 MiB
2026/10/01 05:09:40.877, 180 MHz, 405 MHz, 0x0000000000000000, 10.92 W, 7 %, 17783 MiB
2026/10/01 05:09:41.391, 195 MHz, 405 MHz, 0x0000000000000000, 11.15 W, 10 %, 17783 MiB
2026/10/01 05:09:41.906, 180 MHz, 405 MHz, 0x0000000000000000, 11.18 W, 4 %, 17783 MiB
2026/10/01 05:09:42.422, 180 MHz, 405 MHz, 0x0000000000000000, 11.17 W, 9 %, 17783 MiB
2026/10/01 05:09:42.923, 180 MHz, 405 MHz, 0x0000000000000000, 11.32 W, 7 %, 17783 MiB
2026/10/01 05:09:43.436, 195 MHz, 405 MHz, 0x0000000000000000, 11.41 W, 6 %, 17783 MiB
2026/10/01 05:09:43.937, 202 MHz, 405 MHz, 0x0000000000000000, 11.42 W, 9 %, 17783 MiB
2026/10/01 05:09:44.440, 195 MHz, 405 MHz, 0x0000000000000000, 11.35 W, 8 %, 17783 MiB
2026/10/01 05:09:44.941, 172 MHz, 405 MHz, 0x0000000000000000, 11.12 W, 7 %, 17783 MiB
2026/10/01 05:09:45.445, 180 MHz, 405 MHz, 0x0000000000000000, 11.02 W, 8 %, 17783 MiB
2026/10/01 05:09:45.946, 210 MHz, 405 MHz, 0x0000000000000000, 11.10 W, 7 %, 17783 MiB
2026/10/01 05:09:46.458, 195 MHz, 405 MHz, 0x0000000000000000, 11.29 W, 7 %, 17788 MiB
2026/10/01 05:09:46.972, 195 MHz, 405 MHz, 0x0000000000000000, 11.23 W, 2 %, 17783 MiB
2026/10/01 05:09:47.487, 187 MHz, 405 MHz, 0x0000000000000000, 11.20 W, 7 %, 17783 MiB
2026/10/01 05:09:47.989, 180 MHz, 405 MHz, 0x0000000000000000, 11.09 W, 5 %, 17783 MiB
2026/10/01 05:09:48.491, 180 MHz, 405 MHz, 0x0000000000000000, 11.01 W, 3 %, 17783 MiB
2026/10/01 05:09:49.003, 180 MHz, 405 MHz, 0x0000000000000000, 10.98 W, 4 %, 17783 MiB
2026/10/01 05:09:49.507, 195 MHz, 405 MHz, 0x0000000000000000, 10.94 W, 1 %, 17783 MiB
2026/10/01 05:09:50.009, 180 MHz, 405 MHz, 0x0000000000000000, 10.94 W, 2 %, 17783 MiB
2026/10/01 05:09:50.513, 180 MHz, 405 MHz, 0x0000000000000000, 10.81 W, 1 %, 17783 MiB
2026/10/01 05:09:51.029, 180 MHz, 405 MHz, 0x0000000000000000, 10.72 W, 2 %, 17783 MiB
2026/10/01 05:09:51.542, 180 MHz, 405 MHz, 0x0000000000000000, 10.72 W, 1 %, 17783 MiB
2026/10/01 05:09:52.055, 180 MHz, 405 MHz, 0x0000000000000000, 10.74 W, 2 %, 17783 MiB
2026/10/01 05:09:52.556, 180 MHz, 405 MHz, 0x0000000000000000, 11.03 W, 7 %, 17783 MiB
2026/10/01 05:09:53.071, 180 MHz, 405 MHz, 0x0000000000000000, 11.23 W, 6 %, 17783 MiB
2026/10/01 05:09:53.586, 180 MHz, 405 MHz, 0x0000000000000000, 10.93 W, 2 %, 17783 MiB
2026/10/01 05:09:54.087, 195 MHz, 405 MHz, 0x0000000000000000, 10.77 W, 1 %, 17783 MiB
2026/10/01 05:09:54.597, 180 MHz, 405 MHz, 0x0000000000000000, 10.74 W, 2 %, 17783 MiB
2026/10/01 05:09:55.111, 187 MHz, 405 MHz, 0x0000000000000000, 10.91 W, 3 %, 17783 MiB
2026/10/01 05:09:55.623, 180 MHz, 405 MHz, 0x0000000000000000, 10.94 W, 7 %, 17783 MiB
2026/10/01 05:09:56.135, 180 MHz, 405 MHz, 0x0000000000000000, 10.93 W, 3 %, 17783 MiB
2026/10/01 05:09:56.636, 180 MHz, 405 MHz, 0x0000000000000000, 10.95 W, 2 %, 17783 MiB
2026/10/01 05:09:57.152, 217 MHz, 405 MHz, 0x0000000000000000, 11.12 W, 9 %, 17783 MiB
2026/10/01 05:09:57.667, 180 MHz, 405 MHz, 0x0000000000000000, 11.35 W, 10 %, 17783 MiB
2026/10/01 05:09:58.181, 187 MHz, 405 MHz, 0x0000000000000000, 11.24 W, 4 %, 17783 MiB
2026/10/01 05:09:58.683, 180 MHz, 405 MHz, 0x0000000000000000, 11.24 W, 7 %, 17783 MiB
2026/10/01 05:09:59.185, 180 MHz, 405 MHz, 0x0000000000000000, 11.10 W, 3 %, 17783 MiB
2026/10/01 05:09:59.686, 210 MHz, 405 MHz, 0x0000000000000000, 11.40 W, 10 %, 17783 MiB
2026/10/01 05:10:00.187, 180 MHz, 405 MHz, 0x0000000000000000, 11.58 W, 7 %, 17783 MiB
2026/10/01 05:10:00.687, 195 MHz, 405 MHz, 0x0000000000000000, 11.38 W, 10 %, 17783 MiB
2026/10/01 05:10:01.203, 195 MHz, 405 MHz, 0x0000000000000000, 11.33 W, 7 %, 17783 MiB
2026/10/01 05:10:01.705, 180 MHz, 405 MHz, 0x0000000000000000, 11.09 W, 10 %, 17783 MiB
2026/10/01 05:10:02.218, 180 MHz, 405 MHz, 0x0000000000000000, 10.98 W, 7 %, 17783 MiB
2026/10/01 05:10:02.722, 210 MHz, 405 MHz, 0x0000000000000000, 11.37 W, 9 %, 17783 MiB
2026/10/01 05:10:03.223, 180 MHz, 405 MHz, 0x0000000000000000, 11.52 W, 9 %, 17783 MiB
2026/10/01 05:10:03.724, 180 MHz, 405 MHz, 0x0000000000000000, 11.26 W, 10 %, 17783 MiB
2026/10/01 05:10:04.239, 180 MHz, 405 MHz, 0x0000000000000000, 11.05 W, 10 %, 17783 MiB
2026/10/01 05:10:04.752, 180 MHz, 405 MHz, 0x0000000000000000, 11.14 W, 10 %, 17783 MiB
2026/10/01 05:10:05.255, 180 MHz, 405 MHz, 0x0000000000000000, 11.09 W, 4 %, 17783 MiB
2026/10/01 05:10:05.759, 195 MHz, 405 MHz, 0x0000000000000000, 11.01 W, 9 %, 17783 MiB
2026/10/01 05:10:06.272, 180 MHz, 405 MHz, 0x0000000000000000, 11.17 W, 7 %, 17783 MiB
2026/10/01 05:10:06.786, 180 MHz, 405 MHz, 0x0000000000000000, 11.05 W, 5 %, 17783 MiB
2026/10/01 05:10:07.290, 210 MHz, 405 MHz, 0x0000000000000000, 11.06 W, 9 %, 17788 MiB
2026/10/01 05:10:07.803, 195 MHz, 405 MHz, 0x0000000000000000, 11.22 W, 9 %, 17788 MiB
2026/10/01 05:10:08.315, 187 MHz, 405 MHz, 0x0000000000000000, 11.34 W, 2 %, 17783 MiB
2026/10/01 05:10:08.819, 180 MHz, 405 MHz, 0x0000000000000000, 11.20 W, 6 %, 17783 MiB
2026/10/01 05:10:09.320, 180 MHz, 405 MHz, 0x0000000000000000, 11.02 W, 9 %, 17783 MiB
2026/10/01 05:10:09.836, 195 MHz, 405 MHz, 0x0000000000000000, 11.25 W, 8 %, 17783 MiB
2026/10/01 05:10:10.351, 202 MHz, 405 MHz, 0x0000000000000000, 11.33 W, 3 %, 17783 MiB
2026/10/01 05:10:10.862, 180 MHz, 405 MHz, 0x0000000000000000, 11.25 W, 2 %, 17783 MiB
2026/10/01 05:10:11.376, 180 MHz, 405 MHz, 0x0000000000000000, 10.98 W, 5 %, 17783 MiB
2026/10/01 05:10:11.887, 180 MHz, 405 MHz, 0x0000000000000000, 10.96 W, 1 %, 17783 MiB
2026/10/01 05:10:12.396, 180 MHz, 405 MHz, 0x0000000000000000, 10.96 W, 2 %, 17783 MiB
2026/10/01 05:10:12.909, 180 MHz, 405 MHz, 0x0000000000000000, 10.97 W, 1 %, 17783 MiB
2026/10/01 05:10:13.420, 180 MHz, 405 MHz, 0x0000000000000000, 10.81 W, 2 %, 17783 MiB
2026/10/01 05:10:13.935, 180 MHz, 405 MHz, 0x0000000000000000, 10.70 W, 2 %, 17783 MiB
2026/10/01 05:10:14.450, 240 MHz, 405 MHz, 0x0000000000000000, 11.03 W, 0 %, 17783 MiB
2026/10/01 05:10:14.965, 180 MHz, 405 MHz, 0x0000000000000000, 10.98 W, 0 %, 17783 MiB
2026/10/01 05:10:15.478, 180 MHz, 405 MHz, 0x0000000000000000, 11.29 W, 91 %, 22165 MiB
2026/10/01 05:10:15.991, 195 MHz, 405 MHz, 0x0000000000000000, 13.41 W, 1 %, 22951 MiB
2026/10/01 05:10:16.500, 705 MHz, 405 MHz, 0x0000000000000000, 23.66 W, 0 %, 22951 MiB
2026/10/01 05:10:17.007, 202 MHz, 405 MHz, 0x0000000000000000, 27.81 W, 66 %, 23207 MiB
2026/10/01 05:10:17.516, 2910 MHz, 13801 MHz, 0x0000000000000000, 97.90 W, 71 %, 23207 MiB
2026/10/01 05:10:18.028, 2932 MHz, 13801 MHz, 0x0000000000000000, 165.44 W, 50 %, 23207 MiB
2026/10/01 05:10:18.531, 2932 MHz, 13801 MHz, 0x0000000000000000, 170.91 W, 0 %, 23207 MiB
2026/10/01 05:10:19.044, 2932 MHz, 13801 MHz, 0x0000000000000000, 153.29 W, 0 %, 23527 MiB
2026/10/01 05:10:19.544, 2940 MHz, 13801 MHz, 0x0000000000000000, 110.51 W, 0 %, 23527 MiB
2026/10/01 05:10:20.060, 2932 MHz, 13801 MHz, 0x0000000000000000, 130.10 W, 0 %, 23527 MiB
2026/10/01 05:10:20.561, 2932 MHz, 13801 MHz, 0x0000000000000000, 171.76 W, 17 %, 23527 MiB
2026/10/01 05:10:21.075, 2932 MHz, 13801 MHz, 0x0000000000000000, 211.19 W, 47 %, 23527 MiB
2026/10/01 05:10:21.589, 2925 MHz, 13801 MHz, 0x0000000000000004, 245.31 W, 63 %, 23527 MiB
2026/10/01 05:10:22.103, 2925 MHz, 13801 MHz, 0x0000000000000000, 249.04 W, 0 %, 23527 MiB
2026/10/01 05:10:22.617, 2932 MHz, 13801 MHz, 0x0000000000000000, 231.23 W, 0 %, 24103 MiB
2026/10/01 05:10:23.132, 2925 MHz, 13801 MHz, 0x0000000000000000, 219.71 W, 62 %, 24103 MiB
2026/10/01 05:10:23.633, 2932 MHz, 13801 MHz, 0x0000000000000000, 241.15 W, 39 %, 24103 MiB
2026/10/01 05:10:24.138, 2940 MHz, 13801 MHz, 0x0000000000000000, 189.01 W, 0 %, 24103 MiB
2026/10/01 05:10:24.652, 2932 MHz, 13801 MHz, 0x0000000000000000, 150.60 W, 43 %, 24105 MiB
2026/10/01 05:10:25.165, 2932 MHz, 13801 MHz, 0x0000000000000000, 157.32 W, 15 %, 24105 MiB
2026/10/01 05:10:25.680, 2932 MHz, 13801 MHz, 0x0000000000000000, 177.60 W, 98 %, 24105 MiB
2026/10/01 05:10:26.196, 2932 MHz, 13801 MHz, 0x0000000000000000, 181.91 W, 69 %, 24105 MiB
2026/10/01 05:10:26.710, 2932 MHz, 13801 MHz, 0x0000000000000000, 185.40 W, 0 %, 24105 MiB
2026/10/01 05:10:27.211, 2940 MHz, 13801 MHz, 0x0000000000000000, 162.82 W, 0 %, 24105 MiB
2026/10/01 05:10:27.724, 2940 MHz, 13801 MHz, 0x0000000000000000, 116.54 W, 0 %, 24105 MiB
2026/10/01 05:10:28.224, 2940 MHz, 13801 MHz, 0x0000000000000000, 91.54 W, 0 %, 24108 MiB
2026/10/01 05:10:28.740, 2940 MHz, 7001 MHz, 0x0000000000000000, 91.08 W, 0 %, 24108 MiB
2026/10/01 05:10:29.240, 547 MHz, 7001 MHz, 0x0000000000000000, 64.97 W, 0 %, 24105 MiB
2026/10/01 05:10:29.743, 1072 MHz, 13801 MHz, 0x0000000000000000, 67.54 W, 16 %, 24105 MiB
2026/10/01 05:10:30.258, 2707 MHz, 13801 MHz, 0x0000000000000000, 102.52 W, 52 %, 24105 MiB
2026/10/01 05:10:30.763, 2940 MHz, 13801 MHz, 0x0000000000000000, 120.48 W, 0 %, 24105 MiB
2026/10/01 05:10:31.277, 2932 MHz, 13801 MHz, 0x0000000000000000, 166.95 W, 0 %, 24105 MiB
2026/10/01 05:10:31.792, 2940 MHz, 13801 MHz, 0x0000000000000000, 134.02 W, 0 %, 24105 MiB
2026/10/01 05:10:32.306, 2940 MHz, 13801 MHz, 0x0000000000000000, 91.63 W, 0 %, 24105 MiB
2026/10/01 05:10:32.820, 2940 MHz, 13801 MHz, 0x0000000000000000, 114.16 W, 71 %, 24105 MiB
2026/10/01 05:10:33.322, 2625 MHz, 13801 MHz, 0x0000000000000000, 123.31 W, 0 %, 24105 MiB
2026/10/01 05:10:33.834, 2460 MHz, 13801 MHz, 0x0000000000000000, 153.73 W, 0 %, 24105 MiB
2026/10/01 05:10:34.336, 2655 MHz, 13801 MHz, 0x0000000000000000, 167.04 W, 0 %, 24105 MiB
2026/10/01 05:10:34.838, 2940 MHz, 13801 MHz, 0x0000000000000000, 118.47 W, 0 %, 24105 MiB
2026/10/01 05:10:35.341, 2940 MHz, 13801 MHz, 0x0000000000000000, 112.33 W, 0 %, 24105 MiB
2026/10/01 05:10:35.841, 2932 MHz, 13801 MHz, 0x0000000000000000, 128.75 W, 0 %, 24105 MiB
2026/10/01 05:10:36.342, 2932 MHz, 13801 MHz, 0x0000000000000000, 166.96 W, 0 %, 24105 MiB
2026/10/01 05:10:36.843, 2932 MHz, 13801 MHz, 0x0000000000000000, 161.73 W, 0 %, 24105 MiB
2026/10/01 05:10:37.346, 2932 MHz, 13801 MHz, 0x0000000000000000, 157.16 W, 0 %, 24105 MiB
2026/10/01 05:10:37.848, 2932 MHz, 13801 MHz, 0x0000000000000000, 198.83 W, 100 %, 24105 MiB
2026/10/01 05:10:38.363, 2932 MHz, 13801 MHz, 0x0000000000000000, 204.61 W, 0 %, 24105 MiB
2026/10/01 05:10:38.876, 2932 MHz, 13801 MHz, 0x0000000000000004, 216.34 W, 93 %, 24425 MiB
2026/10/01 05:10:39.390, 2940 MHz, 13801 MHz, 0x0000000000000000, 209.68 W, 0 %, 24425 MiB
2026/10/01 05:10:39.905, 2940 MHz, 13801 MHz, 0x0000000000000000, 159.53 W, 0 %, 24425 MiB
2026/10/01 05:10:40.418, 2940 MHz, 13801 MHz, 0x0000000000000000, 91.97 W, 0 %, 24425 MiB
2026/10/01 05:10:40.932, 2940 MHz, 7001 MHz, 0x0000000000000000, 86.42 W, 0 %, 24425 MiB
2026/10/01 05:10:41.434, 510 MHz, 7001 MHz, 0x0000000000000000, 57.10 W, 0 %, 24425 MiB
2026/10/01 05:10:41.946, 420 MHz, 7001 MHz, 0x0000000000000000, 38.93 W, 0 %, 24425 MiB
2026/10/01 05:10:42.448, 420 MHz, 7001 MHz, 0x0000000000000000, 38.93 W, 0 %, 24425 MiB
2026/10/01 05:10:42.953, 262 MHz, 7001 MHz, 0x0000000000000000, 31.85 W, 0 %, 24425 MiB
2026/10/01 05:10:43.467, 262 MHz, 7001 MHz, 0x0000000000000000, 31.85 W, 0 %, 24425 MiB
2026/10/01 05:10:43.981, 180 MHz, 7001 MHz, 0x0000000000000000, 31.14 W, 0 %, 24425 MiB
2026/10/01 05:10:44.484, 180 MHz, 7001 MHz, 0x0000000000000000, 31.14 W, 0 %, 24425 MiB
2026/10/01 05:10:44.999, 180 MHz, 7001 MHz, 0x0000000000000000, 30.63 W, 0 %, 24425 MiB
2026/10/01 05:10:45.511, 180 MHz, 7001 MHz, 0x0000000000000000, 30.63 W, 0 %, 24425 MiB
2026/10/01 05:10:46.026, 1995 MHz, 13801 MHz, 0x0000000000000004, 164.44 W, 100 %, 24425 MiB
2026/10/01 05:10:46.540, 2917 MHz, 13801 MHz, 0x0000000000000000, 214.89 W, 0 %, 28181 MiB
2026/10/01 05:10:47.052, 2940 MHz, 13801 MHz, 0x0000000000000000, 162.30 W, 0 %, 28217 MiB
2026/10/01 05:10:47.554, 2940 MHz, 13801 MHz, 0x0000000000000000, 95.42 W, 0 %, 28217 MiB
2026/10/01 05:10:48.056, 2940 MHz, 13801 MHz, 0x0000000000000000, 93.30 W, 0 %, 28217 MiB
2026/10/01 05:10:48.557, 862 MHz, 7001 MHz, 0x0000000000000000, 66.25 W, 0 %, 28217 MiB
2026/10/01 05:10:49.071, 705 MHz, 7001 MHz, 0x0000000000000000, 34.55 W, 0 %, 28220 MiB
2026/10/01 05:10:49.587, 562 MHz, 7001 MHz, 0x0000000000000000, 33.34 W, 0 %, 28220 MiB
2026/10/01 05:10:50.099, 442 MHz, 7001 MHz, 0x0000000000000000, 32.91 W, 0 %, 28217 MiB
2026/10/01 05:10:50.612, 352 MHz, 7001 MHz, 0x0000000000000000, 32.56 W, 0 %, 28217 MiB
2026/10/01 05:10:51.123, 277 MHz, 7001 MHz, 0x0000000000000000, 32.19 W, 0 %, 28217 MiB
2026/10/01 05:10:51.633, 277 MHz, 7001 MHz, 0x0000000000000000, 32.19 W, 0 %, 28217 MiB
2026/10/01 05:10:52.147, 180 MHz, 7001 MHz, 0x0000000000000000, 31.38 W, 0 %, 28217 MiB
2026/10/01 05:10:52.648, 180 MHz, 7001 MHz, 0x0000000000000000, 31.38 W, 0 %, 28217 MiB
2026/10/01 05:10:53.164, 180 MHz, 810 MHz, 0x0000000000000000, 26.96 W, 0 %, 28217 MiB
2026/10/01 05:10:53.679, 180 MHz, 810 MHz, 0x0000000000000000, 26.96 W, 0 %, 28217 MiB
2026/10/01 05:10:54.193, 180 MHz, 810 MHz, 0x0000000000000000, 10.46 W, 0 %, 28217 MiB
2026/10/01 05:10:54.708, 180 MHz, 810 MHz, 0x0000000000000000, 10.46 W, 0 %, 28217 MiB
2026/10/01 05:10:55.209, 180 MHz, 405 MHz, 0x0000000000000000, 10.35 W, 0 %, 28217 MiB
2026/10/01 05:10:55.723, 180 MHz, 405 MHz, 0x0000000000000000, 10.35 W, 0 %, 28217 MiB
2026/10/01 05:10:56.236, 180 MHz, 405 MHz, 0x0000000000000000, 10.31 W, 0 %, 28217 MiB
2026/10/01 05:10:56.750, 180 MHz, 405 MHz, 0x0000000000000000, 10.31 W, 0 %, 28217 MiB
2026/10/01 05:10:57.252, 180 MHz, 405 MHz, 0x0000000000000000, 10.19 W, 0 %, 28217 MiB
2026/10/01 05:10:57.753, 180 MHz, 405 MHz, 0x0000000000000000, 10.19 W, 0 %, 28217 MiB
2026/10/01 05:10:58.267, 180 MHz, 405 MHz, 0x0000000000000000, 10.27 W, 0 %, 28217 MiB
2026/10/01 05:10:58.780, 180 MHz, 405 MHz, 0x0000000000000000, 10.27 W, 0 %, 28217 MiB
2026/10/01 05:10:59.281, 180 MHz, 405 MHz, 0x0000000000000000, 10.24 W, 0 %, 28217 MiB
2026/10/01 05:10:59.782, 180 MHz, 405 MHz, 0x0000000000000000, 10.24 W, 0 %, 28217 MiB
2026/10/01 05:11:00.298, 180 MHz, 405 MHz, 0x0000000000000000, 10.18 W, 0 %, 28217 MiB
2026/10/01 05:11:00.813, 180 MHz, 405 MHz, 0x0000000000000000, 10.18 W, 0 %, 28217 MiB
2026/10/01 05:11:01.327, 180 MHz, 405 MHz, 0x0000000000000000, 10.14 W, 0 %, 28217 MiB
2026/10/01 05:11:01.841, 180 MHz, 405 MHz, 0x0000000000000000, 10.14 W, 0 %, 28217 MiB
2026/10/01 05:11:02.355, 172 MHz, 405 MHz, 0x0000000000000000, 10.10 W, 0 %, 28217 MiB
2026/10/01 05:11:02.869, 180 MHz, 405 MHz, 0x0000000000000000, 10.01 W, 0 %, 28217 MiB
2026/10/01 05:11:03.383, 180 MHz, 405 MHz, 0x0000000000000000, 10.01 W, 0 %, 28217 MiB
2026/10/01 05:11:03.884, 180 MHz, 405 MHz, 0x0000000000000000, 10.07 W, 0 %, 28217 MiB
2026/10/01 05:11:04.399, 180 MHz, 405 MHz, 0x0000000000000000, 10.07 W, 0 %, 28217 MiB
2026/10/01 05:11:04.912, 180 MHz, 405 MHz, 0x0000000000000000, 10.17 W, 0 %, 28217 MiB
2026/10/01 05:11:05.426, 180 MHz, 405 MHz, 0x0000000000000000, 10.17 W, 0 %, 28217 MiB
2026/10/01 05:11:05.941, 180 MHz, 405 MHz, 0x0000000000000000, 10.15 W, 0 %, 28217 MiB
2026/10/01 05:11:06.452, 180 MHz, 405 MHz, 0x0000000000000000, 10.15 W, 0 %, 28217 MiB
2026/10/01 05:11:06.956, 180 MHz, 405 MHz, 0x0000000000000000, 10.01 W, 0 %, 28217 MiB
2026/10/01 05:11:07.458, 180 MHz, 405 MHz, 0x0000000000000000, 10.01 W, 0 %, 28217 MiB
2026/10/01 05:11:07.961, 180 MHz, 405 MHz, 0x0000000000000000, 10.06 W, 0 %, 28217 MiB
2026/10/01 05:11:08.462, 180 MHz, 405 MHz, 0x0000000000000000, 10.06 W, 0 %, 28217 MiB
2026/10/01 05:11:08.964, 180 MHz, 405 MHz, 0x0000000000000000, 10.08 W, 0 %, 28217 MiB
2026/10/01 05:11:09.464, 180 MHz, 405 MHz, 0x0000000000000000, 10.08 W, 0 %, 28217 MiB
2026/10/01 05:11:09.978, 180 MHz, 405 MHz, 0x0000000000000000, 9.99 W, 0 %, 28222 MiB
2026/10/01 05:11:10.478, 195 MHz, 405 MHz, 0x0000000000000000, 10.33 W, 0 %, 28222 MiB
2026/10/01 05:11:10.993, 180 MHz, 405 MHz, 0x0000000000000000, 10.98 W, 0 %, 28217 MiB
2026/10/01 05:11:11.508, 180 MHz, 405 MHz, 0x0000000000000000, 11.10 W, 0 %, 28217 MiB
2026/10/01 05:11:12.022, 180 MHz, 405 MHz, 0x0000000000000000, 11.06 W, 0 %, 28217 MiB
2026/10/01 05:11:12.523, 180 MHz, 405 MHz, 0x0000000000000000, 11.06 W, 0 %, 28217 MiB
2026/10/01 05:11:13.036, 180 MHz, 405 MHz, 0x0000000000000000, 9.91 W, 0 %, 28217 MiB
2026/10/01 05:11:13.551, 1072 MHz, 13801 MHz, 0x0000000000000000, 34.90 W, 24 %, 28239 MiB
2026/10/01 05:11:14.052, 2940 MHz, 13801 MHz, 0x0000000000000000, 94.21 W, 24 %, 28243 MiB
2026/10/01 05:11:14.552, 2932 MHz, 13801 MHz, 0x0000000000000000, 117.56 W, 0 %, 28247 MiB
2026/10/01 05:11:15.065, 2932 MHz, 13801 MHz, 0x0000000000000000, 122.11 W, 24 %, 28249 MiB
2026/10/01 05:11:15.566, 2700 MHz, 7001 MHz, 0x0000000000000000, 99.53 W, 0 %, 28255 MiB
2026/10/01 05:11:16.081, 1132 MHz, 7001 MHz, 0x0000000000000000, 56.94 W, 0 %, 28255 MiB
2026/10/01 05:11:16.595, 1245 MHz, 7001 MHz, 0x0000000000000000, 46.90 W, 0 %, 28257 MiB
2026/10/01 05:11:17.112, 750 MHz, 7001 MHz, 0x0000000000000000, 45.21 W, 0 %, 28257 MiB
2026/10/01 05:11:17.626, 615 MHz, 7001 MHz, 0x0000000000000000, 33.96 W, 0 %, 28277 MiB
2026/10/01 05:11:18.141, 495 MHz, 7001 MHz, 0x0000000000000000, 33.06 W, 0 %, 28277 MiB
2026/10/01 05:11:18.655, 390 MHz, 7001 MHz, 0x0000000000000000, 32.17 W, 3 %, 28279 MiB
2026/10/01 05:11:19.170, 2827 MHz, 13801 MHz, 0x0000000000000000, 133.81 W, 0 %, 28279 MiB
2026/10/01 05:11:19.673, 2940 MHz, 13801 MHz, 0x0000000000000000, 161.18 W, 0 %, 28279 MiB
2026/10/01 05:11:20.188, 2940 MHz, 13801 MHz, 0x0000000000000000, 92.21 W, 0 %, 28279 MiB
2026/10/01 05:11:20.699, 2940 MHz, 13801 MHz, 0x0000000000000000, 92.26 W, 0 %, 28279 MiB
2026/10/01 05:11:21.214, 1545 MHz, 7001 MHz, 0x0000000000000000, 69.48 W, 0 %, 28279 MiB
2026/10/01 05:11:21.715, 517 MHz, 7001 MHz, 0x0000000000000000, 44.66 W, 0 %, 28279 MiB
2026/10/01 05:11:22.228, 472 MHz, 7001 MHz, 0x0000000000000000, 39.22 W, 0 %, 28279 MiB
2026/10/01 05:11:22.742, 472 MHz, 7001 MHz, 0x0000000000000000, 39.22 W, 0 %, 28279 MiB
2026/10/01 05:11:23.254, 300 MHz, 7001 MHz, 0x0000000000000000, 31.71 W, 0 %, 28279 MiB
2026/10/01 05:11:23.764, 300 MHz, 7001 MHz, 0x0000000000000000, 31.71 W, 0 %, 28279 MiB
2026/10/01 05:11:24.279, 187 MHz, 7001 MHz, 0x0000000000000000, 31.38 W, 0 %, 28279 MiB
2026/10/01 05:11:24.794, 187 MHz, 7001 MHz, 0x0000000000000000, 31.38 W, 0 %, 28279 MiB
2026/10/01 05:11:25.307, 180 MHz, 7001 MHz, 0x0000000000000000, 30.55 W, 0 %, 28279 MiB
2026/10/01 05:11:25.818, 180 MHz, 7001 MHz, 0x0000000000000000, 30.55 W, 0 %, 28279 MiB
2026/10/01 05:11:26.331, 180 MHz, 810 MHz, 0x0000000000000000, 16.45 W, 0 %, 28279 MiB
2026/10/01 05:11:26.844, 180 MHz, 810 MHz, 0x0000000000000000, 16.45 W, 0 %, 28279 MiB
2026/10/01 05:11:27.356, 180 MHz, 405 MHz, 0x0000000000000000, 11.02 W, 0 %, 28279 MiB
2026/10/01 05:11:27.858, 180 MHz, 405 MHz, 0x0000000000000000, 11.48 W, 0 %, 28279 MiB
2026/10/01 05:11:28.374, 180 MHz, 405 MHz, 0x0000000000000000, 11.48 W, 0 %, 28279 MiB
2026/10/01 05:11:28.889, 180 MHz, 405 MHz, 0x0000000000000000, 10.34 W, 0 %, 28279 MiB
2026/10/01 05:11:29.393, 180 MHz, 405 MHz, 0x0000000000000000, 10.34 W, 0 %, 28279 MiB
2026/10/01 05:11:29.905, 180 MHz, 405 MHz, 0x0000000000000000, 10.36 W, 0 %, 28279 MiB
2026/10/01 05:11:30.419, 180 MHz, 405 MHz, 0x0000000000000000, 10.36 W, 0 %, 28279 MiB
2026/10/01 05:11:30.922, 180 MHz, 405 MHz, 0x0000000000000000, 10.22 W, 0 %, 28284 MiB
2026/10/01 05:11:31.434, 210 MHz, 405 MHz, 0x0000000000000000, 10.36 W, 0 %, 28284 MiB
2026/10/01 05:11:31.936, 180 MHz, 405 MHz, 0x0000000000000000, 10.79 W, 0 %, 28279 MiB
2026/10/01 05:11:32.449, 562 MHz, 13801 MHz, 0x0000000000000000, 63.00 W, 92 %, 28279 MiB
2026/10/01 05:11:32.950, 2925 MHz, 13801 MHz, 0x0000000000000000, 146.85 W, 0 %, 28279 MiB
2026/10/01 05:11:33.463, 2940 MHz, 13801 MHz, 0x0000000000000000, 143.57 W, 0 %, 28279 MiB
2026/10/01 05:11:33.978, 2940 MHz, 13801 MHz, 0x0000000000000000, 91.62 W, 0 %, 28279 MiB
2026/10/01 05:11:34.493, 2940 MHz, 7001 MHz, 0x0000000000000000, 86.18 W, 0 %, 28279 MiB
2026/10/01 05:11:35.008, 637 MHz, 7001 MHz, 0x0000000000000000, 57.13 W, 0 %, 28279 MiB
2026/10/01 05:11:35.509, 495 MHz, 7001 MHz, 0x0000000000000000, 33.59 W, 0 %, 28279 MiB
2026/10/01 05:11:36.024, 495 MHz, 7001 MHz, 0x0000000000000000, 33.59 W, 0 %, 28279 MiB
2026/10/01 05:11:36.537, 307 MHz, 810 MHz, 0x0000000000000000, 18.53 W, 0 %, 28279 MiB
2026/10/01 05:11:37.038, 307 MHz, 810 MHz, 0x0000000000000000, 18.53 W, 0 %, 28279 MiB
2026/10/01 05:11:37.540, 180 MHz, 810 MHz, 0x0000000000000000, 11.61 W, 0 %, 28279 MiB
2026/10/01 05:11:38.041, 210 MHz, 405 MHz, 0x0000000000000000, 11.42 W, 0 %, 28279 MiB
2026/10/01 05:11:38.553, 180 MHz, 405 MHz, 0x0000000000000000, 11.19 W, 0 %, 28279 MiB
2026/10/01 05:11:39.065, 180 MHz, 405 MHz, 0x0000000000000000, 11.19 W, 0 %, 28279 MiB
2026/10/01 05:11:39.578, 180 MHz, 405 MHz, 0x0000000000000000, 11.19 W, 0 %, 28279 MiB
2026/10/01 05:11:40.093, 180 MHz, 405 MHz, 0x0000000000000000, 14.57 W, 72 %, 29257 MiB
2026/10/01 05:11:40.606, 2647 MHz, 13801 MHz, 0x0000000000000004, 98.21 W, 100 %, 29257 MiB
2026/10/01 05:11:41.119, 2902 MHz, 13801 MHz, 0x0000000000000000, 394.30 W, 94 %, 29257 MiB
2026/10/01 05:11:41.625, 2902 MHz, 13801 MHz, 0x0000000000000000, 487.52 W, 93 %, 29257 MiB
2026/10/01 05:11:42.136, 2902 MHz, 13801 MHz, 0x0000000000000000, 479.12 W, 93 %, 29257 MiB
2026/10/01 05:11:42.646, 2902 MHz, 13801 MHz, 0x0000000000000000, 477.78 W, 94 %, 29257 MiB
2026/10/01 05:11:43.156, 2902 MHz, 13801 MHz, 0x0000000000000000, 477.30 W, 94 %, 29257 MiB
2026/10/01 05:11:43.664, 2902 MHz, 13801 MHz, 0x0000000000000000, 476.47 W, 92 %, 29257 MiB
2026/10/01 05:11:44.177, 2902 MHz, 13801 MHz, 0x0000000000000000, 479.11 W, 93 %, 29257 MiB
2026/10/01 05:11:44.688, 2902 MHz, 13801 MHz, 0x0000000000000000, 482.35 W, 95 %, 29257 MiB
2026/10/01 05:11:45.196, 2902 MHz, 13801 MHz, 0x0000000000000000, 481.83 W, 90 %, 29257 MiB
2026/10/01 05:11:45.707, 2902 MHz, 13801 MHz, 0x0000000000000000, 483.19 W, 94 %, 29257 MiB
2026/10/01 05:11:46.214, 2902 MHz, 13801 MHz, 0x0000000000000000, 483.71 W, 94 %, 29257 MiB
2026/10/01 05:11:46.723, 2902 MHz, 13801 MHz, 0x0000000000000000, 484.85 W, 94 %, 29257 MiB
2026/10/01 05:11:47.237, 2902 MHz, 13801 MHz, 0x0000000000000000, 451.12 W, 7 %, 29257 MiB
2026/10/01 05:11:47.747, 2917 MHz, 13801 MHz, 0x0000000000000000, 419.93 W, 94 %, 29257 MiB
2026/10/01 05:11:48.256, 2902 MHz, 13801 MHz, 0x0000000000000000, 455.39 W, 95 %, 29257 MiB
2026/10/01 05:11:48.763, 2902 MHz, 13801 MHz, 0x0000000000000000, 489.35 W, 95 %, 29257 MiB
2026/10/01 05:11:49.271, 2902 MHz, 13801 MHz, 0x0000000000000000, 488.47 W, 94 %, 29257 MiB
2026/10/01 05:11:49.780, 2902 MHz, 13801 MHz, 0x0000000000000000, 487.06 W, 89 %, 29257 MiB
2026/10/01 05:11:50.290, 2902 MHz, 13801 MHz, 0x0000000000000000, 486.80 W, 94 %, 29257 MiB
2026/10/01 05:11:50.800, 2902 MHz, 13801 MHz, 0x0000000000000000, 488.54 W, 95 %, 29257 MiB
2026/10/01 05:11:51.309, 2902 MHz, 13801 MHz, 0x0000000000000000, 489.70 W, 95 %, 29257 MiB
2026/10/01 05:11:51.814, 2902 MHz, 13801 MHz, 0x0000000000000000, 486.87 W, 92 %, 29257 MiB
2026/10/01 05:11:52.325, 2902 MHz, 13801 MHz, 0x0000000000000000, 481.97 W, 92 %, 29262 MiB
2026/10/01 05:11:52.834, 2902 MHz, 13801 MHz, 0x0000000000000000, 478.61 W, 93 %, 29257 MiB
2026/10/01 05:11:53.345, 2902 MHz, 13801 MHz, 0x0000000000000000, 484.28 W, 94 %, 29257 MiB
2026/10/01 05:11:53.856, 2902 MHz, 13801 MHz, 0x0000000000000000, 490.56 W, 94 %, 29257 MiB
2026/10/01 05:11:54.368, 2902 MHz, 13801 MHz, 0x0000000000000004, 510.84 W, 98 %, 29257 MiB
2026/10/01 05:11:54.878, 2902 MHz, 13801 MHz, 0x0000000000000000, 511.31 W, 94 %, 29257 MiB
2026/10/01 05:11:55.390, 2902 MHz, 13801 MHz, 0x0000000000000000, 496.47 W, 94 %, 29257 MiB
2026/10/01 05:11:55.904, 2902 MHz, 13801 MHz, 0x0000000000000000, 464.36 W, 76 %, 29257 MiB
2026/10/01 05:11:56.413, 2902 MHz, 13801 MHz, 0x0000000000000000, 466.03 W, 94 %, 29257 MiB
2026/10/01 05:11:56.922, 2902 MHz, 13801 MHz, 0x0000000000000000, 490.81 W, 94 %, 29257 MiB
2026/10/01 05:11:57.431, 2902 MHz, 13801 MHz, 0x0000000000000000, 494.12 W, 94 %, 29257 MiB
2026/10/01 05:11:57.940, 2902 MHz, 13801 MHz, 0x0000000000000000, 491.82 W, 91 %, 29257 MiB
2026/10/01 05:11:58.452, 2902 MHz, 13801 MHz, 0x0000000000000000, 491.52 W, 95 %, 29257 MiB
2026/10/01 05:11:58.962, 2902 MHz, 13801 MHz, 0x0000000000000000, 494.56 W, 94 %, 29257 MiB
2026/10/01 05:11:59.472, 2902 MHz, 13801 MHz, 0x0000000000000000, 494.90 W, 94 %, 29257 MiB
2026/10/01 05:11:59.982, 2902 MHz, 13801 MHz, 0x0000000000000000, 495.50 W, 95 %, 29257 MiB
2026/10/01 05:12:00.492, 2902 MHz, 13801 MHz, 0x0000000000000004, 515.98 W, 97 %, 29257 MiB
2026/10/01 05:12:01.000, 2902 MHz, 13801 MHz, 0x0000000000000000, 514.21 W, 95 %, 29257 MiB
2026/10/01 05:12:01.508, 2902 MHz, 13801 MHz, 0x0000000000000000, 502.78 W, 94 %, 29257 MiB
2026/10/01 05:12:02.018, 2902 MHz, 13801 MHz, 0x0000000000000000, 497.06 W, 95 %, 29257 MiB
2026/10/01 05:12:02.531, 2902 MHz, 13801 MHz, 0x0000000000000000, 495.72 W, 94 %, 29257 MiB
2026/10/01 05:12:03.039, 2902 MHz, 13801 MHz, 0x0000000000000000, 496.78 W, 94 %, 29257 MiB
2026/10/01 05:12:03.550, 2902 MHz, 13801 MHz, 0x0000000000000000, 497.63 W, 94 %, 29257 MiB
2026/10/01 05:12:04.060, 2902 MHz, 13801 MHz, 0x0000000000000000, 497.07 W, 94 %, 29257 MiB
2026/10/01 05:12:04.569, 2902 MHz, 13801 MHz, 0x0000000000000000, 497.38 W, 94 %, 29257 MiB
2026/10/01 05:12:05.079, 2902 MHz, 13801 MHz, 0x0000000000000000, 495.56 W, 95 %, 29257 MiB
2026/10/01 05:12:05.589, 2902 MHz, 13801 MHz, 0x0000000000000000, 493.57 W, 94 %, 29257 MiB
2026/10/01 05:12:06.097, 2902 MHz, 13801 MHz, 0x0000000000000000, 493.23 W, 94 %, 29257 MiB
2026/10/01 05:12:06.604, 2902 MHz, 13801 MHz, 0x0000000000000000, 495.67 W, 94 %, 29257 MiB
2026/10/01 05:12:07.116, 2902 MHz, 13801 MHz, 0x0000000000000000, 498.40 W, 93 %, 29257 MiB
2026/10/01 05:12:07.617, 2902 MHz, 13801 MHz, 0x0000000000000000, 497.18 W, 92 %, 29257 MiB
2026/10/01 05:12:08.128, 2895 MHz, 13801 MHz, 0x0000000000000000, 512.08 W, 94 %, 29257 MiB
2026/10/01 05:12:08.634, 2895 MHz, 13801 MHz, 0x0000000000000000, 513.21 W, 93 %, 29257 MiB
2026/10/01 05:12:09.146, 2895 MHz, 13801 MHz, 0x0000000000000000, 497.95 W, 93 %, 29257 MiB
2026/10/01 05:12:09.659, 2895 MHz, 13801 MHz, 0x0000000000000000, 498.72 W, 94 %, 29257 MiB
2026/10/01 05:12:10.171, 2895 MHz, 13801 MHz, 0x0000000000000000, 499.31 W, 94 %, 29257 MiB
2026/10/01 05:12:10.680, 2895 MHz, 13801 MHz, 0x0000000000000000, 499.66 W, 95 %, 29257 MiB
2026/10/01 05:12:11.189, 2895 MHz, 13801 MHz, 0x0000000000000000, 499.37 W, 94 %, 29257 MiB
2026/10/01 05:12:11.700, 2895 MHz, 13801 MHz, 0x0000000000000000, 499.60 W, 95 %, 29257 MiB
2026/10/01 05:12:12.207, 2895 MHz, 13801 MHz, 0x0000000000000000, 499.84 W, 95 %, 29257 MiB
2026/10/01 05:12:12.730, 2895 MHz, 13801 MHz, 0x0000000000000000, 495.54 W, 92 %, 29257 MiB
2026/10/01 05:12:13.241, 2895 MHz, 13801 MHz, 0x0000000000000000, 492.17 W, 91 %, 29262 MiB
2026/10/01 05:12:13.751, 2895 MHz, 13801 MHz, 0x0000000000000000, 489.34 W, 86 %, 29257 MiB
2026/10/01 05:12:14.264, 2895 MHz, 13801 MHz, 0x0000000000000000, 488.36 W, 83 %, 29257 MiB
2026/10/01 05:12:14.772, 2895 MHz, 13801 MHz, 0x0000000000000000, 512.44 W, 95 %, 29257 MiB
2026/10/01 05:12:15.281, 2895 MHz, 13801 MHz, 0x0000000000000000, 511.99 W, 94 %, 29257 MiB
2026/10/01 05:12:15.788, 2895 MHz, 13801 MHz, 0x0000000000000000, 502.71 W, 94 %, 29257 MiB
2026/10/01 05:12:16.295, 2895 MHz, 13801 MHz, 0x0000000000000000, 501.80 W, 94 %, 29257 MiB
2026/10/01 05:12:16.805, 2895 MHz, 13801 MHz, 0x0000000000000000, 501.50 W, 95 %, 29257 MiB
2026/10/01 05:12:17.313, 2895 MHz, 13801 MHz, 0x0000000000000000, 501.42 W, 95 %, 29257 MiB
2026/10/01 05:12:17.823, 2895 MHz, 13801 MHz, 0x0000000000000000, 501.80 W, 95 %, 29257 MiB
2026/10/01 05:12:18.332, 2895 MHz, 13801 MHz, 0x0000000000000000, 502.11 W, 94 %, 29257 MiB
2026/10/01 05:12:18.840, 2895 MHz, 13801 MHz, 0x0000000000000000, 499.30 W, 93 %, 29257 MiB
2026/10/01 05:12:19.352, 2895 MHz, 13801 MHz, 0x0000000000000000, 496.38 W, 92 %, 29257 MiB
2026/10/01 05:12:19.862, 2895 MHz, 13801 MHz, 0x0000000000000000, 500.17 W, 94 %, 29257 MiB
2026/10/01 05:12:20.373, 2895 MHz, 13801 MHz, 0x0000000000000000, 500.87 W, 93 %, 29257 MiB
2026/10/01 05:12:20.885, 2895 MHz, 13801 MHz, 0x0000000000000000, 520.67 W, 94 %, 29257 MiB
2026/10/01 05:12:21.391, 2895 MHz, 13801 MHz, 0x0000000000000000, 519.82 W, 95 %, 29257 MiB
2026/10/01 05:12:21.907, 2895 MHz, 13801 MHz, 0x0000000000000000, 503.11 W, 94 %, 29257 MiB
2026/10/01 05:12:22.419, 2895 MHz, 13801 MHz, 0x0000000000000000, 502.78 W, 95 %, 29257 MiB
2026/10/01 05:12:22.926, 2895 MHz, 13801 MHz, 0x0000000000000000, 502.32 W, 95 %, 29257 MiB
2026/10/01 05:12:23.434, 2895 MHz, 13801 MHz, 0x0000000000000000, 502.10 W, 93 %, 29257 MiB
2026/10/01 05:12:23.943, 2895 MHz, 13801 MHz, 0x0000000000000000, 501.38 W, 94 %, 29257 MiB
2026/10/01 05:12:24.455, 2895 MHz, 13801 MHz, 0x0000000000000000, 501.81 W, 95 %, 29257 MiB
2026/10/01 05:12:24.968, 2895 MHz, 13801 MHz, 0x0000000000000000, 502.26 W, 94 %, 29257 MiB
2026/10/01 05:12:25.478, 2895 MHz, 13801 MHz, 0x0000000000000000, 466.09 W, 73 %, 29257 MiB
2026/10/01 05:12:25.990, 2895 MHz, 13801 MHz, 0x0000000000000000, 448.57 W, 77 %, 29257 MiB
2026/10/01 05:12:26.499, 2895 MHz, 13801 MHz, 0x0000000000000000, 477.71 W, 94 %, 29257 MiB
2026/10/01 05:12:27.011, 2895 MHz, 13801 MHz, 0x0000000000000000, 494.28 W, 94 %, 29257 MiB
2026/10/01 05:12:27.524, 2895 MHz, 13801 MHz, 0x0000000000000004, 519.65 W, 100 %, 29257 MiB
2026/10/01 05:12:28.033, 2895 MHz, 13801 MHz, 0x0000000000000000, 520.71 W, 93 %, 29257 MiB
2026/10/01 05:12:28.545, 2895 MHz, 13801 MHz, 0x0000000000000000, 505.88 W, 89 %, 29257 MiB
2026/10/01 05:12:29.055, 2895 MHz, 13801 MHz, 0x0000000000000000, 492.15 W, 91 %, 29257 MiB
2026/10/01 05:12:29.566, 2895 MHz, 13801 MHz, 0x0000000000000000, 490.44 W, 94 %, 29257 MiB
2026/10/01 05:12:30.077, 2895 MHz, 13801 MHz, 0x0000000000000000, 491.04 W, 91 %, 29257 MiB
2026/10/01 05:12:30.588, 2895 MHz, 13801 MHz, 0x0000000000000000, 492.22 W, 91 %, 29257 MiB
2026/10/01 05:12:31.100, 2895 MHz, 13801 MHz, 0x0000000000000000, 496.04 W, 93 %, 29257 MiB
2026/10/01 05:12:31.610, 2895 MHz, 13801 MHz, 0x0000000000000000, 495.27 W, 93 %, 29257 MiB
2026/10/01 05:12:32.120, 2895 MHz, 13801 MHz, 0x0000000000000000, 492.40 W, 92 %, 29257 MiB
2026/10/01 05:12:32.630, 2895 MHz, 13801 MHz, 0x0000000000000000, 489.66 W, 90 %, 29257 MiB
2026/10/01 05:12:33.139, 2895 MHz, 13801 MHz, 0x0000000000000000, 487.68 W, 90 %, 29257 MiB
2026/10/01 05:12:33.648, 2895 MHz, 13801 MHz, 0x0000000000000004, 495.97 W, 100 %, 29257 MiB
2026/10/01 05:12:34.158, 2895 MHz, 13801 MHz, 0x0000000000000000, 509.31 W, 90 %, 29262 MiB
2026/10/01 05:12:34.671, 2895 MHz, 13801 MHz, 0x0000000000000000, 502.49 W, 92 %, 29262 MiB
2026/10/01 05:12:35.180, 2895 MHz, 13801 MHz, 0x0000000000000000, 492.28 W, 93 %, 29257 MiB
2026/10/01 05:12:35.691, 2895 MHz, 13801 MHz, 0x0000000000000000, 498.41 W, 93 %, 29257 MiB
2026/10/01 05:12:36.199, 2895 MHz, 13801 MHz, 0x0000000000000000, 497.80 W, 93 %, 29257 MiB
2026/10/01 05:12:36.709, 2895 MHz, 13801 MHz, 0x0000000000000000, 497.81 W, 93 %, 29257 MiB
2026/10/01 05:12:37.216, 2895 MHz, 13801 MHz, 0x0000000000000000, 500.12 W, 94 %, 29257 MiB
2026/10/01 05:12:37.726, 2895 MHz, 13801 MHz, 0x0000000000000000, 501.34 W, 90 %, 29257 MiB
2026/10/01 05:12:38.234, 2895 MHz, 13801 MHz, 0x0000000000000000, 497.01 W, 92 %, 29257 MiB
2026/10/01 05:12:38.746, 2895 MHz, 13801 MHz, 0x0000000000000000, 497.03 W, 95 %, 29257 MiB
2026/10/01 05:12:39.255, 2895 MHz, 13801 MHz, 0x0000000000000000, 502.32 W, 94 %, 29257 MiB
2026/10/01 05:12:39.761, 2895 MHz, 13801 MHz, 0x0000000000000000, 504.80 W, 94 %, 29257 MiB
2026/10/01 05:12:40.269, 2895 MHz, 13801 MHz, 0x0000000000000000, 505.30 W, 94 %, 29257 MiB
2026/10/01 05:12:40.782, 2895 MHz, 13801 MHz, 0x0000000000000000, 504.81 W, 94 %, 29785 MiB
2026/10/01 05:12:41.291, 2895 MHz, 13801 MHz, 0x0000000000000004, 523.40 W, 100 %, 29785 MiB
2026/10/01 05:12:41.801, 2895 MHz, 13801 MHz, 0x0000000000000000, 528.30 W, 95 %, 29785 MiB
2026/10/01 05:12:42.313, 2895 MHz, 13801 MHz, 0x0000000000000000, 516.38 W, 94 %, 29785 MiB
2026/10/01 05:12:42.824, 2895 MHz, 13801 MHz, 0x0000000000000000, 504.82 W, 94 %, 29785 MiB
2026/10/01 05:12:43.335, 2895 MHz, 13801 MHz, 0x0000000000000000, 504.08 W, 94 %, 29785 MiB
2026/10/01 05:12:43.843, 2895 MHz, 13801 MHz, 0x0000000000000000, 498.24 W, 89 %, 29785 MiB
2026/10/01 05:12:44.349, 2895 MHz, 13801 MHz, 0x0000000000000000, 496.53 W, 94 %, 29785 MiB
2026/10/01 05:12:44.861, 2895 MHz, 13801 MHz, 0x0000000000000000, 503.55 W, 94 %, 29785 MiB
2026/10/01 05:12:45.372, 2895 MHz, 13801 MHz, 0x0000000000000000, 501.22 W, 93 %, 29785 MiB
2026/10/01 05:12:45.879, 2895 MHz, 13801 MHz, 0x0000000000000000, 498.00 W, 92 %, 29785 MiB
2026/10/01 05:12:46.388, 2895 MHz, 13801 MHz, 0x0000000000000000, 501.08 W, 94 %, 29785 MiB
2026/10/01 05:12:46.900, 2895 MHz, 13801 MHz, 0x0000000000000000, 504.24 W, 95 %, 29785 MiB
2026/10/01 05:12:47.408, 2895 MHz, 13801 MHz, 0x0000000000000000, 503.58 W, 92 %, 29785 MiB
2026/10/01 05:12:47.918, 2895 MHz, 13801 MHz, 0x0000000000000000, 519.42 W, 94 %, 29785 MiB
2026/10/01 05:12:48.428, 2895 MHz, 13801 MHz, 0x0000000000000000, 518.34 W, 95 %, 29785 MiB
2026/10/01 05:12:48.937, 2895 MHz, 13801 MHz, 0x0000000000000000, 504.27 W, 95 %, 29785 MiB
2026/10/01 05:12:49.447, 2895 MHz, 13801 MHz, 0x0000000000000000, 503.08 W, 89 %, 29785 MiB
2026/10/01 05:12:49.957, 2895 MHz, 13801 MHz, 0x0000000000000000, 501.47 W, 94 %, 29785 MiB
2026/10/01 05:12:50.466, 2895 MHz, 13801 MHz, 0x0000000000000000, 502.20 W, 95 %, 29785 MiB
2026/10/01 05:12:50.978, 2895 MHz, 13801 MHz, 0x0000000000000000, 506.34 W, 94 %, 29785 MiB
2026/10/01 05:12:51.488, 2895 MHz, 13801 MHz, 0x0000000000000000, 505.00 W, 94 %, 29785 MiB
2026/10/01 05:12:51.998, 2895 MHz, 13801 MHz, 0x0000000000000000, 504.71 W, 94 %, 29785 MiB
2026/10/01 05:12:52.506, 2895 MHz, 13801 MHz, 0x0000000000000000, 504.30 W, 95 %, 29785 MiB
2026/10/01 05:12:53.016, 2895 MHz, 13801 MHz, 0x0000000000000000, 504.72 W, 94 %, 29785 MiB
2026/10/01 05:12:53.523, 2895 MHz, 13801 MHz, 0x0000000000000000, 506.39 W, 95 %, 29785 MiB
2026/10/01 05:12:54.035, 2895 MHz, 13801 MHz, 0x0000000000000004, 508.89 W, 94 %, 29785 MiB
2026/10/01 05:12:54.544, 2895 MHz, 13801 MHz, 0x0000000000000000, 519.76 W, 92 %, 29785 MiB
2026/10/01 05:12:55.055, 2895 MHz, 13801 MHz, 0x0000000000000000, 515.36 W, 94 %, 29785 MiB
2026/10/01 05:12:55.561, 2895 MHz, 13801 MHz, 0x0000000000000000, 494.89 W, 92 %, 29790 MiB
2026/10/01 05:12:56.069, 2895 MHz, 13801 MHz, 0x0000000000000000, 492.74 W, 87 %, 29785 MiB
2026/10/01 05:12:56.577, 2895 MHz, 13801 MHz, 0x0000000000000000, 491.71 W, 94 %, 29785 MiB
2026/10/01 05:12:57.086, 2895 MHz, 13801 MHz, 0x0000000000000000, 497.54 W, 94 %, 29785 MiB
2026/10/01 05:12:57.597, 2895 MHz, 13801 MHz, 0x0000000000000000, 507.90 W, 95 %, 29785 MiB
2026/10/01 05:12:58.107, 2895 MHz, 13801 MHz, 0x0000000000000000, 508.31 W, 94 %, 29785 MiB
2026/10/01 05:12:58.614, 2895 MHz, 13801 MHz, 0x0000000000000000, 504.58 W, 93 %, 29785 MiB
2026/10/01 05:12:59.128, 2895 MHz, 13801 MHz, 0x0000000000000000, 498.08 W, 92 %, 29785 MiB
2026/10/01 05:12:59.637, 2895 MHz, 13801 MHz, 0x0000000000000000, 498.87 W, 94 %, 29785 MiB
2026/10/01 05:13:00.148, 2895 MHz, 13801 MHz, 0x0000000000000000, 502.71 W, 94 %, 29785 MiB
2026/10/01 05:13:00.659, 2895 MHz, 13801 MHz, 0x0000000000000000, 503.32 W, 94 %, 29785 MiB
2026/10/01 05:13:01.172, 2895 MHz, 13801 MHz, 0x0000000000000000, 494.73 W, 69 %, 29785 MiB
2026/10/01 05:13:01.684, 2902 MHz, 13801 MHz, 0x0000000000000000, 494.63 W, 89 %, 29785 MiB
2026/10/01 05:13:02.196, 2895 MHz, 13801 MHz, 0x0000000000000000, 494.05 W, 95 %, 29785 MiB
2026/10/01 05:13:02.703, 2895 MHz, 13801 MHz, 0x0000000000000000, 501.45 W, 94 %, 29785 MiB
2026/10/01 05:13:03.211, 2895 MHz, 13801 MHz, 0x0000000000000000, 505.18 W, 94 %, 29785 MiB
2026/10/01 05:13:03.720, 2895 MHz, 13801 MHz, 0x0000000000000000, 506.29 W, 95 %, 29785 MiB
2026/10/01 05:13:04.230, 2895 MHz, 13801 MHz, 0x0000000000000000, 506.92 W, 95 %, 29785 MiB
2026/10/01 05:13:04.736, 2895 MHz, 13801 MHz, 0x0000000000000000, 507.32 W, 95 %, 29785 MiB
2026/10/01 05:13:05.248, 2895 MHz, 13801 MHz, 0x0000000000000000, 507.04 W, 93 %, 29785 MiB
2026/10/01 05:13:05.760, 2895 MHz, 13801 MHz, 0x0000000000000000, 506.82 W, 94 %, 29785 MiB
2026/10/01 05:13:06.268, 2895 MHz, 13801 MHz, 0x0000000000000000, 507.63 W, 94 %, 29785 MiB
2026/10/01 05:13:06.773, 2895 MHz, 13801 MHz, 0x0000000000000000, 507.67 W, 94 %, 29785 MiB
2026/10/01 05:13:07.282, 2895 MHz, 13801 MHz, 0x0000000000000000, 507.56 W, 94 %, 29785 MiB
2026/10/01 05:13:07.793, 2895 MHz, 13801 MHz, 0x0000000000000000, 506.42 W, 94 %, 29785 MiB
2026/10/01 05:13:08.302, 2895 MHz, 13801 MHz, 0x0000000000000000, 526.96 W, 92 %, 29785 MiB
2026/10/01 05:13:08.812, 2895 MHz, 13801 MHz, 0x0000000000000000, 526.44 W, 94 %, 29785 MiB
2026/10/01 05:13:09.321, 2895 MHz, 13801 MHz, 0x0000000000000000, 508.52 W, 94 %, 29785 MiB
2026/10/01 05:13:09.832, 2895 MHz, 13801 MHz, 0x0000000000000000, 507.57 W, 94 %, 29785 MiB
2026/10/01 05:13:10.341, 2895 MHz, 13801 MHz, 0x0000000000000000, 507.10 W, 94 %, 29785 MiB
2026/10/01 05:13:10.848, 2895 MHz, 13801 MHz, 0x0000000000000000, 507.35 W, 95 %, 29785 MiB
2026/10/01 05:13:11.362, 2895 MHz, 13801 MHz, 0x0000000000000000, 508.05 W, 95 %, 29785 MiB
2026/10/01 05:13:11.871, 2895 MHz, 13801 MHz, 0x0000000000000000, 505.35 W, 92 %, 29785 MiB
2026/10/01 05:13:12.380, 2895 MHz, 13801 MHz, 0x0000000000000000, 501.43 W, 92 %, 29785 MiB
2026/10/01 05:13:12.891, 2895 MHz, 13801 MHz, 0x0000000000000000, 498.60 W, 91 %, 29785 MiB
2026/10/01 05:13:13.400, 2895 MHz, 13801 MHz, 0x0000000000000000, 503.09 W, 94 %, 29785 MiB
2026/10/01 05:13:13.908, 2895 MHz, 13801 MHz, 0x0000000000000000, 506.23 W, 92 %, 29785 MiB
2026/10/01 05:13:14.418, 2895 MHz, 13801 MHz, 0x0000000000000000, 507.01 W, 95 %, 29785 MiB
2026/10/01 05:13:14.929, 2895 MHz, 13801 MHz, 0x0000000000000000, 507.44 W, 94 %, 29785 MiB
2026/10/01 05:13:15.441, 2895 MHz, 13801 MHz, 0x0000000000000004, 520.60 W, 100 %, 29785 MiB
2026/10/01 05:13:15.953, 2895 MHz, 13801 MHz, 0x0000000000000000, 522.73 W, 93 %, 29785 MiB
2026/10/01 05:13:16.466, 2895 MHz, 13801 MHz, 0x0000000000000000, 511.75 W, 91 %, 29790 MiB
2026/10/01 05:13:16.973, 2895 MHz, 13801 MHz, 0x0000000000000000, 501.42 W, 95 %, 29790 MiB
2026/10/01 05:13:17.481, 2895 MHz, 13801 MHz, 0x0000000000000000, 504.02 W, 94 %, 29785 MiB
2026/10/01 05:13:17.994, 2895 MHz, 13801 MHz, 0x0000000000000000, 501.34 W, 94 %, 29785 MiB
2026/10/01 05:13:18.502, 2895 MHz, 13801 MHz, 0x0000000000000000, 501.53 W, 94 %, 29785 MiB
2026/10/01 05:13:19.009, 2895 MHz, 13801 MHz, 0x0000000000000000, 508.31 W, 94 %, 29785 MiB
2026/10/01 05:13:19.519, 2895 MHz, 13801 MHz, 0x0000000000000000, 508.98 W, 95 %, 29785 MiB
2026/10/01 05:13:20.029, 2895 MHz, 13801 MHz, 0x0000000000000000, 508.81 W, 95 %, 29785 MiB
2026/10/01 05:13:20.536, 2895 MHz, 13801 MHz, 0x0000000000000000, 509.11 W, 95 %, 29785 MiB
2026/10/01 05:13:21.049, 2895 MHz, 13801 MHz, 0x0000000000000000, 508.76 W, 95 %, 29785 MiB
2026/10/01 05:13:21.558, 2895 MHz, 13801 MHz, 0x0000000000000000, 509.25 W, 95 %, 29785 MiB
2026/10/01 05:13:22.068, 2895 MHz, 13801 MHz, 0x0000000000000000, 508.25 W, 94 %, 29785 MiB
2026/10/01 05:13:22.580, 2895 MHz, 13801 MHz, 0x0000000000000000, 506.65 W, 95 %, 29785 MiB
2026/10/01 05:13:23.090, 2895 MHz, 13801 MHz, 0x0000000000000000, 507.54 W, 94 %, 29785 MiB
2026/10/01 05:13:23.604, 2895 MHz, 13801 MHz, 0x0000000000000004, 508.64 W, 92 %, 29785 MiB
2026/10/01 05:13:24.113, 2895 MHz, 13801 MHz, 0x0000000000000000, 528.39 W, 94 %, 29785 MiB
2026/10/01 05:13:24.621, 2895 MHz, 13801 MHz, 0x0000000000000000, 527.42 W, 94 %, 29785 MiB
2026/10/01 05:13:25.129, 2895 MHz, 13801 MHz, 0x0000000000000000, 508.77 W, 94 %, 29785 MiB
2026/10/01 05:13:25.643, 2895 MHz, 13801 MHz, 0x0000000000000000, 501.59 W, 92 %, 29785 MiB
2026/10/01 05:13:26.152, 2895 MHz, 13801 MHz, 0x0000000000000000, 492.09 W, 90 %, 29785 MiB
2026/10/01 05:13:26.662, 2895 MHz, 13801 MHz, 0x0000000000000000, 490.28 W, 95 %, 29785 MiB
2026/10/01 05:13:27.171, 2895 MHz, 13801 MHz, 0x0000000000000000, 498.17 W, 95 %, 29785 MiB
2026/10/01 05:13:27.684, 2895 MHz, 13801 MHz, 0x0000000000000000, 507.11 W, 94 %, 29785 MiB
2026/10/01 05:13:28.194, 2895 MHz, 13801 MHz, 0x0000000000000000, 507.57 W, 93 %, 29785 MiB
2026/10/01 05:13:28.700, 2895 MHz, 13801 MHz, 0x0000000000000000, 505.58 W, 89 %, 29785 MiB
2026/10/01 05:13:29.208, 2895 MHz, 13801 MHz, 0x0000000000000000, 505.43 W, 93 %, 29785 MiB
2026/10/01 05:13:29.717, 2895 MHz, 13801 MHz, 0x0000000000000004, 512.68 W, 95 %, 29785 MiB
2026/10/01 05:13:30.224, 2895 MHz, 13801 MHz, 0x0000000000000000, 527.79 W, 95 %, 29785 MiB
2026/10/01 05:13:30.736, 2895 MHz, 13801 MHz, 0x0000000000000000, 526.90 W, 93 %, 29785 MiB
2026/10/01 05:13:31.245, 2895 MHz, 13801 MHz, 0x0000000000000000, 505.31 W, 93 %, 29785 MiB
2026/10/01 05:13:31.755, 2895 MHz, 13801 MHz, 0x0000000000000000, 505.09 W, 92 %, 29785 MiB
2026/10/01 05:13:32.264, 2895 MHz, 13801 MHz, 0x0000000000000000, 504.19 W, 93 %, 29785 MiB
2026/10/01 05:13:32.773, 2895 MHz, 13801 MHz, 0x0000000000000000, 501.26 W, 93 %, 29785 MiB
2026/10/01 05:13:33.280, 2895 MHz, 13801 MHz, 0x0000000000000000, 503.95 W, 94 %, 29785 MiB
2026/10/01 05:13:33.791, 2895 MHz, 13801 MHz, 0x0000000000000000, 505.94 W, 93 %, 29785 MiB
2026/10/01 05:13:34.303, 2895 MHz, 13801 MHz, 0x0000000000000000, 504.88 W, 94 %, 29785 MiB
2026/10/01 05:13:34.814, 2895 MHz, 13801 MHz, 0x0000000000000000, 506.00 W, 94 %, 29785 MiB
2026/10/01 05:13:35.322, 2895 MHz, 13801 MHz, 0x0000000000000000, 507.70 W, 93 %, 29785 MiB
2026/10/01 05:13:35.832, 2895 MHz, 13801 MHz, 0x0000000000000000, 506.96 W, 93 %, 29785 MiB
2026/10/01 05:13:36.339, 2895 MHz, 13801 MHz, 0x0000000000000000, 506.19 W, 92 %, 29785 MiB
2026/10/01 05:13:36.850, 2895 MHz, 13801 MHz, 0x0000000000000004, 511.96 W, 100 %, 29785 MiB
2026/10/01 05:13:37.359, 2895 MHz, 13801 MHz, 0x0000000000000000, 513.38 W, 90 %, 29785 MiB
2026/10/01 05:13:37.868, 2895 MHz, 13801 MHz, 0x0000000000000000, 491.40 W, 92 %, 29790 MiB
2026/10/01 05:13:38.378, 2895 MHz, 13801 MHz, 0x0000000000000000, 492.87 W, 89 %, 29785 MiB
2026/10/01 05:13:38.889, 2895 MHz, 13801 MHz, 0x0000000000000000, 493.40 W, 90 %, 29785 MiB
2026/10/01 05:13:39.398, 2895 MHz, 13801 MHz, 0x0000000000000000, 492.31 W, 91 %, 29785 MiB
2026/10/01 05:13:39.909, 2895 MHz, 13801 MHz, 0x0000000000000000, 496.25 W, 92 %, 29785 MiB
2026/10/01 05:13:40.420, 2895 MHz, 13801 MHz, 0x0000000000000000, 497.63 W, 91 %, 29785 MiB
2026/10/01 05:13:40.930, 2895 MHz, 13801 MHz, 0x0000000000000000, 497.06 W, 94 %, 29785 MiB
2026/10/01 05:13:41.442, 2895 MHz, 13801 MHz, 0x0000000000000000, 499.53 W, 94 %, 29785 MiB
2026/10/01 05:13:41.955, 2895 MHz, 13801 MHz, 0x0000000000000000, 500.55 W, 92 %, 29785 MiB
2026/10/01 05:13:42.464, 2895 MHz, 13801 MHz, 0x0000000000000000, 500.16 W, 92 %, 29785 MiB
2026/10/01 05:13:42.975, 2895 MHz, 13801 MHz, 0x0000000000000000, 501.13 W, 91 %, 29785 MiB
2026/10/01 05:13:43.481, 2895 MHz, 13801 MHz, 0x0000000000000004, 502.63 W, 96 %, 29785 MiB
2026/10/01 05:13:43.992, 2895 MHz, 13801 MHz, 0x0000000000000000, 524.01 W, 93 %, 29785 MiB
2026/10/01 05:13:44.500, 2895 MHz, 13801 MHz, 0x0000000000000000, 523.74 W, 92 %, 29785 MiB
2026/10/01 05:13:45.009, 2895 MHz, 13801 MHz, 0x0000000000000000, 502.56 W, 93 %, 29785 MiB
2026/10/01 05:13:45.520, 2895 MHz, 13801 MHz, 0x0000000000000000, 501.57 W, 95 %, 29785 MiB
2026/10/01 05:13:46.031, 2895 MHz, 13801 MHz, 0x0000000000000000, 502.70 W, 93 %, 29785 MiB
2026/10/01 05:13:46.540, 2895 MHz, 13801 MHz, 0x0000000000000000, 502.88 W, 92 %, 29785 MiB
2026/10/01 05:13:47.051, 2902 MHz, 13801 MHz, 0x0000000000000000, 464.51 W, 0 %, 29785 MiB
2026/10/01 05:13:47.564, 2925 MHz, 13801 MHz, 0x0000000000000000, 266.61 W, 0 %, 29785 MiB
2026/10/01 05:13:48.065, 2925 MHz, 13801 MHz, 0x0000000000000000, 105.13 W, 0 %, 29785 MiB
2026/10/01 05:13:48.578, 2925 MHz, 13801 MHz, 0x0000000000000000, 102.03 W, 0 %, 29785 MiB
2026/10/01 05:13:49.091, 1012 MHz, 13801 MHz, 0x0000000000000000, 92.75 W, 0 %, 29785 MiB
2026/10/01 05:13:49.605, 465 MHz, 810 MHz, 0x0000000000000000, 67.61 W, 0 %, 29785 MiB
2026/10/01 05:13:50.108, 367 MHz, 810 MHz, 0x0000000000000000, 36.76 W, 0 %, 29785 MiB
2026/10/01 05:13:50.621, 322 MHz, 810 MHz, 0x0000000000000000, 26.20 W, 0 %, 29785 MiB
2026/10/01 05:13:51.122, 322 MHz, 810 MHz, 0x0000000000000000, 26.20 W, 0 %, 29785 MiB
2026/10/01 05:13:51.627, 180 MHz, 405 MHz, 0x0000000000000000, 15.99 W, 0 %, 29785 MiB
2026/10/01 05:13:52.128, 180 MHz, 405 MHz, 0x0000000000000000, 15.99 W, 0 %, 29785 MiB
2026/10/01 05:13:52.642, 172 MHz, 405 MHz, 0x0000000000000000, 14.62 W, 0 %, 29785 MiB
2026/10/01 05:13:53.158, 172 MHz, 405 MHz, 0x0000000000000000, 14.62 W, 0 %, 29785 MiB
2026/10/01 05:13:53.670, 180 MHz, 405 MHz, 0x0000000000000000, 14.52 W, 0 %, 29785 MiB
2026/10/01 05:13:54.184, 180 MHz, 405 MHz, 0x0000000000000000, 14.52 W, 0 %, 29785 MiB
2026/10/01 05:13:54.699, 180 MHz, 405 MHz, 0x0000000000000000, 14.25 W, 0 %, 29785 MiB
2026/10/01 05:13:55.213, 180 MHz, 405 MHz, 0x0000000000000000, 14.25 W, 0 %, 29785 MiB
2026/10/01 05:13:55.727, 180 MHz, 405 MHz, 0x0000000000000000, 13.79 W, 0 %, 29785 MiB
2026/10/01 05:13:56.241, 180 MHz, 405 MHz, 0x0000000000000000, 13.79 W, 0 %, 29785 MiB
2026/10/01 05:13:56.755, 180 MHz, 405 MHz, 0x0000000000000000, 13.32 W, 0 %, 29785 MiB
2026/10/01 05:13:57.271, 180 MHz, 405 MHz, 0x0000000000000000, 13.32 W, 0 %, 29785 MiB
2026/10/01 05:13:57.773, 180 MHz, 405 MHz, 0x0000000000000000, 13.24 W, 0 %, 29785 MiB
2026/10/01 05:13:58.273, 180 MHz, 405 MHz, 0x0000000000000000, 13.24 W, 0 %, 29785 MiB
2026/10/01 05:13:58.788, 180 MHz, 405 MHz, 0x0000000000000000, 13.34 W, 0 %, 29790 MiB
2026/10/01 05:13:59.302, 180 MHz, 405 MHz, 0x0000000000000000, 14.30 W, 0 %, 29785 MiB
2026/10/01 05:13:59.803, 180 MHz, 405 MHz, 0x0000000000000000, 16.13 W, 0 %, 29785 MiB
2026/10/01 05:14:00.307, 2880 MHz, 13801 MHz, 0x0000000000000000, 47.75 W, 100 %, 29785 MiB
2026/10/01 05:14:00.823, 2902 MHz, 13801 MHz, 0x0000000000000000, 298.98 W, 95 %, 29785 MiB
2026/10/01 05:14:01.336, 2902 MHz, 13801 MHz, 0x0000000000000000, 508.74 W, 94 %, 29785 MiB
2026/10/01 05:14:01.838, 2902 MHz, 13801 MHz, 0x0000000000000000, 492.94 W, 78 %, 29785 MiB
2026/10/01 05:14:02.352, 2902 MHz, 13801 MHz, 0x0000000000000000, 493.27 W, 94 %, 29785 MiB
2026/10/01 05:14:02.864, 2902 MHz, 13801 MHz, 0x0000000000000000, 498.66 W, 94 %, 29785 MiB
2026/10/01 05:14:03.378, 2902 MHz, 13801 MHz, 0x0000000000000000, 499.98 W, 95 %, 29785 MiB
2026/10/01 05:14:03.880, 2902 MHz, 13801 MHz, 0x0000000000000000, 496.07 W, 94 %, 29785 MiB
2026/10/01 05:14:04.392, 2895 MHz, 13801 MHz, 0x0000000000000000, 496.27 W, 94 %, 29785 MiB
2026/10/01 05:14:04.895, 2895 MHz, 13801 MHz, 0x0000000000000000, 499.11 W, 94 %, 29785 MiB
2026/10/01 05:14:05.410, 2895 MHz, 13801 MHz, 0x0000000000000000, 498.15 W, 94 %, 29785 MiB
2026/10/01 05:14:05.912, 2895 MHz, 13801 MHz, 0x0000000000000000, 496.96 W, 94 %, 29785 MiB
2026/10/01 05:14:06.426, 2895 MHz, 13801 MHz, 0x0000000000000000, 498.65 W, 94 %, 29785 MiB
2026/10/01 05:14:06.926, 2895 MHz, 13801 MHz, 0x0000000000000004, 509.88 W, 100 %, 29785 MiB
2026/10/01 05:14:07.428, 2895 MHz, 13801 MHz, 0x0000000000000000, 511.99 W, 94 %, 29785 MiB
2026/10/01 05:14:07.929, 2895 MHz, 13801 MHz, 0x0000000000000000, 504.61 W, 94 %, 29785 MiB
2026/10/01 05:14:08.430, 2895 MHz, 13801 MHz, 0x0000000000000000, 501.70 W, 94 %, 29785 MiB
2026/10/01 05:14:08.943, 2895 MHz, 13801 MHz, 0x0000000000000000, 498.46 W, 94 %, 29785 MiB
2026/10/01 05:14:09.454, 2895 MHz, 13801 MHz, 0x0000000000000000, 498.74 W, 94 %, 29785 MiB
2026/10/01 05:14:09.965, 2895 MHz, 13801 MHz, 0x0000000000000000, 501.92 W, 94 %, 29785 MiB
2026/10/01 05:14:10.466, 2895 MHz, 13801 MHz, 0x0000000000000000, 503.02 W, 94 %, 29785 MiB
2026/10/01 05:14:10.982, 2895 MHz, 13801 MHz, 0x0000000000000000, 503.50 W, 94 %, 29785 MiB
2026/10/01 05:14:11.482, 2895 MHz, 13801 MHz, 0x0000000000000000, 503.30 W, 94 %, 29785 MiB
2026/10/01 05:14:11.985, 2895 MHz, 13801 MHz, 0x0000000000000000, 503.33 W, 94 %, 29785 MiB
2026/10/01 05:14:12.500, 2895 MHz, 13801 MHz, 0x0000000000000000, 502.40 W, 95 %, 29785 MiB
2026/10/01 05:14:13.003, 2895 MHz, 13801 MHz, 0x0000000000000000, 502.27 W, 95 %, 29785 MiB
2026/10/01 05:14:13.516, 2895 MHz, 13801 MHz, 0x0000000000000000, 499.02 W, 85 %, 29785 MiB
2026/10/01 05:14:14.018, 2895 MHz, 13801 MHz, 0x0000000000000000, 496.59 W, 93 %, 29785 MiB
2026/10/01 05:14:14.531, 2895 MHz, 13801 MHz, 0x0000000000000000, 498.86 W, 94 %, 29785 MiB
2026/10/01 05:14:15.047, 2895 MHz, 13801 MHz, 0x0000000000000000, 504.78 W, 94 %, 29785 MiB
2026/10/01 05:14:15.547, 2895 MHz, 13801 MHz, 0x0000000000000000, 504.05 W, 94 %, 29785 MiB
2026/10/01 05:14:16.060, 2895 MHz, 13801 MHz, 0x0000000000000000, 503.88 W, 94 %, 29785 MiB
2026/10/01 05:14:16.574, 2895 MHz, 13801 MHz, 0x0000000000000000, 504.04 W, 95 %, 29785 MiB
2026/10/01 05:14:17.076, 2895 MHz, 13801 MHz, 0x0000000000000000, 504.64 W, 95 %, 29785 MiB
2026/10/01 05:14:17.591, 2895 MHz, 13801 MHz, 0x0000000000000000, 504.48 W, 95 %, 29785 MiB
2026/10/01 05:14:18.107, 2895 MHz, 13801 MHz, 0x0000000000000000, 504.43 W, 95 %, 29785 MiB
2026/10/01 05:14:18.622, 2895 MHz, 13801 MHz, 0x0000000000000000, 502.79 W, 92 %, 29785 MiB
2026/10/01 05:14:19.123, 2895 MHz, 13801 MHz, 0x0000000000000000, 497.54 W, 90 %, 29785 MiB
2026/10/01 05:14:19.637, 2895 MHz, 13801 MHz, 0x0000000000000000, 495.42 W, 92 %, 29790 MiB
2026/10/01 05:14:20.152, 2895 MHz, 13801 MHz, 0x0000000000000000, 496.86 W, 95 %, 29790 MiB
2026/10/01 05:14:20.653, 2895 MHz, 13801 MHz, 0x0000000000000004, 496.76 W, 100 %, 29785 MiB
2026/10/01 05:14:21.168, 2895 MHz, 13801 MHz, 0x0000000000000000, 509.19 W, 94 %, 29785 MiB
2026/10/01 05:14:21.668, 2895 MHz, 13801 MHz, 0x0000000000000000, 513.44 W, 94 %, 29785 MiB
2026/10/01 05:14:22.170, 2895 MHz, 13801 MHz, 0x0000000000000000, 504.92 W, 95 %, 29785 MiB
2026/10/01 05:14:22.684, 2895 MHz, 13801 MHz, 0x0000000000000000, 505.06 W, 95 %, 29785 MiB
2026/10/01 05:14:23.197, 2895 MHz, 13801 MHz, 0x0000000000000000, 505.50 W, 94 %, 29785 MiB
2026/10/01 05:14:23.712, 2895 MHz, 13801 MHz, 0x0000000000000000, 505.90 W, 95 %, 29785 MiB
2026/10/01 05:14:24.228, 2895 MHz, 13801 MHz, 0x0000000000000000, 505.71 W, 94 %, 29785 MiB
2026/10/01 05:14:24.741, 2895 MHz, 13801 MHz, 0x0000000000000000, 505.86 W, 94 %, 29785 MiB
2026/10/01 05:14:25.255, 2895 MHz, 13801 MHz, 0x0000000000000000, 506.33 W, 94 %, 29785 MiB
2026/10/01 05:14:25.755, 2895 MHz, 13801 MHz, 0x0000000000000000, 501.99 W, 86 %, 29785 MiB
2026/10/01 05:14:26.270, 2895 MHz, 13801 MHz, 0x0000000000000000, 499.12 W, 93 %, 29785 MiB
2026/10/01 05:14:26.770, 2895 MHz, 13801 MHz, 0x0000000000000000, 501.39 W, 94 %, 29785 MiB
2026/10/01 05:14:27.272, 2895 MHz, 13801 MHz, 0x0000000000000000, 506.77 W, 94 %, 29785 MiB
2026/10/01 05:14:27.774, 2895 MHz, 13801 MHz, 0x0000000000000000, 523.11 W, 94 %, 29785 MiB
2026/10/01 05:14:28.286, 2895 MHz, 13801 MHz, 0x0000000000000000, 523.00 W, 94 %, 29785 MiB
2026/10/01 05:14:28.799, 2895 MHz, 13801 MHz, 0x0000000000000000, 507.81 W, 94 %, 29785 MiB
2026/10/01 05:14:29.314, 2895 MHz, 13801 MHz, 0x0000000000000000, 507.68 W, 94 %, 29785 MiB
2026/10/01 05:14:29.829, 2895 MHz, 13801 MHz, 0x0000000000000000, 508.07 W, 94 %, 29785 MiB
2026/10/01 05:14:30.344, 2895 MHz, 13801 MHz, 0x0000000000000000, 509.12 W, 94 %, 29785 MiB
2026/10/01 05:14:30.844, 2895 MHz, 13801 MHz, 0x0000000000000000, 506.70 W, 94 %, 29785 MiB
2026/10/01 05:14:31.345, 2895 MHz, 13801 MHz, 0x0000000000000000, 504.39 W, 93 %, 29785 MiB
2026/10/01 05:14:31.846, 2895 MHz, 13801 MHz, 0x0000000000000000, 503.53 W, 92 %, 29785 MiB
2026/10/01 05:14:32.361, 2895 MHz, 13801 MHz, 0x0000000000000000, 503.63 W, 93 %, 29785 MiB
2026/10/01 05:14:32.875, 2895 MHz, 13801 MHz, 0x0000000000000000, 503.70 W, 94 %, 29785 MiB
2026/10/01 05:14:33.379, 2895 MHz, 13801 MHz, 0x0000000000000000, 502.06 W, 93 %, 29785 MiB
2026/10/01 05:14:33.889, 2895 MHz, 13801 MHz, 0x0000000000000004, 505.54 W, 100 %, 29785 MiB
2026/10/01 05:14:34.389, 2895 MHz, 13801 MHz, 0x0000000000000000, 516.34 W, 94 %, 29785 MiB
2026/10/01 05:14:34.903, 2895 MHz, 13801 MHz, 0x0000000000000000, 519.79 W, 93 %, 29785 MiB
2026/10/01 05:14:35.416, 2895 MHz, 13801 MHz, 0x0000000000000000, 505.05 W, 93 %, 29785 MiB
2026/10/01 05:14:35.927, 2895 MHz, 13801 MHz, 0x0000000000000000, 503.50 W, 93 %, 29785 MiB
2026/10/01 05:14:36.430, 2895 MHz, 13801 MHz, 0x0000000000000000, 503.16 W, 92 %, 29785 MiB
2026/10/01 05:14:36.945, 2895 MHz, 13801 MHz, 0x0000000000000000, 504.95 W, 93 %, 29785 MiB
2026/10/01 05:14:37.457, 2895 MHz, 13801 MHz, 0x0000000000000000, 495.34 W, 64 %, 29785 MiB
2026/10/01 05:14:37.972, 2895 MHz, 13801 MHz, 0x0000000000000000, 475.14 W, 93 %, 29785 MiB
2026/10/01 05:14:38.472, 2895 MHz, 13801 MHz, 0x0000000000000000, 477.85 W, 94 %, 29785 MiB
2026/10/01 05:14:38.985, 2895 MHz, 13801 MHz, 0x0000000000000000, 505.48 W, 93 %, 29785 MiB
2026/10/01 05:14:39.485, 2895 MHz, 13801 MHz, 0x0000000000000000, 507.14 W, 94 %, 29785 MiB
2026/10/01 05:14:39.986, 2895 MHz, 13801 MHz, 0x0000000000000000, 503.79 W, 92 %, 29785 MiB
2026/10/01 05:14:40.502, 2895 MHz, 13801 MHz, 0x0000000000000000, 501.91 W, 91 %, 29790 MiB
2026/10/01 05:14:41.015, 2895 MHz, 13801 MHz, 0x0000000000000004, 519.51 W, 100 %, 29790 MiB
2026/10/01 05:14:41.529, 2895 MHz, 13801 MHz, 0x0000000000000000, 516.85 W, 95 %, 29785 MiB
2026/10/01 05:14:42.034, 2895 MHz, 13801 MHz, 0x0000000000000000, 510.56 W, 93 %, 29785 MiB
2026/10/01 05:14:42.549, 2895 MHz, 13801 MHz, 0x0000000000000000, 505.51 W, 94 %, 29785 MiB
2026/10/01 05:14:43.063, 2895 MHz, 13801 MHz, 0x0000000000000000, 506.73 W, 94 %, 29785 MiB
2026/10/01 05:14:43.575, 2895 MHz, 13801 MHz, 0x0000000000000000, 505.44 W, 90 %, 29785 MiB
2026/10/01 05:14:44.090, 2895 MHz, 13801 MHz, 0x0000000000000000, 501.78 W, 86 %, 29785 MiB
2026/10/01 05:14:44.604, 2895 MHz, 13801 MHz, 0x0000000000000000, 502.95 W, 94 %, 29785 MiB
2026/10/01 05:14:45.116, 2895 MHz, 13801 MHz, 0x0000000000000000, 479.99 W, 90 %, 29785 MiB
2026/10/01 05:14:45.628, 2895 MHz, 13801 MHz, 0x0000000000000000, 477.99 W, 91 %, 29785 MiB
2026/10/01 05:14:46.139, 2895 MHz, 13801 MHz, 0x0000000000000000, 488.80 W, 71 %, 29785 MiB
2026/10/01 05:14:46.651, 2895 MHz, 13801 MHz, 0x0000000000000000, 463.21 W, 85 %, 29785 MiB
2026/10/01 05:14:47.165, 2895 MHz, 13801 MHz, 0x0000000000000000, 455.36 W, 92 %, 29785 MiB
2026/10/01 05:14:47.679, 2895 MHz, 13801 MHz, 0x0000000000000000, 475.44 W, 85 %, 29785 MiB
2026/10/01 05:14:48.194, 2895 MHz, 13801 MHz, 0x0000000000000004, 473.56 W, 100 %, 29785 MiB
2026/10/01 05:14:48.705, 2895 MHz, 13801 MHz, 0x0000000000000000, 469.58 W, 77 %, 29785 MiB
2026/10/01 05:14:49.219, 2895 MHz, 13801 MHz, 0x0000000000000000, 482.33 W, 84 %, 29785 MiB
2026/10/01 05:14:49.720, 2895 MHz, 13801 MHz, 0x0000000000000000, 458.16 W, 74 %, 29785 MiB
2026/10/01 05:14:50.231, 2895 MHz, 13801 MHz, 0x0000000000000000, 460.52 W, 93 %, 29785 MiB
2026/10/01 05:14:50.743, 2895 MHz, 13801 MHz, 0x0000000000000000, 476.98 W, 90 %, 29785 MiB
2026/10/01 05:14:51.256, 2895 MHz, 13801 MHz, 0x0000000000000000, 475.01 W, 88 %, 29785 MiB
2026/10/01 05:14:51.767, 2895 MHz, 13801 MHz, 0x0000000000000000, 472.50 W, 92 %, 29785 MiB
2026/10/01 05:14:52.281, 2895 MHz, 13801 MHz, 0x0000000000000000, 471.48 W, 84 %, 29785 MiB
2026/10/01 05:14:52.793, 2895 MHz, 13801 MHz, 0x0000000000000000, 474.10 W, 94 %, 29785 MiB
2026/10/01 05:14:53.305, 2895 MHz, 13801 MHz, 0x0000000000000000, 483.42 W, 87 %, 29785 MiB
2026/10/01 05:14:53.805, 2895 MHz, 13801 MHz, 0x0000000000000000, 480.80 W, 93 %, 29785 MiB
2026/10/01 05:14:54.316, 2895 MHz, 13801 MHz, 0x0000000000000000, 484.41 W, 92 %, 29785 MiB
2026/10/01 05:14:54.832, 2895 MHz, 13801 MHz, 0x0000000000000000, 497.06 W, 95 %, 29785 MiB
2026/10/01 05:14:55.346, 2895 MHz, 13801 MHz, 0x0000000000000000, 505.81 W, 92 %, 29785 MiB
2026/10/01 05:14:55.861, 2887 MHz, 13801 MHz, 0x0000000000000000, 514.99 W, 93 %, 29785 MiB
2026/10/01 05:14:56.375, 2895 MHz, 13801 MHz, 0x0000000000000000, 512.57 W, 93 %, 29785 MiB
2026/10/01 05:14:56.877, 2895 MHz, 13801 MHz, 0x0000000000000000, 504.04 W, 93 %, 29785 MiB
2026/10/01 05:14:57.391, 2895 MHz, 13801 MHz, 0x0000000000000000, 506.51 W, 93 %, 29785 MiB
2026/10/01 05:14:57.906, 2895 MHz, 13801 MHz, 0x0000000000000000, 506.49 W, 94 %, 29785 MiB
2026/10/01 05:14:58.421, 2895 MHz, 13801 MHz, 0x0000000000000000, 505.49 W, 94 %, 29785 MiB
2026/10/01 05:14:58.923, 2895 MHz, 13801 MHz, 0x0000000000000000, 503.72 W, 89 %, 29785 MiB
2026/10/01 05:14:59.424, 2895 MHz, 13801 MHz, 0x0000000000000000, 500.71 W, 93 %, 29785 MiB
2026/10/01 05:14:59.924, 2895 MHz, 13801 MHz, 0x0000000000000000, 501.85 W, 92 %, 29785 MiB
2026/10/01 05:15:00.427, 2895 MHz, 13801 MHz, 0x0000000000000000, 503.63 W, 93 %, 29785 MiB
2026/10/01 05:15:00.929, 2895 MHz, 13801 MHz, 0x0000000000000000, 502.61 W, 93 %, 29785 MiB
2026/10/01 05:15:01.441, 2895 MHz, 13801 MHz, 0x0000000000000000, 502.86 W, 89 %, 29788 MiB
2026/10/01 05:15:01.954, 2895 MHz, 13801 MHz, 0x0000000000000000, 495.44 W, 70 %, 29788 MiB
2026/10/01 05:15:02.468, 2895 MHz, 13801 MHz, 0x0000000000000000, 512.66 W, 93 %, 29785 MiB
2026/10/01 05:15:02.968, 2895 MHz, 13801 MHz, 0x0000000000000000, 504.20 W, 94 %, 29785 MiB
2026/10/01 05:15:03.481, 2895 MHz, 13801 MHz, 0x0000000000000000, 487.94 W, 94 %, 29785 MiB
2026/10/01 05:15:03.996, 2895 MHz, 13801 MHz, 0x0000000000000000, 501.65 W, 95 %, 29785 MiB
2026/10/01 05:15:04.509, 2895 MHz, 13801 MHz, 0x0000000000000000, 509.12 W, 93 %, 29785 MiB
2026/10/01 05:15:05.010, 2895 MHz, 13801 MHz, 0x0000000000000000, 508.66 W, 94 %, 29785 MiB
2026/10/01 05:15:05.513, 2895 MHz, 13801 MHz, 0x0000000000000000, 509.80 W, 94 %, 29785 MiB
2026/10/01 05:15:06.028, 2895 MHz, 13801 MHz, 0x0000000000000000, 510.05 W, 94 %, 29785 MiB
2026/10/01 05:15:06.532, 2895 MHz, 13801 MHz, 0x0000000000000000, 509.84 W, 95 %, 29785 MiB
2026/10/01 05:15:07.034, 2895 MHz, 13801 MHz, 0x0000000000000000, 509.48 W, 94 %, 29785 MiB
2026/10/01 05:15:07.535, 2895 MHz, 13801 MHz, 0x0000000000000000, 509.67 W, 94 %, 29785 MiB
2026/10/01 05:15:08.051, 2895 MHz, 13801 MHz, 0x0000000000000000, 510.08 W, 94 %, 29785 MiB
2026/10/01 05:15:08.565, 2895 MHz, 13801 MHz, 0x0000000000000000, 509.84 W, 94 %, 29785 MiB
2026/10/01 05:15:09.080, 2895 MHz, 13801 MHz, 0x0000000000000004, 513.56 W, 100 %, 29785 MiB
2026/10/01 05:15:09.596, 2895 MHz, 13801 MHz, 0x0000000000000000, 518.09 W, 94 %, 29785 MiB
2026/10/01 05:15:10.096, 2895 MHz, 13801 MHz, 0x0000000000000000, 513.79 W, 93 %, 29785 MiB
2026/10/01 05:15:10.597, 2895 MHz, 13801 MHz, 0x0000000000000000, 508.38 W, 93 %, 29785 MiB
2026/10/01 05:15:11.111, 2895 MHz, 13801 MHz, 0x0000000000000000, 507.86 W, 94 %, 29785 MiB
2026/10/01 05:15:11.623, 2895 MHz, 13801 MHz, 0x0000000000000000, 508.27 W, 94 %, 29785 MiB
2026/10/01 05:15:12.126, 2895 MHz, 13801 MHz, 0x0000000000000000, 506.15 W, 93 %, 29785 MiB
2026/10/01 05:15:12.640, 2895 MHz, 13801 MHz, 0x0000000000000000, 504.19 W, 93 %, 29785 MiB
2026/10/01 05:15:13.140, 2895 MHz, 13801 MHz, 0x0000000000000000, 506.42 W, 91 %, 29785 MiB
2026/10/01 05:15:13.641, 2895 MHz, 13801 MHz, 0x0000000000000000, 509.11 W, 94 %, 29785 MiB
2026/10/01 05:15:14.155, 2895 MHz, 13801 MHz, 0x0000000000000000, 505.66 W, 94 %, 29785 MiB
2026/10/01 05:15:14.668, 2895 MHz, 13801 MHz, 0x0000000000000000, 504.42 W, 93 %, 29785 MiB
2026/10/01 05:15:15.170, 2895 MHz, 13801 MHz, 0x0000000000000000, 507.77 W, 95 %, 29785 MiB
2026/10/01 05:15:15.671, 2895 MHz, 13801 MHz, 0x0000000000000000, 509.85 W, 93 %, 29785 MiB
2026/10/01 05:15:16.185, 2925 MHz, 13801 MHz, 0x0000000000000000, 349.46 W, 0 %, 29785 MiB
2026/10/01 05:15:16.700, 2925 MHz, 13801 MHz, 0x0000000000000000, 130.00 W, 0 %, 29785 MiB
2026/10/01 05:15:17.213, 2925 MHz, 13801 MHz, 0x0000000000000000, 103.52 W, 0 %, 29785 MiB
2026/10/01 05:15:17.727, 1950 MHz, 13801 MHz, 0x0000000000000000, 98.50 W, 0 %, 29785 MiB
2026/10/01 05:15:18.231, 487 MHz, 7001 MHz, 0x0000000000000000, 71.24 W, 0 %, 29785 MiB
2026/10/01 05:15:18.748, 390 MHz, 7001 MHz, 0x0000000000000000, 42.21 W, 0 %, 29785 MiB
2026/10/01 05:15:19.262, 390 MHz, 7001 MHz, 0x0000000000000000, 40.62 W, 0 %, 29785 MiB
2026/10/01 05:15:19.766, 390 MHz, 7001 MHz, 0x0000000000000000, 40.62 W, 0 %, 29785 MiB
2026/10/01 05:15:20.280, 240 MHz, 7001 MHz, 0x0000000000000000, 38.47 W, 0 %, 29785 MiB
2026/10/01 05:15:20.794, 240 MHz, 7001 MHz, 0x0000000000000000, 38.47 W, 0 %, 29785 MiB
2026/10/01 05:15:21.309, 180 MHz, 7001 MHz, 0x0000000000000000, 38.31 W, 0 %, 29785 MiB
2026/10/01 05:15:21.809, 180 MHz, 7001 MHz, 0x0000000000000000, 38.31 W, 0 %, 29785 MiB
2026/10/01 05:15:22.324, 180 MHz, 7001 MHz, 0x0000000000000000, 38.05 W, 0 %, 29790 MiB
2026/10/01 05:15:22.838, 210 MHz, 810 MHz, 0x0000000000000000, 37.88 W, 1 %, 29790 MiB
2026/10/01 05:15:23.350, 2220 MHz, 13801 MHz, 0x0000000000000000, 54.17 W, 100 %, 29785 MiB
2026/10/01 05:15:23.861, 2895 MHz, 13801 MHz, 0x0000000000000000, 305.61 W, 94 %, 29785 MiB
2026/10/01 05:15:24.373, 2895 MHz, 13801 MHz, 0x0000000000000000, 485.69 W, 94 %, 29785 MiB
2026/10/01 05:15:24.885, 2895 MHz, 13801 MHz, 0x0000000000000000, 495.19 W, 94 %, 29785 MiB
2026/10/01 05:15:25.396, 2895 MHz, 13801 MHz, 0x0000000000000000, 498.04 W, 91 %, 29785 MiB
2026/10/01 05:15:25.911, 2902 MHz, 13801 MHz, 0x0000000000000000, 474.14 W, 60 %, 29785 MiB
2026/10/01 05:15:26.418, 2895 MHz, 13801 MHz, 0x0000000000000000, 478.84 W, 94 %, 29785 MiB
2026/10/01 05:15:26.926, 2895 MHz, 13801 MHz, 0x0000000000000000, 487.70 W, 94 %, 29785 MiB
2026/10/01 05:15:27.437, 2895 MHz, 13801 MHz, 0x0000000000000000, 502.51 W, 94 %, 29785 MiB
2026/10/01 05:15:27.947, 2895 MHz, 13801 MHz, 0x0000000000000000, 502.21 W, 94 %, 29785 MiB
2026/10/01 05:15:28.456, 2895 MHz, 13801 MHz, 0x0000000000000000, 503.77 W, 94 %, 29785 MiB
2026/10/01 05:15:28.965, 2895 MHz, 13801 MHz, 0x0000000000000000, 506.13 W, 94 %, 29785 MiB
2026/10/01 05:15:29.474, 2895 MHz, 13801 MHz, 0x0000000000000000, 504.98 W, 95 %, 29785 MiB
2026/10/01 05:15:29.985, 2895 MHz, 13801 MHz, 0x0000000000000004, 517.01 W, 100 %, 29785 MiB
2026/10/01 05:15:30.493, 2895 MHz, 13801 MHz, 0x0000000000000000, 521.60 W, 94 %, 29785 MiB
2026/10/01 05:15:31.001, 2895 MHz, 13801 MHz, 0x0000000000000000, 514.68 W, 94 %, 29785 MiB
2026/10/01 05:15:31.507, 2895 MHz, 13801 MHz, 0x0000000000000000, 505.31 W, 94 %, 29785 MiB
2026/10/01 05:15:32.015, 2895 MHz, 13801 MHz, 0x0000000000000000, 505.29 W, 93 %, 29785 MiB
2026/10/01 05:15:32.524, 2895 MHz, 13801 MHz, 0x0000000000000000, 504.92 W, 94 %, 29785 MiB
2026/10/01 05:15:33.034, 2895 MHz, 13801 MHz, 0x0000000000000000, 505.01 W, 94 %, 29785 MiB
2026/10/01 05:15:33.544, 2895 MHz, 13801 MHz, 0x0000000000000000, 505.39 W, 95 %, 29785 MiB
2026/10/01 05:15:34.054, 2895 MHz, 13801 MHz, 0x0000000000000000, 505.09 W, 94 %, 29785 MiB
2026/10/01 05:15:34.562, 2895 MHz, 13801 MHz, 0x0000000000000000, 504.79 W, 94 %, 29785 MiB
2026/10/01 05:15:35.073, 2895 MHz, 13801 MHz, 0x0000000000000000, 504.70 W, 94 %, 29785 MiB
2026/10/01 05:15:35.586, 2895 MHz, 13801 MHz, 0x0000000000000000, 505.56 W, 94 %, 29785 MiB
2026/10/01 05:15:36.097, 2895 MHz, 13801 MHz, 0x0000000000000000, 505.56 W, 94 %, 29785 MiB
2026/10/01 05:15:36.607, 2895 MHz, 13801 MHz, 0x0000000000000000, 504.83 W, 94 %, 29785 MiB
2026/10/01 05:15:37.121, 2895 MHz, 13801 MHz, 0x0000000000000004, 518.35 W, 100 %, 29785 MiB
2026/10/01 05:15:37.633, 2895 MHz, 13801 MHz, 0x0000000000000000, 520.25 W, 86 %, 29785 MiB
2026/10/01 05:15:38.146, 2895 MHz, 13801 MHz, 0x0000000000000000, 513.07 W, 91 %, 29785 MiB
2026/10/01 05:15:38.656, 2895 MHz, 13801 MHz, 0x0000000000000000, 501.90 W, 93 %, 29785 MiB
2026/10/01 05:15:39.164, 2895 MHz, 13801 MHz, 0x0000000000000000, 503.05 W, 94 %, 29785 MiB
2026/10/01 05:15:39.673, 2895 MHz, 13801 MHz, 0x0000000000000000, 503.27 W, 95 %, 29785 MiB
2026/10/01 05:15:40.181, 2895 MHz, 13801 MHz, 0x0000000000000000, 504.87 W, 95 %, 29785 MiB
2026/10/01 05:15:40.687, 2895 MHz, 13801 MHz, 0x0000000000000000, 506.56 W, 94 %, 29785 MiB
2026/10/01 05:15:41.200, 2895 MHz, 13801 MHz, 0x0000000000000000, 507.45 W, 94 %, 29785 MiB
2026/10/01 05:15:41.708, 2895 MHz, 13801 MHz, 0x0000000000000000, 506.89 W, 95 %, 29785 MiB
2026/10/01 05:15:42.215, 2895 MHz, 13801 MHz, 0x0000000000000000, 507.36 W, 94 %, 29785 MiB
2026/10/01 05:15:42.726, 2895 MHz, 13801 MHz, 0x0000000000000000, 507.10 W, 94 %, 29785 MiB
2026/10/01 05:15:43.236, 2895 MHz, 13801 MHz, 0x0000000000000004, 522.08 W, 100 %, 29785 MiB
2026/10/01 05:15:43.746, 2895 MHz, 13801 MHz, 0x0000000000000000, 519.19 W, 88 %, 29790 MiB
2026/10/01 05:15:44.255, 2895 MHz, 13801 MHz, 0x0000000000000000, 493.87 W, 95 %, 29785 MiB
2026/10/01 05:15:44.764, 2895 MHz, 13801 MHz, 0x0000000000000000, 495.09 W, 94 %, 29785 MiB
2026/10/01 05:15:45.269, 2895 MHz, 13801 MHz, 0x0000000000000000, 506.63 W, 94 %, 29785 MiB
2026/10/01 05:15:45.777, 2895 MHz, 13801 MHz, 0x0000000000000000, 506.85 W, 94 %, 29785 MiB
2026/10/01 05:15:46.283, 2895 MHz, 13801 MHz, 0x0000000000000000, 505.99 W, 94 %, 29785 MiB
2026/10/01 05:15:46.792, 2895 MHz, 13801 MHz, 0x0000000000000000, 506.40 W, 94 %, 29785 MiB
2026/10/01 05:15:47.300, 2895 MHz, 13801 MHz, 0x0000000000000000, 506.68 W, 94 %, 29785 MiB
2026/10/01 05:15:47.811, 2895 MHz, 13801 MHz, 0x0000000000000000, 507.02 W, 93 %, 29785 MiB
2026/10/01 05:15:48.319, 2895 MHz, 13801 MHz, 0x0000000000000000, 507.03 W, 93 %, 29785 MiB
2026/10/01 05:15:48.829, 2895 MHz, 13801 MHz, 0x0000000000000000, 506.21 W, 94 %, 29785 MiB
2026/10/01 05:15:49.340, 2895 MHz, 13801 MHz, 0x0000000000000000, 507.05 W, 94 %, 29785 MiB
2026/10/01 05:15:49.847, 2895 MHz, 13801 MHz, 0x0000000000000000, 506.89 W, 90 %, 29785 MiB
2026/10/01 05:15:50.358, 2895 MHz, 13801 MHz, 0x0000000000000000, 506.14 W, 95 %, 29785 MiB
2026/10/01 05:15:50.869, 2895 MHz, 13801 MHz, 0x0000000000000000, 523.24 W, 92 %, 29785 MiB
2026/10/01 05:15:51.378, 2895 MHz, 13801 MHz, 0x0000000000000000, 521.80 W, 92 %, 29785 MiB
2026/10/01 05:15:51.886, 2895 MHz, 13801 MHz, 0x0000000000000000, 501.98 W, 94 %, 29785 MiB
2026/10/01 05:15:52.400, 2895 MHz, 13801 MHz, 0x0000000000000000, 504.38 W, 94 %, 29785 MiB
2026/10/01 05:15:52.908, 2895 MHz, 13801 MHz, 0x0000000000000000, 507.76 W, 94 %, 29785 MiB
2026/10/01 05:15:53.418, 2895 MHz, 13801 MHz, 0x0000000000000000, 507.79 W, 93 %, 29785 MiB
2026/10/01 05:15:53.928, 2895 MHz, 13801 MHz, 0x0000000000000000, 505.73 W, 92 %, 29785 MiB
2026/10/01 05:15:54.439, 2895 MHz, 13801 MHz, 0x0000000000000000, 502.65 W, 94 %, 29785 MiB
2026/10/01 05:15:54.949, 2895 MHz, 13801 MHz, 0x0000000000000000, 498.38 W, 91 %, 29785 MiB
2026/10/01 05:15:55.457, 2895 MHz, 13801 MHz, 0x0000000000000000, 496.80 W, 91 %, 29785 MiB
2026/10/01 05:15:55.966, 2895 MHz, 13801 MHz, 0x0000000000000000, 496.83 W, 92 %, 29785 MiB
2026/10/01 05:15:56.479, 2895 MHz, 13801 MHz, 0x0000000000000000, 496.55 W, 93 %, 29785 MiB
2026/10/01 05:15:56.991, 2895 MHz, 13801 MHz, 0x0000000000000004, 512.73 W, 100 %, 29785 MiB
2026/10/01 05:15:57.502, 2895 MHz, 13801 MHz, 0x0000000000000000, 519.28 W, 93 %, 29785 MiB
2026/10/01 05:15:58.013, 2895 MHz, 13801 MHz, 0x0000000000000000, 513.53 W, 92 %, 29785 MiB
2026/10/01 05:15:58.528, 2895 MHz, 13801 MHz, 0x0000000000000000, 503.65 W, 94 %, 29785 MiB
2026/10/01 05:15:59.040, 2895 MHz, 13801 MHz, 0x0000000000000000, 503.78 W, 92 %, 29785 MiB
2026/10/01 05:15:59.551, 2895 MHz, 13801 MHz, 0x0000000000000000, 504.39 W, 93 %, 29785 MiB
2026/10/01 05:16:00.062, 2917 MHz, 13801 MHz, 0x0000000000000000, 403.02 W, 0 %, 29785 MiB
2026/10/01 05:16:00.576, 2925 MHz, 13801 MHz, 0x0000000000000000, 202.05 W, 0 %, 29785 MiB
2026/10/01 05:16:01.087, 2925 MHz, 13801 MHz, 0x0000000000000000, 102.44 W, 0 %, 29785 MiB
2026/10/01 05:16:01.588, 2925 MHz, 13801 MHz, 0x0000000000000000, 101.61 W, 0 %, 29785 MiB
2026/10/01 05:16:02.101, 540 MHz, 7001 MHz, 0x0000000000000000, 80.81 W, 0 %, 29785 MiB
2026/10/01 05:16:02.611, 427 MHz, 7001 MHz, 0x0000000000000000, 49.46 W, 0 %, 29785 MiB
2026/10/01 05:16:03.125, 382 MHz, 7001 MHz, 0x0000000000000000, 39.39 W, 0 %, 29785 MiB
2026/10/01 05:16:03.636, 382 MHz, 7001 MHz, 0x0000000000000000, 39.39 W, 0 %, 29785 MiB
2026/10/01 05:16:04.149, 240 MHz, 7001 MHz, 0x0000000000000000, 38.05 W, 0 %, 29785 MiB
2026/10/01 05:16:04.664, 210 MHz, 7001 MHz, 0x0000000000000000, 38.15 W, 0 %, 29790 MiB
2026/10/01 05:16:05.177, 180 MHz, 810 MHz, 0x0000000000000000, 38.11 W, 0 %, 29785 MiB
2026/10/01 05:16:05.690, 180 MHz, 810 MHz, 0x0000000000000000, 32.31 W, 0 %, 29785 MiB
2026/10/01 05:16:06.203, 180 MHz, 810 MHz, 0x0000000000000000, 22.59 W, 0 %, 29785 MiB
2026/10/01 05:16:06.716, 180 MHz, 810 MHz, 0x0000000000000000, 21.35 W, 0 %, 29785 MiB
2026/10/01 05:16:07.232, 180 MHz, 810 MHz, 0x0000000000000000, 21.35 W, 0 %, 29785 MiB
2026/10/01 05:16:07.732, 180 MHz, 405 MHz, 0x0000000000000000, 14.54 W, 0 %, 29785 MiB
2026/10/01 05:16:08.235, 180 MHz, 405 MHz, 0x0000000000000000, 15.43 W, 0 %, 29785 MiB
2026/10/01 05:16:08.751, 180 MHz, 405 MHz, 0x0000000000000000, 16.81 W, 0 %, 29785 MiB
2026/10/01 05:16:09.264, 180 MHz, 405 MHz, 0x0000000000000000, 16.81 W, 0 %, 29785 MiB
2026/10/01 05:16:09.777, 180 MHz, 405 MHz, 0x0000000000000000, 14.16 W, 0 %, 29785 MiB
2026/10/01 05:16:10.292, 180 MHz, 405 MHz, 0x0000000000000000, 14.16 W, 0 %, 29785 MiB
2026/10/01 05:16:10.806, 180 MHz, 405 MHz, 0x0000000000000000, 13.69 W, 0 %, 29785 MiB
2026/10/01 05:16:11.321, 180 MHz, 405 MHz, 0x0000000000000000, 13.69 W, 0 %, 29785 MiB
2026/10/01 05:16:11.835, 180 MHz, 405 MHz, 0x0000000000000000, 13.38 W, 0 %, 29785 MiB
2026/10/01 05:16:12.350, 180 MHz, 405 MHz, 0x0000000000000000, 13.38 W, 0 %, 29785 MiB
2026/10/01 05:16:12.863, 180 MHz, 405 MHz, 0x0000000000000000, 13.03 W, 0 %, 29785 MiB
2026/10/01 05:16:13.364, 180 MHz, 405 MHz, 0x0000000000000000, 13.03 W, 0 %, 29785 MiB
2026/10/01 05:16:13.878, 180 MHz, 405 MHz, 0x0000000000000000, 12.95 W, 0 %, 29785 MiB
2026/10/01 05:16:14.392, 180 MHz, 405 MHz, 0x0000000000000000, 12.69 W, 0 %, 29785 MiB
2026/10/01 05:16:14.907, 180 MHz, 405 MHz, 0x0000000000000000, 12.69 W, 0 %, 29785 MiB
2026/10/01 05:16:15.420, 180 MHz, 405 MHz, 0x0000000000000000, 12.42 W, 0 %, 29785 MiB
2026/10/01 05:16:15.923, 180 MHz, 405 MHz, 0x0000000000000000, 12.42 W, 0 %, 29785 MiB
2026/10/01 05:16:16.437, 180 MHz, 405 MHz, 0x0000000000000000, 12.27 W, 0 %, 29785 MiB
2026/10/01 05:16:16.947, 180 MHz, 405 MHz, 0x0000000000000000, 12.27 W, 0 %, 29785 MiB
2026/10/01 05:16:17.459, 180 MHz, 405 MHz, 0x0000000000000000, 12.42 W, 0 %, 29785 MiB
2026/10/01 05:16:17.961, 180 MHz, 405 MHz, 0x0000000000000000, 12.42 W, 0 %, 29785 MiB
2026/10/01 05:16:18.463, 180 MHz, 405 MHz, 0x0000000000000000, 11.98 W, 0 %, 29785 MiB
2026/10/01 05:16:18.966, 180 MHz, 405 MHz, 0x0000000000000000, 11.98 W, 0 %, 29785 MiB
2026/10/01 05:16:19.468, 180 MHz, 405 MHz, 0x0000000000000000, 11.89 W, 0 %, 29785 MiB
2026/10/01 05:16:19.980, 180 MHz, 405 MHz, 0x0000000000000000, 11.89 W, 0 %, 29785 MiB
2026/10/01 05:16:20.494, 180 MHz, 405 MHz, 0x0000000000000000, 11.98 W, 0 %, 29785 MiB
2026/10/01 05:16:21.007, 1110 MHz, 810 MHz, 0x0000000000000000, 17.89 W, 61 %, 29785 MiB
2026/10/01 05:16:21.520, 2902 MHz, 13801 MHz, 0x0000000000000004, 108.28 W, 100 %, 29785 MiB
2026/10/01 05:16:22.028, 2910 MHz, 13801 MHz, 0x0000000000000000, 378.98 W, 93 %, 29785 MiB
2026/10/01 05:16:22.535, 2910 MHz, 13801 MHz, 0x0000000000000000, 446.38 W, 92 %, 29785 MiB
2026/10/01 05:16:23.046, 2910 MHz, 13801 MHz, 0x0000000000000000, 436.77 W, 92 %, 29785 MiB
2026/10/01 05:16:23.555, 2910 MHz, 13801 MHz, 0x0000000000000000, 436.83 W, 92 %, 29785 MiB
2026/10/01 05:16:24.065, 2910 MHz, 13801 MHz, 0x0000000000000000, 437.85 W, 93 %, 29785 MiB
2026/10/01 05:16:24.574, 2910 MHz, 13801 MHz, 0x0000000000000000, 440.97 W, 93 %, 29785 MiB
2026/10/01 05:16:25.083, 2910 MHz, 13801 MHz, 0x0000000000000000, 432.30 W, 91 %, 29785 MiB
2026/10/01 05:16:25.593, 2902 MHz, 13801 MHz, 0x0000000000000000, 422.95 W, 89 %, 29790 MiB
2026/10/01 05:16:26.094, 2910 MHz, 13801 MHz, 0x0000000000000000, 429.59 W, 33 %, 29790 MiB
2026/10/01 05:16:26.607, 2895 MHz, 13801 MHz, 0x0000000000000000, 436.07 W, 94 %, 29787 MiB
2026/10/01 05:16:27.116, 2910 MHz, 13801 MHz, 0x0000000000000000, 419.43 W, 93 %, 29787 MiB
2026/10/01 05:16:27.625, 2910 MHz, 13801 MHz, 0x0000000000000000, 445.43 W, 93 %, 29787 MiB
2026/10/01 05:16:28.136, 2910 MHz, 13801 MHz, 0x0000000000000000, 440.78 W, 93 %, 29787 MiB
2026/10/01 05:16:28.643, 2910 MHz, 13801 MHz, 0x0000000000000000, 441.74 W, 91 %, 29787 MiB
2026/10/01 05:16:29.148, 2910 MHz, 13801 MHz, 0x0000000000000000, 435.01 W, 92 %, 29787 MiB
2026/10/01 05:16:29.654, 2902 MHz, 13801 MHz, 0x0000000000000000, 421.15 W, 91 %, 29787 MiB
2026/10/01 05:16:30.163, 2910 MHz, 13801 MHz, 0x0000000000000000, 418.74 W, 92 %, 29787 MiB
2026/10/01 05:16:30.673, 2895 MHz, 13801 MHz, 0x0000000000000000, 432.35 W, 90 %, 29787 MiB
2026/10/01 05:16:31.185, 2902 MHz, 13801 MHz, 0x0000000000000000, 438.41 W, 86 %, 29787 MiB
2026/10/01 05:16:31.696, 2910 MHz, 13801 MHz, 0x0000000000000000, 435.57 W, 91 %, 29787 MiB
2026/10/01 05:16:32.208, 2910 MHz, 13801 MHz, 0x0000000000000000, 434.69 W, 91 %, 29787 MiB
2026/10/01 05:16:32.717, 2910 MHz, 13801 MHz, 0x0000000000000000, 434.59 W, 84 %, 29787 MiB
2026/10/01 05:16:33.227, 2902 MHz, 13801 MHz, 0x0000000000000000, 436.17 W, 92 %, 29787 MiB
2026/10/01 05:16:33.735, 2902 MHz, 13801 MHz, 0x0000000000000000, 438.90 W, 91 %, 29787 MiB
2026/10/01 05:16:34.245, 2902 MHz, 13801 MHz, 0x0000000000000000, 443.39 W, 89 %, 29787 MiB
2026/10/01 05:16:34.755, 2902 MHz, 13801 MHz, 0x0000000000000000, 440.98 W, 84 %, 29787 MiB
2026/10/01 05:16:35.265, 2902 MHz, 13801 MHz, 0x0000000000000000, 433.83 W, 92 %, 29787 MiB
2026/10/01 05:16:35.775, 2902 MHz, 13801 MHz, 0x0000000000000000, 435.14 W, 91 %, 29787 MiB
2026/10/01 05:16:36.286, 2902 MHz, 13801 MHz, 0x0000000000000000, 442.96 W, 92 %, 29787 MiB
2026/10/01 05:16:36.797, 2910 MHz, 13801 MHz, 0x0000000000000000, 444.70 W, 93 %, 29787 MiB
2026/10/01 05:16:37.307, 2910 MHz, 13801 MHz, 0x0000000000000000, 441.82 W, 93 %, 29787 MiB
2026/10/01 05:16:37.820, 2902 MHz, 13801 MHz, 0x0000000000000000, 440.95 W, 80 %, 29787 MiB
2026/10/01 05:16:38.332, 2910 MHz, 13801 MHz, 0x0000000000000000, 440.69 W, 87 %, 29787 MiB
2026/10/01 05:16:38.844, 2902 MHz, 13801 MHz, 0x0000000000000000, 440.95 W, 93 %, 29787 MiB
2026/10/01 05:16:39.352, 2902 MHz, 13801 MHz, 0x0000000000000000, 443.77 W, 92 %, 29787 MiB
2026/10/01 05:16:39.860, 2910 MHz, 13801 MHz, 0x0000000000000000, 443.35 W, 91 %, 29787 MiB
2026/10/01 05:16:40.366, 2902 MHz, 13801 MHz, 0x0000000000000000, 443.48 W, 88 %, 29787 MiB
2026/10/01 05:16:40.880, 2895 MHz, 13801 MHz, 0x0000000000000000, 437.87 W, 86 %, 29787 MiB
2026/10/01 05:16:41.388, 2910 MHz, 13801 MHz, 0x0000000000000000, 435.60 W, 89 %, 29787 MiB
2026/10/01 05:16:41.898, 2902 MHz, 13801 MHz, 0x0000000000000000, 437.96 W, 92 %, 29787 MiB
2026/10/01 05:16:42.410, 2902 MHz, 13801 MHz, 0x0000000000000000, 444.42 W, 92 %, 29787 MiB
2026/10/01 05:16:42.920, 2895 MHz, 13801 MHz, 0x0000000000000000, 446.74 W, 92 %, 29787 MiB
2026/10/01 05:16:43.430, 2902 MHz, 13801 MHz, 0x0000000000000000, 433.85 W, 88 %, 29787 MiB
2026/10/01 05:16:43.940, 2902 MHz, 13801 MHz, 0x0000000000000000, 430.62 W, 87 %, 29787 MiB
2026/10/01 05:16:44.450, 2895 MHz, 13801 MHz, 0x0000000000000000, 445.76 W, 94 %, 29787 MiB
2026/10/01 05:16:44.959, 2895 MHz, 13801 MHz, 0x0000000000000000, 446.33 W, 89 %, 29787 MiB
2026/10/01 05:16:45.469, 2910 MHz, 13801 MHz, 0x0000000000000000, 441.58 W, 91 %, 29787 MiB
2026/10/01 05:16:45.979, 2895 MHz, 13801 MHz, 0x0000000000000000, 431.58 W, 91 %, 29787 MiB
2026/10/01 05:16:46.489, 2895 MHz, 13801 MHz, 0x0000000000000000, 426.88 W, 88 %, 29792 MiB
2026/10/01 05:16:46.999, 2910 MHz, 13801 MHz, 0x0000000000000000, 437.82 W, 91 %, 29792 MiB
2026/10/01 05:16:47.509, 2902 MHz, 13801 MHz, 0x0000000000000000, 431.18 W, 91 %, 29787 MiB
2026/10/01 05:16:48.021, 2895 MHz, 13801 MHz, 0x0000000000000000, 434.01 W, 91 %, 29787 MiB
2026/10/01 05:16:48.531, 2895 MHz, 13801 MHz, 0x0000000000000000, 446.70 W, 91 %, 29787 MiB
2026/10/01 05:16:49.038, 2902 MHz, 13801 MHz, 0x0000000000000000, 448.50 W, 92 %, 29787 MiB
2026/10/01 05:16:49.547, 2895 MHz, 13801 MHz, 0x0000000000000000, 446.82 W, 90 %, 29787 MiB
2026/10/01 05:16:50.058, 2902 MHz, 13801 MHz, 0x0000000000000000, 444.99 W, 92 %, 29787 MiB
2026/10/01 05:16:50.566, 2895 MHz, 13801 MHz, 0x0000000000000000, 447.30 W, 92 %, 29787 MiB
2026/10/01 05:16:51.073, 2895 MHz, 13801 MHz, 0x0000000000000000, 446.08 W, 92 %, 29787 MiB
2026/10/01 05:16:51.584, 2895 MHz, 13801 MHz, 0x0000000000000000, 443.44 W, 92 %, 29787 MiB
2026/10/01 05:16:52.097, 2895 MHz, 13801 MHz, 0x0000000000000000, 440.18 W, 72 %, 29787 MiB
2026/10/01 05:16:52.609, 2902 MHz, 13801 MHz, 0x0000000000000000, 440.73 W, 91 %, 29787 MiB
2026/10/01 05:16:53.116, 2895 MHz, 13801 MHz, 0x0000000000000000, 438.97 W, 88 %, 29787 MiB
2026/10/01 05:16:53.625, 2895 MHz, 13801 MHz, 0x0000000000000000, 440.71 W, 92 %, 29787 MiB
2026/10/01 05:16:54.136, 2902 MHz, 13801 MHz, 0x0000000000000000, 447.33 W, 92 %, 29787 MiB
2026/10/01 05:16:54.647, 2887 MHz, 13801 MHz, 0x0000000000000000, 448.32 W, 86 %, 29787 MiB
2026/10/01 05:16:55.153, 2895 MHz, 13801 MHz, 0x0000000000000000, 448.84 W, 89 %, 29787 MiB
2026/10/01 05:16:55.665, 2895 MHz, 13801 MHz, 0x0000000000000000, 442.53 W, 92 %, 29787 MiB
2026/10/01 05:16:56.167, 2902 MHz, 13801 MHz, 0x0000000000000000, 378.94 W, 42 %, 29787 MiB
2026/10/01 05:16:56.681, 2925 MHz, 13801 MHz, 0x0000000000000000, 204.24 W, 0 %, 29787 MiB
2026/10/01 05:16:57.195, 2925 MHz, 13801 MHz, 0x0000000000000000, 117.60 W, 0 %, 29787 MiB
2026/10/01 05:16:57.709, 2925 MHz, 13801 MHz, 0x0000000000000000, 98.76 W, 0 %, 29787 MiB
2026/10/01 05:16:58.212, 1012 MHz, 13801 MHz, 0x0000000000000000, 88.73 W, 0 %, 29787 MiB
2026/10/01 05:16:58.713, 480 MHz, 810 MHz, 0x0000000000000000, 61.24 W, 0 %, 29787 MiB
2026/10/01 05:16:59.216, 367 MHz, 810 MHz, 0x0000000000000000, 35.29 W, 0 %, 29787 MiB
2026/10/01 05:16:59.732, 315 MHz, 810 MHz, 0x0000000000000000, 23.89 W, 0 %, 29787 MiB
2026/10/01 05:17:00.232, 315 MHz, 810 MHz, 0x0000000000000000, 23.89 W, 0 %, 29787 MiB
2026/10/01 05:17:00.746, 180 MHz, 405 MHz, 0x0000000000000000, 13.99 W, 0 %, 29787 MiB
2026/10/01 05:17:01.261, 180 MHz, 405 MHz, 0x0000000000000000, 13.99 W, 0 %, 29787 MiB
2026/10/01 05:17:01.763, 180 MHz, 405 MHz, 0x0000000000000000, 12.84 W, 0 %, 29787 MiB
2026/10/01 05:17:02.275, 180 MHz, 405 MHz, 0x0000000000000000, 12.84 W, 0 %, 29787 MiB
2026/10/01 05:17:02.777, 180 MHz, 405 MHz, 0x0000000000000000, 12.89 W, 0 %, 29787 MiB
2026/10/01 05:17:03.292, 180 MHz, 405 MHz, 0x0000000000000000, 12.89 W, 0 %, 29787 MiB
2026/10/01 05:17:03.806, 180 MHz, 405 MHz, 0x0000000000000000, 12.90 W, 0 %, 29787 MiB
2026/10/01 05:17:04.307, 180 MHz, 405 MHz, 0x0000000000000000, 12.90 W, 0 %, 29787 MiB
2026/10/01 05:17:04.819, 180 MHz, 405 MHz, 0x0000000000000000, 12.65 W, 0 %, 29787 MiB
2026/10/01 05:17:05.334, 180 MHz, 405 MHz, 0x0000000000000000, 12.65 W, 0 %, 29787 MiB
2026/10/01 05:17:05.843, 180 MHz, 405 MHz, 0x0000000000000000, 12.50 W, 0 %, 29787 MiB
2026/10/01 05:17:06.353, 180 MHz, 405 MHz, 0x0000000000000000, 12.50 W, 0 %, 29787 MiB
2026/10/01 05:17:06.861, 180 MHz, 405 MHz, 0x0000000000000000, 12.85 W, 0 %, 29787 MiB
2026/10/01 05:17:07.372, 180 MHz, 405 MHz, 0x0000000000000000, 12.85 W, 0 %, 29787 MiB
2026/10/01 05:17:07.887, 180 MHz, 405 MHz, 0x0000000000000000, 12.58 W, 0 %, 29790 MiB
2026/10/01 05:17:08.396, 232 MHz, 405 MHz, 0x0000000000000000, 13.75 W, 0 %, 29787 MiB
2026/10/01 05:17:19.391, 180 MHz, 405 MHz, 0x0000000000000000, 13.24 W, 0 %, 29787 MiB
2026/10/01 05:17:19.906, 180 MHz, 405 MHz, 0x0000000000000000, 12.65 W, 1 %, 29787 MiB
2026/10/01 05:17:20.406, 2910 MHz, 13801 MHz, 0x0000000000000000, 85.71 W, 94 %, 29787 MiB
2026/10/01 05:17:20.920, 2902 MHz, 13801 MHz, 0x0000000000000000, 492.75 W, 95 %, 29787 MiB
2026/10/01 05:17:21.420, 2902 MHz, 13801 MHz, 0x0000000000000000, 495.00 W, 95 %, 29787 MiB
2026/10/01 05:17:21.923, 2902 MHz, 13801 MHz, 0x0000000000000000, 495.72 W, 94 %, 29787 MiB
2026/10/01 05:17:22.435, 2902 MHz, 13801 MHz, 0x0000000000000000, 495.42 W, 92 %, 29787 MiB
2026/10/01 05:17:22.949, 2902 MHz, 13801 MHz, 0x0000000000000000, 495.24 W, 95 %, 29787 MiB
2026/10/01 05:17:23.450, 2902 MHz, 13801 MHz, 0x0000000000000000, 496.79 W, 94 %, 29787 MiB
2026/10/01 05:17:23.965, 2902 MHz, 13801 MHz, 0x0000000000000000, 496.95 W, 95 %, 29787 MiB
2026/10/01 05:17:24.468, 2902 MHz, 13801 MHz, 0x0000000000000000, 496.50 W, 95 %, 29787 MiB
2026/10/01 05:17:24.970, 2902 MHz, 13801 MHz, 0x0000000000000000, 489.12 W, 76 %, 29787 MiB
2026/10/01 05:17:25.483, 2902 MHz, 13801 MHz, 0x0000000000000000, 486.28 W, 91 %, 29787 MiB
2026/10/01 05:17:25.996, 2910 MHz, 13801 MHz, 0x0000000000000000, 466.84 W, 45 %, 29787 MiB
2026/10/01 05:17:26.511, 2902 MHz, 13801 MHz, 0x0000000000000000, 456.91 W, 95 %, 29787 MiB
2026/10/01 05:17:27.027, 2902 MHz, 13801 MHz, 0x0000000000000000, 464.16 W, 95 %, 29787 MiB
2026/10/01 05:17:27.528, 2902 MHz, 13801 MHz, 0x0000000000000000, 498.58 W, 95 %, 29787 MiB
2026/10/01 05:17:28.042, 2902 MHz, 13801 MHz, 0x0000000000000000, 496.33 W, 92 %, 29787 MiB
2026/10/01 05:17:28.558, 2895 MHz, 13801 MHz, 0x0000000000000000, 494.14 W, 93 %, 29790 MiB
2026/10/01 05:17:29.058, 2895 MHz, 13801 MHz, 0x0000000000000000, 494.30 W, 94 %, 29790 MiB
2026/10/01 05:17:29.574, 2895 MHz, 13801 MHz, 0x0000000000000000, 495.10 W, 93 %, 29787 MiB
2026/10/01 05:17:30.074, 2902 MHz, 13801 MHz, 0x0000000000000000, 488.83 W, 94 %, 29787 MiB
2026/10/01 05:17:30.586, 2925 MHz, 13801 MHz, 0x0000000000000000, 398.94 W, 0 %, 29787 MiB
2026/10/01 05:17:31.088, 2925 MHz, 13801 MHz, 0x0000000000000000, 233.85 W, 0 %, 29787 MiB
2026/10/01 05:17:31.598, 2925 MHz, 13801 MHz, 0x0000000000000000, 96.42 W, 0 %, 29787 MiB
2026/10/01 05:17:32.115, 2887 MHz, 13801 MHz, 0x0000000000000000, 95.28 W, 0 %, 29787 MiB
2026/10/01 05:17:32.629, 690 MHz, 13801 MHz, 0x0000000000000000, 71.04 W, 0 %, 29787 MiB
2026/10/01 05:17:33.143, 547 MHz, 7001 MHz, 0x0000000000000000, 42.61 W, 0 %, 29787 MiB
2026/10/01 05:17:33.645, 450 MHz, 7001 MHz, 0x0000000000000000, 38.21 W, 0 %, 29787 MiB
2026/10/01 05:17:34.158, 345 MHz, 7001 MHz, 0x0000000000000000, 36.51 W, 0 %, 29787 MiB
2026/10/01 05:17:34.659, 307 MHz, 810 MHz, 0x0000000000000000, 36.46 W, 0 %, 29787 MiB
2026/10/01 05:17:35.172, 307 MHz, 810 MHz, 0x0000000000000000, 36.46 W, 0 %, 29787 MiB
2026/10/01 05:17:35.672, 187 MHz, 810 MHz, 0x0000000000000000, 19.60 W, 0 %, 29787 MiB
2026/10/01 05:17:36.188, 187 MHz, 810 MHz, 0x0000000000000000, 19.60 W, 0 %, 29787 MiB
2026/10/01 05:17:36.702, 180 MHz, 405 MHz, 0x0000000000000000, 12.34 W, 0 %, 29787 MiB
2026/10/01 05:17:37.203, 180 MHz, 405 MHz, 0x0000000000000000, 12.34 W, 0 %, 29787 MiB
2026/10/01 05:17:37.717, 180 MHz, 405 MHz, 0x0000000000000000, 12.10 W, 0 %, 29787 MiB
2026/10/01 05:17:38.218, 180 MHz, 405 MHz, 0x0000000000000000, 12.10 W, 0 %, 29787 MiB
2026/10/01 05:17:38.732, 180 MHz, 405 MHz, 0x0000000000000000, 11.66 W, 0 %, 29787 MiB
2026/10/01 05:17:39.241, 270 MHz, 405 MHz, 0x0000000000000000, 12.24 W, 0 %, 29787 MiB
2026/10/01 05:17:39.756, 210 MHz, 405 MHz, 0x0000000000000000, 16.61 W, 0 %, 29787 MiB
2026/10/01 05:17:40.272, 180 MHz, 405 MHz, 0x0000000000000000, 17.93 W, 0 %, 29787 MiB
2026/10/01 05:17:40.785, 180 MHz, 405 MHz, 0x0000000000000000, 15.08 W, 0 %, 29787 MiB
2026/10/01 05:17:41.296, 2910 MHz, 13801 MHz, 0x0000000000000004, 135.92 W, 100 %, 29787 MiB
2026/10/01 05:17:41.803, 2902 MHz, 13801 MHz, 0x0000000000000000, 382.49 W, 93 %, 29787 MiB
2026/10/01 05:17:42.317, 2902 MHz, 13801 MHz, 0x0000000000000000, 504.82 W, 94 %, 29787 MiB
2026/10/01 05:17:42.826, 2902 MHz, 13801 MHz, 0x0000000000000000, 493.15 W, 92 %, 29787 MiB
2026/10/01 05:17:43.339, 2902 MHz, 13801 MHz, 0x0000000000000000, 492.54 W, 94 %, 29787 MiB
2026/10/01 05:17:43.845, 2902 MHz, 13801 MHz, 0x0000000000000000, 490.13 W, 91 %, 29787 MiB
2026/10/01 05:17:44.355, 2902 MHz, 13801 MHz, 0x0000000000000000, 488.80 W, 92 %, 29787 MiB
2026/10/01 05:17:44.866, 2902 MHz, 13801 MHz, 0x0000000000000000, 491.87 W, 93 %, 29787 MiB
2026/10/01 05:17:45.375, 2902 MHz, 13801 MHz, 0x0000000000000000, 492.47 W, 92 %, 29787 MiB
2026/10/01 05:17:45.882, 2902 MHz, 13801 MHz, 0x0000000000000000, 491.51 W, 93 %, 29787 MiB
2026/10/01 05:17:46.390, 2902 MHz, 13801 MHz, 0x0000000000000000, 493.19 W, 94 %, 29787 MiB
2026/10/01 05:17:46.898, 2902 MHz, 13801 MHz, 0x0000000000000000, 494.69 W, 93 %, 29787 MiB
2026/10/01 05:17:47.409, 2895 MHz, 13801 MHz, 0x0000000000000000, 496.86 W, 95 %, 29787 MiB
2026/10/01 05:17:47.920, 2895 MHz, 13801 MHz, 0x0000000000000000, 496.35 W, 93 %, 29787 MiB
2026/10/01 05:17:48.428, 2895 MHz, 13801 MHz, 0x0000000000000000, 512.00 W, 94 %, 29787 MiB
2026/10/01 05:17:48.941, 2895 MHz, 13801 MHz, 0x0000000000000000, 496.85 W, 92 %, 29787 MiB
2026/10/01 05:17:49.451, 2895 MHz, 13801 MHz, 0x0000000000000000, 493.44 W, 93 %, 29792 MiB
2026/10/01 05:17:49.959, 2895 MHz, 13801 MHz, 0x0000000000000000, 492.30 W, 95 %, 29792 MiB
2026/10/01 05:17:50.468, 2895 MHz, 13801 MHz, 0x0000000000000000, 492.12 W, 90 %, 29787 MiB
2026/10/01 05:17:50.979, 2895 MHz, 13801 MHz, 0x0000000000000000, 498.05 W, 94 %, 29787 MiB
2026/10/01 05:17:51.486, 2895 MHz, 13801 MHz, 0x0000000000000000, 496.84 W, 93 %, 29787 MiB
2026/10/01 05:17:51.994, 2895 MHz, 13801 MHz, 0x0000000000000000, 494.27 W, 94 %, 29787 MiB
2026/10/01 05:17:52.504, 2895 MHz, 13801 MHz, 0x0000000000000000, 493.18 W, 92 %, 29787 MiB
2026/10/01 05:17:53.014, 2895 MHz, 13801 MHz, 0x0000000000000000, 496.31 W, 94 %, 29787 MiB
2026/10/01 05:17:53.519, 2895 MHz, 13801 MHz, 0x0000000000000000, 500.93 W, 94 %, 29787 MiB
2026/10/01 05:17:54.029, 2895 MHz, 13801 MHz, 0x0000000000000000, 500.83 W, 94 %, 29787 MiB
2026/10/01 05:17:54.542, 2895 MHz, 13801 MHz, 0x0000000000000000, 500.74 W, 94 %, 29787 MiB
2026/10/01 05:17:55.049, 2895 MHz, 13801 MHz, 0x0000000000000000, 519.67 W, 94 %, 29787 MiB
2026/10/01 05:17:55.557, 2895 MHz, 13801 MHz, 0x0000000000000000, 516.79 W, 93 %, 29787 MiB
2026/10/01 05:17:56.067, 2895 MHz, 13801 MHz, 0x0000000000000000, 492.30 W, 70 %, 29787 MiB
2026/10/01 05:17:56.574, 2895 MHz, 13801 MHz, 0x0000000000000000, 488.98 W, 94 %, 29787 MiB
2026/10/01 05:17:57.085, 2895 MHz, 13801 MHz, 0x0000000000000000, 491.65 W, 94 %, 29787 MiB
2026/10/01 05:17:57.593, 2895 MHz, 13801 MHz, 0x0000000000000000, 503.04 W, 94 %, 29787 MiB
2026/10/01 05:17:58.105, 2895 MHz, 13801 MHz, 0x0000000000000000, 502.33 W, 94 %, 29787 MiB
2026/10/01 05:17:58.611, 2895 MHz, 13801 MHz, 0x0000000000000000, 502.11 W, 95 %, 29787 MiB
2026/10/01 05:17:59.120, 2895 MHz, 13801 MHz, 0x0000000000000000, 502.57 W, 94 %, 29787 MiB
2026/10/01 05:17:59.628, 2895 MHz, 13801 MHz, 0x0000000000000000, 502.00 W, 94 %, 29787 MiB
2026/10/01 05:18:00.136, 2895 MHz, 13801 MHz, 0x0000000000000000, 502.56 W, 94 %, 29787 MiB
2026/10/01 05:18:00.649, 2895 MHz, 13801 MHz, 0x0000000000000000, 502.21 W, 91 %, 29787 MiB
2026/10/01 05:18:01.158, 2895 MHz, 13801 MHz, 0x0000000000000000, 523.71 W, 94 %, 29787 MiB
2026/10/01 05:18:01.667, 2895 MHz, 13801 MHz, 0x0000000000000000, 521.19 W, 84 %, 29787 MiB
2026/10/01 05:18:02.177, 2895 MHz, 13801 MHz, 0x0000000000000000, 499.35 W, 94 %, 29787 MiB
2026/10/01 05:18:02.686, 2895 MHz, 13801 MHz, 0x0000000000000000, 498.90 W, 93 %, 29787 MiB
2026/10/01 05:18:03.195, 2895 MHz, 13801 MHz, 0x0000000000000000, 503.99 W, 94 %, 29787 MiB
2026/10/01 05:18:03.706, 2895 MHz, 13801 MHz, 0x0000000000000000, 504.26 W, 95 %, 29787 MiB
2026/10/01 05:18:04.214, 2895 MHz, 13801 MHz, 0x0000000000000000, 503.26 W, 94 %, 29787 MiB
2026/10/01 05:18:04.723, 2895 MHz, 13801 MHz, 0x0000000000000000, 501.55 W, 93 %, 29787 MiB
2026/10/01 05:18:05.234, 2895 MHz, 13801 MHz, 0x0000000000000000, 501.28 W, 94 %, 29787 MiB
2026/10/01 05:18:05.743, 2895 MHz, 13801 MHz, 0x0000000000000000, 501.02 W, 94 %, 29787 MiB
2026/10/01 05:18:06.251, 2895 MHz, 13801 MHz, 0x0000000000000000, 503.28 W, 94 %, 29787 MiB
2026/10/01 05:18:06.758, 2895 MHz, 13801 MHz, 0x0000000000000000, 506.02 W, 95 %, 29787 MiB
2026/10/01 05:18:07.268, 2895 MHz, 13801 MHz, 0x0000000000000000, 504.39 W, 94 %, 29787 MiB
2026/10/01 05:18:07.778, 2895 MHz, 13801 MHz, 0x0000000000000000, 505.55 W, 95 %, 29787 MiB
2026/10/01 05:18:08.292, 2895 MHz, 13801 MHz, 0x0000000000000004, 510.75 W, 100 %, 29787 MiB
2026/10/01 05:18:08.801, 2895 MHz, 13801 MHz, 0x0000000000000000, 523.06 W, 95 %, 29787 MiB
2026/10/01 05:18:09.311, 2895 MHz, 13801 MHz, 0x0000000000000000, 520.39 W, 95 %, 29787 MiB
2026/10/01 05:18:09.821, 2895 MHz, 13801 MHz, 0x0000000000000000, 507.81 W, 94 %, 29787 MiB
2026/10/01 05:18:10.333, 2895 MHz, 13801 MHz, 0x0000000000000000, 503.01 W, 92 %, 29787 MiB
2026/10/01 05:18:10.843, 2895 MHz, 13801 MHz, 0x0000000000000000, 498.03 W, 92 %, 29792 MiB
2026/10/01 05:18:11.352, 2895 MHz, 13801 MHz, 0x0000000000000000, 498.67 W, 94 %, 29787 MiB
2026/10/01 05:18:11.862, 2895 MHz, 13801 MHz, 0x0000000000000000, 489.39 W, 91 %, 29787 MiB
2026/10/01 05:18:12.369, 2895 MHz, 13801 MHz, 0x0000000000000000, 490.60 W, 93 %, 29787 MiB
2026/10/01 05:18:12.871, 2895 MHz, 13801 MHz, 0x0000000000000000, 498.11 W, 92 %, 29787 MiB
2026/10/01 05:18:13.384, 2895 MHz, 13801 MHz, 0x0000000000000000, 496.56 W, 92 %, 29787 MiB
2026/10/01 05:18:13.895, 2895 MHz, 13801 MHz, 0x0000000000000000, 497.92 W, 93 %, 29787 MiB
2026/10/01 05:18:14.402, 2895 MHz, 13801 MHz, 0x0000000000000000, 498.96 W, 94 %, 29787 MiB
2026/10/01 05:18:14.916, 2895 MHz, 13801 MHz, 0x0000000000000000, 497.95 W, 93 %, 29787 MiB
2026/10/01 05:18:15.428, 2895 MHz, 13801 MHz, 0x0000000000000000, 521.03 W, 93 %, 29787 MiB
2026/10/01 05:18:15.938, 2895 MHz, 13801 MHz, 0x0000000000000000, 499.04 W, 94 %, 29787 MiB
2026/10/01 05:18:16.448, 2895 MHz, 13801 MHz, 0x0000000000000000, 499.88 W, 93 %, 29787 MiB
2026/10/01 05:18:16.961, 2895 MHz, 13801 MHz, 0x0000000000000000, 503.44 W, 94 %, 29787 MiB
2026/10/01 05:18:17.471, 2895 MHz, 13801 MHz, 0x0000000000000000, 502.77 W, 93 %, 29787 MiB
2026/10/01 05:18:17.984, 2895 MHz, 13801 MHz, 0x0000000000000000, 498.37 W, 90 %, 29787 MiB
2026/10/01 05:18:18.496, 2895 MHz, 13801 MHz, 0x0000000000000000, 492.22 W, 91 %, 29787 MiB
2026/10/01 05:18:19.009, 2895 MHz, 13801 MHz, 0x0000000000000000, 492.91 W, 93 %, 29787 MiB
2026/10/01 05:18:19.517, 2895 MHz, 13801 MHz, 0x0000000000000000, 501.07 W, 93 %, 29787 MiB
2026/10/01 05:18:20.029, 2895 MHz, 13801 MHz, 0x0000000000000000, 502.45 W, 93 %, 29787 MiB
2026/10/01 05:18:20.538, 2895 MHz, 13801 MHz, 0x0000000000000000, 502.15 W, 93 %, 29787 MiB
2026/10/01 05:18:21.052, 2895 MHz, 13801 MHz, 0x0000000000000000, 502.34 W, 93 %, 29787 MiB
2026/10/01 05:18:21.561, 2895 MHz, 13801 MHz, 0x0000000000000000, 523.85 W, 94 %, 29787 MiB
2026/10/01 05:18:22.069, 2895 MHz, 13801 MHz, 0x0000000000000000, 524.09 W, 92 %, 29787 MiB
2026/10/01 05:18:22.577, 2895 MHz, 13801 MHz, 0x0000000000000000, 508.87 W, 93 %, 29787 MiB
2026/10/01 05:18:23.085, 2895 MHz, 13801 MHz, 0x0000000000000000, 508.37 W, 92 %, 29787 MiB
2026/10/01 05:18:23.593, 2895 MHz, 13801 MHz, 0x0000000000000000, 508.37 W, 95 %, 29787 MiB
2026/10/01 05:18:24.105, 2895 MHz, 13801 MHz, 0x0000000000000000, 510.18 W, 94 %, 29787 MiB
2026/10/01 05:18:24.612, 2895 MHz, 13801 MHz, 0x0000000000000000, 510.31 W, 94 %, 29787 MiB
2026/10/01 05:18:25.123, 2895 MHz, 13801 MHz, 0x0000000000000000, 511.01 W, 94 %, 29787 MiB
2026/10/01 05:18:25.634, 2895 MHz, 13801 MHz, 0x0000000000000000, 505.55 W, 88 %, 29787 MiB
2026/10/01 05:18:26.148, 2895 MHz, 13801 MHz, 0x0000000000000000, 501.12 W, 92 %, 29787 MiB
2026/10/01 05:18:26.656, 2895 MHz, 13801 MHz, 0x0000000000000000, 485.52 W, 95 %, 29787 MiB
2026/10/01 05:18:27.167, 2895 MHz, 13801 MHz, 0x0000000000000000, 491.28 W, 89 %, 29787 MiB
2026/10/01 05:18:27.677, 2895 MHz, 13801 MHz, 0x0000000000000000, 506.87 W, 95 %, 29787 MiB
2026/10/01 05:18:28.188, 2895 MHz, 13801 MHz, 0x0000000000000004, 519.70 W, 100 %, 29787 MiB
2026/10/01 05:18:28.700, 2895 MHz, 13801 MHz, 0x0000000000000000, 526.24 W, 94 %, 29787 MiB
2026/10/01 05:18:29.210, 2895 MHz, 13801 MHz, 0x0000000000000000, 519.63 W, 94 %, 29787 MiB
2026/10/01 05:18:29.719, 2895 MHz, 13801 MHz, 0x0000000000000000, 509.22 W, 94 %, 29787 MiB
2026/10/01 05:18:30.228, 2895 MHz, 13801 MHz, 0x0000000000000000, 506.70 W, 93 %, 29787 MiB
2026/10/01 05:18:30.736, 2895 MHz, 13801 MHz, 0x0000000000000000, 507.18 W, 94 %, 29787 MiB
2026/10/01 05:18:31.246, 2895 MHz, 13801 MHz, 0x0000000000000000, 504.14 W, 89 %, 29787 MiB
2026/10/01 05:18:31.752, 2895 MHz, 13801 MHz, 0x0000000000000000, 496.15 W, 89 %, 29790 MiB
2026/10/01 05:18:32.265, 2895 MHz, 13801 MHz, 0x0000000000000000, 490.21 W, 91 %, 29790 MiB
2026/10/01 05:18:32.776, 2895 MHz, 13801 MHz, 0x0000000000000000, 489.63 W, 92 %, 29787 MiB
2026/10/01 05:18:33.288, 2895 MHz, 13801 MHz, 0x0000000000000000, 498.19 W, 94 %, 29787 MiB
2026/10/01 05:18:33.798, 2895 MHz, 13801 MHz, 0x0000000000000000, 507.38 W, 94 %, 29787 MiB
2026/10/01 05:18:34.305, 2895 MHz, 13801 MHz, 0x0000000000000004, 517.48 W, 100 %, 29787 MiB
2026/10/01 05:18:34.815, 2895 MHz, 13801 MHz, 0x0000000000000000, 527.57 W, 95 %, 29787 MiB
2026/10/01 05:18:35.323, 2895 MHz, 13801 MHz, 0x0000000000000000, 523.79 W, 94 %, 29787 MiB
2026/10/01 05:18:35.835, 2895 MHz, 13801 MHz, 0x0000000000000000, 506.01 W, 94 %, 29787 MiB
2026/10/01 05:18:36.346, 2895 MHz, 13801 MHz, 0x0000000000000000, 509.23 W, 94 %, 29787 MiB
2026/10/01 05:18:36.852, 2895 MHz, 13801 MHz, 0x0000000000000000, 509.48 W, 94 %, 29787 MiB
2026/10/01 05:18:37.359, 2895 MHz, 13801 MHz, 0x0000000000000000, 509.29 W, 94 %, 29787 MiB
2026/10/01 05:18:37.868, 2895 MHz, 13801 MHz, 0x0000000000000000, 504.37 W, 80 %, 29787 MiB
2026/10/01 05:18:38.378, 2895 MHz, 13801 MHz, 0x0000000000000000, 500.35 W, 94 %, 29787 MiB
2026/10/01 05:18:38.886, 2895 MHz, 13801 MHz, 0x0000000000000000, 504.26 W, 94 %, 29787 MiB
2026/10/01 05:18:39.397, 2895 MHz, 13801 MHz, 0x0000000000000000, 490.40 W, 77 %, 29787 MiB
2026/10/01 05:18:39.908, 2895 MHz, 13801 MHz, 0x0000000000000000, 487.93 W, 94 %, 29787 MiB
2026/10/01 05:18:40.416, 2895 MHz, 13801 MHz, 0x0000000000000000, 495.68 W, 95 %, 29787 MiB
2026/10/01 05:18:40.926, 2895 MHz, 13801 MHz, 0x0000000000000000, 506.24 W, 95 %, 29787 MiB
2026/10/01 05:18:41.437, 2895 MHz, 13801 MHz, 0x0000000000000004, 530.62 W, 100 %, 29787 MiB
2026/10/01 05:18:41.944, 2895 MHz, 13801 MHz, 0x0000000000000000, 530.87 W, 91 %, 29787 MiB
2026/10/01 05:18:42.452, 2895 MHz, 13801 MHz, 0x0000000000000000, 517.20 W, 92 %, 29787 MiB
2026/10/01 05:18:42.964, 2895 MHz, 13801 MHz, 0x0000000000000000, 507.91 W, 94 %, 29787 MiB
2026/10/01 05:18:43.473, 2895 MHz, 13801 MHz, 0x0000000000000000, 505.57 W, 88 %, 29787 MiB
2026/10/01 05:18:43.982, 2895 MHz, 13801 MHz, 0x0000000000000000, 503.08 W, 94 %, 29787 MiB
2026/10/01 05:18:44.492, 2895 MHz, 13801 MHz, 0x0000000000000000, 504.52 W, 94 %, 29787 MiB
2026/10/01 05:18:45.002, 2895 MHz, 13801 MHz, 0x0000000000000000, 506.62 W, 91 %, 29787 MiB
2026/10/01 05:18:45.512, 2895 MHz, 13801 MHz, 0x0000000000000000, 503.45 W, 92 %, 29787 MiB
2026/10/01 05:18:46.022, 2895 MHz, 13801 MHz, 0x0000000000000000, 504.43 W, 94 %, 29787 MiB
2026/10/01 05:18:46.532, 2895 MHz, 13801 MHz, 0x0000000000000000, 506.10 W, 90 %, 29787 MiB
2026/10/01 05:18:47.041, 2895 MHz, 13801 MHz, 0x0000000000000000, 507.23 W, 94 %, 29787 MiB
2026/10/01 05:18:47.551, 2895 MHz, 13801 MHz, 0x0000000000000000, 508.43 W, 94 %, 29787 MiB
2026/10/01 05:18:48.066, 2925 MHz, 13801 MHz, 0x0000000000000000, 315.78 W, 0 %, 29787 MiB
2026/10/01 05:18:48.579, 2925 MHz, 13801 MHz, 0x0000000000000000, 148.56 W, 0 %, 29787 MiB
2026/10/01 05:18:49.095, 2925 MHz, 13801 MHz, 0x0000000000000000, 102.48 W, 0 %, 29787 MiB
2026/10/01 05:18:49.608, 1950 MHz, 13801 MHz, 0x0000000000000000, 97.44 W, 0 %, 29787 MiB
2026/10/01 05:18:50.122, 495 MHz, 810 MHz, 0x0000000000000000, 74.33 W, 0 %, 29787 MiB
2026/10/01 05:18:50.623, 382 MHz, 810 MHz, 0x0000000000000000, 42.83 W, 0 %, 29787 MiB
2026/10/01 05:18:51.137, 337 MHz, 810 MHz, 0x0000000000000000, 26.90 W, 0 %, 29787 MiB
2026/10/01 05:18:51.640, 337 MHz, 810 MHz, 0x0000000000000000, 26.90 W, 0 %, 29787 MiB
2026/10/01 05:18:52.155, 195 MHz, 405 MHz, 0x0000000000000000, 15.88 W, 0 %, 29787 MiB
2026/10/01 05:18:52.668, 195 MHz, 405 MHz, 0x0000000000000000, 15.88 W, 0 %, 29792 MiB
2026/10/01 05:18:53.182, 180 MHz, 405 MHz, 0x0000000000000000, 16.23 W, 0 %, 29792 MiB
2026/10/01 05:18:53.684, 180 MHz, 405 MHz, 0x0000000000000000, 17.36 W, 0 %, 29787 MiB
2026/10/01 05:18:54.186, 180 MHz, 405 MHz, 0x0000000000000000, 19.30 W, 0 %, 29787 MiB
2026/10/01 05:18:54.687, 180 MHz, 405 MHz, 0x0000000000000000, 19.17 W, 0 %, 29787 MiB
2026/10/01 05:18:55.202, 180 MHz, 405 MHz, 0x0000000000000000, 19.17 W, 0 %, 29787 MiB
2026/10/01 05:18:55.718, 180 MHz, 405 MHz, 0x0000000000000000, 14.41 W, 0 %, 29787 MiB
2026/10/01 05:18:56.230, 180 MHz, 405 MHz, 0x0000000000000000, 14.41 W, 0 %, 29787 MiB
2026/10/01 05:18:56.743, 180 MHz, 405 MHz, 0x0000000000000000, 14.34 W, 0 %, 29787 MiB
2026/10/01 05:18:57.257, 180 MHz, 405 MHz, 0x0000000000000000, 14.34 W, 0 %, 29787 MiB
2026/10/01 05:18:57.773, 180 MHz, 405 MHz, 0x0000000000000000, 14.07 W, 0 %, 29787 MiB
2026/10/01 05:18:58.286, 210 MHz, 405 MHz, 0x0000000000000000, 14.59 W, 0 %, 29787 MiB
2026/10/01 05:18:58.787, 180 MHz, 405 MHz, 0x0000000000000000, 15.14 W, 0 %, 29787 MiB
2026/10/01 05:18:59.301, 180 MHz, 405 MHz, 0x0000000000000000, 17.19 W, 0 %, 29787 MiB
2026/10/01 05:18:59.815, 180 MHz, 405 MHz, 0x0000000000000000, 17.19 W, 0 %, 29787 MiB
2026/10/01 05:19:00.328, 180 MHz, 405 MHz, 0x0000000000000000, 13.45 W, 0 %, 29787 MiB
2026/10/01 05:19:00.841, 180 MHz, 405 MHz, 0x0000000000000000, 13.45 W, 0 %, 29787 MiB
2026/10/01 05:19:01.354, 180 MHz, 405 MHz, 0x0000000000000000, 13.23 W, 0 %, 29787 MiB
2026/10/01 05:19:01.869, 180 MHz, 405 MHz, 0x0000000000000000, 13.23 W, 0 %, 29787 MiB
2026/10/01 05:19:02.383, 180 MHz, 405 MHz, 0x0000000000000000, 13.00 W, 0 %, 29787 MiB
2026/10/01 05:19:02.897, 180 MHz, 405 MHz, 0x0000000000000000, 13.00 W, 0 %, 29787 MiB
2026/10/01 05:19:03.399, 180 MHz, 405 MHz, 0x0000000000000000, 12.78 W, 0 %, 29787 MiB
2026/10/01 05:19:03.912, 180 MHz, 405 MHz, 0x0000000000000000, 12.78 W, 0 %, 29787 MiB
2026/10/01 05:19:04.423, 1005 MHz, 810 MHz, 0x0000000000000000, 18.26 W, 81 %, 29787 MiB
2026/10/01 05:19:04.937, 2902 MHz, 13801 MHz, 0x0000000000000000, 115.62 W, 94 %, 29787 MiB
2026/10/01 05:19:05.439, 2902 MHz, 13801 MHz, 0x0000000000000000, 496.38 W, 95 %, 29787 MiB
2026/10/01 05:19:05.953, 2902 MHz, 13801 MHz, 0x0000000000000000, 497.14 W, 94 %, 29787 MiB
2026/10/01 05:19:06.466, 2902 MHz, 13801 MHz, 0x0000000000000000, 498.51 W, 94 %, 29787 MiB
2026/10/01 05:19:06.967, 2902 MHz, 13801 MHz, 0x0000000000000000, 498.89 W, 94 %, 29787 MiB
2026/10/01 05:19:07.469, 2902 MHz, 13801 MHz, 0x0000000000000000, 498.98 W, 95 %, 29787 MiB
2026/10/01 05:19:07.969, 2902 MHz, 13801 MHz, 0x0000000000000000, 499.25 W, 94 %, 29787 MiB
2026/10/01 05:19:08.471, 2902 MHz, 13801 MHz, 0x0000000000000000, 499.65 W, 94 %, 29787 MiB
2026/10/01 05:19:08.976, 2902 MHz, 13801 MHz, 0x0000000000000000, 500.51 W, 95 %, 29787 MiB
2026/10/01 05:19:09.491, 2902 MHz, 13801 MHz, 0x0000000000000000, 487.47 W, 95 %, 29787 MiB
2026/10/01 05:19:10.004, 2902 MHz, 13801 MHz, 0x0000000000000000, 487.90 W, 94 %, 29787 MiB
2026/10/01 05:19:10.505, 2902 MHz, 13801 MHz, 0x0000000000000000, 500.74 W, 93 %, 29787 MiB
2026/10/01 05:19:11.019, 2902 MHz, 13801 MHz, 0x0000000000000000, 499.22 W, 90 %, 29787 MiB
2026/10/01 05:19:11.531, 2895 MHz, 13801 MHz, 0x0000000000000000, 498.29 W, 92 %, 29787 MiB
2026/10/01 05:19:12.045, 2895 MHz, 13801 MHz, 0x0000000000000000, 495.25 W, 94 %, 29787 MiB
2026/10/01 05:19:12.561, 2895 MHz, 13801 MHz, 0x0000000000000000, 496.40 W, 94 %, 29787 MiB
2026/10/01 05:19:13.073, 2895 MHz, 13801 MHz, 0x0000000000000000, 496.59 W, 91 %, 29787 MiB
2026/10/01 05:19:13.588, 2895 MHz, 13801 MHz, 0x0000000000000000, 495.20 W, 91 %, 29792 MiB
2026/10/01 05:19:14.089, 2895 MHz, 13801 MHz, 0x0000000000000000, 492.84 W, 94 %, 29792 MiB
2026/10/01 05:19:14.603, 2895 MHz, 13801 MHz, 0x0000000000000000, 491.57 W, 84 %, 29787 MiB
2026/10/01 05:19:25.553, 180 MHz, 405 MHz, 0x0000000000000000, 11.88 W, 0 %, 29787 MiB
2026/10/01 05:19:26.067, 2910 MHz, 13801 MHz, 0x0000000000000000, 144.08 W, 92 %, 29787 MiB
2026/10/01 05:19:26.582, 2902 MHz, 13801 MHz, 0x0000000000000000, 249.96 W, 90 %, 29787 MiB
2026/10/01 05:19:27.095, 2902 MHz, 13801 MHz, 0x0000000000000000, 480.77 W, 92 %, 29787 MiB
2026/10/01 05:19:27.608, 2902 MHz, 13801 MHz, 0x0000000000000000, 468.98 W, 84 %, 29787 MiB
2026/10/01 05:19:28.121, 2902 MHz, 13801 MHz, 0x0000000000000000, 467.97 W, 91 %, 29787 MiB
2026/10/01 05:19:28.631, 2902 MHz, 13801 MHz, 0x0000000000000000, 471.54 W, 93 %, 29787 MiB
2026/10/01 05:19:29.140, 2902 MHz, 13801 MHz, 0x0000000000000000, 470.86 W, 91 %, 29787 MiB
2026/10/01 05:19:29.653, 2902 MHz, 13801 MHz, 0x0000000000000000, 467.92 W, 81 %, 29787 MiB
2026/10/01 05:19:30.165, 2902 MHz, 13801 MHz, 0x0000000000000000, 462.20 W, 93 %, 29787 MiB
2026/10/01 05:19:30.678, 2902 MHz, 13801 MHz, 0x0000000000000000, 469.14 W, 93 %, 29787 MiB
2026/10/01 05:19:31.192, 2902 MHz, 13801 MHz, 0x0000000000000000, 488.36 W, 93 %, 29787 MiB
2026/10/01 05:19:31.707, 2902 MHz, 13801 MHz, 0x0000000000000000, 479.70 W, 93 %, 29787 MiB
2026/10/01 05:19:32.208, 2895 MHz, 13801 MHz, 0x0000000000000000, 480.45 W, 93 %, 29787 MiB
2026/10/01 05:19:32.723, 2895 MHz, 13801 MHz, 0x0000000000000000, 493.20 W, 92 %, 29787 MiB
2026/10/01 05:19:33.238, 2895 MHz, 13801 MHz, 0x0000000000000000, 493.96 W, 93 %, 29787 MiB
2026/10/01 05:19:33.752, 2895 MHz, 13801 MHz, 0x0000000000000000, 494.44 W, 93 %, 29787 MiB
2026/10/01 05:19:34.253, 2895 MHz, 13801 MHz, 0x0000000000000000, 493.06 W, 93 %, 29787 MiB
2026/10/01 05:19:34.766, 2895 MHz, 13801 MHz, 0x0000000000000000, 492.12 W, 92 %, 29790 MiB
2026/10/01 05:19:35.281, 2895 MHz, 13801 MHz, 0x0000000000000000, 494.41 W, 93 %, 29790 MiB
2026/10/01 05:19:35.797, 2895 MHz, 13801 MHz, 0x0000000000000000, 495.57 W, 93 %, 29787 MiB
2026/10/01 05:19:36.311, 2895 MHz, 13801 MHz, 0x0000000000000000, 492.96 W, 92 %, 29787 MiB
2026/10/01 05:19:36.811, 2895 MHz, 13801 MHz, 0x0000000000000000, 470.59 W, 42 %, 29787 MiB
2026/10/01 05:19:37.314, 2925 MHz, 13801 MHz, 0x0000000000000000, 295.41 W, 0 %, 29787 MiB
2026/10/01 05:19:37.828, 2925 MHz, 13801 MHz, 0x0000000000000000, 116.18 W, 0 %, 29787 MiB
2026/10/01 05:19:38.334, 2925 MHz, 13801 MHz, 0x0000000000000000, 96.18 W, 0 %, 29787 MiB
2026/10/01 05:19:38.846, 1950 MHz, 13801 MHz, 0x0000000000000000, 86.97 W, 0 %, 29787 MiB
2026/10/01 05:19:39.360, 487 MHz, 7001 MHz, 0x0000000000000000, 56.35 W, 0 %, 29787 MiB
2026/10/01 05:19:39.874, 390 MHz, 7001 MHz, 0x0000000000000000, 37.24 W, 0 %, 29787 MiB
2026/10/01 05:19:40.385, 307 MHz, 7001 MHz, 0x0000000000000000, 36.58 W, 0 %, 29787 MiB
2026/10/01 05:19:40.898, 240 MHz, 7001 MHz, 0x0000000000000000, 36.51 W, 0 %, 29787 MiB
2026/10/01 05:19:41.398, 240 MHz, 7001 MHz, 0x0000000000000000, 36.49 W, 0 %, 29787 MiB
2026/10/01 05:19:41.898, 240 MHz, 7001 MHz, 0x0000000000000000, 36.49 W, 0 %, 29787 MiB
2026/10/01 05:19:42.412, 180 MHz, 7001 MHz, 0x0000000000000000, 36.12 W, 0 %, 29787 MiB
2026/10/01 05:19:42.926, 180 MHz, 7001 MHz, 0x0000000000000000, 36.12 W, 0 %, 29787 MiB
2026/10/01 05:19:43.428, 180 MHz, 7001 MHz, 0x0000000000000000, 36.14 W, 0 %, 29787 MiB
2026/10/01 05:19:43.943, 180 MHz, 7001 MHz, 0x0000000000000000, 36.14 W, 0 %, 29787 MiB
2026/10/01 05:19:44.458, 180 MHz, 810 MHz, 0x0000000000000000, 30.65 W, 0 %, 29787 MiB
2026/10/01 05:19:44.972, 180 MHz, 810 MHz, 0x0000000000000000, 23.52 W, 0 %, 29787 MiB
2026/10/01 05:19:45.485, 180 MHz, 810 MHz, 0x0000000000000000, 23.52 W, 0 %, 29787 MiB
2026/10/01 05:19:45.986, 180 MHz, 405 MHz, 0x0000000000000000, 14.22 W, 0 %, 29787 MiB
2026/10/01 05:19:46.498, 180 MHz, 405 MHz, 0x0000000000000000, 13.06 W, 0 %, 30673 MiB
2026/10/01 05:19:47.012, 2910 MHz, 13801 MHz, 0x0000000000000004, 139.04 W, 100 %, 30673 MiB
2026/10/01 05:19:47.512, 2895 MHz, 13801 MHz, 0x0000000000000000, 444.97 W, 91 %, 30673 MiB
2026/10/01 05:19:48.022, 2910 MHz, 13801 MHz, 0x0000000000000000, 473.98 W, 92 %, 30673 MiB
2026/10/01 05:19:48.530, 2910 MHz, 13801 MHz, 0x0000000000000000, 401.48 W, 92 %, 30673 MiB
2026/10/01 05:19:49.040, 2910 MHz, 13801 MHz, 0x0000000000000000, 401.71 W, 93 %, 30673 MiB
2026/10/01 05:19:49.550, 2910 MHz, 13801 MHz, 0x0000000000000000, 393.85 W, 81 %, 30673 MiB
2026/10/01 05:19:50.058, 2910 MHz, 13801 MHz, 0x0000000000000000, 395.22 W, 93 %, 30673 MiB
2026/10/01 05:19:50.566, 2910 MHz, 13801 MHz, 0x0000000000000000, 400.37 W, 94 %, 30673 MiB
2026/10/01 05:19:51.075, 2910 MHz, 13801 MHz, 0x0000000000000000, 403.01 W, 91 %, 30673 MiB
2026/10/01 05:19:51.584, 2910 MHz, 13801 MHz, 0x0000000000000000, 401.79 W, 90 %, 30673 MiB
2026/10/01 05:19:52.095, 2910 MHz, 13801 MHz, 0x0000000000000000, 401.87 W, 93 %, 30673 MiB
2026/10/01 05:19:52.605, 2910 MHz, 13801 MHz, 0x0000000000000000, 394.82 W, 93 %, 30673 MiB
2026/10/01 05:19:53.115, 2910 MHz, 13801 MHz, 0x0000000000000000, 394.16 W, 92 %, 30673 MiB
2026/10/01 05:19:53.622, 2902 MHz, 13801 MHz, 0x0000000000000000, 439.70 W, 92 %, 30673 MiB
2026/10/01 05:19:54.131, 2902 MHz, 13801 MHz, 0x0000000000000000, 490.68 W, 94 %, 30673 MiB
2026/10/01 05:19:54.643, 2902 MHz, 13801 MHz, 0x0000000000000004, 501.64 W, 100 %, 30673 MiB
2026/10/01 05:19:55.151, 2895 MHz, 13801 MHz, 0x0000000000000000, 525.11 W, 94 %, 30673 MiB
2026/10/01 05:19:55.659, 2910 MHz, 13801 MHz, 0x0000000000000000, 476.90 W, 90 %, 30676 MiB
2026/10/01 05:19:56.165, 2910 MHz, 13801 MHz, 0x0000000000000000, 404.72 W, 90 %, 30676 MiB
2026/10/01 05:19:56.678, 2910 MHz, 13801 MHz, 0x0000000000000000, 399.71 W, 92 %, 30673 MiB
2026/10/01 05:19:57.186, 2910 MHz, 13801 MHz, 0x0000000000000000, 403.64 W, 93 %, 30673 MiB
2026/10/01 05:19:57.696, 2910 MHz, 13801 MHz, 0x0000000000000000, 404.26 W, 93 %, 30673 MiB
2026/10/01 05:19:58.198, 2910 MHz, 13801 MHz, 0x0000000000000000, 403.20 W, 92 %, 30673 MiB
2026/10/01 05:19:58.707, 2910 MHz, 13801 MHz, 0x0000000000000000, 401.73 W, 93 %, 30673 MiB
2026/10/01 05:19:59.212, 2910 MHz, 13801 MHz, 0x0000000000000000, 401.69 W, 92 %, 30673 MiB
2026/10/01 05:19:59.720, 2910 MHz, 13801 MHz, 0x0000000000000000, 403.50 W, 93 %, 30673 MiB
2026/10/01 05:20:00.228, 2910 MHz, 13801 MHz, 0x0000000000000000, 403.96 W, 93 %, 30673 MiB
2026/10/01 05:20:00.739, 2910 MHz, 13801 MHz, 0x0000000000000000, 405.01 W, 95 %, 30673 MiB
2026/10/01 05:20:01.248, 2910 MHz, 13801 MHz, 0x0000000000000000, 407.32 W, 94 %, 30673 MiB
2026/10/01 05:20:01.761, 2902 MHz, 13801 MHz, 0x0000000000000004, 441.46 W, 100 %, 30673 MiB
2026/10/01 05:20:02.270, 2910 MHz, 13801 MHz, 0x0000000000000000, 456.72 W, 91 %, 30673 MiB
2026/10/01 05:20:02.780, 2895 MHz, 13801 MHz, 0x0000000000000004, 484.58 W, 97 %, 30673 MiB
2026/10/01 05:20:03.292, 2910 MHz, 13801 MHz, 0x0000000000000000, 455.66 W, 93 %, 30673 MiB
2026/10/01 05:20:03.798, 2910 MHz, 13801 MHz, 0x0000000000000000, 418.70 W, 93 %, 30673 MiB
2026/10/01 05:20:04.305, 2910 MHz, 13801 MHz, 0x0000000000000000, 406.95 W, 91 %, 30673 MiB
2026/10/01 05:20:04.815, 2910 MHz, 13801 MHz, 0x0000000000000000, 404.52 W, 90 %, 30673 MiB
2026/10/01 05:20:05.324, 2910 MHz, 13801 MHz, 0x0000000000000000, 402.89 W, 94 %, 30673 MiB
2026/10/01 05:20:05.831, 2910 MHz, 13801 MHz, 0x0000000000000000, 405.21 W, 94 %, 30673 MiB
2026/10/01 05:20:06.338, 2910 MHz, 13801 MHz, 0x0000000000000000, 407.69 W, 94 %, 30673 MiB
2026/10/01 05:20:06.850, 2910 MHz, 13801 MHz, 0x0000000000000000, 406.23 W, 94 %, 30673 MiB
2026/10/01 05:20:07.360, 2910 MHz, 13801 MHz, 0x0000000000000000, 406.56 W, 94 %, 30673 MiB
2026/10/01 05:20:07.873, 2910 MHz, 13801 MHz, 0x0000000000000004, 422.87 W, 100 %, 30673 MiB
2026/10/01 05:20:08.385, 2902 MHz, 13801 MHz, 0x0000000000000000, 464.13 W, 94 %, 30673 MiB
2026/10/01 05:20:08.897, 2910 MHz, 13801 MHz, 0x0000000000000000, 449.30 W, 93 %, 30673 MiB
2026/10/01 05:20:09.404, 2910 MHz, 13801 MHz, 0x0000000000000000, 409.10 W, 93 %, 30673 MiB
2026/10/01 05:20:09.914, 2910 MHz, 13801 MHz, 0x0000000000000000, 408.93 W, 93 %, 30673 MiB
2026/10/01 05:20:10.427, 2910 MHz, 13801 MHz, 0x0000000000000000, 409.42 W, 94 %, 30673 MiB
2026/10/01 05:20:10.936, 2895 MHz, 13801 MHz, 0x0000000000000000, 459.73 W, 94 %, 30673 MiB
2026/10/01 05:20:11.443, 2910 MHz, 13801 MHz, 0x0000000000000000, 459.53 W, 93 %, 30673 MiB
2026/10/01 05:20:11.950, 2910 MHz, 13801 MHz, 0x0000000000000000, 409.03 W, 93 %, 30673 MiB
2026/10/01 05:20:12.458, 2910 MHz, 13801 MHz, 0x0000000000000000, 408.87 W, 92 %, 30673 MiB
2026/10/01 05:20:12.967, 2910 MHz, 13801 MHz, 0x0000000000000000, 409.81 W, 94 %, 30673 MiB
2026/10/01 05:20:13.477, 2910 MHz, 13801 MHz, 0x0000000000000000, 407.35 W, 92 %, 30673 MiB
2026/10/01 05:20:13.984, 2910 MHz, 13801 MHz, 0x0000000000000000, 407.55 W, 93 %, 30673 MiB
2026/10/01 05:20:14.495, 2895 MHz, 13801 MHz, 0x0000000000000000, 460.05 W, 95 %, 30673 MiB
2026/10/01 05:20:15.004, 2902 MHz, 13801 MHz, 0x0000000000000000, 455.53 W, 94 %, 30673 MiB
2026/10/01 05:20:15.511, 2902 MHz, 13801 MHz, 0x0000000000000000, 417.22 W, 93 %, 30673 MiB
2026/10/01 05:20:16.022, 2902 MHz, 13801 MHz, 0x0000000000000000, 406.72 W, 92 %, 30673 MiB
2026/10/01 05:20:16.536, 2902 MHz, 13801 MHz, 0x0000000000000000, 404.53 W, 91 %, 30678 MiB
2026/10/01 05:20:17.045, 2902 MHz, 13801 MHz, 0x0000000000000000, 404.30 W, 93 %, 30678 MiB
2026/10/01 05:20:17.552, 2902 MHz, 13801 MHz, 0x0000000000000000, 405.13 W, 90 %, 30673 MiB
2026/10/01 05:20:18.065, 2902 MHz, 13801 MHz, 0x0000000000000004, 410.38 W, 93 %, 30673 MiB
2026/10/01 05:20:18.576, 2902 MHz, 13801 MHz, 0x0000000000000000, 443.83 W, 93 %, 30673 MiB
2026/10/01 05:20:19.083, 2902 MHz, 13801 MHz, 0x0000000000000000, 448.62 W, 94 %, 30673 MiB
2026/10/01 05:20:19.593, 2902 MHz, 13801 MHz, 0x0000000000000000, 410.08 W, 93 %, 30673 MiB
2026/10/01 05:20:20.102, 2902 MHz, 13801 MHz, 0x0000000000000000, 410.14 W, 94 %, 30673 MiB
2026/10/01 05:20:20.609, 2902 MHz, 13801 MHz, 0x0000000000000000, 410.21 W, 93 %, 30673 MiB
2026/10/01 05:20:21.122, 2902 MHz, 13801 MHz, 0x0000000000000000, 415.69 W, 94 %, 30673 MiB
2026/10/01 05:20:21.637, 2895 MHz, 13801 MHz, 0x0000000000000000, 453.42 W, 93 %, 30673 MiB
2026/10/01 05:20:22.146, 2902 MHz, 13801 MHz, 0x0000000000000000, 454.39 W, 94 %, 30673 MiB
2026/10/01 05:20:22.657, 2902 MHz, 13801 MHz, 0x0000000000000000, 411.57 W, 91 %, 30673 MiB
2026/10/01 05:20:23.164, 2902 MHz, 13801 MHz, 0x0000000000000000, 411.03 W, 94 %, 30673 MiB
2026/10/01 05:20:23.673, 2902 MHz, 13801 MHz, 0x0000000000000000, 410.69 W, 94 %, 30673 MiB
2026/10/01 05:20:24.178, 2902 MHz, 13801 MHz, 0x0000000000000000, 411.63 W, 94 %, 30673 MiB
2026/10/01 05:20:24.686, 2902 MHz, 13801 MHz, 0x0000000000000000, 411.71 W, 94 %, 30673 MiB
2026/10/01 05:20:25.196, 2902 MHz, 13801 MHz, 0x0000000000000000, 412.95 W, 92 %, 30673 MiB
2026/10/01 05:20:25.708, 2895 MHz, 13801 MHz, 0x0000000000000000, 466.26 W, 90 %, 30673 MiB
2026/10/01 05:20:26.221, 2902 MHz, 13801 MHz, 0x0000000000000000, 451.54 W, 62 %, 30673 MiB
2026/10/01 05:20:26.730, 2902 MHz, 13801 MHz, 0x0000000000000000, 391.15 W, 94 %, 30673 MiB
2026/10/01 05:20:27.237, 2902 MHz, 13801 MHz, 0x0000000000000000, 394.09 W, 93 %, 30673 MiB
2026/10/01 05:20:27.745, 2902 MHz, 13801 MHz, 0x0000000000000000, 410.29 W, 93 %, 30673 MiB
2026/10/01 05:20:28.256, 2902 MHz, 13801 MHz, 0x0000000000000004, 427.48 W, 100 %, 30673 MiB
2026/10/01 05:20:28.766, 2895 MHz, 13801 MHz, 0x0000000000000000, 456.75 W, 93 %, 30673 MiB
2026/10/01 05:20:29.274, 2902 MHz, 13801 MHz, 0x0000000000000000, 455.39 W, 94 %, 30673 MiB
2026/10/01 05:20:29.781, 2902 MHz, 13801 MHz, 0x0000000000000000, 412.50 W, 93 %, 30673 MiB
2026/10/01 05:20:30.291, 2902 MHz, 13801 MHz, 0x0000000000000000, 412.24 W, 93 %, 30673 MiB
2026/10/01 05:20:30.801, 2902 MHz, 13801 MHz, 0x0000000000000000, 409.74 W, 92 %, 30673 MiB
2026/10/01 05:20:31.309, 2902 MHz, 13801 MHz, 0x0000000000000000, 400.34 W, 84 %, 30673 MiB
2026/10/01 05:20:31.820, 2902 MHz, 13801 MHz, 0x0000000000000000, 395.53 W, 89 %, 30673 MiB
2026/10/01 05:20:32.320, 2902 MHz, 13801 MHz, 0x0000000000000000, 397.94 W, 89 %, 30673 MiB
2026/10/01 05:20:32.829, 2895 MHz, 13801 MHz, 0x0000000000000000, 440.66 W, 91 %, 30673 MiB
2026/10/01 05:20:33.338, 2902 MHz, 13801 MHz, 0x0000000000000000, 444.81 W, 92 %, 30673 MiB
2026/10/01 05:20:33.845, 2902 MHz, 13801 MHz, 0x0000000000000000, 403.67 W, 91 %, 30673 MiB
2026/10/01 05:20:34.356, 2902 MHz, 13801 MHz, 0x0000000000000000, 405.49 W, 93 %, 30673 MiB
2026/10/01 05:20:34.868, 2902 MHz, 13801 MHz, 0x0000000000000000, 406.49 W, 93 %, 30673 MiB
2026/10/01 05:20:35.378, 2902 MHz, 13801 MHz, 0x0000000000000000, 407.26 W, 93 %, 30673 MiB
2026/10/01 05:20:35.891, 2895 MHz, 13801 MHz, 0x0000000000000000, 459.31 W, 93 %, 30673 MiB
2026/10/01 05:20:36.397, 2902 MHz, 13801 MHz, 0x0000000000000000, 459.72 W, 90 %, 30673 MiB
2026/10/01 05:20:36.907, 2902 MHz, 13801 MHz, 0x0000000000000000, 414.43 W, 93 %, 30673 MiB
2026/10/01 05:20:37.415, 2902 MHz, 13801 MHz, 0x0000000000000000, 401.94 W, 90 %, 30673 MiB
2026/10/01 05:20:37.921, 2902 MHz, 13801 MHz, 0x0000000000000000, 399.53 W, 88 %, 30678 MiB
2026/10/01 05:20:38.431, 2902 MHz, 13801 MHz, 0x0000000000000000, 397.45 W, 91 %, 30678 MiB
2026/10/01 05:20:38.942, 2902 MHz, 13801 MHz, 0x0000000000000000, 404.13 W, 93 %, 30673 MiB
2026/10/01 05:20:39.448, 2895 MHz, 13801 MHz, 0x0000000000000000, 454.69 W, 93 %, 30673 MiB
2026/10/01 05:20:39.957, 2902 MHz, 13801 MHz, 0x0000000000000000, 412.01 W, 91 %, 30673 MiB
2026/10/01 05:20:40.466, 2902 MHz, 13801 MHz, 0x0000000000000000, 409.07 W, 94 %, 30673 MiB
2026/10/01 05:20:40.974, 2902 MHz, 13801 MHz, 0x0000000000000000, 409.64 W, 93 %, 30673 MiB
2026/10/01 05:20:41.484, 2902 MHz, 13801 MHz, 0x0000000000000000, 408.27 W, 88 %, 30673 MiB
2026/10/01 05:20:41.994, 2902 MHz, 13801 MHz, 0x0000000000000000, 409.44 W, 94 %, 30673 MiB
2026/10/01 05:20:42.504, 2902 MHz, 13801 MHz, 0x0000000000000000, 408.94 W, 92 %, 30673 MiB
2026/10/01 05:20:43.013, 2902 MHz, 13801 MHz, 0x0000000000000004, 421.78 W, 96 %, 30673 MiB
2026/10/01 05:20:43.518, 2895 MHz, 13801 MHz, 0x0000000000000000, 456.53 W, 87 %, 30673 MiB
2026/10/01 05:20:44.027, 2902 MHz, 13801 MHz, 0x0000000000000000, 452.40 W, 93 %, 30673 MiB
2026/10/01 05:20:44.536, 2902 MHz, 13801 MHz, 0x0000000000000000, 407.38 W, 92 %, 30673 MiB
2026/10/01 05:20:45.047, 2902 MHz, 13801 MHz, 0x0000000000000000, 407.33 W, 92 %, 30673 MiB
2026/10/01 05:20:45.552, 2902 MHz, 13801 MHz, 0x0000000000000000, 408.26 W, 93 %, 30673 MiB
2026/10/01 05:20:46.064, 2895 MHz, 13801 MHz, 0x0000000000000000, 452.39 W, 95 %, 30673 MiB
2026/10/01 05:20:46.574, 2902 MHz, 13801 MHz, 0x0000000000000000, 448.12 W, 92 %, 30673 MiB
2026/10/01 05:20:47.079, 2902 MHz, 13801 MHz, 0x0000000000000000, 415.97 W, 94 %, 30673 MiB
2026/10/01 05:20:47.588, 2902 MHz, 13801 MHz, 0x0000000000000000, 408.18 W, 93 %, 30673 MiB
2026/10/01 05:20:48.097, 2902 MHz, 13801 MHz, 0x0000000000000000, 412.72 W, 94 %, 30673 MiB
2026/10/01 05:20:48.602, 2902 MHz, 13801 MHz, 0x0000000000000000, 412.73 W, 94 %, 30673 MiB
2026/10/01 05:20:49.111, 2902 MHz, 13801 MHz, 0x0000000000000000, 411.98 W, 92 %, 30673 MiB
2026/10/01 05:20:49.621, 2902 MHz, 13801 MHz, 0x0000000000000000, 408.42 W, 92 %, 30673 MiB
2026/10/01 05:20:50.132, 2902 MHz, 13801 MHz, 0x0000000000000000, 407.57 W, 92 %, 30673 MiB
2026/10/01 05:20:50.645, 2895 MHz, 13801 MHz, 0x0000000000000000, 455.42 W, 93 %, 30673 MiB
2026/10/01 05:20:51.159, 2902 MHz, 13801 MHz, 0x0000000000000000, 462.15 W, 94 %, 30673 MiB
2026/10/01 05:20:51.668, 2902 MHz, 13801 MHz, 0x0000000000000000, 413.89 W, 93 %, 30673 MiB
2026/10/01 05:20:52.178, 2902 MHz, 13801 MHz, 0x0000000000000000, 413.34 W, 93 %, 30673 MiB
2026/10/01 05:20:52.685, 2902 MHz, 13801 MHz, 0x0000000000000000, 411.36 W, 92 %, 30673 MiB
2026/10/01 05:20:53.197, 2902 MHz, 13801 MHz, 0x0000000000000000, 410.77 W, 93 %, 30673 MiB
2026/10/01 05:20:53.708, 2895 MHz, 13801 MHz, 0x0000000000000004, 449.81 W, 100 %, 30673 MiB
2026/10/01 05:20:54.216, 2902 MHz, 13801 MHz, 0x0000000000000000, 461.41 W, 92 %, 30673 MiB
2026/10/01 05:20:54.732, 2910 MHz, 13801 MHz, 0x0000000000000000, 374.76 W, 0 %, 30673 MiB
2026/10/01 05:20:55.247, 2925 MHz, 13801 MHz, 0x0000000000000000, 189.95 W, 0 %, 30673 MiB
2026/10/01 05:20:55.762, 2925 MHz, 13801 MHz, 0x0000000000000000, 101.53 W, 0 %, 30673 MiB
2026/10/01 05:20:56.263, 2925 MHz, 13801 MHz, 0x0000000000000000, 100.32 W, 0 %, 30673 MiB
2026/10/01 05:20:56.763, 562 MHz, 13801 MHz, 0x0000000000000000, 81.47 W, 0 %, 30673 MiB
2026/10/01 05:20:57.264, 450 MHz, 7001 MHz, 0x0000000000000000, 48.51 W, 0 %, 30673 MiB
2026/10/01 05:20:57.780, 352 MHz, 7001 MHz, 0x0000000000000000, 37.57 W, 0 %, 30673 MiB
2026/10/01 05:20:58.294, 352 MHz, 7001 MHz, 0x0000000000000000, 37.57 W, 0 %, 30673 MiB
2026/10/01 05:20:58.796, 225 MHz, 7001 MHz, 0x0000000000000000, 37.19 W, 0 %, 30678 MiB
2026/10/01 05:20:59.310, 180 MHz, 7001 MHz, 0x0000000000000000, 37.40 W, 0 %, 30678 MiB
2026/10/01 05:20:59.827, 180 MHz, 7001 MHz, 0x0000000000000000, 37.32 W, 0 %, 30673 MiB
2026/10/01 05:21:00.340, 180 MHz, 7001 MHz, 0x0000000000000000, 37.04 W, 0 %, 30673 MiB
2026/10/01 05:21:00.853, 187 MHz, 810 MHz, 0x0000000000000000, 33.58 W, 0 %, 30673 MiB
2026/10/01 05:21:01.356, 187 MHz, 810 MHz, 0x0000000000000000, 33.58 W, 0 %, 30673 MiB
2026/10/01 05:21:01.869, 180 MHz, 810 MHz, 0x0000000000000000, 16.70 W, 0 %, 30673 MiB
2026/10/01 05:21:02.382, 180 MHz, 810 MHz, 0x0000000000000000, 16.70 W, 0 %, 30673 MiB
2026/10/01 05:21:02.898, 180 MHz, 405 MHz, 0x0000000000000000, 14.58 W, 0 %, 30673 MiB
2026/10/01 05:21:03.399, 180 MHz, 405 MHz, 0x0000000000000000, 14.58 W, 0 %, 30673 MiB
2026/10/01 05:21:03.913, 172 MHz, 405 MHz, 0x0000000000000000, 13.90 W, 0 %, 30673 MiB
2026/10/01 05:21:04.414, 172 MHz, 405 MHz, 0x0000000000000000, 13.90 W, 0 %, 30673 MiB
2026/10/01 05:21:04.925, 180 MHz, 405 MHz, 0x0000000000000000, 13.24 W, 0 %, 30673 MiB
2026/10/01 05:21:05.438, 180 MHz, 405 MHz, 0x0000000000000000, 13.24 W, 0 %, 30673 MiB
2026/10/01 05:21:05.951, 180 MHz, 405 MHz, 0x0000000000000000, 12.97 W, 0 %, 30673 MiB
2026/10/01 05:21:06.464, 180 MHz, 405 MHz, 0x0000000000000000, 12.70 W, 0 %, 30673 MiB
2026/10/01 05:21:06.980, 180 MHz, 405 MHz, 0x0000000000000000, 12.70 W, 0 %, 30673 MiB
2026/10/01 05:21:07.494, 180 MHz, 405 MHz, 0x0000000000000000, 12.62 W, 0 %, 30673 MiB
2026/10/01 05:21:07.995, 180 MHz, 405 MHz, 0x0000000000000000, 12.62 W, 0 %, 30673 MiB
2026/10/01 05:21:08.509, 210 MHz, 405 MHz, 0x0000000000000000, 13.25 W, 0 %, 30673 MiB
2026/10/01 05:21:09.024, 180 MHz, 405 MHz, 0x0000000000000000, 14.06 W, 0 %, 30673 MiB
2026/10/01 05:21:09.527, 180 MHz, 405 MHz, 0x0000000000000000, 15.81 W, 0 %, 30673 MiB
2026/10/01 05:21:10.040, 180 MHz, 405 MHz, 0x0000000000000000, 15.81 W, 0 %, 30673 MiB
2026/10/01 05:21:10.554, 180 MHz, 405 MHz, 0x0000000000000000, 19.48 W, 70 %, 30673 MiB
2026/10/01 05:21:11.057, 2910 MHz, 13801 MHz, 0x0000000000000000, 121.77 W, 94 %, 30673 MiB
2026/10/01 05:21:11.570, 2902 MHz, 13801 MHz, 0x0000000000000000, 389.46 W, 93 %, 30673 MiB
2026/10/01 05:21:12.084, 2902 MHz, 13801 MHz, 0x0000000000000000, 493.02 W, 95 %, 30673 MiB
2026/10/01 05:21:12.598, 2902 MHz, 13801 MHz, 0x0000000000000000, 495.62 W, 94 %, 30673 MiB
2026/10/01 05:21:13.099, 2902 MHz, 13801 MHz, 0x0000000000000000, 496.01 W, 92 %, 30673 MiB
2026/10/01 05:21:13.614, 2902 MHz, 13801 MHz, 0x0000000000000000, 482.40 W, 73 %, 30673 MiB
2026/10/01 05:21:14.129, 2902 MHz, 13801 MHz, 0x0000000000000000, 483.27 W, 91 %, 30673 MiB
2026/10/01 05:21:14.630, 2895 MHz, 13801 MHz, 0x0000000000000000, 489.66 W, 94 %, 30673 MiB
2026/10/01 05:21:15.146, 2895 MHz, 13801 MHz, 0x0000000000000000, 497.13 W, 94 %, 30673 MiB
2026/10/01 05:21:15.659, 2895 MHz, 13801 MHz, 0x0000000000000000, 498.13 W, 95 %, 30673 MiB
2026/10/01 05:21:16.160, 2895 MHz, 13801 MHz, 0x0000000000000000, 490.10 W, 75 %, 30673 MiB
2026/10/01 05:21:16.675, 2895 MHz, 13801 MHz, 0x0000000000000000, 491.78 W, 95 %, 30673 MiB
2026/10/01 05:21:17.176, 2895 MHz, 13801 MHz, 0x0000000000000000, 487.09 W, 94 %, 30673 MiB
2026/10/01 05:21:17.691, 2895 MHz, 13801 MHz, 0x0000000000000000, 494.58 W, 94 %, 30673 MiB
2026/10/01 05:21:18.207, 2895 MHz, 13801 MHz, 0x0000000000000000, 499.26 W, 94 %, 30673 MiB
2026/10/01 05:21:18.720, 2895 MHz, 13801 MHz, 0x0000000000000000, 500.07 W, 94 %, 30673 MiB
2026/10/01 05:21:19.232, 2895 MHz, 13801 MHz, 0x0000000000000000, 497.45 W, 92 %, 30673 MiB
2026/10/01 05:21:19.737, 2895 MHz, 13801 MHz, 0x0000000000000000, 494.93 W, 91 %, 30678 MiB
2026/10/01 05:21:20.252, 2895 MHz, 13801 MHz, 0x0000000000000000, 495.44 W, 95 %, 30678 MiB
2026/10/01 05:21:20.767, 2895 MHz, 13801 MHz, 0x0000000000000000, 496.44 W, 94 %, 30673 MiB
2026/10/01 05:21:21.267, 2895 MHz, 13801 MHz, 0x0000000000000000, 500.60 W, 94 %, 30673 MiB
2026/10/01 05:21:32.078, 172 MHz, 405 MHz, 0x0000000000000000, 12.09 W, 0 %, 30673 MiB
2026/10/01 05:21:32.595, 2925 MHz, 13801 MHz, 0x0000000000000000, 99.29 W, 93 %, 30673 MiB
2026/10/01 05:21:33.097, 2902 MHz, 13801 MHz, 0x0000000000000000, 214.79 W, 94 %, 30673 MiB
2026/10/01 05:21:33.610, 2902 MHz, 13801 MHz, 0x0000000000000000, 491.79 W, 94 %, 30673 MiB
2026/10/01 05:21:34.126, 2902 MHz, 13801 MHz, 0x0000000000000000, 492.48 W, 93 %, 30673 MiB
2026/10/01 05:21:34.627, 2902 MHz, 13801 MHz, 0x0000000000000000, 494.08 W, 94 %, 30673 MiB
2026/10/01 05:21:35.143, 2902 MHz, 13801 MHz, 0x0000000000000000, 494.91 W, 94 %, 30673 MiB
2026/10/01 05:21:35.655, 2902 MHz, 13801 MHz, 0x0000000000000000, 494.30 W, 93 %, 30673 MiB
2026/10/01 05:21:36.169, 2902 MHz, 13801 MHz, 0x0000000000000000, 494.91 W, 93 %, 30673 MiB
2026/10/01 05:21:36.685, 2902 MHz, 13801 MHz, 0x0000000000000000, 494.27 W, 93 %, 30673 MiB
2026/10/01 05:21:37.199, 2902 MHz, 13801 MHz, 0x0000000000000000, 492.83 W, 93 %, 30673 MiB
2026/10/01 05:21:37.699, 2902 MHz, 13801 MHz, 0x0000000000000000, 491.37 W, 92 %, 30673 MiB
2026/10/01 05:21:38.203, 2902 MHz, 13801 MHz, 0x0000000000000000, 483.03 W, 93 %, 30673 MiB
2026/10/01 05:21:38.717, 2902 MHz, 13801 MHz, 0x0000000000000000, 463.68 W, 78 %, 30673 MiB
2026/10/01 05:21:39.231, 2910 MHz, 13801 MHz, 0x0000000000000000, 412.21 W, 92 %, 30673 MiB
2026/10/01 05:21:39.733, 2902 MHz, 13801 MHz, 0x0000000000000000, 423.44 W, 92 %, 30673 MiB
2026/10/01 05:21:40.245, 2902 MHz, 13801 MHz, 0x0000000000000000, 466.96 W, 91 %, 30673 MiB
2026/10/01 05:21:40.756, 2895 MHz, 13801 MHz, 0x0000000000000000, 473.93 W, 91 %, 30678 MiB
2026/10/01 05:21:41.270, 2895 MHz, 13801 MHz, 0x0000000000000000, 483.29 W, 87 %, 30678 MiB
2026/10/01 05:21:41.780, 2895 MHz, 13801 MHz, 0x0000000000000000, 469.91 W, 94 %, 30673 MiB
2026/10/01 05:21:42.292, 2895 MHz, 13801 MHz, 0x0000000000000000, 472.88 W, 87 %, 30673 MiB
2026/10/01 05:21:42.805, 2895 MHz, 13801 MHz, 0x0000000000000000, 475.09 W, 84 %, 30673 MiB
2026/10/01 05:21:43.317, 2895 MHz, 13801 MHz, 0x0000000000000000, 469.66 W, 84 %, 30673 MiB
2026/10/01 05:21:43.829, 2917 MHz, 13801 MHz, 0x0000000000000000, 368.97 W, 0 %, 30673 MiB
2026/10/01 05:21:44.344, 2925 MHz, 13801 MHz, 0x0000000000000000, 194.88 W, 0 %, 30673 MiB
2026/10/01 05:21:44.845, 2925 MHz, 13801 MHz, 0x0000000000000000, 95.70 W, 0 %, 30673 MiB
2026/10/01 05:21:45.358, 2887 MHz, 13801 MHz, 0x0000000000000000, 91.12 W, 0 %, 30673 MiB
2026/10/01 05:21:45.871, 720 MHz, 13801 MHz, 0x0000000000000000, 65.85 W, 0 %, 30673 MiB
2026/10/01 05:21:46.385, 585 MHz, 810 MHz, 0x0000000000000000, 39.29 W, 0 %, 30673 MiB
2026/10/01 05:21:46.886, 465 MHz, 810 MHz, 0x0000000000000000, 29.01 W, 0 %, 30673 MiB
2026/10/01 05:21:47.388, 345 MHz, 810 MHz, 0x0000000000000000, 21.55 W, 0 %, 30673 MiB
2026/10/01 05:21:47.889, 292 MHz, 810 MHz, 0x0000000000000000, 18.96 W, 0 %, 30673 MiB
2026/10/01 05:21:48.403, 292 MHz, 810 MHz, 0x0000000000000000, 18.96 W, 0 %, 30673 MiB
2026/10/01 05:21:48.907, 180 MHz, 405 MHz, 0x0000000000000000, 12.17 W, 0 %, 30673 MiB
2026/10/01 05:21:49.422, 180 MHz, 405 MHz, 0x0000000000000000, 12.17 W, 0 %, 30673 MiB
2026/10/01 05:21:49.934, 180 MHz, 405 MHz, 0x0000000000000000, 11.75 W, 0 %, 30673 MiB
2026/10/01 05:21:50.449, 180 MHz, 405 MHz, 0x0000000000000000, 11.75 W, 0 %, 30673 MiB
2026/10/01 05:21:50.961, 180 MHz, 405 MHz, 0x0000000000000000, 11.50 W, 0 %, 30673 MiB
2026/10/01 05:21:51.474, 180 MHz, 405 MHz, 0x0000000000000000, 11.50 W, 0 %, 30673 MiB
2026/10/01 05:21:51.987, 180 MHz, 405 MHz, 0x0000000000000000, 11.76 W, 0 %, 30673 MiB
2026/10/01 05:21:52.499, 180 MHz, 405 MHz, 0x0000000000000000, 11.84 W, 0 %, 30673 MiB
2026/10/01 05:21:53.013, 180 MHz, 405 MHz, 0x0000000000000000, 11.84 W, 0 %, 30673 MiB
2026/10/01 05:21:53.528, 525 MHz, 13801 MHz, 0x0000000000000000, 26.58 W, 99 %, 30673 MiB
2026/10/01 05:21:54.042, 2902 MHz, 13801 MHz, 0x0000000000000004, 193.63 W, 100 %, 30673 MiB
2026/10/01 05:21:54.555, 2910 MHz, 13801 MHz, 0x0000000000000004, 499.07 W, 100 %, 30673 MiB
2026/10/01 05:21:55.068, 2902 MHz, 13801 MHz, 0x0000000000000000, 487.68 W, 93 %, 30673 MiB
2026/10/01 05:21:55.579, 2910 MHz, 13801 MHz, 0x0000000000000000, 470.18 W, 93 %, 30673 MiB
2026/10/01 05:21:56.093, 2910 MHz, 13801 MHz, 0x0000000000000000, 388.59 W, 60 %, 30673 MiB
2026/10/01 05:21:56.600, 2910 MHz, 13801 MHz, 0x0000000000000000, 388.48 W, 94 %, 30673 MiB
2026/10/01 05:21:57.110, 2910 MHz, 13801 MHz, 0x0000000000000000, 400.17 W, 94 %, 30673 MiB
2026/10/01 05:21:57.618, 2910 MHz, 13801 MHz, 0x0000000000000000, 402.32 W, 93 %, 30673 MiB
2026/10/01 05:21:58.129, 2910 MHz, 13801 MHz, 0x0000000000000000, 402.39 W, 93 %, 30673 MiB
2026/10/01 05:21:58.639, 2910 MHz, 13801 MHz, 0x0000000000000000, 401.36 W, 93 %, 30673 MiB
2026/10/01 05:21:59.148, 2910 MHz, 13801 MHz, 0x0000000000000000, 402.25 W, 94 %, 30673 MiB
2026/10/01 05:21:59.658, 2910 MHz, 13801 MHz, 0x0000000000000000, 402.69 W, 93 %, 30673 MiB
2026/10/01 05:22:00.170, 2910 MHz, 13801 MHz, 0x0000000000000000, 401.35 W, 94 %, 30673 MiB
2026/10/01 05:22:00.678, 2910 MHz, 13801 MHz, 0x0000000000000000, 401.48 W, 93 %, 30673 MiB
2026/10/01 05:22:01.191, 2910 MHz, 13801 MHz, 0x0000000000000000, 399.71 W, 92 %, 30673 MiB
2026/10/01 05:22:01.697, 2910 MHz, 13801 MHz, 0x0000000000000000, 399.50 W, 91 %, 30676 MiB
2026/10/01 05:22:02.212, 2902 MHz, 13801 MHz, 0x0000000000000000, 427.77 W, 80 %, 30676 MiB
2026/10/01 05:22:02.726, 2895 MHz, 13801 MHz, 0x0000000000000004, 516.07 W, 100 %, 30673 MiB
2026/10/01 05:22:03.227, 2895 MHz, 13801 MHz, 0x0000000000000004, 577.39 W, 100 %, 30673 MiB
2026/10/01 05:22:03.737, 2895 MHz, 13801 MHz, 0x0000000000000000, 543.39 W, 93 %, 30673 MiB
2026/10/01 05:22:04.248, 2910 MHz, 13801 MHz, 0x0000000000000000, 449.49 W, 94 %, 30673 MiB
2026/10/01 05:22:04.759, 2910 MHz, 13801 MHz, 0x0000000000000000, 402.72 W, 93 %, 30673 MiB
2026/10/01 05:22:05.269, 2910 MHz, 13801 MHz, 0x0000000000000000, 403.15 W, 93 %, 30673 MiB
2026/10/01 05:22:05.779, 2910 MHz, 13801 MHz, 0x0000000000000000, 404.70 W, 94 %, 30673 MiB
2026/10/01 05:22:06.287, 2910 MHz, 13801 MHz, 0x0000000000000000, 404.70 W, 94 %, 30673 MiB
2026/10/01 05:22:06.796, 2910 MHz, 13801 MHz, 0x0000000000000000, 404.88 W, 94 %, 30673 MiB
2026/10/01 05:22:07.308, 2910 MHz, 13801 MHz, 0x0000000000000000, 404.68 W, 94 %, 30673 MiB
2026/10/01 05:22:07.817, 2910 MHz, 13801 MHz, 0x0000000000000000, 404.90 W, 94 %, 30673 MiB
2026/10/01 05:22:08.326, 2910 MHz, 13801 MHz, 0x0000000000000000, 405.31 W, 94 %, 30673 MiB
2026/10/01 05:22:08.839, 2910 MHz, 13801 MHz, 0x0000000000000000, 405.47 W, 92 %, 30673 MiB
2026/10/01 05:22:09.349, 2910 MHz, 13801 MHz, 0x0000000000000000, 405.87 W, 94 %, 30673 MiB
2026/10/01 05:22:09.859, 2910 MHz, 13801 MHz, 0x0000000000000000, 406.48 W, 93 %, 30673 MiB
2026/10/01 05:22:10.370, 2895 MHz, 13801 MHz, 0x0000000000000000, 454.08 W, 93 %, 30673 MiB
2026/10/01 05:22:10.880, 2910 MHz, 13801 MHz, 0x0000000000000004, 481.03 W, 100 %, 30673 MiB
2026/10/01 05:22:11.390, 2910 MHz, 13801 MHz, 0x0000000000000000, 443.15 W, 94 %, 30673 MiB
2026/10/01 05:22:11.900, 2895 MHz, 13801 MHz, 0x0000000000000004, 481.90 W, 100 %, 30673 MiB
2026/10/01 05:22:12.414, 2902 MHz, 13801 MHz, 0x0000000000000000, 469.02 W, 94 %, 30673 MiB
2026/10/01 05:22:12.924, 2895 MHz, 13801 MHz, 0x0000000000000000, 472.40 W, 94 %, 30673 MiB
2026/10/01 05:22:13.438, 2910 MHz, 13801 MHz, 0x0000000000000000, 450.69 W, 94 %, 30673 MiB
2026/10/01 05:22:13.949, 2910 MHz, 13801 MHz, 0x0000000000000000, 406.37 W, 92 %, 30673 MiB
2026/10/01 05:22:14.458, 2910 MHz, 13801 MHz, 0x0000000000000000, 406.37 W, 93 %, 30673 MiB
2026/10/01 05:22:14.972, 2910 MHz, 13801 MHz, 0x0000000000000000, 405.93 W, 94 %, 30673 MiB
2026/10/01 05:22:15.481, 2910 MHz, 13801 MHz, 0x0000000000000000, 406.25 W, 93 %, 30673 MiB
2026/10/01 05:22:15.991, 2910 MHz, 13801 MHz, 0x0000000000000000, 406.18 W, 94 %, 30673 MiB
2026/10/01 05:22:16.500, 2910 MHz, 13801 MHz, 0x0000000000000000, 406.39 W, 93 %, 30673 MiB
2026/10/01 05:22:17.012, 2910 MHz, 13801 MHz, 0x0000000000000000, 405.56 W, 94 %, 30673 MiB
2026/10/01 05:22:17.526, 2910 MHz, 13801 MHz, 0x0000000000000004, 428.92 W, 100 %, 30673 MiB
2026/10/01 05:22:18.037, 2902 MHz, 13801 MHz, 0x0000000000000000, 455.87 W, 91 %, 30673 MiB
2026/10/01 05:22:18.551, 2902 MHz, 13801 MHz, 0x0000000000000000, 484.72 W, 93 %, 30673 MiB
2026/10/01 05:22:19.059, 2902 MHz, 13801 MHz, 0x0000000000000000, 448.76 W, 93 %, 30673 MiB
2026/10/01 05:22:19.571, 2902 MHz, 13801 MHz, 0x0000000000000000, 412.12 W, 94 %, 30673 MiB
2026/10/01 05:22:20.083, 2895 MHz, 13801 MHz, 0x0000000000000000, 462.57 W, 94 %, 30673 MiB
2026/10/01 05:22:20.596, 2902 MHz, 13801 MHz, 0x0000000000000000, 457.81 W, 94 %, 30673 MiB
2026/10/01 05:22:21.106, 2895 MHz, 13801 MHz, 0x0000000000000000, 445.72 W, 94 %, 30673 MiB
2026/10/01 05:22:21.614, 2910 MHz, 13801 MHz, 0x0000000000000000, 449.86 W, 94 %, 30673 MiB
2026/10/01 05:22:22.125, 2910 MHz, 13801 MHz, 0x0000000000000000, 405.99 W, 92 %, 30673 MiB
2026/10/01 05:22:22.636, 2910 MHz, 13801 MHz, 0x0000000000000000, 402.97 W, 91 %, 30676 MiB
2026/10/01 05:22:23.145, 2910 MHz, 13801 MHz, 0x0000000000000000, 402.84 W, 94 %, 30676 MiB
2026/10/01 05:22:23.655, 2910 MHz, 13801 MHz, 0x0000000000000000, 402.02 W, 93 %, 30676 MiB
2026/10/01 05:22:24.165, 2910 MHz, 13801 MHz, 0x0000000000000000, 404.34 W, 94 %, 30673 MiB
2026/10/01 05:22:24.678, 2910 MHz, 13801 MHz, 0x0000000000000000, 407.46 W, 94 %, 30673 MiB
2026/10/01 05:22:25.190, 2910 MHz, 13801 MHz, 0x0000000000000000, 406.55 W, 91 %, 30673 MiB
2026/10/01 05:22:25.699, 2917 MHz, 13801 MHz, 0x0000000000000000, 375.42 W, 90 %, 30673 MiB
2026/10/01 05:22:26.208, 2910 MHz, 13801 MHz, 0x0000000000000000, 375.31 W, 91 %, 30673 MiB
2026/10/01 05:22:26.719, 2910 MHz, 13801 MHz, 0x0000000000000000, 402.14 W, 92 %, 30673 MiB
2026/10/01 05:22:27.233, 2895 MHz, 13801 MHz, 0x0000000000000004, 452.61 W, 100 %, 30673 MiB
2026/10/01 05:22:27.747, 2910 MHz, 13801 MHz, 0x0000000000000000, 455.66 W, 93 %, 30673 MiB
2026/10/01 05:22:28.258, 2895 MHz, 13801 MHz, 0x0000000000000000, 458.46 W, 94 %, 30673 MiB
2026/10/01 05:22:28.766, 2902 MHz, 13801 MHz, 0x0000000000000000, 454.06 W, 93 %, 30673 MiB
2026/10/01 05:22:29.278, 2902 MHz, 13801 MHz, 0x0000000000000000, 413.42 W, 94 %, 30673 MiB
2026/10/01 05:22:29.791, 2895 MHz, 13801 MHz, 0x0000000000000000, 458.38 W, 92 %, 30673 MiB
2026/10/01 05:22:30.301, 2895 MHz, 13801 MHz, 0x0000000000000000, 509.83 W, 94 %, 30673 MiB
2026/10/01 05:22:30.813, 2902 MHz, 13801 MHz, 0x0000000000000000, 456.93 W, 89 %, 30673 MiB
2026/10/01 05:22:31.325, 2902 MHz, 13801 MHz, 0x0000000000000000, 404.82 W, 93 %, 30673 MiB
2026/10/01 05:22:31.834, 2902 MHz, 13801 MHz, 0x0000000000000000, 403.92 W, 94 %, 30673 MiB
2026/10/01 05:22:32.344, 2902 MHz, 13801 MHz, 0x0000000000000000, 406.62 W, 92 %, 30673 MiB
2026/10/01 05:22:32.853, 2902 MHz, 13801 MHz, 0x0000000000000000, 407.73 W, 94 %, 30673 MiB
2026/10/01 05:22:33.363, 2902 MHz, 13801 MHz, 0x0000000000000000, 406.72 W, 94 %, 30673 MiB
2026/10/01 05:22:33.873, 2902 MHz, 13801 MHz, 0x0000000000000000, 408.15 W, 93 %, 30673 MiB
2026/10/01 05:22:34.382, 2895 MHz, 13801 MHz, 0x0000000000000000, 449.20 W, 94 %, 30673 MiB
2026/10/01 05:22:34.894, 2902 MHz, 13801 MHz, 0x0000000000000000, 445.35 W, 93 %, 30673 MiB
2026/10/01 05:22:35.405, 2895 MHz, 13801 MHz, 0x0000000000000000, 455.42 W, 95 %, 30673 MiB
2026/10/01 05:22:35.916, 2902 MHz, 13801 MHz, 0x0000000000000000, 460.53 W, 94 %, 30673 MiB
2026/10/01 05:22:36.423, 2902 MHz, 13801 MHz, 0x0000000000000000, 410.61 W, 93 %, 30673 MiB
2026/10/01 05:22:36.936, 2902 MHz, 13801 MHz, 0x0000000000000000, 408.96 W, 94 %, 30673 MiB
2026/10/01 05:22:37.448, 2902 MHz, 13801 MHz, 0x0000000000000000, 409.16 W, 94 %, 30673 MiB
2026/10/01 05:22:37.956, 2895 MHz, 13801 MHz, 0x0000000000000004, 455.79 W, 100 %, 30673 MiB
2026/10/01 05:22:38.469, 2902 MHz, 13801 MHz, 0x0000000000000004, 479.20 W, 100 %, 30673 MiB
2026/10/01 05:22:38.977, 2902 MHz, 13801 MHz, 0x0000000000000000, 466.65 W, 95 %, 30673 MiB
2026/10/01 05:22:39.491, 2902 MHz, 13801 MHz, 0x0000000000000000, 410.13 W, 93 %, 30673 MiB
2026/10/01 05:22:39.999, 2902 MHz, 13801 MHz, 0x0000000000000000, 409.74 W, 94 %, 30673 MiB
2026/10/01 05:22:40.509, 2902 MHz, 13801 MHz, 0x0000000000000000, 409.61 W, 93 %, 30673 MiB
2026/10/01 05:22:41.010, 2895 MHz, 13801 MHz, 0x0000000000000004, 462.77 W, 98 %, 30673 MiB
2026/10/01 05:22:41.519, 2902 MHz, 13801 MHz, 0x0000000000000000, 458.84 W, 94 %, 30673 MiB
2026/10/01 05:22:42.029, 2902 MHz, 13801 MHz, 0x0000000000000000, 425.06 W, 94 %, 30673 MiB
2026/10/01 05:22:42.539, 2902 MHz, 13801 MHz, 0x0000000000000000, 409.41 W, 94 %, 30673 MiB
2026/10/01 05:22:43.053, 2895 MHz, 13801 MHz, 0x0000000000000000, 455.02 W, 91 %, 30673 MiB
2026/10/01 05:22:43.562, 2902 MHz, 13801 MHz, 0x0000000000000000, 450.70 W, 87 %, 30673 MiB
2026/10/01 05:22:44.068, 2902 MHz, 13801 MHz, 0x0000000000000000, 396.56 W, 88 %, 30676 MiB
2026/10/01 05:22:44.577, 2902 MHz, 13801 MHz, 0x0000000000000000, 398.15 W, 92 %, 30676 MiB
2026/10/01 05:22:45.086, 2902 MHz, 13801 MHz, 0x0000000000000000, 402.79 W, 94 %, 30673 MiB
2026/10/01 05:22:45.595, 2902 MHz, 13801 MHz, 0x0000000000000000, 407.16 W, 94 %, 30673 MiB
2026/10/01 05:22:46.108, 2895 MHz, 13801 MHz, 0x0000000000000000, 451.78 W, 94 %, 30673 MiB
2026/10/01 05:22:46.620, 2895 MHz, 13801 MHz, 0x0000000000000004, 480.28 W, 100 %, 30673 MiB
2026/10/01 05:22:47.130, 2902 MHz, 13801 MHz, 0x0000000000000000, 446.39 W, 91 %, 30673 MiB
2026/10/01 05:22:47.640, 2902 MHz, 13801 MHz, 0x0000000000000000, 422.12 W, 92 %, 30673 MiB
2026/10/01 05:22:48.150, 2902 MHz, 13801 MHz, 0x0000000000000000, 404.08 W, 93 %, 30673 MiB
2026/10/01 05:22:48.660, 2902 MHz, 13801 MHz, 0x0000000000000000, 404.05 W, 93 %, 30673 MiB
2026/10/01 05:22:49.169, 2902 MHz, 13801 MHz, 0x0000000000000000, 403.06 W, 92 %, 30673 MiB
2026/10/01 05:22:49.682, 2902 MHz, 13801 MHz, 0x0000000000000000, 403.74 W, 90 %, 30673 MiB
2026/10/01 05:22:50.193, 2895 MHz, 13801 MHz, 0x0000000000000000, 454.73 W, 93 %, 30673 MiB
2026/10/01 05:22:50.704, 2902 MHz, 13801 MHz, 0x0000000000000000, 449.82 W, 91 %, 30673 MiB
2026/10/01 05:22:51.214, 2895 MHz, 13801 MHz, 0x0000000000000000, 452.03 W, 93 %, 30673 MiB
2026/10/01 05:22:51.727, 2902 MHz, 13801 MHz, 0x0000000000000000, 449.86 W, 93 %, 30673 MiB
2026/10/01 05:22:52.235, 2902 MHz, 13801 MHz, 0x0000000000000000, 410.05 W, 93 %, 30673 MiB
2026/10/01 05:22:52.744, 2902 MHz, 13801 MHz, 0x0000000000000000, 404.10 W, 92 %, 30673 MiB
2026/10/01 05:22:53.256, 2902 MHz, 13801 MHz, 0x0000000000000000, 403.82 W, 93 %, 30673 MiB
2026/10/01 05:22:53.767, 2902 MHz, 13801 MHz, 0x0000000000000000, 404.68 W, 92 %, 30673 MiB
2026/10/01 05:22:54.278, 2895 MHz, 13801 MHz, 0x0000000000000004, 479.47 W, 100 %, 30677 MiB
2026/10/01 05:22:54.786, 2895 MHz, 13801 MHz, 0x0000000000000000, 506.33 W, 92 %, 30677 MiB
2026/10/01 05:22:55.291, 2902 MHz, 13801 MHz, 0x0000000000000000, 440.40 W, 91 %, 30678 MiB
2026/10/01 05:22:55.800, 2902 MHz, 13801 MHz, 0x0000000000000000, 402.15 W, 92 %, 30678 MiB
2026/10/01 05:22:56.312, 2902 MHz, 13801 MHz, 0x0000000000000000, 399.79 W, 76 %, 30678 MiB
2026/10/01 05:22:56.821, 2902 MHz, 13801 MHz, 0x0000000000000000, 401.08 W, 92 %, 30678 MiB
2026/10/01 05:22:57.334, 2902 MHz, 13801 MHz, 0x0000000000000000, 403.26 W, 93 %, 30674 MiB
2026/10/01 05:22:57.845, 2902 MHz, 13801 MHz, 0x0000000000000000, 407.96 W, 94 %, 30674 MiB
2026/10/01 05:22:58.356, 2902 MHz, 13801 MHz, 0x0000000000000000, 406.64 W, 92 %, 30674 MiB
2026/10/01 05:22:58.870, 2902 MHz, 13801 MHz, 0x0000000000000000, 407.34 W, 93 %, 30674 MiB
2026/10/01 05:22:59.380, 2895 MHz, 13801 MHz, 0x0000000000000000, 456.59 W, 94 %, 30674 MiB
2026/10/01 05:22:59.892, 2902 MHz, 13801 MHz, 0x0000000000000004, 476.67 W, 100 %, 30674 MiB
2026/10/01 05:23:00.401, 2902 MHz, 13801 MHz, 0x0000000000000000, 460.74 W, 93 %, 30674 MiB
2026/10/01 05:23:00.908, 2902 MHz, 13801 MHz, 0x0000000000000000, 453.70 W, 94 %, 30674 MiB
2026/10/01 05:23:01.417, 2902 MHz, 13801 MHz, 0x0000000000000000, 407.88 W, 94 %, 30674 MiB
2026/10/01 05:23:01.926, 2902 MHz, 13801 MHz, 0x0000000000000000, 407.61 W, 93 %, 30674 MiB
2026/10/01 05:23:02.436, 2902 MHz, 13801 MHz, 0x0000000000000000, 409.92 W, 94 %, 30674 MiB
2026/10/01 05:23:02.948, 2895 MHz, 13801 MHz, 0x0000000000000000, 455.14 W, 91 %, 30674 MiB
2026/10/01 05:23:03.456, 2895 MHz, 13801 MHz, 0x0000000000000004, 510.84 W, 97 %, 30674 MiB
2026/10/01 05:23:03.965, 2902 MHz, 13801 MHz, 0x0000000000000000, 460.99 W, 93 %, 30674 MiB
2026/10/01 05:23:04.476, 2902 MHz, 13801 MHz, 0x0000000000000000, 409.72 W, 91 %, 30674 MiB
2026/10/01 05:23:04.985, 2902 MHz, 13801 MHz, 0x0000000000000000, 400.10 W, 77 %, 30679 MiB
2026/10/01 05:23:05.501, 2925 MHz, 13801 MHz, 0x0000000000000000, 249.35 W, 0 %, 30679 MiB
2026/10/01 05:23:06.016, 2925 MHz, 13801 MHz, 0x0000000000000000, 125.55 W, 0 %, 30674 MiB
2026/10/01 05:23:06.531, 2925 MHz, 13801 MHz, 0x0000000000000000, 99.48 W, 0 %, 30674 MiB
2026/10/01 05:23:07.032, 1215 MHz, 13801 MHz, 0x0000000000000000, 85.23 W, 0 %, 30674 MiB
2026/10/01 05:23:07.547, 667 MHz, 7001 MHz, 0x0000000000000000, 58.62 W, 0 %, 30674 MiB
2026/10/01 05:23:08.049, 525 MHz, 7001 MHz, 0x0000000000000000, 41.71 W, 0 %, 30674 MiB
2026/10/01 05:23:08.564, 465 MHz, 7001 MHz, 0x0000000000000000, 38.97 W, 0 %, 30674 MiB
2026/10/01 05:23:09.077, 465 MHz, 7001 MHz, 0x0000000000000000, 38.97 W, 0 %, 30674 MiB
2026/10/01 05:23:09.578, 292 MHz, 7001 MHz, 0x0000000000000000, 37.22 W, 0 %, 30674 MiB
2026/10/01 05:23:10.092, 292 MHz, 7001 MHz, 0x0000000000000000, 37.22 W, 0 %, 30674 MiB
2026/10/01 05:23:10.607, 180 MHz, 810 MHz, 0x0000000000000000, 32.43 W, 0 %, 30674 MiB
2026/10/01 05:23:11.121, 180 MHz, 810 MHz, 0x0000000000000000, 32.43 W, 0 %, 30674 MiB
2026/10/01 05:23:11.622, 180 MHz, 810 MHz, 0x0000000000000000, 13.61 W, 0 %, 30674 MiB
2026/10/01 05:23:12.137, 180 MHz, 810 MHz, 0x0000000000000000, 13.61 W, 0 %, 30674 MiB
2026/10/01 05:23:12.652, 180 MHz, 405 MHz, 0x0000000000000000, 13.07 W, 0 %, 30674 MiB
2026/10/01 05:23:13.167, 180 MHz, 405 MHz, 0x0000000000000000, 13.07 W, 0 %, 30674 MiB
2026/10/01 05:23:13.683, 180 MHz, 405 MHz, 0x0000000000000000, 13.19 W, 0 %, 30674 MiB
2026/10/01 05:23:14.197, 180 MHz, 405 MHz, 0x0000000000000000, 13.19 W, 0 %, 30674 MiB
2026/10/01 05:23:14.711, 180 MHz, 405 MHz, 0x0000000000000000, 12.87 W, 0 %, 30674 MiB
2026/10/01 05:23:15.223, 180 MHz, 405 MHz, 0x0000000000000000, 12.87 W, 0 %, 30674 MiB
2026/10/01 05:23:15.724, 180 MHz, 405 MHz, 0x0000000000000000, 12.73 W, 0 %, 30674 MiB
2026/10/01 05:23:16.239, 180 MHz, 405 MHz, 0x0000000000000000, 12.73 W, 0 %, 30674 MiB
2026/10/01 05:23:16.739, 180 MHz, 405 MHz, 0x0000000000000000, 12.73 W, 0 %, 30674 MiB
2026/10/01 05:23:17.255, 180 MHz, 405 MHz, 0x0000000000000000, 12.73 W, 0 %, 30674 MiB
2026/10/01 05:23:17.770, 180 MHz, 405 MHz, 0x0000000000000000, 12.55 W, 0 %, 30674 MiB
2026/10/01 05:23:18.270, 180 MHz, 405 MHz, 0x0000000000000000, 12.55 W, 0 %, 30674 MiB
2026/10/01 05:23:18.784, 180 MHz, 405 MHz, 0x0000000000000000, 13.73 W, 0 %, 30674 MiB
2026/10/01 05:23:19.300, 180 MHz, 405 MHz, 0x0000000000000000, 14.30 W, 0 %, 30674 MiB
2026/10/01 05:23:19.812, 180 MHz, 405 MHz, 0x0000000000000000, 15.64 W, 0 %, 30674 MiB
2026/10/01 05:23:20.328, 180 MHz, 405 MHz, 0x0000000000000000, 15.64 W, 0 %, 30674 MiB
2026/10/01 05:23:20.842, 180 MHz, 405 MHz, 0x0000000000000000, 12.51 W, 0 %, 30674 MiB
2026/10/01 05:23:21.345, 180 MHz, 405 MHz, 0x0000000000000000, 12.51 W, 0 %, 30674 MiB
2026/10/01 05:23:21.847, 2460 MHz, 13801 MHz, 0x0000000000000000, 84.18 W, 94 %, 30674 MiB
2026/10/01 05:23:22.363, 2902 MHz, 13801 MHz, 0x0000000000000000, 191.95 W, 94 %, 30674 MiB
2026/10/01 05:23:22.876, 2902 MHz, 13801 MHz, 0x0000000000000000, 495.07 W, 94 %, 30674 MiB
2026/10/01 05:23:23.392, 2902 MHz, 13801 MHz, 0x0000000000000000, 495.63 W, 94 %, 30674 MiB
2026/10/01 05:23:23.893, 2902 MHz, 13801 MHz, 0x0000000000000000, 496.80 W, 94 %, 30674 MiB
2026/10/01 05:23:24.409, 2902 MHz, 13801 MHz, 0x0000000000000000, 495.91 W, 93 %, 30674 MiB
2026/10/01 05:23:24.910, 2902 MHz, 13801 MHz, 0x0000000000000000, 493.88 W, 92 %, 30674 MiB
2026/10/01 05:23:25.410, 2902 MHz, 13801 MHz, 0x0000000000000000, 494.61 W, 94 %, 30674 MiB
2026/10/01 05:23:25.911, 2902 MHz, 13801 MHz, 0x0000000000000000, 491.62 W, 93 %, 30677 MiB
2026/10/01 05:23:26.423, 2902 MHz, 13801 MHz, 0x0000000000000000, 487.27 W, 91 %, 30677 MiB
2026/10/01 05:23:26.923, 2902 MHz, 13801 MHz, 0x0000000000000000, 490.35 W, 94 %, 30674 MiB
2026/10/01 05:23:27.425, 2902 MHz, 13801 MHz, 0x0000000000000000, 481.71 W, 95 %, 30674 MiB
2026/10/01 05:23:27.926, 2902 MHz, 13801 MHz, 0x0000000000000000, 486.41 W, 95 %, 30674 MiB
2026/10/01 05:23:28.428, 2902 MHz, 13801 MHz, 0x0000000000000000, 500.43 W, 95 %, 30674 MiB
2026/10/01 05:23:28.930, 2902 MHz, 13801 MHz, 0x0000000000000000, 501.38 W, 95 %, 30674 MiB
2026/10/01 05:23:29.430, 2902 MHz, 13801 MHz, 0x0000000000000000, 501.82 W, 94 %, 30674 MiB
2026/10/01 05:23:29.946, 2895 MHz, 13801 MHz, 0x0000000000000000, 502.25 W, 95 %, 30674 MiB
2026/10/01 05:23:30.461, 2895 MHz, 13801 MHz, 0x0000000000000000, 501.98 W, 94 %, 30674 MiB
2026/10/01 05:23:30.976, 2895 MHz, 13801 MHz, 0x0000000000000000, 500.54 W, 94 %, 30674 MiB
2026/10/01 05:23:31.478, 2895 MHz, 13801 MHz, 0x0000000000000000, 498.95 W, 94 %, 30674 MiB
2026/10/01 05:23:31.979, 2895 MHz, 13801 MHz, 0x0000000000000000, 498.44 W, 94 %, 30674 MiB
2026/10/01 05:23:42.714, 180 MHz, 405 MHz, 0x0000000000000000, 11.82 W, 0 %, 30674 MiB
2026/10/01 05:23:43.227, 1657 MHz, 13801 MHz, 0x0000000000000000, 44.19 W, 91 %, 30674 MiB
2026/10/01 05:23:43.741, 2902 MHz, 13801 MHz, 0x0000000000000000, 255.76 W, 92 %, 30674 MiB
2026/10/01 05:23:44.242, 2902 MHz, 13801 MHz, 0x0000000000000000, 483.54 W, 94 %, 30674 MiB
2026/10/01 05:23:44.756, 2902 MHz, 13801 MHz, 0x0000000000000000, 492.82 W, 93 %, 30674 MiB
2026/10/01 05:23:45.271, 2902 MHz, 13801 MHz, 0x0000000000000000, 492.81 W, 92 %, 30674 MiB
2026/10/01 05:23:45.784, 2902 MHz, 13801 MHz, 0x0000000000000000, 493.84 W, 95 %, 30674 MiB
2026/10/01 05:23:46.297, 2902 MHz, 13801 MHz, 0x0000000000000000, 495.33 W, 94 %, 30674 MiB
2026/10/01 05:23:46.811, 2902 MHz, 13801 MHz, 0x0000000000000000, 493.41 W, 94 %, 30674 MiB
2026/10/01 05:23:47.326, 2902 MHz, 13801 MHz, 0x0000000000000000, 491.09 W, 91 %, 30679 MiB
2026/10/01 05:23:47.828, 2902 MHz, 13801 MHz, 0x0000000000000000, 492.49 W, 94 %, 30674 MiB
2026/10/01 05:23:48.343, 2910 MHz, 13801 MHz, 0x0000000000000000, 467.47 W, 75 %, 30674 MiB
2026/10/01 05:23:48.857, 2902 MHz, 13801 MHz, 0x0000000000000000, 451.22 W, 93 %, 30674 MiB
2026/10/01 05:23:49.371, 2895 MHz, 13801 MHz, 0x0000000000000000, 467.94 W, 94 %, 30674 MiB
2026/10/01 05:23:49.885, 2895 MHz, 13801 MHz, 0x0000000000000000, 492.12 W, 93 %, 30674 MiB
2026/10/01 05:23:50.399, 2902 MHz, 13801 MHz, 0x0000000000000000, 491.92 W, 94 %, 30674 MiB
2026/10/01 05:23:50.901, 2902 MHz, 13801 MHz, 0x0000000000000000, 495.13 W, 94 %, 30674 MiB
2026/10/01 05:23:51.416, 2902 MHz, 13801 MHz, 0x0000000000000000, 494.96 W, 93 %, 30674 MiB
2026/10/01 05:23:51.931, 2895 MHz, 13801 MHz, 0x0000000000000000, 496.08 W, 93 %, 30674 MiB
2026/10/01 05:23:52.444, 2895 MHz, 13801 MHz, 0x0000000000000000, 495.90 W, 94 %, 30674 MiB
2026/10/01 05:23:52.958, 2895 MHz, 13801 MHz, 0x0000000000000000, 494.21 W, 92 %, 30674 MiB
2026/10/01 05:23:53.473, 2895 MHz, 13801 MHz, 0x0000000000000000, 494.43 W, 94 %, 30674 MiB
2026/10/01 05:23:53.987, 2895 MHz, 13801 MHz, 0x0000000000000000, 473.85 W, 36 %, 30674 MiB
2026/10/01 05:23:54.488, 2925 MHz, 13801 MHz, 0x0000000000000000, 295.25 W, 0 %, 30674 MiB
2026/10/01 05:23:55.002, 2925 MHz, 13801 MHz, 0x0000000000000000, 95.11 W, 0 %, 30674 MiB
2026/10/01 05:23:55.503, 1950 MHz, 13801 MHz, 0x0000000000000000, 85.66 W, 0 %, 30674 MiB
2026/10/01 05:23:56.019, 487 MHz, 810 MHz, 0x0000000000000000, 57.00 W, 0 %, 30674 MiB
2026/10/01 05:23:56.520, 382 MHz, 810 MHz, 0x0000000000000000, 31.54 W, 0 %, 30674 MiB
2026/10/01 05:23:57.020, 292 MHz, 810 MHz, 0x0000000000000000, 21.62 W, 0 %, 30674 MiB
2026/10/01 05:23:57.534, 217 MHz, 810 MHz, 0x0000000000000000, 16.99 W, 0 %, 30674 MiB
2026/10/01 05:23:58.048, 217 MHz, 810 MHz, 0x0000000000000000, 17.00 W, 0 %, 30674 MiB
2026/10/01 05:23:58.560, 217 MHz, 810 MHz, 0x0000000000000000, 17.00 W, 0 %, 30674 MiB
2026/10/01 05:23:59.070, 180 MHz, 405 MHz, 0x0000000000000000, 12.33 W, 0 %, 30674 MiB
2026/10/01 05:23:59.584, 180 MHz, 405 MHz, 0x0000000000000000, 12.33 W, 0 %, 30674 MiB
2026/10/01 05:24:00.096, 180 MHz, 405 MHz, 0x0000000000000000, 12.07 W, 0 %, 30674 MiB
2026/10/01 05:24:00.606, 180 MHz, 405 MHz, 0x0000000000000000, 12.07 W, 0 %, 30674 MiB
2026/10/01 05:24:01.117, 180 MHz, 405 MHz, 0x0000000000000000, 11.81 W, 0 %, 30674 MiB
2026/10/01 05:24:01.627, 180 MHz, 405 MHz, 0x0000000000000000, 11.81 W, 0 %, 30674 MiB
2026/10/01 05:24:02.136, 180 MHz, 405 MHz, 0x0000000000000000, 11.93 W, 0 %, 30674 MiB
2026/10/01 05:24:02.649, 180 MHz, 405 MHz, 0x0000000000000000, 11.93 W, 0 %, 30674 MiB
2026/10/01 05:24:03.162, 180 MHz, 405 MHz, 0x0000000000000000, 11.97 W, 0 %, 30674 MiB
2026/10/01 05:24:03.675, 180 MHz, 405 MHz, 0x0000000000000000, 11.97 W, 0 %, 30674 MiB
2026/10/01 05:24:04.191, 180 MHz, 405 MHz, 0x0000000000000000, 11.89 W, 0 %, 30674 MiB
2026/10/01 05:24:04.704, 1417 MHz, 13801 MHz, 0x0000000000000000, 25.95 W, 100 %, 30990 MiB
2026/10/01 05:24:05.220, 2895 MHz, 13801 MHz, 0x0000000000000004, 224.25 W, 100 %, 30990 MiB
2026/10/01 05:24:05.721, 2895 MHz, 13801 MHz, 0x0000000000000004, 562.02 W, 100 %, 31308 MiB
2026/10/01 05:24:06.222, 2895 MHz, 13801 MHz, 0x0000000000000004, 569.54 W, 100 %, 31308 MiB
2026/10/01 05:24:06.735, 2895 MHz, 13801 MHz, 0x0000000000000004, 569.23 W, 99 %, 31634 MiB
2026/10/01 05:24:07.250, 2895 MHz, 13801 MHz, 0x0000000000000004, 574.48 W, 100 %, 31634 MiB
2026/10/01 05:24:07.758, 2910 MHz, 13801 MHz, 0x0000000000000000, 512.37 W, 94 %, 31634 MiB
2026/10/01 05:24:08.270, 2910 MHz, 13801 MHz, 0x0000000000000000, 434.33 W, 91 %, 31637 MiB
2026/10/01 05:24:08.780, 2910 MHz, 13801 MHz, 0x0000000000000000, 411.46 W, 94 %, 31634 MiB
2026/10/01 05:24:09.288, 2910 MHz, 13801 MHz, 0x0000000000000000, 413.62 W, 92 %, 31634 MiB
2026/10/01 05:24:09.800, 2910 MHz, 13801 MHz, 0x0000000000000000, 406.90 W, 93 %, 31634 MiB
2026/10/01 05:24:10.313, 2910 MHz, 13801 MHz, 0x0000000000000000, 407.15 W, 94 %, 31634 MiB
2026/10/01 05:24:10.824, 2910 MHz, 13801 MHz, 0x0000000000000000, 416.35 W, 93 %, 31634 MiB
2026/10/01 05:24:11.338, 2910 MHz, 13801 MHz, 0x0000000000000000, 416.04 W, 92 %, 31634 MiB
2026/10/01 05:24:11.846, 2910 MHz, 13801 MHz, 0x0000000000000000, 415.05 W, 93 %, 31634 MiB
2026/10/01 05:24:12.362, 2910 MHz, 13801 MHz, 0x0000000000000000, 414.94 W, 93 %, 31634 MiB
2026/10/01 05:24:12.872, 2910 MHz, 13801 MHz, 0x0000000000000000, 415.83 W, 94 %, 31634 MiB
2026/10/01 05:24:13.383, 2910 MHz, 13801 MHz, 0x0000000000000000, 412.95 W, 91 %, 31634 MiB
2026/10/01 05:24:13.892, 2910 MHz, 13801 MHz, 0x0000000000000000, 412.32 W, 93 %, 31634 MiB
2026/10/01 05:24:14.402, 2910 MHz, 13801 MHz, 0x0000000000000000, 415.69 W, 93 %, 31634 MiB
2026/10/01 05:24:14.913, 2910 MHz, 13801 MHz, 0x0000000000000000, 413.83 W, 94 %, 31634 MiB
2026/10/01 05:24:15.422, 2910 MHz, 13801 MHz, 0x0000000000000000, 408.34 W, 92 %, 31634 MiB
2026/10/01 05:24:15.933, 2910 MHz, 13801 MHz, 0x0000000000000000, 417.09 W, 94 %, 31634 MiB
2026/10/01 05:24:16.447, 2895 MHz, 13801 MHz, 0x0000000000000004, 465.67 W, 94 %, 31634 MiB
2026/10/01 05:24:16.950, 2895 MHz, 13801 MHz, 0x0000000000000004, 540.50 W, 96 %, 31634 MiB
2026/10/01 05:24:17.463, 2895 MHz, 13801 MHz, 0x0000000000000004, 575.62 W, 100 %, 31634 MiB
2026/10/01 05:24:17.975, 2895 MHz, 13801 MHz, 0x0000000000000004, 574.21 W, 100 %, 31634 MiB
2026/10/01 05:24:18.490, 2895 MHz, 13801 MHz, 0x0000000000000004, 574.30 W, 100 %, 31634 MiB
2026/10/01 05:24:19.001, 2872 MHz, 13801 MHz, 0x0000000000000000, 565.16 W, 92 %, 31634 MiB
2026/10/01 05:24:19.512, 2910 MHz, 13801 MHz, 0x0000000000000000, 419.95 W, 93 %, 31634 MiB
2026/10/01 05:24:20.021, 2910 MHz, 13801 MHz, 0x0000000000000000, 418.31 W, 94 %, 31634 MiB
2026/10/01 05:24:20.531, 2910 MHz, 13801 MHz, 0x0000000000000000, 419.83 W, 93 %, 31634 MiB
2026/10/01 05:24:21.041, 2910 MHz, 13801 MHz, 0x0000000000000000, 419.59 W, 92 %, 31634 MiB
2026/10/01 05:24:21.555, 2910 MHz, 13801 MHz, 0x0000000000000000, 419.14 W, 94 %, 31634 MiB
2026/10/01 05:24:22.064, 2910 MHz, 13801 MHz, 0x0000000000000000, 419.73 W, 93 %, 31634 MiB
2026/10/01 05:24:22.578, 2910 MHz, 13801 MHz, 0x0000000000000000, 420.31 W, 94 %, 31634 MiB
2026/10/01 05:24:23.086, 2910 MHz, 13801 MHz, 0x0000000000000000, 418.55 W, 91 %, 31634 MiB
2026/10/01 05:24:23.595, 2910 MHz, 13801 MHz, 0x0000000000000000, 417.40 W, 93 %, 31634 MiB
2026/10/01 05:24:24.107, 2910 MHz, 13801 MHz, 0x0000000000000000, 419.46 W, 94 %, 31634 MiB
2026/10/01 05:24:24.617, 2910 MHz, 13801 MHz, 0x0000000000000000, 420.71 W, 93 %, 31634 MiB
2026/10/01 05:24:25.126, 2910 MHz, 13801 MHz, 0x0000000000000000, 423.93 W, 92 %, 31634 MiB
2026/10/01 05:24:25.636, 2895 MHz, 13801 MHz, 0x0000000000000000, 463.77 W, 93 %, 31634 MiB
2026/10/01 05:24:26.146, 2895 MHz, 13801 MHz, 0x0000000000000000, 499.15 W, 90 %, 31634 MiB
2026/10/01 05:24:26.661, 2902 MHz, 13801 MHz, 0x0000000000000004, 494.67 W, 100 %, 31634 MiB
2026/10/01 05:24:27.172, 2902 MHz, 13801 MHz, 0x0000000000000000, 461.73 W, 92 %, 31634 MiB
2026/10/01 05:24:27.685, 2895 MHz, 13801 MHz, 0x0000000000000000, 488.80 W, 92 %, 31634 MiB
2026/10/01 05:24:28.197, 2895 MHz, 13801 MHz, 0x0000000000000000, 502.69 W, 90 %, 31634 MiB
2026/10/01 05:24:28.712, 2902 MHz, 13801 MHz, 0x0000000000000004, 468.18 W, 98 %, 31634 MiB
2026/10/01 05:24:29.226, 2895 MHz, 13801 MHz, 0x0000000000000004, 479.94 W, 100 %, 31639 MiB
2026/10/01 05:24:29.739, 2902 MHz, 13801 MHz, 0x0000000000000004, 506.92 W, 97 %, 31634 MiB
2026/10/01 05:24:30.249, 2902 MHz, 13801 MHz, 0x0000000000000000, 486.76 W, 92 %, 31634 MiB
2026/10/01 05:24:30.758, 2902 MHz, 13801 MHz, 0x0000000000000000, 445.55 W, 92 %, 31634 MiB
2026/10/01 05:24:31.268, 2902 MHz, 13801 MHz, 0x0000000000000000, 417.12 W, 93 %, 31634 MiB
2026/10/01 05:24:31.780, 2910 MHz, 13801 MHz, 0x0000000000000000, 418.67 W, 93 %, 31634 MiB
2026/10/01 05:24:32.290, 2910 MHz, 13801 MHz, 0x0000000000000000, 418.47 W, 94 %, 31634 MiB
2026/10/01 05:24:32.802, 2910 MHz, 13801 MHz, 0x0000000000000000, 419.70 W, 93 %, 31634 MiB
2026/10/01 05:24:33.316, 2910 MHz, 13801 MHz, 0x0000000000000000, 419.89 W, 93 %, 31634 MiB
2026/10/01 05:24:33.828, 2910 MHz, 13801 MHz, 0x0000000000000000, 418.77 W, 93 %, 31634 MiB
2026/10/01 05:24:34.340, 2910 MHz, 13801 MHz, 0x0000000000000000, 419.72 W, 94 %, 31634 MiB
2026/10/01 05:24:34.851, 2910 MHz, 13801 MHz, 0x0000000000000000, 420.42 W, 94 %, 31634 MiB
2026/10/01 05:24:35.362, 2910 MHz, 13801 MHz, 0x0000000000000000, 420.60 W, 92 %, 31634 MiB
2026/10/01 05:24:35.875, 2902 MHz, 13801 MHz, 0x0000000000000004, 455.22 W, 100 %, 31634 MiB
2026/10/01 05:24:36.386, 2895 MHz, 13801 MHz, 0x0000000000000004, 489.19 W, 100 %, 31634 MiB
2026/10/01 05:24:36.895, 2895 MHz, 13801 MHz, 0x0000000000000004, 506.56 W, 100 %, 31634 MiB
2026/10/01 05:24:37.406, 2902 MHz, 13801 MHz, 0x0000000000000000, 489.87 W, 93 %, 31634 MiB
2026/10/01 05:24:37.913, 2895 MHz, 13801 MHz, 0x0000000000000004, 467.98 W, 100 %, 31634 MiB
2026/10/01 05:24:38.429, 2902 MHz, 13801 MHz, 0x0000000000000000, 473.51 W, 93 %, 31634 MiB
2026/10/01 05:24:38.929, 2902 MHz, 13801 MHz, 0x0000000000000004, 446.48 W, 94 %, 31634 MiB
2026/10/01 05:24:39.443, 2895 MHz, 13801 MHz, 0x0000000000000004, 481.80 W, 100 %, 31634 MiB
2026/10/01 05:24:39.957, 2902 MHz, 13801 MHz, 0x0000000000000000, 504.45 W, 93 %, 31634 MiB
2026/10/01 05:24:40.471, 2895 MHz, 13801 MHz, 0x0000000000000000, 490.53 W, 94 %, 31634 MiB
2026/10/01 05:24:40.982, 2902 MHz, 13801 MHz, 0x0000000000000000, 466.89 W, 93 %, 31634 MiB
2026/10/01 05:24:41.494, 2902 MHz, 13801 MHz, 0x0000000000000004, 438.55 W, 100 %, 31634 MiB
2026/10/01 05:24:42.003, 2895 MHz, 13801 MHz, 0x0000000000000000, 477.99 W, 93 %, 31634 MiB
2026/10/01 05:24:42.513, 2902 MHz, 13801 MHz, 0x0000000000000000, 420.10 W, 91 %, 31634 MiB
2026/10/01 05:24:43.024, 2910 MHz, 13801 MHz, 0x0000000000000000, 417.73 W, 92 %, 31634 MiB
2026/10/01 05:24:43.531, 2910 MHz, 13801 MHz, 0x0000000000000000, 411.35 W, 86 %, 31634 MiB
2026/10/01 05:24:44.041, 2910 MHz, 13801 MHz, 0x0000000000000000, 406.90 W, 92 %, 31634 MiB
2026/10/01 05:24:44.553, 2910 MHz, 13801 MHz, 0x0000000000000000, 413.63 W, 93 %, 31634 MiB
2026/10/01 05:24:45.067, 2910 MHz, 13801 MHz, 0x0000000000000000, 419.42 W, 92 %, 31634 MiB
2026/10/01 05:24:45.581, 2895 MHz, 13801 MHz, 0x0000000000000004, 457.99 W, 92 %, 31634 MiB
2026/10/01 05:24:46.093, 2895 MHz, 13801 MHz, 0x0000000000000000, 490.77 W, 93 %, 31634 MiB
2026/10/01 05:24:46.603, 2902 MHz, 13801 MHz, 0x0000000000000000, 463.27 W, 94 %, 31634 MiB
2026/10/01 05:24:47.116, 2902 MHz, 13801 MHz, 0x0000000000000000, 420.56 W, 94 %, 31634 MiB
2026/10/01 05:24:47.631, 2895 MHz, 13801 MHz, 0x0000000000000000, 464.24 W, 93 %, 31634 MiB
2026/10/01 05:24:48.145, 2895 MHz, 13801 MHz, 0x0000000000000000, 501.29 W, 93 %, 31634 MiB
2026/10/01 05:24:48.657, 2895 MHz, 13801 MHz, 0x0000000000000000, 494.85 W, 93 %, 31634 MiB
2026/10/01 05:24:49.169, 2902 MHz, 13801 MHz, 0x0000000000000004, 468.36 W, 95 %, 31634 MiB
2026/10/01 05:24:49.681, 2895 MHz, 13801 MHz, 0x0000000000000000, 464.34 W, 91 %, 31634 MiB
2026/10/01 05:24:50.195, 2895 MHz, 13801 MHz, 0x0000000000000004, 502.07 W, 98 %, 31639 MiB
2026/10/01 05:24:50.708, 2902 MHz, 13801 MHz, 0x0000000000000000, 458.91 W, 94 %, 31639 MiB
2026/10/01 05:24:51.223, 2902 MHz, 13801 MHz, 0x0000000000000000, 431.11 W, 92 %, 31634 MiB
2026/10/01 05:24:51.734, 2895 MHz, 13801 MHz, 0x0000000000000000, 467.62 W, 94 %, 31634 MiB
2026/10/01 05:24:52.247, 2902 MHz, 13801 MHz, 0x0000000000000000, 464.94 W, 93 %, 31634 MiB
2026/10/01 05:24:52.758, 2902 MHz, 13801 MHz, 0x0000000000000000, 422.93 W, 93 %, 31634 MiB
2026/10/01 05:24:53.269, 2902 MHz, 13801 MHz, 0x0000000000000000, 420.75 W, 91 %, 31634 MiB
2026/10/01 05:24:53.778, 2902 MHz, 13801 MHz, 0x0000000000000000, 420.09 W, 93 %, 31634 MiB
2026/10/01 05:24:54.288, 2902 MHz, 13801 MHz, 0x0000000000000000, 421.25 W, 94 %, 31634 MiB
2026/10/01 05:24:54.801, 2902 MHz, 13801 MHz, 0x0000000000000000, 422.08 W, 93 %, 31634 MiB
2026/10/01 05:24:55.311, 2895 MHz, 13801 MHz, 0x0000000000000000, 464.53 W, 94 %, 31634 MiB
2026/10/01 05:24:55.823, 2902 MHz, 13801 MHz, 0x0000000000000004, 471.79 W, 95 %, 31634 MiB
2026/10/01 05:24:56.326, 2895 MHz, 13801 MHz, 0x0000000000000004, 480.58 W, 100 %, 31634 MiB
2026/10/01 05:24:56.835, 2902 MHz, 13801 MHz, 0x0000000000000000, 499.23 W, 90 %, 31634 MiB
2026/10/01 05:24:57.350, 2902 MHz, 13801 MHz, 0x0000000000000000, 454.01 W, 90 %, 31634 MiB
2026/10/01 05:24:57.860, 2895 MHz, 13801 MHz, 0x0000000000000000, 456.45 W, 93 %, 31634 MiB
2026/10/01 05:24:58.370, 2902 MHz, 13801 MHz, 0x0000000000000000, 454.98 W, 94 %, 31634 MiB
2026/10/01 05:24:58.881, 2895 MHz, 13801 MHz, 0x0000000000000000, 463.55 W, 93 %, 31634 MiB
2026/10/01 05:24:59.393, 2902 MHz, 13801 MHz, 0x0000000000000000, 463.42 W, 93 %, 31634 MiB
2026/10/01 05:24:59.905, 2895 MHz, 13801 MHz, 0x0000000000000000, 467.49 W, 94 %, 31634 MiB
2026/10/01 05:25:00.407, 2902 MHz, 13801 MHz, 0x0000000000000000, 464.14 W, 94 %, 31634 MiB
2026/10/01 05:25:00.919, 2895 MHz, 13801 MHz, 0x0000000000000004, 459.20 W, 100 %, 31634 MiB
2026/10/01 05:25:01.430, 2895 MHz, 13801 MHz, 0x0000000000000004, 512.68 W, 97 %, 31634 MiB
2026/10/01 05:25:01.940, 2902 MHz, 13801 MHz, 0x0000000000000000, 481.38 W, 91 %, 31634 MiB
2026/10/01 05:25:02.451, 2902 MHz, 13801 MHz, 0x0000000000000000, 430.73 W, 93 %, 31634 MiB
2026/10/01 05:25:02.962, 2902 MHz, 13801 MHz, 0x0000000000000000, 422.27 W, 93 %, 31634 MiB
2026/10/01 05:25:03.469, 2902 MHz, 13801 MHz, 0x0000000000000000, 418.44 W, 92 %, 31634 MiB
2026/10/01 05:25:03.981, 2902 MHz, 13801 MHz, 0x0000000000000000, 417.20 W, 91 %, 31634 MiB
2026/10/01 05:25:04.491, 2895 MHz, 13801 MHz, 0x0000000000000000, 463.90 W, 91 %, 31634 MiB
2026/10/01 05:25:05.001, 2902 MHz, 13801 MHz, 0x0000000000000000, 463.66 W, 91 %, 31634 MiB
2026/10/01 05:25:05.511, 2895 MHz, 13801 MHz, 0x0000000000000000, 461.53 W, 92 %, 31634 MiB
2026/10/01 05:25:06.021, 2902 MHz, 13801 MHz, 0x0000000000000000, 465.81 W, 91 %, 31634 MiB
2026/10/01 05:25:06.532, 2895 MHz, 13801 MHz, 0x0000000000000004, 453.41 W, 100 %, 31634 MiB
2026/10/01 05:25:07.041, 2902 MHz, 13801 MHz, 0x0000000000000000, 464.18 W, 90 %, 31634 MiB
2026/10/01 05:25:07.548, 2902 MHz, 13801 MHz, 0x0000000000000000, 431.62 W, 93 %, 31634 MiB
2026/10/01 05:25:08.063, 2895 MHz, 13801 MHz, 0x0000000000000004, 491.73 W, 100 %, 31634 MiB
2026/10/01 05:25:08.574, 2902 MHz, 13801 MHz, 0x0000000000000000, 488.45 W, 91 %, 31634 MiB
2026/10/01 05:25:09.083, 2902 MHz, 13801 MHz, 0x0000000000000000, 436.01 W, 92 %, 31634 MiB
2026/10/01 05:25:09.593, 2902 MHz, 13801 MHz, 0x0000000000000000, 418.49 W, 93 %, 31634 MiB
2026/10/01 05:25:10.104, 2902 MHz, 13801 MHz, 0x0000000000000004, 425.82 W, 94 %, 31634 MiB
2026/10/01 05:25:10.610, 2902 MHz, 13801 MHz, 0x0000000000000000, 452.80 W, 89 %, 31634 MiB
2026/10/01 05:25:11.116, 2902 MHz, 13801 MHz, 0x0000000000000000, 443.69 W, 88 %, 31634 MiB
2026/10/01 05:25:11.627, 2902 MHz, 13801 MHz, 0x0000000000000004, 431.56 W, 100 %, 31637 MiB
2026/10/01 05:25:12.138, 2902 MHz, 13801 MHz, 0x0000000000000000, 464.68 W, 94 %, 31634 MiB
2026/10/01 05:25:12.651, 2902 MHz, 13801 MHz, 0x0000000000000000, 458.89 W, 94 %, 31634 MiB
2026/10/01 05:25:13.161, 2895 MHz, 13801 MHz, 0x0000000000000004, 465.90 W, 100 %, 31634 MiB
2026/10/01 05:25:13.672, 2902 MHz, 13801 MHz, 0x0000000000000000, 461.07 W, 92 %, 31634 MiB
2026/10/01 05:25:14.183, 2902 MHz, 13801 MHz, 0x0000000000000000, 432.96 W, 93 %, 31634 MiB
2026/10/01 05:25:14.697, 2895 MHz, 13801 MHz, 0x0000000000000004, 468.79 W, 100 %, 31634 MiB
2026/10/01 05:25:15.208, 2902 MHz, 13801 MHz, 0x0000000000000000, 466.11 W, 93 %, 31634 MiB
2026/10/01 05:25:15.721, 2902 MHz, 13801 MHz, 0x0000000000000004, 461.47 W, 100 %, 31634 MiB
2026/10/01 05:25:16.232, 2902 MHz, 13801 MHz, 0x0000000000000000, 465.02 W, 93 %, 31634 MiB
2026/10/01 05:25:16.745, 2895 MHz, 13801 MHz, 0x0000000000000000, 495.11 W, 93 %, 31634 MiB
2026/10/01 05:25:17.252, 2895 MHz, 13801 MHz, 0x0000000000000000, 512.64 W, 93 %, 31634 MiB
2026/10/01 05:25:17.762, 2902 MHz, 13801 MHz, 0x0000000000000000, 467.62 W, 93 %, 31634 MiB
2026/10/01 05:25:18.273, 2895 MHz, 13801 MHz, 0x0000000000000000, 469.49 W, 94 %, 31634 MiB
2026/10/01 05:25:18.785, 2902 MHz, 13801 MHz, 0x0000000000000000, 470.69 W, 93 %, 31634 MiB
2026/10/01 05:25:19.291, 2902 MHz, 13801 MHz, 0x0000000000000000, 424.05 W, 92 %, 31634 MiB
2026/10/01 05:25:19.803, 2902 MHz, 13801 MHz, 0x0000000000000000, 423.11 W, 93 %, 31634 MiB
2026/10/01 05:25:20.316, 2895 MHz, 13801 MHz, 0x0000000000000004, 464.56 W, 100 %, 31634 MiB
2026/10/01 05:25:20.828, 2902 MHz, 13801 MHz, 0x0000000000000000, 469.25 W, 93 %, 31634 MiB
2026/10/01 05:25:21.339, 2902 MHz, 13801 MHz, 0x0000000000000000, 439.56 W, 93 %, 31634 MiB
2026/10/01 05:25:21.854, 2902 MHz, 13801 MHz, 0x0000000000000000, 422.65 W, 94 %, 31634 MiB
2026/10/01 05:25:22.363, 2895 MHz, 13801 MHz, 0x0000000000000000, 472.98 W, 93 %, 31634 MiB
2026/10/01 05:25:22.873, 2895 MHz, 13801 MHz, 0x0000000000000000, 514.41 W, 93 %, 31634 MiB
2026/10/01 05:25:23.386, 2902 MHz, 13801 MHz, 0x0000000000000000, 463.50 W, 93 %, 31634 MiB
2026/10/01 05:25:23.897, 2902 MHz, 13801 MHz, 0x0000000000000000, 421.18 W, 91 %, 31634 MiB
2026/10/01 05:25:24.408, 2895 MHz, 13801 MHz, 0x0000000000000004, 459.79 W, 100 %, 31634 MiB
2026/10/01 05:25:24.919, 2902 MHz, 13801 MHz, 0x0000000000000000, 462.73 W, 93 %, 31634 MiB
2026/10/01 05:25:25.420, 2895 MHz, 13801 MHz, 0x0000000000000000, 470.21 W, 93 %, 31634 MiB
2026/10/01 05:25:25.931, 2902 MHz, 13801 MHz, 0x0000000000000000, 465.30 W, 90 %, 31634 MiB
2026/10/01 05:25:26.446, 2902 MHz, 13801 MHz, 0x0000000000000000, 418.67 W, 92 %, 31634 MiB
2026/10/01 05:25:26.960, 2895 MHz, 13801 MHz, 0x0000000000000000, 458.11 W, 94 %, 31634 MiB
2026/10/01 05:25:27.471, 2895 MHz, 13801 MHz, 0x0000000000000000, 507.14 W, 92 %, 31634 MiB
2026/10/01 05:25:27.982, 2895 MHz, 13801 MHz, 0x0000000000000000, 504.99 W, 94 %, 31634 MiB
2026/10/01 05:25:28.492, 2902 MHz, 13801 MHz, 0x0000000000000000, 460.52 W, 93 %, 31634 MiB
2026/10/01 05:25:29.002, 2902 MHz, 13801 MHz, 0x0000000000000000, 424.53 W, 93 %, 31634 MiB
2026/10/01 05:25:29.509, 2902 MHz, 13801 MHz, 0x0000000000000000, 423.81 W, 93 %, 31634 MiB
2026/10/01 05:25:30.021, 2895 MHz, 13801 MHz, 0x0000000000000000, 464.89 W, 94 %, 31634 MiB
2026/10/01 05:25:30.534, 2902 MHz, 13801 MHz, 0x0000000000000000, 468.93 W, 93 %, 31634 MiB
2026/10/01 05:25:31.046, 2902 MHz, 13801 MHz, 0x0000000000000000, 422.16 W, 92 %, 31634 MiB
2026/10/01 05:25:31.554, 2902 MHz, 13801 MHz, 0x0000000000000000, 418.50 W, 91 %, 31634 MiB
2026/10/01 05:25:32.065, 2902 MHz, 13801 MHz, 0x0000000000000000, 416.54 W, 93 %, 31634 MiB
2026/10/01 05:25:32.576, 2895 MHz, 13801 MHz, 0x0000000000000000, 455.39 W, 88 %, 31639 MiB
2026/10/01 05:25:33.088, 2895 MHz, 13801 MHz, 0x0000000000000000, 500.52 W, 92 %, 31639 MiB
2026/10/01 05:25:33.597, 2902 MHz, 13801 MHz, 0x0000000000000000, 462.76 W, 93 %, 31634 MiB
2026/10/01 05:25:34.108, 2902 MHz, 13801 MHz, 0x0000000000000000, 422.01 W, 92 %, 31634 MiB
2026/10/01 05:25:34.620, 2902 MHz, 13801 MHz, 0x0000000000000000, 422.89 W, 92 %, 31634 MiB
2026/10/01 05:25:35.135, 2895 MHz, 13801 MHz, 0x0000000000000000, 434.97 W, 0 %, 31634 MiB
2026/10/01 05:25:35.649, 2925 MHz, 13801 MHz, 0x0000000000000000, 288.38 W, 0 %, 31634 MiB
2026/10/01 05:25:36.164, 2925 MHz, 13801 MHz, 0x0000000000000000, 102.60 W, 0 %, 31634 MiB
2026/10/01 05:25:36.677, 2925 MHz, 13801 MHz, 0x0000000000000000, 100.77 W, 0 %, 31634 MiB
2026/10/01 05:25:37.180, 1012 MHz, 13801 MHz, 0x0000000000000000, 85.39 W, 0 %, 31634 MiB
2026/10/01 05:25:37.681, 480 MHz, 810 MHz, 0x0000000000000000, 59.79 W, 0 %, 31634 MiB
2026/10/01 05:25:38.193, 367 MHz, 810 MHz, 0x0000000000000000, 34.82 W, 0 %, 31634 MiB
2026/10/01 05:25:38.707, 322 MHz, 810 MHz, 0x0000000000000000, 28.27 W, 0 %, 31634 MiB
2026/10/01 05:25:39.208, 322 MHz, 810 MHz, 0x0000000000000000, 28.27 W, 0 %, 31634 MiB
2026/10/01 05:25:39.723, 180 MHz, 405 MHz, 0x0000000000000000, 14.95 W, 0 %, 31634 MiB
2026/10/01 05:25:40.238, 180 MHz, 405 MHz, 0x0000000000000000, 14.95 W, 0 %, 31634 MiB
2026/10/01 05:25:40.750, 180 MHz, 405 MHz, 0x0000000000000000, 14.35 W, 0 %, 31634 MiB
2026/10/01 05:25:41.264, 180 MHz, 405 MHz, 0x0000000000000000, 14.35 W, 0 %, 31634 MiB
2026/10/01 05:25:41.779, 180 MHz, 405 MHz, 0x0000000000000000, 13.59 W, 0 %, 31634 MiB
2026/10/01 05:25:42.293, 180 MHz, 405 MHz, 0x0000000000000000, 13.59 W, 0 %, 31634 MiB
2026/10/01 05:25:42.806, 180 MHz, 405 MHz, 0x0000000000000000, 13.55 W, 0 %, 31634 MiB
2026/10/01 05:25:43.306, 180 MHz, 405 MHz, 0x0000000000000000, 13.55 W, 0 %, 31634 MiB
2026/10/01 05:25:43.821, 180 MHz, 405 MHz, 0x0000000000000000, 13.60 W, 0 %, 31634 MiB
2026/10/01 05:25:44.322, 180 MHz, 405 MHz, 0x0000000000000000, 13.60 W, 0 %, 31634 MiB
2026/10/01 05:25:44.837, 180 MHz, 405 MHz, 0x0000000000000000, 13.58 W, 0 %, 31634 MiB
2026/10/01 05:25:45.350, 180 MHz, 405 MHz, 0x0000000000000000, 13.58 W, 0 %, 31634 MiB
2026/10/01 05:25:45.864, 180 MHz, 405 MHz, 0x0000000000000000, 13.29 W, 0 %, 31634 MiB
2026/10/01 05:25:46.380, 180 MHz, 405 MHz, 0x0000000000000000, 13.29 W, 0 %, 31634 MiB
2026/10/01 05:25:46.894, 180 MHz, 405 MHz, 0x0000000000000000, 12.90 W, 0 %, 31634 MiB
2026/10/01 05:25:47.410, 180 MHz, 405 MHz, 0x0000000000000000, 12.90 W, 0 %, 31634 MiB
2026/10/01 05:25:47.922, 180 MHz, 405 MHz, 0x0000000000000000, 12.68 W, 0 %, 31634 MiB
2026/10/01 05:25:48.423, 180 MHz, 405 MHz, 0x0000000000000000, 12.68 W, 0 %, 31634 MiB
2026/10/01 05:25:48.923, 210 MHz, 405 MHz, 0x0000000000000000, 13.09 W, 0 %, 31634 MiB
2026/10/01 05:25:49.436, 180 MHz, 405 MHz, 0x0000000000000000, 13.83 W, 0 %, 31634 MiB
2026/10/01 05:25:49.951, 180 MHz, 405 MHz, 0x0000000000000000, 15.81 W, 0 %, 31634 MiB
2026/10/01 05:25:50.465, 180 MHz, 405 MHz, 0x0000000000000000, 15.81 W, 0 %, 31634 MiB
2026/10/01 05:25:50.981, 180 MHz, 405 MHz, 0x0000000000000000, 12.47 W, 0 %, 31634 MiB
2026/10/01 05:25:51.495, 180 MHz, 405 MHz, 0x0000000000000000, 12.23 W, 4 %, 31634 MiB
2026/10/01 05:25:51.996, 2902 MHz, 13801 MHz, 0x0000000000000000, 172.12 W, 93 %, 31634 MiB
2026/10/01 05:25:52.499, 2902 MHz, 13801 MHz, 0x0000000000000000, 264.96 W, 92 %, 31634 MiB
2026/10/01 05:25:53.013, 2902 MHz, 13801 MHz, 0x0000000000000000, 485.81 W, 90 %, 31634 MiB
2026/10/01 05:25:53.523, 2902 MHz, 13801 MHz, 0x0000000000000000, 479.57 W, 92 %, 31639 MiB
2026/10/01 05:25:54.024, 2902 MHz, 13801 MHz, 0x0000000000000000, 481.60 W, 88 %, 31639 MiB
2026/10/01 05:25:54.534, 2902 MHz, 13801 MHz, 0x0000000000000000, 481.85 W, 95 %, 31634 MiB
2026/10/01 05:25:55.036, 2902 MHz, 13801 MHz, 0x0000000000000000, 483.91 W, 93 %, 31634 MiB
2026/10/01 05:25:55.549, 2902 MHz, 13801 MHz, 0x0000000000000000, 493.33 W, 93 %, 31634 MiB
2026/10/01 05:25:56.050, 2902 MHz, 13801 MHz, 0x0000000000000000, 491.93 W, 87 %, 31634 MiB
2026/10/01 05:25:56.551, 2902 MHz, 13801 MHz, 0x0000000000000000, 472.89 W, 77 %, 31634 MiB
2026/10/01 05:25:57.065, 2902 MHz, 13801 MHz, 0x0000000000000000, 472.16 W, 92 %, 31634 MiB
2026/10/01 05:25:57.578, 2895 MHz, 13801 MHz, 0x0000000000000000, 493.15 W, 92 %, 31634 MiB
2026/10/01 05:25:58.094, 2895 MHz, 13801 MHz, 0x0000000000000000, 492.74 W, 93 %, 31634 MiB
2026/10/01 05:25:58.607, 2895 MHz, 13801 MHz, 0x0000000000000000, 494.95 W, 93 %, 31634 MiB
2026/10/01 05:25:59.109, 2895 MHz, 13801 MHz, 0x0000000000000000, 491.67 W, 93 %, 31634 MiB
2026/10/01 05:25:59.621, 2895 MHz, 13801 MHz, 0x0000000000000000, 490.59 W, 93 %, 31634 MiB
2026/10/01 05:26:00.134, 2895 MHz, 13801 MHz, 0x0000000000000000, 494.54 W, 94 %, 31634 MiB
2026/10/01 05:26:00.646, 2895 MHz, 13801 MHz, 0x0000000000000000, 494.57 W, 94 %, 31634 MiB
2026/10/01 05:26:01.161, 2895 MHz, 13801 MHz, 0x0000000000000000, 498.03 W, 94 %, 31634 MiB
2026/10/01 05:26:01.663, 2895 MHz, 13801 MHz, 0x0000000000000000, 498.04 W, 95 %, 31634 MiB
2026/10/01 05:26:12.739, 180 MHz, 405 MHz, 0x0000000000000000, 12.01 W, 0 %, 31634 MiB
2026/10/01 05:26:13.252, 1635 MHz, 13801 MHz, 0x0000000000000000, 43.45 W, 81 %, 31634 MiB
2026/10/01 05:26:13.766, 2902 MHz, 13801 MHz, 0x0000000000000000, 238.09 W, 91 %, 31634 MiB
2026/10/01 05:26:14.279, 2902 MHz, 13801 MHz, 0x0000000000000000, 458.98 W, 93 %, 31634 MiB
2026/10/01 05:26:14.792, 2902 MHz, 13801 MHz, 0x0000000000000000, 480.00 W, 91 %, 31639 MiB
2026/10/01 05:26:15.305, 2902 MHz, 13801 MHz, 0x0000000000000000, 475.87 W, 88 %, 31634 MiB
2026/10/01 05:26:15.818, 2902 MHz, 13801 MHz, 0x0000000000000000, 476.43 W, 92 %, 31634 MiB
2026/10/01 05:26:16.331, 2902 MHz, 13801 MHz, 0x0000000000000000, 473.26 W, 85 %, 31634 MiB
2026/10/01 05:26:16.840, 2902 MHz, 13801 MHz, 0x0000000000000000, 476.30 W, 91 %, 31634 MiB
2026/10/01 05:26:17.351, 2902 MHz, 13801 MHz, 0x0000000000000000, 486.89 W, 93 %, 31634 MiB
2026/10/01 05:26:17.853, 2902 MHz, 13801 MHz, 0x0000000000000000, 488.99 W, 93 %, 31634 MiB
2026/10/01 05:26:18.365, 2902 MHz, 13801 MHz, 0x0000000000000000, 474.06 W, 74 %, 31634 MiB
2026/10/01 05:26:18.880, 2902 MHz, 13801 MHz, 0x0000000000000000, 464.86 W, 90 %, 31634 MiB
2026/10/01 05:26:19.392, 2902 MHz, 13801 MHz, 0x0000000000000000, 457.92 W, 81 %, 31634 MiB
2026/10/01 05:26:19.906, 2902 MHz, 13801 MHz, 0x0000000000000000, 465.28 W, 85 %, 31634 MiB
2026/10/01 05:26:20.407, 2902 MHz, 13801 MHz, 0x0000000000000000, 468.20 W, 91 %, 31634 MiB
2026/10/01 05:26:20.922, 2895 MHz, 13801 MHz, 0x0000000000000000, 484.11 W, 93 %, 31634 MiB
2026/10/01 05:26:21.427, 2895 MHz, 13801 MHz, 0x0000000000000000, 500.00 W, 94 %, 31634 MiB
2026/10/01 05:26:21.928, 2895 MHz, 13801 MHz, 0x0000000000000000, 501.05 W, 95 %, 31634 MiB
2026/10/01 05:26:22.431, 2895 MHz, 13801 MHz, 0x0000000000000000, 501.68 W, 94 %, 31634 MiB
2026/10/01 05:26:22.932, 2895 MHz, 13801 MHz, 0x0000000000000000, 501.30 W, 94 %, 31634 MiB
2026/10/01 05:26:23.434, 2895 MHz, 13801 MHz, 0x0000000000000000, 499.83 W, 94 %, 31634 MiB
2026/10/01 05:26:23.946, 2895 MHz, 13801 MHz, 0x0000000000000000, 500.16 W, 95 %, 31634 MiB
2026/10/01 05:26:24.460, 2925 MHz, 13801 MHz, 0x0000000000000000, 358.27 W, 0 %, 31634 MiB
2026/10/01 05:26:24.973, 2925 MHz, 13801 MHz, 0x0000000000000000, 156.07 W, 0 %, 31634 MiB
2026/10/01 05:26:25.487, 2925 MHz, 13801 MHz, 0x0000000000000000, 96.28 W, 0 %, 31634 MiB
2026/10/01 05:26:25.989, 2925 MHz, 13801 MHz, 0x0000000000000000, 95.59 W, 0 %, 31634 MiB
2026/10/01 05:26:26.490, 540 MHz, 7001 MHz, 0x0000000000000000, 69.31 W, 0 %, 31634 MiB
2026/10/01 05:26:26.991, 427 MHz, 7001 MHz, 0x0000000000000000, 39.74 W, 0 %, 31634 MiB
2026/10/01 05:26:27.492, 375 MHz, 7001 MHz, 0x0000000000000000, 36.58 W, 0 %, 31634 MiB
2026/10/01 05:26:27.993, 270 MHz, 7001 MHz, 0x0000000000000000, 36.49 W, 0 %, 31634 MiB
2026/10/01 05:26:28.506, 240 MHz, 7001 MHz, 0x0000000000000000, 36.40 W, 0 %, 31634 MiB
2026/10/01 05:26:29.012, 240 MHz, 7001 MHz, 0x0000000000000000, 36.40 W, 0 %, 31634 MiB
2026/10/01 05:26:29.527, 180 MHz, 7001 MHz, 0x0000000000000000, 36.24 W, 0 %, 31634 MiB
2026/10/01 05:26:30.041, 180 MHz, 810 MHz, 0x0000000000000000, 27.06 W, 0 %, 31634 MiB
2026/10/01 05:26:30.553, 180 MHz, 810 MHz, 0x0000000000000000, 27.06 W, 0 %, 31634 MiB
2026/10/01 05:26:31.054, 180 MHz, 405 MHz, 0x0000000000000000, 12.41 W, 0 %, 31634 MiB
2026/10/01 05:26:31.556, 180 MHz, 405 MHz, 0x0000000000000000, 12.41 W, 0 %, 31634 MiB
2026/10/01 05:26:32.057, 180 MHz, 405 MHz, 0x0000000000000000, 12.08 W, 0 %, 31634 MiB
2026/10/01 05:26:32.562, 180 MHz, 405 MHz, 0x0000000000000000, 12.08 W, 0 %, 31634 MiB
2026/10/01 05:26:33.073, 180 MHz, 405 MHz, 0x0000000000000000, 12.21 W, 0 %, 31634 MiB
2026/10/01 05:26:33.588, 180 MHz, 405 MHz, 0x0000000000000000, 12.21 W, 0 %, 31634 MiB
2026/10/01 05:26:34.100, 180 MHz, 405 MHz, 0x0000000000000000, 12.06 W, 0 %, 31634 MiB
2026/10/01 05:26:34.610, 180 MHz, 405 MHz, 0x0000000000000000, 12.06 W, 0 %, 31634 MiB
2026/10/01 05:26:35.119, 180 MHz, 405 MHz, 0x0000000000000000, 11.78 W, 0 %, 31634 MiB
2026/10/01 05:26:35.633, 2925 MHz, 13801 MHz, 0x0000000000000004, 88.19 W, 100 %, 31637 MiB
2026/10/01 05:26:36.134, 2887 MHz, 13801 MHz, 0x0000000000000004, 348.82 W, 90 %, 31634 MiB
2026/10/01 05:26:36.645, 2895 MHz, 13801 MHz, 0x0000000000000004, 565.96 W, 100 %, 31634 MiB
2026/10/01 05:26:37.160, 2895 MHz, 13801 MHz, 0x0000000000000004, 572.09 W, 100 %, 31634 MiB
2026/10/01 05:26:37.673, 2887 MHz, 13801 MHz, 0x0000000000000004, 579.72 W, 100 %, 31634 MiB
2026/10/01 05:26:38.185, 2880 MHz, 13801 MHz, 0x0000000000000004, 575.94 W, 100 %, 31634 MiB
2026/10/01 05:26:38.697, 2880 MHz, 13801 MHz, 0x0000000000000004, 572.26 W, 95 %, 31634 MiB
2026/10/01 05:26:39.212, 2895 MHz, 13801 MHz, 0x0000000000000004, 574.12 W, 100 %, 31634 MiB
2026/10/01 05:26:39.725, 2895 MHz, 13801 MHz, 0x0000000000000004, 573.92 W, 100 %, 31634 MiB
2026/10/01 05:26:40.240, 2887 MHz, 13801 MHz, 0x0000000000000004, 577.43 W, 100 %, 31634 MiB
2026/10/01 05:26:40.751, 2872 MHz, 13801 MHz, 0x0000000000000000, 558.05 W, 91 %, 31634 MiB
2026/10/01 05:26:41.260, 2910 MHz, 13801 MHz, 0x0000000000000000, 498.22 W, 91 %, 31634 MiB
2026/10/01 05:26:41.767, 2910 MHz, 13801 MHz, 0x0000000000000000, 441.72 W, 92 %, 31634 MiB
2026/10/01 05:26:42.277, 2910 MHz, 13801 MHz, 0x0000000000000000, 442.36 W, 93 %, 31634 MiB
2026/10/01 05:26:42.789, 2910 MHz, 13801 MHz, 0x0000000000000000, 444.19 W, 93 %, 31634 MiB
2026/10/01 05:26:43.303, 2910 MHz, 13801 MHz, 0x0000000000000000, 442.81 W, 91 %, 31634 MiB
2026/10/01 05:26:43.812, 2910 MHz, 13801 MHz, 0x0000000000000000, 437.50 W, 89 %, 31634 MiB
2026/10/01 05:26:44.321, 2910 MHz, 13801 MHz, 0x0000000000000000, 438.45 W, 93 %, 31634 MiB
2026/10/01 05:26:44.835, 2910 MHz, 13801 MHz, 0x0000000000000000, 441.52 W, 92 %, 31634 MiB
2026/10/01 05:26:45.346, 2910 MHz, 13801 MHz, 0x0000000000000000, 443.53 W, 92 %, 31634 MiB
2026/10/01 05:26:45.856, 2910 MHz, 13801 MHz, 0x0000000000000000, 443.64 W, 92 %, 31634 MiB
2026/10/01 05:26:46.366, 2910 MHz, 13801 MHz, 0x0000000000000000, 443.77 W, 92 %, 31634 MiB
2026/10/01 05:26:46.876, 2910 MHz, 13801 MHz, 0x0000000000000000, 444.35 W, 93 %, 31634 MiB
2026/10/01 05:26:47.385, 2910 MHz, 13801 MHz, 0x0000000000000000, 444.03 W, 89 %, 31634 MiB
2026/10/01 05:26:47.897, 2910 MHz, 13801 MHz, 0x0000000000000000, 443.26 W, 92 %, 31634 MiB
2026/10/01 05:26:48.406, 2910 MHz, 13801 MHz, 0x0000000000000000, 443.68 W, 92 %, 31634 MiB
2026/10/01 05:26:48.916, 2910 MHz, 13801 MHz, 0x0000000000000000, 445.08 W, 92 %, 31634 MiB
2026/10/01 05:26:49.426, 2910 MHz, 13801 MHz, 0x0000000000000000, 439.57 W, 92 %, 31634 MiB
2026/10/01 05:26:49.937, 2910 MHz, 13801 MHz, 0x0000000000000000, 421.32 W, 91 %, 31634 MiB
2026/10/01 05:26:50.452, 2895 MHz, 13801 MHz, 0x0000000000000000, 453.58 W, 93 %, 31634 MiB
2026/10/01 05:26:50.966, 2895 MHz, 13801 MHz, 0x0000000000000004, 527.44 W, 100 %, 31972 MiB
2026/10/01 05:26:51.481, 2895 MHz, 13801 MHz, 0x0000000000000004, 560.48 W, 100 %, 31972 MiB
2026/10/01 05:26:51.994, 2880 MHz, 13801 MHz, 0x0000000000000004, 575.98 W, 100 %, 31972 MiB
2026/10/01 05:26:52.509, 2887 MHz, 13801 MHz, 0x0000000000000004, 575.24 W, 100 %, 31972 MiB
2026/10/01 05:26:53.010, 2880 MHz, 13801 MHz, 0x0000000000000004, 577.97 W, 100 %, 31972 MiB
2026/10/01 05:26:53.522, 2887 MHz, 13801 MHz, 0x0000000000000004, 575.87 W, 100 %, 31972 MiB
2026/10/01 05:26:54.035, 2872 MHz, 13801 MHz, 0x0000000000000004, 574.74 W, 95 %, 31972 MiB
2026/10/01 05:26:54.551, 2872 MHz, 13801 MHz, 0x0000000000000004, 576.12 W, 100 %, 31972 MiB
2026/10/01 05:26:55.063, 2872 MHz, 13801 MHz, 0x0000000000000004, 576.74 W, 100 %, 31972 MiB
2026/10/01 05:26:55.576, 2887 MHz, 13801 MHz, 0x0000000000000000, 540.18 W, 88 %, 31972 MiB
2026/10/01 05:26:56.083, 2902 MHz, 13801 MHz, 0x0000000000000000, 478.22 W, 89 %, 31972 MiB
2026/10/01 05:26:56.595, 2902 MHz, 13801 MHz, 0x0000000000000000, 438.09 W, 89 %, 31975 MiB
2026/10/01 05:26:57.106, 2902 MHz, 13801 MHz, 0x0000000000000000, 440.48 W, 92 %, 31975 MiB
2026/10/01 05:26:57.612, 2902 MHz, 13801 MHz, 0x0000000000000000, 444.55 W, 91 %, 31972 MiB
2026/10/01 05:26:58.123, 2902 MHz, 13801 MHz, 0x0000000000000000, 446.14 W, 93 %, 31972 MiB
2026/10/01 05:26:58.634, 2902 MHz, 13801 MHz, 0x0000000000000000, 447.15 W, 92 %, 31972 MiB
2026/10/01 05:26:59.142, 2902 MHz, 13801 MHz, 0x0000000000000000, 448.07 W, 92 %, 31972 MiB
2026/10/01 05:26:59.655, 2902 MHz, 13801 MHz, 0x0000000000000000, 447.95 W, 92 %, 31972 MiB
2026/10/01 05:27:00.167, 2902 MHz, 13801 MHz, 0x0000000000000000, 446.61 W, 92 %, 31972 MiB
2026/10/01 05:27:00.677, 2902 MHz, 13801 MHz, 0x0000000000000000, 447.73 W, 92 %, 31972 MiB
2026/10/01 05:27:01.187, 2902 MHz, 13801 MHz, 0x0000000000000000, 448.32 W, 92 %, 31972 MiB
2026/10/01 05:27:01.697, 2902 MHz, 13801 MHz, 0x0000000000000000, 446.34 W, 91 %, 31972 MiB
2026/10/01 05:27:02.206, 2902 MHz, 13801 MHz, 0x0000000000000000, 446.29 W, 92 %, 31972 MiB
2026/10/01 05:27:02.717, 2902 MHz, 13801 MHz, 0x0000000000000000, 448.75 W, 93 %, 31972 MiB
2026/10/01 05:27:03.225, 2895 MHz, 13801 MHz, 0x0000000000000000, 486.77 W, 93 %, 31972 MiB
2026/10/01 05:27:03.737, 2902 MHz, 13801 MHz, 0x0000000000000000, 482.11 W, 89 %, 31972 MiB
2026/10/01 05:27:04.251, 2895 MHz, 13801 MHz, 0x0000000000000004, 498.20 W, 97 %, 31972 MiB
2026/10/01 05:27:04.764, 2895 MHz, 13801 MHz, 0x0000000000000004, 539.50 W, 100 %, 31972 MiB
2026/10/01 05:27:05.274, 2895 MHz, 13801 MHz, 0x0000000000000004, 526.94 W, 100 %, 31972 MiB
2026/10/01 05:27:05.790, 2895 MHz, 13801 MHz, 0x0000000000000000, 525.27 W, 91 %, 31972 MiB
2026/10/01 05:27:06.302, 2895 MHz, 13801 MHz, 0x0000000000000000, 513.65 W, 90 %, 31972 MiB
2026/10/01 05:27:06.817, 2895 MHz, 13801 MHz, 0x0000000000000004, 529.93 W, 100 %, 31972 MiB
2026/10/01 05:27:07.328, 2895 MHz, 13801 MHz, 0x0000000000000004, 542.86 W, 100 %, 31972 MiB
2026/10/01 05:27:07.841, 2895 MHz, 13801 MHz, 0x0000000000000000, 542.03 W, 89 %, 31972 MiB
2026/10/01 05:27:08.356, 2895 MHz, 13801 MHz, 0x0000000000000004, 545.86 W, 100 %, 31972 MiB
2026/10/01 05:27:08.857, 2895 MHz, 13801 MHz, 0x0000000000000004, 551.95 W, 100 %, 31972 MiB
2026/10/01 05:27:09.370, 2895 MHz, 13801 MHz, 0x0000000000000004, 547.20 W, 98 %, 31972 MiB
2026/10/01 05:27:09.882, 2895 MHz, 13801 MHz, 0x0000000000000000, 525.49 W, 91 %, 31972 MiB
2026/10/01 05:27:10.392, 2902 MHz, 13801 MHz, 0x0000000000000000, 481.44 W, 90 %, 31972 MiB
2026/10/01 05:27:10.900, 2902 MHz, 13801 MHz, 0x0000000000000000, 445.24 W, 92 %, 31972 MiB
2026/10/01 05:27:11.411, 2902 MHz, 13801 MHz, 0x0000000000000000, 447.64 W, 92 %, 31972 MiB
2026/10/01 05:27:11.919, 2902 MHz, 13801 MHz, 0x0000000000000000, 446.53 W, 91 %, 31972 MiB
2026/10/01 05:27:12.430, 2902 MHz, 13801 MHz, 0x0000000000000000, 444.52 W, 92 %, 31972 MiB
2026/10/01 05:27:12.941, 2902 MHz, 13801 MHz, 0x0000000000000000, 447.21 W, 93 %, 31972 MiB
2026/10/01 05:27:13.452, 2902 MHz, 13801 MHz, 0x0000000000000000, 446.94 W, 92 %, 31972 MiB
2026/10/01 05:27:13.960, 2902 MHz, 13801 MHz, 0x0000000000000000, 443.96 W, 92 %, 31972 MiB
2026/10/01 05:27:14.472, 2902 MHz, 13801 MHz, 0x0000000000000000, 444.48 W, 92 %, 31972 MiB
2026/10/01 05:27:14.984, 2902 MHz, 13801 MHz, 0x0000000000000000, 448.46 W, 92 %, 31972 MiB
2026/10/01 05:27:15.496, 2902 MHz, 13801 MHz, 0x0000000000000000, 449.39 W, 92 %, 31972 MiB
2026/10/01 05:27:16.010, 2902 MHz, 13801 MHz, 0x0000000000000000, 447.86 W, 91 %, 31972 MiB
2026/10/01 05:27:16.522, 2895 MHz, 13801 MHz, 0x0000000000000000, 482.77 W, 95 %, 31972 MiB
2026/10/01 05:27:17.032, 2895 MHz, 13801 MHz, 0x0000000000000000, 486.37 W, 90 %, 31972 MiB
2026/10/01 05:27:17.549, 2895 MHz, 13801 MHz, 0x0000000000000000, 502.59 W, 90 %, 31977 MiB
2026/10/01 05:27:18.063, 2895 MHz, 13801 MHz, 0x0000000000000000, 519.40 W, 93 %, 31977 MiB
2026/10/01 05:27:18.578, 2895 MHz, 13801 MHz, 0x0000000000000004, 519.73 W, 96 %, 31972 MiB
2026/10/01 05:27:19.079, 2895 MHz, 13801 MHz, 0x0000000000000000, 522.69 W, 91 %, 31972 MiB
2026/10/01 05:27:19.590, 2895 MHz, 13801 MHz, 0x0000000000000004, 510.03 W, 100 %, 31972 MiB
2026/10/01 05:27:20.104, 2895 MHz, 13801 MHz, 0x0000000000000004, 511.71 W, 96 %, 31972 MiB
2026/10/01 05:27:20.619, 2895 MHz, 13801 MHz, 0x0000000000000000, 535.66 W, 91 %, 31972 MiB
2026/10/01 05:27:21.130, 2895 MHz, 13801 MHz, 0x0000000000000004, 536.05 W, 100 %, 31972 MiB
2026/10/01 05:27:21.645, 2895 MHz, 13801 MHz, 0x0000000000000004, 537.01 W, 100 %, 31972 MiB
2026/10/01 05:27:22.155, 2895 MHz, 13801 MHz, 0x0000000000000004, 531.27 W, 100 %, 31972 MiB
2026/10/01 05:27:22.668, 2895 MHz, 13801 MHz, 0x0000000000000004, 533.18 W, 99 %, 31972 MiB
2026/10/01 05:27:23.179, 2895 MHz, 13801 MHz, 0x0000000000000004, 555.47 W, 98 %, 31972 MiB
2026/10/01 05:27:23.688, 2902 MHz, 13801 MHz, 0x0000000000000000, 511.23 W, 92 %, 31972 MiB
2026/10/01 05:27:24.195, 2902 MHz, 13801 MHz, 0x0000000000000000, 441.30 W, 89 %, 31972 MiB
2026/10/01 05:27:24.705, 2902 MHz, 13801 MHz, 0x0000000000000000, 442.57 W, 90 %, 31972 MiB
2026/10/01 05:27:25.216, 2902 MHz, 13801 MHz, 0x0000000000000000, 442.60 W, 91 %, 31972 MiB
2026/10/01 05:27:25.723, 2902 MHz, 13801 MHz, 0x0000000000000000, 440.17 W, 87 %, 31972 MiB
2026/10/01 05:27:26.231, 2902 MHz, 13801 MHz, 0x0000000000000000, 437.32 W, 89 %, 31972 MiB
2026/10/01 05:27:26.741, 2902 MHz, 13801 MHz, 0x0000000000000000, 438.22 W, 90 %, 31972 MiB
2026/10/01 05:27:27.252, 2902 MHz, 13801 MHz, 0x0000000000000000, 441.55 W, 92 %, 31972 MiB
2026/10/01 05:27:27.763, 2902 MHz, 13801 MHz, 0x0000000000000000, 442.66 W, 90 %, 31972 MiB
2026/10/01 05:27:28.271, 2902 MHz, 13801 MHz, 0x0000000000000000, 441.58 W, 91 %, 31972 MiB
2026/10/01 05:27:28.783, 2902 MHz, 13801 MHz, 0x0000000000000000, 443.25 W, 92 %, 31972 MiB
2026/10/01 05:27:29.297, 2895 MHz, 13801 MHz, 0x0000000000000004, 467.84 W, 100 %, 31972 MiB
2026/10/01 05:27:29.808, 2902 MHz, 13801 MHz, 0x0000000000000000, 478.97 W, 91 %, 31972 MiB
2026/10/01 05:27:30.320, 2895 MHz, 13801 MHz, 0x0000000000000004, 507.82 W, 100 %, 31972 MiB
2026/10/01 05:27:30.834, 2895 MHz, 13801 MHz, 0x0000000000000000, 521.24 W, 92 %, 31972 MiB
2026/10/01 05:27:31.335, 2902 MHz, 13801 MHz, 0x0000000000000004, 480.28 W, 93 %, 31972 MiB
2026/10/01 05:27:31.848, 2895 MHz, 13801 MHz, 0x0000000000000004, 523.13 W, 100 %, 31972 MiB
2026/10/01 05:27:32.360, 2902 MHz, 13801 MHz, 0x0000000000000000, 519.80 W, 90 %, 31972 MiB
2026/10/01 05:27:32.861, 2895 MHz, 13801 MHz, 0x0000000000000004, 526.62 W, 100 %, 31972 MiB
2026/10/01 05:27:33.361, 2895 MHz, 13801 MHz, 0x0000000000000004, 574.76 W, 100 %, 31972 MiB
2026/10/01 05:27:33.873, 2887 MHz, 13801 MHz, 0x0000000000000000, 557.39 W, 92 %, 31972 MiB
2026/10/01 05:27:34.387, 2895 MHz, 13801 MHz, 0x0000000000000000, 536.35 W, 92 %, 31972 MiB
2026/10/01 05:27:34.898, 2895 MHz, 13801 MHz, 0x0000000000000000, 521.02 W, 92 %, 31972 MiB
2026/10/01 05:27:35.400, 2895 MHz, 13801 MHz, 0x0000000000000004, 532.55 W, 100 %, 31972 MiB
2026/10/01 05:27:35.914, 2895 MHz, 13801 MHz, 0x0000000000000004, 548.52 W, 100 %, 31972 MiB
2026/10/01 05:27:36.426, 2895 MHz, 13801 MHz, 0x0000000000000004, 538.05 W, 100 %, 31972 MiB
2026/10/01 05:27:36.939, 2902 MHz, 13801 MHz, 0x0000000000000000, 498.52 W, 91 %, 31972 MiB
2026/10/01 05:27:37.445, 2895 MHz, 13801 MHz, 0x0000000000000000, 504.30 W, 90 %, 31972 MiB
2026/10/01 05:27:37.955, 2902 MHz, 13801 MHz, 0x0000000000000000, 487.17 W, 91 %, 31972 MiB
2026/10/01 05:27:38.466, 2902 MHz, 13801 MHz, 0x0000000000000000, 443.55 W, 89 %, 31972 MiB
2026/10/01 05:27:38.973, 2902 MHz, 13801 MHz, 0x0000000000000000, 440.80 W, 89 %, 31977 MiB
2026/10/01 05:27:39.482, 2902 MHz, 13801 MHz, 0x0000000000000000, 440.61 W, 92 %, 31972 MiB
2026/10/01 05:27:39.995, 2902 MHz, 13801 MHz, 0x0000000000000000, 442.15 W, 93 %, 31972 MiB
2026/10/01 05:27:40.505, 2902 MHz, 13801 MHz, 0x0000000000000000, 446.68 W, 91 %, 31972 MiB
2026/10/01 05:27:41.015, 2902 MHz, 13801 MHz, 0x0000000000000000, 448.41 W, 92 %, 31972 MiB
2026/10/01 05:27:41.524, 2902 MHz, 13801 MHz, 0x0000000000000000, 450.04 W, 92 %, 31972 MiB
2026/10/01 05:27:42.033, 2895 MHz, 13801 MHz, 0x0000000000000000, 485.38 W, 92 %, 31972 MiB
2026/10/01 05:27:42.542, 2902 MHz, 13801 MHz, 0x0000000000000000, 483.77 W, 92 %, 31972 MiB
2026/10/01 05:27:43.057, 2902 MHz, 13801 MHz, 0x0000000000000000, 449.58 W, 92 %, 31972 MiB
2026/10/01 05:27:43.572, 2895 MHz, 13801 MHz, 0x0000000000000000, 485.35 W, 87 %, 31972 MiB
2026/10/01 05:27:44.082, 2902 MHz, 13801 MHz, 0x0000000000000000, 479.42 W, 92 %, 31972 MiB
2026/10/01 05:27:44.597, 2895 MHz, 13801 MHz, 0x0000000000000004, 488.05 W, 97 %, 31972 MiB
2026/10/01 05:27:45.110, 2895 MHz, 13801 MHz, 0x0000000000000004, 547.42 W, 100 %, 31972 MiB
2026/10/01 05:27:45.622, 2895 MHz, 13801 MHz, 0x0000000000000004, 537.14 W, 100 %, 31972 MiB
2026/10/01 05:27:46.136, 2895 MHz, 13801 MHz, 0x0000000000000004, 537.83 W, 100 %, 31972 MiB
2026/10/01 05:27:46.649, 2895 MHz, 13801 MHz, 0x0000000000000004, 549.58 W, 100 %, 31972 MiB
2026/10/01 05:27:47.164, 2895 MHz, 13801 MHz, 0x0000000000000000, 540.91 W, 93 %, 31972 MiB
2026/10/01 05:27:47.677, 2895 MHz, 13801 MHz, 0x0000000000000000, 533.37 W, 90 %, 31972 MiB
2026/10/01 05:27:48.189, 2887 MHz, 13801 MHz, 0x0000000000000000, 521.92 W, 92 %, 31972 MiB
2026/10/01 05:27:48.704, 2895 MHz, 13801 MHz, 0x0000000000000004, 535.90 W, 96 %, 31972 MiB
2026/10/01 05:27:49.218, 2895 MHz, 13801 MHz, 0x0000000000000000, 527.28 W, 94 %, 31972 MiB
2026/10/01 05:27:49.727, 2895 MHz, 13801 MHz, 0x0000000000000000, 515.75 W, 89 %, 31972 MiB
2026/10/01 05:27:50.241, 2902 MHz, 13801 MHz, 0x0000000000000000, 482.30 W, 91 %, 31972 MiB
2026/10/01 05:27:50.754, 2895 MHz, 13801 MHz, 0x0000000000000004, 485.58 W, 100 %, 31972 MiB
2026/10/01 05:27:51.262, 2902 MHz, 13801 MHz, 0x0000000000000000, 494.36 W, 92 %, 31972 MiB
2026/10/01 05:27:51.771, 2902 MHz, 13801 MHz, 0x0000000000000000, 462.65 W, 91 %, 31972 MiB
2026/10/01 05:27:52.278, 2902 MHz, 13801 MHz, 0x0000000000000000, 448.91 W, 92 %, 31972 MiB
2026/10/01 05:27:52.791, 2902 MHz, 13801 MHz, 0x0000000000000000, 449.87 W, 92 %, 31972 MiB
2026/10/01 05:27:53.302, 2902 MHz, 13801 MHz, 0x0000000000000000, 450.10 W, 93 %, 31972 MiB
2026/10/01 05:27:53.814, 2902 MHz, 13801 MHz, 0x0000000000000000, 448.03 W, 92 %, 31972 MiB
2026/10/01 05:27:54.325, 2902 MHz, 13801 MHz, 0x0000000000000000, 448.24 W, 93 %, 31972 MiB
2026/10/01 05:27:54.838, 2902 MHz, 13801 MHz, 0x0000000000000000, 450.17 W, 92 %, 31972 MiB
2026/10/01 05:27:55.353, 2902 MHz, 13801 MHz, 0x0000000000000000, 449.78 W, 92 %, 31972 MiB
2026/10/01 05:27:55.863, 2895 MHz, 13801 MHz, 0x0000000000000004, 473.53 W, 100 %, 31972 MiB
2026/10/01 05:27:56.375, 2902 MHz, 13801 MHz, 0x0000000000000000, 486.03 W, 90 %, 31972 MiB
2026/10/01 05:27:56.885, 2895 MHz, 13801 MHz, 0x0000000000000004, 502.33 W, 97 %, 31972 MiB
2026/10/01 05:27:57.399, 2895 MHz, 13801 MHz, 0x0000000000000004, 515.42 W, 100 %, 31972 MiB
2026/10/01 05:27:57.913, 2895 MHz, 13801 MHz, 0x0000000000000004, 519.30 W, 100 %, 31972 MiB
2026/10/01 05:27:58.425, 2895 MHz, 13801 MHz, 0x0000000000000000, 538.78 W, 92 %, 31972 MiB
2026/10/01 05:27:58.940, 2895 MHz, 13801 MHz, 0x0000000000000004, 512.01 W, 100 %, 31972 MiB
2026/10/01 05:27:59.453, 2895 MHz, 13801 MHz, 0x0000000000000000, 487.24 W, 90 %, 31972 MiB
2026/10/01 05:27:59.968, 2895 MHz, 13801 MHz, 0x0000000000000004, 513.76 W, 100 %, 31975 MiB
2026/10/01 05:28:00.480, 2895 MHz, 13801 MHz, 0x0000000000000004, 541.89 W, 100 %, 31975 MiB
2026/10/01 05:28:00.990, 2895 MHz, 13801 MHz, 0x0000000000000000, 554.25 W, 94 %, 31972 MiB
2026/10/01 05:28:01.502, 2887 MHz, 13801 MHz, 0x0000000000000000, 539.96 W, 93 %, 31972 MiB
2026/10/01 05:28:02.017, 2895 MHz, 13801 MHz, 0x0000000000000000, 522.67 W, 87 %, 31972 MiB
2026/10/01 05:28:02.527, 2895 MHz, 13801 MHz, 0x0000000000000000, 527.87 W, 90 %, 31972 MiB
2026/10/01 05:28:03.041, 2902 MHz, 13801 MHz, 0x0000000000000004, 455.35 W, 96 %, 31972 MiB
2026/10/01 05:28:03.556, 2895 MHz, 13801 MHz, 0x0000000000000004, 507.72 W, 100 %, 31972 MiB
2026/10/01 05:28:04.067, 2895 MHz, 13801 MHz, 0x0000000000000004, 550.39 W, 100 %, 31972 MiB
2026/10/01 05:28:04.579, 2902 MHz, 13801 MHz, 0x0000000000000000, 510.89 W, 92 %, 31972 MiB
2026/10/01 05:28:05.086, 2902 MHz, 13801 MHz, 0x0000000000000000, 467.04 W, 91 %, 31972 MiB
2026/10/01 05:28:05.594, 2902 MHz, 13801 MHz, 0x0000000000000000, 450.41 W, 91 %, 31972 MiB
2026/10/01 05:28:06.106, 2902 MHz, 13801 MHz, 0x0000000000000000, 450.34 W, 91 %, 31972 MiB
2026/10/01 05:28:06.616, 2902 MHz, 13801 MHz, 0x0000000000000000, 451.15 W, 93 %, 31972 MiB
2026/10/01 05:28:07.124, 2902 MHz, 13801 MHz, 0x0000000000000000, 451.66 W, 93 %, 31972 MiB
2026/10/01 05:28:07.639, 2902 MHz, 13801 MHz, 0x0000000000000000, 450.56 W, 92 %, 31972 MiB
2026/10/01 05:28:08.152, 2902 MHz, 13801 MHz, 0x0000000000000000, 449.85 W, 91 %, 31972 MiB
2026/10/01 05:28:08.663, 2902 MHz, 13801 MHz, 0x0000000000000000, 450.66 W, 93 %, 31972 MiB
2026/10/01 05:28:09.173, 2895 MHz, 13801 MHz, 0x0000000000000000, 485.62 W, 92 %, 31972 MiB
2026/10/01 05:28:09.686, 2895 MHz, 13801 MHz, 0x0000000000000004, 509.43 W, 100 %, 31972 MiB
2026/10/01 05:28:10.197, 2902 MHz, 13801 MHz, 0x0000000000000000, 484.14 W, 93 %, 31972 MiB
2026/10/01 05:28:10.709, 2902 MHz, 13801 MHz, 0x0000000000000000, 466.59 W, 93 %, 31972 MiB
2026/10/01 05:28:11.224, 2895 MHz, 13801 MHz, 0x0000000000000004, 482.38 W, 96 %, 31972 MiB
2026/10/01 05:28:11.726, 2895 MHz, 13801 MHz, 0x0000000000000004, 544.49 W, 100 %, 31972 MiB
2026/10/01 05:28:12.236, 2895 MHz, 13801 MHz, 0x0000000000000004, 546.86 W, 96 %, 31972 MiB
2026/10/01 05:28:12.749, 2895 MHz, 13801 MHz, 0x0000000000000000, 515.22 W, 93 %, 31972 MiB
2026/10/01 05:28:13.258, 2895 MHz, 13801 MHz, 0x0000000000000004, 516.84 W, 96 %, 31972 MiB
2026/10/01 05:28:13.770, 2895 MHz, 13801 MHz, 0x0000000000000000, 521.49 W, 92 %, 31972 MiB
2026/10/01 05:28:14.282, 2895 MHz, 13801 MHz, 0x0000000000000004, 538.46 W, 100 %, 31972 MiB
2026/10/01 05:28:14.797, 2895 MHz, 13801 MHz, 0x0000000000000004, 547.58 W, 100 %, 31972 MiB
2026/10/01 05:28:15.310, 2895 MHz, 13801 MHz, 0x0000000000000004, 551.24 W, 100 %, 31972 MiB
2026/10/01 05:28:15.823, 2902 MHz, 13801 MHz, 0x0000000000000004, 510.52 W, 94 %, 31972 MiB
2026/10/01 05:28:16.330, 2895 MHz, 13801 MHz, 0x0000000000000000, 504.50 W, 91 %, 31972 MiB
2026/10/01 05:28:16.831, 2902 MHz, 13801 MHz, 0x0000000000000000, 485.30 W, 91 %, 31972 MiB
2026/10/01 05:28:17.345, 2895 MHz, 13801 MHz, 0x0000000000000000, 487.67 W, 91 %, 31972 MiB
2026/10/01 05:28:17.857, 2902 MHz, 13801 MHz, 0x0000000000000000, 484.63 W, 93 %, 31972 MiB
2026/10/01 05:28:18.371, 2895 MHz, 13801 MHz, 0x0000000000000000, 485.89 W, 91 %, 31972 MiB
2026/10/01 05:28:18.883, 2895 MHz, 13801 MHz, 0x0000000000000004, 527.41 W, 97 %, 31972 MiB
2026/10/01 05:28:19.394, 2902 MHz, 13801 MHz, 0x0000000000000000, 487.55 W, 92 %, 31972 MiB
2026/10/01 05:28:19.904, 2902 MHz, 13801 MHz, 0x0000000000000000, 461.40 W, 91 %, 31972 MiB
2026/10/01 05:28:20.416, 2902 MHz, 13801 MHz, 0x0000000000000000, 447.57 W, 90 %, 31972 MiB
2026/10/01 05:28:20.926, 2902 MHz, 13801 MHz, 0x0000000000000000, 443.88 W, 91 %, 31975 MiB
2026/10/01 05:28:21.435, 2902 MHz, 13801 MHz, 0x0000000000000000, 441.36 W, 89 %, 31975 MiB
2026/10/01 05:28:21.946, 2902 MHz, 13801 MHz, 0x0000000000000000, 444.62 W, 92 %, 31972 MiB
2026/10/01 05:28:22.456, 2902 MHz, 13801 MHz, 0x0000000000000000, 448.42 W, 91 %, 31972 MiB
2026/10/01 05:28:22.971, 2902 MHz, 13801 MHz, 0x0000000000000000, 449.55 W, 92 %, 31972 MiB
2026/10/01 05:28:23.482, 2895 MHz, 13801 MHz, 0x0000000000000000, 483.61 W, 92 %, 31972 MiB
2026/10/01 05:28:23.992, 2902 MHz, 13801 MHz, 0x0000000000000000, 486.94 W, 92 %, 31972 MiB
2026/10/01 05:28:24.508, 2902 MHz, 13801 MHz, 0x0000000000000004, 458.35 W, 96 %, 31972 MiB
2026/10/01 05:28:25.023, 2895 MHz, 13801 MHz, 0x0000000000000004, 495.50 W, 100 %, 31972 MiB
2026/10/01 05:28:25.536, 2902 MHz, 13801 MHz, 0x0000000000000000, 511.09 W, 91 %, 31972 MiB
2026/10/01 05:28:26.050, 2887 MHz, 13801 MHz, 0x0000000000000004, 529.74 W, 99 %, 31972 MiB
2026/10/01 05:28:26.564, 2865 MHz, 13801 MHz, 0x0000000000000004, 571.33 W, 100 %, 31972 MiB
2026/10/01 05:28:27.078, 2895 MHz, 13801 MHz, 0x0000000000000004, 555.38 W, 100 %, 31972 MiB
2026/10/01 05:28:27.593, 2895 MHz, 13801 MHz, 0x0000000000000000, 524.06 W, 92 %, 31972 MiB
2026/10/01 05:28:28.108, 2895 MHz, 13801 MHz, 0x0000000000000004, 502.65 W, 100 %, 31972 MiB
2026/10/01 05:28:28.619, 2895 MHz, 13801 MHz, 0x0000000000000004, 493.54 W, 100 %, 31972 MiB
2026/10/01 05:28:29.129, 2895 MHz, 13801 MHz, 0x0000000000000004, 519.51 W, 100 %, 31972 MiB
2026/10/01 05:28:29.638, 2895 MHz, 13801 MHz, 0x0000000000000004, 515.79 W, 100 %, 31972 MiB
2026/10/01 05:28:30.148, 2895 MHz, 13801 MHz, 0x0000000000000000, 496.95 W, 89 %, 31972 MiB
2026/10/01 05:28:30.659, 2895 MHz, 13801 MHz, 0x0000000000000004, 488.00 W, 100 %, 31972 MiB
2026/10/01 05:28:31.166, 2895 MHz, 13801 MHz, 0x0000000000000000, 484.57 W, 90 %, 31972 MiB
2026/10/01 05:28:31.677, 2895 MHz, 13801 MHz, 0x0000000000000004, 479.63 W, 100 %, 31972 MiB
2026/10/01 05:28:32.190, 2895 MHz, 13801 MHz, 0x0000000000000004, 501.46 W, 100 %, 31972 MiB
2026/10/01 05:28:32.699, 2902 MHz, 13801 MHz, 0x0000000000000000, 510.48 W, 90 %, 31972 MiB
2026/10/01 05:28:33.207, 2902 MHz, 13801 MHz, 0x0000000000000000, 457.43 W, 90 %, 31972 MiB
2026/10/01 05:28:33.717, 2902 MHz, 13801 MHz, 0x0000000000000000, 442.91 W, 90 %, 31972 MiB
2026/10/01 05:28:34.224, 2902 MHz, 13801 MHz, 0x0000000000000000, 442.98 W, 89 %, 31972 MiB
2026/10/01 05:28:34.731, 2902 MHz, 13801 MHz, 0x0000000000000000, 444.74 W, 92 %, 31972 MiB
2026/10/01 05:28:35.241, 2902 MHz, 13801 MHz, 0x0000000000000000, 447.11 W, 90 %, 31972 MiB
2026/10/01 05:28:35.743, 2902 MHz, 13801 MHz, 0x0000000000000000, 407.21 W, 0 %, 31972 MiB
2026/10/01 05:28:36.256, 2925 MHz, 13801 MHz, 0x0000000000000000, 251.67 W, 0 %, 31972 MiB
2026/10/01 05:28:36.771, 2925 MHz, 13801 MHz, 0x0000000000000000, 102.64 W, 0 %, 31972 MiB
2026/10/01 05:28:37.284, 2925 MHz, 13801 MHz, 0x0000000000000000, 101.54 W, 0 %, 31972 MiB
2026/10/01 05:28:37.799, 562 MHz, 7001 MHz, 0x0000000000000000, 78.87 W, 0 %, 31972 MiB
2026/10/01 05:28:38.302, 450 MHz, 7001 MHz, 0x0000000000000000, 47.81 W, 0 %, 31972 MiB
2026/10/01 05:28:38.803, 397 MHz, 7001 MHz, 0x0000000000000000, 38.89 W, 0 %, 31972 MiB
2026/10/01 05:28:39.317, 397 MHz, 7001 MHz, 0x0000000000000000, 38.89 W, 0 %, 31972 MiB
2026/10/01 05:28:39.831, 247 MHz, 7001 MHz, 0x0000000000000000, 38.41 W, 0 %, 31972 MiB
2026/10/01 05:28:40.345, 247 MHz, 7001 MHz, 0x0000000000000000, 38.41 W, 0 %, 31972 MiB
2026/10/01 05:28:40.859, 180 MHz, 7001 MHz, 0x0000000000000000, 38.33 W, 0 %, 31972 MiB
2026/10/01 05:28:41.374, 180 MHz, 7001 MHz, 0x0000000000000000, 38.33 W, 0 %, 31972 MiB
2026/10/01 05:28:41.875, 187 MHz, 810 MHz, 0x0000000000000000, 30.28 W, 0 %, 31975 MiB
2026/10/01 05:28:42.387, 180 MHz, 810 MHz, 0x0000000000000000, 27.41 W, 0 %, 31977 MiB
2026/10/01 05:28:42.899, 180 MHz, 810 MHz, 0x0000000000000000, 21.63 W, 0 %, 31975 MiB
2026/10/01 05:28:43.410, 180 MHz, 405 MHz, 0x0000000000000000, 18.80 W, 0 %, 31972 MiB
2026/10/01 05:28:43.926, 180 MHz, 405 MHz, 0x0000000000000000, 17.96 W, 0 %, 31972 MiB
2026/10/01 05:28:44.439, 180 MHz, 405 MHz, 0x0000000000000000, 17.48 W, 0 %, 31972 MiB
2026/10/01 05:28:44.954, 180 MHz, 405 MHz, 0x0000000000000000, 17.51 W, 0 %, 31972 MiB
2026/10/01 05:28:45.470, 180 MHz, 405 MHz, 0x0000000000000000, 17.51 W, 0 %, 31972 MiB
2026/10/01 05:28:45.985, 180 MHz, 405 MHz, 0x0000000000000000, 13.34 W, 0 %, 31972 MiB
2026/10/01 05:28:46.500, 180 MHz, 405 MHz, 0x0000000000000000, 13.34 W, 0 %, 31972 MiB
2026/10/01 05:28:47.001, 180 MHz, 405 MHz, 0x0000000000000000, 13.06 W, 0 %, 31972 MiB
2026/10/01 05:28:47.514, 180 MHz, 405 MHz, 0x0000000000000000, 13.06 W, 0 %, 31972 MiB
2026/10/01 05:28:48.026, 180 MHz, 405 MHz, 0x0000000000000000, 12.82 W, 0 %, 31972 MiB
2026/10/01 05:28:48.527, 180 MHz, 405 MHz, 0x0000000000000000, 12.82 W, 0 %, 31972 MiB
2026/10/01 05:28:49.030, 172 MHz, 405 MHz, 0x0000000000000000, 12.72 W, 0 %, 31972 MiB
2026/10/01 05:28:49.544, 180 MHz, 405 MHz, 0x0000000000000000, 12.51 W, 0 %, 31972 MiB
2026/10/01 05:28:50.058, 180 MHz, 405 MHz, 0x0000000000000000, 13.42 W, 0 %, 31972 MiB
2026/10/01 05:28:50.573, 180 MHz, 405 MHz, 0x0000000000000000, 15.44 W, 0 %, 31972 MiB
2026/10/01 05:28:51.088, 180 MHz, 405 MHz, 0x0000000000000000, 15.44 W, 0 %, 31972 MiB
2026/10/01 05:28:51.600, 210 MHz, 405 MHz, 0x0000000000000000, 13.63 W, 0 %, 31972 MiB
2026/10/01 05:28:52.114, 180 MHz, 405 MHz, 0x0000000000000000, 14.20 W, 3 %, 203 MiB
2026/10/01 05:28:52.628, 180 MHz, 405 MHz, 0x0000000000000000, 15.78 W, 0 %, 203 MiB
2026/10/01 05:28:53.143, 180 MHz, 405 MHz, 0x0000000000000000, 14.73 W, 0 %, 203 MiB
2026/10/01 05:28:53.658, 180 MHz, 405 MHz, 0x0000000000000000, 14.73 W, 0 %, 203 MiB
2026/10/01 05:28:54.158, 180 MHz, 405 MHz, 0x0000000000000000, 11.99 W, 0 %, 203 MiB
2026/10/01 05:28:54.663, 180 MHz, 405 MHz, 0x0000000000000000, 11.99 W, 0 %, 203 MiB
2026/10/01 05:28:55.178, 180 MHz, 405 MHz, 0x0000000000000000, 11.86 W, 0 %, 203 MiB
2026/10/01 05:28:55.693, 180 MHz, 405 MHz, 0x0000000000000000, 11.86 W, 0 %, 203 MiB
2026/10/01 05:28:56.208, 180 MHz, 405 MHz, 0x0000000000000000, 11.63 W, 0 %, 203 MiB
2026/10/01 05:28:56.710, 180 MHz, 405 MHz, 0x0000000000000000, 11.63 W, 0 %, 203 MiB
2026/10/01 05:28:57.225, 180 MHz, 405 MHz, 0x0000000000000000, 11.63 W, 0 %, 203 MiB
2026/10/01 05:28:57.739, 180 MHz, 405 MHz, 0x0000000000000000, 11.63 W, 0 %, 203 MiB
2026/10/01 05:28:58.240, 180 MHz, 405 MHz, 0x0000000000000000, 11.65 W, 0 %, 203 MiB
2026/10/01 05:28:58.740, 180 MHz, 405 MHz, 0x0000000000000000, 11.65 W, 0 %, 203 MiB
2026/10/01 05:28:59.256, 180 MHz, 405 MHz, 0x0000000000000000, 11.44 W, 0 %, 203 MiB
2026/10/01 05:28:59.760, 180 MHz, 405 MHz, 0x0000000000000000, 11.44 W, 0 %, 203 MiB
2026/10/01 05:29:00.264, 180 MHz, 405 MHz, 0x0000000000000000, 11.23 W, 0 %, 203 MiB
2026/10/01 05:29:00.764, 180 MHz, 405 MHz, 0x0000000000000000, 11.23 W, 0 %, 203 MiB
