2026/10/01 06:01:09.292, 180 MHz, 405 MHz, 0x0000000000000000, 10.32 W, 0 %, 245 MiB
2026/10/01 06:01:09.807, 180 MHz, 405 MHz, 0x0000000000000000, 10.38 W, 0 %, 245 MiB
2026/10/01 06:01:10.322, 180 MHz, 405 MHz, 0x0000000000000000, 10.38 W, 0 %, 245 MiB
2026/10/01 06:01:10.835, 180 MHz, 405 MHz, 0x0000000000000000, 10.32 W, 0 %, 245 MiB
2026/10/01 06:01:11.337, 180 MHz, 405 MHz, 0x0000000000000000, 10.32 W, 0 %, 245 MiB
2026/10/01 06:01:11.852, 180 MHz, 405 MHz, 0x0000000000000000, 9.47 W, 0 %, 245 MiB
2026/10/01 06:01:12.368, 180 MHz, 405 MHz, 0x0000000000000000, 9.47 W, 0 %, 245 MiB
2026/10/01 06:01:12.880, 180 MHz, 405 MHz, 0x0000000000000000, 9.59 W, 1 %, 245 MiB
2026/10/01 06:01:13.394, 180 MHz, 405 MHz, 0x0000000000000000, 9.76 W, 0 %, 245 MiB
2026/10/01 06:01:13.905, 180 MHz, 405 MHz, 0x0000000000000000, 10.05 W, 0 %, 245 MiB
2026/10/01 06:01:14.417, 180 MHz, 405 MHz, 0x0000000000000000, 10.05 W, 0 %, 245 MiB
2026/10/01 06:01:14.932, 195 MHz, 405 MHz, 0x0000000000000000, 9.32 W, 1 %, 245 MiB
2026/10/01 06:01:15.446, 180 MHz, 405 MHz, 0x0000000000000000, 9.62 W, 0 %, 245 MiB
2026/10/01 06:01:15.960, 180 MHz, 405 MHz, 0x0000000000000000, 9.72 W, 0 %, 245 MiB
2026/10/01 06:01:16.474, 180 MHz, 405 MHz, 0x0000000000000000, 9.72 W, 0 %, 245 MiB
2026/10/01 06:01:16.988, 180 MHz, 405 MHz, 0x0000000000000000, 9.21 W, 0 %, 245 MiB
2026/10/01 06:01:17.502, 180 MHz, 405 MHz, 0x0000000000000000, 9.21 W, 0 %, 245 MiB
2026/10/01 06:01:18.017, 180 MHz, 405 MHz, 0x0000000000000000, 9.20 W, 0 %, 245 MiB
2026/10/01 06:01:18.531, 172 MHz, 405 MHz, 0x0000000000000000, 9.11 W, 0 %, 245 MiB
2026/10/01 06:01:19.044, 172 MHz, 405 MHz, 0x0000000000000000, 9.11 W, 0 %, 245 MiB
2026/10/01 06:01:19.558, 180 MHz, 405 MHz, 0x0000000000000000, 9.17 W, 0 %, 245 MiB
2026/10/01 06:01:20.073, 180 MHz, 405 MHz, 0x0000000000000000, 9.17 W, 0 %, 245 MiB
2026/10/01 06:01:20.588, 180 MHz, 405 MHz, 0x0000000000000000, 9.19 W, 0 %, 245 MiB
2026/10/01 06:01:21.099, 180 MHz, 405 MHz, 0x0000000000000000, 9.19 W, 0 %, 245 MiB
2026/10/01 06:01:21.615, 180 MHz, 405 MHz, 0x0000000000000000, 9.12 W, 0 %, 245 MiB
2026/10/01 06:01:22.116, 180 MHz, 405 MHz, 0x0000000000000000, 9.12 W, 0 %, 245 MiB
2026/10/01 06:01:22.616, 180 MHz, 405 MHz, 0x0000000000000000, 9.23 W, 0 %, 245 MiB
2026/10/01 06:01:23.118, 180 MHz, 405 MHz, 0x0000000000000000, 9.23 W, 0 %, 245 MiB
2026/10/01 06:01:23.619, 180 MHz, 405 MHz, 0x0000000000000000, 9.37 W, 0 %, 245 MiB
2026/10/01 06:01:24.132, 180 MHz, 405 MHz, 0x0000000000000000, 9.37 W, 0 %, 245 MiB
2026/10/01 06:01:24.644, 180 MHz, 405 MHz, 0x0000000000000000, 9.27 W, 0 %, 245 MiB
2026/10/01 06:01:25.157, 180 MHz, 405 MHz, 0x0000000000000000, 9.27 W, 0 %, 245 MiB
2026/10/01 06:01:25.671, 180 MHz, 405 MHz, 0x0000000000000000, 9.24 W, 0 %, 245 MiB
2026/10/01 06:01:26.184, 180 MHz, 405 MHz, 0x0000000000000000, 9.24 W, 0 %, 245 MiB
2026/10/01 06:01:26.696, 180 MHz, 405 MHz, 0x0000000000000000, 9.12 W, 0 %, 245 MiB
2026/10/01 06:01:27.206, 180 MHz, 405 MHz, 0x0000000000000000, 9.12 W, 0 %, 245 MiB
2026/10/01 06:01:27.719, 180 MHz, 405 MHz, 0x0000000000000000, 9.17 W, 0 %, 245 MiB
2026/10/01 06:01:28.232, 180 MHz, 405 MHz, 0x0000000000000000, 9.17 W, 0 %, 245 MiB
2026/10/01 06:01:28.742, 180 MHz, 405 MHz, 0x0000000000000000, 9.29 W, 0 %, 245 MiB
2026/10/01 06:01:29.252, 195 MHz, 405 MHz, 0x0000000000000000, 9.48 W, 0 %, 248 MiB
2026/10/01 06:01:29.766, 180 MHz, 405 MHz, 0x0000000000000000, 9.98 W, 0 %, 245 MiB
2026/10/01 06:01:30.279, 180 MHz, 405 MHz, 0x0000000000000000, 10.40 W, 0 %, 245 MiB
2026/10/01 06:01:30.794, 180 MHz, 405 MHz, 0x0000000000000000, 10.41 W, 0 %, 245 MiB
2026/10/01 06:01:31.305, 180 MHz, 405 MHz, 0x0000000000000000, 10.44 W, 0 %, 245 MiB
2026/10/01 06:01:31.809, 180 MHz, 405 MHz, 0x0000000000000000, 10.54 W, 0 %, 245 MiB
2026/10/01 06:01:32.323, 180 MHz, 405 MHz, 0x0000000000000000, 10.54 W, 0 %, 245 MiB
2026/10/01 06:01:32.826, 180 MHz, 405 MHz, 0x0000000000000000, 9.59 W, 0 %, 245 MiB
2026/10/01 06:01:33.343, 180 MHz, 405 MHz, 0x0000000000000000, 9.59 W, 0 %, 245 MiB
2026/10/01 06:01:33.857, 180 MHz, 405 MHz, 0x0000000000000000, 9.53 W, 0 %, 245 MiB
2026/10/01 06:01:34.372, 180 MHz, 405 MHz, 0x0000000000000000, 9.53 W, 0 %, 245 MiB
2026/10/01 06:01:34.885, 180 MHz, 405 MHz, 0x0000000000000000, 9.48 W, 0 %, 245 MiB
2026/10/01 06:01:35.398, 180 MHz, 405 MHz, 0x0000000000000000, 9.48 W, 0 %, 245 MiB
2026/10/01 06:01:35.913, 180 MHz, 405 MHz, 0x0000000000000000, 9.53 W, 1 %, 245 MiB
2026/10/01 06:01:36.426, 180 MHz, 405 MHz, 0x0000000000000000, 9.72 W, 0 %, 245 MiB
2026/10/01 06:01:36.928, 180 MHz, 405 MHz, 0x0000000000000000, 9.80 W, 0 %, 245 MiB
2026/10/01 06:01:37.431, 180 MHz, 405 MHz, 0x0000000000000000, 9.80 W, 0 %, 245 MiB
2026/10/01 06:01:37.944, 180 MHz, 405 MHz, 0x0000000000000000, 8.93 W, 0 %, 245 MiB
2026/10/01 06:01:38.444, 180 MHz, 405 MHz, 0x0000000000000000, 8.93 W, 0 %, 245 MiB
2026/10/01 06:01:38.945, 180 MHz, 405 MHz, 0x0000000000000000, 8.99 W, 0 %, 245 MiB
2026/10/01 06:01:39.460, 180 MHz, 405 MHz, 0x0000000000000000, 8.99 W, 0 %, 984 MiB
2026/10/01 06:01:39.974, 585 MHz, 13801 MHz, 0x0000000000000000, 16.09 W, 9 %, 6074 MiB
2026/10/01 06:01:40.476, 2437 MHz, 13801 MHz, 0x0000000000000000, 29.61 W, 0 %, 6074 MiB
2026/10/01 06:01:40.987, 2392 MHz, 13801 MHz, 0x0000000000000000, 57.53 W, 0 %, 6074 MiB
2026/10/01 06:01:41.502, 2392 MHz, 13801 MHz, 0x0000000000000000, 55.74 W, 0 %, 6074 MiB
2026/10/01 06:01:42.018, 2392 MHz, 13801 MHz, 0x0000000000000000, 55.68 W, 0 %, 16846 MiB
2026/10/01 06:01:42.533, 2400 MHz, 13801 MHz, 0x0000000000000000, 60.38 W, 1 %, 17966 MiB
2026/10/01 06:01:43.047, 2392 MHz, 13801 MHz, 0x0000000000000000, 57.19 W, 0 %, 17966 MiB
2026/10/01 06:01:43.559, 2400 MHz, 13801 MHz, 0x0000000000000000, 55.59 W, 1 %, 17966 MiB
2026/10/01 06:01:44.074, 2392 MHz, 13801 MHz, 0x0000000000000000, 55.95 W, 1 %, 17966 MiB
2026/10/01 06:01:44.575, 2392 MHz, 13801 MHz, 0x0000000000000000, 55.92 W, 0 %, 17966 MiB
2026/10/01 06:01:45.076, 2400 MHz, 13801 MHz, 0x0000000000000000, 55.69 W, 1 %, 17966 MiB
2026/10/01 06:01:45.590, 2392 MHz, 13801 MHz, 0x0000000000000000, 55.79 W, 1 %, 17966 MiB
2026/10/01 06:01:46.106, 2392 MHz, 13801 MHz, 0x0000000000000000, 55.84 W, 0 %, 17966 MiB
2026/10/01 06:01:46.621, 607 MHz, 810 MHz, 0x0000000000000000, 43.92 W, 5 %, 17966 MiB
2026/10/01 06:01:47.134, 480 MHz, 810 MHz, 0x0000000000000000, 24.35 W, 2 %, 17966 MiB
2026/10/01 06:01:47.635, 367 MHz, 810 MHz, 0x0000000000000000, 15.69 W, 3 %, 17966 MiB
2026/10/01 06:01:48.138, 397 MHz, 810 MHz, 0x0000000000000000, 14.33 W, 4 %, 17966 MiB
2026/10/01 06:01:48.640, 217 MHz, 405 MHz, 0x0000000000000000, 11.85 W, 5 %, 17966 MiB
2026/10/01 06:01:49.141, 195 MHz, 405 MHz, 0x0000000000000000, 10.91 W, 6 %, 17966 MiB
2026/10/01 06:01:49.655, 187 MHz, 405 MHz, 0x0000000000000000, 10.56 W, 5 %, 17966 MiB
2026/10/01 06:01:50.170, 202 MHz, 405 MHz, 0x0000000000000000, 10.60 W, 5 %, 17969 MiB
2026/10/01 06:01:50.684, 180 MHz, 405 MHz, 0x0000000000000000, 10.53 W, 4 %, 17969 MiB
2026/10/01 06:01:51.199, 180 MHz, 405 MHz, 0x0000000000000000, 10.48 W, 7 %, 17966 MiB
2026/10/01 06:01:51.703, 180 MHz, 405 MHz, 0x0000000000000000, 10.59 W, 8 %, 17966 MiB
2026/10/01 06:01:52.203, 217 MHz, 405 MHz, 0x0000000000000000, 10.74 W, 3 %, 17966 MiB
2026/10/01 06:01:52.705, 180 MHz, 405 MHz, 0x0000000000000000, 10.70 W, 9 %, 17966 MiB
2026/10/01 06:01:53.220, 187 MHz, 405 MHz, 0x0000000000000000, 10.62 W, 6 %, 17966 MiB
2026/10/01 06:01:53.734, 180 MHz, 405 MHz, 0x0000000000000000, 10.64 W, 7 %, 17966 MiB
2026/10/01 06:01:54.249, 240 MHz, 405 MHz, 0x0000000000000000, 10.83 W, 4 %, 17966 MiB
2026/10/01 06:01:54.763, 180 MHz, 405 MHz, 0x0000000000000000, 10.82 W, 7 %, 17966 MiB
2026/10/01 06:01:55.264, 180 MHz, 405 MHz, 0x0000000000000000, 10.65 W, 5 %, 17966 MiB
2026/10/01 06:01:55.777, 180 MHz, 405 MHz, 0x0000000000000000, 10.81 W, 6 %, 17966 MiB
2026/10/01 06:01:56.292, 180 MHz, 405 MHz, 0x0000000000000000, 10.68 W, 7 %, 17966 MiB
2026/10/01 06:01:56.807, 210 MHz, 405 MHz, 0x0000000000000000, 10.83 W, 8 %, 17966 MiB
2026/10/01 06:01:57.321, 180 MHz, 405 MHz, 0x0000000000000000, 10.81 W, 5 %, 17966 MiB
2026/10/01 06:01:57.823, 187 MHz, 405 MHz, 0x0000000000000000, 10.61 W, 9 %, 17966 MiB
2026/10/01 06:01:58.335, 180 MHz, 405 MHz, 0x0000000000000000, 10.66 W, 10 %, 17966 MiB
2026/10/01 06:01:58.850, 180 MHz, 405 MHz, 0x0000000000000000, 10.49 W, 5 %, 17966 MiB
2026/10/01 06:01:59.365, 210 MHz, 405 MHz, 0x0000000000000000, 10.53 W, 10 %, 17966 MiB
2026/10/01 06:01:59.878, 180 MHz, 405 MHz, 0x0000000000000000, 10.56 W, 6 %, 17966 MiB
2026/10/01 06:02:00.392, 180 MHz, 405 MHz, 0x0000000000000000, 10.38 W, 5 %, 17966 MiB
2026/10/01 06:02:00.906, 255 MHz, 405 MHz, 0x0000000000000000, 10.56 W, 2 %, 17966 MiB
2026/10/01 06:02:01.406, 180 MHz, 405 MHz, 0x0000000000000000, 10.49 W, 10 %, 17966 MiB
2026/10/01 06:02:01.909, 180 MHz, 405 MHz, 0x0000000000000000, 10.32 W, 1 %, 17966 MiB
2026/10/01 06:02:02.422, 180 MHz, 405 MHz, 0x0000000000000000, 10.35 W, 6 %, 17966 MiB
2026/10/01 06:02:02.936, 180 MHz, 405 MHz, 0x0000000000000000, 10.46 W, 7 %, 17966 MiB
2026/10/01 06:02:03.451, 180 MHz, 405 MHz, 0x0000000000000000, 10.50 W, 6 %, 17966 MiB
2026/10/01 06:02:03.951, 180 MHz, 405 MHz, 0x0000000000000000, 10.55 W, 2 %, 17966 MiB
2026/10/01 06:02:04.465, 180 MHz, 405 MHz, 0x0000000000000000, 10.63 W, 9 %, 17966 MiB
2026/10/01 06:02:04.979, 187 MHz, 405 MHz, 0x0000000000000000, 10.47 W, 0 %, 17966 MiB
2026/10/01 06:02:05.494, 180 MHz, 405 MHz, 0x0000000000000000, 10.53 W, 9 %, 17966 MiB
2026/10/01 06:02:05.994, 187 MHz, 405 MHz, 0x0000000000000000, 10.55 W, 1 %, 17966 MiB
2026/10/01 06:02:06.508, 180 MHz, 405 MHz, 0x0000000000000000, 10.54 W, 5 %, 17966 MiB
2026/10/01 06:02:07.023, 187 MHz, 405 MHz, 0x0000000000000000, 10.46 W, 9 %, 17966 MiB
2026/10/01 06:02:07.524, 180 MHz, 405 MHz, 0x0000000000000000, 10.68 W, 9 %, 17966 MiB
2026/10/01 06:02:08.038, 180 MHz, 405 MHz, 0x0000000000000000, 10.93 W, 9 %, 17966 MiB
2026/10/01 06:02:08.553, 187 MHz, 405 MHz, 0x0000000000000000, 10.98 W, 8 %, 17966 MiB
2026/10/01 06:02:09.055, 180 MHz, 405 MHz, 0x0000000000000000, 11.00 W, 9 %, 17966 MiB
2026/10/01 06:02:09.559, 210 MHz, 405 MHz, 0x0000000000000000, 10.83 W, 9 %, 17966 MiB
2026/10/01 06:02:10.059, 180 MHz, 405 MHz, 0x0000000000000000, 10.60 W, 7 %, 17966 MiB
2026/10/01 06:02:10.560, 180 MHz, 405 MHz, 0x0000000000000000, 10.51 W, 8 %, 17966 MiB
2026/10/01 06:02:11.072, 195 MHz, 405 MHz, 0x0000000000000000, 10.71 W, 8 %, 17971 MiB
2026/10/01 06:02:11.584, 180 MHz, 405 MHz, 0x0000000000000000, 10.85 W, 9 %, 17971 MiB
2026/10/01 06:02:12.098, 180 MHz, 405 MHz, 0x0000000000000000, 10.77 W, 8 %, 17966 MiB
2026/10/01 06:02:12.599, 195 MHz, 405 MHz, 0x0000000000000000, 10.64 W, 8 %, 17966 MiB
2026/10/01 06:02:13.113, 180 MHz, 405 MHz, 0x0000000000000000, 10.71 W, 8 %, 17966 MiB
2026/10/01 06:02:13.623, 180 MHz, 405 MHz, 0x0000000000000000, 10.54 W, 9 %, 17966 MiB
2026/10/01 06:02:14.124, 180 MHz, 405 MHz, 0x0000000000000000, 10.31 W, 10 %, 17966 MiB
2026/10/01 06:02:14.636, 180 MHz, 405 MHz, 0x0000000000000000, 10.61 W, 10 %, 17966 MiB
2026/10/01 06:02:15.149, 195 MHz, 405 MHz, 0x0000000000000000, 10.78 W, 8 %, 17966 MiB
2026/10/01 06:02:15.651, 180 MHz, 405 MHz, 0x0000000000000000, 10.66 W, 10 %, 17966 MiB
2026/10/01 06:02:16.154, 180 MHz, 405 MHz, 0x0000000000000000, 10.66 W, 7 %, 17966 MiB
2026/10/01 06:02:16.668, 180 MHz, 405 MHz, 0x0000000000000000, 10.46 W, 9 %, 17966 MiB
2026/10/01 06:02:17.173, 180 MHz, 405 MHz, 0x0000000000000000, 10.49 W, 9 %, 17966 MiB
2026/10/01 06:02:17.689, 180 MHz, 405 MHz, 0x0000000000000000, 10.61 W, 10 %, 17966 MiB
2026/10/01 06:02:18.202, 217 MHz, 405 MHz, 0x0000000000000000, 10.73 W, 9 %, 17966 MiB
2026/10/01 06:02:18.717, 180 MHz, 405 MHz, 0x0000000000000000, 10.61 W, 10 %, 17966 MiB
2026/10/01 06:02:19.232, 187 MHz, 405 MHz, 0x0000000000000000, 10.50 W, 8 %, 17966 MiB
2026/10/01 06:02:19.736, 180 MHz, 405 MHz, 0x0000000000000000, 10.41 W, 6 %, 17966 MiB
2026/10/01 06:02:20.248, 180 MHz, 405 MHz, 0x0000000000000000, 10.35 W, 6 %, 17966 MiB
2026/10/01 06:02:20.763, 180 MHz, 405 MHz, 0x0000000000000000, 10.65 W, 7 %, 17966 MiB
2026/10/01 06:02:21.278, 180 MHz, 405 MHz, 0x0000000000000000, 10.70 W, 6 %, 17966 MiB
2026/10/01 06:02:21.779, 187 MHz, 405 MHz, 0x0000000000000000, 10.59 W, 6 %, 17966 MiB
2026/10/01 06:02:22.283, 187 MHz, 405 MHz, 0x0000000000000000, 10.60 W, 6 %, 17966 MiB
2026/10/01 06:02:22.798, 180 MHz, 405 MHz, 0x0000000000000000, 10.59 W, 8 %, 17966 MiB
2026/10/01 06:02:23.313, 180 MHz, 405 MHz, 0x0000000000000000, 10.50 W, 2 %, 17966 MiB
2026/10/01 06:02:23.828, 180 MHz, 405 MHz, 0x0000000000000000, 10.59 W, 3 %, 17966 MiB
2026/10/01 06:02:24.340, 180 MHz, 405 MHz, 0x0000000000000000, 10.52 W, 7 %, 17966 MiB
2026/10/01 06:02:24.856, 180 MHz, 405 MHz, 0x0000000000000000, 10.63 W, 9 %, 17966 MiB
2026/10/01 06:02:25.358, 180 MHz, 405 MHz, 0x0000000000000000, 10.78 W, 4 %, 17966 MiB
2026/10/01 06:02:25.859, 180 MHz, 405 MHz, 0x0000000000000000, 10.56 W, 6 %, 17966 MiB
2026/10/01 06:02:26.360, 180 MHz, 405 MHz, 0x0000000000000000, 10.57 W, 7 %, 17966 MiB
2026/10/01 06:02:26.874, 225 MHz, 405 MHz, 0x0000000000000000, 10.77 W, 8 %, 17966 MiB
2026/10/01 06:02:27.390, 180 MHz, 405 MHz, 0x0000000000000000, 10.64 W, 7 %, 17966 MiB
2026/10/01 06:02:27.891, 180 MHz, 405 MHz, 0x0000000000000000, 10.36 W, 2 %, 17966 MiB
2026/10/01 06:02:28.406, 187 MHz, 405 MHz, 0x0000000000000000, 10.26 W, 5 %, 17966 MiB
2026/10/01 06:02:28.919, 180 MHz, 405 MHz, 0x0000000000000000, 10.18 W, 7 %, 17966 MiB
2026/10/01 06:02:29.432, 180 MHz, 405 MHz, 0x0000000000000000, 10.38 W, 8 %, 17966 MiB
2026/10/01 06:02:29.938, 180 MHz, 405 MHz, 0x0000000000000000, 10.33 W, 7 %, 17966 MiB
2026/10/01 06:02:30.448, 187 MHz, 405 MHz, 0x0000000000000000, 10.35 W, 8 %, 17966 MiB
2026/10/01 06:02:30.960, 180 MHz, 405 MHz, 0x0000000000000000, 10.37 W, 7 %, 17966 MiB
2026/10/01 06:02:31.470, 180 MHz, 405 MHz, 0x0000000000000000, 10.49 W, 7 %, 17966 MiB
2026/10/01 06:02:31.978, 217 MHz, 405 MHz, 0x0000000000000000, 10.70 W, 9 %, 17969 MiB
2026/10/01 06:02:32.486, 195 MHz, 405 MHz, 0x0000000000000000, 10.89 W, 8 %, 17969 MiB
2026/10/01 06:02:32.999, 187 MHz, 405 MHz, 0x0000000000000000, 10.77 W, 7 %, 17966 MiB
2026/10/01 06:02:33.511, 202 MHz, 405 MHz, 0x0000000000000000, 10.67 W, 7 %, 17966 MiB
2026/10/01 06:02:34.027, 180 MHz, 405 MHz, 0x0000000000000000, 10.55 W, 8 %, 17966 MiB
2026/10/01 06:02:34.541, 180 MHz, 405 MHz, 0x0000000000000000, 10.56 W, 6 %, 17966 MiB
2026/10/01 06:02:35.056, 187 MHz, 405 MHz, 0x0000000000000000, 10.29 W, 6 %, 17966 MiB
2026/10/01 06:02:35.566, 180 MHz, 405 MHz, 0x0000000000000000, 10.44 W, 4 %, 17966 MiB
2026/10/01 06:02:36.081, 180 MHz, 405 MHz, 0x0000000000000000, 10.46 W, 5 %, 17966 MiB
2026/10/01 06:02:36.594, 180 MHz, 405 MHz, 0x0000000000000000, 10.44 W, 5 %, 17966 MiB
2026/10/01 06:02:37.107, 180 MHz, 405 MHz, 0x0000000000000000, 10.73 W, 3 %, 17966 MiB
2026/10/01 06:02:37.622, 180 MHz, 405 MHz, 0x0000000000000000, 10.80 W, 6 %, 17966 MiB
2026/10/01 06:02:38.137, 180 MHz, 405 MHz, 0x0000000000000000, 10.51 W, 3 %, 17966 MiB
2026/10/01 06:02:38.653, 180 MHz, 405 MHz, 0x0000000000000000, 10.79 W, 9 %, 17966 MiB
2026/10/01 06:02:39.167, 195 MHz, 405 MHz, 0x0000000000000000, 10.94 W, 10 %, 17966 MiB
2026/10/01 06:02:39.669, 172 MHz, 405 MHz, 0x0000000000000000, 10.84 W, 9 %, 17966 MiB
2026/10/01 06:02:40.172, 180 MHz, 405 MHz, 0x0000000000000000, 10.71 W, 1 %, 17966 MiB
2026/10/01 06:02:40.687, 180 MHz, 405 MHz, 0x0000000000000000, 10.60 W, 8 %, 17966 MiB
2026/10/01 06:02:41.198, 180 MHz, 405 MHz, 0x0000000000000000, 10.83 W, 6 %, 17966 MiB
2026/10/01 06:02:41.699, 195 MHz, 405 MHz, 0x0000000000000000, 10.95 W, 4 %, 17966 MiB
2026/10/01 06:02:42.202, 187 MHz, 405 MHz, 0x0000000000000000, 10.85 W, 6 %, 17966 MiB
2026/10/01 06:02:42.717, 180 MHz, 405 MHz, 0x0000000000000000, 10.90 W, 9 %, 17966 MiB
2026/10/01 06:02:43.222, 217 MHz, 405 MHz, 0x0000000000000000, 11.06 W, 7 %, 17966 MiB
2026/10/01 06:02:43.734, 180 MHz, 405 MHz, 0x0000000000000000, 11.06 W, 5 %, 17966 MiB
2026/10/01 06:02:44.247, 187 MHz, 405 MHz, 0x0000000000000000, 10.94 W, 7 %, 17966 MiB
2026/10/01 06:02:44.748, 187 MHz, 405 MHz, 0x0000000000000000, 11.06 W, 7 %, 17966 MiB
2026/10/01 06:02:45.259, 180 MHz, 405 MHz, 0x0000000000000000, 10.81 W, 5 %, 17966 MiB
2026/10/01 06:02:45.761, 180 MHz, 405 MHz, 0x0000000000000000, 10.59 W, 5 %, 17966 MiB
2026/10/01 06:02:46.275, 210 MHz, 405 MHz, 0x0000000000000000, 10.81 W, 5 %, 17966 MiB
2026/10/01 06:02:46.788, 172 MHz, 405 MHz, 0x0000000000000000, 11.04 W, 6 %, 17966 MiB
2026/10/01 06:02:47.304, 180 MHz, 405 MHz, 0x0000000000000000, 11.01 W, 6 %, 17966 MiB
2026/10/01 06:02:47.807, 180 MHz, 405 MHz, 0x0000000000000000, 10.85 W, 6 %, 17966 MiB
2026/10/01 06:02:48.309, 180 MHz, 405 MHz, 0x0000000000000000, 10.68 W, 2 %, 17966 MiB
2026/10/01 06:02:48.811, 180 MHz, 405 MHz, 0x0000000000000000, 10.56 W, 3 %, 17966 MiB
2026/10/01 06:02:49.320, 225 MHz, 405 MHz, 0x0000000000000000, 10.69 W, 4 %, 17966 MiB
2026/10/01 06:02:49.821, 180 MHz, 405 MHz, 0x0000000000000000, 10.66 W, 3 %, 17966 MiB
2026/10/01 06:02:50.322, 180 MHz, 405 MHz, 0x0000000000000000, 10.40 W, 2 %, 17966 MiB
2026/10/01 06:02:50.826, 180 MHz, 405 MHz, 0x0000000000000000, 10.42 W, 5 %, 17966 MiB
2026/10/01 06:02:51.326, 180 MHz, 405 MHz, 0x0000000000000000, 10.44 W, 3 %, 17966 MiB
2026/10/01 06:02:51.839, 180 MHz, 405 MHz, 0x0000000000000000, 10.62 W, 5 %, 17966 MiB
2026/10/01 06:02:52.341, 180 MHz, 405 MHz, 0x0000000000000000, 10.72 W, 4 %, 17966 MiB
2026/10/01 06:02:52.856, 180 MHz, 405 MHz, 0x0000000000000000, 10.80 W, 8 %, 17971 MiB
2026/10/01 06:02:53.368, 195 MHz, 405 MHz, 0x0000000000000000, 11.03 W, 6 %, 17971 MiB
2026/10/01 06:02:53.881, 195 MHz, 405 MHz, 0x0000000000000000, 11.04 W, 8 %, 17966 MiB
2026/10/01 06:02:54.383, 187 MHz, 405 MHz, 0x0000000000000000, 10.99 W, 7 %, 17966 MiB
2026/10/01 06:02:54.885, 180 MHz, 405 MHz, 0x0000000000000000, 10.90 W, 8 %, 17966 MiB
2026/10/01 06:02:55.400, 195 MHz, 405 MHz, 0x0000000000000000, 10.90 W, 5 %, 17966 MiB
2026/10/01 06:02:55.915, 180 MHz, 405 MHz, 0x0000000000000000, 10.98 W, 8 %, 17966 MiB
2026/10/01 06:02:56.427, 180 MHz, 405 MHz, 0x0000000000000000, 10.88 W, 8 %, 17966 MiB
2026/10/01 06:02:56.941, 180 MHz, 405 MHz, 0x0000000000000000, 10.74 W, 8 %, 17966 MiB
2026/10/01 06:02:57.441, 180 MHz, 405 MHz, 0x0000000000000000, 10.80 W, 8 %, 17966 MiB
2026/10/01 06:02:57.953, 180 MHz, 405 MHz, 0x0000000000000000, 10.77 W, 8 %, 17966 MiB
2026/10/01 06:02:58.467, 180 MHz, 405 MHz, 0x0000000000000000, 10.75 W, 6 %, 17966 MiB
2026/10/01 06:02:58.982, 180 MHz, 405 MHz, 0x0000000000000000, 10.79 W, 7 %, 17966 MiB
2026/10/01 06:02:59.496, 180 MHz, 405 MHz, 0x0000000000000000, 10.64 W, 8 %, 17966 MiB
2026/10/01 06:03:00.010, 180 MHz, 405 MHz, 0x0000000000000000, 10.45 W, 7 %, 18114 MiB
2026/10/01 06:03:00.525, 195 MHz, 405 MHz, 0x0000000000000000, 10.34 W, 0 %, 18118 MiB
2026/10/01 06:03:01.027, 255 MHz, 405 MHz, 0x0000000000000000, 11.49 W, 0 %, 18118 MiB
2026/10/01 06:03:01.539, 180 MHz, 405 MHz, 0x0000000000000000, 11.52 W, 0 %, 18118 MiB
2026/10/01 06:03:02.054, 225 MHz, 405 MHz, 0x0000000000000000, 11.08 W, 0 %, 18118 MiB
2026/10/01 06:03:02.557, 420 MHz, 405 MHz, 0x0000000000000000, 13.35 W, 0 %, 18326 MiB
2026/10/01 06:03:03.071, 202 MHz, 405 MHz, 0x0000000000000000, 13.61 W, 0 %, 18326 MiB
2026/10/01 06:03:03.586, 195 MHz, 405 MHz, 0x0000000000000000, 11.11 W, 0 %, 18326 MiB
2026/10/01 06:03:04.101, 202 MHz, 405 MHz, 0x0000000000000000, 11.02 W, 0 %, 18532 MiB
2026/10/01 06:03:04.615, 2932 MHz, 13801 MHz, 0x0000000000000000, 132.21 W, 59 %, 18470 MiB
2026/10/01 06:03:05.128, 2932 MHz, 13801 MHz, 0x0000000000000000, 171.62 W, 0 %, 18472 MiB
2026/10/01 06:03:05.629, 2940 MHz, 13801 MHz, 0x0000000000000000, 164.24 W, 0 %, 23412 MiB
2026/10/01 06:03:06.144, 2940 MHz, 13801 MHz, 0x0000000000000000, 92.43 W, 0 %, 23852 MiB
2026/10/01 06:03:06.646, 2932 MHz, 13801 MHz, 0x0000000000000000, 114.31 W, 0 %, 27372 MiB
2026/10/01 06:03:07.149, 2940 MHz, 13801 MHz, 0x0000000000000000, 112.42 W, 0 %, 27372 MiB
2026/10/01 06:03:07.650, 2940 MHz, 13801 MHz, 0x0000000000000000, 90.03 W, 0 %, 27372 MiB
2026/10/01 06:03:08.151, 2940 MHz, 13801 MHz, 0x0000000000000000, 89.96 W, 0 %, 27372 MiB
2026/10/01 06:03:08.652, 555 MHz, 7001 MHz, 0x0000000000000000, 63.83 W, 0 %, 27372 MiB
2026/10/01 06:03:09.167, 450 MHz, 7001 MHz, 0x0000000000000000, 31.64 W, 0 %, 27372 MiB
2026/10/01 06:03:09.668, 450 MHz, 7001 MHz, 0x0000000000000000, 31.64 W, 0 %, 27372 MiB
2026/10/01 06:03:10.183, 450 MHz, 7001 MHz, 0x0000000000000000, 29.55 W, 0 %, 27372 MiB
2026/10/01 06:03:10.697, 285 MHz, 7001 MHz, 0x0000000000000000, 29.55 W, 0 %, 27372 MiB
2026/10/01 06:03:11.211, 285 MHz, 7001 MHz, 0x0000000000000000, 29.26 W, 0 %, 27372 MiB
2026/10/01 06:03:11.725, 180 MHz, 7001 MHz, 0x0000000000000000, 29.26 W, 0 %, 27372 MiB
2026/10/01 06:03:12.239, 180 MHz, 7001 MHz, 0x0000000000000000, 20.30 W, 0 %, 27372 MiB
2026/10/01 06:03:12.741, 180 MHz, 810 MHz, 0x0000000000000000, 20.30 W, 0 %, 27372 MiB
2026/10/01 06:03:13.254, 180 MHz, 810 MHz, 0x0000000000000000, 15.35 W, 0 %, 27372 MiB
2026/10/01 06:03:13.766, 180 MHz, 810 MHz, 0x0000000000000000, 15.35 W, 0 %, 27372 MiB
2026/10/01 06:03:14.280, 202 MHz, 405 MHz, 0x0000000000000000, 9.90 W, 0 %, 27377 MiB
2026/10/01 06:03:14.794, 180 MHz, 405 MHz, 0x0000000000000000, 10.11 W, 0 %, 27372 MiB
2026/10/01 06:03:15.308, 180 MHz, 405 MHz, 0x0000000000000000, 10.38 W, 0 %, 27372 MiB
2026/10/01 06:03:15.823, 180 MHz, 405 MHz, 0x0000000000000000, 10.30 W, 0 %, 27372 MiB
2026/10/01 06:03:16.336, 180 MHz, 405 MHz, 0x0000000000000000, 10.28 W, 0 %, 27372 MiB
2026/10/01 06:03:16.849, 180 MHz, 405 MHz, 0x0000000000000000, 10.28 W, 0 %, 27372 MiB
2026/10/01 06:03:17.362, 180 MHz, 405 MHz, 0x0000000000000000, 9.30 W, 0 %, 27372 MiB
2026/10/01 06:03:17.863, 180 MHz, 405 MHz, 0x0000000000000000, 9.30 W, 0 %, 27372 MiB
2026/10/01 06:03:18.375, 180 MHz, 405 MHz, 0x0000000000000000, 9.23 W, 0 %, 27372 MiB
2026/10/01 06:03:18.887, 180 MHz, 405 MHz, 0x0000000000000000, 9.23 W, 0 %, 27372 MiB
2026/10/01 06:03:19.401, 180 MHz, 405 MHz, 0x0000000000000000, 9.19 W, 0 %, 27372 MiB
2026/10/01 06:03:19.902, 180 MHz, 405 MHz, 0x0000000000000000, 9.19 W, 0 %, 27372 MiB
2026/10/01 06:03:20.413, 180 MHz, 405 MHz, 0x0000000000000000, 9.32 W, 0 %, 27372 MiB
2026/10/01 06:03:20.925, 180 MHz, 405 MHz, 0x0000000000000000, 9.32 W, 0 %, 27372 MiB
2026/10/01 06:03:21.438, 180 MHz, 405 MHz, 0x0000000000000000, 9.47 W, 0 %, 27372 MiB
2026/10/01 06:03:21.941, 180 MHz, 405 MHz, 0x0000000000000000, 9.47 W, 0 %, 27372 MiB
2026/10/01 06:03:22.456, 180 MHz, 405 MHz, 0x0000000000000000, 9.36 W, 0 %, 27372 MiB
2026/10/01 06:03:22.971, 180 MHz, 405 MHz, 0x0000000000000000, 9.36 W, 0 %, 27372 MiB
2026/10/01 06:03:23.474, 180 MHz, 405 MHz, 0x0000000000000000, 9.37 W, 0 %, 27372 MiB
2026/10/01 06:03:23.985, 180 MHz, 405 MHz, 0x0000000000000000, 9.37 W, 0 %, 27372 MiB
2026/10/01 06:03:24.487, 180 MHz, 405 MHz, 0x0000000000000000, 9.44 W, 0 %, 27372 MiB
2026/10/01 06:03:25.001, 180 MHz, 405 MHz, 0x0000000000000000, 9.44 W, 0 %, 27372 MiB
2026/10/01 06:03:25.502, 180 MHz, 405 MHz, 0x0000000000000000, 9.52 W, 0 %, 27372 MiB
2026/10/01 06:03:26.016, 180 MHz, 405 MHz, 0x0000000000000000, 9.52 W, 0 %, 27372 MiB
2026/10/01 06:03:26.529, 180 MHz, 405 MHz, 0x0000000000000000, 9.45 W, 0 %, 27372 MiB
2026/10/01 06:03:27.029, 180 MHz, 405 MHz, 0x0000000000000000, 9.45 W, 0 %, 27372 MiB
2026/10/01 06:03:27.530, 172 MHz, 405 MHz, 0x0000000000000000, 9.43 W, 0 %, 27372 MiB
2026/10/01 06:03:28.031, 172 MHz, 405 MHz, 0x0000000000000000, 9.43 W, 0 %, 27372 MiB
2026/10/01 06:03:28.531, 180 MHz, 405 MHz, 0x0000000000000000, 9.42 W, 0 %, 27372 MiB
2026/10/01 06:03:29.032, 180 MHz, 405 MHz, 0x0000000000000000, 9.42 W, 0 %, 27372 MiB
2026/10/01 06:03:29.545, 180 MHz, 405 MHz, 0x0000000000000000, 9.28 W, 0 %, 27372 MiB
2026/10/01 06:03:30.048, 180 MHz, 405 MHz, 0x0000000000000000, 9.28 W, 0 %, 27372 MiB
2026/10/01 06:03:30.562, 1605 MHz, 13801 MHz, 0x0000000000000000, 44.11 W, 100 %, 27372 MiB
2026/10/01 06:03:31.076, 2932 MHz, 13801 MHz, 0x0000000000000000, 118.97 W, 65 %, 25346 MiB
2026/10/01 06:03:31.577, 2932 MHz, 13801 MHz, 0x0000000000000000, 186.70 W, 59 %, 27202 MiB
2026/10/01 06:03:32.091, 2932 MHz, 13801 MHz, 0x0000000000000000, 145.48 W, 59 %, 23576 MiB
2026/10/01 06:03:32.598, 2940 MHz, 13801 MHz, 0x0000000000000000, 123.82 W, 0 %, 27262 MiB
2026/10/01 06:03:33.100, 2925 MHz, 13801 MHz, 0x0000000000000000, 178.37 W, 62 %, 24648 MiB
2026/10/01 06:03:33.611, 2932 MHz, 13801 MHz, 0x0000000000000000, 201.26 W, 62 %, 24456 MiB
2026/10/01 06:03:34.124, 2932 MHz, 13801 MHz, 0x0000000000000000, 145.13 W, 57 %, 27224 MiB
2026/10/01 06:03:34.636, 2932 MHz, 13801 MHz, 0x0000000000000000, 179.57 W, 100 %, 26364 MiB
2026/10/01 06:03:35.147, 2932 MHz, 13801 MHz, 0x0000000000000000, 202.54 W, 60 %, 24065 MiB
2026/10/01 06:03:35.660, 2932 MHz, 13801 MHz, 0x0000000000000000, 200.63 W, 62 %, 26980 MiB
2026/10/01 06:03:36.175, 2932 MHz, 13801 MHz, 0x0000000000000000, 162.55 W, 78 %, 26772 MiB
2026/10/01 06:03:36.686, 2932 MHz, 13801 MHz, 0x0000000000000000, 201.95 W, 59 %, 23886 MiB
2026/10/01 06:03:37.186, 2932 MHz, 13801 MHz, 0x0000000000000000, 202.02 W, 63 %, 24738 MiB
2026/10/01 06:03:37.700, 2932 MHz, 13801 MHz, 0x0000000000000000, 186.39 W, 100 %, 23950 MiB
2026/10/01 06:03:38.201, 2932 MHz, 13801 MHz, 0x0000000000000000, 197.95 W, 65 %, 24656 MiB
2026/10/01 06:03:38.714, 2932 MHz, 13801 MHz, 0x0000000000000000, 193.64 W, 62 %, 26514 MiB
2026/10/01 06:03:39.229, 2917 MHz, 13801 MHz, 0x0000000000000000, 201.28 W, 56 %, 24774 MiB
2026/10/01 06:03:39.740, 2932 MHz, 13801 MHz, 0x0000000000000000, 200.96 W, 60 %, 24890 MiB
2026/10/01 06:03:40.253, 2932 MHz, 13801 MHz, 0x0000000000000000, 169.67 W, 86 %, 23626 MiB
2026/10/01 06:03:40.763, 2932 MHz, 13801 MHz, 0x0000000000000000, 198.28 W, 57 %, 25544 MiB
2026/10/01 06:03:41.276, 2932 MHz, 13801 MHz, 0x0000000000000000, 177.70 W, 62 %, 24148 MiB
2026/10/01 06:03:41.776, 2917 MHz, 13801 MHz, 0x0000000000000000, 191.02 W, 59 %, 23616 MiB
2026/10/01 06:03:42.288, 2932 MHz, 13801 MHz, 0x0000000000000000, 195.82 W, 56 %, 25368 MiB
2026/10/01 06:03:42.804, 2917 MHz, 13801 MHz, 0x0000000000000000, 192.07 W, 57 %, 25560 MiB
2026/10/01 06:03:43.319, 2932 MHz, 13801 MHz, 0x0000000000000000, 187.79 W, 60 %, 24772 MiB
2026/10/01 06:03:43.831, 2917 MHz, 13801 MHz, 0x0000000000000000, 187.18 W, 57 %, 24216 MiB
2026/10/01 06:03:44.333, 2932 MHz, 13801 MHz, 0x0000000000000000, 227.02 W, 73 %, 23756 MiB
2026/10/01 06:03:44.846, 2932 MHz, 13801 MHz, 0x0000000000000000, 184.84 W, 61 %, 23610 MiB
2026/10/01 06:03:45.347, 2917 MHz, 13801 MHz, 0x0000000000000000, 201.43 W, 59 %, 24594 MiB
2026/10/01 06:03:45.860, 2917 MHz, 13801 MHz, 0x0000000000000000, 218.12 W, 60 %, 24096 MiB
2026/10/01 06:03:46.375, 2917 MHz, 13801 MHz, 0x0000000000000000, 209.35 W, 54 %, 23912 MiB
2026/10/01 06:03:46.887, 2917 MHz, 13801 MHz, 0x0000000000000000, 228.54 W, 47 %, 23682 MiB
2026/10/01 06:03:47.402, 2940 MHz, 13801 MHz, 0x0000000000000000, 183.44 W, 0 %, 23682 MiB
2026/10/01 06:03:47.918, 2940 MHz, 13801 MHz, 0x0000000000000000, 108.26 W, 0 %, 23682 MiB
2026/10/01 06:03:48.420, 2940 MHz, 13801 MHz, 0x0000000000000000, 92.39 W, 0 %, 23682 MiB
2026/10/01 06:03:48.922, 2062 MHz, 7001 MHz, 0x0000000000000000, 75.51 W, 0 %, 23682 MiB
2026/10/01 06:03:49.435, 697 MHz, 7001 MHz, 0x0000000000000000, 46.43 W, 0 %, 23682 MiB
2026/10/01 06:03:49.948, 607 MHz, 7001 MHz, 0x0000000000000000, 34.63 W, 0 %, 23682 MiB
2026/10/01 06:03:50.462, 607 MHz, 7001 MHz, 0x0000000000000000, 34.63 W, 0 %, 23682 MiB
2026/10/01 06:03:50.975, 382 MHz, 7001 MHz, 0x0000000000000000, 31.93 W, 0 %, 23682 MiB
2026/10/01 06:03:51.476, 382 MHz, 7001 MHz, 0x0000000000000000, 31.93 W, 0 %, 23682 MiB
2026/10/01 06:03:51.989, 240 MHz, 7001 MHz, 0x0000000000000000, 31.37 W, 0 %, 23682 MiB
2026/10/01 06:03:52.504, 240 MHz, 7001 MHz, 0x0000000000000000, 31.37 W, 0 %, 23682 MiB
2026/10/01 06:03:53.018, 180 MHz, 7001 MHz, 0x0000000000000000, 30.55 W, 0 %, 23682 MiB
2026/10/01 06:03:53.520, 180 MHz, 7001 MHz, 0x0000000000000000, 30.55 W, 0 %, 23682 MiB
2026/10/01 06:03:54.032, 187 MHz, 810 MHz, 0x0000000000000000, 24.50 W, 0 %, 23682 MiB
2026/10/01 06:03:54.547, 187 MHz, 810 MHz, 0x0000000000000000, 24.50 W, 0 %, 23682 MiB
2026/10/01 06:03:55.056, 180 MHz, 810 MHz, 0x0000000000000000, 17.34 W, 0 %, 23682 MiB
2026/10/01 06:03:55.568, 180 MHz, 405 MHz, 0x0000000000000000, 9.98 W, 0 %, 23682 MiB
2026/10/01 06:03:56.083, 195 MHz, 405 MHz, 0x0000000000000000, 10.08 W, 0 %, 23685 MiB
2026/10/01 06:03:56.596, 180 MHz, 405 MHz, 0x0000000000000000, 10.43 W, 0 %, 23685 MiB
2026/10/01 06:03:57.110, 187 MHz, 405 MHz, 0x0000000000000000, 10.78 W, 0 %, 23682 MiB
2026/10/01 06:03:57.625, 180 MHz, 405 MHz, 0x0000000000000000, 10.88 W, 0 %, 23682 MiB
2026/10/01 06:03:58.127, 180 MHz, 405 MHz, 0x0000000000000000, 10.95 W, 0 %, 23682 MiB
2026/10/01 06:03:58.629, 180 MHz, 405 MHz, 0x0000000000000000, 10.95 W, 0 %, 23682 MiB
2026/10/01 06:03:59.144, 180 MHz, 405 MHz, 0x0000000000000000, 9.74 W, 0 %, 23682 MiB
2026/10/01 06:03:59.660, 180 MHz, 405 MHz, 0x0000000000000000, 9.74 W, 0 %, 23682 MiB
2026/10/01 06:04:00.175, 180 MHz, 405 MHz, 0x0000000000000000, 9.72 W, 0 %, 23682 MiB
2026/10/01 06:04:00.677, 180 MHz, 405 MHz, 0x0000000000000000, 9.72 W, 0 %, 23682 MiB
2026/10/01 06:04:01.190, 180 MHz, 405 MHz, 0x0000000000000000, 9.70 W, 0 %, 23682 MiB
2026/10/01 06:04:01.690, 180 MHz, 405 MHz, 0x0000000000000000, 9.70 W, 0 %, 23682 MiB
2026/10/01 06:04:02.204, 180 MHz, 405 MHz, 0x0000000000000000, 9.64 W, 0 %, 23682 MiB
2026/10/01 06:04:02.718, 180 MHz, 405 MHz, 0x0000000000000000, 9.64 W, 0 %, 23682 MiB
2026/10/01 06:04:03.232, 180 MHz, 405 MHz, 0x0000000000000000, 9.65 W, 0 %, 23682 MiB
2026/10/01 06:04:03.733, 180 MHz, 405 MHz, 0x0000000000000000, 9.65 W, 0 %, 23682 MiB
2026/10/01 06:04:04.247, 180 MHz, 405 MHz, 0x0000000000000000, 9.62 W, 0 %, 23682 MiB
2026/10/01 06:04:04.761, 180 MHz, 405 MHz, 0x0000000000000000, 9.62 W, 0 %, 23682 MiB
2026/10/01 06:04:05.271, 180 MHz, 405 MHz, 0x0000000000000000, 9.57 W, 0 %, 23682 MiB
2026/10/01 06:04:05.773, 180 MHz, 405 MHz, 0x0000000000000000, 15.08 W, 100 %, 23652 MiB
2026/10/01 06:04:06.287, 2925 MHz, 13801 MHz, 0x0000000000000000, 95.76 W, 76 %, 23690 MiB
2026/10/01 06:04:06.800, 2857 MHz, 13801 MHz, 0x0000000000000004, 319.05 W, 64 %, 23680 MiB
2026/10/01 06:04:07.315, 2880 MHz, 13801 MHz, 0x0000000000000000, 427.28 W, 50 %, 23730 MiB
2026/10/01 06:04:07.828, 2902 MHz, 13801 MHz, 0x0000000000000000, 337.41 W, 32 %, 23762 MiB
2026/10/01 06:04:08.343, 2917 MHz, 13801 MHz, 0x0000000000000000, 220.49 W, 0 %, 19436 MiB
2026/10/01 06:04:08.857, 2940 MHz, 13801 MHz, 0x0000000000000000, 139.80 W, 0 %, 30156 MiB
2026/10/01 06:04:09.370, 2940 MHz, 13801 MHz, 0x0000000000000000, 96.01 W, 0 %, 30156 MiB
2026/10/01 06:04:09.883, 2940 MHz, 13801 MHz, 0x0000000000000000, 92.24 W, 0 %, 30156 MiB
2026/10/01 06:04:10.398, 2940 MHz, 13801 MHz, 0x0000000000000000, 92.25 W, 0 %, 30522 MiB
2026/10/01 06:04:10.913, 2887 MHz, 13801 MHz, 0x0000000000000000, 161.36 W, 0 %, 30522 MiB
2026/10/01 06:04:11.414, 2940 MHz, 13801 MHz, 0x0000000000000000, 161.65 W, 0 %, 30522 MiB
2026/10/01 06:04:11.915, 2940 MHz, 13801 MHz, 0x0000000000000000, 92.69 W, 0 %, 30522 MiB
2026/10/01 06:04:12.430, 2940 MHz, 13801 MHz, 0x0000000000000000, 92.56 W, 0 %, 30522 MiB
2026/10/01 06:04:12.945, 1965 MHz, 7001 MHz, 0x0000000000000000, 76.87 W, 0 %, 30522 MiB
2026/10/01 06:04:13.461, 502 MHz, 7001 MHz, 0x0000000000000000, 49.71 W, 0 %, 30522 MiB
2026/10/01 06:04:13.973, 577 MHz, 7001 MHz, 0x0000000000000000, 33.46 W, 0 %, 31234 MiB
2026/10/01 06:04:14.489, 1770 MHz, 13801 MHz, 0x0000000000000000, 78.77 W, 0 %, 31234 MiB
2026/10/01 06:04:15.002, 2940 MHz, 13801 MHz, 0x0000000000000000, 105.28 W, 0 %, 31234 MiB
2026/10/01 06:04:15.518, 2940 MHz, 13801 MHz, 0x0000000000000000, 92.56 W, 0 %, 31234 MiB
2026/10/01 06:04:16.022, 2940 MHz, 13801 MHz, 0x0000000000000000, 92.62 W, 0 %, 31234 MiB
2026/10/01 06:04:16.536, 1042 MHz, 7001 MHz, 0x0000000000000000, 69.74 W, 0 %, 31234 MiB
2026/10/01 06:04:17.053, 525 MHz, 7001 MHz, 0x0000000000000000, 45.42 W, 0 %, 31241 MiB
2026/10/01 06:04:17.553, 427 MHz, 7001 MHz, 0x0000000000000000, 60.72 W, 60 %, 32071 MiB
2026/10/01 06:04:18.067, 2047 MHz, 13801 MHz, 0x0000000000000000, 82.16 W, 57 %, 32068 MiB
2026/10/01 06:04:18.570, 2932 MHz, 13801 MHz, 0x0000000000000000, 136.31 W, 100 %, 32068 MiB
2026/10/01 06:04:19.073, 2940 MHz, 13801 MHz, 0x0000000000000000, 139.19 W, 100 %, 32068 MiB
2026/10/01 06:04:19.576, 2940 MHz, 13801 MHz, 0x0000000000000000, 137.68 W, 100 %, 32068 MiB
2026/10/01 06:04:20.080, 2940 MHz, 13801 MHz, 0x0000000000000000, 137.57 W, 100 %, 32068 MiB
2026/10/01 06:04:20.581, 2940 MHz, 13801 MHz, 0x0000000000000000, 137.95 W, 100 %, 32068 MiB
2026/10/01 06:04:21.093, 2940 MHz, 13801 MHz, 0x0000000000000000, 137.99 W, 100 %, 32068 MiB
2026/10/01 06:04:21.596, 2940 MHz, 13801 MHz, 0x0000000000000000, 138.30 W, 100 %, 32068 MiB
2026/10/01 06:04:22.111, 2940 MHz, 13801 MHz, 0x0000000000000000, 138.75 W, 100 %, 32068 MiB
2026/10/01 06:04:22.616, 2940 MHz, 13801 MHz, 0x0000000000000000, 138.82 W, 100 %, 32068 MiB
2026/10/01 06:04:23.117, 2940 MHz, 13801 MHz, 0x0000000000000000, 138.09 W, 100 %, 32068 MiB
2026/10/01 06:04:23.619, 2940 MHz, 13801 MHz, 0x0000000000000000, 138.53 W, 100 %, 32068 MiB
2026/10/01 06:04:24.128, 2940 MHz, 13801 MHz, 0x0000000000000000, 138.29 W, 100 %, 32068 MiB
2026/10/01 06:04:24.643, 2940 MHz, 13801 MHz, 0x0000000000000000, 138.38 W, 100 %, 32068 MiB
2026/10/01 06:04:25.156, 2940 MHz, 13801 MHz, 0x0000000000000000, 139.15 W, 100 %, 32068 MiB
2026/10/01 06:04:25.671, 2940 MHz, 13801 MHz, 0x0000000000000000, 139.14 W, 100 %, 32068 MiB
2026/10/01 06:04:26.182, 2940 MHz, 13801 MHz, 0x0000000000000000, 138.94 W, 100 %, 32068 MiB
2026/10/01 06:04:26.698, 2940 MHz, 13801 MHz, 0x0000000000000000, 138.36 W, 100 %, 32068 MiB
2026/10/01 06:04:27.200, 2940 MHz, 13801 MHz, 0x0000000000000000, 137.97 W, 100 %, 32068 MiB
2026/10/01 06:04:27.702, 2940 MHz, 13801 MHz, 0x0000000000000000, 138.64 W, 100 %, 32068 MiB
2026/10/01 06:04:28.203, 2940 MHz, 13801 MHz, 0x0000000000000000, 139.45 W, 100 %, 32068 MiB
2026/10/01 06:04:28.717, 2940 MHz, 13801 MHz, 0x0000000000000000, 139.33 W, 100 %, 30008 MiB
2026/10/01 06:04:29.231, 2940 MHz, 13801 MHz, 0x0000000000000000, 129.76 W, 69 %, 31962 MiB
2026/10/01 06:04:29.742, 2940 MHz, 13801 MHz, 0x0000000000000000, 118.32 W, 45 %, 32002 MiB
2026/10/01 06:04:30.255, 2940 MHz, 13801 MHz, 0x0000000000000000, 116.48 W, 0 %, 32002 MiB
2026/10/01 06:04:30.758, 2940 MHz, 13801 MHz, 0x0000000000000000, 121.24 W, 49 %, 32002 MiB
2026/10/01 06:04:31.269, 2940 MHz, 13801 MHz, 0x0000000000000000, 119.12 W, 100 %, 30166 MiB
2026/10/01 06:04:31.783, 2940 MHz, 13801 MHz, 0x0000000000000000, 115.60 W, 75 %, 30166 MiB
2026/10/01 06:04:32.284, 2940 MHz, 13801 MHz, 0x0000000000000000, 113.67 W, 66 %, 32026 MiB
2026/10/01 06:04:32.784, 2940 MHz, 13801 MHz, 0x0000000000000000, 116.83 W, 14 %, 32026 MiB
2026/10/01 06:04:33.285, 2940 MHz, 13801 MHz, 0x0000000000000000, 120.19 W, 28 %, 32026 MiB
2026/10/01 06:04:33.797, 2940 MHz, 13801 MHz, 0x0000000000000000, 120.12 W, 100 %, 32026 MiB
2026/10/01 06:04:34.311, 2940 MHz, 13801 MHz, 0x0000000000000000, 116.33 W, 100 %, 30190 MiB
2026/10/01 06:04:34.826, 2940 MHz, 13801 MHz, 0x0000000000000000, 114.00 W, 86 %, 32026 MiB
2026/10/01 06:04:35.339, 2940 MHz, 13801 MHz, 0x0000000000000000, 114.98 W, 14 %, 32026 MiB
2026/10/01 06:04:35.840, 2940 MHz, 13801 MHz, 0x0000000000000000, 120.56 W, 25 %, 32026 MiB
2026/10/01 06:04:36.344, 2940 MHz, 13801 MHz, 0x0000000000000000, 119.87 W, 100 %, 32026 MiB
2026/10/01 06:04:36.857, 2940 MHz, 13801 MHz, 0x0000000000000000, 117.07 W, 82 %, 30254 MiB
2026/10/01 06:04:37.359, 2940 MHz, 13801 MHz, 0x0000000000000000, 114.64 W, 52 %, 32026 MiB
2026/10/01 06:04:37.861, 2940 MHz, 13801 MHz, 0x0000000000000000, 117.39 W, 1 %, 32031 MiB
2026/10/01 06:04:38.376, 2940 MHz, 13801 MHz, 0x0000000000000000, 121.88 W, 79 %, 32031 MiB
2026/10/01 06:04:38.890, 2940 MHz, 13801 MHz, 0x0000000000000000, 120.98 W, 100 %, 32026 MiB
2026/10/01 06:04:39.404, 2940 MHz, 13801 MHz, 0x0000000000000000, 114.47 W, 81 %, 30254 MiB
2026/10/01 06:04:39.917, 2940 MHz, 13801 MHz, 0x0000000000000000, 115.02 W, 15 %, 32026 MiB
2026/10/01 06:04:40.419, 2940 MHz, 13801 MHz, 0x0000000000000000, 120.60 W, 12 %, 32026 MiB
2026/10/01 06:04:40.932, 2940 MHz, 13801 MHz, 0x0000000000000000, 120.69 W, 100 %, 32026 MiB
2026/10/01 06:04:41.444, 2940 MHz, 13801 MHz, 0x0000000000000000, 117.23 W, 85 %, 30318 MiB
2026/10/01 06:04:41.958, 2940 MHz, 13801 MHz, 0x0000000000000000, 112.05 W, 29 %, 30318 MiB
2026/10/01 06:04:42.459, 2940 MHz, 13801 MHz, 0x0000000000000000, 117.20 W, 1 %, 32026 MiB
2026/10/01 06:04:42.970, 2940 MHz, 13801 MHz, 0x0000000000000000, 121.56 W, 100 %, 32026 MiB
2026/10/01 06:04:43.472, 2940 MHz, 13801 MHz, 0x0000000000000000, 116.57 W, 97 %, 32026 MiB
2026/10/01 06:04:43.986, 2940 MHz, 13801 MHz, 0x0000000000000000, 113.05 W, 57 %, 30318 MiB
2026/10/01 06:04:44.499, 2940 MHz, 13801 MHz, 0x0000000000000000, 117.41 W, 0 %, 32026 MiB
2026/10/01 06:04:45.009, 2940 MHz, 13801 MHz, 0x0000000000000000, 121.98 W, 100 %, 32026 MiB
2026/10/01 06:04:45.525, 2940 MHz, 13801 MHz, 0x0000000000000000, 119.85 W, 100 %, 32026 MiB
2026/10/01 06:04:46.033, 2940 MHz, 13801 MHz, 0x0000000000000000, 113.72 W, 71 %, 30318 MiB
2026/10/01 06:04:46.546, 2940 MHz, 13801 MHz, 0x0000000000000000, 115.32 W, 1 %, 32100 MiB
2026/10/01 06:04:47.056, 2940 MHz, 13801 MHz, 0x0000000000000000, 122.86 W, 100 %, 32100 MiB
2026/10/01 06:04:47.556, 2940 MHz, 13801 MHz, 0x0000000000000000, 134.04 W, 100 %, 32100 MiB
2026/10/01 06:04:48.071, 2940 MHz, 13801 MHz, 0x0000000000000000, 138.78 W, 100 %, 32100 MiB
2026/10/01 06:04:48.584, 2932 MHz, 13801 MHz, 0x0000000000000000, 136.62 W, 100 %, 32100 MiB
2026/10/01 06:04:49.098, 2932 MHz, 13801 MHz, 0x0000000000000000, 137.26 W, 100 %, 32100 MiB
2026/10/01 06:04:49.608, 2932 MHz, 13801 MHz, 0x0000000000000000, 138.21 W, 100 %, 32100 MiB
2026/10/01 06:04:50.110, 2932 MHz, 13801 MHz, 0x0000000000000000, 138.42 W, 100 %, 32100 MiB
2026/10/01 06:04:50.611, 2932 MHz, 13801 MHz, 0x0000000000000000, 138.60 W, 100 %, 32100 MiB
2026/10/01 06:04:51.125, 2940 MHz, 13801 MHz, 0x0000000000000000, 137.70 W, 100 %, 32100 MiB
2026/10/01 06:04:51.635, 2940 MHz, 13801 MHz, 0x0000000000000000, 136.58 W, 100 %, 32100 MiB
2026/10/01 06:04:52.150, 2940 MHz, 13801 MHz, 0x0000000000000000, 137.51 W, 100 %, 32100 MiB
2026/10/01 06:04:52.651, 2940 MHz, 13801 MHz, 0x0000000000000000, 138.36 W, 100 %, 32100 MiB
2026/10/01 06:04:53.163, 2932 MHz, 13801 MHz, 0x0000000000000000, 138.23 W, 100 %, 32100 MiB
2026/10/01 06:04:53.665, 2932 MHz, 13801 MHz, 0x0000000000000000, 139.07 W, 100 %, 32100 MiB
2026/10/01 06:04:54.179, 2940 MHz, 13801 MHz, 0x0000000000000000, 138.00 W, 100 %, 32100 MiB
2026/10/01 06:04:54.693, 2940 MHz, 13801 MHz, 0x0000000000000000, 137.19 W, 100 %, 32100 MiB
2026/10/01 06:04:55.202, 2940 MHz, 13801 MHz, 0x0000000000000000, 137.53 W, 100 %, 32100 MiB
2026/10/01 06:04:55.715, 2940 MHz, 13801 MHz, 0x0000000000000000, 137.10 W, 100 %, 32100 MiB
2026/10/01 06:04:56.215, 2940 MHz, 13801 MHz, 0x0000000000000000, 137.14 W, 100 %, 32100 MiB
2026/10/01 06:04:56.717, 2940 MHz, 13801 MHz, 0x0000000000000000, 137.63 W, 100 %, 32100 MiB
2026/10/01 06:04:57.233, 2940 MHz, 13801 MHz, 0x0000000000000000, 138.48 W, 100 %, 32100 MiB
2026/10/01 06:04:57.746, 2940 MHz, 13801 MHz, 0x0000000000000000, 138.30 W, 100 %, 30366 MiB
2026/10/01 06:04:58.246, 2940 MHz, 13801 MHz, 0x0000000000000000, 127.93 W, 74 %, 32058 MiB
2026/10/01 06:04:58.747, 2940 MHz, 13801 MHz, 0x0000000000000000, 117.11 W, 43 %, 32058 MiB
2026/10/01 06:04:59.249, 2940 MHz, 13801 MHz, 0x0000000000000000, 119.56 W, 0 %, 32063 MiB
2026/10/01 06:04:59.751, 2940 MHz, 13801 MHz, 0x0000000000000000, 120.23 W, 32 %, 32058 MiB
2026/10/01 06:05:00.252, 2940 MHz, 13801 MHz, 0x0000000000000000, 121.57 W, 100 %, 32010 MiB
2026/10/01 06:05:00.763, 2940 MHz, 13801 MHz, 0x0000000000000000, 118.06 W, 100 %, 30318 MiB
2026/10/01 06:05:01.276, 2940 MHz, 13801 MHz, 0x0000000000000000, 115.13 W, 77 %, 30366 MiB
2026/10/01 06:05:01.789, 2940 MHz, 13801 MHz, 0x0000000000000000, 118.09 W, 79 %, 32058 MiB
2026/10/01 06:05:02.304, 2940 MHz, 13801 MHz, 0x0000000000000000, 117.17 W, 14 %, 32058 MiB
2026/10/01 06:05:02.819, 2940 MHz, 13801 MHz, 0x0000000000000000, 117.14 W, 0 %, 32058 MiB
2026/10/01 06:05:03.321, 2940 MHz, 13801 MHz, 0x0000000000000000, 121.19 W, 34 %, 32058 MiB
2026/10/01 06:05:03.822, 2940 MHz, 13801 MHz, 0x0000000000000000, 121.44 W, 100 %, 32058 MiB
2026/10/01 06:05:04.323, 2940 MHz, 13801 MHz, 0x0000000000000000, 117.83 W, 100 %, 32010 MiB
2026/10/01 06:05:04.838, 2940 MHz, 13801 MHz, 0x0000000000000000, 116.47 W, 84 %, 30318 MiB
2026/10/01 06:05:05.343, 2940 MHz, 13801 MHz, 0x0000000000000000, 117.39 W, 76 %, 30366 MiB
2026/10/01 06:05:05.858, 2940 MHz, 13801 MHz, 0x0000000000000000, 117.03 W, 49 %, 32058 MiB
2026/10/01 06:05:06.359, 2940 MHz, 13801 MHz, 0x0000000000000000, 117.56 W, 13 %, 32058 MiB
2026/10/01 06:05:06.871, 2940 MHz, 13801 MHz, 0x0000000000000000, 119.50 W, 1 %, 32058 MiB
2026/10/01 06:05:07.372, 2940 MHz, 13801 MHz, 0x0000000000000000, 120.90 W, 62 %, 32058 MiB
2026/10/01 06:05:07.886, 2940 MHz, 13801 MHz, 0x0000000000000000, 120.76 W, 100 %, 32058 MiB
2026/10/01 06:05:08.397, 2940 MHz, 13801 MHz, 0x0000000000000000, 117.31 W, 100 %, 32010 MiB
2026/10/01 06:05:08.899, 2940 MHz, 13801 MHz, 0x0000000000000000, 117.39 W, 78 %, 30362 MiB
2026/10/01 06:05:09.400, 2940 MHz, 13801 MHz, 0x0000000000000000, 116.54 W, 78 %, 30318 MiB
2026/10/01 06:05:09.915, 2940 MHz, 13801 MHz, 0x0000000000000000, 117.18 W, 16 %, 31502 MiB
2026/10/01 06:05:10.430, 2940 MHz, 13801 MHz, 0x0000000000000000, 116.97 W, 1 %, 32058 MiB
2026/10/01 06:05:10.946, 2940 MHz, 13801 MHz, 0x0000000000000000, 119.02 W, 25 %, 32058 MiB
2026/10/01 06:05:11.449, 2940 MHz, 13801 MHz, 0x0000000000000000, 121.36 W, 93 %, 32058 MiB
2026/10/01 06:05:11.963, 2940 MHz, 13801 MHz, 0x0000000000000000, 119.55 W, 100 %, 32058 MiB
2026/10/01 06:05:12.464, 2940 MHz, 13801 MHz, 0x0000000000000000, 117.03 W, 91 %, 32058 MiB
2026/10/01 06:05:12.980, 2940 MHz, 13801 MHz, 0x0000000000000000, 115.38 W, 75 %, 32010 MiB
2026/10/01 06:05:13.490, 2940 MHz, 13801 MHz, 0x0000000000000000, 115.36 W, 44 %, 30318 MiB
2026/10/01 06:05:14.005, 2940 MHz, 13801 MHz, 0x0000000000000000, 119.04 W, 9 %, 32084 MiB
2026/10/01 06:05:14.506, 2940 MHz, 13801 MHz, 0x0000000000000000, 124.83 W, 100 %, 32084 MiB
2026/10/01 06:05:15.019, 2932 MHz, 13801 MHz, 0x0000000000000000, 136.23 W, 100 %, 32084 MiB
2026/10/01 06:05:15.535, 2940 MHz, 13801 MHz, 0x0000000000000000, 139.43 W, 100 %, 32084 MiB
2026/10/01 06:05:16.049, 2940 MHz, 13801 MHz, 0x0000000000000000, 139.71 W, 100 %, 32084 MiB
2026/10/01 06:05:16.564, 2940 MHz, 13801 MHz, 0x0000000000000000, 139.65 W, 100 %, 32084 MiB
2026/10/01 06:05:17.067, 2940 MHz, 13801 MHz, 0x0000000000000000, 139.51 W, 100 %, 32084 MiB
2026/10/01 06:05:17.581, 2940 MHz, 13801 MHz, 0x0000000000000000, 139.81 W, 100 %, 32084 MiB
2026/10/01 06:05:18.094, 2940 MHz, 13801 MHz, 0x0000000000000000, 140.09 W, 100 %, 32084 MiB
2026/10/01 06:05:18.606, 2940 MHz, 13801 MHz, 0x0000000000000000, 139.57 W, 100 %, 32084 MiB
2026/10/01 06:05:19.117, 2940 MHz, 13801 MHz, 0x0000000000000000, 140.44 W, 100 %, 32084 MiB
2026/10/01 06:05:19.619, 2940 MHz, 13801 MHz, 0x0000000000000000, 139.82 W, 100 %, 32084 MiB
2026/10/01 06:05:20.132, 2940 MHz, 13801 MHz, 0x0000000000000000, 139.70 W, 100 %, 32089 MiB
2026/10/01 06:05:20.635, 2940 MHz, 13801 MHz, 0x0000000000000000, 139.38 W, 100 %, 32089 MiB
2026/10/01 06:05:21.139, 2940 MHz, 13801 MHz, 0x0000000000000000, 140.19 W, 100 %, 32084 MiB
2026/10/01 06:05:21.644, 2932 MHz, 13801 MHz, 0x0000000000000000, 140.29 W, 100 %, 32084 MiB
2026/10/01 06:05:22.145, 2940 MHz, 13801 MHz, 0x0000000000000000, 140.58 W, 100 %, 32084 MiB
2026/10/01 06:05:22.660, 2940 MHz, 13801 MHz, 0x0000000000000000, 140.17 W, 100 %, 32084 MiB
2026/10/01 06:05:23.175, 2940 MHz, 13801 MHz, 0x0000000000000000, 140.01 W, 100 %, 32084 MiB
2026/10/01 06:05:23.689, 2940 MHz, 13801 MHz, 0x0000000000000000, 139.60 W, 100 %, 32084 MiB
2026/10/01 06:05:24.203, 2940 MHz, 13801 MHz, 0x0000000000000000, 130.86 W, 65 %, 32054 MiB
2026/10/01 06:05:24.705, 2940 MHz, 13801 MHz, 0x0000000000000000, 120.68 W, 61 %, 32054 MiB
2026/10/01 06:05:25.206, 2940 MHz, 13801 MHz, 0x0000000000000000, 119.31 W, 60 %, 32054 MiB
2026/10/01 06:05:25.706, 2940 MHz, 13801 MHz, 0x0000000000000000, 118.48 W, 61 %, 32054 MiB
2026/10/01 06:05:26.207, 2940 MHz, 13801 MHz, 0x0000000000000000, 118.59 W, 57 %, 32054 MiB
2026/10/01 06:05:26.718, 2940 MHz, 13801 MHz, 0x0000000000000000, 117.72 W, 48 %, 32054 MiB
2026/10/01 06:05:27.219, 2940 MHz, 13801 MHz, 0x0000000000000000, 118.46 W, 36 %, 32054 MiB
2026/10/01 06:05:27.722, 2940 MHz, 13801 MHz, 0x0000000000000000, 117.92 W, 25 %, 32054 MiB
2026/10/01 06:05:28.223, 2940 MHz, 13801 MHz, 0x0000000000000000, 117.72 W, 14 %, 32054 MiB
2026/10/01 06:05:28.725, 2940 MHz, 13801 MHz, 0x0000000000000000, 118.91 W, 14 %, 32054 MiB
2026/10/01 06:05:29.239, 2940 MHz, 13801 MHz, 0x0000000000000000, 119.15 W, 14 %, 32054 MiB
2026/10/01 06:05:29.752, 2940 MHz, 13801 MHz, 0x0000000000000000, 117.55 W, 14 %, 32054 MiB
2026/10/01 06:05:30.268, 2940 MHz, 13801 MHz, 0x0000000000000000, 118.82 W, 4 %, 32054 MiB
2026/10/01 06:05:30.783, 2940 MHz, 13801 MHz, 0x0000000000000000, 118.81 W, 0 %, 32054 MiB
2026/10/01 06:05:31.285, 2940 MHz, 13801 MHz, 0x0000000000000000, 117.11 W, 1 %, 32054 MiB
2026/10/01 06:05:31.799, 2940 MHz, 13801 MHz, 0x0000000000000000, 117.20 W, 1 %, 32054 MiB
2026/10/01 06:05:32.314, 2940 MHz, 13801 MHz, 0x0000000000000000, 119.50 W, 6 %, 32054 MiB
2026/10/01 06:05:32.816, 2940 MHz, 13801 MHz, 0x0000000000000000, 119.31 W, 22 %, 32054 MiB
2026/10/01 06:05:33.332, 2940 MHz, 13801 MHz, 0x0000000000000000, 119.03 W, 34 %, 32054 MiB
2026/10/01 06:05:33.846, 2940 MHz, 13801 MHz, 0x0000000000000000, 117.45 W, 49 %, 32054 MiB
2026/10/01 06:05:34.361, 2940 MHz, 13801 MHz, 0x0000000000000000, 117.98 W, 70 %, 32054 MiB
2026/10/01 06:05:34.875, 2940 MHz, 13801 MHz, 0x0000000000000000, 118.30 W, 89 %, 32054 MiB
2026/10/01 06:05:35.390, 2940 MHz, 13801 MHz, 0x0000000000000000, 119.21 W, 100 %, 32054 MiB
2026/10/01 06:05:35.905, 2940 MHz, 13801 MHz, 0x0000000000000000, 119.13 W, 100 %, 32054 MiB
2026/10/01 06:05:36.407, 2940 MHz, 13801 MHz, 0x0000000000000000, 119.55 W, 100 %, 32054 MiB
2026/10/01 06:05:36.908, 2940 MHz, 13801 MHz, 0x0000000000000000, 118.58 W, 100 %, 32054 MiB
2026/10/01 06:05:37.416, 2940 MHz, 13801 MHz, 0x0000000000000000, 118.24 W, 100 %, 32054 MiB
2026/10/01 06:05:37.917, 2940 MHz, 13801 MHz, 0x0000000000000000, 117.72 W, 100 %, 32084 MiB
2026/10/01 06:05:38.431, 2940 MHz, 13801 MHz, 0x0000000000000000, 119.43 W, 100 %, 32084 MiB
2026/10/01 06:05:38.946, 2932 MHz, 13801 MHz, 0x0000000000000000, 129.75 W, 100 %, 32084 MiB
2026/10/01 06:05:39.446, 2932 MHz, 13801 MHz, 0x0000000000000000, 140.88 W, 100 %, 32084 MiB
2026/10/01 06:05:39.961, 2932 MHz, 13801 MHz, 0x0000000000000000, 141.84 W, 100 %, 32084 MiB
2026/10/01 06:05:40.472, 2932 MHz, 13801 MHz, 0x0000000000000000, 142.10 W, 100 %, 32084 MiB
2026/10/01 06:05:40.974, 2932 MHz, 13801 MHz, 0x0000000000000000, 142.05 W, 100 %, 32089 MiB
2026/10/01 06:05:41.490, 2932 MHz, 13801 MHz, 0x0000000000000000, 142.04 W, 100 %, 32089 MiB
2026/10/01 06:05:41.990, 2940 MHz, 13801 MHz, 0x0000000000000000, 142.18 W, 100 %, 32084 MiB
2026/10/01 06:05:42.494, 2940 MHz, 13801 MHz, 0x0000000000000000, 142.14 W, 100 %, 32084 MiB
2026/10/01 06:05:42.994, 2940 MHz, 13801 MHz, 0x0000000000000000, 142.44 W, 100 %, 32084 MiB
2026/10/01 06:05:43.497, 2940 MHz, 13801 MHz, 0x0000000000000000, 142.53 W, 100 %, 32084 MiB
2026/10/01 06:05:43.999, 2940 MHz, 13801 MHz, 0x0000000000000000, 142.24 W, 100 %, 32084 MiB
2026/10/01 06:05:44.514, 2940 MHz, 13801 MHz, 0x0000000000000000, 142.28 W, 100 %, 32084 MiB
2026/10/01 06:05:45.015, 2940 MHz, 13801 MHz, 0x0000000000000000, 142.09 W, 100 %, 32084 MiB
2026/10/01 06:05:45.525, 2940 MHz, 13801 MHz, 0x0000000000000000, 141.82 W, 100 %, 32084 MiB
2026/10/01 06:05:46.040, 2940 MHz, 13801 MHz, 0x0000000000000000, 141.78 W, 100 %, 32084 MiB
2026/10/01 06:05:46.540, 2940 MHz, 13801 MHz, 0x0000000000000000, 142.48 W, 100 %, 32062 MiB
2026/10/01 06:05:47.044, 2940 MHz, 13801 MHz, 0x0000000000000000, 135.51 W, 51 %, 32062 MiB
2026/10/01 06:05:47.558, 2940 MHz, 13801 MHz, 0x0000000000000000, 125.14 W, 54 %, 32078 MiB
2026/10/01 06:05:48.059, 2940 MHz, 13801 MHz, 0x0000000000000000, 119.63 W, 67 %, 32078 MiB
2026/10/01 06:05:48.573, 2940 MHz, 13801 MHz, 0x0000000000000000, 121.00 W, 100 %, 31774 MiB
2026/10/01 06:05:49.074, 2940 MHz, 13801 MHz, 0x0000000000000000, 120.16 W, 100 %, 30334 MiB
2026/10/01 06:05:49.589, 2940 MHz, 13801 MHz, 0x0000000000000000, 118.19 W, 61 %, 30334 MiB
2026/10/01 06:05:50.102, 2940 MHz, 13801 MHz, 0x0000000000000000, 116.60 W, 17 %, 32062 MiB
2026/10/01 06:05:50.616, 2940 MHz, 13801 MHz, 0x0000000000000000, 115.69 W, 7 %, 32078 MiB
2026/10/01 06:05:51.129, 2940 MHz, 13801 MHz, 0x0000000000000000, 119.37 W, 44 %, 32078 MiB
2026/10/01 06:05:51.637, 2940 MHz, 13801 MHz, 0x0000000000000000, 118.60 W, 58 %, 32078 MiB
2026/10/01 06:05:52.151, 2940 MHz, 13801 MHz, 0x0000000000000000, 120.27 W, 95 %, 32078 MiB
2026/10/01 06:05:52.662, 2940 MHz, 13801 MHz, 0x0000000000000000, 120.30 W, 100 %, 30334 MiB
2026/10/01 06:05:53.175, 2940 MHz, 13801 MHz, 0x0000000000000000, 120.67 W, 99 %, 30366 MiB
2026/10/01 06:05:53.689, 2940 MHz, 13801 MHz, 0x0000000000000000, 117.53 W, 51 %, 32062 MiB
2026/10/01 06:05:54.204, 2940 MHz, 13801 MHz, 0x0000000000000000, 116.31 W, 1 %, 32062 MiB
2026/10/01 06:05:54.717, 2940 MHz, 13801 MHz, 0x0000000000000000, 115.93 W, 14 %, 32078 MiB
2026/10/01 06:05:55.231, 2940 MHz, 13801 MHz, 0x0000000000000000, 118.97 W, 56 %, 32078 MiB
2026/10/01 06:05:55.746, 2940 MHz, 13801 MHz, 0x0000000000000000, 119.28 W, 52 %, 31774 MiB
2026/10/01 06:05:56.258, 2940 MHz, 13801 MHz, 0x0000000000000000, 119.41 W, 59 %, 30334 MiB
2026/10/01 06:05:56.767, 2940 MHz, 13801 MHz, 0x0000000000000000, 121.15 W, 100 %, 31790 MiB
2026/10/01 06:05:57.283, 2940 MHz, 13801 MHz, 0x0000000000000000, 120.80 W, 100 %, 32062 MiB
2026/10/01 06:05:57.796, 2940 MHz, 13801 MHz, 0x0000000000000000, 118.44 W, 67 %, 32078 MiB
2026/10/01 06:05:58.312, 2940 MHz, 13801 MHz, 0x0000000000000000, 116.65 W, 13 %, 32078 MiB
2026/10/01 06:05:58.812, 2940 MHz, 13801 MHz, 0x0000000000000000, 116.14 W, 1 %, 32046 MiB
2026/10/01 06:05:59.312, 2940 MHz, 13801 MHz, 0x0000000000000000, 125.25 W, 100 %, 32046 MiB
2026/10/01 06:05:59.827, 2940 MHz, 13801 MHz, 0x0000000000000000, 139.33 W, 100 %, 32046 MiB
2026/10/01 06:06:00.339, 2932 MHz, 13801 MHz, 0x0000000000000000, 144.09 W, 100 %, 32046 MiB
2026/10/01 06:06:00.853, 2932 MHz, 13801 MHz, 0x0000000000000000, 143.55 W, 100 %, 32046 MiB
2026/10/01 06:06:01.368, 2932 MHz, 13801 MHz, 0x0000000000000000, 143.96 W, 100 %, 32046 MiB
2026/10/01 06:06:01.869, 2940 MHz, 13801 MHz, 0x0000000000000000, 144.12 W, 100 %, 32051 MiB
2026/10/01 06:06:02.380, 2932 MHz, 13801 MHz, 0x0000000000000000, 143.76 W, 100 %, 32051 MiB
2026/10/01 06:06:02.895, 2932 MHz, 13801 MHz, 0x0000000000000000, 144.45 W, 100 %, 32046 MiB
2026/10/01 06:06:03.409, 2932 MHz, 13801 MHz, 0x0000000000000000, 143.97 W, 100 %, 32046 MiB
2026/10/01 06:06:03.911, 2932 MHz, 13801 MHz, 0x0000000000000000, 143.85 W, 100 %, 32046 MiB
2026/10/01 06:06:04.412, 2932 MHz, 13801 MHz, 0x0000000000000000, 144.00 W, 100 %, 32046 MiB
2026/10/01 06:06:04.924, 2940 MHz, 13801 MHz, 0x0000000000000000, 143.88 W, 100 %, 32046 MiB
2026/10/01 06:06:05.439, 2932 MHz, 13801 MHz, 0x0000000000000000, 143.77 W, 100 %, 32046 MiB
2026/10/01 06:06:05.952, 2932 MHz, 13801 MHz, 0x0000000000000000, 143.66 W, 100 %, 32026 MiB
2026/10/01 06:06:06.463, 2940 MHz, 13801 MHz, 0x0000000000000000, 136.09 W, 93 %, 31534 MiB
2026/10/01 06:06:06.979, 2940 MHz, 13801 MHz, 0x0000000000000000, 122.18 W, 1 %, 32026 MiB
2026/10/01 06:06:07.483, 2940 MHz, 13801 MHz, 0x0000000000000000, 116.01 W, 40 %, 32026 MiB
2026/10/01 06:06:07.993, 2940 MHz, 13801 MHz, 0x0000000000000000, 118.04 W, 100 %, 32026 MiB
2026/10/01 06:06:08.494, 2940 MHz, 13801 MHz, 0x0000000000000000, 120.13 W, 58 %, 30318 MiB
2026/10/01 06:06:09.002, 2940 MHz, 13801 MHz, 0x0000000000000000, 116.49 W, 21 %, 32026 MiB
2026/10/01 06:06:09.517, 2940 MHz, 13801 MHz, 0x0000000000000000, 117.06 W, 53 %, 32026 MiB
2026/10/01 06:06:10.018, 2940 MHz, 13801 MHz, 0x0000000000000000, 119.23 W, 100 %, 30318 MiB
2026/10/01 06:06:10.529, 2940 MHz, 13801 MHz, 0x0000000000000000, 118.32 W, 14 %, 32026 MiB
2026/10/01 06:06:11.045, 2940 MHz, 13801 MHz, 0x0000000000000000, 116.54 W, 42 %, 32026 MiB
2026/10/01 06:06:11.546, 2940 MHz, 13801 MHz, 0x0000000000000000, 117.05 W, 72 %, 31982 MiB
2026/10/01 06:06:12.047, 2940 MHz, 13801 MHz, 0x0000000000000000, 120.00 W, 88 %, 30490 MiB
2026/10/01 06:06:12.550, 2940 MHz, 13801 MHz, 0x0000000000000000, 116.98 W, 3 %, 32026 MiB
2026/10/01 06:06:13.064, 2940 MHz, 13801 MHz, 0x0000000000000000, 117.16 W, 35 %, 32026 MiB
2026/10/01 06:06:13.578, 2940 MHz, 13801 MHz, 0x0000000000000000, 118.35 W, 100 %, 30318 MiB
2026/10/01 06:06:14.091, 2940 MHz, 13801 MHz, 0x0000000000000000, 119.67 W, 38 %, 32026 MiB
2026/10/01 06:06:14.607, 2940 MHz, 13801 MHz, 0x0000000000000000, 119.05 W, 41 %, 32026 MiB
2026/10/01 06:06:15.122, 2940 MHz, 13801 MHz, 0x0000000000000000, 118.64 W, 60 %, 30318 MiB
2026/10/01 06:06:15.637, 2940 MHz, 13801 MHz, 0x0000000000000000, 120.92 W, 95 %, 32026 MiB
2026/10/01 06:06:16.137, 2940 MHz, 13801 MHz, 0x0000000000000000, 117.83 W, 1 %, 32026 MiB
2026/10/01 06:06:16.652, 2932 MHz, 13801 MHz, 0x0000000000000000, 119.49 W, 100 %, 32078 MiB
2026/10/01 06:06:17.166, 2932 MHz, 13801 MHz, 0x0000000000000000, 133.02 W, 100 %, 32078 MiB
2026/10/01 06:06:17.679, 2932 MHz, 13801 MHz, 0x0000000000000000, 147.21 W, 100 %, 32078 MiB
2026/10/01 06:06:18.193, 2932 MHz, 13801 MHz, 0x0000000000000000, 148.92 W, 100 %, 32078 MiB
2026/10/01 06:06:18.704, 2932 MHz, 13801 MHz, 0x0000000000000000, 149.56 W, 100 %, 32078 MiB
2026/10/01 06:06:19.205, 2932 MHz, 13801 MHz, 0x0000000000000000, 148.32 W, 100 %, 32078 MiB
2026/10/01 06:06:19.716, 2932 MHz, 13801 MHz, 0x0000000000000000, 148.21 W, 100 %, 32078 MiB
2026/10/01 06:06:20.232, 2940 MHz, 13801 MHz, 0x0000000000000000, 148.51 W, 100 %, 32078 MiB
2026/10/01 06:06:20.733, 2932 MHz, 13801 MHz, 0x0000000000000000, 147.52 W, 100 %, 32078 MiB
2026/10/01 06:06:21.247, 2932 MHz, 13801 MHz, 0x0000000000000000, 148.26 W, 100 %, 30318 MiB
2026/10/01 06:06:21.762, 2940 MHz, 13801 MHz, 0x0000000000000000, 136.51 W, 40 %, 30062 MiB
2026/10/01 06:06:22.263, 2940 MHz, 13801 MHz, 0x0000000000000000, 119.83 W, 31 %, 30062 MiB
2026/10/01 06:06:22.777, 2940 MHz, 13801 MHz, 0x0000000000000000, 116.20 W, 24 %, 30067 MiB
2026/10/01 06:06:23.292, 2940 MHz, 13801 MHz, 0x0000000000000000, 117.30 W, 35 %, 30067 MiB
2026/10/01 06:06:23.793, 2940 MHz, 13801 MHz, 0x0000000000000000, 115.83 W, 28 %, 30158 MiB
2026/10/01 06:06:24.308, 2940 MHz, 13801 MHz, 0x0000000000000000, 115.91 W, 29 %, 32046 MiB
2026/10/01 06:06:24.821, 2940 MHz, 13801 MHz, 0x0000000000000000, 117.82 W, 19 %, 32046 MiB
2026/10/01 06:06:25.337, 2940 MHz, 13801 MHz, 0x0000000000000000, 117.58 W, 17 %, 32046 MiB
2026/10/01 06:06:25.852, 2940 MHz, 13801 MHz, 0x0000000000000000, 115.82 W, 16 %, 32046 MiB
2026/10/01 06:06:26.366, 2940 MHz, 13801 MHz, 0x0000000000000000, 116.42 W, 17 %, 32046 MiB
2026/10/01 06:06:26.881, 2940 MHz, 13801 MHz, 0x0000000000000000, 116.57 W, 17 %, 32046 MiB
2026/10/01 06:06:27.384, 2940 MHz, 13801 MHz, 0x0000000000000000, 116.11 W, 16 %, 32046 MiB
2026/10/01 06:06:27.900, 2940 MHz, 13801 MHz, 0x0000000000000000, 115.64 W, 30 %, 32046 MiB
2026/10/01 06:06:28.401, 2940 MHz, 13801 MHz, 0x0000000000000000, 115.96 W, 62 %, 32072 MiB
2026/10/01 06:06:28.903, 2932 MHz, 13801 MHz, 0x0000000000000000, 133.42 W, 100 %, 32072 MiB
2026/10/01 06:06:29.406, 2932 MHz, 13801 MHz, 0x0000000000000000, 156.53 W, 100 %, 32072 MiB
2026/10/01 06:06:29.919, 2932 MHz, 13801 MHz, 0x0000000000000000, 164.05 W, 100 %, 32072 MiB
2026/10/01 06:06:30.433, 2932 MHz, 13801 MHz, 0x0000000000000000, 164.31 W, 100 %, 32072 MiB
2026/10/01 06:06:30.946, 2932 MHz, 13801 MHz, 0x0000000000000000, 163.95 W, 100 %, 32076 MiB
2026/10/01 06:06:31.461, 2940 MHz, 13801 MHz, 0x0000000000000000, 150.31 W, 27 %, 32076 MiB
2026/10/01 06:06:31.975, 2940 MHz, 13801 MHz, 0x0000000000000000, 132.30 W, 37 %, 32076 MiB
2026/10/01 06:06:32.489, 2940 MHz, 13801 MHz, 0x0000000000000000, 119.93 W, 70 %, 30412 MiB
2026/10/01 06:06:32.991, 2940 MHz, 13801 MHz, 0x0000000000000000, 117.94 W, 30 %, 32076 MiB
2026/10/01 06:06:33.506, 2940 MHz, 13801 MHz, 0x0000000000000000, 117.91 W, 58 %, 32076 MiB
2026/10/01 06:06:34.007, 2940 MHz, 13801 MHz, 0x0000000000000000, 118.25 W, 55 %, 31054 MiB
2026/10/01 06:06:34.522, 2940 MHz, 13801 MHz, 0x0000000000000000, 118.28 W, 41 %, 32076 MiB
2026/10/01 06:06:35.038, 2940 MHz, 13801 MHz, 0x0000000000000000, 119.43 W, 63 %, 32076 MiB
2026/10/01 06:06:35.550, 2940 MHz, 13801 MHz, 0x0000000000000000, 118.25 W, 26 %, 31790 MiB
2026/10/01 06:06:36.065, 2940 MHz, 13801 MHz, 0x0000000000000000, 118.71 W, 80 %, 32088 MiB
2026/10/01 06:06:36.580, 2932 MHz, 13801 MHz, 0x0000000000000000, 118.79 W, 31 %, 32088 MiB
2026/10/01 06:06:37.094, 2932 MHz, 13801 MHz, 0x0000000000000000, 146.72 W, 100 %, 32088 MiB
2026/10/01 06:06:37.594, 2932 MHz, 13801 MHz, 0x0000000000000000, 171.91 W, 100 %, 32088 MiB
2026/10/01 06:06:38.095, 2932 MHz, 13801 MHz, 0x0000000000000000, 176.55 W, 100 %, 30358 MiB
2026/10/01 06:06:38.596, 2940 MHz, 13801 MHz, 0x0000000000000000, 151.41 W, 67 %, 32070 MiB
2026/10/01 06:06:39.099, 2940 MHz, 13801 MHz, 0x0000000000000000, 128.14 W, 48 %, 31518 MiB
2026/10/01 06:06:39.612, 2940 MHz, 13801 MHz, 0x0000000000000000, 120.73 W, 45 %, 32070 MiB
2026/10/01 06:06:40.124, 2940 MHz, 13801 MHz, 0x0000000000000000, 120.21 W, 57 %, 31710 MiB
2026/10/01 06:06:40.637, 2940 MHz, 13801 MHz, 0x0000000000000000, 119.62 W, 25 %, 32054 MiB
2026/10/01 06:06:41.151, 2940 MHz, 13801 MHz, 0x0000000000000000, 119.63 W, 47 %, 31518 MiB
2026/10/01 06:06:41.665, 2940 MHz, 13801 MHz, 0x0000000000000000, 120.15 W, 44 %, 32040 MiB
2026/10/01 06:06:42.167, 2917 MHz, 13801 MHz, 0x0000000000000000, 144.58 W, 100 %, 32040 MiB
2026/10/01 06:06:42.668, 2917 MHz, 13801 MHz, 0x0000000000000000, 185.29 W, 100 %, 30678 MiB
2026/10/01 06:06:43.181, 2940 MHz, 13801 MHz, 0x0000000000000000, 164.54 W, 52 %, 30870 MiB
2026/10/01 06:06:43.696, 2940 MHz, 13801 MHz, 0x0000000000000000, 128.88 W, 53 %, 30870 MiB
2026/10/01 06:06:44.209, 2940 MHz, 13801 MHz, 0x0000000000000000, 123.16 W, 50 %, 31475 MiB
2026/10/01 06:06:44.724, 2940 MHz, 13801 MHz, 0x0000000000000000, 123.13 W, 51 %, 31667 MiB
2026/10/01 06:06:45.237, 2940 MHz, 13801 MHz, 0x0000000000000000, 124.02 W, 51 %, 30766 MiB
2026/10/01 06:06:45.747, 2910 MHz, 13801 MHz, 0x0000000000000000, 149.12 W, 89 %, 31650 MiB
2026/10/01 06:06:46.252, 2932 MHz, 13801 MHz, 0x0000000000000000, 182.27 W, 59 %, 30750 MiB
2026/10/01 06:06:46.753, 2917 MHz, 13801 MHz, 0x0000000000000000, 207.39 W, 59 %, 31266 MiB
2026/10/01 06:06:47.255, 2910 MHz, 13801 MHz, 0x0000000000000000, 214.99 W, 85 %, 30338 MiB
2026/10/01 06:06:47.767, 2932 MHz, 13801 MHz, 0x0000000000000004, 191.48 W, 57 %, 31298 MiB
2026/10/01 06:06:48.268, 2925 MHz, 13801 MHz, 0x0000000000000004, 215.55 W, 59 %, 30578 MiB
2026/10/01 06:06:48.782, 2902 MHz, 13801 MHz, 0x0000000000000000, 243.37 W, 78 %, 30580 MiB
2026/10/01 06:06:49.297, 2880 MHz, 13801 MHz, 0x0000000000000004, 291.96 W, 77 %, 30358 MiB
2026/10/01 06:06:49.812, 2865 MHz, 13801 MHz, 0x0000000000000004, 406.39 W, 68 %, 30318 MiB
2026/10/01 06:06:50.327, 2872 MHz, 13801 MHz, 0x0000000000000000, 441.79 W, 59 %, 30326 MiB
2026/10/01 06:06:50.828, 2902 MHz, 13801 MHz, 0x0000000000000004, 355.18 W, 41 %, 30366 MiB
2026/10/01 06:06:51.341, 2880 MHz, 13801 MHz, 0x0000000000000004, 382.12 W, 70 %, 30360 MiB
2026/10/01 06:06:51.854, 2895 MHz, 13801 MHz, 0x0000000000000000, 417.97 W, 54 %, 30354 MiB
2026/10/01 06:06:52.355, 2925 MHz, 13801 MHz, 0x0000000000000000, 248.92 W, 0 %, 30354 MiB
2026/10/01 06:06:52.868, 2925 MHz, 13801 MHz, 0x0000000000000000, 93.30 W, 0 %, 30354 MiB
2026/10/01 06:06:53.369, 2925 MHz, 13801 MHz, 0x0000000000000000, 93.07 W, 0 %, 30354 MiB
2026/10/01 06:06:53.872, 1492 MHz, 7001 MHz, 0x0000000000000000, 83.00 W, 0 %, 30354 MiB
2026/10/01 06:06:54.383, 472 MHz, 7001 MHz, 0x0000000000000000, 53.09 W, 0 %, 30354 MiB
2026/10/01 06:06:54.897, 427 MHz, 7001 MHz, 0x0000000000000000, 40.90 W, 0 %, 30354 MiB
2026/10/01 06:06:55.408, 427 MHz, 7001 MHz, 0x0000000000000000, 40.90 W, 0 %, 30354 MiB
2026/10/01 06:06:55.909, 270 MHz, 7001 MHz, 0x0000000000000000, 34.68 W, 0 %, 30354 MiB
2026/10/01 06:06:56.423, 270 MHz, 7001 MHz, 0x0000000000000000, 34.68 W, 0 %, 30354 MiB
2026/10/01 06:06:56.939, 180 MHz, 7001 MHz, 0x0000000000000000, 33.72 W, 0 %, 30354 MiB
2026/10/01 06:06:57.454, 180 MHz, 7001 MHz, 0x0000000000000000, 33.72 W, 0 %, 30354 MiB
2026/10/01 06:06:57.957, 180 MHz, 7001 MHz, 0x0000000000000000, 33.70 W, 0 %, 30354 MiB
2026/10/01 06:06:58.458, 180 MHz, 7001 MHz, 0x0000000000000000, 33.70 W, 0 %, 30354 MiB
2026/10/01 06:06:58.969, 187 MHz, 810 MHz, 0x0000000000000000, 30.33 W, 0 %, 30354 MiB
2026/10/01 06:06:59.483, 187 MHz, 810 MHz, 0x0000000000000000, 30.33 W, 0 %, 30354 MiB
2026/10/01 06:06:59.998, 180 MHz, 810 MHz, 0x0000000000000000, 21.15 W, 0 %, 30354 MiB
2026/10/01 06:07:00.498, 180 MHz, 810 MHz, 0x0000000000000000, 21.15 W, 0 %, 30354 MiB
2026/10/01 06:07:01.009, 180 MHz, 405 MHz, 0x0000000000000000, 11.51 W, 0 %, 30354 MiB
2026/10/01 06:07:01.522, 180 MHz, 405 MHz, 0x0000000000000000, 11.51 W, 0 %, 30354 MiB
2026/10/01 06:07:02.034, 180 MHz, 405 MHz, 0x0000000000000000, 10.67 W, 0 %, 30354 MiB
2026/10/01 06:07:02.548, 180 MHz, 405 MHz, 0x0000000000000000, 10.67 W, 0 %, 30354 MiB
2026/10/01 06:07:03.049, 180 MHz, 405 MHz, 0x0000000000000000, 10.50 W, 0 %, 30354 MiB
2026/10/01 06:07:03.550, 180 MHz, 405 MHz, 0x0000000000000000, 10.50 W, 0 %, 30354 MiB
2026/10/01 06:07:04.061, 180 MHz, 405 MHz, 0x0000000000000000, 10.57 W, 0 %, 30354 MiB
2026/10/01 06:07:04.575, 180 MHz, 405 MHz, 0x0000000000000000, 10.57 W, 0 %, 30354 MiB
2026/10/01 06:07:05.085, 180 MHz, 405 MHz, 0x0000000000000000, 10.52 W, 0 %, 30359 MiB
2026/10/01 06:07:05.597, 180 MHz, 405 MHz, 0x0000000000000000, 10.82 W, 0 %, 30354 MiB
2026/10/01 06:07:06.111, 180 MHz, 405 MHz, 0x0000000000000000, 11.73 W, 0 %, 30354 MiB
2026/10/01 06:07:06.625, 180 MHz, 405 MHz, 0x0000000000000000, 12.15 W, 0 %, 30354 MiB
2026/10/01 06:07:07.141, 180 MHz, 405 MHz, 0x0000000000000000, 12.30 W, 0 %, 30354 MiB
2026/10/01 06:07:07.654, 180 MHz, 405 MHz, 0x0000000000000000, 12.30 W, 0 %, 30354 MiB
2026/10/01 06:07:08.169, 180 MHz, 405 MHz, 0x0000000000000000, 10.52 W, 0 %, 30354 MiB
2026/10/01 06:07:08.684, 180 MHz, 405 MHz, 0x0000000000000000, 10.48 W, 0 %, 30354 MiB
2026/10/01 06:07:09.199, 180 MHz, 405 MHz, 0x0000000000000000, 10.48 W, 0 %, 30354 MiB
2026/10/01 06:07:09.714, 180 MHz, 405 MHz, 0x0000000000000000, 10.49 W, 0 %, 30354 MiB
2026/10/01 06:07:10.215, 180 MHz, 405 MHz, 0x0000000000000000, 10.49 W, 0 %, 30354 MiB
2026/10/01 06:07:10.730, 180 MHz, 405 MHz, 0x0000000000000000, 10.48 W, 0 %, 30354 MiB
2026/10/01 06:07:11.245, 180 MHz, 405 MHz, 0x0000000000000000, 10.48 W, 0 %, 30354 MiB
2026/10/01 06:07:11.760, 180 MHz, 405 MHz, 0x0000000000000000, 10.41 W, 0 %, 30354 MiB
2026/10/01 06:07:12.261, 180 MHz, 405 MHz, 0x0000000000000000, 10.41 W, 0 %, 30354 MiB
2026/10/01 06:07:12.772, 180 MHz, 405 MHz, 0x0000000000000000, 10.40 W, 0 %, 30354 MiB
2026/10/01 06:07:13.284, 180 MHz, 405 MHz, 0x0000000000000000, 10.40 W, 0 %, 30354 MiB
2026/10/01 06:07:13.795, 180 MHz, 405 MHz, 0x0000000000000000, 10.35 W, 0 %, 30354 MiB
2026/10/01 06:07:14.307, 180 MHz, 405 MHz, 0x0000000000000000, 10.35 W, 0 %, 30354 MiB
2026/10/01 06:07:14.820, 180 MHz, 405 MHz, 0x0000000000000000, 10.36 W, 0 %, 30354 MiB
2026/10/01 06:07:15.336, 180 MHz, 405 MHz, 0x0000000000000000, 10.36 W, 0 %, 30354 MiB
2026/10/01 06:07:15.849, 180 MHz, 405 MHz, 0x0000000000000000, 10.39 W, 0 %, 30354 MiB
2026/10/01 06:07:16.363, 180 MHz, 405 MHz, 0x0000000000000000, 10.39 W, 0 %, 30354 MiB
2026/10/01 06:07:16.878, 180 MHz, 405 MHz, 0x0000000000000000, 10.37 W, 0 %, 30354 MiB
2026/10/01 06:07:17.392, 180 MHz, 405 MHz, 0x0000000000000000, 10.37 W, 0 %, 30354 MiB
2026/10/01 06:07:17.895, 180 MHz, 405 MHz, 0x0000000000000000, 10.25 W, 0 %, 30354 MiB
2026/10/01 06:07:18.407, 180 MHz, 405 MHz, 0x0000000000000000, 10.25 W, 0 %, 30354 MiB
2026/10/01 06:07:18.920, 180 MHz, 405 MHz, 0x0000000000000000, 10.20 W, 0 %, 30354 MiB
2026/10/01 06:07:19.435, 180 MHz, 405 MHz, 0x0000000000000000, 10.20 W, 0 %, 30354 MiB
2026/10/01 06:07:19.950, 180 MHz, 405 MHz, 0x0000000000000000, 10.33 W, 0 %, 30354 MiB
2026/10/01 06:07:20.464, 180 MHz, 405 MHz, 0x0000000000000000, 10.33 W, 0 %, 30354 MiB
2026/10/01 06:07:20.976, 180 MHz, 405 MHz, 0x0000000000000000, 10.26 W, 0 %, 30354 MiB
2026/10/01 06:07:21.490, 180 MHz, 405 MHz, 0x0000000000000000, 10.26 W, 0 %, 30354 MiB
2026/10/01 06:07:22.004, 180 MHz, 405 MHz, 0x0000000000000000, 10.13 W, 0 %, 30354 MiB
2026/10/01 06:07:22.518, 180 MHz, 405 MHz, 0x0000000000000000, 10.13 W, 0 %, 30354 MiB
2026/10/01 06:07:23.019, 180 MHz, 405 MHz, 0x0000000000000000, 10.15 W, 0 %, 30354 MiB
2026/10/01 06:07:23.534, 180 MHz, 405 MHz, 0x0000000000000000, 10.15 W, 0 %, 30354 MiB
2026/10/01 06:07:24.046, 180 MHz, 405 MHz, 0x0000000000000000, 10.21 W, 0 %, 30354 MiB
2026/10/01 06:07:24.560, 180 MHz, 405 MHz, 0x0000000000000000, 10.21 W, 0 %, 30354 MiB
2026/10/01 06:07:25.074, 180 MHz, 405 MHz, 0x0000000000000000, 10.18 W, 0 %, 30354 MiB
2026/10/01 06:07:25.584, 180 MHz, 405 MHz, 0x0000000000000000, 10.18 W, 0 %, 30354 MiB
2026/10/01 06:07:26.099, 180 MHz, 405 MHz, 0x0000000000000000, 10.20 W, 0 %, 30359 MiB
2026/10/01 06:07:26.614, 180 MHz, 405 MHz, 0x0000000000000000, 10.75 W, 0 %, 30359 MiB
2026/10/01 06:07:27.129, 180 MHz, 405 MHz, 0x0000000000000000, 11.56 W, 0 %, 30354 MiB
2026/10/01 06:07:27.631, 180 MHz, 405 MHz, 0x0000000000000000, 11.43 W, 0 %, 30354 MiB
2026/10/01 06:07:28.133, 180 MHz, 405 MHz, 0x0000000000000000, 11.38 W, 0 %, 30354 MiB
2026/10/01 06:07:28.636, 180 MHz, 405 MHz, 0x0000000000000000, 11.35 W, 0 %, 30354 MiB
2026/10/01 06:07:29.151, 180 MHz, 405 MHz, 0x0000000000000000, 11.35 W, 0 %, 30354 MiB
2026/10/01 06:07:29.663, 180 MHz, 405 MHz, 0x0000000000000000, 10.50 W, 0 %, 30354 MiB
2026/10/01 06:07:30.175, 180 MHz, 405 MHz, 0x0000000000000000, 10.32 W, 0 %, 30354 MiB
2026/10/01 06:07:30.675, 180 MHz, 405 MHz, 0x0000000000000000, 10.32 W, 0 %, 30354 MiB
2026/10/01 06:07:31.176, 180 MHz, 405 MHz, 0x0000000000000000, 10.17 W, 0 %, 30354 MiB
2026/10/01 06:07:31.678, 2932 MHz, 13801 MHz, 0x0000000000000000, 40.08 W, 36 %, 30358 MiB
2026/10/01 06:07:32.192, 2940 MHz, 13801 MHz, 0x0000000000000000, 85.95 W, 0 %, 30358 MiB
2026/10/01 06:07:32.707, 2940 MHz, 13801 MHz, 0x0000000000000000, 105.94 W, 0 %, 30358 MiB
2026/10/01 06:07:33.220, 2940 MHz, 13801 MHz, 0x0000000000000000, 92.46 W, 0 %, 30358 MiB
2026/10/01 06:07:33.723, 802 MHz, 7001 MHz, 0x0000000000000000, 71.93 W, 0 %, 30358 MiB
2026/10/01 06:07:34.236, 645 MHz, 7001 MHz, 0x0000000000000000, 45.68 W, 0 %, 30358 MiB
2026/10/01 06:07:34.747, 645 MHz, 7001 MHz, 0x0000000000000000, 40.35 W, 0 %, 30358 MiB
2026/10/01 06:07:35.250, 645 MHz, 7001 MHz, 0x0000000000000000, 40.35 W, 0 %, 30358 MiB
2026/10/01 06:07:35.765, 397 MHz, 7001 MHz, 0x0000000000000000, 32.60 W, 0 %, 30358 MiB
2026/10/01 06:07:36.278, 397 MHz, 7001 MHz, 0x0000000000000000, 32.60 W, 0 %, 30358 MiB
2026/10/01 06:07:36.792, 255 MHz, 7001 MHz, 0x0000000000000000, 32.11 W, 0 %, 30358 MiB
2026/10/01 06:07:37.305, 255 MHz, 7001 MHz, 0x0000000000000000, 32.11 W, 0 %, 30358 MiB
2026/10/01 06:07:37.821, 180 MHz, 7001 MHz, 0x0000000000000000, 31.90 W, 0 %, 30358 MiB
2026/10/01 06:07:38.335, 180 MHz, 7001 MHz, 0x0000000000000000, 31.90 W, 0 %, 30358 MiB
2026/10/01 06:07:38.838, 187 MHz, 810 MHz, 0x0000000000000000, 25.11 W, 0 %, 30358 MiB
2026/10/01 06:07:39.338, 187 MHz, 810 MHz, 0x0000000000000000, 25.11 W, 0 %, 30358 MiB
2026/10/01 06:07:39.840, 180 MHz, 810 MHz, 0x0000000000000000, 10.36 W, 0 %, 30358 MiB
2026/10/01 06:07:40.352, 180 MHz, 810 MHz, 0x0000000000000000, 10.36 W, 0 %, 30358 MiB
2026/10/01 06:07:40.867, 180 MHz, 405 MHz, 0x0000000000000000, 10.36 W, 0 %, 30358 MiB
2026/10/01 06:07:41.383, 180 MHz, 405 MHz, 0x0000000000000000, 10.36 W, 0 %, 30358 MiB
2026/10/01 06:07:41.896, 180 MHz, 405 MHz, 0x0000000000000000, 10.22 W, 0 %, 30358 MiB
2026/10/01 06:07:42.398, 180 MHz, 405 MHz, 0x0000000000000000, 10.22 W, 0 %, 30358 MiB
2026/10/01 06:07:42.914, 180 MHz, 405 MHz, 0x0000000000000000, 10.15 W, 0 %, 30358 MiB
2026/10/01 06:07:43.430, 180 MHz, 405 MHz, 0x0000000000000000, 10.15 W, 0 %, 30358 MiB
2026/10/01 06:07:43.932, 180 MHz, 405 MHz, 0x0000000000000000, 10.17 W, 0 %, 30358 MiB
2026/10/01 06:07:44.446, 180 MHz, 405 MHz, 0x0000000000000000, 10.53 W, 0 %, 30358 MiB
2026/10/01 06:07:44.961, 172 MHz, 405 MHz, 0x0000000000000000, 11.02 W, 0 %, 30358 MiB
2026/10/01 06:07:45.475, 172 MHz, 405 MHz, 0x0000000000000000, 11.02 W, 0 %, 30358 MiB
2026/10/01 06:07:45.989, 172 MHz, 405 MHz, 0x0000000000000000, 11.02 W, 0 %, 30358 MiB
2026/10/01 06:07:46.490, 180 MHz, 405 MHz, 0x0000000000000000, 10.33 W, 0 %, 30358 MiB
2026/10/01 06:07:47.004, 180 MHz, 405 MHz, 0x0000000000000000, 10.33 W, 0 %, 30363 MiB
2026/10/01 06:07:47.517, 180 MHz, 405 MHz, 0x0000000000000000, 10.37 W, 0 %, 30363 MiB
2026/10/01 06:07:48.029, 180 MHz, 405 MHz, 0x0000000000000000, 10.49 W, 0 %, 30358 MiB
2026/10/01 06:07:48.544, 180 MHz, 405 MHz, 0x0000000000000000, 10.83 W, 0 %, 30358 MiB
2026/10/01 06:07:49.060, 180 MHz, 405 MHz, 0x0000000000000000, 10.80 W, 0 %, 30360 MiB
2026/10/01 06:07:49.562, 2032 MHz, 13801 MHz, 0x0000000000000000, 45.53 W, 52 %, 30360 MiB
2026/10/01 06:07:50.076, 2925 MHz, 13801 MHz, 0x0000000000000000, 212.22 W, 77 %, 30360 MiB
2026/10/01 06:07:50.592, 2925 MHz, 13801 MHz, 0x0000000000000000, 376.72 W, 78 %, 30360 MiB
2026/10/01 06:07:51.108, 2925 MHz, 13801 MHz, 0x0000000000000000, 391.23 W, 76 %, 30360 MiB
2026/10/01 06:07:51.608, 2925 MHz, 13801 MHz, 0x0000000000000000, 389.60 W, 78 %, 30360 MiB
2026/10/01 06:07:52.109, 2910 MHz, 13801 MHz, 0x0000000000000000, 394.67 W, 81 %, 30360 MiB
2026/10/01 06:07:52.609, 2910 MHz, 13801 MHz, 0x0000000000000000, 393.91 W, 85 %, 30360 MiB
2026/10/01 06:07:53.110, 2910 MHz, 13801 MHz, 0x0000000000000000, 394.95 W, 78 %, 30360 MiB
2026/10/01 06:07:53.623, 2910 MHz, 13801 MHz, 0x0000000000000000, 398.93 W, 69 %, 30360 MiB
2026/10/01 06:07:54.139, 2910 MHz, 13801 MHz, 0x0000000000000000, 391.42 W, 77 %, 30360 MiB
2026/10/01 06:07:54.653, 2910 MHz, 13801 MHz, 0x0000000000000000, 393.48 W, 79 %, 30360 MiB
2026/10/01 06:07:55.165, 2910 MHz, 13801 MHz, 0x0000000000000000, 395.31 W, 83 %, 30360 MiB
2026/10/01 06:07:55.679, 2910 MHz, 13801 MHz, 0x0000000000000000, 397.41 W, 84 %, 30360 MiB
2026/10/01 06:07:56.193, 2910 MHz, 13801 MHz, 0x0000000000000000, 399.60 W, 83 %, 30360 MiB
2026/10/01 06:07:56.706, 2910 MHz, 13801 MHz, 0x0000000000000000, 397.27 W, 76 %, 30360 MiB
2026/10/01 06:07:57.207, 2910 MHz, 13801 MHz, 0x0000000000000000, 398.61 W, 83 %, 30360 MiB
2026/10/01 06:07:57.707, 2910 MHz, 13801 MHz, 0x0000000000000000, 397.75 W, 62 %, 30360 MiB
2026/10/01 06:07:58.219, 2910 MHz, 13801 MHz, 0x0000000000000000, 397.00 W, 78 %, 30360 MiB
2026/10/01 06:07:58.721, 2910 MHz, 13801 MHz, 0x0000000000000000, 397.64 W, 76 %, 30360 MiB
2026/10/01 06:07:59.234, 2910 MHz, 13801 MHz, 0x0000000000000000, 399.98 W, 80 %, 30360 MiB
2026/10/01 06:07:59.735, 2910 MHz, 13801 MHz, 0x0000000000000000, 404.20 W, 83 %, 30360 MiB
2026/10/01 06:08:00.237, 2910 MHz, 13801 MHz, 0x0000000000000000, 410.63 W, 85 %, 30360 MiB
2026/10/01 06:08:00.752, 2910 MHz, 13801 MHz, 0x0000000000000000, 414.86 W, 85 %, 30360 MiB
2026/10/01 06:08:01.265, 2910 MHz, 13801 MHz, 0x0000000000000000, 415.20 W, 83 %, 30360 MiB
2026/10/01 06:08:01.767, 2910 MHz, 13801 MHz, 0x0000000000000000, 415.63 W, 83 %, 30360 MiB
2026/10/01 06:08:02.268, 2910 MHz, 13801 MHz, 0x0000000000000000, 416.68 W, 84 %, 30360 MiB
2026/10/01 06:08:02.769, 2910 MHz, 13801 MHz, 0x0000000000000000, 416.66 W, 82 %, 30360 MiB
2026/10/01 06:08:03.282, 2910 MHz, 13801 MHz, 0x0000000000000000, 412.80 W, 75 %, 30360 MiB
2026/10/01 06:08:03.783, 2910 MHz, 13801 MHz, 0x0000000000000000, 413.98 W, 82 %, 30360 MiB
2026/10/01 06:08:04.295, 2910 MHz, 13801 MHz, 0x0000000000000000, 417.17 W, 83 %, 30360 MiB
2026/10/01 06:08:04.797, 2910 MHz, 13801 MHz, 0x0000000000000000, 416.26 W, 83 %, 30360 MiB
2026/10/01 06:08:05.304, 2910 MHz, 13801 MHz, 0x0000000000000000, 418.23 W, 83 %, 30360 MiB
2026/10/01 06:08:05.805, 2910 MHz, 13801 MHz, 0x0000000000000000, 417.63 W, 85 %, 30360 MiB
2026/10/01 06:08:06.306, 2910 MHz, 13801 MHz, 0x0000000000000000, 418.17 W, 82 %, 30360 MiB
2026/10/01 06:08:06.809, 2910 MHz, 13801 MHz, 0x0000000000000000, 417.92 W, 82 %, 30360 MiB
2026/10/01 06:08:07.324, 2910 MHz, 13801 MHz, 0x0000000000000000, 412.41 W, 81 %, 30360 MiB
2026/10/01 06:08:07.826, 2910 MHz, 13801 MHz, 0x0000000000000000, 410.45 W, 81 %, 30363 MiB
2026/10/01 06:08:08.328, 2910 MHz, 13801 MHz, 0x0000000000000000, 410.02 W, 81 %, 30363 MiB
2026/10/01 06:08:08.843, 2910 MHz, 13801 MHz, 0x0000000000000000, 401.30 W, 84 %, 30360 MiB
2026/10/01 06:08:09.358, 2910 MHz, 13801 MHz, 0x0000000000000000, 407.09 W, 85 %, 30360 MiB
2026/10/01 06:08:09.870, 2910 MHz, 13801 MHz, 0x0000000000000000, 417.29 W, 82 %, 30360 MiB
2026/10/01 06:08:10.385, 2910 MHz, 13801 MHz, 0x0000000000000000, 418.55 W, 83 %, 30360 MiB
2026/10/01 06:08:10.901, 2910 MHz, 13801 MHz, 0x0000000000000000, 419.12 W, 85 %, 30360 MiB
2026/10/01 06:08:11.416, 2910 MHz, 13801 MHz, 0x0000000000000000, 419.30 W, 84 %, 30360 MiB
2026/10/01 06:08:11.930, 2910 MHz, 13801 MHz, 0x0000000000000000, 419.92 W, 81 %, 30360 MiB
2026/10/01 06:08:12.443, 2910 MHz, 13801 MHz, 0x0000000000000000, 419.78 W, 85 %, 30360 MiB
2026/10/01 06:08:12.957, 2910 MHz, 13801 MHz, 0x0000000000000000, 420.15 W, 82 %, 30360 MiB
2026/10/01 06:08:13.469, 2910 MHz, 13801 MHz, 0x0000000000000000, 421.11 W, 83 %, 30360 MiB
2026/10/01 06:08:13.982, 2910 MHz, 13801 MHz, 0x0000000000000000, 419.84 W, 85 %, 30360 MiB
2026/10/01 06:08:14.483, 2910 MHz, 13801 MHz, 0x0000000000000000, 413.47 W, 82 %, 30360 MiB
2026/10/01 06:08:14.984, 2910 MHz, 13801 MHz, 0x0000000000000000, 414.71 W, 85 %, 30360 MiB
2026/10/01 06:08:15.485, 2910 MHz, 13801 MHz, 0x0000000000000000, 422.20 W, 82 %, 30360 MiB
2026/10/01 06:08:15.997, 2910 MHz, 13801 MHz, 0x0000000000000000, 422.63 W, 86 %, 30360 MiB
2026/10/01 06:08:16.512, 2910 MHz, 13801 MHz, 0x0000000000000000, 423.76 W, 82 %, 30360 MiB
2026/10/01 06:08:17.024, 2910 MHz, 13801 MHz, 0x0000000000000000, 425.11 W, 83 %, 30360 MiB
2026/10/01 06:08:17.527, 2910 MHz, 13801 MHz, 0x0000000000000000, 423.96 W, 84 %, 30360 MiB
2026/10/01 06:08:18.039, 2910 MHz, 13801 MHz, 0x0000000000000000, 422.67 W, 86 %, 30360 MiB
2026/10/01 06:08:18.554, 2910 MHz, 13801 MHz, 0x0000000000000000, 423.00 W, 78 %, 30360 MiB
2026/10/01 06:08:19.068, 2910 MHz, 13801 MHz, 0x0000000000000000, 419.69 W, 83 %, 30360 MiB
2026/10/01 06:08:19.570, 2910 MHz, 13801 MHz, 0x0000000000000000, 420.62 W, 85 %, 30360 MiB
2026/10/01 06:08:20.071, 2910 MHz, 13801 MHz, 0x0000000000000000, 417.97 W, 83 %, 30360 MiB
2026/10/01 06:08:20.572, 2910 MHz, 13801 MHz, 0x0000000000000000, 416.32 W, 83 %, 30360 MiB
2026/10/01 06:08:21.085, 2910 MHz, 13801 MHz, 0x0000000000000000, 422.42 W, 85 %, 30360 MiB
2026/10/01 06:08:21.601, 2910 MHz, 13801 MHz, 0x0000000000000000, 424.53 W, 83 %, 30360 MiB
2026/10/01 06:08:22.116, 2910 MHz, 13801 MHz, 0x0000000000000000, 424.62 W, 85 %, 30360 MiB
2026/10/01 06:08:22.617, 2910 MHz, 13801 MHz, 0x0000000000000000, 425.72 W, 84 %, 30360 MiB
2026/10/01 06:08:23.117, 2910 MHz, 13801 MHz, 0x0000000000000000, 425.97 W, 82 %, 30360 MiB
2026/10/01 06:08:23.632, 2910 MHz, 13801 MHz, 0x0000000000000000, 426.69 W, 86 %, 30360 MiB
2026/10/01 06:08:24.143, 2910 MHz, 13801 MHz, 0x0000000000000000, 426.17 W, 82 %, 30360 MiB
2026/10/01 06:08:24.643, 2910 MHz, 13801 MHz, 0x0000000000000000, 423.95 W, 84 %, 30360 MiB
2026/10/01 06:08:25.157, 2910 MHz, 13801 MHz, 0x0000000000000000, 413.02 W, 52 %, 30360 MiB
2026/10/01 06:08:25.672, 2925 MHz, 13801 MHz, 0x0000000000000000, 249.94 W, 0 %, 30360 MiB
2026/10/01 06:08:26.184, 2925 MHz, 13801 MHz, 0x0000000000000000, 94.51 W, 0 %, 30364 MiB
2026/10/01 06:08:26.698, 1515 MHz, 13801 MHz, 0x0000000000000000, 84.46 W, 0 %, 30364 MiB
2026/10/01 06:08:27.199, 510 MHz, 810 MHz, 0x0000000000000000, 56.47 W, 0 %, 30361 MiB
2026/10/01 06:08:27.714, 382 MHz, 810 MHz, 0x0000000000000000, 30.74 W, 0 %, 30361 MiB
2026/10/01 06:08:28.216, 322 MHz, 810 MHz, 0x0000000000000000, 22.85 W, 0 %, 30361 MiB
2026/10/01 06:08:28.730, 225 MHz, 810 MHz, 0x0000000000000000, 18.17 W, 0 %, 30366 MiB
2026/10/01 06:08:29.231, 180 MHz, 405 MHz, 0x0000000000000000, 15.03 W, 0 %, 30366 MiB
2026/10/01 06:08:29.742, 180 MHz, 405 MHz, 0x0000000000000000, 14.23 W, 0 %, 30361 MiB
2026/10/01 06:08:30.256, 180 MHz, 405 MHz, 0x0000000000000000, 13.85 W, 0 %, 30361 MiB
2026/10/01 06:08:30.759, 180 MHz, 405 MHz, 0x0000000000000000, 13.94 W, 0 %, 30361 MiB
2026/10/01 06:08:31.274, 180 MHz, 405 MHz, 0x0000000000000000, 13.94 W, 0 %, 30361 MiB
2026/10/01 06:08:31.788, 180 MHz, 405 MHz, 0x0000000000000000, 11.20 W, 0 %, 30361 MiB
2026/10/01 06:08:32.303, 847 MHz, 405 MHz, 0x0000000000000000, 20.00 W, 94 %, 30715 MiB
2026/10/01 06:08:32.816, 2835 MHz, 13801 MHz, 0x0000000000000000, 234.27 W, 84 %, 30715 MiB
2026/10/01 06:08:33.327, 2910 MHz, 13801 MHz, 0x0000000000000000, 414.56 W, 79 %, 30715 MiB
2026/10/01 06:08:33.839, 2910 MHz, 13801 MHz, 0x0000000000000000, 415.79 W, 83 %, 30715 MiB
2026/10/01 06:08:34.350, 2910 MHz, 13801 MHz, 0x0000000000000000, 415.64 W, 83 %, 30715 MiB
2026/10/01 06:08:34.858, 2910 MHz, 13801 MHz, 0x0000000000000000, 415.30 W, 83 %, 30715 MiB
2026/10/01 06:08:35.368, 2910 MHz, 13801 MHz, 0x0000000000000000, 409.21 W, 76 %, 30715 MiB
2026/10/01 06:08:35.877, 2910 MHz, 13801 MHz, 0x0000000000000000, 408.66 W, 80 %, 30715 MiB
2026/10/01 06:08:36.386, 2910 MHz, 13801 MHz, 0x0000000000000000, 411.31 W, 79 %, 30715 MiB
2026/10/01 06:08:36.894, 2910 MHz, 13801 MHz, 0x0000000000000000, 402.24 W, 73 %, 30715 MiB
2026/10/01 06:08:37.405, 2910 MHz, 13801 MHz, 0x0000000000000000, 400.39 W, 82 %, 30715 MiB
2026/10/01 06:08:37.914, 2910 MHz, 13801 MHz, 0x0000000000000000, 401.97 W, 77 %, 30715 MiB
2026/10/01 06:08:38.423, 2910 MHz, 13801 MHz, 0x0000000000000000, 403.84 W, 79 %, 30715 MiB
2026/10/01 06:08:38.933, 2910 MHz, 13801 MHz, 0x0000000000000000, 403.88 W, 74 %, 30715 MiB
2026/10/01 06:08:39.443, 2910 MHz, 13801 MHz, 0x0000000000000000, 406.35 W, 80 %, 30715 MiB
2026/10/01 06:08:39.955, 2857 MHz, 13801 MHz, 0x0000000000000004, 444.82 W, 96 %, 30715 MiB
2026/10/01 06:08:40.463, 2910 MHz, 13801 MHz, 0x0000000000000000, 462.45 W, 78 %, 30715 MiB
2026/10/01 06:08:40.971, 2910 MHz, 13801 MHz, 0x0000000000000000, 440.72 W, 81 %, 30715 MiB
2026/10/01 06:08:41.481, 2910 MHz, 13801 MHz, 0x0000000000000000, 413.78 W, 82 %, 30715 MiB
2026/10/01 06:08:41.993, 2910 MHz, 13801 MHz, 0x0000000000000000, 418.16 W, 86 %, 30715 MiB
2026/10/01 06:08:42.502, 2910 MHz, 13801 MHz, 0x0000000000000000, 420.25 W, 84 %, 30715 MiB
2026/10/01 06:08:43.008, 2910 MHz, 13801 MHz, 0x0000000000000000, 424.90 W, 83 %, 30715 MiB
2026/10/01 06:08:43.519, 2910 MHz, 13801 MHz, 0x0000000000000000, 421.53 W, 79 %, 30715 MiB
2026/10/01 06:08:44.028, 2910 MHz, 13801 MHz, 0x0000000000000000, 413.40 W, 68 %, 30715 MiB
2026/10/01 06:08:44.538, 2910 MHz, 13801 MHz, 0x0000000000000000, 409.30 W, 82 %, 30715 MiB
2026/10/01 06:08:45.048, 2910 MHz, 13801 MHz, 0x0000000000000000, 414.83 W, 81 %, 30715 MiB
2026/10/01 06:08:45.557, 2910 MHz, 13801 MHz, 0x0000000000000000, 417.45 W, 83 %, 30715 MiB
2026/10/01 06:08:46.066, 2910 MHz, 13801 MHz, 0x0000000000000000, 421.51 W, 84 %, 30715 MiB
2026/10/01 06:08:46.577, 2910 MHz, 13801 MHz, 0x0000000000000000, 424.44 W, 78 %, 30715 MiB
2026/10/01 06:08:47.086, 2910 MHz, 13801 MHz, 0x0000000000000000, 416.62 W, 74 %, 30715 MiB
2026/10/01 06:08:47.600, 2850 MHz, 13801 MHz, 0x0000000000000004, 451.36 W, 94 %, 30715 MiB
2026/10/01 06:08:48.110, 2910 MHz, 13801 MHz, 0x0000000000000000, 455.12 W, 83 %, 30715 MiB
2026/10/01 06:08:48.618, 2910 MHz, 13801 MHz, 0x0000000000000000, 440.33 W, 76 %, 30715 MiB
2026/10/01 06:08:49.128, 2910 MHz, 13801 MHz, 0x0000000000000000, 421.87 W, 85 %, 30715 MiB
2026/10/01 06:08:49.640, 2910 MHz, 13801 MHz, 0x0000000000000000, 417.75 W, 80 %, 30715 MiB
2026/10/01 06:08:50.149, 2910 MHz, 13801 MHz, 0x0000000000000000, 419.82 W, 82 %, 30718 MiB
2026/10/01 06:08:50.660, 2910 MHz, 13801 MHz, 0x0000000000000000, 419.23 W, 79 %, 30715 MiB
2026/10/01 06:08:51.169, 2910 MHz, 13801 MHz, 0x0000000000000000, 421.35 W, 83 %, 30715 MiB
2026/10/01 06:08:51.677, 2910 MHz, 13801 MHz, 0x0000000000000000, 420.18 W, 78 %, 30715 MiB
2026/10/01 06:08:52.187, 2910 MHz, 13801 MHz, 0x0000000000000000, 417.89 W, 80 %, 30715 MiB
2026/10/01 06:08:52.693, 2910 MHz, 13801 MHz, 0x0000000000000000, 418.56 W, 81 %, 30715 MiB
2026/10/01 06:08:53.204, 2910 MHz, 13801 MHz, 0x0000000000000000, 417.39 W, 83 %, 30715 MiB
2026/10/01 06:08:53.715, 2842 MHz, 13801 MHz, 0x0000000000000000, 460.70 W, 78 %, 30715 MiB
2026/10/01 06:08:54.223, 2902 MHz, 13801 MHz, 0x0000000000000000, 462.33 W, 77 %, 30715 MiB
2026/10/01 06:08:54.730, 2902 MHz, 13801 MHz, 0x0000000000000000, 408.96 W, 80 %, 30715 MiB
2026/10/01 06:08:55.242, 2902 MHz, 13801 MHz, 0x0000000000000000, 419.02 W, 86 %, 30715 MiB
2026/10/01 06:08:55.751, 2902 MHz, 13801 MHz, 0x0000000000000000, 428.79 W, 83 %, 30715 MiB
2026/10/01 06:08:56.263, 2902 MHz, 13801 MHz, 0x0000000000000000, 427.62 W, 83 %, 30715 MiB
2026/10/01 06:08:56.774, 2902 MHz, 13801 MHz, 0x0000000000000000, 424.45 W, 81 %, 30715 MiB
2026/10/01 06:08:57.284, 2902 MHz, 13801 MHz, 0x0000000000000000, 424.22 W, 81 %, 30715 MiB
2026/10/01 06:08:57.794, 2902 MHz, 13801 MHz, 0x0000000000000000, 423.46 W, 86 %, 30715 MiB
2026/10/01 06:08:58.306, 2902 MHz, 13801 MHz, 0x0000000000000000, 421.51 W, 83 %, 30715 MiB
2026/10/01 06:08:58.813, 2902 MHz, 13801 MHz, 0x0000000000000000, 420.74 W, 81 %, 30715 MiB
2026/10/01 06:08:59.319, 2902 MHz, 13801 MHz, 0x0000000000000000, 423.97 W, 83 %, 30715 MiB
2026/10/01 06:08:59.828, 2902 MHz, 13801 MHz, 0x0000000000000000, 416.30 W, 79 %, 30715 MiB
2026/10/01 06:09:00.338, 2902 MHz, 13801 MHz, 0x0000000000000000, 415.11 W, 83 %, 30715 MiB
2026/10/01 06:09:00.848, 2902 MHz, 13801 MHz, 0x0000000000000000, 426.26 W, 85 %, 30715 MiB
2026/10/01 06:09:01.359, 2835 MHz, 13801 MHz, 0x0000000000000004, 470.85 W, 95 %, 30715 MiB
2026/10/01 06:09:01.867, 2902 MHz, 13801 MHz, 0x0000000000000000, 480.05 W, 83 %, 30715 MiB
2026/10/01 06:09:02.377, 2902 MHz, 13801 MHz, 0x0000000000000000, 453.51 W, 84 %, 30715 MiB
2026/10/01 06:09:02.887, 2902 MHz, 13801 MHz, 0x0000000000000000, 429.98 W, 85 %, 30715 MiB
2026/10/01 06:09:03.395, 2902 MHz, 13801 MHz, 0x0000000000000000, 430.15 W, 84 %, 30715 MiB
2026/10/01 06:09:03.900, 2902 MHz, 13801 MHz, 0x0000000000000000, 430.22 W, 85 %, 30715 MiB
2026/10/01 06:09:04.409, 2902 MHz, 13801 MHz, 0x0000000000000000, 430.10 W, 87 %, 30715 MiB
2026/10/01 06:09:04.920, 2902 MHz, 13801 MHz, 0x0000000000000000, 431.31 W, 86 %, 30715 MiB
2026/10/01 06:09:05.429, 2902 MHz, 13801 MHz, 0x0000000000000000, 432.96 W, 82 %, 30715 MiB
2026/10/01 06:09:05.936, 2902 MHz, 13801 MHz, 0x0000000000000000, 431.09 W, 86 %, 30715 MiB
2026/10/01 06:09:06.444, 2902 MHz, 13801 MHz, 0x0000000000000000, 429.75 W, 84 %, 30715 MiB
2026/10/01 06:09:06.953, 2902 MHz, 13801 MHz, 0x0000000000000000, 429.00 W, 84 %, 30715 MiB
2026/10/01 06:09:07.461, 2902 MHz, 13801 MHz, 0x0000000000000000, 430.51 W, 85 %, 30715 MiB
2026/10/01 06:09:07.977, 2902 MHz, 13801 MHz, 0x0000000000000000, 430.84 W, 85 %, 30715 MiB
2026/10/01 06:09:08.488, 2857 MHz, 13801 MHz, 0x0000000000000000, 475.24 W, 82 %, 30715 MiB
2026/10/01 06:09:08.998, 2902 MHz, 13801 MHz, 0x0000000000000000, 475.30 W, 85 %, 30715 MiB
2026/10/01 06:09:09.505, 2895 MHz, 13801 MHz, 0x0000000000000000, 430.70 W, 84 %, 30715 MiB
2026/10/01 06:09:10.020, 2917 MHz, 13801 MHz, 0x0000000000000000, 358.45 W, 0 %, 30715 MiB
2026/10/01 06:09:10.536, 2925 MHz, 13801 MHz, 0x0000000000000000, 214.20 W, 0 %, 30715 MiB
2026/10/01 06:09:11.037, 2925 MHz, 13801 MHz, 0x0000000000000000, 97.64 W, 0 %, 30718 MiB
2026/10/01 06:09:11.551, 2925 MHz, 13801 MHz, 0x0000000000000000, 96.76 W, 0 %, 30718 MiB
2026/10/01 06:09:12.051, 555 MHz, 7001 MHz, 0x0000000000000000, 76.42 W, 0 %, 30715 MiB
2026/10/01 06:09:12.567, 435 MHz, 7001 MHz, 0x0000000000000000, 44.77 W, 0 %, 30715 MiB
2026/10/01 06:09:13.080, 390 MHz, 7001 MHz, 0x0000000000000000, 37.00 W, 0 %, 30715 MiB
2026/10/01 06:09:13.593, 390 MHz, 7001 MHz, 0x0000000000000000, 37.00 W, 0 %, 30715 MiB
2026/10/01 06:09:14.108, 240 MHz, 7001 MHz, 0x0000000000000000, 36.70 W, 0 %, 30715 MiB
2026/10/01 06:09:14.624, 240 MHz, 7001 MHz, 0x0000000000000000, 36.70 W, 0 %, 30715 MiB
2026/10/01 06:09:15.135, 180 MHz, 7001 MHz, 0x0000000000000000, 36.68 W, 0 %, 30715 MiB
2026/10/01 06:09:15.636, 180 MHz, 7001 MHz, 0x0000000000000000, 36.68 W, 0 %, 30715 MiB
2026/10/01 06:09:16.137, 180 MHz, 7001 MHz, 0x0000000000000000, 36.57 W, 0 %, 30715 MiB
2026/10/01 06:09:16.650, 180 MHz, 7001 MHz, 0x0000000000000000, 36.57 W, 0 %, 30715 MiB
2026/10/01 06:09:17.164, 202 MHz, 810 MHz, 0x0000000000000000, 32.07 W, 0 %, 30715 MiB
2026/10/01 06:09:17.678, 180 MHz, 810 MHz, 0x0000000000000000, 28.60 W, 0 %, 30715 MiB
2026/10/01 06:09:18.192, 180 MHz, 810 MHz, 0x0000000000000000, 27.27 W, 0 %, 30715 MiB
2026/10/01 06:09:18.706, 180 MHz, 405 MHz, 0x0000000000000000, 12.98 W, 0 %, 30715 MiB
2026/10/01 06:09:19.206, 180 MHz, 405 MHz, 0x0000000000000000, 12.98 W, 0 %, 30715 MiB
2026/10/01 06:09:19.722, 180 MHz, 405 MHz, 0x0000000000000000, 12.25 W, 0 %, 30715 MiB
2026/10/01 06:09:20.235, 180 MHz, 405 MHz, 0x0000000000000000, 12.25 W, 0 %, 30715 MiB
2026/10/01 06:09:20.747, 180 MHz, 405 MHz, 0x0000000000000000, 12.37 W, 0 %, 30715 MiB
2026/10/01 06:09:21.258, 180 MHz, 405 MHz, 0x0000000000000000, 12.37 W, 0 %, 30715 MiB
2026/10/01 06:09:21.773, 172 MHz, 405 MHz, 0x0000000000000000, 12.11 W, 0 %, 30715 MiB
2026/10/01 06:09:22.286, 172 MHz, 405 MHz, 0x0000000000000000, 12.11 W, 0 %, 30715 MiB
2026/10/01 06:09:22.801, 180 MHz, 405 MHz, 0x0000000000000000, 11.78 W, 0 %, 30715 MiB
2026/10/01 06:09:23.311, 180 MHz, 405 MHz, 0x0000000000000000, 11.78 W, 0 %, 30715 MiB
2026/10/01 06:09:23.826, 180 MHz, 405 MHz, 0x0000000000000000, 11.88 W, 0 %, 30715 MiB
2026/10/01 06:09:24.338, 180 MHz, 405 MHz, 0x0000000000000000, 11.88 W, 0 %, 30715 MiB
2026/10/01 06:09:24.852, 180 MHz, 405 MHz, 0x0000000000000000, 11.76 W, 0 %, 30715 MiB
2026/10/01 06:09:25.353, 180 MHz, 405 MHz, 0x0000000000000000, 11.76 W, 0 %, 30715 MiB
2026/10/01 06:09:25.868, 180 MHz, 405 MHz, 0x0000000000000000, 11.30 W, 0 %, 30715 MiB
2026/10/01 06:09:26.382, 180 MHz, 405 MHz, 0x0000000000000000, 11.30 W, 0 %, 30715 MiB
2026/10/01 06:09:26.895, 180 MHz, 405 MHz, 0x0000000000000000, 11.43 W, 0 %, 30715 MiB
2026/10/01 06:09:27.397, 180 MHz, 405 MHz, 0x0000000000000000, 11.43 W, 0 %, 30715 MiB
2026/10/01 06:09:27.910, 180 MHz, 405 MHz, 0x0000000000000000, 11.37 W, 0 %, 30715 MiB
2026/10/01 06:09:28.411, 180 MHz, 405 MHz, 0x0000000000000000, 11.37 W, 0 %, 30715 MiB
2026/10/01 06:09:28.911, 172 MHz, 405 MHz, 0x0000000000000000, 11.44 W, 0 %, 30715 MiB
2026/10/01 06:09:29.424, 172 MHz, 405 MHz, 0x0000000000000000, 11.44 W, 0 %, 30715 MiB
2026/10/01 06:09:29.939, 180 MHz, 405 MHz, 0x0000000000000000, 11.36 W, 0 %, 30715 MiB
2026/10/01 06:09:30.453, 180 MHz, 405 MHz, 0x0000000000000000, 11.36 W, 0 %, 30715 MiB
2026/10/01 06:09:30.966, 1845 MHz, 13801 MHz, 0x0000000000000000, 28.41 W, 100 %, 31101 MiB
2026/10/01 06:09:31.480, 2872 MHz, 13801 MHz, 0x0000000000000004, 110.89 W, 93 %, 31101 MiB
2026/10/01 06:09:31.987, 2910 MHz, 13801 MHz, 0x0000000000000000, 361.52 W, 84 %, 31104 MiB
2026/10/01 06:09:32.494, 2910 MHz, 13801 MHz, 0x0000000000000000, 445.10 W, 86 %, 31104 MiB
2026/10/01 06:09:33.004, 2910 MHz, 13801 MHz, 0x0000000000000000, 419.84 W, 88 %, 31101 MiB
2026/10/01 06:09:33.513, 2910 MHz, 13801 MHz, 0x0000000000000000, 422.46 W, 86 %, 31101 MiB
2026/10/01 06:09:34.024, 2910 MHz, 13801 MHz, 0x0000000000000000, 419.77 W, 88 %, 31101 MiB
2026/10/01 06:09:34.534, 2902 MHz, 13801 MHz, 0x0000000000000000, 419.13 W, 86 %, 31101 MiB
2026/10/01 06:09:35.048, 2902 MHz, 13801 MHz, 0x0000000000000000, 420.49 W, 85 %, 31101 MiB
2026/10/01 06:09:35.559, 2910 MHz, 13801 MHz, 0x0000000000000000, 403.48 W, 84 %, 31101 MiB
2026/10/01 06:09:36.074, 2910 MHz, 13801 MHz, 0x0000000000000000, 400.57 W, 84 %, 31101 MiB
2026/10/01 06:09:36.584, 2812 MHz, 13801 MHz, 0x0000000000000004, 469.06 W, 95 %, 31101 MiB
2026/10/01 06:09:37.094, 2910 MHz, 13801 MHz, 0x0000000000000000, 467.87 W, 87 %, 31101 MiB
2026/10/01 06:09:37.605, 2910 MHz, 13801 MHz, 0x0000000000000000, 436.58 W, 86 %, 31101 MiB
2026/10/01 06:09:38.114, 2910 MHz, 13801 MHz, 0x0000000000000000, 424.55 W, 86 %, 31101 MiB
2026/10/01 06:09:38.623, 2910 MHz, 13801 MHz, 0x0000000000000000, 420.83 W, 85 %, 31101 MiB
2026/10/01 06:09:39.136, 2902 MHz, 13801 MHz, 0x0000000000000000, 422.46 W, 86 %, 31101 MiB
2026/10/01 06:09:39.646, 2902 MHz, 13801 MHz, 0x0000000000000000, 432.99 W, 85 %, 31101 MiB
2026/10/01 06:09:40.159, 2902 MHz, 13801 MHz, 0x0000000000000000, 432.24 W, 88 %, 31101 MiB
2026/10/01 06:09:40.670, 2887 MHz, 13801 MHz, 0x0000000000000000, 447.21 W, 86 %, 31101 MiB
2026/10/01 06:09:41.180, 2902 MHz, 13801 MHz, 0x0000000000000000, 452.19 W, 85 %, 31101 MiB
2026/10/01 06:09:41.693, 2910 MHz, 13801 MHz, 0x0000000000000000, 432.63 W, 85 %, 31101 MiB
2026/10/01 06:09:42.205, 2902 MHz, 13801 MHz, 0x0000000000000000, 433.88 W, 86 %, 31101 MiB
2026/10/01 06:09:42.715, 2902 MHz, 13801 MHz, 0x0000000000000000, 433.14 W, 88 %, 31101 MiB
2026/10/01 06:09:43.227, 2902 MHz, 13801 MHz, 0x0000000000000000, 433.84 W, 86 %, 31101 MiB
2026/10/01 06:09:43.741, 2895 MHz, 13801 MHz, 0x0000000000000004, 442.88 W, 77 %, 31101 MiB
2026/10/01 06:09:44.253, 2887 MHz, 13801 MHz, 0x0000000000000000, 426.95 W, 83 %, 31101 MiB
2026/10/01 06:09:44.766, 2910 MHz, 13801 MHz, 0x0000000000000000, 420.37 W, 85 %, 31101 MiB
2026/10/01 06:09:45.279, 2902 MHz, 13801 MHz, 0x0000000000000000, 432.54 W, 83 %, 31101 MiB
2026/10/01 06:09:45.789, 2910 MHz, 13801 MHz, 0x0000000000000000, 435.92 W, 87 %, 31101 MiB
2026/10/01 06:09:46.298, 2902 MHz, 13801 MHz, 0x0000000000000000, 435.18 W, 86 %, 31101 MiB
2026/10/01 06:09:46.808, 2887 MHz, 13801 MHz, 0x0000000000000000, 443.43 W, 85 %, 31101 MiB
2026/10/01 06:09:47.318, 2902 MHz, 13801 MHz, 0x0000000000000000, 449.29 W, 81 %, 31101 MiB
2026/10/01 06:09:47.827, 2902 MHz, 13801 MHz, 0x0000000000000000, 446.88 W, 87 %, 31101 MiB
2026/10/01 06:09:48.338, 2902 MHz, 13801 MHz, 0x0000000000000000, 443.58 W, 88 %, 31101 MiB
2026/10/01 06:09:48.847, 2910 MHz, 13801 MHz, 0x0000000000000000, 433.79 W, 87 %, 31101 MiB
2026/10/01 06:09:49.354, 2910 MHz, 13801 MHz, 0x0000000000000000, 432.11 W, 84 %, 31101 MiB
2026/10/01 06:09:49.861, 2895 MHz, 13801 MHz, 0x0000000000000000, 436.15 W, 74 %, 31101 MiB
2026/10/01 06:09:50.374, 2902 MHz, 13801 MHz, 0x0000000000000000, 440.56 W, 85 %, 31101 MiB
2026/10/01 06:09:50.883, 2895 MHz, 13801 MHz, 0x0000000000000000, 442.93 W, 85 %, 31101 MiB
2026/10/01 06:09:51.394, 2910 MHz, 13801 MHz, 0x0000000000000000, 429.09 W, 82 %, 31101 MiB
2026/10/01 06:09:51.905, 2910 MHz, 13801 MHz, 0x0000000000000000, 421.40 W, 85 %, 31101 MiB
2026/10/01 06:09:52.412, 2902 MHz, 13801 MHz, 0x0000000000000000, 430.02 W, 83 %, 31101 MiB
2026/10/01 06:09:52.923, 2902 MHz, 13801 MHz, 0x0000000000000000, 425.54 W, 82 %, 31104 MiB
2026/10/01 06:09:53.430, 2887 MHz, 13801 MHz, 0x0000000000000000, 424.07 W, 82 %, 31104 MiB
2026/10/01 06:09:53.939, 2887 MHz, 13801 MHz, 0x0000000000000000, 442.62 W, 87 %, 31101 MiB
2026/10/01 06:09:54.447, 2910 MHz, 13801 MHz, 0x0000000000000000, 446.00 W, 86 %, 31101 MiB
2026/10/01 06:09:54.957, 2902 MHz, 13801 MHz, 0x0000000000000000, 432.98 W, 87 %, 31101 MiB
2026/10/01 06:09:55.470, 2895 MHz, 13801 MHz, 0x0000000000000000, 438.87 W, 85 %, 31101 MiB
2026/10/01 06:09:55.979, 2910 MHz, 13801 MHz, 0x0000000000000000, 442.89 W, 87 %, 31101 MiB
2026/10/01 06:09:56.492, 2902 MHz, 13801 MHz, 0x0000000000000004, 433.96 W, 81 %, 31101 MiB
2026/10/01 06:09:57.004, 2895 MHz, 13801 MHz, 0x0000000000000000, 432.38 W, 78 %, 31101 MiB
2026/10/01 06:09:57.516, 2902 MHz, 13801 MHz, 0x0000000000000000, 436.65 W, 86 %, 31101 MiB
2026/10/01 06:09:58.026, 2902 MHz, 13801 MHz, 0x0000000000000000, 446.30 W, 87 %, 31101 MiB
2026/10/01 06:09:58.536, 2895 MHz, 13801 MHz, 0x0000000000000000, 453.20 W, 89 %, 31101 MiB
2026/10/01 06:09:59.047, 2910 MHz, 13801 MHz, 0x0000000000000000, 437.58 W, 86 %, 31101 MiB
2026/10/01 06:09:59.555, 2887 MHz, 13801 MHz, 0x0000000000000000, 440.20 W, 88 %, 31101 MiB
2026/10/01 06:10:00.065, 2902 MHz, 13801 MHz, 0x0000000000000000, 439.35 W, 86 %, 31101 MiB
2026/10/01 06:10:00.574, 2902 MHz, 13801 MHz, 0x0000000000000000, 436.69 W, 86 %, 31101 MiB
2026/10/01 06:10:01.085, 2887 MHz, 13801 MHz, 0x0000000000000000, 441.36 W, 77 %, 31101 MiB
2026/10/01 06:10:01.596, 2902 MHz, 13801 MHz, 0x0000000000000000, 440.95 W, 79 %, 31101 MiB
2026/10/01 06:10:02.104, 2902 MHz, 13801 MHz, 0x0000000000000000, 432.74 W, 86 %, 31101 MiB
2026/10/01 06:10:02.613, 2895 MHz, 13801 MHz, 0x0000000000000000, 439.17 W, 86 %, 31101 MiB
2026/10/01 06:10:03.120, 2910 MHz, 13801 MHz, 0x0000000000000000, 435.74 W, 84 %, 31101 MiB
2026/10/01 06:10:03.633, 2895 MHz, 13801 MHz, 0x0000000000000000, 436.41 W, 86 %, 31101 MiB
2026/10/01 06:10:04.140, 2895 MHz, 13801 MHz, 0x0000000000000000, 439.62 W, 86 %, 31101 MiB
2026/10/01 06:10:04.655, 2895 MHz, 13801 MHz, 0x0000000000000000, 432.22 W, 83 %, 31101 MiB
2026/10/01 06:10:05.164, 2887 MHz, 13801 MHz, 0x0000000000000000, 437.24 W, 77 %, 31101 MiB
2026/10/01 06:10:05.674, 2895 MHz, 13801 MHz, 0x0000000000000000, 442.46 W, 79 %, 31101 MiB
2026/10/01 06:10:06.187, 2895 MHz, 13801 MHz, 0x0000000000000000, 438.12 W, 76 %, 31101 MiB
2026/10/01 06:10:06.688, 2925 MHz, 13801 MHz, 0x0000000000000000, 341.71 W, 0 %, 31101 MiB
2026/10/01 06:10:07.189, 2925 MHz, 13801 MHz, 0x0000000000000000, 186.98 W, 0 %, 31101 MiB
2026/10/01 06:10:07.703, 2925 MHz, 13801 MHz, 0x0000000000000000, 95.78 W, 0 %, 31101 MiB
2026/10/01 06:10:08.204, 517 MHz, 7001 MHz, 0x0000000000000000, 68.23 W, 0 %, 31101 MiB
2026/10/01 06:10:08.719, 420 MHz, 7001 MHz, 0x0000000000000000, 38.72 W, 0 %, 31101 MiB
2026/10/01 06:10:09.230, 420 MHz, 7001 MHz, 0x0000000000000000, 36.77 W, 0 %, 31101 MiB
2026/10/01 06:10:09.732, 420 MHz, 7001 MHz, 0x0000000000000000, 36.77 W, 0 %, 31101 MiB
2026/10/01 06:10:10.235, 262 MHz, 7001 MHz, 0x0000000000000000, 36.51 W, 0 %, 31101 MiB
2026/10/01 06:10:10.747, 262 MHz, 7001 MHz, 0x0000000000000000, 36.51 W, 0 %, 31101 MiB
2026/10/01 06:10:11.261, 180 MHz, 7001 MHz, 0x0000000000000000, 36.42 W, 0 %, 31101 MiB
2026/10/01 06:10:11.776, 180 MHz, 7001 MHz, 0x0000000000000000, 36.42 W, 0 %, 31101 MiB
2026/10/01 06:10:12.289, 180 MHz, 7001 MHz, 0x0000000000000000, 36.30 W, 0 %, 31101 MiB
2026/10/01 06:10:12.803, 180 MHz, 7001 MHz, 0x0000000000000000, 36.30 W, 0 %, 31101 MiB
2026/10/01 06:10:13.318, 180 MHz, 810 MHz, 0x0000000000000000, 21.37 W, 0 %, 31101 MiB
2026/10/01 06:10:13.832, 180 MHz, 810 MHz, 0x0000000000000000, 21.37 W, 0 %, 31106 MiB
2026/10/01 06:10:14.346, 180 MHz, 405 MHz, 0x0000000000000000, 14.96 W, 0 %, 31106 MiB
2026/10/01 06:10:14.860, 180 MHz, 405 MHz, 0x0000000000000000, 14.95 W, 0 %, 31101 MiB
2026/10/01 06:10:15.374, 180 MHz, 405 MHz, 0x0000000000000000, 15.05 W, 0 %, 31101 MiB
2026/10/01 06:10:15.877, 180 MHz, 405 MHz, 0x0000000000000000, 15.06 W, 0 %, 31101 MiB
2026/10/01 06:10:16.391, 180 MHz, 405 MHz, 0x0000000000000000, 15.06 W, 0 %, 31101 MiB
2026/10/01 06:10:16.903, 180 MHz, 405 MHz, 0x0000000000000000, 12.09 W, 0 %, 31101 MiB
2026/10/01 06:10:17.418, 180 MHz, 405 MHz, 0x0000000000000000, 12.09 W, 0 %, 31101 MiB
2026/10/01 06:10:17.931, 180 MHz, 405 MHz, 0x0000000000000000, 12.10 W, 0 %, 31101 MiB
2026/10/01 06:10:18.446, 187 MHz, 405 MHz, 0x0000000000000000, 12.66 W, 0 %, 31101 MiB
2026/10/01 06:10:29.255, 180 MHz, 405 MHz, 0x0000000000000000, 11.66 W, 0 %, 31101 MiB
2026/10/01 06:10:29.768, 2917 MHz, 13801 MHz, 0x0000000000000000, 108.83 W, 80 %, 31101 MiB
2026/10/01 06:10:30.281, 2910 MHz, 13801 MHz, 0x0000000000000000, 208.21 W, 82 %, 31101 MiB
2026/10/01 06:10:30.782, 2910 MHz, 13801 MHz, 0x0000000000000000, 412.23 W, 83 %, 31101 MiB
2026/10/01 06:10:31.294, 2910 MHz, 13801 MHz, 0x0000000000000000, 414.58 W, 82 %, 31101 MiB
2026/10/01 06:10:31.806, 2910 MHz, 13801 MHz, 0x0000000000000000, 414.82 W, 82 %, 31101 MiB
2026/10/01 06:10:32.307, 2910 MHz, 13801 MHz, 0x0000000000000000, 416.42 W, 81 %, 31101 MiB
2026/10/01 06:10:32.809, 2910 MHz, 13801 MHz, 0x0000000000000000, 416.87 W, 85 %, 31101 MiB
2026/10/01 06:10:33.322, 2910 MHz, 13801 MHz, 0x0000000000000000, 418.46 W, 84 %, 31101 MiB
2026/10/01 06:10:33.824, 2910 MHz, 13801 MHz, 0x0000000000000000, 421.30 W, 83 %, 31101 MiB
2026/10/01 06:10:34.338, 2910 MHz, 13801 MHz, 0x0000000000000000, 416.30 W, 82 %, 31101 MiB
2026/10/01 06:10:34.853, 2910 MHz, 13801 MHz, 0x0000000000000000, 415.40 W, 82 %, 31104 MiB
2026/10/01 06:10:35.354, 2910 MHz, 13801 MHz, 0x0000000000000000, 417.22 W, 83 %, 31104 MiB
2026/10/01 06:10:35.855, 2910 MHz, 13801 MHz, 0x0000000000000000, 419.76 W, 82 %, 31101 MiB
2026/10/01 06:10:36.370, 2910 MHz, 13801 MHz, 0x0000000000000000, 422.38 W, 84 %, 31101 MiB
2026/10/01 06:10:36.885, 2910 MHz, 13801 MHz, 0x0000000000000000, 418.33 W, 73 %, 31101 MiB
2026/10/01 06:10:37.400, 2910 MHz, 13801 MHz, 0x0000000000000000, 417.80 W, 84 %, 31101 MiB
2026/10/01 06:10:37.915, 2910 MHz, 13801 MHz, 0x0000000000000000, 415.52 W, 82 %, 31101 MiB
2026/10/01 06:10:38.429, 2910 MHz, 13801 MHz, 0x0000000000000000, 418.45 W, 85 %, 31101 MiB
2026/10/01 06:10:38.932, 2910 MHz, 13801 MHz, 0x0000000000000000, 422.27 W, 82 %, 31101 MiB
2026/10/01 06:10:39.447, 2910 MHz, 13801 MHz, 0x0000000000000000, 421.83 W, 85 %, 31101 MiB
2026/10/01 06:10:39.963, 2910 MHz, 13801 MHz, 0x0000000000000000, 419.29 W, 85 %, 31101 MiB
2026/10/01 06:10:40.475, 2910 MHz, 13801 MHz, 0x0000000000000000, 419.77 W, 85 %, 31101 MiB
2026/10/01 06:10:40.975, 2910 MHz, 13801 MHz, 0x0000000000000000, 422.55 W, 84 %, 31101 MiB
2026/10/01 06:10:41.477, 2910 MHz, 13801 MHz, 0x0000000000000000, 425.58 W, 82 %, 31101 MiB
2026/10/01 06:10:41.992, 2910 MHz, 13801 MHz, 0x0000000000000000, 425.08 W, 86 %, 31101 MiB
2026/10/01 06:10:42.505, 2910 MHz, 13801 MHz, 0x0000000000000000, 424.96 W, 84 %, 31101 MiB
2026/10/01 06:10:43.008, 2910 MHz, 13801 MHz, 0x0000000000000000, 426.02 W, 82 %, 31101 MiB
2026/10/01 06:10:43.509, 2910 MHz, 13801 MHz, 0x0000000000000000, 424.12 W, 82 %, 31101 MiB
2026/10/01 06:10:44.022, 2910 MHz, 13801 MHz, 0x0000000000000000, 421.43 W, 78 %, 31101 MiB
2026/10/01 06:10:44.538, 2910 MHz, 13801 MHz, 0x0000000000000000, 419.23 W, 83 %, 31101 MiB
2026/10/01 06:10:45.051, 2910 MHz, 13801 MHz, 0x0000000000000000, 418.42 W, 83 %, 31101 MiB
2026/10/01 06:10:45.554, 2910 MHz, 13801 MHz, 0x0000000000000000, 422.10 W, 82 %, 31101 MiB
2026/10/01 06:10:46.056, 2910 MHz, 13801 MHz, 0x0000000000000000, 422.92 W, 84 %, 31101 MiB
2026/10/01 06:10:46.557, 2910 MHz, 13801 MHz, 0x0000000000000000, 425.09 W, 83 %, 31101 MiB
2026/10/01 06:10:47.069, 2910 MHz, 13801 MHz, 0x0000000000000000, 422.86 W, 85 %, 31101 MiB
2026/10/01 06:10:47.584, 2910 MHz, 13801 MHz, 0x0000000000000000, 422.57 W, 82 %, 31101 MiB
2026/10/01 06:10:48.085, 2910 MHz, 13801 MHz, 0x0000000000000000, 425.37 W, 86 %, 31101 MiB
2026/10/01 06:10:48.598, 2910 MHz, 13801 MHz, 0x0000000000000000, 426.85 W, 84 %, 31101 MiB
2026/10/01 06:10:49.113, 2910 MHz, 13801 MHz, 0x0000000000000000, 427.45 W, 84 %, 31101 MiB
2026/10/01 06:10:49.627, 2910 MHz, 13801 MHz, 0x0000000000000000, 426.99 W, 85 %, 31101 MiB
2026/10/01 06:10:50.139, 2910 MHz, 13801 MHz, 0x0000000000000000, 427.85 W, 83 %, 31101 MiB
2026/10/01 06:10:50.641, 2910 MHz, 13801 MHz, 0x0000000000000000, 427.15 W, 86 %, 31101 MiB
2026/10/01 06:10:51.156, 2910 MHz, 13801 MHz, 0x0000000000000000, 427.16 W, 85 %, 31101 MiB
2026/10/01 06:10:51.669, 2910 MHz, 13801 MHz, 0x0000000000000000, 424.90 W, 81 %, 31101 MiB
2026/10/01 06:10:52.172, 2910 MHz, 13801 MHz, 0x0000000000000000, 421.47 W, 84 %, 31101 MiB
2026/10/01 06:10:52.674, 2910 MHz, 13801 MHz, 0x0000000000000000, 423.59 W, 84 %, 31101 MiB
2026/10/01 06:10:53.187, 2910 MHz, 13801 MHz, 0x0000000000000000, 427.56 W, 83 %, 31101 MiB
2026/10/01 06:10:53.689, 2910 MHz, 13801 MHz, 0x0000000000000000, 427.89 W, 85 %, 31101 MiB
2026/10/01 06:10:54.202, 2910 MHz, 13801 MHz, 0x0000000000000000, 427.43 W, 83 %, 31101 MiB
2026/10/01 06:10:54.717, 2910 MHz, 13801 MHz, 0x0000000000000000, 427.47 W, 82 %, 31101 MiB
2026/10/01 06:10:55.231, 2910 MHz, 13801 MHz, 0x0000000000000000, 425.51 W, 82 %, 31101 MiB
2026/10/01 06:10:55.731, 2910 MHz, 13801 MHz, 0x0000000000000000, 424.31 W, 82 %, 31101 MiB
2026/10/01 06:10:56.231, 2910 MHz, 13801 MHz, 0x0000000000000000, 422.79 W, 84 %, 31106 MiB
2026/10/01 06:10:56.745, 2910 MHz, 13801 MHz, 0x0000000000000000, 423.70 W, 82 %, 31101 MiB
2026/10/01 06:10:57.261, 2910 MHz, 13801 MHz, 0x0000000000000000, 426.58 W, 82 %, 31101 MiB
2026/10/01 06:10:57.762, 2910 MHz, 13801 MHz, 0x0000000000000000, 425.21 W, 79 %, 31101 MiB
2026/10/01 06:10:58.277, 2902 MHz, 13801 MHz, 0x0000000000000000, 419.38 W, 66 %, 31101 MiB
2026/10/01 06:10:58.791, 2910 MHz, 13801 MHz, 0x0000000000000000, 421.14 W, 85 %, 31101 MiB
2026/10/01 06:10:59.307, 2910 MHz, 13801 MHz, 0x0000000000000000, 422.18 W, 82 %, 31101 MiB
2026/10/01 06:10:59.822, 2925 MHz, 13801 MHz, 0x0000000000000000, 326.07 W, 0 %, 31101 MiB
2026/10/01 06:11:00.323, 2925 MHz, 13801 MHz, 0x0000000000000000, 184.91 W, 0 %, 31101 MiB
2026/10/01 06:11:00.837, 2925 MHz, 13801 MHz, 0x0000000000000000, 96.98 W, 0 %, 31101 MiB
2026/10/01 06:11:01.351, 2467 MHz, 13801 MHz, 0x0000000000000000, 91.85 W, 0 %, 31101 MiB
2026/10/01 06:11:01.854, 705 MHz, 13801 MHz, 0x0000000000000000, 69.51 W, 0 %, 31101 MiB
2026/10/01 06:11:02.356, 562 MHz, 810 MHz, 0x0000000000000000, 40.55 W, 0 %, 31101 MiB
2026/10/01 06:11:02.871, 435 MHz, 810 MHz, 0x0000000000000000, 28.84 W, 0 %, 31101 MiB
2026/10/01 06:11:03.384, 435 MHz, 810 MHz, 0x0000000000000000, 21.69 W, 0 %, 31101 MiB
2026/10/01 06:11:03.899, 435 MHz, 810 MHz, 0x0000000000000000, 21.69 W, 0 %, 31101 MiB
2026/10/01 06:11:04.399, 247 MHz, 405 MHz, 0x0000000000000000, 12.74 W, 0 %, 31101 MiB
2026/10/01 06:11:04.909, 247 MHz, 405 MHz, 0x0000000000000000, 12.74 W, 0 %, 31101 MiB
2026/10/01 06:11:05.412, 180 MHz, 405 MHz, 0x0000000000000000, 12.58 W, 0 %, 31101 MiB
2026/10/01 06:11:05.926, 180 MHz, 405 MHz, 0x0000000000000000, 12.58 W, 0 %, 31101 MiB
2026/10/01 06:11:06.441, 180 MHz, 405 MHz, 0x0000000000000000, 11.71 W, 0 %, 31101 MiB
2026/10/01 06:11:06.953, 1537 MHz, 13801 MHz, 0x0000000000000000, 22.73 W, 100 %, 31101 MiB
2026/10/01 06:11:07.461, 2910 MHz, 13801 MHz, 0x0000000000000000, 183.38 W, 85 %, 31101 MiB
2026/10/01 06:11:07.969, 2910 MHz, 13801 MHz, 0x0000000000000000, 396.23 W, 83 %, 31101 MiB
2026/10/01 06:11:08.480, 2910 MHz, 13801 MHz, 0x0000000000000000, 424.31 W, 84 %, 31101 MiB
2026/10/01 06:11:08.988, 2910 MHz, 13801 MHz, 0x0000000000000000, 425.64 W, 83 %, 31101 MiB
2026/10/01 06:11:09.498, 2910 MHz, 13801 MHz, 0x0000000000000000, 425.65 W, 84 %, 31101 MiB
2026/10/01 06:11:10.009, 2910 MHz, 13801 MHz, 0x0000000000000000, 425.19 W, 86 %, 31101 MiB
2026/10/01 06:11:10.517, 2910 MHz, 13801 MHz, 0x0000000000000000, 426.42 W, 82 %, 31101 MiB
2026/10/01 06:11:11.024, 2910 MHz, 13801 MHz, 0x0000000000000000, 426.51 W, 85 %, 31101 MiB
2026/10/01 06:11:11.533, 2910 MHz, 13801 MHz, 0x0000000000000000, 423.39 W, 82 %, 31101 MiB
2026/10/01 06:11:12.041, 2910 MHz, 13801 MHz, 0x0000000000000000, 422.46 W, 84 %, 31101 MiB
2026/10/01 06:11:12.549, 2910 MHz, 13801 MHz, 0x0000000000000000, 424.20 W, 86 %, 31101 MiB
2026/10/01 06:11:13.061, 2910 MHz, 13801 MHz, 0x0000000000000000, 426.28 W, 84 %, 31101 MiB
2026/10/01 06:11:13.569, 2910 MHz, 13801 MHz, 0x0000000000000000, 425.96 W, 84 %, 31101 MiB
2026/10/01 06:11:14.079, 2910 MHz, 13801 MHz, 0x0000000000000000, 425.83 W, 84 %, 31101 MiB
2026/10/01 06:11:14.587, 2902 MHz, 13801 MHz, 0x0000000000000000, 427.00 W, 86 %, 31101 MiB
2026/10/01 06:11:15.098, 2910 MHz, 13801 MHz, 0x0000000000000000, 427.66 W, 85 %, 31101 MiB
2026/10/01 06:11:15.609, 2910 MHz, 13801 MHz, 0x0000000000000000, 432.75 W, 85 %, 31101 MiB
2026/10/01 06:11:16.118, 2910 MHz, 13801 MHz, 0x0000000000000000, 429.93 W, 84 %, 31101 MiB
2026/10/01 06:11:16.628, 2910 MHz, 13801 MHz, 0x0000000000000000, 426.07 W, 83 %, 31101 MiB
2026/10/01 06:11:17.141, 2910 MHz, 13801 MHz, 0x0000000000000000, 421.61 W, 80 %, 31104 MiB
2026/10/01 06:11:17.651, 2910 MHz, 13801 MHz, 0x0000000000000000, 419.39 W, 85 %, 31104 MiB
2026/10/01 06:11:18.161, 2902 MHz, 13801 MHz, 0x0000000000000000, 424.82 W, 85 %, 31101 MiB
2026/10/01 06:11:18.674, 2910 MHz, 13801 MHz, 0x0000000000000000, 429.64 W, 83 %, 31101 MiB
2026/10/01 06:11:19.185, 2910 MHz, 13801 MHz, 0x0000000000000000, 428.88 W, 84 %, 31101 MiB
2026/10/01 06:11:19.693, 2910 MHz, 13801 MHz, 0x0000000000000000, 429.56 W, 82 %, 31101 MiB
2026/10/01 06:11:20.204, 2910 MHz, 13801 MHz, 0x0000000000000000, 428.35 W, 84 %, 31101 MiB
2026/10/01 06:11:20.715, 2910 MHz, 13801 MHz, 0x0000000000000000, 428.69 W, 85 %, 31101 MiB
2026/10/01 06:11:21.222, 2910 MHz, 13801 MHz, 0x0000000000000000, 429.93 W, 82 %, 31101 MiB
2026/10/01 06:11:21.730, 2910 MHz, 13801 MHz, 0x0000000000000000, 430.65 W, 86 %, 31101 MiB
2026/10/01 06:11:22.238, 2910 MHz, 13801 MHz, 0x0000000000000000, 429.58 W, 74 %, 31101 MiB
2026/10/01 06:11:22.749, 2902 MHz, 13801 MHz, 0x0000000000000000, 429.23 W, 84 %, 31101 MiB
2026/10/01 06:11:23.258, 2910 MHz, 13801 MHz, 0x0000000000000000, 429.40 W, 85 %, 31101 MiB
2026/10/01 06:11:23.766, 2902 MHz, 13801 MHz, 0x0000000000000000, 430.07 W, 85 %, 31101 MiB
2026/10/01 06:11:24.278, 2902 MHz, 13801 MHz, 0x0000000000000000, 427.47 W, 84 %, 31101 MiB
2026/10/01 06:11:24.788, 2902 MHz, 13801 MHz, 0x0000000000000000, 423.78 W, 80 %, 31101 MiB
2026/10/01 06:11:25.300, 2902 MHz, 13801 MHz, 0x0000000000000000, 421.80 W, 82 %, 31101 MiB
2026/10/01 06:11:25.811, 2902 MHz, 13801 MHz, 0x0000000000000000, 424.17 W, 84 %, 31101 MiB
2026/10/01 06:11:26.321, 2902 MHz, 13801 MHz, 0x0000000000000000, 427.90 W, 83 %, 31101 MiB
2026/10/01 06:11:26.832, 2895 MHz, 13801 MHz, 0x0000000000000004, 427.43 W, 76 %, 31101 MiB
2026/10/01 06:11:27.337, 2902 MHz, 13801 MHz, 0x0000000000000000, 426.18 W, 85 %, 31101 MiB
2026/10/01 06:11:27.847, 2902 MHz, 13801 MHz, 0x0000000000000000, 428.08 W, 84 %, 31101 MiB
2026/10/01 06:11:28.354, 2902 MHz, 13801 MHz, 0x0000000000000000, 430.23 W, 84 %, 31101 MiB
2026/10/01 06:11:28.862, 2895 MHz, 13801 MHz, 0x0000000000000000, 431.26 W, 86 %, 31101 MiB
2026/10/01 06:11:29.372, 2902 MHz, 13801 MHz, 0x0000000000000000, 432.08 W, 83 %, 31101 MiB
2026/10/01 06:11:29.881, 2902 MHz, 13801 MHz, 0x0000000000000000, 430.35 W, 86 %, 31101 MiB
2026/10/01 06:11:30.391, 2902 MHz, 13801 MHz, 0x0000000000000000, 430.02 W, 81 %, 31101 MiB
2026/10/01 06:11:30.904, 2902 MHz, 13801 MHz, 0x0000000000000000, 430.66 W, 85 %, 31101 MiB
2026/10/01 06:11:31.415, 2902 MHz, 13801 MHz, 0x0000000000000000, 431.50 W, 85 %, 31101 MiB
2026/10/01 06:11:31.927, 2902 MHz, 13801 MHz, 0x0000000000000000, 430.44 W, 84 %, 31101 MiB
2026/10/01 06:11:32.439, 2902 MHz, 13801 MHz, 0x0000000000000000, 425.80 W, 83 %, 31101 MiB
2026/10/01 06:11:32.952, 2895 MHz, 13801 MHz, 0x0000000000000000, 427.11 W, 83 %, 31101 MiB
2026/10/01 06:11:33.463, 2902 MHz, 13801 MHz, 0x0000000000000000, 427.00 W, 82 %, 31101 MiB
2026/10/01 06:11:33.976, 2902 MHz, 13801 MHz, 0x0000000000000000, 425.84 W, 85 %, 31101 MiB
2026/10/01 06:11:34.482, 2902 MHz, 13801 MHz, 0x0000000000000000, 424.66 W, 83 %, 31101 MiB
2026/10/01 06:11:34.991, 2902 MHz, 13801 MHz, 0x0000000000000000, 426.02 W, 84 %, 31101 MiB
2026/10/01 06:11:35.499, 2902 MHz, 13801 MHz, 0x0000000000000000, 426.76 W, 82 %, 31101 MiB
2026/10/01 06:11:36.007, 2902 MHz, 13801 MHz, 0x0000000000000000, 426.94 W, 85 %, 31101 MiB
2026/10/01 06:11:36.515, 2902 MHz, 13801 MHz, 0x0000000000000000, 428.38 W, 83 %, 31101 MiB
2026/10/01 06:11:37.026, 2902 MHz, 13801 MHz, 0x0000000000000000, 429.70 W, 82 %, 31101 MiB
2026/10/01 06:11:37.534, 2902 MHz, 13801 MHz, 0x0000000000000000, 427.27 W, 80 %, 31101 MiB
2026/10/01 06:11:38.044, 2902 MHz, 13801 MHz, 0x0000000000000000, 414.64 W, 78 %, 31101 MiB
2026/10/01 06:11:38.552, 2902 MHz, 13801 MHz, 0x0000000000000000, 403.49 W, 71 %, 31106 MiB
2026/10/01 06:11:39.063, 2902 MHz, 13801 MHz, 0x0000000000000000, 409.52 W, 82 %, 31101 MiB
2026/10/01 06:11:39.573, 2902 MHz, 13801 MHz, 0x0000000000000000, 415.14 W, 83 %, 31101 MiB
2026/10/01 06:11:40.083, 2902 MHz, 13801 MHz, 0x0000000000000000, 425.90 W, 83 %, 31101 MiB
2026/10/01 06:11:40.595, 2902 MHz, 13801 MHz, 0x0000000000000000, 429.44 W, 81 %, 31101 MiB
2026/10/01 06:11:41.103, 2902 MHz, 13801 MHz, 0x0000000000000000, 431.35 W, 81 %, 31101 MiB
2026/10/01 06:11:41.613, 2902 MHz, 13801 MHz, 0x0000000000000000, 431.14 W, 84 %, 31101 MiB
2026/10/01 06:11:42.124, 2902 MHz, 13801 MHz, 0x0000000000000000, 432.64 W, 83 %, 31101 MiB
2026/10/01 06:11:42.634, 2902 MHz, 13801 MHz, 0x0000000000000000, 433.51 W, 86 %, 31101 MiB
2026/10/01 06:11:43.145, 2902 MHz, 13801 MHz, 0x0000000000000000, 432.05 W, 80 %, 31101 MiB
2026/10/01 06:11:43.652, 2902 MHz, 13801 MHz, 0x0000000000000000, 431.43 W, 85 %, 31101 MiB
2026/10/01 06:11:44.164, 2902 MHz, 13801 MHz, 0x0000000000000000, 429.20 W, 75 %, 31101 MiB
2026/10/01 06:11:44.674, 2895 MHz, 13801 MHz, 0x0000000000000000, 415.92 W, 81 %, 31101 MiB
2026/10/01 06:11:45.185, 2902 MHz, 13801 MHz, 0x0000000000000000, 416.32 W, 83 %, 31101 MiB
2026/10/01 06:11:45.694, 2902 MHz, 13801 MHz, 0x0000000000000000, 428.95 W, 83 %, 31101 MiB
2026/10/01 06:11:46.205, 2902 MHz, 13801 MHz, 0x0000000000000000, 431.71 W, 82 %, 31101 MiB
2026/10/01 06:11:46.716, 2895 MHz, 13801 MHz, 0x0000000000000000, 433.49 W, 85 %, 31101 MiB
2026/10/01 06:11:47.226, 2902 MHz, 13801 MHz, 0x0000000000000000, 432.89 W, 84 %, 31101 MiB
2026/10/01 06:11:47.734, 2902 MHz, 13801 MHz, 0x0000000000000000, 431.15 W, 85 %, 31101 MiB
2026/10/01 06:11:48.240, 2895 MHz, 13801 MHz, 0x0000000000000000, 431.02 W, 74 %, 31101 MiB
2026/10/01 06:11:48.748, 2895 MHz, 13801 MHz, 0x0000000000000000, 433.83 W, 84 %, 31101 MiB
2026/10/01 06:11:49.257, 2902 MHz, 13801 MHz, 0x0000000000000000, 433.71 W, 86 %, 31101 MiB
2026/10/01 06:11:49.767, 2895 MHz, 13801 MHz, 0x0000000000000000, 432.80 W, 84 %, 31101 MiB
2026/10/01 06:11:50.275, 2895 MHz, 13801 MHz, 0x0000000000000000, 434.62 W, 82 %, 31101 MiB
2026/10/01 06:11:50.784, 2902 MHz, 13801 MHz, 0x0000000000000000, 433.22 W, 79 %, 31101 MiB
2026/10/01 06:11:51.292, 2902 MHz, 13801 MHz, 0x0000000000000000, 423.29 W, 81 %, 31101 MiB
2026/10/01 06:11:51.803, 2902 MHz, 13801 MHz, 0x0000000000000000, 416.94 W, 82 %, 31101 MiB
2026/10/01 06:11:52.315, 2895 MHz, 13801 MHz, 0x0000000000000000, 425.96 W, 83 %, 31101 MiB
2026/10/01 06:11:52.825, 2895 MHz, 13801 MHz, 0x0000000000000000, 432.62 W, 86 %, 31101 MiB
2026/10/01 06:11:53.337, 2895 MHz, 13801 MHz, 0x0000000000000000, 431.51 W, 86 %, 31101 MiB
2026/10/01 06:11:53.848, 2895 MHz, 13801 MHz, 0x0000000000000000, 433.81 W, 85 %, 31101 MiB
2026/10/01 06:11:54.359, 2902 MHz, 13801 MHz, 0x0000000000000000, 432.55 W, 85 %, 31101 MiB
2026/10/01 06:11:54.866, 2895 MHz, 13801 MHz, 0x0000000000000000, 433.47 W, 86 %, 31101 MiB
2026/10/01 06:11:55.373, 2902 MHz, 13801 MHz, 0x0000000000000000, 434.54 W, 81 %, 31101 MiB
2026/10/01 06:11:55.881, 2887 MHz, 13801 MHz, 0x0000000000000004, 434.97 W, 79 %, 31101 MiB
2026/10/01 06:11:56.390, 2902 MHz, 13801 MHz, 0x0000000000000000, 432.22 W, 80 %, 31101 MiB
2026/10/01 06:11:56.901, 2902 MHz, 13801 MHz, 0x0000000000000000, 429.23 W, 82 %, 31101 MiB
2026/10/01 06:11:57.413, 2895 MHz, 13801 MHz, 0x0000000000000000, 428.03 W, 83 %, 31101 MiB
2026/10/01 06:11:57.923, 2895 MHz, 13801 MHz, 0x0000000000000000, 431.35 W, 83 %, 31101 MiB
2026/10/01 06:11:58.431, 2895 MHz, 13801 MHz, 0x0000000000000000, 434.11 W, 84 %, 31101 MiB
2026/10/01 06:11:58.938, 2902 MHz, 13801 MHz, 0x0000000000000000, 422.80 W, 77 %, 31101 MiB
2026/10/01 06:11:59.447, 2902 MHz, 13801 MHz, 0x0000000000000000, 415.91 W, 80 %, 31106 MiB
2026/10/01 06:11:59.958, 2902 MHz, 13801 MHz, 0x0000000000000000, 418.25 W, 83 %, 31106 MiB
2026/10/01 06:12:00.468, 2895 MHz, 13801 MHz, 0x0000000000000000, 424.98 W, 83 %, 31101 MiB
2026/10/01 06:12:00.979, 2895 MHz, 13801 MHz, 0x0000000000000000, 432.95 W, 85 %, 31101 MiB
2026/10/01 06:12:01.489, 2895 MHz, 13801 MHz, 0x0000000000000000, 434.61 W, 83 %, 31101 MiB
2026/10/01 06:12:01.998, 2895 MHz, 13801 MHz, 0x0000000000000000, 434.26 W, 84 %, 31101 MiB
2026/10/01 06:12:02.505, 2902 MHz, 13801 MHz, 0x0000000000000000, 432.70 W, 83 %, 31101 MiB
2026/10/01 06:12:03.014, 2895 MHz, 13801 MHz, 0x0000000000000000, 433.54 W, 82 %, 31101 MiB
2026/10/01 06:12:03.525, 2902 MHz, 13801 MHz, 0x0000000000000000, 431.83 W, 79 %, 31101 MiB
2026/10/01 06:12:04.035, 2895 MHz, 13801 MHz, 0x0000000000000000, 430.22 W, 82 %, 31101 MiB
2026/10/01 06:12:04.546, 2902 MHz, 13801 MHz, 0x0000000000000000, 426.21 W, 73 %, 31101 MiB
2026/10/01 06:12:05.058, 2895 MHz, 13801 MHz, 0x0000000000000000, 423.78 W, 83 %, 31101 MiB
2026/10/01 06:12:05.566, 2902 MHz, 13801 MHz, 0x0000000000000000, 422.53 W, 80 %, 31101 MiB
2026/10/01 06:12:06.074, 2895 MHz, 13801 MHz, 0x0000000000000000, 428.47 W, 84 %, 31101 MiB
2026/10/01 06:12:06.584, 2895 MHz, 13801 MHz, 0x0000000000000000, 433.81 W, 84 %, 31101 MiB
2026/10/01 06:12:07.095, 2895 MHz, 13801 MHz, 0x0000000000000000, 433.74 W, 85 %, 31101 MiB
2026/10/01 06:12:07.607, 2895 MHz, 13801 MHz, 0x0000000000000000, 432.08 W, 83 %, 31101 MiB
2026/10/01 06:12:08.117, 2902 MHz, 13801 MHz, 0x0000000000000000, 431.89 W, 83 %, 31101 MiB
2026/10/01 06:12:08.627, 2895 MHz, 13801 MHz, 0x0000000000000000, 432.02 W, 84 %, 31101 MiB
2026/10/01 06:12:09.138, 2895 MHz, 13801 MHz, 0x0000000000000000, 435.58 W, 83 %, 31101 MiB
2026/10/01 06:12:09.646, 2895 MHz, 13801 MHz, 0x0000000000000000, 434.92 W, 84 %, 31101 MiB
2026/10/01 06:12:10.158, 2895 MHz, 13801 MHz, 0x0000000000000000, 436.64 W, 81 %, 31101 MiB
2026/10/01 06:12:10.666, 2895 MHz, 13801 MHz, 0x0000000000000000, 433.82 W, 85 %, 31101 MiB
2026/10/01 06:12:11.176, 2895 MHz, 13801 MHz, 0x0000000000000000, 433.87 W, 83 %, 31101 MiB
2026/10/01 06:12:11.691, 2895 MHz, 13801 MHz, 0x0000000000000000, 434.27 W, 85 %, 31101 MiB
2026/10/01 06:12:12.200, 2895 MHz, 13801 MHz, 0x0000000000000000, 435.66 W, 84 %, 31101 MiB
2026/10/01 06:12:12.708, 2895 MHz, 13801 MHz, 0x0000000000000000, 435.18 W, 82 %, 31101 MiB
2026/10/01 06:12:13.217, 2902 MHz, 13801 MHz, 0x0000000000000000, 433.63 W, 85 %, 31101 MiB
2026/10/01 06:12:13.725, 2895 MHz, 13801 MHz, 0x0000000000000000, 432.20 W, 83 %, 31101 MiB
2026/10/01 06:12:14.234, 2902 MHz, 13801 MHz, 0x0000000000000000, 431.90 W, 81 %, 31101 MiB
2026/10/01 06:12:14.743, 2895 MHz, 13801 MHz, 0x0000000000000000, 433.07 W, 84 %, 31101 MiB
2026/10/01 06:12:15.250, 2902 MHz, 13801 MHz, 0x0000000000000000, 433.25 W, 81 %, 31101 MiB
2026/10/01 06:12:15.761, 2895 MHz, 13801 MHz, 0x0000000000000000, 433.98 W, 83 %, 31101 MiB
2026/10/01 06:12:16.273, 2895 MHz, 13801 MHz, 0x0000000000000000, 433.86 W, 82 %, 31101 MiB
2026/10/01 06:12:16.784, 2895 MHz, 13801 MHz, 0x0000000000000000, 433.14 W, 85 %, 31101 MiB
2026/10/01 06:12:17.295, 2895 MHz, 13801 MHz, 0x0000000000000000, 434.12 W, 81 %, 31101 MiB
2026/10/01 06:12:17.807, 2902 MHz, 13801 MHz, 0x0000000000000000, 430.07 W, 75 %, 31101 MiB
2026/10/01 06:12:18.319, 2902 MHz, 13801 MHz, 0x0000000000000000, 426.75 W, 78 %, 31101 MiB
2026/10/01 06:12:18.825, 2895 MHz, 13801 MHz, 0x0000000000000000, 425.43 W, 85 %, 31101 MiB
2026/10/01 06:12:19.335, 2895 MHz, 13801 MHz, 0x0000000000000000, 429.42 W, 84 %, 31101 MiB
2026/10/01 06:12:19.845, 2887 MHz, 13801 MHz, 0x0000000000000000, 430.30 W, 77 %, 31101 MiB
2026/10/01 06:12:20.356, 2902 MHz, 13801 MHz, 0x0000000000000000, 420.59 W, 76 %, 31106 MiB
2026/10/01 06:12:20.868, 2902 MHz, 13801 MHz, 0x0000000000000000, 414.88 W, 83 %, 31106 MiB
2026/10/01 06:12:21.380, 2895 MHz, 13801 MHz, 0x0000000000000000, 421.87 W, 84 %, 31101 MiB
2026/10/01 06:12:21.893, 2902 MHz, 13801 MHz, 0x0000000000000000, 431.33 W, 83 %, 31101 MiB
2026/10/01 06:12:22.402, 2902 MHz, 13801 MHz, 0x0000000000000000, 432.68 W, 82 %, 31101 MiB
2026/10/01 06:12:22.910, 2902 MHz, 13801 MHz, 0x0000000000000000, 433.64 W, 83 %, 31101 MiB
2026/10/01 06:12:23.419, 2902 MHz, 13801 MHz, 0x0000000000000000, 433.56 W, 84 %, 31101 MiB
2026/10/01 06:12:23.931, 2895 MHz, 13801 MHz, 0x0000000000000000, 435.30 W, 84 %, 31101 MiB
2026/10/01 06:12:24.440, 2902 MHz, 13801 MHz, 0x0000000000000000, 432.76 W, 80 %, 31101 MiB
2026/10/01 06:12:24.949, 2895 MHz, 13801 MHz, 0x0000000000000000, 433.18 W, 82 %, 31101 MiB
2026/10/01 06:12:25.462, 2902 MHz, 13801 MHz, 0x0000000000000000, 426.44 W, 78 %, 31101 MiB
2026/10/01 06:12:25.975, 2902 MHz, 13801 MHz, 0x0000000000000000, 417.00 W, 79 %, 31101 MiB
2026/10/01 06:12:26.487, 2902 MHz, 13801 MHz, 0x0000000000000000, 417.38 W, 81 %, 31101 MiB
2026/10/01 06:12:26.996, 2902 MHz, 13801 MHz, 0x0000000000000000, 427.76 W, 83 %, 31101 MiB
2026/10/01 06:12:27.505, 2902 MHz, 13801 MHz, 0x0000000000000000, 428.48 W, 83 %, 31101 MiB
2026/10/01 06:12:28.014, 2895 MHz, 13801 MHz, 0x0000000000000000, 429.40 W, 81 %, 31101 MiB
2026/10/01 06:12:28.522, 2895 MHz, 13801 MHz, 0x0000000000000000, 432.03 W, 85 %, 31101 MiB
2026/10/01 06:12:29.030, 2902 MHz, 13801 MHz, 0x0000000000000000, 433.39 W, 86 %, 31101 MiB
2026/10/01 06:12:29.539, 2895 MHz, 13801 MHz, 0x0000000000000000, 431.78 W, 83 %, 31101 MiB
2026/10/01 06:12:30.050, 2902 MHz, 13801 MHz, 0x0000000000000000, 433.08 W, 86 %, 31101 MiB
2026/10/01 06:12:30.561, 2895 MHz, 13801 MHz, 0x0000000000000000, 434.71 W, 84 %, 31101 MiB
2026/10/01 06:12:31.070, 2895 MHz, 13801 MHz, 0x0000000000000004, 434.75 W, 77 %, 31101 MiB
2026/10/01 06:12:31.580, 2902 MHz, 13801 MHz, 0x0000000000000000, 428.77 W, 76 %, 31101 MiB
2026/10/01 06:12:32.091, 2902 MHz, 13801 MHz, 0x0000000000000000, 422.54 W, 83 %, 31101 MiB
2026/10/01 06:12:32.601, 2902 MHz, 13801 MHz, 0x0000000000000000, 421.38 W, 80 %, 31101 MiB
2026/10/01 06:12:33.109, 2895 MHz, 13801 MHz, 0x0000000000000000, 429.70 W, 82 %, 31101 MiB
2026/10/01 06:12:33.614, 2895 MHz, 13801 MHz, 0x0000000000000000, 417.88 W, 59 %, 31113 MiB
2026/10/01 06:12:34.122, 2902 MHz, 13801 MHz, 0x0000000000000000, 407.18 W, 78 %, 31113 MiB
2026/10/01 06:12:34.632, 2902 MHz, 13801 MHz, 0x0000000000000000, 409.81 W, 83 %, 31113 MiB
2026/10/01 06:12:35.138, 2902 MHz, 13801 MHz, 0x0000000000000000, 427.07 W, 84 %, 31113 MiB
2026/10/01 06:12:35.646, 2902 MHz, 13801 MHz, 0x0000000000000000, 431.99 W, 83 %, 31113 MiB
2026/10/01 06:12:36.153, 2902 MHz, 13801 MHz, 0x0000000000000000, 432.17 W, 83 %, 31113 MiB
2026/10/01 06:12:36.664, 2902 MHz, 13801 MHz, 0x0000000000000000, 433.09 W, 74 %, 31113 MiB
2026/10/01 06:12:37.171, 2902 MHz, 13801 MHz, 0x0000000000000000, 432.69 W, 84 %, 31113 MiB
2026/10/01 06:12:37.686, 2902 MHz, 13801 MHz, 0x0000000000000000, 431.64 W, 82 %, 31113 MiB
2026/10/01 06:12:38.194, 2895 MHz, 13801 MHz, 0x0000000000000000, 432.64 W, 80 %, 31113 MiB
2026/10/01 06:12:38.700, 2895 MHz, 13801 MHz, 0x0000000000000000, 432.14 W, 82 %, 31113 MiB
2026/10/01 06:12:39.210, 2895 MHz, 13801 MHz, 0x0000000000000000, 433.49 W, 84 %, 31113 MiB
2026/10/01 06:12:39.724, 2902 MHz, 13801 MHz, 0x0000000000000000, 432.43 W, 83 %, 31113 MiB
2026/10/01 06:12:40.237, 2895 MHz, 13801 MHz, 0x0000000000000000, 429.89 W, 82 %, 31113 MiB
2026/10/01 06:12:40.749, 2902 MHz, 13801 MHz, 0x0000000000000000, 425.51 W, 75 %, 31113 MiB
2026/10/01 06:12:41.256, 2902 MHz, 13801 MHz, 0x0000000000000000, 418.45 W, 79 %, 31113 MiB
2026/10/01 06:12:41.762, 2902 MHz, 13801 MHz, 0x0000000000000000, 410.10 W, 79 %, 31118 MiB
2026/10/01 06:12:42.274, 2902 MHz, 13801 MHz, 0x0000000000000000, 415.28 W, 82 %, 31118 MiB
2026/10/01 06:12:42.783, 2895 MHz, 13801 MHz, 0x0000000000000000, 426.50 W, 84 %, 31113 MiB
2026/10/01 06:12:43.294, 2902 MHz, 13801 MHz, 0x0000000000000000, 428.18 W, 81 %, 31113 MiB
2026/10/01 06:12:43.806, 2895 MHz, 13801 MHz, 0x0000000000000000, 428.12 W, 80 %, 31113 MiB
2026/10/01 06:12:44.316, 2902 MHz, 13801 MHz, 0x0000000000000000, 414.30 W, 78 %, 31113 MiB
2026/10/01 06:12:44.826, 2895 MHz, 13801 MHz, 0x0000000000000000, 413.45 W, 82 %, 31113 MiB
2026/10/01 06:12:45.334, 2902 MHz, 13801 MHz, 0x0000000000000000, 421.13 W, 78 %, 31113 MiB
2026/10/01 06:12:45.843, 2902 MHz, 13801 MHz, 0x0000000000000000, 417.74 W, 81 %, 31113 MiB
2026/10/01 06:12:46.350, 2902 MHz, 13801 MHz, 0x0000000000000000, 422.95 W, 84 %, 31113 MiB
2026/10/01 06:12:46.861, 2895 MHz, 13801 MHz, 0x0000000000000000, 428.18 W, 83 %, 31113 MiB
2026/10/01 06:12:47.373, 2895 MHz, 13801 MHz, 0x0000000000000000, 429.40 W, 85 %, 31113 MiB
2026/10/01 06:12:47.884, 2895 MHz, 13801 MHz, 0x0000000000000000, 432.24 W, 85 %, 31113 MiB
2026/10/01 06:12:48.399, 2895 MHz, 13801 MHz, 0x0000000000000000, 435.80 W, 83 %, 31113 MiB
2026/10/01 06:12:48.908, 2895 MHz, 13801 MHz, 0x0000000000000000, 435.56 W, 86 %, 31113 MiB
2026/10/01 06:12:49.419, 2895 MHz, 13801 MHz, 0x0000000000000000, 435.15 W, 83 %, 31113 MiB
2026/10/01 06:12:49.930, 2895 MHz, 13801 MHz, 0x0000000000000000, 435.14 W, 82 %, 31113 MiB
2026/10/01 06:12:50.442, 2902 MHz, 13801 MHz, 0x0000000000000000, 434.27 W, 83 %, 31113 MiB
2026/10/01 06:12:50.951, 2895 MHz, 13801 MHz, 0x0000000000000000, 433.25 W, 85 %, 31113 MiB
2026/10/01 06:12:51.457, 2895 MHz, 13801 MHz, 0x0000000000000000, 434.87 W, 82 %, 31113 MiB
2026/10/01 06:12:51.965, 2895 MHz, 13801 MHz, 0x0000000000000000, 433.60 W, 84 %, 31113 MiB
2026/10/01 06:12:52.477, 2895 MHz, 13801 MHz, 0x0000000000000000, 434.35 W, 85 %, 31113 MiB
2026/10/01 06:12:52.987, 2895 MHz, 13801 MHz, 0x0000000000000000, 435.92 W, 85 %, 31113 MiB
2026/10/01 06:12:53.496, 2895 MHz, 13801 MHz, 0x0000000000000000, 435.91 W, 82 %, 31113 MiB
2026/10/01 06:12:54.007, 2895 MHz, 13801 MHz, 0x0000000000000000, 434.51 W, 85 %, 31113 MiB
2026/10/01 06:12:54.516, 2902 MHz, 13801 MHz, 0x0000000000000000, 433.75 W, 81 %, 31113 MiB
2026/10/01 06:12:55.021, 2895 MHz, 13801 MHz, 0x0000000000000000, 433.59 W, 83 %, 31113 MiB
2026/10/01 06:12:55.530, 2902 MHz, 13801 MHz, 0x0000000000000000, 433.11 W, 80 %, 31113 MiB
2026/10/01 06:12:56.042, 2895 MHz, 13801 MHz, 0x0000000000000000, 434.29 W, 85 %, 31113 MiB
2026/10/01 06:12:56.549, 2902 MHz, 13801 MHz, 0x0000000000000000, 432.86 W, 82 %, 31113 MiB
2026/10/01 06:12:57.057, 2902 MHz, 13801 MHz, 0x0000000000000000, 428.56 W, 81 %, 31113 MiB
2026/10/01 06:12:57.566, 2902 MHz, 13801 MHz, 0x0000000000000000, 427.51 W, 83 %, 31113 MiB
2026/10/01 06:12:58.076, 2895 MHz, 13801 MHz, 0x0000000000000000, 431.83 W, 85 %, 31113 MiB
2026/10/01 06:12:58.588, 2902 MHz, 13801 MHz, 0x0000000000000000, 432.66 W, 78 %, 31113 MiB
2026/10/01 06:12:59.095, 2895 MHz, 13801 MHz, 0x0000000000000000, 430.67 W, 84 %, 31113 MiB
2026/10/01 06:12:59.603, 2902 MHz, 13801 MHz, 0x0000000000000000, 428.56 W, 83 %, 31113 MiB
2026/10/01 06:13:00.113, 2895 MHz, 13801 MHz, 0x0000000000000000, 427.93 W, 81 %, 31113 MiB
2026/10/01 06:13:00.626, 2902 MHz, 13801 MHz, 0x0000000000000000, 431.49 W, 82 %, 31113 MiB
2026/10/01 06:13:01.137, 2895 MHz, 13801 MHz, 0x0000000000000000, 430.99 W, 82 %, 31113 MiB
2026/10/01 06:13:01.646, 2895 MHz, 13801 MHz, 0x0000000000000000, 430.49 W, 84 %, 31113 MiB
2026/10/01 06:13:02.156, 2895 MHz, 13801 MHz, 0x0000000000000000, 432.15 W, 78 %, 31113 MiB
2026/10/01 06:13:02.666, 2895 MHz, 13801 MHz, 0x0000000000000000, 420.12 W, 67 %, 31118 MiB
2026/10/01 06:13:03.178, 2902 MHz, 13801 MHz, 0x0000000000000000, 413.64 W, 77 %, 31118 MiB
2026/10/01 06:13:03.688, 2902 MHz, 13801 MHz, 0x0000000000000000, 417.99 W, 83 %, 31113 MiB
2026/10/01 06:13:04.197, 2895 MHz, 13801 MHz, 0x0000000000000000, 427.43 W, 83 %, 31113 MiB
2026/10/01 06:13:04.705, 2902 MHz, 13801 MHz, 0x0000000000000000, 430.04 W, 81 %, 31113 MiB
2026/10/01 06:13:05.217, 2895 MHz, 13801 MHz, 0x0000000000000000, 431.48 W, 84 %, 31113 MiB
2026/10/01 06:13:05.724, 2902 MHz, 13801 MHz, 0x0000000000000000, 433.34 W, 81 %, 31113 MiB
2026/10/01 06:13:06.235, 2902 MHz, 13801 MHz, 0x0000000000000000, 433.40 W, 84 %, 31113 MiB
2026/10/01 06:13:06.741, 2895 MHz, 13801 MHz, 0x0000000000000000, 433.14 W, 85 %, 31113 MiB
2026/10/01 06:13:07.249, 2895 MHz, 13801 MHz, 0x0000000000000000, 434.16 W, 83 %, 31113 MiB
2026/10/01 06:13:07.758, 2895 MHz, 13801 MHz, 0x0000000000000000, 433.47 W, 83 %, 31113 MiB
2026/10/01 06:13:08.266, 2902 MHz, 13801 MHz, 0x0000000000000000, 432.94 W, 82 %, 31113 MiB
2026/10/01 06:13:08.775, 2902 MHz, 13801 MHz, 0x0000000000000000, 433.39 W, 84 %, 31113 MiB
2026/10/01 06:13:09.289, 2902 MHz, 13801 MHz, 0x0000000000000000, 432.65 W, 84 %, 31113 MiB
2026/10/01 06:13:09.791, 2925 MHz, 13801 MHz, 0x0000000000000000, 284.91 W, 0 %, 31113 MiB
2026/10/01 06:13:10.307, 2925 MHz, 13801 MHz, 0x0000000000000000, 120.53 W, 0 %, 31113 MiB
2026/10/01 06:13:10.821, 2925 MHz, 13801 MHz, 0x0000000000000000, 101.53 W, 0 %, 31113 MiB
2026/10/01 06:13:11.336, 2407 MHz, 13801 MHz, 0x0000000000000000, 96.82 W, 0 %, 31113 MiB
2026/10/01 06:13:11.852, 502 MHz, 7001 MHz, 0x0000000000000000, 71.10 W, 0 %, 31113 MiB
2026/10/01 06:13:12.354, 397 MHz, 7001 MHz, 0x0000000000000000, 42.54 W, 0 %, 31113 MiB
2026/10/01 06:13:12.868, 352 MHz, 7001 MHz, 0x0000000000000000, 38.74 W, 0 %, 31113 MiB
2026/10/01 06:13:13.371, 352 MHz, 7001 MHz, 0x0000000000000000, 38.74 W, 0 %, 31113 MiB
2026/10/01 06:13:13.872, 225 MHz, 7001 MHz, 0x0000000000000000, 37.21 W, 0 %, 31113 MiB
2026/10/01 06:13:14.382, 180 MHz, 7001 MHz, 0x0000000000000000, 37.22 W, 0 %, 31113 MiB
2026/10/01 06:13:14.897, 187 MHz, 810 MHz, 0x0000000000000000, 35.13 W, 0 %, 31113 MiB
2026/10/01 06:13:15.412, 172 MHz, 810 MHz, 0x0000000000000000, 30.93 W, 0 %, 31113 MiB
2026/10/01 06:13:15.927, 172 MHz, 810 MHz, 0x0000000000000000, 30.93 W, 0 %, 31113 MiB
2026/10/01 06:13:16.443, 180 MHz, 810 MHz, 0x0000000000000000, 13.82 W, 0 %, 31113 MiB
2026/10/01 06:13:16.958, 180 MHz, 810 MHz, 0x0000000000000000, 13.82 W, 0 %, 31113 MiB
2026/10/01 06:13:17.459, 180 MHz, 405 MHz, 0x0000000000000000, 13.65 W, 0 %, 31113 MiB
2026/10/01 06:13:17.973, 180 MHz, 405 MHz, 0x0000000000000000, 13.65 W, 0 %, 31113 MiB
2026/10/01 06:13:18.473, 180 MHz, 405 MHz, 0x0000000000000000, 13.54 W, 0 %, 31113 MiB
2026/10/01 06:13:18.987, 180 MHz, 405 MHz, 0x0000000000000000, 13.54 W, 0 %, 31113 MiB
2026/10/01 06:13:19.502, 180 MHz, 405 MHz, 0x0000000000000000, 13.47 W, 0 %, 31113 MiB
2026/10/01 06:13:20.004, 180 MHz, 405 MHz, 0x0000000000000000, 13.47 W, 0 %, 31113 MiB
2026/10/01 06:13:20.519, 180 MHz, 405 MHz, 0x0000000000000000, 13.10 W, 0 %, 31113 MiB
2026/10/01 06:13:21.035, 180 MHz, 405 MHz, 0x0000000000000000, 13.10 W, 0 %, 31113 MiB
2026/10/01 06:13:21.548, 180 MHz, 405 MHz, 0x0000000000000000, 13.22 W, 0 %, 31113 MiB
2026/10/01 06:13:32.632, 180 MHz, 405 MHz, 0x0000000000000000, 12.83 W, 0 %, 31113 MiB
2026/10/01 06:13:33.133, 180 MHz, 405 MHz, 0x0000000000000000, 17.43 W, 45 %, 31113 MiB
2026/10/01 06:13:33.635, 2910 MHz, 13801 MHz, 0x0000000000000000, 155.08 W, 83 %, 31113 MiB
2026/10/01 06:13:34.151, 2910 MHz, 13801 MHz, 0x0000000000000000, 342.63 W, 80 %, 31113 MiB
2026/10/01 06:13:34.665, 2910 MHz, 13801 MHz, 0x0000000000000000, 402.07 W, 81 %, 31113 MiB
2026/10/01 06:13:35.180, 2910 MHz, 13801 MHz, 0x0000000000000000, 400.12 W, 79 %, 31113 MiB
2026/10/01 06:13:35.690, 2910 MHz, 13801 MHz, 0x0000000000000000, 397.57 W, 78 %, 31113 MiB
2026/10/01 06:13:36.205, 2910 MHz, 13801 MHz, 0x0000000000000000, 404.16 W, 80 %, 31113 MiB
2026/10/01 06:13:36.720, 2910 MHz, 13801 MHz, 0x0000000000000000, 405.89 W, 78 %, 31113 MiB
2026/10/01 06:13:37.220, 2910 MHz, 13801 MHz, 0x0000000000000000, 404.39 W, 82 %, 31113 MiB
2026/10/01 06:13:37.734, 2910 MHz, 13801 MHz, 0x0000000000000000, 402.89 W, 74 %, 31113 MiB
2026/10/01 06:13:38.246, 2910 MHz, 13801 MHz, 0x0000000000000000, 408.58 W, 82 %, 31113 MiB
2026/10/01 06:13:38.750, 2910 MHz, 13801 MHz, 0x0000000000000000, 401.49 W, 78 %, 31113 MiB
2026/10/01 06:13:39.264, 2910 MHz, 13801 MHz, 0x0000000000000000, 399.15 W, 81 %, 31113 MiB
2026/10/01 06:13:39.771, 2910 MHz, 13801 MHz, 0x0000000000000000, 409.21 W, 83 %, 31113 MiB
2026/10/01 06:13:40.286, 2910 MHz, 13801 MHz, 0x0000000000000000, 410.27 W, 80 %, 31113 MiB
2026/10/01 06:13:40.801, 2910 MHz, 13801 MHz, 0x0000000000000000, 414.19 W, 81 %, 31113 MiB
2026/10/01 06:13:41.301, 2910 MHz, 13801 MHz, 0x0000000000000000, 419.01 W, 84 %, 31113 MiB
2026/10/01 06:13:41.815, 2910 MHz, 13801 MHz, 0x0000000000000000, 416.48 W, 79 %, 31113 MiB
2026/10/01 06:13:42.328, 2910 MHz, 13801 MHz, 0x0000000000000000, 409.13 W, 80 %, 31113 MiB
2026/10/01 06:13:42.830, 2910 MHz, 13801 MHz, 0x0000000000000000, 407.49 W, 80 %, 31113 MiB
2026/10/01 06:13:43.334, 2910 MHz, 13801 MHz, 0x0000000000000000, 405.60 W, 79 %, 31113 MiB
2026/10/01 06:13:43.848, 2910 MHz, 13801 MHz, 0x0000000000000000, 402.29 W, 76 %, 31113 MiB
2026/10/01 06:13:44.362, 2910 MHz, 13801 MHz, 0x0000000000000000, 400.55 W, 71 %, 31113 MiB
2026/10/01 06:13:44.875, 2925 MHz, 13801 MHz, 0x0000000000000000, 262.38 W, 0 %, 31118 MiB
2026/10/01 06:13:45.389, 2925 MHz, 13801 MHz, 0x0000000000000000, 95.94 W, 0 %, 31118 MiB
2026/10/01 06:13:45.898, 2925 MHz, 13801 MHz, 0x0000000000000000, 94.64 W, 0 %, 31113 MiB
2026/10/01 06:13:46.401, 780 MHz, 13801 MHz, 0x0000000000000000, 79.65 W, 0 %, 31113 MiB
2026/10/01 06:13:46.902, 637 MHz, 7001 MHz, 0x0000000000000000, 55.47 W, 0 %, 31113 MiB
2026/10/01 06:13:47.404, 502 MHz, 7001 MHz, 0x0000000000000000, 37.72 W, 0 %, 31113 MiB
2026/10/01 06:13:47.915, 405 MHz, 7001 MHz, 0x0000000000000000, 36.01 W, 0 %, 31113 MiB
2026/10/01 06:13:48.430, 315 MHz, 7001 MHz, 0x0000000000000000, 35.81 W, 0 %, 31113 MiB
2026/10/01 06:13:48.941, 315 MHz, 7001 MHz, 0x0000000000000000, 35.72 W, 0 %, 31113 MiB
2026/10/01 06:13:49.454, 315 MHz, 7001 MHz, 0x0000000000000000, 35.72 W, 0 %, 31113 MiB
2026/10/01 06:13:49.964, 195 MHz, 7001 MHz, 0x0000000000000000, 35.45 W, 0 %, 31113 MiB
2026/10/01 06:13:50.478, 195 MHz, 7001 MHz, 0x0000000000000000, 35.45 W, 0 %, 31113 MiB
2026/10/01 06:13:50.993, 180 MHz, 7001 MHz, 0x0000000000000000, 35.38 W, 0 %, 31113 MiB
2026/10/01 06:13:51.505, 180 MHz, 7001 MHz, 0x0000000000000000, 35.38 W, 0 %, 31113 MiB
2026/10/01 06:13:52.016, 180 MHz, 810 MHz, 0x0000000000000000, 18.15 W, 0 %, 31113 MiB
2026/10/01 06:13:52.522, 180 MHz, 810 MHz, 0x0000000000000000, 18.15 W, 0 %, 31113 MiB
2026/10/01 06:13:53.033, 180 MHz, 405 MHz, 0x0000000000000000, 11.88 W, 0 %, 31113 MiB
2026/10/01 06:13:53.545, 180 MHz, 405 MHz, 0x0000000000000000, 11.88 W, 0 %, 31113 MiB
2026/10/01 06:13:54.047, 180 MHz, 405 MHz, 0x0000000000000000, 11.34 W, 0 %, 31113 MiB
2026/10/01 06:13:54.560, 180 MHz, 405 MHz, 0x0000000000000000, 11.34 W, 0 %, 31113 MiB
2026/10/01 06:13:55.069, 180 MHz, 405 MHz, 0x0000000000000000, 11.37 W, 0 %, 31113 MiB
2026/10/01 06:13:55.582, 180 MHz, 405 MHz, 0x0000000000000000, 11.37 W, 0 %, 31113 MiB
2026/10/01 06:13:56.095, 180 MHz, 405 MHz, 0x0000000000000000, 11.42 W, 0 %, 31113 MiB
2026/10/01 06:13:56.606, 2872 MHz, 13801 MHz, 0x0000000000000004, 107.11 W, 94 %, 31113 MiB
2026/10/01 06:13:57.117, 2910 MHz, 13801 MHz, 0x0000000000000000, 305.06 W, 86 %, 31113 MiB
2026/10/01 06:13:57.627, 2910 MHz, 13801 MHz, 0x0000000000000000, 440.84 W, 86 %, 31113 MiB
2026/10/01 06:13:58.136, 2910 MHz, 13801 MHz, 0x0000000000000000, 422.00 W, 83 %, 31113 MiB
2026/10/01 06:13:58.645, 2910 MHz, 13801 MHz, 0x0000000000000000, 419.68 W, 84 %, 31113 MiB
2026/10/01 06:13:59.154, 2910 MHz, 13801 MHz, 0x0000000000000000, 411.73 W, 75 %, 31113 MiB
2026/10/01 06:13:59.662, 2902 MHz, 13801 MHz, 0x0000000000000000, 406.44 W, 82 %, 31113 MiB
2026/10/01 06:14:00.168, 2902 MHz, 13801 MHz, 0x0000000000000000, 408.25 W, 78 %, 31113 MiB
2026/10/01 06:14:00.677, 2910 MHz, 13801 MHz, 0x0000000000000000, 398.85 W, 84 %, 31113 MiB
2026/10/01 06:14:01.188, 2910 MHz, 13801 MHz, 0x0000000000000000, 397.98 W, 82 %, 31113 MiB
2026/10/01 06:14:01.699, 2820 MHz, 13801 MHz, 0x0000000000000004, 456.19 W, 100 %, 31113 MiB
2026/10/01 06:14:02.208, 2910 MHz, 13801 MHz, 0x0000000000000000, 475.44 W, 87 %, 31113 MiB
2026/10/01 06:14:02.719, 2910 MHz, 13801 MHz, 0x0000000000000000, 447.71 W, 86 %, 31113 MiB
2026/10/01 06:14:03.227, 2910 MHz, 13801 MHz, 0x0000000000000000, 425.80 W, 85 %, 31113 MiB
2026/10/01 06:14:03.737, 2910 MHz, 13801 MHz, 0x0000000000000000, 426.04 W, 87 %, 31113 MiB
2026/10/01 06:14:04.247, 2895 MHz, 13801 MHz, 0x0000000000000000, 435.65 W, 84 %, 31113 MiB
2026/10/01 06:14:04.755, 2902 MHz, 13801 MHz, 0x0000000000000000, 430.60 W, 86 %, 31113 MiB
2026/10/01 06:14:05.267, 2880 MHz, 13801 MHz, 0x0000000000000004, 438.82 W, 85 %, 31113 MiB
2026/10/01 06:14:05.777, 2902 MHz, 13801 MHz, 0x0000000000000000, 445.89 W, 81 %, 31118 MiB
2026/10/01 06:14:06.284, 2910 MHz, 13801 MHz, 0x0000000000000000, 434.11 W, 87 %, 31118 MiB
2026/10/01 06:14:06.795, 2910 MHz, 13801 MHz, 0x0000000000000000, 424.48 W, 83 %, 31113 MiB
2026/10/01 06:14:07.305, 2902 MHz, 13801 MHz, 0x0000000000000000, 431.82 W, 88 %, 31113 MiB
2026/10/01 06:14:07.816, 2902 MHz, 13801 MHz, 0x0000000000000000, 438.20 W, 84 %, 31113 MiB
2026/10/01 06:14:08.328, 2895 MHz, 13801 MHz, 0x0000000000000000, 441.02 W, 84 %, 31113 MiB
2026/10/01 06:14:08.840, 2895 MHz, 13801 MHz, 0x0000000000000000, 440.60 W, 87 %, 31113 MiB
2026/10/01 06:14:09.351, 2895 MHz, 13801 MHz, 0x0000000000000004, 449.02 W, 80 %, 31113 MiB
2026/10/01 06:14:09.861, 2910 MHz, 13801 MHz, 0x0000000000000000, 444.79 W, 85 %, 31113 MiB
2026/10/01 06:14:10.372, 2902 MHz, 13801 MHz, 0x0000000000000000, 438.13 W, 83 %, 31113 MiB
2026/10/01 06:14:10.885, 2910 MHz, 13801 MHz, 0x0000000000000000, 436.24 W, 85 %, 31113 MiB
2026/10/01 06:14:11.395, 2895 MHz, 13801 MHz, 0x0000000000000000, 439.64 W, 85 %, 31113 MiB
2026/10/01 06:14:11.907, 2887 MHz, 13801 MHz, 0x0000000000000000, 449.99 W, 86 %, 31113 MiB
2026/10/01 06:14:12.417, 2902 MHz, 13801 MHz, 0x0000000000000000, 448.74 W, 81 %, 31113 MiB
2026/10/01 06:14:12.928, 2902 MHz, 13801 MHz, 0x0000000000000000, 449.13 W, 85 %, 31113 MiB
2026/10/01 06:14:13.437, 2902 MHz, 13801 MHz, 0x0000000000000000, 443.46 W, 86 %, 31113 MiB
2026/10/01 06:14:13.949, 2910 MHz, 13801 MHz, 0x0000000000000000, 431.09 W, 84 %, 31113 MiB
2026/10/01 06:14:14.457, 2910 MHz, 13801 MHz, 0x0000000000000000, 435.15 W, 83 %, 31113 MiB
2026/10/01 06:14:14.967, 2887 MHz, 13801 MHz, 0x0000000000000004, 439.17 W, 76 %, 31113 MiB
2026/10/01 06:14:15.479, 2902 MHz, 13801 MHz, 0x0000000000000000, 442.21 W, 86 %, 31113 MiB
2026/10/01 06:14:15.989, 2895 MHz, 13801 MHz, 0x0000000000000000, 444.99 W, 87 %, 31113 MiB
2026/10/01 06:14:16.501, 2902 MHz, 13801 MHz, 0x0000000000000000, 441.17 W, 87 %, 31113 MiB
2026/10/01 06:14:17.012, 2910 MHz, 13801 MHz, 0x0000000000000000, 438.26 W, 81 %, 31113 MiB
2026/10/01 06:14:17.523, 2902 MHz, 13801 MHz, 0x0000000000000000, 440.33 W, 86 %, 31113 MiB
2026/10/01 06:14:18.034, 2910 MHz, 13801 MHz, 0x0000000000000000, 442.83 W, 84 %, 31113 MiB
2026/10/01 06:14:18.543, 2895 MHz, 13801 MHz, 0x0000000000000000, 432.58 W, 66 %, 31113 MiB
2026/10/01 06:14:19.056, 2902 MHz, 13801 MHz, 0x0000000000000000, 436.48 W, 83 %, 31113 MiB
2026/10/01 06:14:19.567, 2910 MHz, 13801 MHz, 0x0000000000000000, 443.14 W, 86 %, 31113 MiB
2026/10/01 06:14:20.076, 2902 MHz, 13801 MHz, 0x0000000000000000, 437.41 W, 85 %, 31113 MiB
2026/10/01 06:14:20.584, 2895 MHz, 13801 MHz, 0x0000000000000000, 438.52 W, 84 %, 31113 MiB
2026/10/01 06:14:21.091, 2895 MHz, 13801 MHz, 0x0000000000000000, 440.26 W, 85 %, 31113 MiB
2026/10/01 06:14:21.604, 2887 MHz, 13801 MHz, 0x0000000000000000, 439.07 W, 86 %, 31113 MiB
2026/10/01 06:14:22.115, 2902 MHz, 13801 MHz, 0x0000000000000000, 440.89 W, 81 %, 31113 MiB
2026/10/01 06:14:22.622, 2895 MHz, 13801 MHz, 0x0000000000000000, 444.56 W, 85 %, 31113 MiB
2026/10/01 06:14:23.131, 2902 MHz, 13801 MHz, 0x0000000000000000, 452.25 W, 85 %, 31113 MiB
2026/10/01 06:14:23.640, 2887 MHz, 13801 MHz, 0x0000000000000000, 453.38 W, 85 %, 31113 MiB
2026/10/01 06:14:24.152, 2895 MHz, 13801 MHz, 0x0000000000000000, 438.03 W, 85 %, 31113 MiB
2026/10/01 06:14:24.662, 2895 MHz, 13801 MHz, 0x0000000000000000, 436.80 W, 82 %, 31113 MiB
2026/10/01 06:14:25.175, 2902 MHz, 13801 MHz, 0x0000000000000000, 441.66 W, 86 %, 31113 MiB
2026/10/01 06:14:25.686, 2895 MHz, 13801 MHz, 0x0000000000000000, 434.56 W, 84 %, 31113 MiB
2026/10/01 06:14:26.195, 2880 MHz, 13801 MHz, 0x0000000000000000, 444.43 W, 80 %, 31113 MiB
2026/10/01 06:14:26.703, 2910 MHz, 13801 MHz, 0x0000000000000000, 428.85 W, 64 %, 31113 MiB
2026/10/01 06:14:27.215, 2895 MHz, 13801 MHz, 0x0000000000000000, 408.80 W, 81 %, 31118 MiB
2026/10/01 06:14:27.724, 2887 MHz, 13801 MHz, 0x0000000000000000, 415.41 W, 86 %, 31118 MiB
2026/10/01 06:14:28.233, 2895 MHz, 13801 MHz, 0x0000000000000000, 425.83 W, 87 %, 31113 MiB
2026/10/01 06:14:28.748, 2895 MHz, 13801 MHz, 0x0000000000000000, 440.00 W, 86 %, 31113 MiB
2026/10/01 06:14:29.260, 2895 MHz, 13801 MHz, 0x0000000000000000, 436.49 W, 86 %, 31113 MiB
2026/10/01 06:14:29.770, 2887 MHz, 13801 MHz, 0x0000000000000004, 449.02 W, 79 %, 31113 MiB
2026/10/01 06:14:30.280, 2887 MHz, 13801 MHz, 0x0000000000000000, 450.60 W, 82 %, 31113 MiB
2026/10/01 06:14:30.791, 2895 MHz, 13801 MHz, 0x0000000000000000, 449.75 W, 73 %, 31113 MiB
2026/10/01 06:14:31.300, 2895 MHz, 13801 MHz, 0x0000000000000000, 448.08 W, 86 %, 31113 MiB
2026/10/01 06:14:31.809, 2895 MHz, 13801 MHz, 0x0000000000000000, 435.36 W, 79 %, 31113 MiB
2026/10/01 06:14:32.319, 2887 MHz, 13801 MHz, 0x0000000000000000, 434.46 W, 82 %, 31113 MiB
2026/10/01 06:14:32.829, 2895 MHz, 13801 MHz, 0x0000000000000000, 441.72 W, 85 %, 31113 MiB
2026/10/01 06:14:33.340, 2895 MHz, 13801 MHz, 0x0000000000000000, 438.59 W, 81 %, 31113 MiB
2026/10/01 06:14:33.852, 2880 MHz, 13801 MHz, 0x0000000000000000, 448.38 W, 84 %, 31113 MiB
2026/10/01 06:14:34.362, 2895 MHz, 13801 MHz, 0x0000000000000000, 449.45 W, 77 %, 31113 MiB
2026/10/01 06:14:34.871, 2895 MHz, 13801 MHz, 0x0000000000000000, 437.53 W, 82 %, 31113 MiB
2026/10/01 06:14:35.381, 2895 MHz, 13801 MHz, 0x0000000000000000, 443.37 W, 84 %, 31113 MiB
2026/10/01 06:14:35.889, 2895 MHz, 13801 MHz, 0x0000000000000000, 445.71 W, 84 %, 31113 MiB
2026/10/01 06:14:36.400, 2895 MHz, 13801 MHz, 0x0000000000000004, 444.07 W, 84 %, 31113 MiB
2026/10/01 06:14:36.909, 2887 MHz, 13801 MHz, 0x0000000000000000, 446.45 W, 87 %, 31113 MiB
2026/10/01 06:14:37.420, 2887 MHz, 13801 MHz, 0x0000000000000000, 445.73 W, 77 %, 31113 MiB
2026/10/01 06:14:37.934, 2895 MHz, 13801 MHz, 0x0000000000000000, 446.15 W, 84 %, 31113 MiB
2026/10/01 06:14:38.445, 2887 MHz, 13801 MHz, 0x0000000000000000, 447.71 W, 87 %, 31113 MiB
2026/10/01 06:14:38.954, 2887 MHz, 13801 MHz, 0x0000000000000000, 443.15 W, 82 %, 31113 MiB
2026/10/01 06:14:39.464, 2895 MHz, 13801 MHz, 0x0000000000000000, 448.68 W, 86 %, 31113 MiB
2026/10/01 06:14:39.976, 2895 MHz, 13801 MHz, 0x0000000000000000, 444.49 W, 84 %, 31113 MiB
2026/10/01 06:14:40.484, 2895 MHz, 13801 MHz, 0x0000000000000004, 442.88 W, 81 %, 31113 MiB
2026/10/01 06:14:40.994, 2887 MHz, 13801 MHz, 0x0000000000000000, 451.65 W, 87 %, 31113 MiB
2026/10/01 06:14:41.501, 2887 MHz, 13801 MHz, 0x0000000000000000, 461.23 W, 88 %, 31113 MiB
2026/10/01 06:14:42.012, 2895 MHz, 13801 MHz, 0x0000000000000000, 443.79 W, 86 %, 31113 MiB
2026/10/01 06:14:42.519, 2887 MHz, 13801 MHz, 0x0000000000000000, 445.02 W, 84 %, 31113 MiB
2026/10/01 06:14:43.031, 2895 MHz, 13801 MHz, 0x0000000000000000, 449.07 W, 87 %, 31113 MiB
2026/10/01 06:14:43.545, 2895 MHz, 13801 MHz, 0x0000000000000000, 444.65 W, 87 %, 31113 MiB
2026/10/01 06:14:44.055, 2895 MHz, 13801 MHz, 0x0000000000000000, 446.19 W, 87 %, 31113 MiB
2026/10/01 06:14:44.562, 2895 MHz, 13801 MHz, 0x0000000000000004, 436.60 W, 82 %, 31113 MiB
2026/10/01 06:14:45.072, 2880 MHz, 13801 MHz, 0x0000000000000000, 437.27 W, 88 %, 31113 MiB
2026/10/01 06:14:45.581, 2895 MHz, 13801 MHz, 0x0000000000000000, 449.61 W, 84 %, 31113 MiB
2026/10/01 06:14:46.090, 2895 MHz, 13801 MHz, 0x0000000000000000, 437.86 W, 83 %, 31113 MiB
2026/10/01 06:14:46.601, 2887 MHz, 13801 MHz, 0x0000000000000000, 435.10 W, 87 %, 31113 MiB
2026/10/01 06:14:47.111, 2895 MHz, 13801 MHz, 0x0000000000000000, 444.70 W, 87 %, 31113 MiB
2026/10/01 06:14:47.623, 2895 MHz, 13801 MHz, 0x0000000000000000, 435.21 W, 77 %, 31113 MiB
2026/10/01 06:14:48.130, 2880 MHz, 13801 MHz, 0x0000000000000000, 436.38 W, 79 %, 31115 MiB
2026/10/01 06:14:48.640, 2895 MHz, 13801 MHz, 0x0000000000000000, 429.73 W, 82 %, 31115 MiB
2026/10/01 06:14:49.149, 2895 MHz, 13801 MHz, 0x0000000000000000, 424.79 W, 86 %, 31113 MiB
2026/10/01 06:14:49.662, 2887 MHz, 13801 MHz, 0x0000000000000000, 441.20 W, 87 %, 31113 MiB
2026/10/01 06:14:50.174, 2895 MHz, 13801 MHz, 0x0000000000000000, 446.55 W, 86 %, 31113 MiB
2026/10/01 06:14:50.687, 2895 MHz, 13801 MHz, 0x0000000000000000, 439.45 W, 88 %, 31113 MiB
2026/10/01 06:14:51.196, 2895 MHz, 13801 MHz, 0x0000000000000000, 444.65 W, 86 %, 31113 MiB
2026/10/01 06:14:51.706, 2895 MHz, 13801 MHz, 0x0000000000000000, 442.34 W, 86 %, 31113 MiB
2026/10/01 06:14:52.219, 2887 MHz, 13801 MHz, 0x0000000000000004, 454.41 W, 84 %, 31113 MiB
2026/10/01 06:14:52.729, 2895 MHz, 13801 MHz, 0x0000000000000000, 456.12 W, 87 %, 31113 MiB
2026/10/01 06:14:53.238, 2887 MHz, 13801 MHz, 0x0000000000000000, 451.59 W, 85 %, 31113 MiB
2026/10/01 06:14:53.746, 2895 MHz, 13801 MHz, 0x0000000000000000, 450.59 W, 86 %, 31113 MiB
2026/10/01 06:14:54.253, 2895 MHz, 13801 MHz, 0x0000000000000000, 436.62 W, 83 %, 31113 MiB
2026/10/01 06:14:54.759, 2887 MHz, 13801 MHz, 0x0000000000000000, 444.94 W, 84 %, 31113 MiB
2026/10/01 06:14:55.269, 2895 MHz, 13801 MHz, 0x0000000000000000, 441.35 W, 83 %, 31113 MiB
2026/10/01 06:14:55.779, 2887 MHz, 13801 MHz, 0x0000000000000000, 449.87 W, 86 %, 31113 MiB
2026/10/01 06:14:56.288, 2895 MHz, 13801 MHz, 0x0000000000000000, 447.48 W, 81 %, 31113 MiB
2026/10/01 06:14:56.797, 2895 MHz, 13801 MHz, 0x0000000000000000, 429.52 W, 81 %, 31113 MiB
2026/10/01 06:14:57.307, 2895 MHz, 13801 MHz, 0x0000000000000000, 431.55 W, 83 %, 31113 MiB
2026/10/01 06:14:57.815, 2895 MHz, 13801 MHz, 0x0000000000000000, 440.11 W, 81 %, 31113 MiB
2026/10/01 06:14:58.325, 2895 MHz, 13801 MHz, 0x0000000000000000, 438.86 W, 84 %, 31113 MiB
2026/10/01 06:14:58.831, 2895 MHz, 13801 MHz, 0x0000000000000000, 430.62 W, 78 %, 31113 MiB
2026/10/01 06:14:59.337, 2895 MHz, 13801 MHz, 0x0000000000000000, 424.48 W, 82 %, 31113 MiB
2026/10/01 06:14:59.844, 2880 MHz, 13801 MHz, 0x0000000000000000, 436.13 W, 84 %, 31113 MiB
2026/10/01 06:15:00.353, 2895 MHz, 13801 MHz, 0x0000000000000000, 437.48 W, 82 %, 31113 MiB
2026/10/01 06:15:00.863, 2895 MHz, 13801 MHz, 0x0000000000000000, 435.58 W, 84 %, 31113 MiB
2026/10/01 06:15:01.375, 2917 MHz, 13801 MHz, 0x0000000000000000, 348.77 W, 0 %, 31113 MiB
2026/10/01 06:15:01.891, 2925 MHz, 13801 MHz, 0x0000000000000000, 202.21 W, 0 %, 31113 MiB
2026/10/01 06:15:02.402, 2925 MHz, 13801 MHz, 0x0000000000000000, 100.65 W, 0 %, 31113 MiB
2026/10/01 06:15:02.917, 2925 MHz, 13801 MHz, 0x0000000000000000, 100.00 W, 0 %, 31113 MiB
2026/10/01 06:15:03.428, 562 MHz, 7001 MHz, 0x0000000000000000, 73.91 W, 0 %, 31113 MiB
2026/10/01 06:15:03.944, 450 MHz, 7001 MHz, 0x0000000000000000, 42.79 W, 0 %, 31113 MiB
2026/10/01 06:15:04.458, 397 MHz, 7001 MHz, 0x0000000000000000, 37.67 W, 0 %, 31113 MiB
2026/10/01 06:15:04.960, 397 MHz, 7001 MHz, 0x0000000000000000, 37.67 W, 0 %, 31113 MiB
2026/10/01 06:15:05.461, 255 MHz, 7001 MHz, 0x0000000000000000, 37.27 W, 0 %, 31113 MiB
2026/10/01 06:15:05.975, 255 MHz, 7001 MHz, 0x0000000000000000, 37.27 W, 0 %, 31113 MiB
2026/10/01 06:15:06.487, 180 MHz, 7001 MHz, 0x0000000000000000, 37.24 W, 0 %, 31113 MiB
2026/10/01 06:15:07.001, 180 MHz, 7001 MHz, 0x0000000000000000, 37.24 W, 0 %, 31113 MiB
2026/10/01 06:15:07.502, 187 MHz, 810 MHz, 0x0000000000000000, 33.89 W, 0 %, 31113 MiB
2026/10/01 06:15:08.014, 187 MHz, 810 MHz, 0x0000000000000000, 33.89 W, 0 %, 31113 MiB
2026/10/01 06:15:08.530, 180 MHz, 810 MHz, 0x0000000000000000, 17.76 W, 0 %, 31113 MiB
2026/10/01 06:15:09.031, 180 MHz, 810 MHz, 0x0000000000000000, 17.76 W, 0 %, 31113 MiB
2026/10/01 06:15:09.544, 195 MHz, 405 MHz, 0x0000000000000000, 14.33 W, 0 %, 31115 MiB
2026/10/01 06:15:10.060, 180 MHz, 405 MHz, 0x0000000000000000, 15.24 W, 0 %, 31113 MiB
2026/10/01 06:15:10.574, 180 MHz, 405 MHz, 0x0000000000000000, 16.91 W, 0 %, 31113 MiB
2026/10/01 06:15:11.087, 180 MHz, 405 MHz, 0x0000000000000000, 16.94 W, 0 %, 31113 MiB
2026/10/01 06:15:11.600, 180 MHz, 405 MHz, 0x0000000000000000, 16.97 W, 0 %, 31113 MiB
2026/10/01 06:15:12.116, 180 MHz, 405 MHz, 0x0000000000000000, 16.97 W, 0 %, 31113 MiB
2026/10/01 06:15:12.630, 180 MHz, 405 MHz, 0x0000000000000000, 13.07 W, 0 %, 31113 MiB
2026/10/01 06:15:13.143, 180 MHz, 405 MHz, 0x0000000000000000, 13.07 W, 0 %, 31113 MiB
2026/10/01 06:15:13.658, 180 MHz, 405 MHz, 0x0000000000000000, 12.91 W, 0 %, 31113 MiB
2026/10/01 06:15:14.172, 180 MHz, 405 MHz, 0x0000000000000000, 12.91 W, 0 %, 31113 MiB
2026/10/01 06:15:14.686, 180 MHz, 405 MHz, 0x0000000000000000, 12.68 W, 0 %, 31113 MiB
2026/10/01 06:15:15.201, 180 MHz, 405 MHz, 0x0000000000000000, 12.68 W, 0 %, 31113 MiB
2026/10/01 06:15:15.705, 180 MHz, 405 MHz, 0x0000000000000000, 12.68 W, 0 %, 31113 MiB
2026/10/01 06:15:16.220, 180 MHz, 405 MHz, 0x0000000000000000, 12.68 W, 0 %, 31113 MiB
2026/10/01 06:15:16.734, 180 MHz, 405 MHz, 0x0000000000000000, 12.74 W, 0 %, 31113 MiB
2026/10/01 06:15:17.236, 180 MHz, 405 MHz, 0x0000000000000000, 12.74 W, 0 %, 31113 MiB
2026/10/01 06:15:17.749, 1867 MHz, 13801 MHz, 0x0000000000000000, 74.70 W, 85 %, 31113 MiB
2026/10/01 06:15:18.265, 2910 MHz, 13801 MHz, 0x0000000000000000, 419.94 W, 79 %, 31113 MiB
2026/10/01 06:15:18.780, 2910 MHz, 13801 MHz, 0x0000000000000000, 422.21 W, 86 %, 31113 MiB
2026/10/01 06:15:19.293, 2910 MHz, 13801 MHz, 0x0000000000000000, 426.09 W, 84 %, 31113 MiB
2026/10/01 06:15:19.807, 2910 MHz, 13801 MHz, 0x0000000000000000, 425.81 W, 86 %, 31113 MiB
2026/10/01 06:15:20.320, 2910 MHz, 13801 MHz, 0x0000000000000000, 424.22 W, 81 %, 31113 MiB
2026/10/01 06:15:20.835, 2910 MHz, 13801 MHz, 0x0000000000000000, 424.11 W, 85 %, 31113 MiB
2026/10/01 06:15:21.351, 2910 MHz, 13801 MHz, 0x0000000000000000, 424.40 W, 85 %, 31113 MiB
2026/10/01 06:15:21.865, 2910 MHz, 13801 MHz, 0x0000000000000000, 426.28 W, 83 %, 31113 MiB
2026/10/01 06:15:22.365, 2910 MHz, 13801 MHz, 0x0000000000000000, 427.39 W, 82 %, 31113 MiB
2026/10/01 06:15:22.880, 2910 MHz, 13801 MHz, 0x0000000000000000, 418.79 W, 84 %, 31113 MiB
2026/10/01 06:15:23.395, 2910 MHz, 13801 MHz, 0x0000000000000000, 417.74 W, 83 %, 31113 MiB
2026/10/01 06:15:23.899, 2910 MHz, 13801 MHz, 0x0000000000000000, 427.78 W, 85 %, 31113 MiB
2026/10/01 06:15:24.411, 2910 MHz, 13801 MHz, 0x0000000000000000, 425.63 W, 82 %, 31113 MiB
2026/10/01 06:15:24.912, 2910 MHz, 13801 MHz, 0x0000000000000000, 425.02 W, 82 %, 31113 MiB
2026/10/01 06:15:25.427, 2910 MHz, 13801 MHz, 0x0000000000000000, 424.54 W, 82 %, 31113 MiB
2026/10/01 06:15:25.940, 2910 MHz, 13801 MHz, 0x0000000000000000, 423.94 W, 84 %, 31113 MiB
2026/10/01 06:15:26.440, 2910 MHz, 13801 MHz, 0x0000000000000000, 424.91 W, 84 %, 31113 MiB
2026/10/01 06:15:26.955, 2910 MHz, 13801 MHz, 0x0000000000000000, 425.29 W, 81 %, 31113 MiB
2026/10/01 06:15:27.471, 2910 MHz, 13801 MHz, 0x0000000000000000, 425.65 W, 82 %, 31113 MiB
2026/10/01 06:15:27.974, 2910 MHz, 13801 MHz, 0x0000000000000000, 425.97 W, 85 %, 31113 MiB
2026/10/01 06:15:38.992, 180 MHz, 405 MHz, 0x0000000000000000, 12.09 W, 0 %, 31113 MiB
2026/10/01 06:15:39.494, 1500 MHz, 810 MHz, 0x0000000000000000, 35.35 W, 100 %, 31113 MiB
2026/10/01 06:15:40.009, 2910 MHz, 13801 MHz, 0x0000000000000000, 134.49 W, 76 %, 31113 MiB
2026/10/01 06:15:40.509, 2910 MHz, 13801 MHz, 0x0000000000000000, 379.50 W, 82 %, 31113 MiB
2026/10/01 06:15:41.022, 2910 MHz, 13801 MHz, 0x0000000000000000, 412.08 W, 79 %, 31113 MiB
2026/10/01 06:15:41.536, 2910 MHz, 13801 MHz, 0x0000000000000000, 412.11 W, 77 %, 31113 MiB
2026/10/01 06:15:42.051, 2910 MHz, 13801 MHz, 0x0000000000000000, 413.78 W, 81 %, 31113 MiB
2026/10/01 06:15:42.564, 2910 MHz, 13801 MHz, 0x0000000000000000, 413.00 W, 74 %, 31113 MiB
2026/10/01 06:15:43.067, 2910 MHz, 13801 MHz, 0x0000000000000000, 409.27 W, 76 %, 31113 MiB
2026/10/01 06:15:43.568, 2910 MHz, 13801 MHz, 0x0000000000000000, 409.25 W, 78 %, 31113 MiB
2026/10/01 06:15:44.071, 2910 MHz, 13801 MHz, 0x0000000000000000, 410.98 W, 76 %, 31113 MiB
2026/10/01 06:15:44.572, 2910 MHz, 13801 MHz, 0x0000000000000000, 411.21 W, 78 %, 31113 MiB
2026/10/01 06:15:45.087, 2910 MHz, 13801 MHz, 0x0000000000000000, 415.68 W, 83 %, 31113 MiB
2026/10/01 06:15:45.588, 2910 MHz, 13801 MHz, 0x0000000000000000, 416.59 W, 77 %, 31113 MiB
2026/10/01 06:15:46.102, 2910 MHz, 13801 MHz, 0x0000000000000000, 411.34 W, 81 %, 31113 MiB
2026/10/01 06:15:46.603, 2910 MHz, 13801 MHz, 0x0000000000000000, 410.59 W, 78 %, 31113 MiB
2026/10/01 06:15:47.116, 2910 MHz, 13801 MHz, 0x0000000000000000, 409.74 W, 78 %, 31113 MiB
2026/10/01 06:15:47.616, 2910 MHz, 13801 MHz, 0x0000000000000000, 405.45 W, 76 %, 31113 MiB
2026/10/01 06:15:48.117, 2910 MHz, 13801 MHz, 0x0000000000000000, 407.40 W, 82 %, 31113 MiB
2026/10/01 06:15:48.629, 2910 MHz, 13801 MHz, 0x0000000000000000, 409.86 W, 78 %, 31113 MiB
2026/10/01 06:15:49.145, 2910 MHz, 13801 MHz, 0x0000000000000000, 410.12 W, 78 %, 31113 MiB
2026/10/01 06:15:49.658, 2910 MHz, 13801 MHz, 0x0000000000000000, 409.81 W, 81 %, 31113 MiB
2026/10/01 06:15:50.170, 2910 MHz, 13801 MHz, 0x0000000000000000, 413.04 W, 77 %, 31113 MiB
2026/10/01 06:15:50.672, 2910 MHz, 13801 MHz, 0x0000000000000000, 414.98 W, 81 %, 31113 MiB
2026/10/01 06:15:51.185, 2925 MHz, 13801 MHz, 0x0000000000000000, 282.14 W, 0 %, 31118 MiB
2026/10/01 06:15:51.701, 2925 MHz, 13801 MHz, 0x0000000000000000, 122.71 W, 0 %, 31118 MiB
2026/10/01 06:15:52.216, 2925 MHz, 13801 MHz, 0x0000000000000000, 94.98 W, 0 %, 31113 MiB
2026/10/01 06:15:52.718, 2460 MHz, 13801 MHz, 0x0000000000000000, 85.12 W, 0 %, 31113 MiB
2026/10/01 06:15:53.233, 682 MHz, 13801 MHz, 0x0000000000000000, 59.27 W, 0 %, 31113 MiB
2026/10/01 06:15:53.733, 540 MHz, 810 MHz, 0x0000000000000000, 36.58 W, 0 %, 31113 MiB
2026/10/01 06:15:54.236, 435 MHz, 810 MHz, 0x0000000000000000, 25.33 W, 0 %, 31113 MiB
2026/10/01 06:15:54.749, 315 MHz, 810 MHz, 0x0000000000000000, 17.45 W, 0 %, 31113 MiB
2026/10/01 06:15:55.264, 270 MHz, 810 MHz, 0x0000000000000000, 16.41 W, 0 %, 31113 MiB
2026/10/01 06:15:55.768, 180 MHz, 405 MHz, 0x0000000000000000, 12.37 W, 0 %, 31113 MiB
2026/10/01 06:15:56.281, 180 MHz, 405 MHz, 0x0000000000000000, 12.37 W, 0 %, 31113 MiB
2026/10/01 06:15:56.785, 180 MHz, 405 MHz, 0x0000000000000000, 12.02 W, 0 %, 31113 MiB
2026/10/01 06:15:57.300, 180 MHz, 405 MHz, 0x0000000000000000, 12.02 W, 0 %, 31113 MiB
2026/10/01 06:15:57.800, 180 MHz, 405 MHz, 0x0000000000000000, 11.41 W, 0 %, 31113 MiB
2026/10/01 06:15:58.314, 180 MHz, 405 MHz, 0x0000000000000000, 11.41 W, 0 %, 31113 MiB
2026/10/01 06:15:58.814, 180 MHz, 405 MHz, 0x0000000000000000, 11.82 W, 0 %, 31113 MiB
2026/10/01 06:15:59.316, 180 MHz, 405 MHz, 0x0000000000000000, 11.82 W, 0 %, 31113 MiB
2026/10/01 06:15:59.817, 180 MHz, 405 MHz, 0x0000000000000000, 11.73 W, 0 %, 31113 MiB
2026/10/01 06:16:00.329, 180 MHz, 405 MHz, 0x0000000000000000, 11.73 W, 0 %, 31113 MiB
2026/10/01 06:16:00.843, 180 MHz, 405 MHz, 0x0000000000000000, 11.51 W, 0 %, 31113 MiB
2026/10/01 06:16:01.357, 180 MHz, 405 MHz, 0x0000000000000000, 11.51 W, 0 %, 31113 MiB
2026/10/01 06:16:01.860, 180 MHz, 405 MHz, 0x0000000000000000, 11.45 W, 0 %, 31113 MiB
2026/10/01 06:16:02.362, 180 MHz, 405 MHz, 0x0000000000000000, 12.43 W, 84 %, 31113 MiB
2026/10/01 06:16:02.875, 2895 MHz, 13801 MHz, 0x0000000000000004, 156.72 W, 100 %, 31113 MiB
2026/10/01 06:16:03.386, 2797 MHz, 13801 MHz, 0x0000000000000000, 457.79 W, 87 %, 31113 MiB
2026/10/01 06:16:03.897, 2910 MHz, 13801 MHz, 0x0000000000000000, 506.18 W, 87 %, 31113 MiB
2026/10/01 06:16:04.402, 2910 MHz, 13801 MHz, 0x0000000000000000, 448.75 W, 86 %, 31113 MiB
2026/10/01 06:16:04.909, 2910 MHz, 13801 MHz, 0x0000000000000000, 447.97 W, 86 %, 31113 MiB
2026/10/01 06:16:05.417, 2910 MHz, 13801 MHz, 0x0000000000000000, 449.43 W, 87 %, 31113 MiB
2026/10/01 06:16:05.926, 2910 MHz, 13801 MHz, 0x0000000000000000, 450.98 W, 87 %, 31113 MiB
2026/10/01 06:16:06.432, 2910 MHz, 13801 MHz, 0x0000000000000000, 452.45 W, 87 %, 31113 MiB
2026/10/01 06:16:06.938, 2902 MHz, 13801 MHz, 0x0000000000000000, 452.73 W, 87 %, 31113 MiB
2026/10/01 06:16:07.445, 2902 MHz, 13801 MHz, 0x0000000000000000, 445.92 W, 86 %, 31113 MiB
2026/10/01 06:16:07.956, 2902 MHz, 13801 MHz, 0x0000000000000000, 432.79 W, 85 %, 31113 MiB
2026/10/01 06:16:08.465, 2910 MHz, 13801 MHz, 0x0000000000000000, 407.73 W, 83 %, 31113 MiB
2026/10/01 06:16:08.975, 2910 MHz, 13801 MHz, 0x0000000000000000, 392.27 W, 83 %, 31113 MiB
2026/10/01 06:16:09.488, 2820 MHz, 13801 MHz, 0x0000000000000004, 468.11 W, 94 %, 31113 MiB
2026/10/01 06:16:09.997, 2880 MHz, 13801 MHz, 0x0000000000000000, 530.37 W, 87 %, 31113 MiB
2026/10/01 06:16:10.505, 2910 MHz, 13801 MHz, 0x0000000000000000, 487.93 W, 87 %, 31113 MiB
2026/10/01 06:16:11.016, 2910 MHz, 13801 MHz, 0x0000000000000000, 453.49 W, 86 %, 31113 MiB
2026/10/01 06:16:11.525, 2910 MHz, 13801 MHz, 0x0000000000000000, 451.56 W, 86 %, 31113 MiB
2026/10/01 06:16:12.034, 2910 MHz, 13801 MHz, 0x0000000000000000, 449.03 W, 86 %, 31113 MiB
2026/10/01 06:16:12.544, 2902 MHz, 13801 MHz, 0x0000000000000000, 453.14 W, 83 %, 31118 MiB
2026/10/01 06:16:13.054, 2902 MHz, 13801 MHz, 0x0000000000000000, 462.12 W, 85 %, 31118 MiB
2026/10/01 06:16:13.562, 2895 MHz, 13801 MHz, 0x0000000000000000, 475.55 W, 88 %, 31113 MiB
2026/10/01 06:16:14.072, 2887 MHz, 13801 MHz, 0x0000000000000000, 478.94 W, 87 %, 31113 MiB
2026/10/01 06:16:14.581, 2887 MHz, 13801 MHz, 0x0000000000000000, 470.99 W, 85 %, 31113 MiB
2026/10/01 06:16:15.093, 2880 MHz, 13801 MHz, 0x0000000000000004, 488.63 W, 88 %, 31113 MiB
2026/10/01 06:16:15.602, 2895 MHz, 13801 MHz, 0x0000000000000004, 488.58 W, 85 %, 31113 MiB
2026/10/01 06:16:16.111, 2880 MHz, 13801 MHz, 0x0000000000000000, 481.54 W, 88 %, 31113 MiB
2026/10/01 06:16:16.620, 2887 MHz, 13801 MHz, 0x0000000000000000, 481.73 W, 88 %, 31113 MiB
2026/10/01 06:16:17.129, 2895 MHz, 13801 MHz, 0x0000000000000000, 476.40 W, 86 %, 31113 MiB
2026/10/01 06:16:17.640, 2895 MHz, 13801 MHz, 0x0000000000000000, 475.50 W, 86 %, 31113 MiB
2026/10/01 06:16:18.153, 2887 MHz, 13801 MHz, 0x0000000000000000, 478.42 W, 87 %, 31113 MiB
2026/10/01 06:16:18.665, 2887 MHz, 13801 MHz, 0x0000000000000000, 477.25 W, 78 %, 31113 MiB
2026/10/01 06:16:19.176, 2895 MHz, 13801 MHz, 0x0000000000000000, 465.00 W, 86 %, 31113 MiB
2026/10/01 06:16:19.684, 2895 MHz, 13801 MHz, 0x0000000000000004, 461.54 W, 83 %, 31113 MiB
2026/10/01 06:16:20.194, 2895 MHz, 13801 MHz, 0x0000000000000000, 472.76 W, 85 %, 31113 MiB
2026/10/01 06:16:20.703, 2887 MHz, 13801 MHz, 0x0000000000000000, 478.64 W, 81 %, 31113 MiB
2026/10/01 06:16:21.214, 2880 MHz, 13801 MHz, 0x0000000000000000, 484.83 W, 86 %, 31113 MiB
2026/10/01 06:16:21.721, 2895 MHz, 13801 MHz, 0x0000000000000000, 476.92 W, 89 %, 31113 MiB
2026/10/01 06:16:22.229, 2872 MHz, 13801 MHz, 0x0000000000000000, 476.70 W, 88 %, 31113 MiB
2026/10/01 06:16:22.739, 2880 MHz, 13801 MHz, 0x0000000000000000, 483.07 W, 84 %, 31113 MiB
2026/10/01 06:16:23.251, 2895 MHz, 13801 MHz, 0x0000000000000004, 481.49 W, 87 %, 31113 MiB
2026/10/01 06:16:23.761, 2895 MHz, 13801 MHz, 0x0000000000000000, 478.79 W, 87 %, 31113 MiB
2026/10/01 06:16:24.273, 2880 MHz, 13801 MHz, 0x0000000000000000, 477.82 W, 86 %, 31113 MiB
2026/10/01 06:16:24.783, 2895 MHz, 13801 MHz, 0x0000000000000000, 478.04 W, 87 %, 31113 MiB
2026/10/01 06:16:25.293, 2887 MHz, 13801 MHz, 0x0000000000000000, 473.76 W, 86 %, 31113 MiB
2026/10/01 06:16:25.801, 2887 MHz, 13801 MHz, 0x0000000000000000, 469.41 W, 87 %, 31113 MiB
2026/10/01 06:16:26.311, 2887 MHz, 13801 MHz, 0x0000000000000004, 476.82 W, 82 %, 31113 MiB
2026/10/01 06:16:26.819, 2887 MHz, 13801 MHz, 0x0000000000000004, 488.17 W, 88 %, 31113 MiB
2026/10/01 06:16:27.327, 2895 MHz, 13801 MHz, 0x0000000000000000, 481.41 W, 87 %, 31113 MiB
2026/10/01 06:16:27.835, 2887 MHz, 13801 MHz, 0x0000000000000004, 478.36 W, 86 %, 31113 MiB
2026/10/01 06:16:28.346, 2887 MHz, 13801 MHz, 0x0000000000000004, 482.39 W, 88 %, 31113 MiB
2026/10/01 06:16:28.857, 2895 MHz, 13801 MHz, 0x0000000000000000, 482.94 W, 87 %, 31113 MiB
2026/10/01 06:16:29.369, 2887 MHz, 13801 MHz, 0x0000000000000000, 482.01 W, 87 %, 31113 MiB
2026/10/01 06:16:29.877, 2880 MHz, 13801 MHz, 0x0000000000000000, 478.13 W, 85 %, 31113 MiB
2026/10/01 06:16:30.386, 2895 MHz, 13801 MHz, 0x0000000000000000, 478.56 W, 87 %, 31113 MiB
2026/10/01 06:16:30.894, 2887 MHz, 13801 MHz, 0x0000000000000004, 488.44 W, 89 %, 31113 MiB
2026/10/01 06:16:31.404, 2895 MHz, 13801 MHz, 0x0000000000000000, 489.28 W, 90 %, 31113 MiB
2026/10/01 06:16:31.913, 2887 MHz, 13801 MHz, 0x0000000000000000, 477.92 W, 82 %, 31113 MiB
2026/10/01 06:16:32.421, 2887 MHz, 13801 MHz, 0x0000000000000000, 467.12 W, 81 %, 31113 MiB
2026/10/01 06:16:32.930, 2887 MHz, 13801 MHz, 0x0000000000000000, 455.93 W, 82 %, 31113 MiB
2026/10/01 06:16:33.442, 2887 MHz, 13801 MHz, 0x0000000000000000, 453.16 W, 85 %, 31118 MiB
2026/10/01 06:16:33.950, 2887 MHz, 13801 MHz, 0x0000000000000000, 462.85 W, 88 %, 31118 MiB
2026/10/01 06:16:34.458, 2895 MHz, 13801 MHz, 0x0000000000000004, 461.56 W, 82 %, 31113 MiB
2026/10/01 06:16:34.958, 2887 MHz, 13801 MHz, 0x0000000000000000, 472.84 W, 88 %, 31113 MiB
2026/10/01 06:16:35.468, 2895 MHz, 13801 MHz, 0x0000000000000000, 482.90 W, 86 %, 31113 MiB
2026/10/01 06:16:35.979, 2887 MHz, 13801 MHz, 0x0000000000000000, 481.78 W, 89 %, 31113 MiB
2026/10/01 06:16:36.488, 2887 MHz, 13801 MHz, 0x0000000000000004, 482.63 W, 86 %, 31113 MiB
2026/10/01 06:16:36.998, 2887 MHz, 13801 MHz, 0x0000000000000000, 489.56 W, 84 %, 31113 MiB
2026/10/01 06:16:37.510, 2887 MHz, 13801 MHz, 0x0000000000000000, 485.85 W, 90 %, 31113 MiB
2026/10/01 06:16:38.020, 2887 MHz, 13801 MHz, 0x0000000000000000, 482.57 W, 86 %, 31113 MiB
2026/10/01 06:16:38.531, 2895 MHz, 13801 MHz, 0x0000000000000004, 480.94 W, 81 %, 31113 MiB
2026/10/01 06:16:39.041, 2895 MHz, 13801 MHz, 0x0000000000000004, 479.57 W, 85 %, 31113 MiB
2026/10/01 06:16:39.549, 2895 MHz, 13801 MHz, 0x0000000000000000, 472.36 W, 83 %, 31113 MiB
2026/10/01 06:16:40.056, 2880 MHz, 13801 MHz, 0x0000000000000000, 479.85 W, 90 %, 31113 MiB
2026/10/01 06:16:40.569, 2895 MHz, 13801 MHz, 0x0000000000000000, 479.00 W, 87 %, 31113 MiB
2026/10/01 06:16:41.079, 2880 MHz, 13801 MHz, 0x0000000000000004, 477.11 W, 87 %, 31113 MiB
2026/10/01 06:16:41.585, 2872 MHz, 13801 MHz, 0x0000000000000000, 493.38 W, 90 %, 31113 MiB
2026/10/01 06:16:42.098, 2887 MHz, 13801 MHz, 0x0000000000000000, 491.53 W, 85 %, 31113 MiB
2026/10/01 06:16:42.611, 2887 MHz, 13801 MHz, 0x0000000000000004, 481.97 W, 86 %, 31113 MiB
2026/10/01 06:16:43.123, 2887 MHz, 13801 MHz, 0x0000000000000000, 487.31 W, 85 %, 31113 MiB
2026/10/01 06:16:43.630, 2880 MHz, 13801 MHz, 0x0000000000000000, 485.06 W, 86 %, 31113 MiB
2026/10/01 06:16:44.140, 2887 MHz, 13801 MHz, 0x0000000000000000, 477.41 W, 81 %, 31113 MiB
2026/10/01 06:16:44.649, 2880 MHz, 13801 MHz, 0x0000000000000004, 474.10 W, 84 %, 31113 MiB
2026/10/01 06:16:45.157, 2887 MHz, 13801 MHz, 0x0000000000000000, 471.90 W, 86 %, 31113 MiB
2026/10/01 06:16:45.668, 2887 MHz, 13801 MHz, 0x0000000000000000, 483.98 W, 80 %, 31113 MiB
2026/10/01 06:16:46.180, 2887 MHz, 13801 MHz, 0x0000000000000000, 483.99 W, 88 %, 31113 MiB
2026/10/01 06:16:46.692, 2887 MHz, 13801 MHz, 0x0000000000000000, 480.48 W, 86 %, 31113 MiB
2026/10/01 06:16:47.203, 2880 MHz, 13801 MHz, 0x0000000000000000, 480.99 W, 87 %, 31113 MiB
2026/10/01 06:16:47.712, 2887 MHz, 13801 MHz, 0x0000000000000000, 479.85 W, 88 %, 31113 MiB
2026/10/01 06:16:48.223, 2887 MHz, 13801 MHz, 0x0000000000000000, 479.69 W, 86 %, 31113 MiB
2026/10/01 06:16:48.736, 2895 MHz, 13801 MHz, 0x0000000000000004, 476.79 W, 85 %, 31113 MiB
2026/10/01 06:16:49.249, 2895 MHz, 13801 MHz, 0x0000000000000004, 473.64 W, 86 %, 31113 MiB
2026/10/01 06:16:49.760, 2880 MHz, 13801 MHz, 0x0000000000000000, 477.47 W, 86 %, 31113 MiB
2026/10/01 06:16:50.267, 2887 MHz, 13801 MHz, 0x0000000000000000, 484.49 W, 87 %, 31113 MiB
2026/10/01 06:16:50.778, 2895 MHz, 13801 MHz, 0x0000000000000000, 487.78 W, 87 %, 31113 MiB
2026/10/01 06:16:51.286, 2887 MHz, 13801 MHz, 0x0000000000000004, 488.89 W, 83 %, 31113 MiB
2026/10/01 06:16:51.797, 2895 MHz, 13801 MHz, 0x0000000000000004, 487.07 W, 85 %, 31113 MiB
2026/10/01 06:16:52.308, 2895 MHz, 13801 MHz, 0x0000000000000000, 478.95 W, 86 %, 31113 MiB
2026/10/01 06:16:52.820, 2895 MHz, 13801 MHz, 0x0000000000000000, 480.49 W, 85 %, 31113 MiB
2026/10/01 06:16:53.328, 2895 MHz, 13801 MHz, 0x0000000000000000, 480.68 W, 85 %, 31113 MiB
2026/10/01 06:16:53.839, 2895 MHz, 13801 MHz, 0x0000000000000000, 470.31 W, 85 %, 31113 MiB
2026/10/01 06:16:54.349, 2880 MHz, 13801 MHz, 0x0000000000000000, 470.50 W, 83 %, 31113 MiB
2026/10/01 06:16:54.857, 2895 MHz, 13801 MHz, 0x0000000000000000, 466.60 W, 85 %, 31115 MiB
2026/10/01 06:16:55.368, 2880 MHz, 13801 MHz, 0x0000000000000004, 466.12 W, 86 %, 31115 MiB
2026/10/01 06:16:55.880, 2865 MHz, 13801 MHz, 0x0000000000000000, 488.96 W, 85 %, 31113 MiB
2026/10/01 06:16:56.388, 2895 MHz, 13801 MHz, 0x0000000000000000, 484.22 W, 81 %, 31113 MiB
2026/10/01 06:16:56.898, 2887 MHz, 13801 MHz, 0x0000000000000000, 473.17 W, 87 %, 31113 MiB
2026/10/01 06:16:57.408, 2880 MHz, 13801 MHz, 0x0000000000000004, 483.54 W, 87 %, 31113 MiB
2026/10/01 06:16:57.919, 2887 MHz, 13801 MHz, 0x0000000000000000, 485.75 W, 90 %, 31113 MiB
2026/10/01 06:16:58.429, 2895 MHz, 13801 MHz, 0x0000000000000000, 480.64 W, 84 %, 31113 MiB
2026/10/01 06:16:58.940, 2887 MHz, 13801 MHz, 0x0000000000000004, 484.45 W, 85 %, 31113 MiB
2026/10/01 06:16:59.448, 2887 MHz, 13801 MHz, 0x0000000000000000, 481.71 W, 85 %, 31113 MiB
2026/10/01 06:16:59.959, 2887 MHz, 13801 MHz, 0x0000000000000000, 479.95 W, 90 %, 31113 MiB
2026/10/01 06:17:00.469, 2872 MHz, 13801 MHz, 0x0000000000000000, 489.13 W, 86 %, 31113 MiB
2026/10/01 06:17:00.978, 2887 MHz, 13801 MHz, 0x0000000000000000, 491.40 W, 86 %, 31113 MiB
2026/10/01 06:17:01.490, 2887 MHz, 13801 MHz, 0x0000000000000000, 483.67 W, 84 %, 31113 MiB
2026/10/01 06:17:02.000, 2887 MHz, 13801 MHz, 0x0000000000000000, 484.62 W, 84 %, 31113 MiB
2026/10/01 06:17:02.509, 2895 MHz, 13801 MHz, 0x0000000000000004, 485.46 W, 83 %, 31113 MiB
2026/10/01 06:17:03.019, 2895 MHz, 13801 MHz, 0x0000000000000004, 482.65 W, 87 %, 31113 MiB
2026/10/01 06:17:03.531, 2895 MHz, 13801 MHz, 0x0000000000000004, 478.27 W, 86 %, 31113 MiB
2026/10/01 06:17:04.039, 2880 MHz, 13801 MHz, 0x0000000000000000, 479.51 W, 87 %, 31113 MiB
2026/10/01 06:17:04.548, 2880 MHz, 13801 MHz, 0x0000000000000000, 483.86 W, 87 %, 31113 MiB
2026/10/01 06:17:05.057, 2887 MHz, 13801 MHz, 0x0000000000000000, 486.28 W, 90 %, 31113 MiB
2026/10/01 06:17:05.566, 2887 MHz, 13801 MHz, 0x0000000000000000, 482.78 W, 88 %, 31113 MiB
2026/10/01 06:17:06.079, 2880 MHz, 13801 MHz, 0x0000000000000000, 496.31 W, 87 %, 31113 MiB
2026/10/01 06:17:06.591, 2887 MHz, 13801 MHz, 0x0000000000000000, 489.17 W, 88 %, 31113 MiB
2026/10/01 06:17:07.103, 2887 MHz, 13801 MHz, 0x0000000000000000, 483.73 W, 86 %, 31113 MiB
2026/10/01 06:17:07.611, 2887 MHz, 13801 MHz, 0x0000000000000000, 485.42 W, 89 %, 31113 MiB
2026/10/01 06:17:08.122, 2887 MHz, 13801 MHz, 0x0000000000000004, 481.39 W, 83 %, 31113 MiB
2026/10/01 06:17:08.635, 2895 MHz, 13801 MHz, 0x0000000000000000, 475.56 W, 87 %, 31113 MiB
2026/10/01 06:17:09.148, 2880 MHz, 13801 MHz, 0x0000000000000004, 487.64 W, 83 %, 31113 MiB
2026/10/01 06:17:09.649, 2917 MHz, 13801 MHz, 0x0000000000000000, 325.71 W, 0 %, 31113 MiB
2026/10/01 06:17:10.164, 2925 MHz, 13801 MHz, 0x0000000000000000, 162.35 W, 0 %, 31113 MiB
2026/10/01 06:17:10.678, 2925 MHz, 13801 MHz, 0x0000000000000000, 101.59 W, 0 %, 31113 MiB
2026/10/01 06:17:11.192, 2925 MHz, 13801 MHz, 0x0000000000000000, 96.76 W, 0 %, 31113 MiB
2026/10/01 06:17:11.707, 517 MHz, 7001 MHz, 0x0000000000000000, 66.25 W, 0 %, 31113 MiB
2026/10/01 06:17:12.209, 420 MHz, 7001 MHz, 0x0000000000000000, 40.79 W, 0 %, 31113 MiB
2026/10/01 06:17:12.724, 420 MHz, 7001 MHz, 0x0000000000000000, 39.31 W, 0 %, 31113 MiB
2026/10/01 06:17:13.238, 420 MHz, 7001 MHz, 0x0000000000000000, 39.31 W, 0 %, 31113 MiB
2026/10/01 06:17:13.753, 262 MHz, 7001 MHz, 0x0000000000000000, 37.76 W, 0 %, 31113 MiB
2026/10/01 06:17:14.263, 262 MHz, 7001 MHz, 0x0000000000000000, 37.76 W, 0 %, 31113 MiB
2026/10/01 06:17:14.774, 180 MHz, 7001 MHz, 0x0000000000000000, 37.60 W, 0 %, 31113 MiB
2026/10/01 06:17:15.287, 180 MHz, 7001 MHz, 0x0000000000000000, 37.61 W, 0 %, 31113 MiB
2026/10/01 06:17:15.799, 210 MHz, 810 MHz, 0x0000000000000000, 37.39 W, 0 %, 31115 MiB
2026/10/01 06:17:16.313, 180 MHz, 810 MHz, 0x0000000000000000, 31.82 W, 0 %, 31115 MiB
2026/10/01 06:17:16.827, 180 MHz, 810 MHz, 0x0000000000000000, 23.52 W, 0 %, 31113 MiB
2026/10/01 06:17:17.336, 180 MHz, 810 MHz, 0x0000000000000000, 20.75 W, 0 %, 31113 MiB
2026/10/01 06:17:17.850, 180 MHz, 810 MHz, 0x0000000000000000, 20.53 W, 0 %, 31113 MiB
2026/10/01 06:17:18.362, 210 MHz, 405 MHz, 0x0000000000000000, 15.44 W, 0 %, 31113 MiB
2026/10/01 06:17:18.877, 180 MHz, 405 MHz, 0x0000000000000000, 15.74 W, 0 %, 31113 MiB
2026/10/01 06:17:19.388, 180 MHz, 405 MHz, 0x0000000000000000, 16.05 W, 0 %, 31113 MiB
2026/10/01 06:17:19.902, 180 MHz, 405 MHz, 0x0000000000000000, 16.05 W, 0 %, 31113 MiB
2026/10/01 06:17:20.417, 180 MHz, 405 MHz, 0x0000000000000000, 13.66 W, 0 %, 31113 MiB
2026/10/01 06:17:20.932, 180 MHz, 405 MHz, 0x0000000000000000, 13.66 W, 0 %, 31113 MiB
2026/10/01 06:17:21.447, 180 MHz, 405 MHz, 0x0000000000000000, 13.29 W, 0 %, 31113 MiB
2026/10/01 06:17:21.960, 180 MHz, 405 MHz, 0x0000000000000000, 13.29 W, 0 %, 31113 MiB
2026/10/01 06:17:22.462, 180 MHz, 405 MHz, 0x0000000000000000, 12.92 W, 0 %, 31113 MiB
2026/10/01 06:17:22.977, 180 MHz, 405 MHz, 0x0000000000000000, 12.92 W, 0 %, 31113 MiB
2026/10/01 06:17:23.491, 180 MHz, 405 MHz, 0x0000000000000000, 12.94 W, 0 %, 31113 MiB
2026/10/01 06:17:23.992, 180 MHz, 405 MHz, 0x0000000000000000, 12.94 W, 0 %, 31113 MiB
2026/10/01 06:17:24.507, 180 MHz, 405 MHz, 0x0000000000000000, 12.64 W, 0 %, 31113 MiB
2026/10/01 06:17:25.019, 180 MHz, 405 MHz, 0x0000000000000000, 12.64 W, 0 %, 31113 MiB
2026/10/01 06:17:25.521, 1642 MHz, 13801 MHz, 0x0000000000000000, 37.39 W, 97 %, 31113 MiB
2026/10/01 06:17:26.022, 2910 MHz, 13801 MHz, 0x0000000000000000, 141.61 W, 83 %, 31113 MiB
2026/10/01 06:17:26.534, 2910 MHz, 13801 MHz, 0x0000000000000000, 414.28 W, 83 %, 31113 MiB
2026/10/01 06:17:27.035, 2910 MHz, 13801 MHz, 0x0000000000000000, 419.73 W, 84 %, 31113 MiB
2026/10/01 06:17:27.550, 2910 MHz, 13801 MHz, 0x0000000000000000, 423.15 W, 83 %, 31113 MiB
2026/10/01 06:17:28.053, 2910 MHz, 13801 MHz, 0x0000000000000000, 423.17 W, 82 %, 31113 MiB
2026/10/01 06:17:28.555, 2910 MHz, 13801 MHz, 0x0000000000000000, 424.64 W, 85 %, 31113 MiB
2026/10/01 06:17:29.070, 2910 MHz, 13801 MHz, 0x0000000000000000, 426.14 W, 83 %, 31113 MiB
2026/10/01 06:17:29.573, 2910 MHz, 13801 MHz, 0x0000000000000000, 426.79 W, 85 %, 31113 MiB
2026/10/01 06:17:30.074, 2910 MHz, 13801 MHz, 0x0000000000000000, 425.93 W, 83 %, 31113 MiB
2026/10/01 06:17:30.589, 2910 MHz, 13801 MHz, 0x0000000000000000, 425.00 W, 84 %, 31113 MiB
2026/10/01 06:17:31.104, 2910 MHz, 13801 MHz, 0x0000000000000000, 409.81 W, 77 %, 31113 MiB
2026/10/01 06:17:31.616, 2910 MHz, 13801 MHz, 0x0000000000000000, 406.46 W, 80 %, 31113 MiB
2026/10/01 06:17:32.131, 2910 MHz, 13801 MHz, 0x0000000000000000, 411.97 W, 83 %, 31113 MiB
2026/10/01 06:17:32.647, 2910 MHz, 13801 MHz, 0x0000000000000000, 416.19 W, 81 %, 31113 MiB
2026/10/01 06:17:33.161, 2910 MHz, 13801 MHz, 0x0000000000000000, 418.86 W, 84 %, 31113 MiB
2026/10/01 06:17:33.677, 2910 MHz, 13801 MHz, 0x0000000000000000, 417.81 W, 83 %, 31113 MiB
2026/10/01 06:17:34.191, 2910 MHz, 13801 MHz, 0x0000000000000000, 415.41 W, 80 %, 31113 MiB
2026/10/01 06:17:34.704, 2910 MHz, 13801 MHz, 0x0000000000000000, 415.20 W, 78 %, 31113 MiB
2026/10/01 06:17:35.206, 2910 MHz, 13801 MHz, 0x0000000000000000, 414.63 W, 83 %, 31113 MiB
2026/10/01 06:17:35.719, 2910 MHz, 13801 MHz, 0x0000000000000000, 418.94 W, 79 %, 31113 MiB
2026/10/01 06:17:36.231, 2910 MHz, 13801 MHz, 0x0000000000000000, 416.28 W, 73 %, 31113 MiB
2026/10/01 06:17:47.262, 172 MHz, 405 MHz, 0x0000000000000000, 11.74 W, 0 %, 31113 MiB
2026/10/01 06:17:47.778, 180 MHz, 405 MHz, 0x0000000000000000, 12.24 W, 81 %, 31113 MiB
2026/10/01 06:17:48.292, 2910 MHz, 13801 MHz, 0x0000000000000000, 352.24 W, 82 %, 31113 MiB
2026/10/01 06:17:48.795, 2910 MHz, 13801 MHz, 0x0000000000000000, 412.76 W, 85 %, 31113 MiB
2026/10/01 06:17:49.310, 2910 MHz, 13801 MHz, 0x0000000000000000, 408.86 W, 79 %, 31113 MiB
2026/10/01 06:17:49.812, 2910 MHz, 13801 MHz, 0x0000000000000000, 412.71 W, 83 %, 31113 MiB
2026/10/01 06:17:50.325, 2910 MHz, 13801 MHz, 0x0000000000000000, 420.00 W, 84 %, 31113 MiB
2026/10/01 06:17:50.839, 2910 MHz, 13801 MHz, 0x0000000000000000, 417.14 W, 85 %, 31113 MiB
2026/10/01 06:17:51.354, 2910 MHz, 13801 MHz, 0x0000000000000000, 408.60 W, 85 %, 31113 MiB
2026/10/01 06:17:51.857, 2910 MHz, 13801 MHz, 0x0000000000000000, 406.64 W, 84 %, 31113 MiB
2026/10/01 06:17:52.360, 2910 MHz, 13801 MHz, 0x0000000000000000, 410.84 W, 84 %, 31113 MiB
2026/10/01 06:17:52.874, 2910 MHz, 13801 MHz, 0x0000000000000000, 418.09 W, 78 %, 31113 MiB
2026/10/01 06:17:53.387, 2910 MHz, 13801 MHz, 0x0000000000000000, 412.99 W, 85 %, 31113 MiB
2026/10/01 06:17:53.888, 2910 MHz, 13801 MHz, 0x0000000000000000, 413.25 W, 83 %, 31113 MiB
2026/10/01 06:17:54.389, 2910 MHz, 13801 MHz, 0x0000000000000000, 422.55 W, 82 %, 31113 MiB
2026/10/01 06:17:54.903, 2910 MHz, 13801 MHz, 0x0000000000000000, 419.95 W, 78 %, 31113 MiB
2026/10/01 06:17:55.419, 2910 MHz, 13801 MHz, 0x0000000000000000, 416.64 W, 83 %, 31113 MiB
2026/10/01 06:17:55.934, 2910 MHz, 13801 MHz, 0x0000000000000000, 418.75 W, 81 %, 31113 MiB
2026/10/01 06:17:56.444, 2910 MHz, 13801 MHz, 0x0000000000000000, 422.51 W, 84 %, 31113 MiB
2026/10/01 06:17:56.945, 2910 MHz, 13801 MHz, 0x0000000000000000, 423.20 W, 80 %, 31113 MiB
2026/10/01 06:17:57.447, 2910 MHz, 13801 MHz, 0x0000000000000000, 421.29 W, 85 %, 31113 MiB
2026/10/01 06:17:57.960, 2910 MHz, 13801 MHz, 0x0000000000000000, 419.38 W, 82 %, 31118 MiB
2026/10/01 06:17:58.462, 2910 MHz, 13801 MHz, 0x0000000000000000, 420.31 W, 79 %, 31113 MiB
2026/10/01 06:17:58.974, 2917 MHz, 13801 MHz, 0x0000000000000000, 303.13 W, 0 %, 31113 MiB
2026/10/01 06:17:59.475, 2925 MHz, 13801 MHz, 0x0000000000000000, 140.24 W, 0 %, 31113 MiB
2026/10/01 06:17:59.975, 2925 MHz, 13801 MHz, 0x0000000000000000, 94.73 W, 0 %, 31113 MiB
2026/10/01 06:18:00.477, 2925 MHz, 13801 MHz, 0x0000000000000000, 94.45 W, 0 %, 31113 MiB
2026/10/01 06:18:00.989, 555 MHz, 7001 MHz, 0x0000000000000000, 68.22 W, 0 %, 31113 MiB
2026/10/01 06:18:01.503, 435 MHz, 7001 MHz, 0x0000000000000000, 44.14 W, 0 %, 31113 MiB
2026/10/01 06:18:02.017, 345 MHz, 7001 MHz, 0x0000000000000000, 36.69 W, 0 %, 31113 MiB
2026/10/01 06:18:02.531, 300 MHz, 7001 MHz, 0x0000000000000000, 36.09 W, 0 %, 31113 MiB
2026/10/01 06:18:03.032, 217 MHz, 7001 MHz, 0x0000000000000000, 35.94 W, 0 %, 31113 MiB
2026/10/01 06:18:03.546, 195 MHz, 7001 MHz, 0x0000000000000000, 35.93 W, 0 %, 31113 MiB
2026/10/01 06:18:04.048, 195 MHz, 7001 MHz, 0x0000000000000000, 35.93 W, 0 %, 31113 MiB
2026/10/01 06:18:04.562, 187 MHz, 810 MHz, 0x0000000000000000, 32.83 W, 0 %, 31113 MiB
2026/10/01 06:18:05.076, 187 MHz, 810 MHz, 0x0000000000000000, 32.83 W, 0 %, 31113 MiB
2026/10/01 06:18:05.590, 180 MHz, 810 MHz, 0x0000000000000000, 14.71 W, 0 %, 31113 MiB
2026/10/01 06:18:06.092, 180 MHz, 810 MHz, 0x0000000000000000, 14.71 W, 0 %, 31113 MiB
2026/10/01 06:18:06.604, 180 MHz, 405 MHz, 0x0000000000000000, 13.44 W, 0 %, 31113 MiB
2026/10/01 06:18:07.119, 180 MHz, 405 MHz, 0x0000000000000000, 13.44 W, 0 %, 31113 MiB
2026/10/01 06:18:07.634, 180 MHz, 405 MHz, 0x0000000000000000, 11.81 W, 0 %, 31113 MiB
2026/10/01 06:18:08.135, 180 MHz, 405 MHz, 0x0000000000000000, 11.81 W, 0 %, 31113 MiB
2026/10/01 06:18:08.649, 180 MHz, 405 MHz, 0x0000000000000000, 11.71 W, 0 %, 31113 MiB
2026/10/01 06:18:09.159, 180 MHz, 405 MHz, 0x0000000000000000, 11.71 W, 0 %, 31113 MiB
2026/10/01 06:18:09.674, 180 MHz, 405 MHz, 0x0000000000000000, 11.76 W, 0 %, 31113 MiB
2026/10/01 06:18:10.189, 180 MHz, 405 MHz, 0x0000000000000000, 11.76 W, 0 %, 31113 MiB
2026/10/01 06:18:10.700, 180 MHz, 405 MHz, 0x0000000000000000, 11.63 W, 0 %, 31113 MiB
2026/10/01 06:18:11.214, 180 MHz, 405 MHz, 0x0000000000000000, 11.85 W, 13 %, 31113 MiB
2026/10/01 06:18:11.726, 2827 MHz, 13801 MHz, 0x0000000000000004, 180.25 W, 93 %, 31113 MiB
2026/10/01 06:18:12.240, 2805 MHz, 13801 MHz, 0x0000000000000004, 283.83 W, 92 %, 31113 MiB
2026/10/01 06:18:12.753, 2797 MHz, 13801 MHz, 0x0000000000000000, 563.37 W, 92 %, 31113 MiB
2026/10/01 06:18:13.266, 2902 MHz, 13801 MHz, 0x0000000000000004, 520.99 W, 89 %, 31113 MiB
2026/10/01 06:18:13.779, 2902 MHz, 13801 MHz, 0x0000000000000000, 480.95 W, 90 %, 31113 MiB
2026/10/01 06:18:14.291, 2902 MHz, 13801 MHz, 0x0000000000000000, 480.88 W, 90 %, 31113 MiB
2026/10/01 06:18:14.802, 2902 MHz, 13801 MHz, 0x0000000000000000, 483.58 W, 90 %, 31113 MiB
2026/10/01 06:18:15.310, 2902 MHz, 13801 MHz, 0x0000000000000004, 484.47 W, 90 %, 31113 MiB
2026/10/01 06:18:15.823, 2902 MHz, 13801 MHz, 0x0000000000000000, 484.75 W, 89 %, 31113 MiB
2026/10/01 06:18:16.336, 2902 MHz, 13801 MHz, 0x0000000000000000, 480.77 W, 90 %, 31113 MiB
2026/10/01 06:18:16.845, 2902 MHz, 13801 MHz, 0x0000000000000000, 472.18 W, 86 %, 31113 MiB
2026/10/01 06:18:17.352, 2902 MHz, 13801 MHz, 0x0000000000000000, 458.73 W, 86 %, 31113 MiB
2026/10/01 06:18:17.858, 2902 MHz, 13801 MHz, 0x0000000000000000, 437.95 W, 84 %, 31113 MiB
2026/10/01 06:18:18.370, 2910 MHz, 13801 MHz, 0x0000000000000000, 396.02 W, 29 %, 31113 MiB
2026/10/01 06:18:18.885, 2805 MHz, 13801 MHz, 0x0000000000000004, 467.22 W, 94 %, 31118 MiB
2026/10/01 06:18:19.386, 2790 MHz, 13801 MHz, 0x0000000000000004, 553.70 W, 100 %, 31113 MiB
2026/10/01 06:18:19.896, 2865 MHz, 13801 MHz, 0x0000000000000004, 547.27 W, 89 %, 31113 MiB
2026/10/01 06:18:20.406, 2895 MHz, 13801 MHz, 0x0000000000000000, 500.01 W, 90 %, 31113 MiB
2026/10/01 06:18:20.914, 2902 MHz, 13801 MHz, 0x0000000000000000, 483.50 W, 89 %, 31113 MiB
2026/10/01 06:18:21.424, 2895 MHz, 13801 MHz, 0x0000000000000004, 485.31 W, 88 %, 31113 MiB
2026/10/01 06:18:21.934, 2895 MHz, 13801 MHz, 0x0000000000000000, 487.01 W, 91 %, 31113 MiB
2026/10/01 06:18:22.443, 2895 MHz, 13801 MHz, 0x0000000000000000, 493.13 W, 91 %, 31113 MiB
2026/10/01 06:18:22.953, 2895 MHz, 13801 MHz, 0x0000000000000004, 489.04 W, 90 %, 31113 MiB
2026/10/01 06:18:23.460, 2880 MHz, 13801 MHz, 0x0000000000000000, 495.53 W, 87 %, 31113 MiB
2026/10/01 06:18:23.967, 2887 MHz, 13801 MHz, 0x0000000000000004, 503.59 W, 88 %, 31113 MiB
2026/10/01 06:18:24.479, 2887 MHz, 13801 MHz, 0x0000000000000004, 507.58 W, 89 %, 31113 MiB
2026/10/01 06:18:24.987, 2872 MHz, 13801 MHz, 0x0000000000000000, 505.45 W, 87 %, 31113 MiB
2026/10/01 06:18:25.493, 2872 MHz, 13801 MHz, 0x0000000000000000, 515.40 W, 87 %, 31113 MiB
2026/10/01 06:18:26.001, 2880 MHz, 13801 MHz, 0x0000000000000004, 515.89 W, 87 %, 31113 MiB
2026/10/01 06:18:26.507, 2872 MHz, 13801 MHz, 0x0000000000000000, 518.42 W, 88 %, 31113 MiB
2026/10/01 06:18:27.014, 2880 MHz, 13801 MHz, 0x0000000000000004, 517.51 W, 86 %, 31113 MiB
2026/10/01 06:18:27.522, 2872 MHz, 13801 MHz, 0x0000000000000004, 509.53 W, 89 %, 31113 MiB
2026/10/01 06:18:28.029, 2887 MHz, 13801 MHz, 0x0000000000000004, 506.57 W, 87 %, 31113 MiB
2026/10/01 06:18:28.536, 2887 MHz, 13801 MHz, 0x0000000000000000, 492.79 W, 92 %, 31113 MiB
2026/10/01 06:18:29.046, 2887 MHz, 13801 MHz, 0x0000000000000004, 496.54 W, 87 %, 31113 MiB
2026/10/01 06:18:29.557, 2887 MHz, 13801 MHz, 0x0000000000000000, 500.20 W, 88 %, 31113 MiB
2026/10/01 06:18:30.067, 2880 MHz, 13801 MHz, 0x0000000000000004, 512.30 W, 91 %, 31113 MiB
2026/10/01 06:18:30.578, 2880 MHz, 13801 MHz, 0x0000000000000000, 513.53 W, 88 %, 31113 MiB
2026/10/01 06:18:31.092, 2887 MHz, 13801 MHz, 0x0000000000000004, 508.76 W, 89 %, 31113 MiB
2026/10/01 06:18:31.604, 2880 MHz, 13801 MHz, 0x0000000000000004, 510.49 W, 87 %, 31113 MiB
2026/10/01 06:18:32.115, 2887 MHz, 13801 MHz, 0x0000000000000004, 504.68 W, 85 %, 31113 MiB
2026/10/01 06:18:32.625, 2865 MHz, 13801 MHz, 0x0000000000000004, 512.53 W, 90 %, 31113 MiB
2026/10/01 06:18:33.133, 2872 MHz, 13801 MHz, 0x0000000000000000, 521.04 W, 89 %, 31113 MiB
2026/10/01 06:18:33.644, 2872 MHz, 13801 MHz, 0x0000000000000004, 525.67 W, 88 %, 31113 MiB
2026/10/01 06:18:34.152, 2880 MHz, 13801 MHz, 0x0000000000000000, 517.35 W, 89 %, 31113 MiB
2026/10/01 06:18:34.663, 2887 MHz, 13801 MHz, 0x0000000000000000, 504.11 W, 85 %, 31113 MiB
2026/10/01 06:18:35.173, 2880 MHz, 13801 MHz, 0x0000000000000000, 502.66 W, 88 %, 31113 MiB
2026/10/01 06:18:35.685, 2887 MHz, 13801 MHz, 0x0000000000000000, 504.99 W, 89 %, 31113 MiB
2026/10/01 06:18:36.193, 2880 MHz, 13801 MHz, 0x0000000000000004, 506.03 W, 92 %, 31113 MiB
2026/10/01 06:18:36.704, 2887 MHz, 13801 MHz, 0x0000000000000004, 511.75 W, 93 %, 31113 MiB
2026/10/01 06:18:37.214, 2880 MHz, 13801 MHz, 0x0000000000000004, 520.75 W, 87 %, 31113 MiB
2026/10/01 06:18:37.727, 2880 MHz, 13801 MHz, 0x0000000000000004, 527.40 W, 92 %, 31113 MiB
2026/10/01 06:18:38.240, 2887 MHz, 13801 MHz, 0x0000000000000004, 517.55 W, 89 %, 31113 MiB
2026/10/01 06:18:38.753, 2880 MHz, 13801 MHz, 0x0000000000000000, 506.98 W, 88 %, 31113 MiB
2026/10/01 06:18:39.265, 2880 MHz, 13801 MHz, 0x0000000000000004, 506.10 W, 89 %, 31113 MiB
2026/10/01 06:18:39.778, 2880 MHz, 13801 MHz, 0x0000000000000000, 510.48 W, 86 %, 31118 MiB
2026/10/01 06:18:40.288, 2880 MHz, 13801 MHz, 0x0000000000000000, 501.40 W, 80 %, 31118 MiB
2026/10/01 06:18:40.798, 2880 MHz, 13801 MHz, 0x0000000000000000, 501.50 W, 89 %, 31113 MiB
2026/10/01 06:18:41.307, 2872 MHz, 13801 MHz, 0x0000000000000004, 505.86 W, 87 %, 31113 MiB
2026/10/01 06:18:41.819, 2872 MHz, 13801 MHz, 0x0000000000000004, 515.79 W, 90 %, 31113 MiB
2026/10/01 06:18:42.328, 2887 MHz, 13801 MHz, 0x0000000000000004, 520.02 W, 89 %, 31113 MiB
2026/10/01 06:18:42.838, 2865 MHz, 13801 MHz, 0x0000000000000000, 519.53 W, 85 %, 31113 MiB
2026/10/01 06:18:43.350, 2880 MHz, 13801 MHz, 0x0000000000000000, 518.55 W, 91 %, 31113 MiB
2026/10/01 06:18:43.863, 2865 MHz, 13801 MHz, 0x0000000000000004, 513.53 W, 73 %, 31113 MiB
2026/10/01 06:18:44.376, 2887 MHz, 13801 MHz, 0x0000000000000000, 497.85 W, 87 %, 31113 MiB
2026/10/01 06:18:44.888, 2880 MHz, 13801 MHz, 0x0000000000000004, 493.64 W, 90 %, 31113 MiB
2026/10/01 06:18:45.401, 2880 MHz, 13801 MHz, 0x0000000000000004, 505.79 W, 90 %, 31113 MiB
2026/10/01 06:18:45.911, 2887 MHz, 13801 MHz, 0x0000000000000000, 498.87 W, 87 %, 31113 MiB
2026/10/01 06:18:46.422, 2887 MHz, 13801 MHz, 0x0000000000000000, 503.06 W, 90 %, 31113 MiB
2026/10/01 06:18:46.934, 2865 MHz, 13801 MHz, 0x0000000000000004, 526.96 W, 91 %, 31113 MiB
2026/10/01 06:18:47.446, 2887 MHz, 13801 MHz, 0x0000000000000004, 525.14 W, 88 %, 31113 MiB
2026/10/01 06:18:47.957, 2880 MHz, 13801 MHz, 0x0000000000000004, 517.89 W, 89 %, 31113 MiB
2026/10/01 06:18:48.468, 2872 MHz, 13801 MHz, 0x0000000000000004, 514.41 W, 88 %, 31113 MiB
2026/10/01 06:18:48.978, 2887 MHz, 13801 MHz, 0x0000000000000004, 517.59 W, 88 %, 31113 MiB
2026/10/01 06:18:49.488, 2880 MHz, 13801 MHz, 0x0000000000000000, 515.69 W, 88 %, 31113 MiB
2026/10/01 06:18:50.000, 2880 MHz, 13801 MHz, 0x0000000000000000, 512.18 W, 90 %, 31113 MiB
2026/10/01 06:18:50.510, 2887 MHz, 13801 MHz, 0x0000000000000004, 508.91 W, 87 %, 31113 MiB
2026/10/01 06:18:51.022, 2887 MHz, 13801 MHz, 0x0000000000000004, 511.27 W, 87 %, 31113 MiB
2026/10/01 06:18:51.530, 2887 MHz, 13801 MHz, 0x0000000000000004, 510.55 W, 92 %, 31113 MiB
2026/10/01 06:18:52.040, 2872 MHz, 13801 MHz, 0x0000000000000004, 513.63 W, 91 %, 31113 MiB
2026/10/01 06:18:52.552, 2872 MHz, 13801 MHz, 0x0000000000000004, 526.34 W, 85 %, 31113 MiB
2026/10/01 06:18:53.061, 2872 MHz, 13801 MHz, 0x0000000000000004, 528.02 W, 87 %, 31113 MiB
2026/10/01 06:18:53.571, 2887 MHz, 13801 MHz, 0x0000000000000000, 514.36 W, 88 %, 31113 MiB
2026/10/01 06:18:54.082, 2880 MHz, 13801 MHz, 0x0000000000000004, 516.86 W, 85 %, 31113 MiB
2026/10/01 06:18:54.594, 2895 MHz, 13801 MHz, 0x0000000000000000, 518.49 W, 90 %, 31113 MiB
2026/10/01 06:18:55.107, 2887 MHz, 13801 MHz, 0x0000000000000004, 510.38 W, 85 %, 31113 MiB
2026/10/01 06:18:55.618, 2887 MHz, 13801 MHz, 0x0000000000000000, 506.73 W, 90 %, 31113 MiB
2026/10/01 06:18:56.130, 2887 MHz, 13801 MHz, 0x0000000000000000, 504.24 W, 88 %, 31113 MiB
2026/10/01 06:18:56.636, 2872 MHz, 13801 MHz, 0x0000000000000004, 507.25 W, 81 %, 31113 MiB
2026/10/01 06:18:57.147, 2872 MHz, 13801 MHz, 0x0000000000000004, 523.07 W, 87 %, 31113 MiB
2026/10/01 06:18:57.656, 2887 MHz, 13801 MHz, 0x0000000000000000, 523.33 W, 91 %, 31113 MiB
2026/10/01 06:18:58.167, 2880 MHz, 13801 MHz, 0x0000000000000004, 515.39 W, 88 %, 31113 MiB
2026/10/01 06:18:58.675, 2880 MHz, 13801 MHz, 0x0000000000000004, 518.16 W, 84 %, 31113 MiB
2026/10/01 06:18:59.188, 2880 MHz, 13801 MHz, 0x0000000000000004, 516.15 W, 85 %, 31113 MiB
2026/10/01 06:18:59.696, 2887 MHz, 13801 MHz, 0x0000000000000004, 510.61 W, 84 %, 31113 MiB
2026/10/01 06:19:00.205, 2880 MHz, 13801 MHz, 0x0000000000000004, 508.82 W, 86 %, 31113 MiB
2026/10/01 06:19:00.719, 2880 MHz, 13801 MHz, 0x0000000000000000, 501.94 W, 85 %, 31113 MiB
2026/10/01 06:19:01.229, 2887 MHz, 13801 MHz, 0x0000000000000004, 498.27 W, 86 %, 31118 MiB
2026/10/01 06:19:01.743, 2895 MHz, 13801 MHz, 0x0000000000000000, 495.88 W, 88 %, 31118 MiB
2026/10/01 06:19:02.254, 2872 MHz, 13801 MHz, 0x0000000000000004, 512.94 W, 91 %, 31113 MiB
2026/10/01 06:19:02.764, 2880 MHz, 13801 MHz, 0x0000000000000000, 526.31 W, 86 %, 31113 MiB
2026/10/01 06:19:03.275, 2880 MHz, 13801 MHz, 0x0000000000000004, 528.47 W, 90 %, 31113 MiB
2026/10/01 06:19:03.786, 2887 MHz, 13801 MHz, 0x0000000000000004, 513.69 W, 85 %, 31113 MiB
2026/10/01 06:19:04.293, 2880 MHz, 13801 MHz, 0x0000000000000004, 516.21 W, 87 %, 31113 MiB
2026/10/01 06:19:04.804, 2887 MHz, 13801 MHz, 0x0000000000000000, 518.26 W, 90 %, 31113 MiB
2026/10/01 06:19:05.313, 2887 MHz, 13801 MHz, 0x0000000000000000, 508.81 W, 89 %, 31113 MiB
2026/10/01 06:19:05.824, 2895 MHz, 13801 MHz, 0x0000000000000004, 511.25 W, 83 %, 31113 MiB
2026/10/01 06:19:06.335, 2880 MHz, 13801 MHz, 0x0000000000000004, 515.07 W, 86 %, 31113 MiB
2026/10/01 06:19:06.847, 2872 MHz, 13801 MHz, 0x0000000000000004, 525.34 W, 88 %, 31113 MiB
2026/10/01 06:19:07.359, 2887 MHz, 13801 MHz, 0x0000000000000000, 527.21 W, 89 %, 31113 MiB
2026/10/01 06:19:07.870, 2887 MHz, 13801 MHz, 0x0000000000000004, 519.76 W, 86 %, 31113 MiB
2026/10/01 06:19:08.381, 2887 MHz, 13801 MHz, 0x0000000000000000, 520.54 W, 89 %, 31113 MiB
2026/10/01 06:19:08.892, 2880 MHz, 13801 MHz, 0x0000000000000000, 518.68 W, 89 %, 31113 MiB
2026/10/01 06:19:09.403, 2887 MHz, 13801 MHz, 0x0000000000000000, 513.72 W, 89 %, 31113 MiB
2026/10/01 06:19:09.916, 2887 MHz, 13801 MHz, 0x0000000000000004, 510.18 W, 88 %, 31113 MiB
2026/10/01 06:19:10.427, 2880 MHz, 13801 MHz, 0x0000000000000004, 516.72 W, 88 %, 31113 MiB
2026/10/01 06:19:10.939, 2880 MHz, 13801 MHz, 0x0000000000000004, 511.61 W, 84 %, 31113 MiB
2026/10/01 06:19:11.450, 2895 MHz, 13801 MHz, 0x0000000000000004, 512.47 W, 91 %, 31113 MiB
2026/10/01 06:19:11.963, 2872 MHz, 13801 MHz, 0x0000000000000004, 525.30 W, 88 %, 31113 MiB
2026/10/01 06:19:12.475, 2880 MHz, 13801 MHz, 0x0000000000000004, 525.91 W, 84 %, 31113 MiB
2026/10/01 06:19:12.985, 2887 MHz, 13801 MHz, 0x0000000000000004, 516.82 W, 86 %, 31113 MiB
2026/10/01 06:19:13.496, 2895 MHz, 13801 MHz, 0x0000000000000004, 511.38 W, 91 %, 31113 MiB
2026/10/01 06:19:14.007, 2880 MHz, 13801 MHz, 0x0000000000000000, 507.93 W, 86 %, 31113 MiB
2026/10/01 06:19:14.518, 2880 MHz, 13801 MHz, 0x0000000000000000, 515.73 W, 87 %, 31113 MiB
2026/10/01 06:19:15.026, 2887 MHz, 13801 MHz, 0x0000000000000004, 516.56 W, 91 %, 31113 MiB
2026/10/01 06:19:15.536, 2887 MHz, 13801 MHz, 0x0000000000000004, 513.50 W, 88 %, 31113 MiB
2026/10/01 06:19:16.045, 2887 MHz, 13801 MHz, 0x0000000000000004, 512.02 W, 88 %, 31113 MiB
2026/10/01 06:19:16.556, 2872 MHz, 13801 MHz, 0x0000000000000004, 517.48 W, 87 %, 31113 MiB
2026/10/01 06:19:17.063, 2872 MHz, 13801 MHz, 0x0000000000000004, 524.05 W, 88 %, 31113 MiB
2026/10/01 06:19:17.573, 2880 MHz, 13801 MHz, 0x0000000000000004, 517.35 W, 85 %, 31113 MiB
2026/10/01 06:19:18.083, 2887 MHz, 13801 MHz, 0x0000000000000004, 514.33 W, 88 %, 31113 MiB
2026/10/01 06:19:18.593, 2880 MHz, 13801 MHz, 0x0000000000000000, 496.74 W, 36 %, 31113 MiB
2026/10/01 06:19:19.093, 2925 MHz, 13801 MHz, 0x0000000000000000, 310.32 W, 0 %, 31113 MiB
2026/10/01 06:19:19.607, 2925 MHz, 13801 MHz, 0x0000000000000000, 121.43 W, 0 %, 31113 MiB
2026/10/01 06:19:20.123, 2925 MHz, 13801 MHz, 0x0000000000000000, 102.33 W, 0 %, 31113 MiB
2026/10/01 06:19:20.637, 2407 MHz, 13801 MHz, 0x0000000000000000, 92.91 W, 0 %, 31113 MiB
2026/10/01 06:19:21.150, 502 MHz, 7001 MHz, 0x0000000000000000, 66.04 W, 0 %, 31113 MiB
2026/10/01 06:19:21.664, 397 MHz, 7001 MHz, 0x0000000000000000, 40.87 W, 0 %, 31113 MiB
2026/10/01 06:19:22.165, 352 MHz, 7001 MHz, 0x0000000000000000, 39.67 W, 0 %, 31115 MiB
2026/10/01 06:19:22.680, 277 MHz, 7001 MHz, 0x0000000000000000, 38.66 W, 0 %, 31115 MiB
2026/10/01 06:19:23.194, 202 MHz, 7001 MHz, 0x0000000000000000, 38.45 W, 0 %, 31113 MiB
2026/10/01 06:19:23.695, 180 MHz, 7001 MHz, 0x0000000000000000, 38.14 W, 0 %, 31113 MiB
2026/10/01 06:19:24.209, 187 MHz, 810 MHz, 0x0000000000000000, 34.77 W, 0 %, 31113 MiB
2026/10/01 06:19:24.721, 187 MHz, 810 MHz, 0x0000000000000000, 34.77 W, 0 %, 31113 MiB
2026/10/01 06:19:25.234, 180 MHz, 810 MHz, 0x0000000000000000, 17.09 W, 0 %, 31113 MiB
2026/10/01 06:19:25.748, 180 MHz, 810 MHz, 0x0000000000000000, 17.09 W, 0 %, 31113 MiB
2026/10/01 06:19:26.262, 180 MHz, 405 MHz, 0x0000000000000000, 14.83 W, 0 %, 31113 MiB
2026/10/01 06:19:26.775, 180 MHz, 405 MHz, 0x0000000000000000, 14.83 W, 0 %, 31113 MiB
2026/10/01 06:19:27.277, 180 MHz, 405 MHz, 0x0000000000000000, 14.62 W, 0 %, 31113 MiB
2026/10/01 06:19:27.788, 195 MHz, 405 MHz, 0x0000000000000000, 14.80 W, 0 %, 31113 MiB
2026/10/01 06:19:28.301, 180 MHz, 405 MHz, 0x0000000000000000, 16.57 W, 0 %, 31113 MiB
2026/10/01 06:19:28.816, 180 MHz, 405 MHz, 0x0000000000000000, 16.68 W, 0 %, 31113 MiB
2026/10/01 06:19:29.331, 180 MHz, 405 MHz, 0x0000000000000000, 14.16 W, 0 %, 31113 MiB
2026/10/01 06:19:29.846, 180 MHz, 405 MHz, 0x0000000000000000, 14.16 W, 0 %, 31113 MiB
2026/10/01 06:19:30.360, 180 MHz, 405 MHz, 0x0000000000000000, 13.55 W, 0 %, 31113 MiB
2026/10/01 06:19:30.873, 180 MHz, 405 MHz, 0x0000000000000000, 13.55 W, 0 %, 31113 MiB
2026/10/01 06:19:31.385, 180 MHz, 405 MHz, 0x0000000000000000, 13.19 W, 0 %, 31113 MiB
2026/10/01 06:19:31.897, 180 MHz, 405 MHz, 0x0000000000000000, 13.19 W, 0 %, 31113 MiB
2026/10/01 06:19:32.410, 180 MHz, 405 MHz, 0x0000000000000000, 13.03 W, 0 %, 31113 MiB
2026/10/01 06:19:32.922, 180 MHz, 405 MHz, 0x0000000000000000, 13.03 W, 0 %, 31113 MiB
2026/10/01 06:19:33.437, 180 MHz, 405 MHz, 0x0000000000000000, 12.76 W, 0 %, 31113 MiB
2026/10/01 06:19:33.950, 180 MHz, 405 MHz, 0x0000000000000000, 12.76 W, 0 %, 31113 MiB
2026/10/01 06:19:34.465, 180 MHz, 405 MHz, 0x0000000000000000, 12.65 W, 0 %, 31113 MiB
2026/10/01 06:19:34.965, 2917 MHz, 13801 MHz, 0x0000000000000000, 86.05 W, 85 %, 31113 MiB
2026/10/01 06:19:35.478, 2910 MHz, 13801 MHz, 0x0000000000000000, 286.25 W, 84 %, 31113 MiB
2026/10/01 06:19:35.979, 2910 MHz, 13801 MHz, 0x0000000000000000, 416.80 W, 78 %, 31113 MiB
2026/10/01 06:19:36.493, 2910 MHz, 13801 MHz, 0x0000000000000000, 416.86 W, 78 %, 31113 MiB
2026/10/01 06:19:37.005, 2910 MHz, 13801 MHz, 0x0000000000000000, 411.87 W, 78 %, 31113 MiB
2026/10/01 06:19:37.517, 2910 MHz, 13801 MHz, 0x0000000000000000, 412.89 W, 83 %, 31113 MiB
2026/10/01 06:19:38.032, 2910 MHz, 13801 MHz, 0x0000000000000000, 417.34 W, 82 %, 31113 MiB
2026/10/01 06:19:38.544, 2910 MHz, 13801 MHz, 0x0000000000000000, 414.32 W, 77 %, 31113 MiB
2026/10/01 06:19:39.045, 2910 MHz, 13801 MHz, 0x0000000000000000, 411.31 W, 83 %, 31113 MiB
2026/10/01 06:19:39.548, 2910 MHz, 13801 MHz, 0x0000000000000000, 412.09 W, 83 %, 31113 MiB
2026/10/01 06:19:40.060, 2910 MHz, 13801 MHz, 0x0000000000000000, 408.38 W, 78 %, 31113 MiB
2026/10/01 06:19:40.575, 2910 MHz, 13801 MHz, 0x0000000000000000, 393.80 W, 76 %, 31113 MiB
2026/10/01 06:19:41.089, 2910 MHz, 13801 MHz, 0x0000000000000000, 391.39 W, 78 %, 31113 MiB
2026/10/01 06:19:41.605, 2910 MHz, 13801 MHz, 0x0000000000000000, 396.64 W, 75 %, 31113 MiB
2026/10/01 06:19:42.106, 2910 MHz, 13801 MHz, 0x0000000000000000, 396.40 W, 76 %, 31113 MiB
2026/10/01 06:19:42.608, 2910 MHz, 13801 MHz, 0x0000000000000000, 400.84 W, 82 %, 31113 MiB
2026/10/01 06:19:43.110, 2910 MHz, 13801 MHz, 0x0000000000000000, 408.76 W, 72 %, 31118 MiB
2026/10/01 06:19:43.611, 2910 MHz, 13801 MHz, 0x0000000000000000, 410.20 W, 84 %, 31118 MiB
2026/10/01 06:19:44.111, 2910 MHz, 13801 MHz, 0x0000000000000000, 402.55 W, 73 %, 31113 MiB
2026/10/01 06:19:44.626, 2910 MHz, 13801 MHz, 0x0000000000000000, 409.23 W, 83 %, 31113 MiB
2026/10/01 06:19:45.138, 2910 MHz, 13801 MHz, 0x0000000000000000, 412.03 W, 83 %, 31113 MiB
2026/10/01 06:19:45.649, 2910 MHz, 13801 MHz, 0x0000000000000000, 413.35 W, 82 %, 31113 MiB
2026/10/01 06:19:56.895, 180 MHz, 405 MHz, 0x0000000000000000, 11.68 W, 0 %, 31113 MiB
2026/10/01 06:19:57.400, 2512 MHz, 13801 MHz, 0x0000000000000004, 125.64 W, 94 %, 31113 MiB
2026/10/01 06:19:57.900, 2910 MHz, 13801 MHz, 0x0000000000000000, 220.90 W, 78 %, 31113 MiB
2026/10/01 06:19:58.414, 2910 MHz, 13801 MHz, 0x0000000000000000, 444.17 W, 78 %, 31113 MiB
2026/10/01 06:19:58.929, 2910 MHz, 13801 MHz, 0x0000000000000000, 407.08 W, 78 %, 31113 MiB
2026/10/01 06:19:59.430, 2910 MHz, 13801 MHz, 0x0000000000000000, 401.92 W, 77 %, 31113 MiB
2026/10/01 06:19:59.944, 2910 MHz, 13801 MHz, 0x0000000000000000, 399.64 W, 81 %, 31113 MiB
2026/10/01 06:20:00.458, 2910 MHz, 13801 MHz, 0x0000000000000000, 408.79 W, 82 %, 31113 MiB
2026/10/01 06:20:00.958, 2910 MHz, 13801 MHz, 0x0000000000000000, 420.05 W, 83 %, 31113 MiB
2026/10/01 06:20:01.472, 2872 MHz, 13801 MHz, 0x0000000000000004, 456.85 W, 94 %, 31113 MiB
2026/10/01 06:20:01.985, 2910 MHz, 13801 MHz, 0x0000000000000000, 461.79 W, 82 %, 31113 MiB
2026/10/01 06:20:02.498, 2910 MHz, 13801 MHz, 0x0000000000000000, 442.01 W, 83 %, 31113 MiB
2026/10/01 06:20:02.999, 2910 MHz, 13801 MHz, 0x0000000000000000, 423.26 W, 85 %, 31113 MiB
2026/10/01 06:20:03.513, 2910 MHz, 13801 MHz, 0x0000000000000000, 423.12 W, 83 %, 31113 MiB
2026/10/01 06:20:04.015, 2910 MHz, 13801 MHz, 0x0000000000000000, 420.88 W, 84 %, 31113 MiB
2026/10/01 06:20:04.529, 2910 MHz, 13801 MHz, 0x0000000000000000, 419.62 W, 84 %, 31115 MiB
2026/10/01 06:20:05.041, 2910 MHz, 13801 MHz, 0x0000000000000000, 418.40 W, 69 %, 31113 MiB
2026/10/01 06:20:05.552, 2820 MHz, 13801 MHz, 0x0000000000000000, 473.36 W, 85 %, 31113 MiB
2026/10/01 06:20:06.065, 2910 MHz, 13801 MHz, 0x0000000000000000, 476.05 W, 81 %, 31113 MiB
2026/10/01 06:20:06.566, 2910 MHz, 13801 MHz, 0x0000000000000000, 424.83 W, 83 %, 31113 MiB
2026/10/01 06:20:07.080, 2910 MHz, 13801 MHz, 0x0000000000000000, 424.72 W, 83 %, 31113 MiB
2026/10/01 06:20:07.593, 2910 MHz, 13801 MHz, 0x0000000000000000, 425.47 W, 84 %, 31113 MiB
2026/10/01 06:20:08.099, 2910 MHz, 13801 MHz, 0x0000000000000000, 425.75 W, 85 %, 31113 MiB
2026/10/01 06:20:08.613, 2910 MHz, 13801 MHz, 0x0000000000000000, 427.56 W, 82 %, 31113 MiB
2026/10/01 06:20:09.129, 2887 MHz, 13801 MHz, 0x0000000000000004, 458.71 W, 94 %, 31113 MiB
2026/10/01 06:20:09.643, 2902 MHz, 13801 MHz, 0x0000000000000000, 472.04 W, 83 %, 31113 MiB
2026/10/01 06:20:10.158, 2910 MHz, 13801 MHz, 0x0000000000000000, 456.60 W, 82 %, 31113 MiB
2026/10/01 06:20:10.671, 2910 MHz, 13801 MHz, 0x0000000000000000, 427.95 W, 86 %, 31113 MiB
2026/10/01 06:20:11.173, 2910 MHz, 13801 MHz, 0x0000000000000000, 427.08 W, 82 %, 31113 MiB
2026/10/01 06:20:11.688, 2910 MHz, 13801 MHz, 0x0000000000000000, 425.11 W, 83 %, 31113 MiB
2026/10/01 06:20:12.202, 2910 MHz, 13801 MHz, 0x0000000000000000, 425.29 W, 80 %, 31113 MiB
2026/10/01 06:20:22.983, 180 MHz, 405 MHz, 0x0000000000000000, 11.79 W, 0 %, 31113 MiB
2026/10/01 06:20:23.497, 1605 MHz, 13801 MHz, 0x0000000000000000, 40.50 W, 100 %, 31113 MiB
2026/10/01 06:20:24.001, 2812 MHz, 13801 MHz, 0x0000000000000004, 271.20 W, 94 %, 31113 MiB
2026/10/01 06:20:24.503, 2790 MHz, 13801 MHz, 0x0000000000000004, 577.67 W, 95 %, 31113 MiB
2026/10/01 06:20:25.018, 2820 MHz, 13801 MHz, 0x0000000000000000, 539.93 W, 83 %, 31113 MiB
2026/10/01 06:20:25.529, 2910 MHz, 13801 MHz, 0x0000000000000000, 471.64 W, 82 %, 31118 MiB
2026/10/01 06:20:26.029, 2910 MHz, 13801 MHz, 0x0000000000000000, 420.54 W, 84 %, 31113 MiB
2026/10/01 06:20:26.541, 2910 MHz, 13801 MHz, 0x0000000000000000, 425.15 W, 84 %, 31113 MiB
2026/10/01 06:20:27.043, 2910 MHz, 13801 MHz, 0x0000000000000000, 425.11 W, 85 %, 31113 MiB
2026/10/01 06:20:27.545, 2910 MHz, 13801 MHz, 0x0000000000000000, 424.32 W, 84 %, 31113 MiB
2026/10/01 06:20:28.046, 2910 MHz, 13801 MHz, 0x0000000000000000, 424.74 W, 85 %, 31113 MiB
2026/10/01 06:20:28.548, 2887 MHz, 13801 MHz, 0x0000000000000004, 460.42 W, 95 %, 31113 MiB
2026/10/01 06:20:29.048, 2782 MHz, 13801 MHz, 0x0000000000000004, 537.98 W, 95 %, 31113 MiB
2026/10/01 06:20:29.562, 2782 MHz, 13801 MHz, 0x0000000000000004, 578.93 W, 95 %, 31113 MiB
2026/10/01 06:20:30.076, 2902 MHz, 13801 MHz, 0x0000000000000000, 518.86 W, 85 %, 31113 MiB
2026/10/01 06:20:30.580, 2910 MHz, 13801 MHz, 0x0000000000000000, 449.41 W, 82 %, 31113 MiB
2026/10/01 06:20:31.094, 2910 MHz, 13801 MHz, 0x0000000000000000, 417.91 W, 81 %, 31113 MiB
2026/10/01 06:20:31.599, 2910 MHz, 13801 MHz, 0x0000000000000000, 413.99 W, 73 %, 31113 MiB
2026/10/01 06:20:32.102, 2910 MHz, 13801 MHz, 0x0000000000000000, 415.93 W, 83 %, 31113 MiB
2026/10/01 06:20:32.617, 2910 MHz, 13801 MHz, 0x0000000000000000, 412.61 W, 79 %, 31113 MiB
2026/10/01 06:20:33.131, 2910 MHz, 13801 MHz, 0x0000000000000000, 418.01 W, 85 %, 31113 MiB
2026/10/01 06:20:33.633, 2857 MHz, 13801 MHz, 0x0000000000000004, 460.62 W, 95 %, 31113 MiB
2026/10/01 06:20:34.148, 2790 MHz, 13801 MHz, 0x0000000000000004, 529.50 W, 94 %, 31113 MiB
2026/10/01 06:20:34.649, 2782 MHz, 13801 MHz, 0x0000000000000004, 574.09 W, 92 %, 31113 MiB
2026/10/01 06:20:35.162, 2902 MHz, 13801 MHz, 0x0000000000000000, 498.05 W, 80 %, 31113 MiB
2026/10/01 06:20:35.663, 2910 MHz, 13801 MHz, 0x0000000000000000, 427.14 W, 82 %, 31113 MiB
2026/10/01 06:20:36.174, 2910 MHz, 13801 MHz, 0x0000000000000000, 409.26 W, 74 %, 31113 MiB
2026/10/01 06:20:36.677, 2910 MHz, 13801 MHz, 0x0000000000000000, 412.30 W, 76 %, 31113 MiB
2026/10/01 06:20:37.192, 2910 MHz, 13801 MHz, 0x0000000000000000, 414.19 W, 78 %, 31113 MiB
2026/10/01 06:20:37.707, 2910 MHz, 13801 MHz, 0x0000000000000000, 413.57 W, 80 %, 31113 MiB
2026/10/01 06:20:38.221, 2910 MHz, 13801 MHz, 0x0000000000000000, 412.04 W, 82 %, 31113 MiB
2026/10/01 06:20:38.723, 2842 MHz, 13801 MHz, 0x0000000000000004, 466.64 W, 95 %, 31113 MiB
2026/10/01 06:20:39.238, 2790 MHz, 13801 MHz, 0x0000000000000004, 552.73 W, 94 %, 31113 MiB
2026/10/01 06:20:39.753, 2790 MHz, 13801 MHz, 0x0000000000000004, 573.70 W, 85 %, 31113 MiB
2026/10/01 06:20:40.267, 2902 MHz, 13801 MHz, 0x0000000000000000, 495.62 W, 83 %, 31113 MiB
2026/10/01 06:20:40.782, 2902 MHz, 13801 MHz, 0x0000000000000000, 421.90 W, 84 %, 31113 MiB
2026/10/01 06:20:41.293, 2902 MHz, 13801 MHz, 0x0000000000000000, 415.84 W, 79 %, 31113 MiB
2026/10/01 06:20:41.807, 2902 MHz, 13801 MHz, 0x0000000000000000, 416.97 W, 84 %, 31113 MiB
2026/10/01 06:20:42.321, 2902 MHz, 13801 MHz, 0x0000000000000000, 417.76 W, 77 %, 31113 MiB
2026/10/01 06:20:42.835, 2902 MHz, 13801 MHz, 0x0000000000000000, 425.13 W, 83 %, 31113 MiB
2026/10/01 06:20:43.348, 2925 MHz, 13801 MHz, 0x0000000000000000, 284.90 W, 0 %, 31113 MiB
2026/10/01 06:20:43.859, 2925 MHz, 13801 MHz, 0x0000000000000000, 147.89 W, 0 %, 12885 MiB
2026/10/01 06:20:44.367, 2925 MHz, 14001 MHz, 0x0000000000000000, 97.58 W, 0 %, 258 MiB
2026/10/01 06:20:44.876, 2925 MHz, 14001 MHz, 0x0000000000000000, 91.86 W, 0 %, 258 MiB
2026/10/01 06:20:45.390, 1035 MHz, 14001 MHz, 0x0000000000000000, 86.22 W, 0 %, 258 MiB
2026/10/01 06:20:45.903, 1035 MHz, 14001 MHz, 0x0000000000000000, 86.22 W, 0 %, 258 MiB
2026/10/01 06:20:46.418, 352 MHz, 7001 MHz, 0x0000000000000000, 37.83 W, 0 %, 263 MiB
2026/10/01 06:20:46.922, 277 MHz, 7001 MHz, 0x0000000000000000, 37.65 W, 0 %, 258 MiB
2026/10/01 06:20:47.425, 217 MHz, 7001 MHz, 0x0000000000000000, 37.14 W, 0 %, 258 MiB
2026/10/01 06:20:47.938, 180 MHz, 7001 MHz, 0x0000000000000000, 37.04 W, 0 %, 258 MiB
2026/10/01 06:20:48.452, 180 MHz, 7001 MHz, 0x0000000000000000, 37.02 W, 0 %, 258 MiB
2026/10/01 06:20:48.967, 180 MHz, 7001 MHz, 0x0000000000000000, 37.02 W, 0 %, 258 MiB
2026/10/01 06:20:49.481, 180 MHz, 810 MHz, 0x0000000000000000, 23.55 W, 0 %, 258 MiB
2026/10/01 06:20:49.996, 180 MHz, 810 MHz, 0x0000000000000000, 23.55 W, 0 %, 258 MiB
2026/10/01 06:20:50.510, 180 MHz, 810 MHz, 0x0000000000000000, 13.34 W, 0 %, 258 MiB
2026/10/01 06:20:51.022, 180 MHz, 810 MHz, 0x0000000000000000, 13.34 W, 0 %, 258 MiB
2026/10/01 06:20:51.534, 180 MHz, 405 MHz, 0x0000000000000000, 12.56 W, 0 %, 258 MiB
2026/10/01 06:20:52.050, 180 MHz, 405 MHz, 0x0000000000000000, 12.56 W, 0 %, 258 MiB
2026/10/01 06:20:52.562, 180 MHz, 405 MHz, 0x0000000000000000, 12.62 W, 0 %, 258 MiB
