2026/10/01 03:56:31.861, 600 MHz, 405 MHz, 0x0000000000000000, 39.64 W, 2 %, 439 MiB
2026/10/01 03:56:32.370, 577 MHz, 405 MHz, 0x0000000000000000, 39.39 W, 2 %, 439 MiB
2026/10/01 03:56:32.876, 577 MHz, 405 MHz, 0x0000000000000000, 39.13 W, 2 %, 439 MiB
2026/10/01 03:56:33.386, 622 MHz, 405 MHz, 0x0000000000000000, 39.41 W, 2 %, 439 MiB
2026/10/01 03:56:33.898, 622 MHz, 405 MHz, 0x0000000000000000, 40.18 W, 2 %, 439 MiB
2026/10/01 03:56:34.411, 577 MHz, 405 MHz, 0x0000000000000000, 40.22 W, 2 %, 439 MiB
2026/10/01 03:56:34.922, 622 MHz, 405 MHz, 0x0000000000000000, 40.15 W, 2 %, 439 MiB
2026/10/01 03:56:35.430, 600 MHz, 405 MHz, 0x0000000000000000, 40.06 W, 2 %, 439 MiB
2026/10/01 03:56:35.938, 577 MHz, 405 MHz, 0x0000000000000000, 39.29 W, 2 %, 439 MiB
2026/10/01 03:56:36.446, 577 MHz, 405 MHz, 0x0000000000000000, 38.81 W, 2 %, 439 MiB
2026/10/01 03:56:36.959, 510 MHz, 405 MHz, 0x0000000000000000, 38.40 W, 2 %, 439 MiB
2026/10/01 03:56:37.473, 472 MHz, 405 MHz, 0x0000000000000000, 37.37 W, 2 %, 439 MiB
2026/10/01 03:56:37.986, 457 MHz, 405 MHz, 0x0000000000000000, 36.65 W, 2 %, 439 MiB
2026/10/01 03:56:38.501, 435 MHz, 405 MHz, 0x0000000000000000, 36.22 W, 2 %, 439 MiB
2026/10/01 03:56:39.001, 480 MHz, 405 MHz, 0x0000000000000000, 36.32 W, 2 %, 439 MiB
2026/10/01 03:56:39.514, 547 MHz, 405 MHz, 0x0000000000000000, 37.36 W, 2 %, 439 MiB
2026/10/01 03:56:40.028, 577 MHz, 405 MHz, 0x0000000000000000, 38.51 W, 2 %, 439 MiB
2026/10/01 03:56:40.543, 577 MHz, 405 MHz, 0x0000000000000000, 38.72 W, 2 %, 439 MiB
2026/10/01 03:56:41.057, 577 MHz, 405 MHz, 0x0000000000000000, 38.56 W, 2 %, 439 MiB
2026/10/01 03:56:41.559, 577 MHz, 405 MHz, 0x0000000000000000, 38.39 W, 2 %, 439 MiB
2026/10/01 03:56:42.068, 585 MHz, 405 MHz, 0x0000000000000000, 38.29 W, 2 %, 439 MiB
2026/10/01 03:56:42.569, 577 MHz, 405 MHz, 0x0000000000000000, 38.15 W, 2 %, 439 MiB
2026/10/01 03:56:43.079, 585 MHz, 405 MHz, 0x0000000000000000, 37.98 W, 2 %, 439 MiB
2026/10/01 03:56:43.592, 570 MHz, 405 MHz, 0x0000000000000000, 37.77 W, 2 %, 444 MiB
2026/10/01 03:56:44.104, 622 MHz, 405 MHz, 0x0000000000000000, 38.19 W, 2 %, 441 MiB
2026/10/01 03:56:44.619, 577 MHz, 405 MHz, 0x0000000000000000, 38.43 W, 2 %, 439 MiB
2026/10/01 03:56:45.134, 577 MHz, 405 MHz, 0x0000000000000000, 38.02 W, 2 %, 439 MiB
2026/10/01 03:56:45.646, 577 MHz, 405 MHz, 0x0000000000000000, 37.94 W, 2 %, 439 MiB
2026/10/01 03:56:46.156, 577 MHz, 405 MHz, 0x0000000000000000, 37.90 W, 2 %, 439 MiB
2026/10/01 03:56:46.661, 577 MHz, 405 MHz, 0x0000000000000000, 37.81 W, 2 %, 439 MiB
2026/10/01 03:56:47.168, 577 MHz, 405 MHz, 0x0000000000000000, 37.49 W, 2 %, 439 MiB
2026/10/01 03:56:47.680, 585 MHz, 405 MHz, 0x0000000000000000, 37.35 W, 2 %, 439 MiB
2026/10/01 03:56:48.182, 577 MHz, 405 MHz, 0x0000000000000000, 37.39 W, 2 %, 439 MiB
2026/10/01 03:56:48.695, 577 MHz, 405 MHz, 0x0000000000000000, 37.33 W, 2 %, 439 MiB
2026/10/01 03:56:49.210, 570 MHz, 405 MHz, 0x0000000000000000, 37.25 W, 2 %, 439 MiB
2026/10/01 03:56:49.710, 570 MHz, 405 MHz, 0x0000000000000000, 37.29 W, 2 %, 439 MiB
2026/10/01 03:56:50.224, 570 MHz, 405 MHz, 0x0000000000000000, 37.11 W, 2 %, 439 MiB
2026/10/01 03:56:50.739, 577 MHz, 405 MHz, 0x0000000000000000, 37.11 W, 2 %, 439 MiB
2026/10/01 03:56:51.239, 577 MHz, 405 MHz, 0x0000000000000000, 37.36 W, 2 %, 439 MiB
2026/10/01 03:56:51.740, 570 MHz, 405 MHz, 0x0000000000000000, 37.44 W, 2 %, 439 MiB
2026/10/01 03:56:52.250, 577 MHz, 405 MHz, 0x0000000000000000, 37.55 W, 2 %, 439 MiB
2026/10/01 03:56:52.755, 585 MHz, 405 MHz, 0x0000000000000000, 37.61 W, 2 %, 439 MiB
2026/10/01 03:56:53.269, 577 MHz, 405 MHz, 0x0000000000000000, 36.84 W, 2 %, 439 MiB
2026/10/01 03:56:53.781, 570 MHz, 405 MHz, 0x0000000000000000, 36.86 W, 2 %, 439 MiB
2026/10/01 03:56:54.296, 577 MHz, 405 MHz, 0x0000000000000000, 37.09 W, 2 %, 439 MiB
2026/10/01 03:56:54.811, 570 MHz, 405 MHz, 0x0000000000000000, 37.00 W, 2 %, 439 MiB
2026/10/01 03:56:55.327, 570 MHz, 405 MHz, 0x0000000000000000, 37.04 W, 2 %, 439 MiB
2026/10/01 03:56:55.828, 577 MHz, 405 MHz, 0x0000000000000000, 37.34 W, 2 %, 439 MiB
2026/10/01 03:56:56.328, 570 MHz, 405 MHz, 0x0000000000000000, 37.67 W, 2 %, 439 MiB
2026/10/01 03:56:56.841, 555 MHz, 405 MHz, 0x0000000000000000, 37.34 W, 2 %, 439 MiB
2026/10/01 03:56:57.342, 495 MHz, 405 MHz, 0x0000000000000000, 36.31 W, 2 %, 439 MiB
2026/10/01 03:56:57.857, 472 MHz, 405 MHz, 0x0000000000000000, 35.19 W, 2 %, 439 MiB
2026/10/01 03:56:58.370, 412 MHz, 405 MHz, 0x0000000000000000, 34.44 W, 2 %, 439 MiB
2026/10/01 03:56:58.882, 442 MHz, 405 MHz, 0x0000000000000000, 34.22 W, 2 %, 439 MiB
2026/10/01 03:56:59.396, 510 MHz, 405 MHz, 0x0000000000000000, 35.35 W, 2 %, 439 MiB
2026/10/01 03:56:59.911, 585 MHz, 405 MHz, 0x0000000000000000, 36.83 W, 2 %, 439 MiB
2026/10/01 03:57:00.426, 585 MHz, 405 MHz, 0x0000000000000000, 37.43 W, 3 %, 439 MiB
2026/10/01 03:57:00.937, 577 MHz, 405 MHz, 0x0000000000000000, 37.32 W, 2 %, 439 MiB
2026/10/01 03:57:01.452, 577 MHz, 405 MHz, 0x0000000000000000, 37.14 W, 2 %, 439 MiB
2026/10/01 03:57:01.954, 577 MHz, 405 MHz, 0x0000000000000000, 37.15 W, 2 %, 439 MiB
2026/10/01 03:57:02.466, 570 MHz, 405 MHz, 0x0000000000000000, 37.08 W, 2 %, 439 MiB
2026/10/01 03:57:02.971, 577 MHz, 405 MHz, 0x0000000000000000, 36.92 W, 2 %, 439 MiB
2026/10/01 03:57:03.471, 577 MHz, 405 MHz, 0x0000000000000000, 37.00 W, 2 %, 439 MiB
2026/10/01 03:57:03.975, 577 MHz, 405 MHz, 0x0000000000000000, 37.27 W, 2 %, 439 MiB
2026/10/01 03:57:04.491, 585 MHz, 405 MHz, 0x0000000000000000, 37.52 W, 2 %, 441 MiB
2026/10/01 03:57:05.004, 615 MHz, 405 MHz, 0x0000000000000000, 37.90 W, 2 %, 444 MiB
2026/10/01 03:57:05.515, 577 MHz, 405 MHz, 0x0000000000000000, 37.65 W, 2 %, 444 MiB
2026/10/01 03:57:06.026, 570 MHz, 405 MHz, 0x0000000000000000, 37.23 W, 2 %, 439 MiB
2026/10/01 03:57:06.538, 577 MHz, 405 MHz, 0x0000000000000000, 36.98 W, 2 %, 439 MiB
2026/10/01 03:57:07.054, 570 MHz, 405 MHz, 0x0000000000000000, 36.90 W, 2 %, 439 MiB
2026/10/01 03:57:07.562, 570 MHz, 405 MHz, 0x0000000000000000, 36.80 W, 2 %, 439 MiB
2026/10/01 03:57:08.077, 570 MHz, 405 MHz, 0x0000000000000000, 36.68 W, 2 %, 439 MiB
2026/10/01 03:57:08.578, 562 MHz, 405 MHz, 0x0000000000000000, 36.67 W, 2 %, 439 MiB
2026/10/01 03:57:09.093, 570 MHz, 405 MHz, 0x0000000000000000, 36.71 W, 2 %, 439 MiB
2026/10/01 03:57:09.597, 570 MHz, 405 MHz, 0x0000000000000000, 37.00 W, 2 %, 439 MiB
2026/10/01 03:57:10.110, 577 MHz, 405 MHz, 0x0000000000000000, 36.96 W, 2 %, 439 MiB
2026/10/01 03:57:10.624, 570 MHz, 405 MHz, 0x0000000000000000, 36.57 W, 2 %, 439 MiB
2026/10/01 03:57:11.138, 577 MHz, 405 MHz, 0x0000000000000000, 36.65 W, 2 %, 439 MiB
2026/10/01 03:57:11.652, 577 MHz, 405 MHz, 0x0000000000000000, 37.06 W, 2 %, 439 MiB
2026/10/01 03:57:12.154, 577 MHz, 405 MHz, 0x0000000000000000, 37.22 W, 2 %, 439 MiB
2026/10/01 03:57:12.655, 577 MHz, 405 MHz, 0x0000000000000000, 37.40 W, 2 %, 439 MiB
2026/10/01 03:57:13.171, 577 MHz, 405 MHz, 0x0000000000000000, 37.48 W, 2 %, 439 MiB
2026/10/01 03:57:13.671, 570 MHz, 405 MHz, 0x0000000000000000, 37.27 W, 2 %, 439 MiB
2026/10/01 03:57:14.184, 577 MHz, 405 MHz, 0x0000000000000000, 37.12 W, 2 %, 439 MiB
2026/10/01 03:57:14.687, 570 MHz, 405 MHz, 0x0000000000000000, 36.99 W, 2 %, 439 MiB
2026/10/01 03:57:15.202, 570 MHz, 405 MHz, 0x0000000000000000, 36.76 W, 2 %, 439 MiB
2026/10/01 03:57:15.717, 570 MHz, 405 MHz, 0x0000000000000000, 36.68 W, 2 %, 439 MiB
2026/10/01 03:57:16.218, 585 MHz, 405 MHz, 0x0000000000000000, 36.74 W, 2 %, 439 MiB
2026/10/01 03:57:16.734, 570 MHz, 405 MHz, 0x0000000000000000, 36.92 W, 2 %, 439 MiB
2026/10/01 03:57:17.237, 570 MHz, 405 MHz, 0x0000000000000000, 36.97 W, 2 %, 439 MiB
2026/10/01 03:57:17.748, 517 MHz, 405 MHz, 0x0000000000000000, 36.40 W, 2 %, 439 MiB
2026/10/01 03:57:18.262, 480 MHz, 405 MHz, 0x0000000000000000, 35.39 W, 2 %, 439 MiB
2026/10/01 03:57:18.777, 480 MHz, 405 MHz, 0x0000000000000000, 34.86 W, 2 %, 439 MiB
2026/10/01 03:57:19.278, 480 MHz, 405 MHz, 0x0000000000000000, 34.94 W, 2 %, 439 MiB
2026/10/01 03:57:19.779, 547 MHz, 405 MHz, 0x0000000000000000, 35.89 W, 2 %, 439 MiB
2026/10/01 03:57:20.280, 577 MHz, 405 MHz, 0x0000000000000000, 36.88 W, 2 %, 439 MiB
2026/10/01 03:57:20.781, 577 MHz, 405 MHz, 0x0000000000000000, 36.77 W, 2 %, 439 MiB
2026/10/01 03:57:21.295, 577 MHz, 405 MHz, 0x0000000000000000, 36.70 W, 2 %, 439 MiB
2026/10/01 03:57:21.809, 570 MHz, 405 MHz, 0x0000000000000000, 36.74 W, 2 %, 439 MiB
2026/10/01 03:57:22.323, 577 MHz, 405 MHz, 0x0000000000000000, 36.76 W, 2 %, 439 MiB
2026/10/01 03:57:22.824, 577 MHz, 405 MHz, 0x0000000000000000, 36.86 W, 2 %, 439 MiB
2026/10/01 03:57:23.335, 570 MHz, 405 MHz, 0x0000000000000000, 36.71 W, 2 %, 439 MiB
2026/10/01 03:57:23.839, 630 MHz, 405 MHz, 0x0000000000000000, 37.13 W, 2 %, 439 MiB
2026/10/01 03:57:24.352, 577 MHz, 405 MHz, 0x0000000000000000, 37.30 W, 2 %, 439 MiB
2026/10/01 03:57:24.867, 577 MHz, 405 MHz, 0x0000000000000000, 36.63 W, 2 %, 439 MiB
2026/10/01 03:57:25.377, 577 MHz, 405 MHz, 0x0000000000000000, 36.70 W, 2 %, 439 MiB
2026/10/01 03:57:25.891, 585 MHz, 405 MHz, 0x0000000000000000, 37.15 W, 2 %, 444 MiB
2026/10/01 03:57:26.391, 577 MHz, 405 MHz, 0x0000000000000000, 37.43 W, 2 %, 444 MiB
2026/10/01 03:57:26.905, 510 MHz, 405 MHz, 0x0000000000000000, 35.28 W, 0 %, 451 MiB
2026/10/01 03:57:27.420, 187 MHz, 405 MHz, 0x0000000000000000, 27.44 W, 0 %, 451 MiB
2026/10/01 03:57:27.921, 202 MHz, 405 MHz, 0x0000000000000000, 22.21 W, 0 %, 450 MiB
2026/10/01 03:57:28.434, 202 MHz, 405 MHz, 0x0000000000000000, 21.08 W, 0 %, 450 MiB
2026/10/01 03:57:28.948, 202 MHz, 405 MHz, 0x0000000000000000, 20.35 W, 0 %, 450 MiB
2026/10/01 03:57:29.452, 202 MHz, 405 MHz, 0x0000000000000000, 20.22 W, 0 %, 450 MiB
2026/10/01 03:57:29.967, 217 MHz, 405 MHz, 0x0000000000000000, 20.28 W, 0 %, 450 MiB
2026/10/01 03:57:30.481, 405 MHz, 405 MHz, 0x0000000000000000, 22.41 W, 0 %, 450 MiB
2026/10/01 03:57:30.996, 210 MHz, 405 MHz, 0x0000000000000000, 22.23 W, 0 %, 450 MiB
2026/10/01 03:57:31.508, 210 MHz, 405 MHz, 0x0000000000000000, 20.33 W, 0 %, 450 MiB
2026/10/01 03:57:32.008, 210 MHz, 405 MHz, 0x0000000000000000, 20.41 W, 0 %, 450 MiB
2026/10/01 03:57:32.523, 180 MHz, 405 MHz, 0x0000000000000000, 20.93 W, 0 %, 442 MiB
2026/10/01 03:57:33.038, 180 MHz, 405 MHz, 0x0000000000000000, 20.91 W, 0 %, 438 MiB
2026/10/01 03:57:33.550, 180 MHz, 405 MHz, 0x0000000000000000, 20.80 W, 0 %, 438 MiB
2026/10/01 03:57:34.066, 180 MHz, 405 MHz, 0x0000000000000000, 20.85 W, 0 %, 438 MiB
2026/10/01 03:57:34.576, 180 MHz, 405 MHz, 0x0000000000000000, 20.91 W, 0 %, 438 MiB
2026/10/01 03:57:35.086, 180 MHz, 405 MHz, 0x0000000000000000, 20.80 W, 0 %, 438 MiB
2026/10/01 03:57:35.594, 180 MHz, 405 MHz, 0x0000000000000000, 20.61 W, 0 %, 438 MiB
2026/10/01 03:57:36.105, 180 MHz, 405 MHz, 0x0000000000000000, 20.69 W, 0 %, 438 MiB
2026/10/01 03:57:36.615, 180 MHz, 405 MHz, 0x0000000000000000, 20.91 W, 0 %, 438 MiB
2026/10/01 03:57:37.125, 180 MHz, 405 MHz, 0x0000000000000000, 20.57 W, 0 %, 438 MiB
2026/10/01 03:57:37.638, 202 MHz, 405 MHz, 0x0000000000000000, 20.25 W, 0 %, 438 MiB
2026/10/01 03:57:38.153, 202 MHz, 405 MHz, 0x0000000000000000, 20.24 W, 0 %, 438 MiB
2026/10/01 03:57:38.661, 202 MHz, 405 MHz, 0x0000000000000000, 20.14 W, 0 %, 438 MiB
2026/10/01 03:57:39.173, 202 MHz, 405 MHz, 0x0000000000000000, 20.13 W, 0 %, 438 MiB
2026/10/01 03:57:39.689, 195 MHz, 405 MHz, 0x0000000000000000, 20.47 W, 0 %, 438 MiB
2026/10/01 03:57:40.203, 202 MHz, 405 MHz, 0x0000000000000000, 20.50 W, 0 %, 438 MiB
2026/10/01 03:57:40.718, 232 MHz, 405 MHz, 0x0000000000000000, 20.32 W, 0 %, 438 MiB
2026/10/01 03:57:41.232, 202 MHz, 405 MHz, 0x0000000000000000, 20.10 W, 0 %, 438 MiB
2026/10/01 03:57:41.733, 180 MHz, 405 MHz, 0x0000000000000000, 19.81 W, 0 %, 438 MiB
2026/10/01 03:57:42.241, 180 MHz, 405 MHz, 0x0000000000000000, 19.77 W, 0 %, 438 MiB
2026/10/01 03:57:42.742, 180 MHz, 405 MHz, 0x0000000000000000, 20.03 W, 0 %, 438 MiB
2026/10/01 03:57:43.243, 180 MHz, 405 MHz, 0x0000000000000000, 20.29 W, 0 %, 438 MiB
2026/10/01 03:57:43.757, 180 MHz, 405 MHz, 0x0000000000000000, 20.29 W, 0 %, 438 MiB
2026/10/01 03:57:44.271, 180 MHz, 405 MHz, 0x0000000000000000, 20.11 W, 0 %, 438 MiB
2026/10/01 03:57:44.785, 180 MHz, 405 MHz, 0x0000000000000000, 20.41 W, 0 %, 438 MiB
2026/10/01 03:57:45.285, 180 MHz, 405 MHz, 0x0000000000000000, 19.95 W, 0 %, 438 MiB
2026/10/01 03:57:45.786, 202 MHz, 405 MHz, 0x0000000000000000, 19.64 W, 0 %, 438 MiB
2026/10/01 03:57:46.301, 202 MHz, 405 MHz, 0x0000000000000000, 19.60 W, 0 %, 438 MiB
2026/10/01 03:57:46.803, 202 MHz, 405 MHz, 0x0000000000000000, 19.58 W, 0 %, 441 MiB
2026/10/01 03:57:47.316, 202 MHz, 405 MHz, 0x0000000000000000, 19.74 W, 0 %, 441 MiB
2026/10/01 03:57:47.825, 210 MHz, 405 MHz, 0x0000000000000000, 20.13 W, 0 %, 438 MiB
2026/10/01 03:57:48.340, 202 MHz, 405 MHz, 0x0000000000000000, 20.04 W, 0 %, 438 MiB
2026/10/01 03:57:48.852, 202 MHz, 405 MHz, 0x0000000000000000, 19.75 W, 0 %, 438 MiB
2026/10/01 03:57:49.367, 202 MHz, 13801 MHz, 0x0000000000000000, 21.88 W, 7 %, 934 MiB
2026/10/01 03:57:49.879, 2415 MHz, 13801 MHz, 0x0000000000000000, 42.24 W, 19 %, 12428 MiB
2026/10/01 03:57:50.380, 2542 MHz, 13801 MHz, 0x0000000000000000, 73.80 W, 1 %, 19718 MiB
2026/10/01 03:57:50.895, 2857 MHz, 13801 MHz, 0x0000000000000000, 86.82 W, 0 %, 19718 MiB
2026/10/01 03:57:51.398, 2857 MHz, 13801 MHz, 0x0000000000000000, 90.14 W, 1 %, 19718 MiB
2026/10/01 03:57:51.900, 2857 MHz, 13801 MHz, 0x0000000000000000, 90.26 W, 1 %, 19718 MiB
2026/10/01 03:57:52.405, 2400 MHz, 13801 MHz, 0x0000000000000000, 79.41 W, 1 %, 19718 MiB
2026/10/01 03:57:52.907, 2400 MHz, 13801 MHz, 0x0000000000000000, 65.40 W, 0 %, 19718 MiB
2026/10/01 03:57:53.410, 2437 MHz, 13801 MHz, 0x0000000000000000, 63.56 W, 1 %, 19718 MiB
2026/10/01 03:57:53.924, 2460 MHz, 13801 MHz, 0x0000000000000000, 64.78 W, 0 %, 19718 MiB
2026/10/01 03:57:54.426, 2460 MHz, 13801 MHz, 0x0000000000000000, 65.64 W, 1 %, 19718 MiB
2026/10/01 03:57:54.938, 2415 MHz, 13801 MHz, 0x0000000000000000, 64.61 W, 0 %, 19718 MiB
2026/10/01 03:57:55.452, 2467 MHz, 13801 MHz, 0x0000000000000000, 64.96 W, 1 %, 19718 MiB
2026/10/01 03:57:55.962, 2467 MHz, 13801 MHz, 0x0000000000000000, 65.72 W, 0 %, 19718 MiB
2026/10/01 03:57:56.475, 2445 MHz, 7001 MHz, 0x0000000000000000, 63.23 W, 1 %, 19718 MiB
2026/10/01 03:57:56.989, 615 MHz, 810 MHz, 0x0000000000000000, 48.61 W, 3 %, 19718 MiB
2026/10/01 03:57:57.493, 660 MHz, 810 MHz, 0x0000000000000000, 36.10 W, 5 %, 19718 MiB
2026/10/01 03:57:57.994, 570 MHz, 810 MHz, 0x0000000000000000, 34.97 W, 1 %, 19718 MiB
2026/10/01 03:57:58.496, 570 MHz, 405 MHz, 0x0000000000000000, 35.12 W, 4 %, 19718 MiB
2026/10/01 03:57:58.998, 562 MHz, 405 MHz, 0x0000000000000000, 35.23 W, 5 %, 19718 MiB
2026/10/01 03:57:59.510, 510 MHz, 405 MHz, 0x0000000000000000, 34.99 W, 8 %, 19718 MiB
2026/10/01 03:58:00.013, 547 MHz, 405 MHz, 0x0000000000000000, 34.84 W, 5 %, 19718 MiB
2026/10/01 03:58:00.528, 405 MHz, 405 MHz, 0x0000000000000000, 33.26 W, 10 %, 19718 MiB
2026/10/01 03:58:01.028, 292 MHz, 405 MHz, 0x0000000000000000, 30.50 W, 4 %, 19718 MiB
2026/10/01 03:58:01.543, 382 MHz, 405 MHz, 0x0000000000000000, 31.39 W, 9 %, 19718 MiB
2026/10/01 03:58:02.057, 495 MHz, 405 MHz, 0x0000000000000000, 33.17 W, 6 %, 19718 MiB
2026/10/01 03:58:02.572, 457 MHz, 405 MHz, 0x0000000000000000, 33.18 W, 4 %, 19718 MiB
2026/10/01 03:58:03.075, 540 MHz, 405 MHz, 0x0000000000000000, 34.06 W, 8 %, 19718 MiB
2026/10/01 03:58:03.577, 517 MHz, 405 MHz, 0x0000000000000000, 34.76 W, 9 %, 19718 MiB
2026/10/01 03:58:04.093, 562 MHz, 405 MHz, 0x0000000000000000, 34.70 W, 6 %, 19718 MiB
2026/10/01 03:58:04.609, 435 MHz, 405 MHz, 0x0000000000000000, 33.84 W, 9 %, 19718 MiB
2026/10/01 03:58:05.120, 577 MHz, 405 MHz, 0x0000000000000000, 33.03 W, 8 %, 19718 MiB
2026/10/01 03:58:05.620, 225 MHz, 405 MHz, 0x0000000000000000, 29.18 W, 10 %, 19718 MiB
2026/10/01 03:58:06.135, 202 MHz, 405 MHz, 0x0000000000000000, 21.59 W, 5 %, 19718 MiB
2026/10/01 03:58:06.637, 202 MHz, 405 MHz, 0x0000000000000000, 19.62 W, 9 %, 19718 MiB
2026/10/01 03:58:07.137, 202 MHz, 405 MHz, 0x0000000000000000, 19.29 W, 8 %, 19718 MiB
2026/10/01 03:58:07.638, 195 MHz, 405 MHz, 0x0000000000000000, 19.19 W, 8 %, 19718 MiB
2026/10/01 03:58:08.140, 180 MHz, 405 MHz, 0x0000000000000000, 19.61 W, 2 %, 19723 MiB
2026/10/01 03:58:08.654, 532 MHz, 405 MHz, 0x0000000000000000, 24.96 W, 8 %, 19718 MiB
2026/10/01 03:58:09.167, 510 MHz, 405 MHz, 0x0000000000000000, 31.90 W, 6 %, 19718 MiB
2026/10/01 03:58:09.668, 390 MHz, 405 MHz, 0x0000000000000000, 33.71 W, 10 %, 19718 MiB
2026/10/01 03:58:10.181, 555 MHz, 405 MHz, 0x0000000000000000, 34.19 W, 8 %, 19718 MiB
2026/10/01 03:58:10.695, 435 MHz, 405 MHz, 0x0000000000000000, 33.72 W, 4 %, 19718 MiB
2026/10/01 03:58:11.209, 352 MHz, 405 MHz, 0x0000000000000000, 32.40 W, 5 %, 19718 MiB
2026/10/01 03:58:11.712, 397 MHz, 405 MHz, 0x0000000000000000, 31.83 W, 4 %, 19718 MiB
2026/10/01 03:58:12.226, 187 MHz, 405 MHz, 0x0000000000000000, 28.93 W, 5 %, 19718 MiB
2026/10/01 03:58:12.730, 292 MHz, 405 MHz, 0x0000000000000000, 25.14 W, 8 %, 19718 MiB
2026/10/01 03:58:13.243, 435 MHz, 405 MHz, 0x0000000000000000, 25.57 W, 5 %, 19718 MiB
2026/10/01 03:58:13.745, 472 MHz, 405 MHz, 0x0000000000000000, 30.33 W, 8 %, 19718 MiB
2026/10/01 03:58:14.260, 345 MHz, 405 MHz, 0x0000000000000000, 32.37 W, 9 %, 19718 MiB
2026/10/01 03:58:14.763, 517 MHz, 405 MHz, 0x0000000000000000, 33.85 W, 9 %, 19718 MiB
2026/10/01 03:58:15.279, 450 MHz, 405 MHz, 0x0000000000000000, 34.93 W, 8 %, 19718 MiB
2026/10/01 03:58:15.780, 450 MHz, 405 MHz, 0x0000000000000000, 33.56 W, 6 %, 19718 MiB
2026/10/01 03:58:16.295, 420 MHz, 405 MHz, 0x0000000000000000, 33.79 W, 8 %, 19718 MiB
2026/10/01 03:58:16.796, 450 MHz, 405 MHz, 0x0000000000000000, 34.14 W, 6 %, 19718 MiB
2026/10/01 03:58:17.312, 382 MHz, 405 MHz, 0x0000000000000000, 34.14 W, 9 %, 19718 MiB
2026/10/01 03:58:17.812, 495 MHz, 405 MHz, 0x0000000000000000, 34.26 W, 9 %, 19718 MiB
2026/10/01 03:58:18.327, 390 MHz, 405 MHz, 0x0000000000000000, 34.28 W, 8 %, 19718 MiB
2026/10/01 03:58:18.840, 502 MHz, 405 MHz, 0x0000000000000000, 33.83 W, 10 %, 19718 MiB
2026/10/01 03:58:19.352, 480 MHz, 405 MHz, 0x0000000000000000, 34.22 W, 7 %, 19718 MiB
2026/10/01 03:58:19.854, 450 MHz, 405 MHz, 0x0000000000000000, 33.86 W, 9 %, 19718 MiB
2026/10/01 03:58:20.368, 472 MHz, 405 MHz, 0x0000000000000000, 34.21 W, 9 %, 19718 MiB
2026/10/01 03:58:20.882, 532 MHz, 405 MHz, 0x0000000000000000, 34.47 W, 4 %, 19718 MiB
2026/10/01 03:58:21.385, 517 MHz, 405 MHz, 0x0000000000000000, 34.14 W, 4 %, 19718 MiB
2026/10/01 03:58:21.889, 495 MHz, 405 MHz, 0x0000000000000000, 34.10 W, 8 %, 19718 MiB
2026/10/01 03:58:22.402, 255 MHz, 405 MHz, 0x0000000000000000, 30.72 W, 5 %, 19718 MiB
2026/10/01 03:58:22.918, 517 MHz, 405 MHz, 0x0000000000000000, 30.07 W, 4 %, 19718 MiB
2026/10/01 03:58:23.429, 517 MHz, 405 MHz, 0x0000000000000000, 33.76 W, 8 %, 19718 MiB
2026/10/01 03:58:23.946, 532 MHz, 405 MHz, 0x0000000000000000, 33.75 W, 3 %, 19718 MiB
2026/10/01 03:58:24.449, 517 MHz, 405 MHz, 0x0000000000000000, 34.48 W, 7 %, 19718 MiB
2026/10/01 03:58:24.951, 337 MHz, 405 MHz, 0x0000000000000000, 32.33 W, 1 %, 19718 MiB
2026/10/01 03:58:25.452, 435 MHz, 405 MHz, 0x0000000000000000, 32.03 W, 7 %, 19718 MiB
2026/10/01 03:58:25.967, 315 MHz, 405 MHz, 0x0000000000000000, 32.62 W, 6 %, 19718 MiB
2026/10/01 03:58:26.483, 360 MHz, 405 MHz, 0x0000000000000000, 31.75 W, 5 %, 19718 MiB
2026/10/01 03:58:26.984, 390 MHz, 405 MHz, 0x0000000000000000, 31.16 W, 10 %, 19718 MiB
2026/10/01 03:58:27.486, 532 MHz, 405 MHz, 0x0000000000000000, 32.79 W, 8 %, 19718 MiB
2026/10/01 03:58:28.001, 517 MHz, 405 MHz, 0x0000000000000000, 35.15 W, 10 %, 19718 MiB
2026/10/01 03:58:28.514, 420 MHz, 405 MHz, 0x0000000000000000, 34.19 W, 6 %, 19718 MiB
2026/10/01 03:58:29.016, 405 MHz, 405 MHz, 0x0000000000000000, 33.12 W, 5 %, 19723 MiB
2026/10/01 03:58:29.528, 495 MHz, 405 MHz, 0x0000000000000000, 33.26 W, 6 %, 19723 MiB
2026/10/01 03:58:30.044, 442 MHz, 405 MHz, 0x0000000000000000, 33.74 W, 8 %, 19718 MiB
2026/10/01 03:58:30.558, 397 MHz, 405 MHz, 0x0000000000000000, 33.18 W, 6 %, 19718 MiB
2026/10/01 03:58:31.071, 367 MHz, 405 MHz, 0x0000000000000000, 32.14 W, 7 %, 19718 MiB
2026/10/01 03:58:31.585, 465 MHz, 405 MHz, 0x0000000000000000, 31.99 W, 5 %, 19718 MiB
2026/10/01 03:58:32.098, 397 MHz, 405 MHz, 0x0000000000000000, 32.41 W, 6 %, 19718 MiB
2026/10/01 03:58:32.613, 337 MHz, 405 MHz, 0x0000000000000000, 31.47 W, 5 %, 19718 MiB
2026/10/01 03:58:33.128, 405 MHz, 405 MHz, 0x0000000000000000, 31.56 W, 7 %, 19718 MiB
2026/10/01 03:58:33.642, 472 MHz, 405 MHz, 0x0000000000000000, 32.55 W, 6 %, 19718 MiB
2026/10/01 03:58:34.143, 480 MHz, 405 MHz, 0x0000000000000000, 32.93 W, 7 %, 19718 MiB
2026/10/01 03:58:34.645, 457 MHz, 405 MHz, 0x0000000000000000, 32.91 W, 7 %, 19718 MiB
2026/10/01 03:58:35.157, 472 MHz, 405 MHz, 0x0000000000000000, 33.32 W, 8 %, 19718 MiB
2026/10/01 03:58:35.671, 570 MHz, 405 MHz, 0x0000000000000000, 34.19 W, 7 %, 19718 MiB
2026/10/01 03:58:36.172, 435 MHz, 405 MHz, 0x0000000000000000, 32.66 W, 8 %, 19718 MiB
2026/10/01 03:58:36.686, 405 MHz, 405 MHz, 0x0000000000000000, 30.47 W, 2 %, 19718 MiB
2026/10/01 03:58:37.200, 397 MHz, 405 MHz, 0x0000000000000000, 31.44 W, 2 %, 19718 MiB
2026/10/01 03:58:37.713, 525 MHz, 405 MHz, 0x0000000000000000, 32.72 W, 4 %, 19718 MiB
2026/10/01 03:58:38.229, 337 MHz, 405 MHz, 0x0000000000000000, 32.38 W, 9 %, 19718 MiB
2026/10/01 03:58:38.732, 585 MHz, 405 MHz, 0x0000000000000000, 33.44 W, 7 %, 19718 MiB
2026/10/01 03:58:39.248, 457 MHz, 405 MHz, 0x0000000000000000, 34.03 W, 5 %, 19718 MiB
2026/10/01 03:58:39.750, 592 MHz, 405 MHz, 0x0000000000000000, 33.75 W, 6 %, 19718 MiB
2026/10/01 03:58:40.251, 322 MHz, 405 MHz, 0x0000000000000000, 31.66 W, 1 %, 19718 MiB
2026/10/01 03:58:40.756, 570 MHz, 405 MHz, 0x0000000000000000, 31.42 W, 8 %, 19718 MiB
2026/10/01 03:58:41.270, 540 MHz, 405 MHz, 0x0000000000000000, 34.27 W, 6 %, 19718 MiB
2026/10/01 03:58:41.785, 465 MHz, 405 MHz, 0x0000000000000000, 33.29 W, 4 %, 19718 MiB
2026/10/01 03:58:42.299, 382 MHz, 405 MHz, 0x0000000000000000, 30.58 W, 3 %, 19718 MiB
2026/10/01 03:58:42.810, 285 MHz, 405 MHz, 0x0000000000000000, 30.80 W, 6 %, 19718 MiB
2026/10/01 03:58:43.324, 330 MHz, 405 MHz, 0x0000000000000000, 30.76 W, 2 %, 19718 MiB
2026/10/01 03:58:43.838, 285 MHz, 405 MHz, 0x0000000000000000, 30.19 W, 2 %, 19718 MiB
2026/10/01 03:58:44.353, 285 MHz, 405 MHz, 0x0000000000000000, 29.18 W, 2 %, 19718 MiB
2026/10/01 03:58:44.864, 262 MHz, 405 MHz, 0x0000000000000000, 29.34 W, 2 %, 19718 MiB
2026/10/01 03:58:45.376, 262 MHz, 405 MHz, 0x0000000000000000, 29.20 W, 1 %, 19718 MiB
2026/10/01 03:58:45.889, 270 MHz, 405 MHz, 0x0000000000000000, 28.63 W, 1 %, 19718 MiB
2026/10/01 03:58:46.403, 292 MHz, 405 MHz, 0x0000000000000000, 28.94 W, 2 %, 19718 MiB
2026/10/01 03:58:46.916, 255 MHz, 405 MHz, 0x0000000000000000, 29.47 W, 4 %, 19718 MiB
2026/10/01 03:58:47.423, 322 MHz, 405 MHz, 0x0000000000000000, 29.50 W, 4 %, 19718 MiB
2026/10/01 03:58:47.935, 337 MHz, 405 MHz, 0x0000000000000000, 29.44 W, 1 %, 19718 MiB
2026/10/01 03:58:48.447, 292 MHz, 405 MHz, 0x0000000000000000, 29.27 W, 1 %, 19718 MiB
2026/10/01 03:58:48.959, 330 MHz, 405 MHz, 0x0000000000000000, 29.72 W, 6 %, 19718 MiB
2026/10/01 03:58:49.470, 457 MHz, 405 MHz, 0x0000000000000000, 30.84 W, 7 %, 19718 MiB
2026/10/01 03:58:49.985, 360 MHz, 405 MHz, 0x0000000000000000, 30.53 W, 7 %, 19723 MiB
2026/10/01 03:58:50.487, 397 MHz, 405 MHz, 0x0000000000000000, 30.30 W, 6 %, 19723 MiB
2026/10/01 03:58:51.001, 412 MHz, 405 MHz, 0x0000000000000000, 31.61 W, 7 %, 19718 MiB
2026/10/01 03:58:51.502, 390 MHz, 405 MHz, 0x0000000000000000, 31.40 W, 4 %, 19718 MiB
2026/10/01 03:58:52.015, 292 MHz, 405 MHz, 0x0000000000000000, 29.42 W, 7 %, 19718 MiB
2026/10/01 03:58:52.515, 420 MHz, 405 MHz, 0x0000000000000000, 27.53 W, 5 %, 19718 MiB
2026/10/01 03:58:53.017, 375 MHz, 405 MHz, 0x0000000000000000, 29.32 W, 5 %, 19718 MiB
2026/10/01 03:58:53.520, 360 MHz, 405 MHz, 0x0000000000000000, 30.91 W, 6 %, 19718 MiB
2026/10/01 03:58:54.021, 307 MHz, 405 MHz, 0x0000000000000000, 30.70 W, 5 %, 19718 MiB
2026/10/01 03:58:54.534, 450 MHz, 405 MHz, 0x0000000000000000, 31.24 W, 7 %, 19718 MiB
2026/10/01 03:58:55.048, 435 MHz, 405 MHz, 0x0000000000000000, 32.49 W, 8 %, 19718 MiB
2026/10/01 03:58:55.563, 397 MHz, 405 MHz, 0x0000000000000000, 32.21 W, 8 %, 19718 MiB
2026/10/01 03:58:56.078, 442 MHz, 405 MHz, 0x0000000000000000, 32.04 W, 7 %, 19718 MiB
2026/10/01 03:58:56.579, 397 MHz, 405 MHz, 0x0000000000000000, 31.71 W, 8 %, 19718 MiB
2026/10/01 03:58:57.082, 517 MHz, 405 MHz, 0x0000000000000000, 31.67 W, 6 %, 19718 MiB
2026/10/01 03:58:57.598, 517 MHz, 405 MHz, 0x0000000000000000, 32.81 W, 8 %, 19718 MiB
2026/10/01 03:58:58.111, 465 MHz, 405 MHz, 0x0000000000000000, 32.50 W, 7 %, 19718 MiB
2026/10/01 03:58:58.614, 435 MHz, 405 MHz, 0x0000000000000000, 32.08 W, 9 %, 19718 MiB
2026/10/01 03:58:59.116, 547 MHz, 405 MHz, 0x0000000000000000, 32.68 W, 3 %, 19718 MiB
2026/10/01 03:58:59.618, 555 MHz, 405 MHz, 0x0000000000000000, 33.10 W, 8 %, 19718 MiB
2026/10/01 03:59:00.119, 525 MHz, 405 MHz, 0x0000000000000000, 33.03 W, 5 %, 19718 MiB
2026/10/01 03:59:00.619, 307 MHz, 405 MHz, 0x0000000000000000, 32.19 W, 7 %, 19718 MiB
2026/10/01 03:59:01.132, 315 MHz, 405 MHz, 0x0000000000000000, 30.74 W, 4 %, 19718 MiB
2026/10/01 03:59:01.645, 352 MHz, 405 MHz, 0x0000000000000000, 30.64 W, 3 %, 19718 MiB
2026/10/01 03:59:02.160, 315 MHz, 405 MHz, 0x0000000000000000, 29.87 W, 2 %, 19718 MiB
2026/10/01 03:59:02.662, 427 MHz, 405 MHz, 0x0000000000000000, 30.86 W, 9 %, 19718 MiB
2026/10/01 03:59:03.164, 495 MHz, 405 MHz, 0x0000000000000000, 32.81 W, 9 %, 19718 MiB
2026/10/01 03:59:03.680, 517 MHz, 405 MHz, 0x0000000000000000, 33.37 W, 9 %, 19718 MiB
2026/10/01 03:59:04.194, 382 MHz, 405 MHz, 0x0000000000000000, 32.13 W, 3 %, 19718 MiB
2026/10/01 03:59:04.709, 382 MHz, 405 MHz, 0x0000000000000000, 31.41 W, 8 %, 19718 MiB
2026/10/01 03:59:05.214, 540 MHz, 405 MHz, 0x0000000000000000, 32.52 W, 7 %, 19718 MiB
2026/10/01 03:59:05.729, 585 MHz, 405 MHz, 0x0000000000000000, 33.99 W, 10 %, 19718 MiB
2026/10/01 03:59:06.232, 607 MHz, 405 MHz, 0x0000000000000000, 34.15 W, 7 %, 19718 MiB
2026/10/01 03:59:06.733, 540 MHz, 405 MHz, 0x0000000000000000, 34.19 W, 9 %, 19718 MiB
2026/10/01 03:59:07.247, 270 MHz, 405 MHz, 0x0000000000000000, 29.89 W, 2 %, 19718 MiB
2026/10/01 03:59:07.749, 435 MHz, 405 MHz, 0x0000000000000000, 25.07 W, 7 %, 19718 MiB
2026/10/01 03:59:08.254, 577 MHz, 405 MHz, 0x0000000000000000, 26.40 W, 8 %, 19718 MiB
2026/10/01 03:59:08.765, 532 MHz, 405 MHz, 0x0000000000000000, 30.89 W, 9 %, 19718 MiB
2026/10/01 03:59:09.266, 390 MHz, 405 MHz, 0x0000000000000000, 31.85 W, 7 %, 19718 MiB
2026/10/01 03:59:09.768, 465 MHz, 405 MHz, 0x0000000000000000, 31.67 W, 9 %, 19718 MiB
2026/10/01 03:59:10.282, 570 MHz, 405 MHz, 0x0000000000000000, 33.21 W, 5 %, 19718 MiB
2026/10/01 03:59:10.797, 427 MHz, 405 MHz, 0x0000000000000000, 32.85 W, 6 %, 19723 MiB
2026/10/01 03:59:11.311, 450 MHz, 405 MHz, 0x0000000000000000, 32.33 W, 6 %, 19723 MiB
2026/10/01 03:59:11.813, 435 MHz, 405 MHz, 0x0000000000000000, 31.60 W, 6 %, 19718 MiB
2026/10/01 03:59:12.314, 382 MHz, 405 MHz, 0x0000000000000000, 31.20 W, 5 %, 19718 MiB
2026/10/01 03:59:12.827, 472 MHz, 405 MHz, 0x0000000000000000, 31.11 W, 3 %, 19718 MiB
2026/10/01 03:59:13.341, 345 MHz, 405 MHz, 0x0000000000000000, 30.13 W, 5 %, 19718 MiB
2026/10/01 03:59:13.843, 397 MHz, 405 MHz, 0x0000000000000000, 30.03 W, 4 %, 19718 MiB
2026/10/01 03:59:14.357, 367 MHz, 405 MHz, 0x0000000000000000, 30.55 W, 4 %, 19718 MiB
2026/10/01 03:59:14.859, 382 MHz, 405 MHz, 0x0000000000000000, 30.53 W, 3 %, 19718 MiB
2026/10/01 03:59:15.374, 352 MHz, 405 MHz, 0x0000000000000000, 30.56 W, 6 %, 19718 MiB
2026/10/01 03:59:15.890, 367 MHz, 405 MHz, 0x0000000000000000, 30.74 W, 5 %, 19718 MiB
2026/10/01 03:59:16.404, 397 MHz, 405 MHz, 0x0000000000000000, 30.91 W, 5 %, 19718 MiB
2026/10/01 03:59:16.919, 412 MHz, 405 MHz, 0x0000000000000000, 30.48 W, 4 %, 19718 MiB
2026/10/01 03:59:17.421, 412 MHz, 405 MHz, 0x0000000000000000, 30.42 W, 2 %, 19718 MiB
2026/10/01 03:59:17.937, 322 MHz, 405 MHz, 0x0000000000000000, 30.34 W, 8 %, 19718 MiB
2026/10/01 03:59:18.439, 427 MHz, 405 MHz, 0x0000000000000000, 30.87 W, 9 %, 19718 MiB
2026/10/01 03:59:18.941, 495 MHz, 405 MHz, 0x0000000000000000, 32.76 W, 9 %, 19718 MiB
2026/10/01 03:59:19.442, 360 MHz, 405 MHz, 0x0000000000000000, 32.24 W, 9 %, 19718 MiB
2026/10/01 03:59:19.946, 307 MHz, 405 MHz, 0x0000000000000000, 31.08 W, 7 %, 19718 MiB
2026/10/01 03:59:20.461, 457 MHz, 405 MHz, 0x0000000000000000, 31.46 W, 5 %, 19718 MiB
2026/10/01 03:59:20.976, 562 MHz, 405 MHz, 0x0000000000000000, 32.65 W, 6 %, 19718 MiB
2026/10/01 03:59:21.477, 502 MHz, 405 MHz, 0x0000000000000000, 32.68 W, 5 %, 19718 MiB
2026/10/01 03:59:21.980, 555 MHz, 405 MHz, 0x0000000000000000, 32.81 W, 5 %, 19718 MiB
2026/10/01 03:59:22.484, 375 MHz, 405 MHz, 0x0000000000000000, 32.05 W, 7 %, 19718 MiB
2026/10/01 03:59:22.998, 562 MHz, 405 MHz, 0x0000000000000000, 31.73 W, 5 %, 19718 MiB
2026/10/01 03:59:23.514, 442 MHz, 405 MHz, 0x0000000000000000, 31.98 W, 5 %, 19718 MiB
2026/10/01 03:59:24.017, 577 MHz, 405 MHz, 0x0000000000000000, 32.08 W, 5 %, 19718 MiB
2026/10/01 03:59:24.521, 442 MHz, 405 MHz, 0x0000000000000000, 31.98 W, 6 %, 19718 MiB
2026/10/01 03:59:25.031, 367 MHz, 405 MHz, 0x0000000000000000, 29.64 W, 3 %, 19718 MiB
2026/10/01 03:59:25.533, 442 MHz, 405 MHz, 0x0000000000000000, 29.73 W, 5 %, 19718 MiB
2026/10/01 03:59:26.048, 330 MHz, 405 MHz, 0x0000000000000000, 28.99 W, 0 %, 24306 MiB
2026/10/01 03:59:26.559, 2745 MHz, 13801 MHz, 0x0000000000000000, 81.64 W, 37 %, 32006 MiB
2026/10/01 03:59:27.072, 2940 MHz, 13801 MHz, 0x0000000000000000, 114.51 W, 0 %, 32006 MiB
2026/10/01 03:59:27.587, 2940 MHz, 13801 MHz, 0x0000000000000000, 115.00 W, 88 %, 17768 MiB
2026/10/01 03:59:28.089, 2940 MHz, 13801 MHz, 0x0000000000000000, 106.87 W, 0 %, 17768 MiB
2026/10/01 03:59:28.593, 2940 MHz, 13801 MHz, 0x0000000000000000, 97.29 W, 0 %, 17768 MiB
2026/10/01 03:59:29.109, 2940 MHz, 13801 MHz, 0x0000000000000000, 93.19 W, 0 %, 17768 MiB
2026/10/01 03:59:29.623, 2940 MHz, 7001 MHz, 0x0000000000000000, 93.13 W, 0 %, 17768 MiB
2026/10/01 03:59:30.136, 547 MHz, 7001 MHz, 0x0000000000000000, 64.86 W, 0 %, 17768 MiB
2026/10/01 03:59:30.638, 442 MHz, 7001 MHz, 0x0000000000000000, 35.97 W, 0 %, 17768 MiB
2026/10/01 03:59:31.153, 352 MHz, 7001 MHz, 0x0000000000000000, 35.27 W, 0 %, 17768 MiB
2026/10/01 03:59:31.668, 277 MHz, 7001 MHz, 0x0000000000000000, 34.87 W, 0 %, 17773 MiB
2026/10/01 03:59:32.180, 240 MHz, 7001 MHz, 0x0000000000000000, 34.78 W, 0 %, 17773 MiB
2026/10/01 03:59:32.695, 202 MHz, 7001 MHz, 0x0000000000000000, 34.81 W, 0 %, 17768 MiB
2026/10/01 03:59:33.209, 285 MHz, 7001 MHz, 0x0000000000000000, 36.35 W, 0 %, 18528 MiB
2026/10/01 03:59:33.718, 202 MHz, 810 MHz, 0x0000000000000000, 36.48 W, 35 %, 18624 MiB
2026/10/01 03:59:34.233, 787 MHz, 13801 MHz, 0x0000000000000000, 48.01 W, 10 %, 18624 MiB
2026/10/01 03:59:34.746, 1890 MHz, 13801 MHz, 0x0000000000000000, 56.85 W, 0 %, 18624 MiB
2026/10/01 03:59:35.261, 1890 MHz, 13801 MHz, 0x0000000000000000, 58.88 W, 0 %, 18624 MiB
2026/10/01 03:59:35.775, 1890 MHz, 13801 MHz, 0x0000000000000000, 64.62 W, 37 %, 18624 MiB
2026/10/01 03:59:36.290, 1417 MHz, 7001 MHz, 0x0000000000000000, 60.24 W, 0 %, 18624 MiB
2026/10/01 03:59:36.805, 1222 MHz, 7001 MHz, 0x0000000000000000, 47.44 W, 0 %, 18624 MiB
2026/10/01 03:59:37.317, 645 MHz, 7001 MHz, 0x0000000000000000, 46.98 W, 0 %, 18624 MiB
2026/10/01 03:59:37.830, 510 MHz, 7001 MHz, 0x0000000000000000, 36.39 W, 0 %, 18624 MiB
2026/10/01 03:59:38.330, 405 MHz, 7001 MHz, 0x0000000000000000, 35.88 W, 0 %, 18624 MiB
2026/10/01 03:59:38.833, 322 MHz, 7001 MHz, 0x0000000000000000, 35.37 W, 0 %, 18624 MiB
2026/10/01 03:59:39.335, 255 MHz, 7001 MHz, 0x0000000000000000, 35.27 W, 0 %, 18624 MiB
2026/10/01 03:59:39.850, 202 MHz, 810 MHz, 0x0000000000000000, 34.32 W, 0 %, 18624 MiB
2026/10/01 03:59:40.352, 187 MHz, 810 MHz, 0x0000000000000000, 27.36 W, 0 %, 18624 MiB
2026/10/01 03:59:40.867, 202 MHz, 810 MHz, 0x0000000000000000, 21.64 W, 0 %, 18624 MiB
2026/10/01 03:59:41.368, 217 MHz, 810 MHz, 0x0000000000000000, 20.75 W, 0 %, 18624 MiB
2026/10/01 03:59:41.869, 2145 MHz, 13801 MHz, 0x0000000000000000, 73.98 W, 95 %, 18624 MiB
2026/10/01 03:59:42.384, 2940 MHz, 13801 MHz, 0x0000000000000000, 118.73 W, 0 %, 18624 MiB
2026/10/01 03:59:42.897, 2932 MHz, 13801 MHz, 0x0000000000000000, 129.26 W, 0 %, 18624 MiB
2026/10/01 03:59:43.398, 2940 MHz, 13801 MHz, 0x0000000000000000, 113.89 W, 2 %, 17832 MiB
2026/10/01 03:59:43.913, 2940 MHz, 13801 MHz, 0x0000000000000000, 100.97 W, 0 %, 17832 MiB
2026/10/01 03:59:44.426, 1537 MHz, 7001 MHz, 0x0000000000000000, 66.84 W, 0 %, 17832 MiB
2026/10/01 03:59:44.940, 1222 MHz, 7001 MHz, 0x0000000000000000, 42.74 W, 0 %, 17832 MiB
2026/10/01 03:59:45.453, 952 MHz, 7001 MHz, 0x0000000000000000, 37.43 W, 0 %, 17832 MiB
2026/10/01 03:59:45.954, 772 MHz, 7001 MHz, 0x0000000000000000, 36.48 W, 0 %, 17832 MiB
2026/10/01 03:59:46.466, 600 MHz, 7001 MHz, 0x0000000000000000, 36.08 W, 0 %, 17832 MiB
2026/10/01 03:59:46.967, 480 MHz, 7001 MHz, 0x0000000000000000, 35.69 W, 0 %, 17832 MiB
2026/10/01 03:59:47.483, 457 MHz, 7001 MHz, 0x0000000000000000, 35.78 W, 0 %, 17832 MiB
2026/10/01 03:59:47.984, 307 MHz, 7001 MHz, 0x0000000000000000, 35.80 W, 0 %, 17832 MiB
2026/10/01 03:59:48.496, 247 MHz, 7001 MHz, 0x0000000000000000, 35.19 W, 0 %, 17832 MiB
2026/10/01 03:59:48.996, 210 MHz, 7001 MHz, 0x0000000000000000, 34.96 W, 0 %, 18088 MiB
2026/10/01 03:59:49.498, 2925 MHz, 13801 MHz, 0x0000000000000000, 102.32 W, 0 %, 18088 MiB
2026/10/01 03:59:50.012, 2940 MHz, 13801 MHz, 0x0000000000000000, 138.45 W, 0 %, 18088 MiB
2026/10/01 03:59:50.524, 2940 MHz, 13801 MHz, 0x0000000000000000, 93.54 W, 0 %, 18088 MiB
2026/10/01 03:59:51.035, 2940 MHz, 13801 MHz, 0x0000000000000000, 93.45 W, 0 %, 18088 MiB
2026/10/01 03:59:51.550, 727 MHz, 7001 MHz, 0x0000000000000000, 71.16 W, 0 %, 18088 MiB
2026/10/01 03:59:52.062, 570 MHz, 7001 MHz, 0x0000000000000000, 42.48 W, 0 %, 18088 MiB
2026/10/01 03:59:52.573, 480 MHz, 7001 MHz, 0x0000000000000000, 35.89 W, 0 %, 18088 MiB
2026/10/01 03:59:53.085, 375 MHz, 7001 MHz, 0x0000000000000000, 35.60 W, 0 %, 18093 MiB
2026/10/01 03:59:53.595, 315 MHz, 7001 MHz, 0x0000000000000000, 35.50 W, 0 %, 18088 MiB
2026/10/01 03:59:54.110, 240 MHz, 7001 MHz, 0x0000000000000000, 35.54 W, 0 %, 18088 MiB
2026/10/01 03:59:54.618, 180 MHz, 7001 MHz, 0x0000000000000000, 35.09 W, 0 %, 18088 MiB
2026/10/01 03:59:55.127, 180 MHz, 7001 MHz, 0x0000000000000000, 34.70 W, 0 %, 18088 MiB
2026/10/01 03:59:55.640, 180 MHz, 7001 MHz, 0x0000000000000000, 35.10 W, 0 %, 18088 MiB
2026/10/01 03:59:56.148, 180 MHz, 7001 MHz, 0x0000000000000000, 35.30 W, 0 %, 18088 MiB
2026/10/01 03:59:56.657, 2070 MHz, 13801 MHz, 0x0000000000000000, 69.32 W, 0 %, 18088 MiB
2026/10/01 03:59:57.169, 2587 MHz, 13801 MHz, 0x0000000000000000, 85.58 W, 0 %, 18088 MiB
2026/10/01 03:59:57.683, 2587 MHz, 13801 MHz, 0x0000000000000000, 67.82 W, 0 %, 18088 MiB
2026/10/01 03:59:58.196, 2587 MHz, 13801 MHz, 0x0000000000000000, 67.11 W, 0 %, 18088 MiB
2026/10/01 03:59:58.697, 742 MHz, 7001 MHz, 0x0000000000000000, 55.01 W, 0 %, 18088 MiB
2026/10/01 03:59:59.201, 615 MHz, 7001 MHz, 0x0000000000000000, 42.01 W, 0 %, 18088 MiB
2026/10/01 03:59:59.702, 472 MHz, 7001 MHz, 0x0000000000000000, 35.87 W, 0 %, 18088 MiB
2026/10/01 04:00:00.215, 390 MHz, 7001 MHz, 0x0000000000000000, 47.82 W, 57 %, 18088 MiB
2026/10/01 04:00:00.729, 840 MHz, 7001 MHz, 0x0000000000000000, 48.31 W, 1 %, 18088 MiB
2026/10/01 04:00:01.241, 690 MHz, 7001 MHz, 0x0000000000000000, 47.56 W, 0 %, 18088 MiB
2026/10/01 04:00:01.756, 540 MHz, 7001 MHz, 0x0000000000000000, 36.18 W, 0 %, 18088 MiB
2026/10/01 04:00:02.259, 442 MHz, 7001 MHz, 0x0000000000000000, 35.47 W, 0 %, 18088 MiB
2026/10/01 04:00:02.774, 352 MHz, 7001 MHz, 0x0000000000000000, 35.03 W, 0 %, 18088 MiB
2026/10/01 04:00:03.276, 277 MHz, 810 MHz, 0x0000000000000000, 32.74 W, 0 %, 18088 MiB
2026/10/01 04:00:03.777, 2497 MHz, 13801 MHz, 0x0000000000000000, 67.94 W, 4 %, 18088 MiB
2026/10/01 04:00:04.281, 2940 MHz, 13801 MHz, 0x0000000000000000, 95.89 W, 0 %, 18088 MiB
2026/10/01 04:00:04.795, 2940 MHz, 13801 MHz, 0x0000000000000000, 95.36 W, 0 %, 18088 MiB
2026/10/01 04:00:05.306, 2940 MHz, 13801 MHz, 0x0000000000000000, 93.35 W, 0 %, 18088 MiB
2026/10/01 04:00:05.820, 630 MHz, 7001 MHz, 0x0000000000000000, 46.88 W, 0 %, 18088 MiB
2026/10/01 04:00:06.333, 487 MHz, 7001 MHz, 0x0000000000000000, 35.67 W, 0 %, 18088 MiB
2026/10/01 04:00:06.848, 397 MHz, 7001 MHz, 0x0000000000000000, 35.34 W, 0 %, 18088 MiB
2026/10/01 04:00:07.349, 390 MHz, 7001 MHz, 0x0000000000000000, 35.41 W, 0 %, 18090 MiB
2026/10/01 04:00:07.864, 1500 MHz, 13801 MHz, 0x0000000000000000, 59.78 W, 0 %, 18410 MiB
2026/10/01 04:00:08.365, 2767 MHz, 13801 MHz, 0x0000000000000000, 105.67 W, 0 %, 18410 MiB
2026/10/01 04:00:08.880, 2932 MHz, 13801 MHz, 0x0000000000000000, 133.33 W, 0 %, 18410 MiB
2026/10/01 04:00:09.394, 2932 MHz, 13801 MHz, 0x0000000000000000, 139.04 W, 10 %, 18410 MiB
2026/10/01 04:00:09.894, 2940 MHz, 13801 MHz, 0x0000000000000000, 114.11 W, 0 %, 18410 MiB
2026/10/01 04:00:10.408, 2932 MHz, 13801 MHz, 0x0000000000000000, 117.55 W, 0 %, 18410 MiB
2026/10/01 04:00:10.923, 2940 MHz, 13801 MHz, 0x0000000000000000, 116.43 W, 0 %, 18410 MiB
2026/10/01 04:00:11.436, 2932 MHz, 13801 MHz, 0x0000000000000000, 115.46 W, 0 %, 18410 MiB
2026/10/01 04:00:11.950, 2932 MHz, 13801 MHz, 0x0000000000000000, 139.01 W, 23 %, 18410 MiB
2026/10/01 04:00:12.454, 2940 MHz, 13801 MHz, 0x0000000000000000, 125.69 W, 42 %, 18410 MiB
2026/10/01 04:00:12.955, 2940 MHz, 13801 MHz, 0x0000000000000000, 117.15 W, 0 %, 18410 MiB
2026/10/01 04:00:13.458, 2932 MHz, 13801 MHz, 0x0000000000000000, 133.26 W, 0 %, 18410 MiB
2026/10/01 04:00:13.958, 2932 MHz, 13801 MHz, 0x0000000000000000, 135.40 W, 0 %, 18415 MiB
2026/10/01 04:00:14.473, 2940 MHz, 13801 MHz, 0x0000000000000000, 139.92 W, 69 %, 18417 MiB
2026/10/01 04:00:14.988, 2940 MHz, 13801 MHz, 0x0000000000000000, 114.77 W, 0 %, 18412 MiB
2026/10/01 04:00:15.499, 2940 MHz, 13801 MHz, 0x0000000000000000, 108.77 W, 0 %, 18412 MiB
2026/10/01 04:00:16.000, 2932 MHz, 13801 MHz, 0x0000000000000000, 116.67 W, 0 %, 18412 MiB
2026/10/01 04:00:16.513, 2940 MHz, 13801 MHz, 0x0000000000000000, 116.80 W, 0 %, 18412 MiB
2026/10/01 04:00:17.029, 2932 MHz, 13801 MHz, 0x0000000000000000, 116.72 W, 0 %, 18412 MiB
2026/10/01 04:00:17.544, 2932 MHz, 13801 MHz, 0x0000000000000000, 136.08 W, 0 %, 18412 MiB
2026/10/01 04:00:18.045, 2940 MHz, 13801 MHz, 0x0000000000000000, 131.13 W, 66 %, 18412 MiB
2026/10/01 04:00:18.560, 2940 MHz, 13801 MHz, 0x0000000000000000, 117.38 W, 0 %, 18412 MiB
2026/10/01 04:00:19.060, 2932 MHz, 13801 MHz, 0x0000000000000000, 136.59 W, 0 %, 18412 MiB
2026/10/01 04:00:19.575, 2940 MHz, 13801 MHz, 0x0000000000000000, 140.44 W, 93 %, 18412 MiB
2026/10/01 04:00:20.087, 2940 MHz, 13801 MHz, 0x0000000000000000, 117.08 W, 0 %, 18412 MiB
2026/10/01 04:00:20.602, 2932 MHz, 13801 MHz, 0x0000000000000000, 135.87 W, 0 %, 18412 MiB
2026/10/01 04:00:21.104, 2940 MHz, 13801 MHz, 0x0000000000000000, 136.18 W, 21 %, 18412 MiB
2026/10/01 04:00:21.606, 2940 MHz, 13801 MHz, 0x0000000000000000, 128.34 W, 53 %, 18412 MiB
2026/10/01 04:00:22.122, 2940 MHz, 13801 MHz, 0x0000000000000000, 120.60 W, 0 %, 18412 MiB
2026/10/01 04:00:22.623, 2385 MHz, 13801 MHz, 0x0000000000000000, 128.85 W, 0 %, 18412 MiB
2026/10/01 04:00:23.137, 2775 MHz, 13801 MHz, 0x0000000000000000, 125.96 W, 0 %, 18412 MiB
2026/10/01 04:00:23.648, 2932 MHz, 13801 MHz, 0x0000000000000000, 134.01 W, 0 %, 18412 MiB
2026/10/01 04:00:24.162, 2940 MHz, 13801 MHz, 0x0000000000000000, 136.19 W, 0 %, 18412 MiB
2026/10/01 04:00:24.664, 2932 MHz, 13801 MHz, 0x0000000000000000, 140.69 W, 0 %, 18412 MiB
2026/10/01 04:00:25.179, 2940 MHz, 13801 MHz, 0x0000000000000000, 119.03 W, 15 %, 18412 MiB
2026/10/01 04:00:25.695, 2940 MHz, 13801 MHz, 0x0000000000000000, 109.67 W, 0 %, 18412 MiB
2026/10/01 04:00:26.206, 2932 MHz, 13801 MHz, 0x0000000000000000, 131.58 W, 0 %, 18412 MiB
2026/10/01 04:00:26.707, 2940 MHz, 13801 MHz, 0x0000000000000000, 115.92 W, 0 %, 18412 MiB
2026/10/01 04:00:27.222, 2932 MHz, 13801 MHz, 0x0000000000000000, 114.30 W, 0 %, 18412 MiB
2026/10/01 04:00:27.735, 2932 MHz, 13801 MHz, 0x0000000000000000, 135.09 W, 0 %, 18412 MiB
2026/10/01 04:00:28.251, 2400 MHz, 13801 MHz, 0x0000000000000000, 105.51 W, 0 %, 18412 MiB
2026/10/01 04:00:28.766, 2115 MHz, 13801 MHz, 0x0000000000000000, 90.20 W, 0 %, 18412 MiB
2026/10/01 04:00:29.266, 2235 MHz, 13801 MHz, 0x0000000000000000, 103.39 W, 0 %, 18412 MiB
2026/10/01 04:00:29.769, 2130 MHz, 13801 MHz, 0x0000000000000000, 112.25 W, 5 %, 18412 MiB
2026/10/01 04:00:30.283, 2940 MHz, 13801 MHz, 0x0000000000000000, 115.90 W, 54 %, 18412 MiB
2026/10/01 04:00:30.796, 2940 MHz, 13801 MHz, 0x0000000000000000, 111.46 W, 0 %, 18412 MiB
2026/10/01 04:00:31.311, 2932 MHz, 13801 MHz, 0x0000000000000000, 135.31 W, 0 %, 18412 MiB
2026/10/01 04:00:31.824, 2940 MHz, 13801 MHz, 0x0000000000000000, 115.40 W, 0 %, 18412 MiB
2026/10/01 04:00:32.325, 2932 MHz, 13801 MHz, 0x0000000000000000, 116.07 W, 0 %, 18412 MiB
2026/10/01 04:00:32.838, 2932 MHz, 13801 MHz, 0x0000000000000000, 135.97 W, 0 %, 18412 MiB
2026/10/01 04:00:33.352, 2940 MHz, 13801 MHz, 0x0000000000000000, 117.31 W, 0 %, 18412 MiB
2026/10/01 04:00:33.854, 2940 MHz, 13801 MHz, 0x0000000000000000, 114.32 W, 0 %, 18412 MiB
2026/10/01 04:00:34.369, 2932 MHz, 13801 MHz, 0x0000000000000000, 135.22 W, 0 %, 18412 MiB
2026/10/01 04:00:34.870, 2940 MHz, 13801 MHz, 0x0000000000000000, 114.64 W, 0 %, 18414 MiB
2026/10/01 04:00:35.380, 2932 MHz, 13801 MHz, 0x0000000000000000, 117.06 W, 0 %, 18414 MiB
2026/10/01 04:00:35.893, 2932 MHz, 13801 MHz, 0x0000000000000000, 140.42 W, 0 %, 18476 MiB
2026/10/01 04:00:36.408, 2940 MHz, 13801 MHz, 0x0000000000000000, 114.92 W, 0 %, 18476 MiB
2026/10/01 04:00:36.920, 2932 MHz, 13801 MHz, 0x0000000000000000, 113.49 W, 0 %, 18476 MiB
2026/10/01 04:00:37.431, 2940 MHz, 13801 MHz, 0x0000000000000000, 138.66 W, 68 %, 18476 MiB
2026/10/01 04:00:37.945, 2940 MHz, 13801 MHz, 0x0000000000000000, 117.05 W, 0 %, 18476 MiB
2026/10/01 04:00:38.445, 2932 MHz, 13801 MHz, 0x0000000000000000, 130.39 W, 0 %, 18476 MiB
2026/10/01 04:00:38.958, 2940 MHz, 13801 MHz, 0x0000000000000000, 114.85 W, 0 %, 18476 MiB
2026/10/01 04:00:39.459, 2932 MHz, 13801 MHz, 0x0000000000000000, 114.91 W, 0 %, 18476 MiB
2026/10/01 04:00:39.960, 2940 MHz, 13801 MHz, 0x0000000000000000, 116.94 W, 0 %, 18476 MiB
2026/10/01 04:00:40.474, 2932 MHz, 13801 MHz, 0x0000000000000000, 117.24 W, 0 %, 18476 MiB
2026/10/01 04:00:40.990, 2940 MHz, 13801 MHz, 0x0000000000000000, 115.24 W, 0 %, 18476 MiB
2026/10/01 04:00:41.504, 2940 MHz, 13801 MHz, 0x0000000000000000, 93.92 W, 0 %, 18476 MiB
2026/10/01 04:00:42.019, 2940 MHz, 13801 MHz, 0x0000000000000000, 93.69 W, 0 %, 18476 MiB
2026/10/01 04:00:42.533, 600 MHz, 7001 MHz, 0x0000000000000000, 71.03 W, 0 %, 18476 MiB
2026/10/01 04:00:43.036, 487 MHz, 7001 MHz, 0x0000000000000000, 46.71 W, 0 %, 18476 MiB
2026/10/01 04:00:43.537, 390 MHz, 7001 MHz, 0x0000000000000000, 35.69 W, 0 %, 18476 MiB
2026/10/01 04:00:44.039, 2595 MHz, 13801 MHz, 0x0000000000000000, 55.08 W, 0 %, 18476 MiB
2026/10/01 04:00:44.554, 2325 MHz, 13801 MHz, 0x0000000000000000, 68.75 W, 0 %, 18476 MiB
2026/10/01 04:00:45.068, 2325 MHz, 13801 MHz, 0x0000000000000000, 66.77 W, 60 %, 18476 MiB
2026/10/01 04:00:45.583, 2940 MHz, 13801 MHz, 0x0000000000000000, 87.21 W, 0 %, 18476 MiB
2026/10/01 04:00:46.084, 2940 MHz, 13801 MHz, 0x0000000000000000, 103.04 W, 0 %, 18476 MiB
2026/10/01 04:00:46.597, 2932 MHz, 13801 MHz, 0x0000000000000000, 116.96 W, 0 %, 18476 MiB
2026/10/01 04:00:47.110, 2940 MHz, 13801 MHz, 0x0000000000000000, 116.95 W, 0 %, 18476 MiB
2026/10/01 04:00:47.611, 2932 MHz, 13801 MHz, 0x0000000000000000, 116.89 W, 0 %, 18476 MiB
2026/10/01 04:00:48.126, 2940 MHz, 13801 MHz, 0x0000000000000000, 114.74 W, 0 %, 18476 MiB
2026/10/01 04:00:48.630, 2940 MHz, 13801 MHz, 0x0000000000000000, 93.61 W, 0 %, 18476 MiB
2026/10/01 04:00:49.145, 2940 MHz, 13801 MHz, 0x0000000000000000, 93.53 W, 0 %, 18476 MiB
2026/10/01 04:00:49.660, 622 MHz, 7001 MHz, 0x0000000000000000, 72.96 W, 0 %, 18476 MiB
2026/10/01 04:00:50.176, 495 MHz, 7001 MHz, 0x0000000000000000, 46.77 W, 0 %, 18476 MiB
2026/10/01 04:00:50.691, 397 MHz, 7001 MHz, 0x0000000000000000, 44.42 W, 46 %, 18476 MiB
2026/10/01 04:00:51.206, 840 MHz, 7001 MHz, 0x0000000000000000, 57.11 W, 0 %, 18476 MiB
2026/10/01 04:00:51.707, 772 MHz, 7001 MHz, 0x0000000000000000, 62.55 W, 42 %, 18476 MiB
2026/10/01 04:00:52.220, 990 MHz, 7001 MHz, 0x0000000000000000, 56.00 W, 0 %, 18476 MiB
2026/10/01 04:00:52.734, 930 MHz, 13801 MHz, 0x0000000000000000, 70.06 W, 78 %, 18476 MiB
2026/10/01 04:00:53.235, 1582 MHz, 7001 MHz, 0x0000000000000000, 63.62 W, 0 %, 18476 MiB
2026/10/01 04:00:53.751, 1260 MHz, 7001 MHz, 0x0000000000000000, 61.91 W, 0 %, 18476 MiB
2026/10/01 04:00:54.266, 1852 MHz, 13801 MHz, 0x0000000000000000, 61.76 W, 0 %, 18476 MiB
2026/10/01 04:00:54.780, 2557 MHz, 13801 MHz, 0x0000000000000000, 101.28 W, 1 %, 18476 MiB
2026/10/01 04:00:55.280, 2932 MHz, 13801 MHz, 0x0000000000000000, 122.19 W, 0 %, 18476 MiB
2026/10/01 04:00:55.782, 2932 MHz, 13801 MHz, 0x0000000000000000, 134.33 W, 0 %, 18481 MiB
2026/10/01 04:00:56.297, 2932 MHz, 13801 MHz, 0x0000000000000000, 140.16 W, 0 %, 18481 MiB
2026/10/01 04:00:56.812, 2932 MHz, 13801 MHz, 0x0000000000000000, 136.05 W, 0 %, 18540 MiB
2026/10/01 04:00:57.322, 2940 MHz, 13801 MHz, 0x0000000000000000, 118.29 W, 21 %, 18540 MiB
2026/10/01 04:00:57.823, 2940 MHz, 13801 MHz, 0x0000000000000000, 115.70 W, 0 %, 18540 MiB
2026/10/01 04:00:58.337, 2940 MHz, 13801 MHz, 0x0000000000000000, 114.15 W, 0 %, 18540 MiB
2026/10/01 04:00:58.838, 2115 MHz, 7001 MHz, 0x0000000000000000, 81.06 W, 0 %, 18540 MiB
2026/10/01 04:00:59.350, 1305 MHz, 7001 MHz, 0x0000000000000000, 53.89 W, 0 %, 18540 MiB
2026/10/01 04:00:59.861, 2595 MHz, 13801 MHz, 0x0000000000000000, 64.39 W, 0 %, 18540 MiB
2026/10/01 04:01:00.376, 2490 MHz, 13801 MHz, 0x0000000000000000, 75.36 W, 0 %, 18540 MiB
2026/10/01 04:01:00.887, 2482 MHz, 13801 MHz, 0x0000000000000000, 64.53 W, 0 %, 18540 MiB
2026/10/01 04:01:01.399, 2587 MHz, 13801 MHz, 0x0000000000000000, 76.58 W, 0 %, 18540 MiB
2026/10/01 04:01:01.913, 1522 MHz, 7001 MHz, 0x0000000000000000, 67.44 W, 0 %, 18540 MiB
2026/10/01 04:01:02.426, 1192 MHz, 7001 MHz, 0x0000000000000000, 44.69 W, 0 %, 18540 MiB
2026/10/01 04:01:02.935, 1800 MHz, 13801 MHz, 0x0000000000000000, 59.51 W, 0 %, 18540 MiB
2026/10/01 04:01:03.448, 2325 MHz, 13801 MHz, 0x0000000000000000, 69.90 W, 0 %, 18540 MiB
2026/10/01 04:01:03.962, 2317 MHz, 13801 MHz, 0x0000000000000000, 58.80 W, 0 %, 18540 MiB
2026/10/01 04:01:04.474, 2310 MHz, 13801 MHz, 0x0000000000000000, 76.85 W, 38 %, 18540 MiB
2026/10/01 04:01:04.986, 2175 MHz, 13801 MHz, 0x0000000000000000, 78.00 W, 0 %, 18540 MiB
2026/10/01 04:01:05.499, 1702 MHz, 7001 MHz, 0x0000000000000000, 55.99 W, 0 %, 18540 MiB
2026/10/01 04:01:06.000, 1357 MHz, 7001 MHz, 0x0000000000000000, 47.25 W, 0 %, 18540 MiB
2026/10/01 04:01:06.511, 1065 MHz, 13801 MHz, 0x0000000000000000, 62.28 W, 74 %, 18540 MiB
2026/10/01 04:01:07.023, 2595 MHz, 13801 MHz, 0x0000000000000000, 70.96 W, 0 %, 18540 MiB
2026/10/01 04:01:07.539, 2595 MHz, 13801 MHz, 0x0000000000000000, 95.13 W, 94 %, 18540 MiB
2026/10/01 04:01:08.054, 2940 MHz, 13801 MHz, 0x0000000000000000, 107.59 W, 0 %, 18540 MiB
2026/10/01 04:01:08.567, 2932 MHz, 13801 MHz, 0x0000000000000000, 116.76 W, 0 %, 18540 MiB
2026/10/01 04:01:09.081, 2940 MHz, 13801 MHz, 0x0000000000000000, 133.75 W, 0 %, 18540 MiB
2026/10/01 04:01:09.595, 2872 MHz, 13801 MHz, 0x0000000000000000, 109.94 W, 0 %, 18540 MiB
2026/10/01 04:01:10.110, 2272 MHz, 13801 MHz, 0x0000000000000000, 101.05 W, 0 %, 18540 MiB
2026/10/01 04:01:10.611, 2092 MHz, 13801 MHz, 0x0000000000000000, 78.57 W, 0 %, 18540 MiB
2026/10/01 04:01:11.126, 1620 MHz, 7001 MHz, 0x0000000000000000, 77.67 W, 0 %, 18540 MiB
2026/10/01 04:01:11.626, 1927 MHz, 13801 MHz, 0x0000000000000000, 69.77 W, 0 %, 18540 MiB
2026/10/01 04:01:12.131, 1672 MHz, 13801 MHz, 0x0000000000000000, 97.41 W, 53 %, 18562 MiB
2026/10/01 04:01:12.644, 1702 MHz, 7001 MHz, 0x0000000000000000, 80.14 W, 2 %, 18562 MiB
2026/10/01 04:01:13.157, 1470 MHz, 7001 MHz, 0x0000000000000000, 49.99 W, 2 %, 18562 MiB
2026/10/01 04:01:13.659, 1275 MHz, 7001 MHz, 0x0000000000000000, 46.40 W, 2 %, 18562 MiB
2026/10/01 04:01:14.162, 1110 MHz, 7001 MHz, 0x0000000000000000, 45.67 W, 2 %, 18553 MiB
2026/10/01 04:01:14.664, 997 MHz, 7001 MHz, 0x0000000000000000, 45.08 W, 2 %, 18553 MiB
2026/10/01 04:01:15.179, 892 MHz, 7001 MHz, 0x0000000000000000, 44.63 W, 2 %, 18553 MiB
2026/10/01 04:01:15.693, 832 MHz, 7001 MHz, 0x0000000000000000, 53.41 W, 2 %, 18553 MiB
2026/10/01 04:01:16.204, 2887 MHz, 13801 MHz, 0x0000000000000000, 89.51 W, 2 %, 18553 MiB
2026/10/01 04:01:16.704, 2940 MHz, 13801 MHz, 0x0000000000000000, 108.74 W, 2 %, 18556 MiB
2026/10/01 04:01:17.217, 2932 MHz, 13801 MHz, 0x0000000000000000, 119.66 W, 2 %, 18552 MiB
2026/10/01 04:01:17.729, 2940 MHz, 13801 MHz, 0x0000000000000000, 116.42 W, 2 %, 18613 MiB
2026/10/01 04:01:18.243, 2932 MHz, 13801 MHz, 0x0000000000000000, 118.39 W, 2 %, 18613 MiB
2026/10/01 04:01:18.744, 2940 MHz, 13801 MHz, 0x0000000000000000, 118.43 W, 2 %, 18613 MiB
2026/10/01 04:01:19.257, 2940 MHz, 13801 MHz, 0x0000000000000000, 94.36 W, 2 %, 18613 MiB
2026/10/01 04:01:19.758, 2940 MHz, 13801 MHz, 0x0000000000000000, 94.34 W, 2 %, 18613 MiB
2026/10/01 04:01:20.271, 1717 MHz, 7001 MHz, 0x0000000000000000, 76.33 W, 2 %, 18613 MiB
2026/10/01 04:01:20.772, 840 MHz, 7001 MHz, 0x0000000000000000, 48.54 W, 2 %, 18613 MiB
2026/10/01 04:01:21.286, 2085 MHz, 13801 MHz, 0x0000000000000000, 74.04 W, 2 %, 18613 MiB
2026/10/01 04:01:21.799, 2940 MHz, 13801 MHz, 0x0000000000000000, 97.49 W, 2 %, 18613 MiB
2026/10/01 04:01:22.300, 2932 MHz, 13801 MHz, 0x0000000000000000, 116.97 W, 2 %, 18613 MiB
2026/10/01 04:01:22.803, 2940 MHz, 13801 MHz, 0x0000000000000000, 137.78 W, 7 %, 18613 MiB
2026/10/01 04:01:23.317, 2940 MHz, 13801 MHz, 0x0000000000000000, 119.99 W, 2 %, 18613 MiB
2026/10/01 04:01:23.831, 2940 MHz, 13801 MHz, 0x0000000000000000, 117.49 W, 2 %, 18367 MiB
2026/10/01 04:01:24.347, 2940 MHz, 13801 MHz, 0x0000000000000000, 102.37 W, 2 %, 18479 MiB
2026/10/01 04:01:24.851, 2940 MHz, 13801 MHz, 0x0000000000000000, 101.52 W, 2 %, 18479 MiB
2026/10/01 04:01:25.364, 2940 MHz, 7001 MHz, 0x0000000000000000, 97.57 W, 2 %, 18379 MiB
2026/10/01 04:01:25.878, 1492 MHz, 7001 MHz, 0x0000000000000000, 66.16 W, 2 %, 18511 MiB
2026/10/01 04:01:26.391, 1425 MHz, 7001 MHz, 0x0000000000000000, 47.52 W, 0 %, 18603 MiB
2026/10/01 04:01:26.905, 2677 MHz, 13801 MHz, 0x0000000000000000, 82.83 W, 0 %, 18749 MiB
2026/10/01 04:01:27.419, 2940 MHz, 13801 MHz, 0x0000000000000000, 102.45 W, 0 %, 18749 MiB
2026/10/01 04:01:27.928, 2940 MHz, 13801 MHz, 0x0000000000000000, 93.45 W, 0 %, 18749 MiB
2026/10/01 04:01:28.439, 2940 MHz, 13801 MHz, 0x0000000000000000, 93.28 W, 0 %, 18749 MiB
2026/10/01 04:01:28.950, 1515 MHz, 7001 MHz, 0x0000000000000000, 70.76 W, 0 %, 18749 MiB
2026/10/01 04:01:29.454, 502 MHz, 7001 MHz, 0x0000000000000000, 42.05 W, 0 %, 18749 MiB
2026/10/01 04:01:29.970, 585 MHz, 7001 MHz, 0x0000000000000000, 36.63 W, 0 %, 18749 MiB
2026/10/01 04:01:30.482, 337 MHz, 810 MHz, 0x0000000000000000, 34.35 W, 0 %, 18749 MiB
2026/10/01 04:01:30.982, 247 MHz, 810 MHz, 0x0000000000000000, 27.48 W, 0 %, 18749 MiB
2026/10/01 04:01:31.497, 225 MHz, 810 MHz, 0x0000000000000000, 24.17 W, 0 %, 18749 MiB
2026/10/01 04:01:32.009, 202 MHz, 810 MHz, 0x0000000000000000, 23.77 W, 22 %, 18973 MiB
2026/10/01 04:01:32.510, 1770 MHz, 13801 MHz, 0x0000000000000000, 50.15 W, 14 %, 18977 MiB
2026/10/01 04:01:33.023, 1702 MHz, 13801 MHz, 0x0000000000000000, 66.56 W, 0 %, 19391 MiB
2026/10/01 04:01:33.525, 1710 MHz, 13801 MHz, 0x0000000000000000, 55.34 W, 0 %, 19391 MiB
2026/10/01 04:01:34.036, 1702 MHz, 13801 MHz, 0x0000000000000000, 58.68 W, 2 %, 19399 MiB
2026/10/01 04:01:34.537, 735 MHz, 7001 MHz, 0x0000000000000000, 54.52 W, 4 %, 19401 MiB
2026/10/01 04:01:35.051, 607 MHz, 7001 MHz, 0x0000000000000000, 40.60 W, 0 %, 27893 MiB
2026/10/01 04:01:35.565, 900 MHz, 7001 MHz, 0x0000000000000000, 43.48 W, 0 %, 27893 MiB
2026/10/01 04:01:36.080, 1327 MHz, 7001 MHz, 0x0000000000000000, 43.40 W, 0 %, 27893 MiB
2026/10/01 04:01:36.582, 1335 MHz, 7001 MHz, 0x0000000000000000, 39.34 W, 0 %, 28153 MiB
2026/10/01 04:01:37.084, 2902 MHz, 13801 MHz, 0x0000000000000000, 120.65 W, 49 %, 28405 MiB
2026/10/01 04:01:37.596, 2835 MHz, 13801 MHz, 0x0000000000000004, 319.87 W, 76 %, 28756 MiB
2026/10/01 04:01:38.110, 2932 MHz, 13801 MHz, 0x0000000000000000, 308.81 W, 52 %, 29136 MiB
2026/10/01 04:01:38.611, 2887 MHz, 13801 MHz, 0x0000000000000000, 249.29 W, 47 %, 29522 MiB
2026/10/01 04:01:39.125, 2925 MHz, 13801 MHz, 0x0000000000000000, 258.61 W, 61 %, 29896 MiB
2026/10/01 04:01:39.627, 2917 MHz, 13801 MHz, 0x0000000000000000, 217.45 W, 41 %, 30017 MiB
2026/10/01 04:01:40.142, 2910 MHz, 13801 MHz, 0x0000000000000000, 237.02 W, 53 %, 30101 MiB
2026/10/01 04:01:40.656, 2932 MHz, 13801 MHz, 0x0000000000000000, 205.72 W, 80 %, 30187 MiB
2026/10/01 04:01:41.171, 2917 MHz, 13801 MHz, 0x0000000000000000, 210.42 W, 84 %, 30381 MiB
2026/10/01 04:01:41.673, 2917 MHz, 13801 MHz, 0x0000000000000000, 281.78 W, 84 %, 30635 MiB
2026/10/01 04:01:42.187, 2902 MHz, 13801 MHz, 0x0000000000000000, 303.21 W, 89 %, 31091 MiB
2026/10/01 04:01:42.688, 2902 MHz, 13801 MHz, 0x0000000000000000, 314.44 W, 87 %, 31215 MiB
2026/10/01 04:01:43.201, 2880 MHz, 13801 MHz, 0x0000000000000000, 282.12 W, 100 %, 31215 MiB
2026/10/01 04:01:43.702, 2932 MHz, 13801 MHz, 0x0000000000000000, 207.27 W, 100 %, 31215 MiB
2026/10/01 04:01:44.203, 2932 MHz, 13801 MHz, 0x0000000000000000, 151.68 W, 92 %, 31243 MiB
2026/10/01 04:01:44.716, 2917 MHz, 13801 MHz, 0x0000000000000000, 148.88 W, 100 %, 31243 MiB
2026/10/01 04:01:45.230, 2940 MHz, 13801 MHz, 0x0000000000000000, 152.53 W, 100 %, 31243 MiB
2026/10/01 04:01:45.741, 2940 MHz, 13801 MHz, 0x0000000000000000, 129.47 W, 100 %, 31243 MiB
2026/10/01 04:01:46.257, 2910 MHz, 13801 MHz, 0x0000000000000000, 159.35 W, 100 %, 31243 MiB
2026/10/01 04:01:46.772, 2940 MHz, 13801 MHz, 0x0000000000000000, 156.18 W, 100 %, 31243 MiB
2026/10/01 04:01:47.285, 2940 MHz, 13801 MHz, 0x0000000000000000, 129.16 W, 100 %, 31289 MiB
2026/10/01 04:01:47.796, 2925 MHz, 13801 MHz, 0x0000000000000000, 154.35 W, 100 %, 31289 MiB
2026/10/01 04:01:48.299, 2940 MHz, 13801 MHz, 0x0000000000000000, 152.15 W, 100 %, 31289 MiB
2026/10/01 04:01:48.814, 2940 MHz, 13801 MHz, 0x0000000000000000, 129.77 W, 100 %, 31289 MiB
2026/10/01 04:01:49.326, 2940 MHz, 13801 MHz, 0x0000000000000000, 159.78 W, 99 %, 31289 MiB
2026/10/01 04:01:49.826, 2940 MHz, 13801 MHz, 0x0000000000000000, 159.62 W, 100 %, 31289 MiB
2026/10/01 04:01:50.342, 2940 MHz, 13801 MHz, 0x0000000000000000, 129.97 W, 92 %, 31289 MiB
2026/10/01 04:01:50.857, 2902 MHz, 13801 MHz, 0x0000000000000000, 162.48 W, 100 %, 31299 MiB
2026/10/01 04:01:51.369, 2940 MHz, 13801 MHz, 0x0000000000000000, 165.29 W, 100 %, 31299 MiB
2026/10/01 04:01:51.871, 2940 MHz, 13801 MHz, 0x0000000000000000, 129.53 W, 100 %, 31299 MiB
2026/10/01 04:01:52.385, 2940 MHz, 13801 MHz, 0x0000000000000000, 129.88 W, 100 %, 31299 MiB
2026/10/01 04:01:52.899, 2940 MHz, 13801 MHz, 0x0000000000000000, 130.15 W, 100 %, 31299 MiB
2026/10/01 04:01:53.411, 2895 MHz, 13801 MHz, 0x0000000000000000, 182.82 W, 100 %, 31299 MiB
2026/10/01 04:01:53.922, 2940 MHz, 13801 MHz, 0x0000000000000000, 182.56 W, 100 %, 31299 MiB
2026/10/01 04:01:54.436, 2940 MHz, 13801 MHz, 0x0000000000000000, 129.25 W, 100 %, 31299 MiB
2026/10/01 04:01:54.951, 2940 MHz, 13801 MHz, 0x0000000000000000, 128.84 W, 100 %, 31299 MiB
2026/10/01 04:01:55.466, 2940 MHz, 13801 MHz, 0x0000000000000000, 128.91 W, 100 %, 31299 MiB
2026/10/01 04:01:55.967, 2940 MHz, 13801 MHz, 0x0000000000000000, 129.05 W, 100 %, 31299 MiB
2026/10/01 04:01:56.481, 2940 MHz, 13801 MHz, 0x0000000000000000, 136.00 W, 92 %, 31299 MiB
2026/10/01 04:01:56.982, 2902 MHz, 13801 MHz, 0x0000000000000000, 153.69 W, 89 %, 31301 MiB
2026/10/01 04:01:57.496, 2940 MHz, 13801 MHz, 0x0000000000000000, 145.70 W, 100 %, 31301 MiB
2026/10/01 04:01:57.997, 2940 MHz, 13801 MHz, 0x0000000000000000, 131.59 W, 100 %, 31301 MiB
2026/10/01 04:01:58.509, 2940 MHz, 13801 MHz, 0x0000000000000000, 131.56 W, 100 %, 31301 MiB
2026/10/01 04:01:59.020, 2932 MHz, 13801 MHz, 0x0000000000000000, 136.08 W, 84 %, 31306 MiB
2026/10/01 04:01:59.534, 2940 MHz, 13801 MHz, 0x0000000000000000, 137.30 W, 95 %, 31301 MiB
2026/10/01 04:02:00.035, 2932 MHz, 13801 MHz, 0x0000000000000000, 135.40 W, 100 %, 31301 MiB
2026/10/01 04:02:00.548, 2932 MHz, 13801 MHz, 0x0000000000000000, 133.57 W, 100 %, 31301 MiB
2026/10/01 04:02:01.063, 2932 MHz, 13801 MHz, 0x0000000000000000, 147.35 W, 100 %, 31301 MiB
2026/10/01 04:02:01.578, 2940 MHz, 13801 MHz, 0x0000000000000000, 141.67 W, 100 %, 31301 MiB
2026/10/01 04:02:02.093, 2932 MHz, 13801 MHz, 0x0000000000000000, 132.26 W, 100 %, 31301 MiB
2026/10/01 04:02:02.595, 2940 MHz, 13801 MHz, 0x0000000000000000, 132.68 W, 100 %, 31301 MiB
2026/10/01 04:02:03.098, 2932 MHz, 13801 MHz, 0x0000000000000000, 135.76 W, 100 %, 31301 MiB
2026/10/01 04:02:03.599, 2932 MHz, 13801 MHz, 0x0000000000000000, 154.83 W, 98 %, 31301 MiB
2026/10/01 04:02:04.102, 2940 MHz, 13801 MHz, 0x0000000000000000, 148.28 W, 100 %, 31301 MiB
2026/10/01 04:02:04.603, 2940 MHz, 13801 MHz, 0x0000000000000000, 128.54 W, 100 %, 31301 MiB
2026/10/01 04:02:05.118, 2940 MHz, 13801 MHz, 0x0000000000000000, 134.80 W, 100 %, 31301 MiB
2026/10/01 04:02:05.631, 2940 MHz, 13801 MHz, 0x0000000000000000, 135.28 W, 100 %, 31301 MiB
2026/10/01 04:02:06.131, 2940 MHz, 13801 MHz, 0x0000000000000000, 128.15 W, 100 %, 31301 MiB
2026/10/01 04:02:06.646, 2940 MHz, 13801 MHz, 0x0000000000000000, 137.97 W, 100 %, 31301 MiB
2026/10/01 04:02:07.158, 2932 MHz, 13801 MHz, 0x0000000000000000, 148.96 W, 90 %, 31301 MiB
2026/10/01 04:02:07.671, 2940 MHz, 13801 MHz, 0x0000000000000000, 152.76 W, 100 %, 31301 MiB
2026/10/01 04:02:08.182, 2940 MHz, 13801 MHz, 0x0000000000000000, 151.70 W, 100 %, 31301 MiB
2026/10/01 04:02:08.697, 2940 MHz, 13801 MHz, 0x0000000000000000, 128.10 W, 100 %, 31301 MiB
2026/10/01 04:02:09.208, 2940 MHz, 13801 MHz, 0x0000000000000000, 136.26 W, 100 %, 31301 MiB
2026/10/01 04:02:09.718, 2940 MHz, 13801 MHz, 0x0000000000000000, 136.18 W, 100 %, 31301 MiB
2026/10/01 04:02:10.227, 2940 MHz, 13801 MHz, 0x0000000000000000, 128.21 W, 100 %, 31301 MiB
2026/10/01 04:02:10.739, 2932 MHz, 13801 MHz, 0x0000000000000000, 138.54 W, 96 %, 31301 MiB
2026/10/01 04:02:11.251, 2940 MHz, 13801 MHz, 0x0000000000000000, 139.77 W, 100 %, 31301 MiB
2026/10/01 04:02:11.766, 2925 MHz, 13801 MHz, 0x0000000000000000, 164.33 W, 100 %, 31301 MiB
2026/10/01 04:02:12.280, 2940 MHz, 13801 MHz, 0x0000000000000000, 156.49 W, 100 %, 31301 MiB
2026/10/01 04:02:12.791, 2940 MHz, 13801 MHz, 0x0000000000000000, 129.04 W, 100 %, 31301 MiB
2026/10/01 04:02:13.305, 2932 MHz, 13801 MHz, 0x0000000000000000, 136.44 W, 91 %, 31301 MiB
2026/10/01 04:02:13.805, 2940 MHz, 13801 MHz, 0x0000000000000000, 138.07 W, 100 %, 31301 MiB
2026/10/01 04:02:14.317, 2940 MHz, 13801 MHz, 0x0000000000000000, 137.13 W, 100 %, 31301 MiB
2026/10/01 04:02:14.826, 2940 MHz, 13801 MHz, 0x0000000000000000, 128.62 W, 100 %, 31301 MiB
2026/10/01 04:02:15.336, 2932 MHz, 13801 MHz, 0x0000000000000000, 139.60 W, 99 %, 31301 MiB
2026/10/01 04:02:15.851, 2940 MHz, 13801 MHz, 0x0000000000000000, 139.65 W, 100 %, 31301 MiB
2026/10/01 04:02:16.365, 2925 MHz, 13801 MHz, 0x0000000000000000, 157.82 W, 100 %, 31301 MiB
2026/10/01 04:02:16.881, 2940 MHz, 13801 MHz, 0x0000000000000000, 129.29 W, 100 %, 31301 MiB
2026/10/01 04:02:17.396, 2932 MHz, 13801 MHz, 0x0000000000000000, 136.88 W, 99 %, 31301 MiB
2026/10/01 04:02:17.911, 2940 MHz, 13801 MHz, 0x0000000000000000, 138.22 W, 100 %, 31301 MiB
2026/10/01 04:02:18.426, 2940 MHz, 13801 MHz, 0x0000000000000000, 135.23 W, 100 %, 31301 MiB
2026/10/01 04:02:18.941, 2940 MHz, 13801 MHz, 0x0000000000000000, 128.73 W, 100 %, 31301 MiB
2026/10/01 04:02:19.446, 2932 MHz, 13801 MHz, 0x0000000000000000, 140.42 W, 100 %, 31301 MiB
2026/10/01 04:02:19.961, 2940 MHz, 13801 MHz, 0x0000000000000000, 140.33 W, 100 %, 31306 MiB
2026/10/01 04:02:20.476, 2940 MHz, 13801 MHz, 0x0000000000000000, 158.36 W, 100 %, 31306 MiB
2026/10/01 04:02:20.988, 2940 MHz, 13801 MHz, 0x0000000000000000, 157.53 W, 100 %, 31301 MiB
2026/10/01 04:02:21.502, 2940 MHz, 13801 MHz, 0x0000000000000000, 129.46 W, 100 %, 31301 MiB
2026/10/01 04:02:22.017, 2932 MHz, 13801 MHz, 0x0000000000000000, 139.30 W, 100 %, 31301 MiB
2026/10/01 04:02:22.518, 2940 MHz, 13801 MHz, 0x0000000000000000, 139.02 W, 100 %, 31301 MiB
2026/10/01 04:02:23.029, 2940 MHz, 13801 MHz, 0x0000000000000000, 130.32 W, 100 %, 31301 MiB
2026/10/01 04:02:23.543, 2940 MHz, 13801 MHz, 0x0000000000000000, 129.00 W, 100 %, 31301 MiB
2026/10/01 04:02:24.044, 2932 MHz, 13801 MHz, 0x0000000000000000, 139.85 W, 100 %, 31301 MiB
2026/10/01 04:02:24.545, 2940 MHz, 13801 MHz, 0x0000000000000000, 141.92 W, 100 %, 31301 MiB
2026/10/01 04:02:25.060, 2940 MHz, 13801 MHz, 0x0000000000000000, 158.74 W, 100 %, 31301 MiB
2026/10/01 04:02:25.574, 2940 MHz, 13801 MHz, 0x0000000000000000, 157.59 W, 100 %, 31301 MiB
2026/10/01 04:02:26.077, 2940 MHz, 13801 MHz, 0x0000000000000000, 128.98 W, 100 %, 31301 MiB
2026/10/01 04:02:26.589, 2932 MHz, 13801 MHz, 0x0000000000000000, 139.18 W, 100 %, 31301 MiB
2026/10/01 04:02:27.104, 2940 MHz, 13801 MHz, 0x0000000000000000, 139.33 W, 100 %, 31301 MiB
2026/10/01 04:02:27.619, 2940 MHz, 13801 MHz, 0x0000000000000000, 129.38 W, 100 %, 31301 MiB
2026/10/01 04:02:28.131, 2940 MHz, 13801 MHz, 0x0000000000000000, 129.54 W, 100 %, 31301 MiB
2026/10/01 04:02:28.636, 2940 MHz, 13801 MHz, 0x0000000000000000, 141.20 W, 100 %, 31301 MiB
2026/10/01 04:02:29.137, 2932 MHz, 13801 MHz, 0x0000000000000000, 143.30 W, 92 %, 31301 MiB
2026/10/01 04:02:29.639, 2940 MHz, 13801 MHz, 0x0000000000000000, 156.88 W, 100 %, 31301 MiB
2026/10/01 04:02:30.151, 2940 MHz, 13801 MHz, 0x0000000000000000, 156.11 W, 100 %, 31301 MiB
2026/10/01 04:02:30.666, 2940 MHz, 13801 MHz, 0x0000000000000000, 129.99 W, 100 %, 31301 MiB
2026/10/01 04:02:31.166, 2932 MHz, 13801 MHz, 0x0000000000000000, 141.53 W, 100 %, 31301 MiB
2026/10/01 04:02:31.677, 2940 MHz, 13801 MHz, 0x0000000000000000, 140.17 W, 100 %, 31301 MiB
2026/10/01 04:02:32.179, 2940 MHz, 13801 MHz, 0x0000000000000000, 129.76 W, 100 %, 31301 MiB
2026/10/01 04:02:32.680, 2940 MHz, 13801 MHz, 0x0000000000000000, 129.98 W, 100 %, 31301 MiB
2026/10/01 04:02:33.195, 2940 MHz, 13801 MHz, 0x0000000000000000, 143.42 W, 100 %, 31301 MiB
2026/10/01 04:02:33.710, 2925 MHz, 13801 MHz, 0x0000000000000000, 155.98 W, 90 %, 31301 MiB
2026/10/01 04:02:34.211, 2940 MHz, 13801 MHz, 0x0000000000000000, 157.21 W, 100 %, 31301 MiB
2026/10/01 04:02:34.726, 2940 MHz, 13801 MHz, 0x0000000000000000, 156.39 W, 100 %, 31301 MiB
2026/10/01 04:02:35.238, 2940 MHz, 13801 MHz, 0x0000000000000000, 129.92 W, 100 %, 31301 MiB
2026/10/01 04:02:35.738, 2932 MHz, 13801 MHz, 0x0000000000000000, 142.01 W, 100 %, 31301 MiB
2026/10/01 04:02:36.252, 2940 MHz, 13801 MHz, 0x0000000000000000, 141.70 W, 100 %, 31301 MiB
2026/10/01 04:02:36.753, 2940 MHz, 13801 MHz, 0x0000000000000000, 129.32 W, 100 %, 31301 MiB
2026/10/01 04:02:37.266, 2940 MHz, 13801 MHz, 0x0000000000000000, 129.46 W, 100 %, 31301 MiB
2026/10/01 04:02:37.781, 2940 MHz, 13801 MHz, 0x0000000000000000, 144.21 W, 100 %, 31301 MiB
2026/10/01 04:02:38.295, 2910 MHz, 13801 MHz, 0x0000000000000000, 168.24 W, 83 %, 31301 MiB
2026/10/01 04:02:38.795, 2940 MHz, 13801 MHz, 0x0000000000000000, 160.30 W, 100 %, 31301 MiB
2026/10/01 04:02:39.310, 2940 MHz, 13801 MHz, 0x0000000000000000, 136.85 W, 100 %, 31301 MiB
2026/10/01 04:02:39.811, 2940 MHz, 13801 MHz, 0x0000000000000000, 130.68 W, 100 %, 31301 MiB
2026/10/01 04:02:40.325, 2940 MHz, 13801 MHz, 0x0000000000000000, 144.19 W, 100 %, 31301 MiB
2026/10/01 04:02:40.825, 2940 MHz, 13801 MHz, 0x0000000000000000, 142.65 W, 100 %, 31306 MiB
2026/10/01 04:02:41.337, 2940 MHz, 13801 MHz, 0x0000000000000000, 130.00 W, 100 %, 31301 MiB
2026/10/01 04:02:41.849, 2940 MHz, 13801 MHz, 0x0000000000000000, 129.90 W, 96 %, 31301 MiB
2026/10/01 04:02:42.360, 2940 MHz, 13801 MHz, 0x0000000000000000, 144.46 W, 100 %, 31301 MiB
2026/10/01 04:02:42.861, 2910 MHz, 13801 MHz, 0x0000000000000000, 171.49 W, 91 %, 31301 MiB
2026/10/01 04:02:43.371, 2940 MHz, 13801 MHz, 0x0000000000000000, 160.29 W, 100 %, 31301 MiB
2026/10/01 04:02:43.872, 2940 MHz, 13801 MHz, 0x0000000000000000, 144.62 W, 100 %, 31301 MiB
2026/10/01 04:02:44.387, 2940 MHz, 13801 MHz, 0x0000000000000000, 130.52 W, 100 %, 31301 MiB
2026/10/01 04:02:44.898, 2940 MHz, 13801 MHz, 0x0000000000000000, 144.93 W, 100 %, 31301 MiB
2026/10/01 04:02:45.412, 2940 MHz, 13801 MHz, 0x0000000000000000, 130.54 W, 100 %, 31301 MiB
2026/10/01 04:02:45.917, 2925 MHz, 13801 MHz, 0x0000000000000000, 140.13 W, 90 %, 31301 MiB
2026/10/01 04:02:46.429, 2940 MHz, 13801 MHz, 0x0000000000000000, 145.49 W, 100 %, 31301 MiB
2026/10/01 04:02:46.944, 2902 MHz, 13801 MHz, 0x0000000000000000, 172.82 W, 99 %, 31301 MiB
2026/10/01 04:02:47.445, 2940 MHz, 13801 MHz, 0x0000000000000000, 161.12 W, 100 %, 31301 MiB
2026/10/01 04:02:47.957, 2940 MHz, 13801 MHz, 0x0000000000000000, 136.98 W, 100 %, 31301 MiB
2026/10/01 04:02:48.459, 2925 MHz, 13801 MHz, 0x0000000000000000, 137.63 W, 91 %, 31301 MiB
2026/10/01 04:02:48.961, 2925 MHz, 13801 MHz, 0x0000000000000000, 144.31 W, 100 %, 31301 MiB
2026/10/01 04:02:49.461, 2940 MHz, 13801 MHz, 0x0000000000000000, 144.11 W, 100 %, 31301 MiB
2026/10/01 04:02:49.976, 2940 MHz, 13801 MHz, 0x0000000000000000, 130.85 W, 100 %, 31301 MiB
2026/10/01 04:02:50.491, 2917 MHz, 13801 MHz, 0x0000000000000000, 148.27 W, 96 %, 31301 MiB
2026/10/01 04:02:51.005, 2925 MHz, 13801 MHz, 0x0000000000000000, 147.49 W, 100 %, 31301 MiB
2026/10/01 04:02:51.519, 2895 MHz, 13801 MHz, 0x0000000000000000, 168.27 W, 98 %, 31301 MiB
2026/10/01 04:02:52.031, 2940 MHz, 13801 MHz, 0x0000000000000000, 164.53 W, 100 %, 31301 MiB
2026/10/01 04:02:52.545, 2940 MHz, 13801 MHz, 0x0000000000000000, 140.54 W, 100 %, 31301 MiB
2026/10/01 04:02:53.060, 2940 MHz, 13801 MHz, 0x0000000000000000, 131.82 W, 92 %, 31301 MiB
2026/10/01 04:02:53.560, 2925 MHz, 13801 MHz, 0x0000000000000000, 147.04 W, 100 %, 31301 MiB
2026/10/01 04:02:54.076, 2925 MHz, 13801 MHz, 0x0000000000000000, 147.76 W, 100 %, 31301 MiB
2026/10/01 04:02:54.577, 2925 MHz, 13801 MHz, 0x0000000000000000, 130.75 W, 100 %, 31301 MiB
2026/10/01 04:02:55.079, 2925 MHz, 13801 MHz, 0x0000000000000000, 140.97 W, 90 %, 31301 MiB
2026/10/01 04:02:55.581, 2932 MHz, 13801 MHz, 0x0000000000000000, 150.73 W, 100 %, 31301 MiB
2026/10/01 04:02:56.083, 2940 MHz, 13801 MHz, 0x0000000000000000, 151.26 W, 100 %, 31301 MiB
2026/10/01 04:02:56.583, 2940 MHz, 13801 MHz, 0x0000000000000000, 153.06 W, 90 %, 31301 MiB
2026/10/01 04:02:57.098, 2925 MHz, 13801 MHz, 0x0000000000000000, 185.57 W, 100 %, 31301 MiB
2026/10/01 04:02:57.599, 2940 MHz, 13801 MHz, 0x0000000000000000, 180.35 W, 100 %, 31301 MiB
2026/10/01 04:02:58.111, 2940 MHz, 13801 MHz, 0x0000000000000000, 131.79 W, 100 %, 31301 MiB
2026/10/01 04:02:58.627, 2910 MHz, 13801 MHz, 0x0000000000000000, 153.63 W, 100 %, 31301 MiB
2026/10/01 04:02:59.129, 2940 MHz, 13801 MHz, 0x0000000000000000, 151.52 W, 100 %, 31301 MiB
2026/10/01 04:02:59.631, 2940 MHz, 13801 MHz, 0x0000000000000000, 133.08 W, 100 %, 31301 MiB
2026/10/01 04:03:00.145, 2940 MHz, 13801 MHz, 0x0000000000000000, 131.60 W, 100 %, 31301 MiB
2026/10/01 04:03:00.660, 2902 MHz, 13801 MHz, 0x0000000000000000, 155.43 W, 100 %, 31301 MiB
2026/10/01 04:03:01.173, 2940 MHz, 13801 MHz, 0x0000000000000000, 153.60 W, 100 %, 31301 MiB
2026/10/01 04:03:01.674, 2940 MHz, 13801 MHz, 0x0000000000000000, 132.47 W, 100 %, 31306 MiB
2026/10/01 04:03:02.188, 2910 MHz, 13801 MHz, 0x0000000000000004, 177.21 W, 84 %, 31306 MiB
2026/10/01 04:03:02.702, 2925 MHz, 13801 MHz, 0x0000000000000000, 182.79 W, 100 %, 31301 MiB
2026/10/01 04:03:03.216, 2925 MHz, 13801 MHz, 0x0000000000000000, 161.32 W, 100 %, 31301 MiB
2026/10/01 04:03:03.731, 2925 MHz, 13801 MHz, 0x0000000000000000, 132.03 W, 100 %, 31301 MiB
2026/10/01 04:03:04.245, 2917 MHz, 13801 MHz, 0x0000000000000000, 153.20 W, 100 %, 31301 MiB
2026/10/01 04:03:04.749, 2940 MHz, 13801 MHz, 0x0000000000000000, 153.04 W, 100 %, 31301 MiB
2026/10/01 04:03:05.263, 2940 MHz, 13801 MHz, 0x0000000000000000, 131.50 W, 100 %, 31301 MiB
2026/10/01 04:03:05.766, 2940 MHz, 13801 MHz, 0x0000000000000000, 131.41 W, 100 %, 31301 MiB
2026/10/01 04:03:06.281, 2895 MHz, 13801 MHz, 0x0000000000000000, 157.04 W, 100 %, 31301 MiB
2026/10/01 04:03:06.783, 2925 MHz, 13801 MHz, 0x0000000000000000, 157.60 W, 100 %, 31301 MiB
2026/10/01 04:03:07.298, 2925 MHz, 13801 MHz, 0x0000000000000000, 132.59 W, 100 %, 31301 MiB
2026/10/01 04:03:07.801, 2880 MHz, 13801 MHz, 0x0000000000000000, 188.10 W, 99 %, 31301 MiB
2026/10/01 04:03:08.305, 2925 MHz, 13801 MHz, 0x0000000000000000, 187.74 W, 100 %, 31301 MiB
2026/10/01 04:03:08.807, 2925 MHz, 13801 MHz, 0x0000000000000000, 141.67 W, 100 %, 31301 MiB
2026/10/01 04:03:09.322, 2925 MHz, 13801 MHz, 0x0000000000000000, 131.75 W, 95 %, 31301 MiB
2026/10/01 04:03:09.835, 2925 MHz, 13801 MHz, 0x0000000000000000, 157.10 W, 100 %, 31301 MiB
2026/10/01 04:03:10.348, 2925 MHz, 13801 MHz, 0x0000000000000000, 154.62 W, 100 %, 31301 MiB
2026/10/01 04:03:10.849, 2925 MHz, 13801 MHz, 0x0000000000000000, 131.39 W, 100 %, 31301 MiB
2026/10/01 04:03:11.363, 2925 MHz, 13801 MHz, 0x0000000000000000, 131.42 W, 100 %, 31323 MiB
2026/10/01 04:03:11.863, 2917 MHz, 13801 MHz, 0x0000000000000000, 168.28 W, 100 %, 31323 MiB
2026/10/01 04:03:12.376, 2925 MHz, 13801 MHz, 0x0000000000000000, 168.44 W, 100 %, 31323 MiB
2026/10/01 04:03:12.878, 2925 MHz, 13801 MHz, 0x0000000000000000, 132.40 W, 100 %, 31323 MiB
2026/10/01 04:03:13.379, 2925 MHz, 13801 MHz, 0x0000000000000000, 132.60 W, 100 %, 31323 MiB
2026/10/01 04:03:13.892, 2925 MHz, 13801 MHz, 0x0000000000000000, 132.49 W, 100 %, 31323 MiB
2026/10/01 04:03:14.393, 2880 MHz, 13801 MHz, 0x0000000000000004, 210.09 W, 97 %, 31323 MiB
2026/10/01 04:03:14.895, 2925 MHz, 13801 MHz, 0x0000000000000000, 221.45 W, 100 %, 31323 MiB
2026/10/01 04:03:15.408, 2925 MHz, 13801 MHz, 0x0000000000000000, 179.29 W, 100 %, 31323 MiB
2026/10/01 04:03:15.908, 2925 MHz, 13801 MHz, 0x0000000000000000, 131.79 W, 100 %, 31323 MiB
2026/10/01 04:03:16.418, 2925 MHz, 13801 MHz, 0x0000000000000000, 132.12 W, 100 %, 31323 MiB
2026/10/01 04:03:16.932, 2925 MHz, 13801 MHz, 0x0000000000000000, 132.08 W, 100 %, 31323 MiB
2026/10/01 04:03:17.446, 2872 MHz, 13801 MHz, 0x0000000000000000, 171.85 W, 100 %, 31323 MiB
2026/10/01 04:03:17.961, 2925 MHz, 13801 MHz, 0x0000000000000000, 174.56 W, 100 %, 31323 MiB
2026/10/01 04:03:18.475, 2925 MHz, 13801 MHz, 0x0000000000000000, 134.38 W, 100 %, 31323 MiB
2026/10/01 04:03:18.977, 2925 MHz, 13801 MHz, 0x0000000000000000, 131.07 W, 100 %, 31323 MiB
2026/10/01 04:03:19.492, 2925 MHz, 13801 MHz, 0x0000000000000000, 130.85 W, 100 %, 31323 MiB
2026/10/01 04:03:20.003, 2925 MHz, 13801 MHz, 0x0000000000000000, 131.11 W, 100 %, 31323 MiB
2026/10/01 04:03:20.512, 2925 MHz, 13801 MHz, 0x0000000000000000, 131.05 W, 100 %, 31323 MiB
2026/10/01 04:03:21.023, 2925 MHz, 13801 MHz, 0x0000000000000000, 130.93 W, 100 %, 31323 MiB
2026/10/01 04:03:21.538, 2865 MHz, 13801 MHz, 0x0000000000000000, 159.66 W, 100 %, 31323 MiB
2026/10/01 04:03:22.049, 2917 MHz, 13801 MHz, 0x0000000000000000, 163.04 W, 100 %, 31323 MiB
2026/10/01 04:03:22.561, 2917 MHz, 13801 MHz, 0x0000000000000000, 131.61 W, 19 %, 28750 MiB
2026/10/01 04:03:23.076, 2940 MHz, 13801 MHz, 0x0000000000000000, 121.91 W, 14 %, 28756 MiB
2026/10/01 04:03:23.584, 2940 MHz, 13801 MHz, 0x0000000000000000, 110.46 W, 12 %, 28779 MiB
2026/10/01 04:03:24.096, 2940 MHz, 13801 MHz, 0x0000000000000000, 100.60 W, 0 %, 28801 MiB
2026/10/01 04:03:24.607, 1290 MHz, 7001 MHz, 0x0000000000000000, 74.42 W, 0 %, 28801 MiB
2026/10/01 04:03:25.121, 1680 MHz, 7001 MHz, 0x0000000000000000, 67.03 W, 20 %, 29295 MiB
2026/10/01 04:03:25.635, 2310 MHz, 7001 MHz, 0x0000000000000000, 76.64 W, 11 %, 29343 MiB
2026/10/01 04:03:26.150, 1207 MHz, 7001 MHz, 0x0000000000000000, 63.72 W, 0 %, 29347 MiB
2026/10/01 04:03:26.664, 1132 MHz, 13801 MHz, 0x0000000000000000, 51.83 W, 69 %, 29347 MiB
2026/10/01 04:03:27.166, 1657 MHz, 7001 MHz, 0x0000000000000000, 56.13 W, 0 %, 29347 MiB
2026/10/01 04:03:27.666, 1297 MHz, 7001 MHz, 0x0000000000000000, 54.23 W, 0 %, 29347 MiB
2026/10/01 04:03:28.179, 1042 MHz, 7001 MHz, 0x0000000000000000, 40.93 W, 0 %, 29347 MiB
2026/10/01 04:03:28.694, 817 MHz, 7001 MHz, 0x0000000000000000, 38.19 W, 0 %, 29347 MiB
2026/10/01 04:03:29.194, 667 MHz, 810 MHz, 0x0000000000000000, 36.47 W, 0 %, 29347 MiB
2026/10/01 04:03:29.699, 525 MHz, 810 MHz, 0x0000000000000000, 31.91 W, 0 %, 29347 MiB
2026/10/01 04:03:30.209, 397 MHz, 810 MHz, 0x0000000000000000, 27.39 W, 0 %, 29347 MiB
2026/10/01 04:03:30.722, 300 MHz, 810 MHz, 0x0000000000000000, 25.02 W, 0 %, 29347 MiB
2026/10/01 04:03:31.236, 225 MHz, 405 MHz, 0x0000000000000000, 22.50 W, 0 %, 29347 MiB
2026/10/01 04:03:31.751, 180 MHz, 405 MHz, 0x0000000000000000, 21.25 W, 0 %, 29347 MiB
2026/10/01 04:03:32.266, 180 MHz, 405 MHz, 0x0000000000000000, 20.67 W, 0 %, 29347 MiB
2026/10/01 04:03:32.781, 180 MHz, 405 MHz, 0x0000000000000000, 20.70 W, 0 %, 29347 MiB
2026/10/01 04:03:33.295, 180 MHz, 405 MHz, 0x0000000000000000, 20.67 W, 0 %, 29347 MiB
2026/10/01 04:03:33.809, 180 MHz, 405 MHz, 0x0000000000000000, 20.99 W, 0 %, 29347 MiB
2026/10/01 04:03:34.309, 180 MHz, 405 MHz, 0x0000000000000000, 21.07 W, 0 %, 29347 MiB
2026/10/01 04:03:34.823, 172 MHz, 405 MHz, 0x0000000000000000, 20.78 W, 0 %, 29347 MiB
2026/10/01 04:03:35.338, 202 MHz, 405 MHz, 0x0000000000000000, 20.41 W, 0 %, 29347 MiB
2026/10/01 04:03:35.852, 202 MHz, 405 MHz, 0x0000000000000000, 20.45 W, 0 %, 29347 MiB
2026/10/01 04:03:36.366, 210 MHz, 405 MHz, 0x0000000000000000, 20.58 W, 0 %, 29347 MiB
2026/10/01 04:03:36.880, 202 MHz, 405 MHz, 0x0000000000000000, 20.50 W, 0 %, 29347 MiB
2026/10/01 04:03:37.381, 210 MHz, 405 MHz, 0x0000000000000000, 20.77 W, 0 %, 29347 MiB
2026/10/01 04:03:37.892, 210 MHz, 405 MHz, 0x0000000000000000, 20.99 W, 0 %, 29347 MiB
2026/10/01 04:03:38.407, 225 MHz, 405 MHz, 0x0000000000000000, 21.00 W, 0 %, 29347 MiB
2026/10/01 04:03:38.908, 202 MHz, 405 MHz, 0x0000000000000000, 20.47 W, 0 %, 29347 MiB
2026/10/01 04:03:39.424, 180 MHz, 405 MHz, 0x0000000000000000, 19.40 W, 0 %, 29347 MiB
2026/10/01 04:03:39.934, 180 MHz, 405 MHz, 0x0000000000000000, 18.39 W, 0 %, 29347 MiB
2026/10/01 04:03:40.436, 180 MHz, 405 MHz, 0x0000000000000000, 18.04 W, 0 %, 29347 MiB
2026/10/01 04:03:40.950, 337 MHz, 405 MHz, 0x0000000000000000, 18.97 W, 0 %, 29347 MiB
2026/10/01 04:03:41.451, 180 MHz, 405 MHz, 0x0000000000000000, 19.07 W, 0 %, 29347 MiB
2026/10/01 04:03:41.964, 180 MHz, 405 MHz, 0x0000000000000000, 18.27 W, 0 %, 29347 MiB
2026/10/01 04:03:42.476, 180 MHz, 405 MHz, 0x0000000000000000, 18.00 W, 0 %, 29347 MiB
2026/10/01 04:03:42.990, 180 MHz, 405 MHz, 0x0000000000000000, 18.50 W, 22 %, 29411 MiB
2026/10/01 04:03:43.503, 247 MHz, 405 MHz, 0x0000000000000000, 19.24 W, 13 %, 29414 MiB
2026/10/01 04:03:44.018, 2932 MHz, 13801 MHz, 0x0000000000000000, 78.55 W, 0 %, 29414 MiB
2026/10/01 04:03:44.532, 2940 MHz, 13801 MHz, 0x0000000000000000, 115.46 W, 0 %, 29411 MiB
2026/10/01 04:03:45.033, 2940 MHz, 13801 MHz, 0x0000000000000000, 93.17 W, 0 %, 29411 MiB
2026/10/01 04:03:45.534, 2940 MHz, 13801 MHz, 0x0000000000000000, 93.05 W, 0 %, 29411 MiB
2026/10/01 04:03:46.034, 1020 MHz, 7001 MHz, 0x0000000000000000, 76.31 W, 0 %, 29411 MiB
2026/10/01 04:03:46.548, 472 MHz, 7001 MHz, 0x0000000000000000, 51.62 W, 0 %, 29411 MiB
2026/10/01 04:03:47.063, 420 MHz, 7001 MHz, 0x0000000000000000, 41.12 W, 0 %, 29411 MiB
2026/10/01 04:03:47.564, 420 MHz, 7001 MHz, 0x0000000000000000, 41.12 W, 0 %, 29411 MiB
2026/10/01 04:03:48.075, 262 MHz, 7001 MHz, 0x0000000000000000, 34.72 W, 0 %, 29411 MiB
2026/10/01 04:03:48.584, 262 MHz, 7001 MHz, 0x0000000000000000, 34.72 W, 0 %, 29411 MiB
2026/10/01 04:03:49.085, 180 MHz, 7001 MHz, 0x0000000000000000, 34.45 W, 0 %, 29411 MiB
2026/10/01 04:03:49.601, 180 MHz, 7001 MHz, 0x0000000000000000, 34.45 W, 0 %, 29411 MiB
2026/10/01 04:03:50.103, 180 MHz, 810 MHz, 0x0000000000000000, 13.75 W, 0 %, 29411 MiB
2026/10/01 04:03:50.616, 180 MHz, 810 MHz, 0x0000000000000000, 13.75 W, 0 %, 29411 MiB
2026/10/01 04:03:51.127, 180 MHz, 405 MHz, 0x0000000000000000, 12.52 W, 0 %, 29411 MiB
2026/10/01 04:03:51.641, 2940 MHz, 13801 MHz, 0x0000000000000000, 37.53 W, 100 %, 29411 MiB
2026/10/01 04:03:52.157, 2940 MHz, 13801 MHz, 0x0000000000000000, 94.91 W, 100 %, 29411 MiB
2026/10/01 04:03:52.666, 2932 MHz, 13801 MHz, 0x0000000000000000, 148.18 W, 98 %, 29411 MiB
2026/10/01 04:03:53.172, 2932 MHz, 13801 MHz, 0x0000000000000000, 189.26 W, 97 %, 29411 MiB
2026/10/01 04:03:53.682, 2925 MHz, 13801 MHz, 0x0000000000000000, 215.42 W, 98 %, 29411 MiB
2026/10/01 04:03:54.195, 2925 MHz, 13801 MHz, 0x0000000000000000, 196.40 W, 100 %, 29519 MiB
2026/10/01 04:03:54.707, 2940 MHz, 13801 MHz, 0x0000000000000000, 154.64 W, 100 %, 29711 MiB
2026/10/01 04:03:55.217, 2932 MHz, 13801 MHz, 0x0000000000000000, 148.76 W, 98 %, 30159 MiB
2026/10/01 04:03:55.724, 2917 MHz, 13801 MHz, 0x0000000000000000, 190.77 W, 98 %, 30603 MiB
2026/10/01 04:03:56.232, 2910 MHz, 13801 MHz, 0x0000000000000000, 266.82 W, 87 %, 30758 MiB
2026/10/01 04:03:56.740, 2910 MHz, 13801 MHz, 0x0000000000000000, 318.88 W, 84 %, 30758 MiB
2026/10/01 04:03:57.250, 2910 MHz, 13801 MHz, 0x0000000000000000, 336.87 W, 95 %, 30758 MiB
2026/10/01 04:03:57.756, 2910 MHz, 13801 MHz, 0x0000000000000000, 338.38 W, 95 %, 30758 MiB
2026/10/01 04:03:58.263, 2910 MHz, 13801 MHz, 0x0000000000000000, 343.73 W, 64 %, 30758 MiB
2026/10/01 04:03:58.772, 2910 MHz, 13801 MHz, 0x0000000000000000, 352.91 W, 95 %, 30758 MiB
2026/10/01 04:03:59.279, 2910 MHz, 13801 MHz, 0x0000000000000000, 340.58 W, 94 %, 30758 MiB
2026/10/01 04:03:59.786, 2910 MHz, 13801 MHz, 0x0000000000000000, 336.61 W, 94 %, 30758 MiB
2026/10/01 04:04:00.293, 2910 MHz, 13801 MHz, 0x0000000000000000, 340.30 W, 95 %, 30758 MiB
2026/10/01 04:04:00.804, 2910 MHz, 13801 MHz, 0x0000000000000000, 354.33 W, 95 %, 30758 MiB
2026/10/01 04:04:01.311, 2910 MHz, 13801 MHz, 0x0000000000000000, 354.66 W, 95 %, 30758 MiB
2026/10/01 04:04:01.820, 2910 MHz, 13801 MHz, 0x0000000000000000, 344.17 W, 95 %, 30758 MiB
2026/10/01 04:04:02.325, 2910 MHz, 13801 MHz, 0x0000000000000000, 343.29 W, 93 %, 30758 MiB
2026/10/01 04:04:02.834, 2910 MHz, 13801 MHz, 0x0000000000000000, 354.39 W, 95 %, 30758 MiB
2026/10/01 04:04:03.343, 2910 MHz, 13801 MHz, 0x0000000000000000, 353.87 W, 95 %, 30758 MiB
2026/10/01 04:04:03.853, 2910 MHz, 13801 MHz, 0x0000000000000000, 341.14 W, 95 %, 30758 MiB
2026/10/01 04:04:04.360, 2910 MHz, 13801 MHz, 0x0000000000000000, 354.07 W, 95 %, 30758 MiB
2026/10/01 04:04:04.867, 2910 MHz, 13801 MHz, 0x0000000000000000, 355.80 W, 95 %, 30763 MiB
2026/10/01 04:04:05.376, 2910 MHz, 13801 MHz, 0x0000000000000000, 354.01 W, 94 %, 30758 MiB
2026/10/01 04:04:05.884, 2910 MHz, 13801 MHz, 0x0000000000000000, 354.38 W, 94 %, 30758 MiB
2026/10/01 04:04:06.390, 2910 MHz, 13801 MHz, 0x0000000000000000, 342.10 W, 95 %, 30758 MiB
2026/10/01 04:04:06.896, 2910 MHz, 13801 MHz, 0x0000000000000000, 339.93 W, 69 %, 30758 MiB
2026/10/01 04:04:07.406, 2910 MHz, 13801 MHz, 0x0000000000000000, 355.37 W, 95 %, 30758 MiB
2026/10/01 04:04:07.913, 2910 MHz, 13801 MHz, 0x0000000000000000, 352.00 W, 73 %, 30758 MiB
2026/10/01 04:04:08.423, 2910 MHz, 13801 MHz, 0x0000000000000000, 343.73 W, 94 %, 30758 MiB
2026/10/01 04:04:08.930, 2910 MHz, 13801 MHz, 0x0000000000000000, 344.70 W, 95 %, 30758 MiB
2026/10/01 04:04:09.436, 2910 MHz, 13801 MHz, 0x0000000000000000, 342.63 W, 61 %, 30758 MiB
2026/10/01 04:04:09.943, 2910 MHz, 13801 MHz, 0x0000000000000000, 343.94 W, 49 %, 30758 MiB
2026/10/01 04:04:10.450, 2910 MHz, 13801 MHz, 0x0000000000000000, 349.38 W, 95 %, 30758 MiB
2026/10/01 04:04:10.958, 2910 MHz, 13801 MHz, 0x0000000000000000, 338.67 W, 65 %, 30758 MiB
2026/10/01 04:04:11.465, 2910 MHz, 13801 MHz, 0x0000000000000000, 342.88 W, 94 %, 30758 MiB
2026/10/01 04:04:11.970, 2910 MHz, 13801 MHz, 0x0000000000000000, 352.04 W, 82 %, 30758 MiB
2026/10/01 04:04:12.478, 2910 MHz, 13801 MHz, 0x0000000000000000, 356.18 W, 95 %, 30758 MiB
2026/10/01 04:04:12.984, 2910 MHz, 13801 MHz, 0x0000000000000000, 343.18 W, 94 %, 30758 MiB
2026/10/01 04:04:13.490, 2910 MHz, 13801 MHz, 0x0000000000000000, 341.41 W, 95 %, 30758 MiB
2026/10/01 04:04:13.999, 2910 MHz, 13801 MHz, 0x0000000000000000, 355.26 W, 95 %, 30758 MiB
2026/10/01 04:04:14.505, 2910 MHz, 13801 MHz, 0x0000000000000000, 353.58 W, 94 %, 30758 MiB
2026/10/01 04:04:15.016, 2910 MHz, 13801 MHz, 0x0000000000000000, 336.37 W, 94 %, 30758 MiB
2026/10/01 04:04:15.525, 2910 MHz, 13801 MHz, 0x0000000000000000, 337.60 W, 87 %, 30758 MiB
2026/10/01 04:04:16.034, 2910 MHz, 13801 MHz, 0x0000000000000000, 354.65 W, 95 %, 30758 MiB
2026/10/01 04:04:16.545, 2910 MHz, 13801 MHz, 0x0000000000000000, 353.69 W, 95 %, 30758 MiB
2026/10/01 04:04:17.053, 2910 MHz, 13801 MHz, 0x0000000000000000, 340.03 W, 94 %, 30758 MiB
2026/10/01 04:04:17.561, 2910 MHz, 13801 MHz, 0x0000000000000000, 356.09 W, 95 %, 30758 MiB
2026/10/01 04:04:18.071, 2910 MHz, 13801 MHz, 0x0000000000000000, 356.51 W, 94 %, 30758 MiB
2026/10/01 04:04:18.580, 2910 MHz, 13801 MHz, 0x0000000000000000, 341.25 W, 95 %, 30758 MiB
2026/10/01 04:04:19.089, 2910 MHz, 13801 MHz, 0x0000000000000000, 356.68 W, 93 %, 30758 MiB
2026/10/01 04:04:19.597, 2910 MHz, 13801 MHz, 0x0000000000000000, 357.97 W, 95 %, 30758 MiB
2026/10/01 04:04:20.103, 2910 MHz, 13801 MHz, 0x0000000000000000, 358.00 W, 95 %, 30758 MiB
2026/10/01 04:04:20.610, 2910 MHz, 13801 MHz, 0x0000000000000000, 358.11 W, 95 %, 30758 MiB
2026/10/01 04:04:21.118, 2910 MHz, 13801 MHz, 0x0000000000000000, 343.10 W, 70 %, 30758 MiB
2026/10/01 04:04:21.626, 2910 MHz, 13801 MHz, 0x0000000000000000, 357.99 W, 95 %, 30758 MiB
2026/10/01 04:04:22.133, 2910 MHz, 13801 MHz, 0x0000000000000000, 351.73 W, 95 %, 30758 MiB
2026/10/01 04:04:22.640, 2910 MHz, 13801 MHz, 0x0000000000000000, 345.61 W, 95 %, 30758 MiB
2026/10/01 04:04:23.148, 2910 MHz, 13801 MHz, 0x0000000000000000, 357.55 W, 95 %, 30758 MiB
2026/10/01 04:04:23.656, 2910 MHz, 13801 MHz, 0x0000000000000000, 358.55 W, 94 %, 30758 MiB
2026/10/01 04:04:24.162, 2910 MHz, 13801 MHz, 0x0000000000000000, 360.21 W, 95 %, 30758 MiB
2026/10/01 04:04:24.672, 2910 MHz, 13801 MHz, 0x0000000000000000, 353.90 W, 95 %, 30758 MiB
2026/10/01 04:04:25.178, 2910 MHz, 13801 MHz, 0x0000000000000000, 332.56 W, 95 %, 30758 MiB
2026/10/01 04:04:25.685, 2910 MHz, 13801 MHz, 0x0000000000000000, 331.40 W, 28 %, 30758 MiB
2026/10/01 04:04:26.192, 2910 MHz, 13801 MHz, 0x0000000000000000, 348.85 W, 95 %, 30761 MiB
2026/10/01 04:04:26.699, 2910 MHz, 13801 MHz, 0x0000000000000000, 338.05 W, 95 %, 30758 MiB
2026/10/01 04:04:27.206, 2910 MHz, 13801 MHz, 0x0000000000000000, 342.69 W, 94 %, 30758 MiB
2026/10/01 04:04:27.716, 2910 MHz, 13801 MHz, 0x0000000000000000, 332.43 W, 69 %, 30758 MiB
2026/10/01 04:04:28.229, 2910 MHz, 13801 MHz, 0x0000000000000000, 350.09 W, 95 %, 30758 MiB
2026/10/01 04:04:28.740, 2910 MHz, 13801 MHz, 0x0000000000000000, 350.21 W, 95 %, 30758 MiB
2026/10/01 04:04:29.249, 2910 MHz, 13801 MHz, 0x0000000000000000, 342.85 W, 95 %, 30758 MiB
2026/10/01 04:04:29.761, 2910 MHz, 13801 MHz, 0x0000000000000000, 356.32 W, 95 %, 30758 MiB
2026/10/01 04:04:30.270, 2910 MHz, 13801 MHz, 0x0000000000000000, 358.71 W, 95 %, 30758 MiB
2026/10/01 04:04:30.778, 2910 MHz, 13801 MHz, 0x0000000000000000, 344.75 W, 95 %, 30758 MiB
2026/10/01 04:04:31.287, 2910 MHz, 13801 MHz, 0x0000000000000000, 357.72 W, 95 %, 30758 MiB
2026/10/01 04:04:31.796, 2910 MHz, 13801 MHz, 0x0000000000000000, 358.59 W, 95 %, 30758 MiB
2026/10/01 04:04:32.303, 2910 MHz, 13801 MHz, 0x0000000000000000, 353.05 W, 95 %, 30758 MiB
2026/10/01 04:04:32.809, 2910 MHz, 13801 MHz, 0x0000000000000000, 352.47 W, 95 %, 30758 MiB
2026/10/01 04:04:33.318, 2910 MHz, 13801 MHz, 0x0000000000000000, 359.57 W, 94 %, 30758 MiB
2026/10/01 04:04:33.824, 2910 MHz, 13801 MHz, 0x0000000000000000, 359.80 W, 95 %, 30758 MiB
2026/10/01 04:04:34.332, 2910 MHz, 13801 MHz, 0x0000000000000000, 345.83 W, 95 %, 30758 MiB
2026/10/01 04:04:34.839, 2910 MHz, 13801 MHz, 0x0000000000000000, 344.96 W, 95 %, 30758 MiB
2026/10/01 04:04:35.344, 2910 MHz, 13801 MHz, 0x0000000000000000, 347.61 W, 94 %, 30758 MiB
2026/10/01 04:04:35.852, 2910 MHz, 13801 MHz, 0x0000000000000000, 344.70 W, 95 %, 30758 MiB
2026/10/01 04:04:36.358, 2910 MHz, 13801 MHz, 0x0000000000000000, 346.10 W, 59 %, 30758 MiB
2026/10/01 04:04:36.866, 2910 MHz, 13801 MHz, 0x0000000000000000, 356.05 W, 76 %, 30758 MiB
2026/10/01 04:04:37.376, 2910 MHz, 13801 MHz, 0x0000000000000000, 350.86 W, 95 %, 30758 MiB
2026/10/01 04:04:37.884, 2910 MHz, 13801 MHz, 0x0000000000000000, 347.25 W, 82 %, 30758 MiB
2026/10/01 04:04:38.391, 2910 MHz, 13801 MHz, 0x0000000000000000, 361.06 W, 95 %, 30758 MiB
2026/10/01 04:04:38.898, 2910 MHz, 13801 MHz, 0x0000000000000000, 359.69 W, 95 %, 30758 MiB
2026/10/01 04:04:39.406, 2910 MHz, 13801 MHz, 0x0000000000000000, 348.33 W, 95 %, 30758 MiB
2026/10/01 04:04:39.914, 2910 MHz, 13801 MHz, 0x0000000000000000, 354.95 W, 72 %, 30758 MiB
2026/10/01 04:04:40.421, 2910 MHz, 13801 MHz, 0x0000000000000000, 362.08 W, 94 %, 30758 MiB
2026/10/01 04:04:40.929, 2910 MHz, 13801 MHz, 0x0000000000000000, 358.30 W, 76 %, 30758 MiB
2026/10/01 04:04:41.434, 2910 MHz, 13801 MHz, 0x0000000000000000, 357.12 W, 94 %, 30758 MiB
2026/10/01 04:04:41.942, 2910 MHz, 13801 MHz, 0x0000000000000000, 343.41 W, 95 %, 30758 MiB
2026/10/01 04:04:42.452, 2910 MHz, 13801 MHz, 0x0000000000000000, 356.76 W, 94 %, 30758 MiB
2026/10/01 04:04:42.962, 2910 MHz, 13801 MHz, 0x0000000000000000, 361.19 W, 95 %, 30758 MiB
2026/10/01 04:04:43.468, 2910 MHz, 13801 MHz, 0x0000000000000000, 332.09 W, 93 %, 30758 MiB
2026/10/01 04:04:43.977, 2910 MHz, 13801 MHz, 0x0000000000000000, 358.89 W, 95 %, 30758 MiB
2026/10/01 04:04:44.486, 2910 MHz, 13801 MHz, 0x0000000000000000, 346.35 W, 95 %, 30760 MiB
2026/10/01 04:04:44.994, 2910 MHz, 13801 MHz, 0x0000000000000000, 352.34 W, 67 %, 30760 MiB
2026/10/01 04:04:45.503, 2910 MHz, 13801 MHz, 0x0000000000000000, 360.12 W, 95 %, 30760 MiB
2026/10/01 04:04:46.010, 2910 MHz, 13801 MHz, 0x0000000000000000, 347.05 W, 95 %, 30760 MiB
2026/10/01 04:04:46.516, 2910 MHz, 13801 MHz, 0x0000000000000000, 338.73 W, 38 %, 30760 MiB
2026/10/01 04:04:47.024, 2910 MHz, 13801 MHz, 0x0000000000000000, 329.32 W, 12 %, 30765 MiB
2026/10/01 04:04:47.531, 2910 MHz, 13801 MHz, 0x0000000000000000, 347.16 W, 94 %, 30765 MiB
2026/10/01 04:04:48.040, 2910 MHz, 13801 MHz, 0x0000000000000000, 336.13 W, 95 %, 30760 MiB
2026/10/01 04:04:48.544, 2910 MHz, 13801 MHz, 0x0000000000000000, 360.40 W, 95 %, 30760 MiB
2026/10/01 04:04:49.053, 2910 MHz, 13801 MHz, 0x0000000000000000, 361.72 W, 95 %, 30760 MiB
2026/10/01 04:04:49.559, 2910 MHz, 13801 MHz, 0x0000000000000000, 349.95 W, 95 %, 30760 MiB
2026/10/01 04:04:50.066, 2910 MHz, 13801 MHz, 0x0000000000000000, 346.30 W, 61 %, 30760 MiB
2026/10/01 04:04:50.575, 2910 MHz, 13801 MHz, 0x0000000000000000, 360.80 W, 95 %, 30760 MiB
2026/10/01 04:04:51.084, 2910 MHz, 13801 MHz, 0x0000000000000000, 353.80 W, 95 %, 30760 MiB
2026/10/01 04:04:51.590, 2910 MHz, 13801 MHz, 0x0000000000000000, 360.95 W, 95 %, 30760 MiB
2026/10/01 04:04:52.097, 2910 MHz, 13801 MHz, 0x0000000000000000, 363.14 W, 95 %, 30760 MiB
2026/10/01 04:04:52.605, 2910 MHz, 13801 MHz, 0x0000000000000000, 350.21 W, 95 %, 30760 MiB
2026/10/01 04:04:53.113, 2910 MHz, 13801 MHz, 0x0000000000000000, 348.15 W, 95 %, 30760 MiB
2026/10/01 04:04:53.622, 2910 MHz, 13801 MHz, 0x0000000000000000, 346.21 W, 95 %, 30760 MiB
2026/10/01 04:04:54.128, 2910 MHz, 13801 MHz, 0x0000000000000000, 362.11 W, 95 %, 30760 MiB
2026/10/01 04:04:54.638, 2910 MHz, 13801 MHz, 0x0000000000000000, 350.16 W, 95 %, 30760 MiB
2026/10/01 04:04:55.147, 2910 MHz, 13801 MHz, 0x0000000000000000, 327.42 W, 79 %, 30760 MiB
2026/10/01 04:04:55.654, 2910 MHz, 13801 MHz, 0x0000000000000000, 340.87 W, 95 %, 30760 MiB
2026/10/01 04:04:56.163, 2910 MHz, 13801 MHz, 0x0000000000000000, 352.81 W, 76 %, 30760 MiB
2026/10/01 04:04:56.669, 2910 MHz, 13801 MHz, 0x0000000000000000, 361.62 W, 95 %, 30760 MiB
2026/10/01 04:04:57.180, 2910 MHz, 13801 MHz, 0x0000000000000000, 350.12 W, 94 %, 30760 MiB
2026/10/01 04:04:57.688, 2910 MHz, 13801 MHz, 0x0000000000000000, 361.63 W, 95 %, 30760 MiB
2026/10/01 04:04:58.197, 2910 MHz, 13801 MHz, 0x0000000000000000, 361.03 W, 95 %, 30760 MiB
2026/10/01 04:04:58.704, 2910 MHz, 13801 MHz, 0x0000000000000000, 348.44 W, 95 %, 30760 MiB
2026/10/01 04:04:59.211, 2910 MHz, 13801 MHz, 0x0000000000000000, 362.16 W, 95 %, 30760 MiB
2026/10/01 04:04:59.718, 2910 MHz, 13801 MHz, 0x0000000000000000, 362.65 W, 94 %, 30760 MiB
2026/10/01 04:05:00.226, 2910 MHz, 13801 MHz, 0x0000000000000000, 348.14 W, 94 %, 30760 MiB
2026/10/01 04:05:00.731, 2910 MHz, 13801 MHz, 0x0000000000000000, 344.95 W, 78 %, 30760 MiB
2026/10/01 04:05:01.240, 2910 MHz, 13801 MHz, 0x0000000000000000, 360.15 W, 95 %, 30760 MiB
2026/10/01 04:05:01.749, 2910 MHz, 13801 MHz, 0x0000000000000000, 360.95 W, 95 %, 30760 MiB
2026/10/01 04:05:02.257, 2910 MHz, 13801 MHz, 0x0000000000000000, 356.41 W, 76 %, 30760 MiB
2026/10/01 04:05:02.767, 2910 MHz, 13801 MHz, 0x0000000000000000, 361.64 W, 95 %, 30760 MiB
2026/10/01 04:05:03.276, 2910 MHz, 13801 MHz, 0x0000000000000000, 345.07 W, 79 %, 30760 MiB
2026/10/01 04:05:03.786, 2910 MHz, 13801 MHz, 0x0000000000000000, 341.29 W, 74 %, 30760 MiB
2026/10/01 04:05:04.293, 2910 MHz, 13801 MHz, 0x0000000000000000, 348.55 W, 94 %, 30760 MiB
2026/10/01 04:05:04.801, 2910 MHz, 13801 MHz, 0x0000000000000000, 348.39 W, 95 %, 30760 MiB
2026/10/01 04:05:05.310, 2910 MHz, 13801 MHz, 0x0000000000000000, 347.10 W, 62 %, 30760 MiB
2026/10/01 04:05:05.816, 2910 MHz, 13801 MHz, 0x0000000000000000, 362.64 W, 94 %, 30760 MiB
2026/10/01 04:05:06.324, 2910 MHz, 13801 MHz, 0x0000000000000000, 354.17 W, 94 %, 30760 MiB
2026/10/01 04:05:06.831, 2910 MHz, 13801 MHz, 0x0000000000000000, 347.48 W, 95 %, 30760 MiB
2026/10/01 04:05:07.338, 2910 MHz, 13801 MHz, 0x0000000000000000, 355.58 W, 65 %, 30760 MiB
2026/10/01 04:05:07.845, 2910 MHz, 13801 MHz, 0x0000000000000000, 359.26 W, 86 %, 30760 MiB
2026/10/01 04:05:08.358, 2910 MHz, 13801 MHz, 0x0000000000000000, 339.99 W, 95 %, 30765 MiB
2026/10/01 04:05:08.864, 2910 MHz, 13801 MHz, 0x0000000000000000, 328.71 W, 95 %, 30765 MiB
2026/10/01 04:05:09.370, 2910 MHz, 13801 MHz, 0x0000000000000000, 343.82 W, 74 %, 30760 MiB
2026/10/01 04:05:09.878, 2910 MHz, 13801 MHz, 0x0000000000000000, 358.58 W, 89 %, 30760 MiB
2026/10/01 04:05:10.386, 2910 MHz, 13801 MHz, 0x0000000000000000, 347.93 W, 95 %, 30760 MiB
2026/10/01 04:05:10.895, 2910 MHz, 13801 MHz, 0x0000000000000000, 351.50 W, 95 %, 30760 MiB
2026/10/01 04:05:11.403, 2910 MHz, 13801 MHz, 0x0000000000000000, 362.80 W, 82 %, 30760 MiB
2026/10/01 04:05:11.910, 2910 MHz, 13801 MHz, 0x0000000000000000, 364.09 W, 94 %, 30760 MiB
2026/10/01 04:05:12.418, 2910 MHz, 13801 MHz, 0x0000000000000000, 349.95 W, 95 %, 30760 MiB
2026/10/01 04:05:12.925, 2910 MHz, 13801 MHz, 0x0000000000000000, 347.81 W, 85 %, 30760 MiB
2026/10/01 04:05:13.432, 2910 MHz, 13801 MHz, 0x0000000000000000, 358.14 W, 73 %, 30760 MiB
2026/10/01 04:05:13.940, 2910 MHz, 13801 MHz, 0x0000000000000000, 360.49 W, 95 %, 30760 MiB
2026/10/01 04:05:14.446, 2910 MHz, 13801 MHz, 0x0000000000000000, 351.98 W, 48 %, 30760 MiB
2026/10/01 04:05:14.954, 2910 MHz, 13801 MHz, 0x0000000000000000, 362.73 W, 95 %, 30760 MiB
2026/10/01 04:05:15.461, 2910 MHz, 13801 MHz, 0x0000000000000000, 352.61 W, 43 %, 30760 MiB
2026/10/01 04:05:15.967, 2910 MHz, 13801 MHz, 0x0000000000000000, 347.26 W, 42 %, 30760 MiB
2026/10/01 04:05:16.473, 2910 MHz, 13801 MHz, 0x0000000000000000, 349.69 W, 95 %, 30760 MiB
2026/10/01 04:05:16.982, 2910 MHz, 13801 MHz, 0x0000000000000000, 347.70 W, 56 %, 30760 MiB
2026/10/01 04:05:17.491, 2910 MHz, 13801 MHz, 0x0000000000000000, 350.30 W, 95 %, 30760 MiB
2026/10/01 04:05:17.998, 2910 MHz, 13801 MHz, 0x0000000000000000, 363.19 W, 94 %, 30760 MiB
2026/10/01 04:05:18.507, 2910 MHz, 13801 MHz, 0x0000000000000000, 363.66 W, 95 %, 30760 MiB
2026/10/01 04:05:19.013, 2910 MHz, 13801 MHz, 0x0000000000000000, 347.37 W, 95 %, 30760 MiB
2026/10/01 04:05:19.523, 2910 MHz, 13801 MHz, 0x0000000000000000, 348.67 W, 95 %, 30760 MiB
2026/10/01 04:05:20.032, 2910 MHz, 13801 MHz, 0x0000000000000000, 351.68 W, 38 %, 30760 MiB
2026/10/01 04:05:20.539, 2910 MHz, 13801 MHz, 0x0000000000000000, 349.90 W, 95 %, 30760 MiB
2026/10/01 04:05:21.049, 2910 MHz, 13801 MHz, 0x0000000000000000, 361.86 W, 95 %, 30760 MiB
2026/10/01 04:05:21.559, 2910 MHz, 13801 MHz, 0x0000000000000000, 359.02 W, 95 %, 30760 MiB
2026/10/01 04:05:22.068, 2910 MHz, 13801 MHz, 0x0000000000000000, 346.34 W, 95 %, 30760 MiB
2026/10/01 04:05:22.577, 2910 MHz, 13801 MHz, 0x0000000000000000, 361.49 W, 95 %, 30760 MiB
2026/10/01 04:05:23.087, 2910 MHz, 13801 MHz, 0x0000000000000000, 364.27 W, 94 %, 30760 MiB
2026/10/01 04:05:23.593, 2910 MHz, 13801 MHz, 0x0000000000000000, 352.74 W, 95 %, 30760 MiB
2026/10/01 04:05:24.102, 2910 MHz, 13801 MHz, 0x0000000000000000, 363.62 W, 95 %, 30760 MiB
2026/10/01 04:05:24.613, 2910 MHz, 13801 MHz, 0x0000000000000000, 355.71 W, 80 %, 30760 MiB
2026/10/01 04:05:25.122, 2910 MHz, 13801 MHz, 0x0000000000000000, 342.26 W, 95 %, 30760 MiB
2026/10/01 04:05:25.631, 2910 MHz, 13801 MHz, 0x0000000000000000, 347.64 W, 95 %, 30760 MiB
2026/10/01 04:05:26.140, 2910 MHz, 13801 MHz, 0x0000000000000000, 352.78 W, 60 %, 30760 MiB
2026/10/01 04:05:26.650, 2910 MHz, 13801 MHz, 0x0000000000000000, 361.52 W, 95 %, 30760 MiB
2026/10/01 04:05:27.159, 2910 MHz, 13801 MHz, 0x0000000000000000, 350.40 W, 95 %, 30760 MiB
2026/10/01 04:05:27.669, 2910 MHz, 13801 MHz, 0x0000000000000000, 347.41 W, 83 %, 30760 MiB
2026/10/01 04:05:28.174, 2910 MHz, 13801 MHz, 0x0000000000000000, 361.30 W, 95 %, 30760 MiB
2026/10/01 04:05:28.684, 2910 MHz, 13801 MHz, 0x0000000000000000, 358.41 W, 95 %, 30760 MiB
2026/10/01 04:05:29.193, 2910 MHz, 13801 MHz, 0x0000000000000000, 361.70 W, 94 %, 30760 MiB
2026/10/01 04:05:29.704, 2910 MHz, 13801 MHz, 0x0000000000000000, 358.88 W, 95 %, 30765 MiB
2026/10/01 04:05:30.212, 2910 MHz, 13801 MHz, 0x0000000000000000, 357.32 W, 95 %, 30765 MiB
2026/10/01 04:05:30.721, 2910 MHz, 13801 MHz, 0x0000000000000000, 361.92 W, 94 %, 30760 MiB
2026/10/01 04:05:31.229, 2910 MHz, 13801 MHz, 0x0000000000000000, 349.64 W, 95 %, 30760 MiB
2026/10/01 04:05:31.737, 2910 MHz, 13801 MHz, 0x0000000000000000, 347.80 W, 72 %, 30760 MiB
2026/10/01 04:05:32.246, 2910 MHz, 13801 MHz, 0x0000000000000000, 363.20 W, 95 %, 30760 MiB
2026/10/01 04:05:32.756, 2910 MHz, 13801 MHz, 0x0000000000000000, 355.86 W, 95 %, 30760 MiB
2026/10/01 04:05:33.267, 2910 MHz, 13801 MHz, 0x0000000000000000, 361.34 W, 95 %, 30760 MiB
2026/10/01 04:05:33.778, 2910 MHz, 13801 MHz, 0x0000000000000000, 362.88 W, 95 %, 30760 MiB
2026/10/01 04:05:34.285, 2910 MHz, 13801 MHz, 0x0000000000000000, 349.72 W, 42 %, 30760 MiB
2026/10/01 04:05:34.794, 2910 MHz, 13801 MHz, 0x0000000000000000, 357.25 W, 79 %, 30760 MiB
2026/10/01 04:05:35.301, 2902 MHz, 13801 MHz, 0x0000000000000000, 360.28 W, 94 %, 30760 MiB
2026/10/01 04:05:35.810, 2902 MHz, 13801 MHz, 0x0000000000000000, 345.86 W, 95 %, 30760 MiB
2026/10/01 04:05:36.321, 2910 MHz, 13801 MHz, 0x0000000000000000, 344.36 W, 39 %, 30760 MiB
2026/10/01 04:05:36.833, 2910 MHz, 13801 MHz, 0x0000000000000000, 343.02 W, 20 %, 30760 MiB
2026/10/01 04:05:37.345, 2910 MHz, 13801 MHz, 0x0000000000000000, 344.90 W, 95 %, 30760 MiB
2026/10/01 04:05:37.854, 2910 MHz, 13801 MHz, 0x0000000000000000, 343.46 W, 95 %, 30760 MiB
2026/10/01 04:05:38.364, 2910 MHz, 13801 MHz, 0x0000000000000000, 344.14 W, 95 %, 30760 MiB
2026/10/01 04:05:38.874, 2910 MHz, 13801 MHz, 0x0000000000000000, 360.72 W, 95 %, 30760 MiB
2026/10/01 04:05:39.389, 2910 MHz, 13801 MHz, 0x0000000000000000, 360.34 W, 94 %, 30760 MiB
2026/10/01 04:05:39.897, 2910 MHz, 13801 MHz, 0x0000000000000000, 343.14 W, 94 %, 30760 MiB
2026/10/01 04:05:40.406, 2910 MHz, 13801 MHz, 0x0000000000000000, 347.73 W, 95 %, 30760 MiB
2026/10/01 04:05:40.919, 2910 MHz, 13801 MHz, 0x0000000000000000, 363.07 W, 95 %, 30760 MiB
2026/10/01 04:05:41.428, 2910 MHz, 13801 MHz, 0x0000000000000000, 361.29 W, 79 %, 30760 MiB
2026/10/01 04:05:41.940, 2910 MHz, 13801 MHz, 0x0000000000000000, 361.28 W, 95 %, 30760 MiB
2026/10/01 04:05:42.448, 2910 MHz, 13801 MHz, 0x0000000000000000, 364.75 W, 78 %, 30760 MiB
2026/10/01 04:05:42.959, 2910 MHz, 13801 MHz, 0x0000000000000000, 358.48 W, 95 %, 30760 MiB
2026/10/01 04:05:43.466, 2910 MHz, 13801 MHz, 0x0000000000000000, 337.34 W, 95 %, 30760 MiB
2026/10/01 04:05:43.972, 2910 MHz, 13801 MHz, 0x0000000000000000, 341.46 W, 62 %, 30760 MiB
2026/10/01 04:05:44.482, 2910 MHz, 13801 MHz, 0x0000000000000000, 346.92 W, 50 %, 30760 MiB
2026/10/01 04:05:44.990, 2910 MHz, 13801 MHz, 0x0000000000000000, 361.09 W, 94 %, 30760 MiB
2026/10/01 04:05:45.496, 2910 MHz, 13801 MHz, 0x0000000000000000, 359.43 W, 95 %, 30760 MiB
2026/10/01 04:05:46.008, 2910 MHz, 13801 MHz, 0x0000000000000000, 348.77 W, 93 %, 30760 MiB
2026/10/01 04:05:46.515, 2910 MHz, 13801 MHz, 0x0000000000000000, 348.87 W, 95 %, 30760 MiB
2026/10/01 04:05:47.021, 2910 MHz, 13801 MHz, 0x0000000000000000, 361.87 W, 95 %, 30760 MiB
2026/10/01 04:05:47.532, 2910 MHz, 13801 MHz, 0x0000000000000000, 363.17 W, 94 %, 30760 MiB
2026/10/01 04:05:48.041, 2910 MHz, 13801 MHz, 0x0000000000000000, 343.68 W, 67 %, 30760 MiB
2026/10/01 04:05:48.549, 2910 MHz, 13801 MHz, 0x0000000000000000, 352.46 W, 95 %, 30760 MiB
2026/10/01 04:05:49.059, 2910 MHz, 13801 MHz, 0x0000000000000000, 348.34 W, 95 %, 30760 MiB
2026/10/01 04:05:49.568, 2910 MHz, 13801 MHz, 0x0000000000000000, 345.70 W, 81 %, 30760 MiB
2026/10/01 04:05:50.076, 2910 MHz, 13801 MHz, 0x0000000000000000, 363.53 W, 95 %, 30760 MiB
2026/10/01 04:05:50.584, 2910 MHz, 13801 MHz, 0x0000000000000000, 355.08 W, 60 %, 30760 MiB
2026/10/01 04:05:51.092, 2902 MHz, 13801 MHz, 0x0000000000000000, 357.64 W, 95 %, 30765 MiB
2026/10/01 04:05:51.597, 2902 MHz, 13801 MHz, 0x0000000000000000, 353.02 W, 95 %, 30760 MiB
2026/10/01 04:05:52.109, 2895 MHz, 13801 MHz, 0x0000000000000000, 362.71 W, 85 %, 30760 MiB
2026/10/01 04:05:52.617, 2910 MHz, 13801 MHz, 0x0000000000000000, 362.58 W, 95 %, 30760 MiB
2026/10/01 04:05:53.125, 2902 MHz, 13801 MHz, 0x0000000000000000, 348.11 W, 95 %, 30760 MiB
2026/10/01 04:05:53.635, 2902 MHz, 13801 MHz, 0x0000000000000000, 361.90 W, 94 %, 30760 MiB
2026/10/01 04:05:54.150, 2917 MHz, 13801 MHz, 0x0000000000000000, 301.12 W, 0 %, 30760 MiB
2026/10/01 04:05:54.662, 2925 MHz, 13801 MHz, 0x0000000000000000, 162.76 W, 0 %, 30760 MiB
2026/10/01 04:05:55.164, 2925 MHz, 13801 MHz, 0x0000000000000000, 99.36 W, 0 %, 30760 MiB
2026/10/01 04:05:55.677, 2925 MHz, 13801 MHz, 0x0000000000000000, 98.40 W, 0 %, 30760 MiB
2026/10/01 04:05:56.193, 750 MHz, 7001 MHz, 0x0000000000000000, 73.52 W, 0 %, 30760 MiB
2026/10/01 04:05:56.708, 585 MHz, 7001 MHz, 0x0000000000000000, 43.25 W, 0 %, 30760 MiB
2026/10/01 04:05:57.209, 525 MHz, 7001 MHz, 0x0000000000000000, 38.50 W, 0 %, 30760 MiB
2026/10/01 04:05:57.724, 525 MHz, 7001 MHz, 0x0000000000000000, 38.50 W, 0 %, 30760 MiB
2026/10/01 04:05:58.225, 330 MHz, 7001 MHz, 0x0000000000000000, 36.57 W, 0 %, 30760 MiB
2026/10/01 04:05:58.740, 330 MHz, 7001 MHz, 0x0000000000000000, 36.57 W, 0 %, 30760 MiB
2026/10/01 04:05:59.242, 210 MHz, 7001 MHz, 0x0000000000000000, 36.52 W, 0 %, 30760 MiB
2026/10/01 04:05:59.744, 210 MHz, 7001 MHz, 0x0000000000000000, 36.52 W, 0 %, 30760 MiB
2026/10/01 04:06:00.257, 180 MHz, 810 MHz, 0x0000000000000000, 33.14 W, 0 %, 30760 MiB
2026/10/01 04:06:00.758, 180 MHz, 810 MHz, 0x0000000000000000, 33.14 W, 0 %, 30760 MiB
2026/10/01 04:06:01.271, 180 MHz, 810 MHz, 0x0000000000000000, 12.98 W, 0 %, 30760 MiB
2026/10/01 04:06:01.785, 180 MHz, 810 MHz, 0x0000000000000000, 12.98 W, 0 %, 30760 MiB
2026/10/01 04:06:02.298, 180 MHz, 405 MHz, 0x0000000000000000, 13.00 W, 0 %, 30760 MiB
2026/10/01 04:06:02.813, 180 MHz, 405 MHz, 0x0000000000000000, 13.00 W, 0 %, 30760 MiB
2026/10/01 04:06:03.326, 180 MHz, 405 MHz, 0x0000000000000000, 12.47 W, 0 %, 30760 MiB
2026/10/01 04:06:03.840, 180 MHz, 405 MHz, 0x0000000000000000, 12.47 W, 0 %, 30760 MiB
2026/10/01 04:06:04.356, 180 MHz, 405 MHz, 0x0000000000000000, 12.56 W, 0 %, 30760 MiB
2026/10/01 04:06:04.858, 180 MHz, 405 MHz, 0x0000000000000000, 12.56 W, 0 %, 30760 MiB
2026/10/01 04:06:05.359, 180 MHz, 405 MHz, 0x0000000000000000, 12.50 W, 0 %, 30760 MiB
2026/10/01 04:06:05.874, 180 MHz, 405 MHz, 0x0000000000000000, 12.50 W, 0 %, 30760 MiB
2026/10/01 04:06:06.387, 180 MHz, 405 MHz, 0x0000000000000000, 12.40 W, 0 %, 30760 MiB
2026/10/01 04:06:06.901, 180 MHz, 405 MHz, 0x0000000000000000, 12.40 W, 0 %, 30760 MiB
2026/10/01 04:06:07.402, 2917 MHz, 13801 MHz, 0x0000000000000000, 99.23 W, 94 %, 30760 MiB
2026/10/01 04:06:07.914, 2910 MHz, 13801 MHz, 0x0000000000000000, 174.26 W, 39 %, 30760 MiB
2026/10/01 04:06:08.416, 2910 MHz, 13801 MHz, 0x0000000000000000, 355.77 W, 95 %, 30760 MiB
2026/10/01 04:06:08.932, 2910 MHz, 13801 MHz, 0x0000000000000000, 340.44 W, 95 %, 30760 MiB
2026/10/01 04:06:09.435, 2910 MHz, 13801 MHz, 0x0000000000000000, 330.16 W, 78 %, 30760 MiB
2026/10/01 04:06:09.950, 2910 MHz, 13801 MHz, 0x0000000000000000, 348.83 W, 94 %, 30760 MiB
2026/10/01 04:06:10.463, 2910 MHz, 13801 MHz, 0x0000000000000000, 352.19 W, 93 %, 30760 MiB
2026/10/01 04:06:10.964, 2910 MHz, 13801 MHz, 0x0000000000000000, 339.67 W, 95 %, 30760 MiB
2026/10/01 04:06:11.478, 2910 MHz, 13801 MHz, 0x0000000000000000, 344.14 W, 50 %, 30760 MiB
2026/10/01 04:06:11.993, 2910 MHz, 13801 MHz, 0x0000000000000000, 341.25 W, 95 %, 30765 MiB
2026/10/01 04:06:12.507, 2910 MHz, 13801 MHz, 0x0000000000000000, 327.86 W, 19 %, 30760 MiB
2026/10/01 04:06:13.007, 2910 MHz, 13801 MHz, 0x0000000000000000, 349.68 W, 95 %, 30760 MiB
2026/10/01 04:06:13.522, 2910 MHz, 13801 MHz, 0x0000000000000000, 336.73 W, 95 %, 30760 MiB
2026/10/01 04:06:14.037, 2910 MHz, 13801 MHz, 0x0000000000000000, 337.55 W, 95 %, 30760 MiB
2026/10/01 04:06:14.551, 2910 MHz, 13801 MHz, 0x0000000000000000, 355.01 W, 96 %, 30760 MiB
2026/10/01 04:06:15.066, 2925 MHz, 13801 MHz, 0x0000000000000000, 253.48 W, 0 %, 30760 MiB
2026/10/01 04:06:15.579, 2925 MHz, 13801 MHz, 0x0000000000000000, 104.56 W, 0 %, 30760 MiB
2026/10/01 04:06:16.082, 2925 MHz, 13801 MHz, 0x0000000000000000, 95.49 W, 0 %, 30760 MiB
2026/10/01 04:06:16.583, 1980 MHz, 13801 MHz, 0x0000000000000000, 85.51 W, 0 %, 30760 MiB
2026/10/01 04:06:17.084, 555 MHz, 7001 MHz, 0x0000000000000000, 61.65 W, 0 %, 30760 MiB
2026/10/01 04:06:17.596, 435 MHz, 810 MHz, 0x0000000000000000, 39.18 W, 0 %, 30760 MiB
2026/10/01 04:06:18.111, 405 MHz, 810 MHz, 0x0000000000000000, 31.78 W, 0 %, 30760 MiB
2026/10/01 04:06:18.625, 405 MHz, 810 MHz, 0x0000000000000000, 31.78 W, 0 %, 30760 MiB
2026/10/01 04:06:19.138, 232 MHz, 810 MHz, 0x0000000000000000, 17.01 W, 0 %, 30760 MiB
2026/10/01 04:06:19.638, 232 MHz, 810 MHz, 0x0000000000000000, 17.01 W, 0 %, 30760 MiB
2026/10/01 04:06:20.153, 180 MHz, 405 MHz, 0x0000000000000000, 12.10 W, 0 %, 30760 MiB
2026/10/01 04:06:20.654, 180 MHz, 405 MHz, 0x0000000000000000, 12.10 W, 0 %, 30760 MiB
2026/10/01 04:06:21.170, 180 MHz, 405 MHz, 0x0000000000000000, 11.76 W, 0 %, 30956 MiB
2026/10/01 04:06:21.680, 2077 MHz, 13801 MHz, 0x0000000000000000, 36.24 W, 100 %, 31088 MiB
2026/10/01 04:06:22.186, 2910 MHz, 13801 MHz, 0x0000000000000000, 209.47 W, 92 %, 31088 MiB
2026/10/01 04:06:22.693, 2910 MHz, 13801 MHz, 0x0000000000000000, 367.77 W, 95 %, 31088 MiB
2026/10/01 04:06:23.203, 2910 MHz, 13801 MHz, 0x0000000000000000, 368.36 W, 93 %, 31088 MiB
2026/10/01 04:06:23.711, 2887 MHz, 13801 MHz, 0x0000000000000000, 362.54 W, 95 %, 31088 MiB
2026/10/01 04:06:24.220, 2910 MHz, 13801 MHz, 0x0000000000000000, 363.51 W, 95 %, 31088 MiB
2026/10/01 04:06:24.728, 2910 MHz, 13801 MHz, 0x0000000000000000, 371.71 W, 95 %, 31088 MiB
2026/10/01 04:06:25.240, 2910 MHz, 13801 MHz, 0x0000000000000000, 369.95 W, 54 %, 31088 MiB
2026/10/01 04:06:25.753, 2910 MHz, 13801 MHz, 0x0000000000000000, 368.29 W, 95 %, 31088 MiB
2026/10/01 04:06:26.262, 2910 MHz, 13801 MHz, 0x0000000000000000, 367.73 W, 94 %, 31088 MiB
2026/10/01 04:06:26.770, 2910 MHz, 13801 MHz, 0x0000000000000000, 368.91 W, 54 %, 31088 MiB
2026/10/01 04:06:27.279, 2910 MHz, 13801 MHz, 0x0000000000000000, 365.78 W, 95 %, 31088 MiB
2026/10/01 04:06:27.786, 2910 MHz, 13801 MHz, 0x0000000000000000, 368.69 W, 95 %, 31088 MiB
2026/10/01 04:06:28.298, 2910 MHz, 13801 MHz, 0x0000000000000000, 372.04 W, 95 %, 31088 MiB
2026/10/01 04:06:28.807, 2887 MHz, 13801 MHz, 0x0000000000000000, 371.05 W, 95 %, 31088 MiB
2026/10/01 04:06:29.315, 2910 MHz, 13801 MHz, 0x0000000000000000, 371.11 W, 95 %, 31088 MiB
2026/10/01 04:06:29.823, 2910 MHz, 13801 MHz, 0x0000000000000000, 372.08 W, 94 %, 31088 MiB
2026/10/01 04:06:30.330, 2910 MHz, 13801 MHz, 0x0000000000000000, 370.52 W, 52 %, 31088 MiB
2026/10/01 04:06:30.837, 2910 MHz, 13801 MHz, 0x0000000000000000, 370.25 W, 95 %, 31088 MiB
2026/10/01 04:06:31.344, 2910 MHz, 13801 MHz, 0x0000000000000000, 370.39 W, 95 %, 31088 MiB
2026/10/01 04:06:31.851, 2910 MHz, 13801 MHz, 0x0000000000000000, 372.72 W, 95 %, 31088 MiB
2026/10/01 04:06:32.360, 2910 MHz, 13801 MHz, 0x0000000000000000, 367.13 W, 95 %, 31088 MiB
2026/10/01 04:06:32.867, 2910 MHz, 13801 MHz, 0x0000000000000000, 366.56 W, 95 %, 31093 MiB
2026/10/01 04:06:33.378, 2910 MHz, 13801 MHz, 0x0000000000000000, 371.19 W, 95 %, 31093 MiB
2026/10/01 04:06:33.886, 2887 MHz, 13801 MHz, 0x0000000000000000, 364.69 W, 94 %, 31088 MiB
2026/10/01 04:06:34.393, 2910 MHz, 13801 MHz, 0x0000000000000000, 364.45 W, 95 %, 31088 MiB
2026/10/01 04:06:34.903, 2910 MHz, 13801 MHz, 0x0000000000000000, 371.75 W, 95 %, 31088 MiB
2026/10/01 04:06:35.409, 2887 MHz, 13801 MHz, 0x0000000000000000, 367.73 W, 95 %, 31088 MiB
2026/10/01 04:06:35.916, 2910 MHz, 13801 MHz, 0x0000000000000000, 368.06 W, 94 %, 31088 MiB
2026/10/01 04:06:36.423, 2910 MHz, 13801 MHz, 0x0000000000000000, 372.44 W, 92 %, 31088 MiB
2026/10/01 04:06:36.934, 2910 MHz, 13801 MHz, 0x0000000000000000, 372.84 W, 95 %, 31088 MiB
2026/10/01 04:06:37.443, 2895 MHz, 13801 MHz, 0x0000000000000000, 359.99 W, 95 %, 31088 MiB
2026/10/01 04:06:37.950, 2910 MHz, 13801 MHz, 0x0000000000000000, 360.53 W, 95 %, 31088 MiB
2026/10/01 04:06:38.460, 2910 MHz, 13801 MHz, 0x0000000000000000, 374.34 W, 94 %, 31088 MiB
2026/10/01 04:06:38.967, 2902 MHz, 13801 MHz, 0x0000000000000000, 369.49 W, 59 %, 31088 MiB
2026/10/01 04:06:39.473, 2910 MHz, 13801 MHz, 0x0000000000000000, 369.42 W, 95 %, 31088 MiB
2026/10/01 04:06:39.981, 2910 MHz, 13801 MHz, 0x0000000000000000, 373.12 W, 94 %, 31088 MiB
2026/10/01 04:06:40.487, 2910 MHz, 13801 MHz, 0x0000000000000000, 370.35 W, 72 %, 31088 MiB
2026/10/01 04:06:40.992, 2910 MHz, 13801 MHz, 0x0000000000000000, 369.71 W, 95 %, 31088 MiB
2026/10/01 04:06:41.499, 2910 MHz, 13801 MHz, 0x0000000000000000, 374.03 W, 95 %, 31088 MiB
2026/10/01 04:06:42.013, 2880 MHz, 13801 MHz, 0x0000000000000000, 362.08 W, 93 %, 31088 MiB
2026/10/01 04:06:42.518, 2910 MHz, 13801 MHz, 0x0000000000000000, 363.55 W, 95 %, 31088 MiB
2026/10/01 04:06:43.027, 2910 MHz, 13801 MHz, 0x0000000000000000, 368.30 W, 94 %, 31088 MiB
2026/10/01 04:06:43.537, 2910 MHz, 13801 MHz, 0x0000000000000000, 365.48 W, 56 %, 31088 MiB
2026/10/01 04:06:44.047, 2910 MHz, 13801 MHz, 0x0000000000000000, 366.95 W, 95 %, 31088 MiB
2026/10/01 04:06:44.559, 2910 MHz, 13801 MHz, 0x0000000000000000, 367.72 W, 95 %, 31088 MiB
2026/10/01 04:06:45.067, 2910 MHz, 13801 MHz, 0x0000000000000000, 374.06 W, 95 %, 31088 MiB
2026/10/01 04:06:45.582, 2902 MHz, 13801 MHz, 0x0000000000000000, 367.25 W, 50 %, 31088 MiB
2026/10/01 04:06:46.091, 2910 MHz, 13801 MHz, 0x0000000000000000, 365.74 W, 95 %, 31088 MiB
2026/10/01 04:06:46.596, 2910 MHz, 13801 MHz, 0x0000000000000000, 370.79 W, 95 %, 31088 MiB
2026/10/01 04:06:47.109, 2910 MHz, 13801 MHz, 0x0000000000000000, 374.70 W, 95 %, 31088 MiB
2026/10/01 04:06:47.622, 2910 MHz, 13801 MHz, 0x0000000000000000, 370.77 W, 52 %, 31088 MiB
2026/10/01 04:06:48.132, 2910 MHz, 13801 MHz, 0x0000000000000000, 366.26 W, 95 %, 31088 MiB
2026/10/01 04:06:48.644, 2910 MHz, 13801 MHz, 0x0000000000000000, 366.40 W, 95 %, 31088 MiB
2026/10/01 04:06:49.159, 2910 MHz, 13801 MHz, 0x0000000000000000, 371.65 W, 59 %, 31088 MiB
2026/10/01 04:06:49.667, 2910 MHz, 13801 MHz, 0x0000000000000000, 368.73 W, 95 %, 31088 MiB
2026/10/01 04:06:50.181, 2910 MHz, 13801 MHz, 0x0000000000000000, 368.30 W, 95 %, 31088 MiB
2026/10/01 04:06:50.691, 2910 MHz, 13801 MHz, 0x0000000000000000, 374.42 W, 94 %, 31088 MiB
2026/10/01 04:06:51.198, 2887 MHz, 13801 MHz, 0x0000000000000000, 365.42 W, 94 %, 31088 MiB
2026/10/01 04:06:51.704, 2910 MHz, 13801 MHz, 0x0000000000000000, 365.21 W, 94 %, 31088 MiB
2026/10/01 04:06:52.212, 2910 MHz, 13801 MHz, 0x0000000000000000, 373.62 W, 95 %, 31088 MiB
2026/10/01 04:06:52.721, 2910 MHz, 13801 MHz, 0x0000000000000000, 370.77 W, 64 %, 31088 MiB
2026/10/01 04:06:53.228, 2910 MHz, 13801 MHz, 0x0000000000000000, 360.65 W, 95 %, 31092 MiB
2026/10/01 04:06:53.743, 2925 MHz, 13801 MHz, 0x0000000000000000, 271.86 W, 0 %, 31092 MiB
2026/10/01 04:06:54.256, 2925 MHz, 13801 MHz, 0x0000000000000000, 138.59 W, 0 %, 31097 MiB
2026/10/01 04:06:54.757, 2925 MHz, 13801 MHz, 0x0000000000000000, 97.07 W, 0 %, 31092 MiB
2026/10/01 04:06:55.272, 2895 MHz, 13801 MHz, 0x0000000000000000, 92.24 W, 0 %, 31093 MiB
2026/10/01 04:06:55.785, 637 MHz, 7001 MHz, 0x0000000000000000, 68.12 W, 0 %, 31093 MiB
2026/10/01 04:06:56.299, 502 MHz, 7001 MHz, 0x0000000000000000, 40.89 W, 0 %, 31093 MiB
2026/10/01 04:06:56.815, 442 MHz, 7001 MHz, 0x0000000000000000, 36.66 W, 0 %, 31093 MiB
2026/10/01 04:06:57.330, 315 MHz, 7001 MHz, 0x0000000000000000, 36.44 W, 0 %, 31089 MiB
2026/10/01 04:06:57.832, 247 MHz, 7001 MHz, 0x0000000000000000, 36.35 W, 0 %, 31089 MiB
2026/10/01 04:06:58.346, 202 MHz, 7001 MHz, 0x0000000000000000, 36.31 W, 0 %, 31089 MiB
2026/10/01 04:06:58.861, 202 MHz, 7001 MHz, 0x0000000000000000, 36.31 W, 0 %, 31089 MiB
2026/10/01 04:06:59.372, 180 MHz, 810 MHz, 0x0000000000000000, 36.16 W, 0 %, 31089 MiB
2026/10/01 04:06:59.884, 180 MHz, 810 MHz, 0x0000000000000000, 36.16 W, 0 %, 31089 MiB
2026/10/01 04:07:00.399, 180 MHz, 810 MHz, 0x0000000000000000, 19.30 W, 0 %, 31089 MiB
2026/10/01 04:07:00.899, 180 MHz, 810 MHz, 0x0000000000000000, 19.30 W, 0 %, 31089 MiB
2026/10/01 04:07:01.416, 180 MHz, 405 MHz, 0x0000000000000000, 12.23 W, 0 %, 31089 MiB
2026/10/01 04:07:01.919, 180 MHz, 405 MHz, 0x0000000000000000, 12.23 W, 0 %, 31089 MiB
2026/10/01 04:07:02.420, 180 MHz, 405 MHz, 0x0000000000000000, 12.06 W, 0 %, 31089 MiB
2026/10/01 04:07:02.933, 180 MHz, 405 MHz, 0x0000000000000000, 12.06 W, 0 %, 31089 MiB
2026/10/01 04:07:03.434, 180 MHz, 405 MHz, 0x0000000000000000, 11.98 W, 0 %, 31089 MiB
2026/10/01 04:07:03.950, 180 MHz, 405 MHz, 0x0000000000000000, 11.98 W, 0 %, 31089 MiB
2026/10/01 04:07:04.450, 180 MHz, 405 MHz, 0x0000000000000000, 11.84 W, 0 %, 31089 MiB
2026/10/01 04:07:04.965, 180 MHz, 405 MHz, 0x0000000000000000, 11.84 W, 0 %, 31089 MiB
2026/10/01 04:07:05.475, 180 MHz, 405 MHz, 0x0000000000000000, 11.86 W, 0 %, 31089 MiB
2026/10/01 04:07:05.976, 180 MHz, 405 MHz, 0x0000000000000000, 11.86 W, 0 %, 31089 MiB
2026/10/01 04:07:06.490, 180 MHz, 405 MHz, 0x0000000000000000, 12.06 W, 0 %, 31089 MiB
2026/10/01 04:07:06.995, 180 MHz, 405 MHz, 0x0000000000000000, 12.06 W, 0 %, 31089 MiB
2026/10/01 04:07:07.499, 210 MHz, 405 MHz, 0x0000000000000000, 12.69 W, 0 %, 31089 MiB
2026/10/01 04:07:08.013, 180 MHz, 405 MHz, 0x0000000000000000, 13.49 W, 0 %, 31089 MiB
2026/10/01 04:07:08.515, 180 MHz, 405 MHz, 0x0000000000000000, 13.49 W, 0 %, 31089 MiB
2026/10/01 04:07:09.017, 180 MHz, 405 MHz, 0x0000000000000000, 11.96 W, 0 %, 31089 MiB
2026/10/01 04:07:09.518, 180 MHz, 405 MHz, 0x0000000000000000, 11.96 W, 0 %, 31089 MiB
2026/10/01 04:07:10.034, 180 MHz, 405 MHz, 0x0000000000000000, 11.54 W, 0 %, 31089 MiB
2026/10/01 04:07:10.549, 180 MHz, 405 MHz, 0x0000000000000000, 11.54 W, 0 %, 31089 MiB
2026/10/01 04:07:11.050, 180 MHz, 405 MHz, 0x0000000000000000, 11.63 W, 0 %, 31089 MiB
2026/10/01 04:07:11.552, 180 MHz, 405 MHz, 0x0000000000000000, 11.63 W, 0 %, 31089 MiB
2026/10/01 04:07:12.066, 180 MHz, 405 MHz, 0x0000000000000000, 11.72 W, 0 %, 31089 MiB
2026/10/01 04:07:12.578, 180 MHz, 405 MHz, 0x0000000000000000, 11.72 W, 0 %, 31089 MiB
2026/10/01 04:07:13.078, 180 MHz, 405 MHz, 0x0000000000000000, 11.69 W, 0 %, 31089 MiB
2026/10/01 04:07:13.589, 180 MHz, 405 MHz, 0x0000000000000000, 11.69 W, 0 %, 31089 MiB
2026/10/01 04:07:14.104, 180 MHz, 405 MHz, 0x0000000000000000, 11.59 W, 0 %, 31089 MiB
2026/10/01 04:07:14.605, 180 MHz, 405 MHz, 0x0000000000000000, 11.59 W, 0 %, 31089 MiB
2026/10/01 04:07:15.119, 180 MHz, 405 MHz, 0x0000000000000000, 18.74 W, 99 %, 31092 MiB
2026/10/01 04:07:15.634, 2940 MHz, 13801 MHz, 0x0000000000000000, 44.47 W, 0 %, 31092 MiB
2026/10/01 04:07:16.144, 2872 MHz, 13801 MHz, 0x0000000000000000, 179.92 W, 52 %, 31089 MiB
2026/10/01 04:07:16.653, 2850 MHz, 13801 MHz, 0x0000000000000004, 356.01 W, 98 %, 31089 MiB
2026/10/01 04:07:17.162, 2842 MHz, 13801 MHz, 0x0000000000000004, 442.04 W, 96 %, 31089 MiB
2026/10/01 04:07:17.675, 2842 MHz, 13801 MHz, 0x0000000000000004, 454.91 W, 98 %, 31089 MiB
2026/10/01 04:07:18.183, 2850 MHz, 13801 MHz, 0x0000000000000004, 455.09 W, 97 %, 31089 MiB
2026/10/01 04:07:18.689, 2910 MHz, 13801 MHz, 0x0000000000000000, 444.40 W, 97 %, 31089 MiB
2026/10/01 04:07:19.201, 2887 MHz, 13801 MHz, 0x0000000000000000, 380.97 W, 45 %, 31089 MiB
2026/10/01 04:07:19.711, 2857 MHz, 13801 MHz, 0x0000000000000004, 376.04 W, 98 %, 31089 MiB
2026/10/01 04:07:20.218, 2842 MHz, 13801 MHz, 0x0000000000000004, 436.72 W, 98 %, 31089 MiB
2026/10/01 04:07:20.730, 2865 MHz, 13801 MHz, 0x0000000000000000, 422.09 W, 45 %, 31089 MiB
2026/10/01 04:07:21.240, 2865 MHz, 13801 MHz, 0x0000000000000000, 362.42 W, 40 %, 31089 MiB
2026/10/01 04:07:21.751, 2895 MHz, 13801 MHz, 0x0000000000000004, 316.08 W, 84 %, 31089 MiB
2026/10/01 04:07:22.262, 2887 MHz, 13801 MHz, 0x0000000000000000, 265.89 W, 19 %, 31089 MiB
2026/10/01 04:07:22.776, 2887 MHz, 13801 MHz, 0x0000000000000000, 277.96 W, 37 %, 31089 MiB
2026/10/01 04:07:23.288, 2902 MHz, 13801 MHz, 0x0000000000000000, 273.49 W, 40 %, 31089 MiB
2026/10/01 04:07:23.800, 2872 MHz, 13801 MHz, 0x0000000000000000, 280.50 W, 47 %, 31089 MiB
2026/10/01 04:07:24.312, 2872 MHz, 13801 MHz, 0x0000000000000000, 314.78 W, 36 %, 31089 MiB
2026/10/01 04:07:24.822, 2880 MHz, 13801 MHz, 0x0000000000000004, 319.59 W, 98 %, 31089 MiB
2026/10/01 04:07:25.333, 2902 MHz, 13801 MHz, 0x0000000000000004, 323.73 W, 92 %, 31089 MiB
2026/10/01 04:07:25.845, 2902 MHz, 13801 MHz, 0x0000000000000000, 298.42 W, 61 %, 31089 MiB
2026/10/01 04:07:26.356, 2880 MHz, 13801 MHz, 0x0000000000000000, 286.46 W, 22 %, 31089 MiB
2026/10/01 04:07:26.871, 2895 MHz, 13801 MHz, 0x0000000000000004, 311.97 W, 98 %, 31089 MiB
2026/10/01 04:07:27.384, 2857 MHz, 13801 MHz, 0x0000000000000000, 300.60 W, 24 %, 31089 MiB
2026/10/01 04:07:27.897, 2887 MHz, 13801 MHz, 0x0000000000000000, 319.40 W, 60 %, 31089 MiB
2026/10/01 04:07:28.406, 2880 MHz, 13801 MHz, 0x0000000000000000, 311.08 W, 45 %, 31089 MiB
2026/10/01 04:07:28.917, 2857 MHz, 13801 MHz, 0x0000000000000000, 326.32 W, 50 %, 31089 MiB
2026/10/01 04:07:29.428, 2895 MHz, 13801 MHz, 0x0000000000000000, 319.65 W, 50 %, 31089 MiB
2026/10/01 04:07:29.940, 2880 MHz, 13801 MHz, 0x0000000000000000, 311.03 W, 46 %, 31089 MiB
2026/10/01 04:07:30.453, 2872 MHz, 13801 MHz, 0x0000000000000000, 307.74 W, 39 %, 31089 MiB
2026/10/01 04:07:30.964, 2857 MHz, 13801 MHz, 0x0000000000000000, 313.62 W, 47 %, 31089 MiB
2026/10/01 04:07:31.475, 2887 MHz, 13801 MHz, 0x0000000000000000, 314.48 W, 23 %, 31089 MiB
2026/10/01 04:07:31.986, 2872 MHz, 13801 MHz, 0x0000000000000004, 313.20 W, 70 %, 31089 MiB
2026/10/01 04:07:32.500, 2865 MHz, 13801 MHz, 0x0000000000000004, 326.46 W, 46 %, 31089 MiB
2026/10/01 04:07:33.011, 2895 MHz, 13801 MHz, 0x0000000000000000, 306.18 W, 25 %, 31089 MiB
2026/10/01 04:07:33.522, 2895 MHz, 13801 MHz, 0x0000000000000000, 273.09 W, 47 %, 31089 MiB
2026/10/01 04:07:34.036, 2872 MHz, 13801 MHz, 0x0000000000000000, 295.72 W, 53 %, 31089 MiB
2026/10/01 04:07:34.553, 2880 MHz, 13801 MHz, 0x0000000000000004, 307.89 W, 60 %, 31089 MiB
2026/10/01 04:07:35.063, 2880 MHz, 13801 MHz, 0x0000000000000000, 294.36 W, 37 %, 31089 MiB
2026/10/01 04:07:35.576, 2910 MHz, 13801 MHz, 0x0000000000000000, 288.83 W, 66 %, 31089 MiB
2026/10/01 04:07:36.089, 2880 MHz, 13801 MHz, 0x0000000000000004, 295.52 W, 59 %, 31089 MiB
2026/10/01 04:07:36.600, 2902 MHz, 13801 MHz, 0x0000000000000000, 287.60 W, 25 %, 31094 MiB
2026/10/01 04:07:37.110, 2865 MHz, 13801 MHz, 0x0000000000000000, 310.09 W, 38 %, 31094 MiB
2026/10/01 04:07:37.616, 2902 MHz, 13801 MHz, 0x0000000000000000, 316.59 W, 44 %, 31089 MiB
2026/10/01 04:07:38.128, 2887 MHz, 13801 MHz, 0x0000000000000000, 284.10 W, 44 %, 31089 MiB
2026/10/01 04:07:38.642, 2895 MHz, 13801 MHz, 0x0000000000000000, 295.58 W, 49 %, 31089 MiB
2026/10/01 04:07:39.155, 2880 MHz, 13801 MHz, 0x0000000000000004, 323.84 W, 80 %, 31089 MiB
2026/10/01 04:07:39.665, 2880 MHz, 13801 MHz, 0x0000000000000000, 337.88 W, 40 %, 31089 MiB
2026/10/01 04:07:40.179, 2850 MHz, 13801 MHz, 0x0000000000000000, 356.26 W, 57 %, 31089 MiB
2026/10/01 04:07:40.692, 2880 MHz, 13801 MHz, 0x0000000000000004, 354.19 W, 64 %, 31089 MiB
2026/10/01 04:07:41.201, 2865 MHz, 13801 MHz, 0x0000000000000000, 325.50 W, 63 %, 31089 MiB
2026/10/01 04:07:41.713, 2902 MHz, 13801 MHz, 0x0000000000000000, 313.64 W, 44 %, 31089 MiB
2026/10/01 04:07:42.219, 2872 MHz, 13801 MHz, 0x0000000000000000, 307.25 W, 70 %, 31089 MiB
2026/10/01 04:07:42.729, 2887 MHz, 13801 MHz, 0x0000000000000000, 290.93 W, 23 %, 31089 MiB
2026/10/01 04:07:43.238, 2880 MHz, 13801 MHz, 0x0000000000000004, 306.33 W, 78 %, 31089 MiB
2026/10/01 04:07:43.748, 2887 MHz, 13801 MHz, 0x0000000000000004, 323.44 W, 98 %, 31089 MiB
2026/10/01 04:07:44.259, 2865 MHz, 13801 MHz, 0x0000000000000000, 315.97 W, 40 %, 31089 MiB
2026/10/01 04:07:44.773, 2842 MHz, 13801 MHz, 0x0000000000000000, 322.28 W, 26 %, 31089 MiB
2026/10/01 04:07:45.285, 2902 MHz, 13801 MHz, 0x0000000000000004, 315.68 W, 87 %, 31089 MiB
2026/10/01 04:07:45.801, 2842 MHz, 13801 MHz, 0x0000000000000000, 330.64 W, 49 %, 31089 MiB
2026/10/01 04:07:46.309, 2902 MHz, 13801 MHz, 0x0000000000000000, 317.67 W, 31 %, 31089 MiB
2026/10/01 04:07:46.819, 2887 MHz, 13801 MHz, 0x0000000000000000, 277.74 W, 58 %, 31089 MiB
2026/10/01 04:07:47.329, 2895 MHz, 13801 MHz, 0x0000000000000000, 295.86 W, 44 %, 31089 MiB
2026/10/01 04:07:47.829, 2895 MHz, 13801 MHz, 0x0000000000000000, 293.66 W, 37 %, 31089 MiB
2026/10/01 04:07:48.339, 2887 MHz, 13801 MHz, 0x0000000000000000, 285.40 W, 43 %, 31089 MiB
2026/10/01 04:07:48.851, 2887 MHz, 13801 MHz, 0x0000000000000000, 304.09 W, 45 %, 31089 MiB
2026/10/01 04:07:49.367, 2917 MHz, 13801 MHz, 0x0000000000000000, 273.51 W, 0 %, 31089 MiB
2026/10/01 04:07:49.880, 2925 MHz, 13801 MHz, 0x0000000000000000, 163.54 W, 0 %, 31089 MiB
2026/10/01 04:07:50.390, 2925 MHz, 13801 MHz, 0x0000000000000000, 94.85 W, 0 %, 31089 MiB
2026/10/01 04:07:50.905, 2925 MHz, 13801 MHz, 0x0000000000000000, 94.34 W, 0 %, 31089 MiB
2026/10/01 04:07:51.406, 540 MHz, 13801 MHz, 0x0000000000000000, 68.87 W, 0 %, 31089 MiB
2026/10/01 04:07:51.919, 442 MHz, 810 MHz, 0x0000000000000000, 42.19 W, 0 %, 31089 MiB
2026/10/01 04:07:52.419, 337 MHz, 810 MHz, 0x0000000000000000, 29.08 W, 0 %, 31089 MiB
2026/10/01 04:07:52.933, 337 MHz, 810 MHz, 0x0000000000000000, 26.65 W, 0 %, 31089 MiB
2026/10/01 04:07:53.434, 195 MHz, 405 MHz, 0x0000000000000000, 12.80 W, 0 %, 31089 MiB
2026/10/01 04:07:53.947, 180 MHz, 405 MHz, 0x0000000000000000, 13.35 W, 0 %, 31089 MiB
2026/10/01 04:07:54.447, 180 MHz, 405 MHz, 0x0000000000000000, 13.73 W, 0 %, 31089 MiB
2026/10/01 04:07:54.959, 180 MHz, 405 MHz, 0x0000000000000000, 13.73 W, 0 %, 31089 MiB
2026/10/01 04:07:55.474, 180 MHz, 405 MHz, 0x0000000000000000, 12.38 W, 0 %, 31089 MiB
2026/10/01 04:07:55.989, 180 MHz, 405 MHz, 0x0000000000000000, 12.38 W, 0 %, 31089 MiB
2026/10/01 04:07:56.501, 180 MHz, 405 MHz, 0x0000000000000000, 12.04 W, 0 %, 31089 MiB
2026/10/01 04:07:57.011, 180 MHz, 405 MHz, 0x0000000000000000, 12.15 W, 0 %, 31089 MiB
2026/10/01 04:07:57.521, 202 MHz, 405 MHz, 0x0000000000000000, 15.08 W, 0 %, 31094 MiB
2026/10/01 04:07:58.036, 180 MHz, 405 MHz, 0x0000000000000000, 15.10 W, 0 %, 31094 MiB
2026/10/01 04:07:58.550, 172 MHz, 405 MHz, 0x0000000000000000, 14.90 W, 0 %, 31089 MiB
2026/10/01 04:07:59.064, 180 MHz, 405 MHz, 0x0000000000000000, 14.76 W, 0 %, 31089 MiB
2026/10/01 04:07:59.576, 180 MHz, 405 MHz, 0x0000000000000000, 14.61 W, 0 %, 31089 MiB
2026/10/01 04:08:00.089, 180 MHz, 405 MHz, 0x0000000000000000, 14.61 W, 0 %, 31089 MiB
2026/10/01 04:08:00.603, 180 MHz, 405 MHz, 0x0000000000000000, 11.99 W, 0 %, 31089 MiB
2026/10/01 04:08:01.103, 180 MHz, 405 MHz, 0x0000000000000000, 11.99 W, 0 %, 31089 MiB
2026/10/01 04:08:12.166, 180 MHz, 405 MHz, 0x0000000000000000, 11.24 W, 0 %, 31089 MiB
2026/10/01 04:08:12.679, 2182 MHz, 13801 MHz, 0x0000000000000000, 45.48 W, 99 %, 31089 MiB
2026/10/01 04:08:13.194, 2910 MHz, 13801 MHz, 0x0000000000000000, 181.07 W, 93 %, 31089 MiB
2026/10/01 04:08:13.709, 2910 MHz, 13801 MHz, 0x0000000000000000, 358.55 W, 95 %, 31089 MiB
2026/10/01 04:08:14.213, 2910 MHz, 13801 MHz, 0x0000000000000000, 356.88 W, 95 %, 31089 MiB
2026/10/01 04:08:14.718, 2910 MHz, 13801 MHz, 0x0000000000000000, 358.68 W, 95 %, 31089 MiB
2026/10/01 04:08:15.231, 2910 MHz, 13801 MHz, 0x0000000000000000, 357.61 W, 95 %, 31089 MiB
2026/10/01 04:08:15.747, 2910 MHz, 13801 MHz, 0x0000000000000000, 357.71 W, 92 %, 31089 MiB
2026/10/01 04:08:16.262, 2910 MHz, 13801 MHz, 0x0000000000000000, 359.02 W, 95 %, 31089 MiB
2026/10/01 04:08:16.774, 2910 MHz, 13801 MHz, 0x0000000000000000, 362.89 W, 95 %, 31089 MiB
2026/10/01 04:08:17.275, 2910 MHz, 13801 MHz, 0x0000000000000000, 363.00 W, 95 %, 31089 MiB
2026/10/01 04:08:17.789, 2910 MHz, 13801 MHz, 0x0000000000000000, 366.31 W, 95 %, 31089 MiB
2026/10/01 04:08:18.303, 2910 MHz, 13801 MHz, 0x0000000000000000, 362.02 W, 95 %, 31094 MiB
2026/10/01 04:08:18.818, 2910 MHz, 13801 MHz, 0x0000000000000000, 362.24 W, 95 %, 31094 MiB
2026/10/01 04:08:19.320, 2910 MHz, 13801 MHz, 0x0000000000000000, 359.04 W, 63 %, 31089 MiB
2026/10/01 04:08:19.833, 2910 MHz, 13801 MHz, 0x0000000000000000, 358.31 W, 94 %, 31089 MiB
2026/10/01 04:08:20.334, 2910 MHz, 13801 MHz, 0x0000000000000000, 366.58 W, 95 %, 31089 MiB
2026/10/01 04:08:20.838, 2910 MHz, 13801 MHz, 0x0000000000000000, 362.70 W, 95 %, 31089 MiB
2026/10/01 04:08:21.351, 2910 MHz, 13801 MHz, 0x0000000000000000, 363.75 W, 95 %, 31089 MiB
2026/10/01 04:08:21.852, 2910 MHz, 13801 MHz, 0x0000000000000000, 358.44 W, 77 %, 31089 MiB
2026/10/01 04:08:22.356, 2910 MHz, 13801 MHz, 0x0000000000000000, 356.74 W, 94 %, 31089 MiB
2026/10/01 04:08:22.870, 2910 MHz, 13801 MHz, 0x0000000000000000, 366.49 W, 96 %, 31089 MiB
2026/10/01 04:08:23.370, 2917 MHz, 13801 MHz, 0x0000000000000000, 284.21 W, 0 %, 31089 MiB
2026/10/01 04:08:23.872, 2925 MHz, 13801 MHz, 0x0000000000000000, 167.72 W, 0 %, 31089 MiB
2026/10/01 04:08:24.376, 2940 MHz, 13801 MHz, 0x0000000000000000, 93.87 W, 0 %, 31089 MiB
2026/10/01 04:08:24.877, 2940 MHz, 13801 MHz, 0x0000000000000000, 93.67 W, 0 %, 31089 MiB
2026/10/01 04:08:25.392, 1020 MHz, 13801 MHz, 0x0000000000000000, 72.82 W, 0 %, 31089 MiB
2026/10/01 04:08:25.906, 480 MHz, 810 MHz, 0x0000000000000000, 45.82 W, 0 %, 31089 MiB
2026/10/01 04:08:26.407, 367 MHz, 810 MHz, 0x0000000000000000, 26.72 W, 0 %, 31089 MiB
2026/10/01 04:08:26.922, 285 MHz, 810 MHz, 0x0000000000000000, 19.62 W, 0 %, 31089 MiB
2026/10/01 04:08:27.436, 210 MHz, 810 MHz, 0x0000000000000000, 17.43 W, 0 %, 31089 MiB
2026/10/01 04:08:27.949, 210 MHz, 810 MHz, 0x0000000000000000, 17.43 W, 0 %, 31089 MiB
2026/10/01 04:08:28.449, 180 MHz, 405 MHz, 0x0000000000000000, 11.80 W, 0 %, 31089 MiB
2026/10/01 04:08:28.951, 180 MHz, 405 MHz, 0x0000000000000000, 11.74 W, 0 %, 31089 MiB
2026/10/01 04:08:29.465, 180 MHz, 405 MHz, 0x0000000000000000, 12.79 W, 0 %, 31089 MiB
2026/10/01 04:08:29.966, 180 MHz, 405 MHz, 0x0000000000000000, 13.12 W, 0 %, 31089 MiB
2026/10/01 04:08:30.480, 180 MHz, 405 MHz, 0x0000000000000000, 13.12 W, 0 %, 31089 MiB
2026/10/01 04:08:30.981, 180 MHz, 405 MHz, 0x0000000000000000, 11.68 W, 0 %, 31089 MiB
2026/10/01 04:08:31.495, 180 MHz, 405 MHz, 0x0000000000000000, 11.68 W, 0 %, 31089 MiB
2026/10/01 04:08:32.010, 180 MHz, 405 MHz, 0x0000000000000000, 11.35 W, 0 %, 31089 MiB
2026/10/01 04:08:32.525, 180 MHz, 405 MHz, 0x0000000000000000, 11.33 W, 0 %, 31089 MiB
2026/10/01 04:08:33.040, 180 MHz, 405 MHz, 0x0000000000000000, 12.69 W, 0 %, 31089 MiB
2026/10/01 04:08:33.550, 2925 MHz, 13801 MHz, 0x0000000000000000, 117.93 W, 94 %, 31089 MiB
2026/10/01 04:08:34.060, 2910 MHz, 13801 MHz, 0x0000000000000000, 298.35 W, 38 %, 31089 MiB
2026/10/01 04:08:34.568, 2910 MHz, 13801 MHz, 0x0000000000000000, 350.32 W, 94 %, 31089 MiB
2026/10/01 04:08:35.075, 2910 MHz, 13801 MHz, 0x0000000000000000, 350.57 W, 94 %, 31089 MiB
2026/10/01 04:08:35.581, 2910 MHz, 13801 MHz, 0x0000000000000000, 337.85 W, 95 %, 31089 MiB
2026/10/01 04:08:36.090, 2910 MHz, 13801 MHz, 0x0000000000000000, 339.71 W, 94 %, 31089 MiB
2026/10/01 04:08:36.595, 2910 MHz, 13801 MHz, 0x0000000000000000, 354.27 W, 95 %, 31089 MiB
2026/10/01 04:08:37.105, 2910 MHz, 13801 MHz, 0x0000000000000000, 342.21 W, 94 %, 31089 MiB
2026/10/01 04:08:37.614, 2910 MHz, 13801 MHz, 0x0000000000000000, 340.38 W, 95 %, 31089 MiB
2026/10/01 04:08:38.119, 2910 MHz, 13801 MHz, 0x0000000000000000, 342.92 W, 42 %, 31089 MiB
2026/10/01 04:08:38.628, 2910 MHz, 13801 MHz, 0x0000000000000000, 339.85 W, 46 %, 31089 MiB
2026/10/01 04:08:39.138, 2910 MHz, 13801 MHz, 0x0000000000000000, 355.14 W, 95 %, 31089 MiB
2026/10/01 04:08:39.646, 2910 MHz, 13801 MHz, 0x0000000000000000, 350.01 W, 95 %, 31094 MiB
2026/10/01 04:08:40.154, 2910 MHz, 13801 MHz, 0x0000000000000000, 337.10 W, 56 %, 31089 MiB
2026/10/01 04:08:40.662, 2910 MHz, 13801 MHz, 0x0000000000000000, 347.05 W, 94 %, 31089 MiB
2026/10/01 04:08:41.169, 2910 MHz, 13801 MHz, 0x0000000000000000, 351.46 W, 95 %, 31089 MiB
2026/10/01 04:08:41.675, 2910 MHz, 13801 MHz, 0x0000000000000000, 344.62 W, 95 %, 31089 MiB
2026/10/01 04:08:42.184, 2910 MHz, 13801 MHz, 0x0000000000000000, 343.68 W, 41 %, 31089 MiB
2026/10/01 04:08:42.690, 2910 MHz, 13801 MHz, 0x0000000000000000, 355.92 W, 95 %, 31089 MiB
2026/10/01 04:08:43.200, 2910 MHz, 13801 MHz, 0x0000000000000000, 350.98 W, 78 %, 31089 MiB
2026/10/01 04:08:43.707, 2910 MHz, 13801 MHz, 0x0000000000000000, 352.54 W, 95 %, 31089 MiB
2026/10/01 04:08:44.214, 2910 MHz, 13801 MHz, 0x0000000000000000, 355.58 W, 48 %, 31089 MiB
2026/10/01 04:08:44.721, 2910 MHz, 13801 MHz, 0x0000000000000000, 340.38 W, 58 %, 31089 MiB
2026/10/01 04:08:45.229, 2910 MHz, 13801 MHz, 0x0000000000000000, 355.23 W, 95 %, 31089 MiB
2026/10/01 04:08:45.738, 2910 MHz, 13801 MHz, 0x0000000000000000, 354.87 W, 95 %, 31089 MiB
2026/10/01 04:08:46.251, 2910 MHz, 13801 MHz, 0x0000000000000000, 345.27 W, 94 %, 31089 MiB
2026/10/01 04:08:46.757, 2910 MHz, 13801 MHz, 0x0000000000000000, 344.23 W, 95 %, 31089 MiB
2026/10/01 04:08:47.265, 2910 MHz, 13801 MHz, 0x0000000000000000, 342.92 W, 70 %, 31089 MiB
2026/10/01 04:08:47.777, 2910 MHz, 13801 MHz, 0x0000000000000000, 357.50 W, 95 %, 31089 MiB
2026/10/01 04:08:48.287, 2910 MHz, 13801 MHz, 0x0000000000000000, 349.70 W, 94 %, 31089 MiB
2026/10/01 04:08:48.795, 2910 MHz, 13801 MHz, 0x0000000000000000, 339.84 W, 95 %, 31089 MiB
2026/10/01 04:08:49.307, 2910 MHz, 13801 MHz, 0x0000000000000000, 342.55 W, 94 %, 31089 MiB
2026/10/01 04:08:49.814, 2910 MHz, 13801 MHz, 0x0000000000000000, 345.20 W, 95 %, 31089 MiB
2026/10/01 04:08:50.323, 2910 MHz, 13801 MHz, 0x0000000000000000, 353.29 W, 77 %, 31089 MiB
2026/10/01 04:08:50.830, 2910 MHz, 13801 MHz, 0x0000000000000000, 356.39 W, 95 %, 31089 MiB
2026/10/01 04:08:51.340, 2910 MHz, 13801 MHz, 0x0000000000000000, 344.86 W, 95 %, 31089 MiB
2026/10/01 04:08:51.849, 2910 MHz, 13801 MHz, 0x0000000000000000, 349.70 W, 63 %, 31089 MiB
2026/10/01 04:08:52.354, 2910 MHz, 13801 MHz, 0x0000000000000000, 349.95 W, 63 %, 31089 MiB
2026/10/01 04:08:52.862, 2910 MHz, 13801 MHz, 0x0000000000000000, 351.68 W, 95 %, 31089 MiB
2026/10/01 04:08:53.370, 2910 MHz, 13801 MHz, 0x0000000000000000, 352.41 W, 40 %, 31089 MiB
2026/10/01 04:08:53.877, 2910 MHz, 13801 MHz, 0x0000000000000000, 345.70 W, 95 %, 31089 MiB
2026/10/01 04:08:54.386, 2910 MHz, 13801 MHz, 0x0000000000000000, 343.60 W, 83 %, 31089 MiB
2026/10/01 04:08:54.898, 2910 MHz, 13801 MHz, 0x0000000000000000, 349.39 W, 95 %, 31089 MiB
2026/10/01 04:08:55.405, 2910 MHz, 13801 MHz, 0x0000000000000000, 335.95 W, 95 %, 31089 MiB
2026/10/01 04:08:55.913, 2910 MHz, 13801 MHz, 0x0000000000000000, 345.04 W, 48 %, 31089 MiB
2026/10/01 04:08:56.421, 2910 MHz, 13801 MHz, 0x0000000000000000, 356.04 W, 95 %, 31089 MiB
2026/10/01 04:08:56.926, 2910 MHz, 13801 MHz, 0x0000000000000000, 342.66 W, 95 %, 31089 MiB
2026/10/01 04:08:57.430, 2910 MHz, 13801 MHz, 0x0000000000000000, 357.29 W, 95 %, 31089 MiB
2026/10/01 04:08:57.938, 2910 MHz, 13801 MHz, 0x0000000000000000, 359.68 W, 95 %, 31089 MiB
2026/10/01 04:08:58.446, 2910 MHz, 13801 MHz, 0x0000000000000000, 356.64 W, 83 %, 31089 MiB
2026/10/01 04:08:58.954, 2910 MHz, 13801 MHz, 0x0000000000000000, 357.88 W, 95 %, 31089 MiB
2026/10/01 04:08:59.461, 2910 MHz, 13801 MHz, 0x0000000000000000, 359.95 W, 95 %, 31089 MiB
2026/10/01 04:08:59.970, 2910 MHz, 13801 MHz, 0x0000000000000000, 359.93 W, 95 %, 31089 MiB
2026/10/01 04:09:00.475, 2910 MHz, 13801 MHz, 0x0000000000000000, 343.45 W, 95 %, 31094 MiB
2026/10/01 04:09:00.982, 2910 MHz, 13801 MHz, 0x0000000000000000, 334.35 W, 92 %, 31094 MiB
2026/10/01 04:09:01.489, 2910 MHz, 13801 MHz, 0x0000000000000000, 351.92 W, 95 %, 31089 MiB
2026/10/01 04:09:01.998, 2910 MHz, 13801 MHz, 0x0000000000000000, 358.85 W, 95 %, 31089 MiB
2026/10/01 04:09:02.508, 2910 MHz, 13801 MHz, 0x0000000000000000, 343.87 W, 26 %, 31089 MiB
2026/10/01 04:09:03.016, 2910 MHz, 13801 MHz, 0x0000000000000000, 357.52 W, 95 %, 31089 MiB
2026/10/01 04:09:03.523, 2910 MHz, 13801 MHz, 0x0000000000000000, 358.20 W, 95 %, 31089 MiB
2026/10/01 04:09:04.034, 2910 MHz, 13801 MHz, 0x0000000000000000, 359.01 W, 95 %, 31089 MiB
2026/10/01 04:09:04.543, 2910 MHz, 13801 MHz, 0x0000000000000000, 358.68 W, 95 %, 31089 MiB
2026/10/01 04:09:05.055, 2910 MHz, 13801 MHz, 0x0000000000000000, 347.20 W, 95 %, 31089 MiB
2026/10/01 04:09:05.569, 2910 MHz, 13801 MHz, 0x0000000000000000, 343.95 W, 95 %, 31089 MiB
2026/10/01 04:09:06.080, 2910 MHz, 13801 MHz, 0x0000000000000000, 358.29 W, 94 %, 31089 MiB
2026/10/01 04:09:06.590, 2910 MHz, 13801 MHz, 0x0000000000000000, 358.16 W, 95 %, 31089 MiB
2026/10/01 04:09:07.101, 2910 MHz, 13801 MHz, 0x0000000000000000, 346.24 W, 95 %, 31089 MiB
2026/10/01 04:09:07.610, 2910 MHz, 13801 MHz, 0x0000000000000000, 343.96 W, 34 %, 31089 MiB
2026/10/01 04:09:08.118, 2910 MHz, 13801 MHz, 0x0000000000000000, 359.01 W, 95 %, 31089 MiB
2026/10/01 04:09:08.629, 2910 MHz, 13801 MHz, 0x0000000000000000, 347.43 W, 95 %, 31089 MiB
2026/10/01 04:09:09.136, 2910 MHz, 13801 MHz, 0x0000000000000000, 344.87 W, 95 %, 31089 MiB
2026/10/01 04:09:09.643, 2910 MHz, 13801 MHz, 0x0000000000000000, 356.01 W, 95 %, 31089 MiB
2026/10/01 04:09:10.151, 2910 MHz, 13801 MHz, 0x0000000000000000, 359.66 W, 95 %, 31089 MiB
2026/10/01 04:09:10.659, 2910 MHz, 13801 MHz, 0x0000000000000000, 352.43 W, 73 %, 31089 MiB
2026/10/01 04:09:11.166, 2910 MHz, 13801 MHz, 0x0000000000000000, 352.30 W, 69 %, 31089 MiB
2026/10/01 04:09:11.674, 2910 MHz, 13801 MHz, 0x0000000000000000, 357.69 W, 94 %, 31089 MiB
2026/10/01 04:09:12.182, 2910 MHz, 13801 MHz, 0x0000000000000000, 354.05 W, 94 %, 31089 MiB
2026/10/01 04:09:12.690, 2910 MHz, 13801 MHz, 0x0000000000000000, 346.91 W, 95 %, 31089 MiB
2026/10/01 04:09:13.199, 2910 MHz, 13801 MHz, 0x0000000000000000, 346.06 W, 95 %, 31089 MiB
2026/10/01 04:09:13.709, 2910 MHz, 13801 MHz, 0x0000000000000000, 350.32 W, 95 %, 31089 MiB
2026/10/01 04:09:14.218, 2910 MHz, 13801 MHz, 0x0000000000000000, 348.62 W, 55 %, 31089 MiB
2026/10/01 04:09:14.727, 2910 MHz, 13801 MHz, 0x0000000000000000, 359.98 W, 95 %, 31089 MiB
2026/10/01 04:09:15.236, 2910 MHz, 13801 MHz, 0x0000000000000000, 359.68 W, 95 %, 31089 MiB
2026/10/01 04:09:15.742, 2910 MHz, 13801 MHz, 0x0000000000000000, 348.08 W, 95 %, 31089 MiB
2026/10/01 04:09:16.248, 2910 MHz, 13801 MHz, 0x0000000000000000, 362.44 W, 91 %, 31089 MiB
2026/10/01 04:09:16.754, 2910 MHz, 13801 MHz, 0x0000000000000000, 360.14 W, 95 %, 31089 MiB
2026/10/01 04:09:17.262, 2910 MHz, 13801 MHz, 0x0000000000000000, 343.59 W, 95 %, 31089 MiB
2026/10/01 04:09:17.770, 2910 MHz, 13801 MHz, 0x0000000000000000, 350.08 W, 55 %, 31089 MiB
2026/10/01 04:09:18.278, 2910 MHz, 13801 MHz, 0x0000000000000000, 363.79 W, 95 %, 31089 MiB
2026/10/01 04:09:18.787, 2910 MHz, 13801 MHz, 0x0000000000000000, 350.67 W, 95 %, 31089 MiB
2026/10/01 04:09:19.295, 2910 MHz, 13801 MHz, 0x0000000000000000, 361.47 W, 94 %, 31089 MiB
2026/10/01 04:09:19.807, 2910 MHz, 13801 MHz, 0x0000000000000000, 360.84 W, 95 %, 31089 MiB
2026/10/01 04:09:20.315, 2910 MHz, 13801 MHz, 0x0000000000000000, 347.11 W, 95 %, 31089 MiB
2026/10/01 04:09:20.824, 2910 MHz, 13801 MHz, 0x0000000000000000, 362.40 W, 95 %, 31089 MiB
2026/10/01 04:09:21.331, 2910 MHz, 13801 MHz, 0x0000000000000000, 359.95 W, 94 %, 31089 MiB
2026/10/01 04:09:21.839, 2910 MHz, 13801 MHz, 0x0000000000000000, 344.39 W, 29 %, 31094 MiB
2026/10/01 04:09:22.346, 2910 MHz, 13801 MHz, 0x0000000000000000, 356.77 W, 94 %, 31094 MiB
2026/10/01 04:09:22.855, 2910 MHz, 13801 MHz, 0x0000000000000000, 356.18 W, 65 %, 31089 MiB
2026/10/01 04:09:23.364, 2910 MHz, 13801 MHz, 0x0000000000000000, 344.90 W, 40 %, 31089 MiB
2026/10/01 04:09:23.874, 2910 MHz, 13801 MHz, 0x0000000000000000, 353.42 W, 95 %, 31089 MiB
2026/10/01 04:09:24.382, 2910 MHz, 13801 MHz, 0x0000000000000000, 349.04 W, 95 %, 31089 MiB
2026/10/01 04:09:24.889, 2910 MHz, 13801 MHz, 0x0000000000000000, 346.77 W, 95 %, 31089 MiB
2026/10/01 04:09:25.398, 2910 MHz, 13801 MHz, 0x0000000000000000, 354.24 W, 78 %, 31089 MiB
2026/10/01 04:09:25.906, 2910 MHz, 13801 MHz, 0x0000000000000000, 358.57 W, 85 %, 31089 MiB
2026/10/01 04:09:26.415, 2910 MHz, 13801 MHz, 0x0000000000000000, 347.63 W, 95 %, 31089 MiB
2026/10/01 04:09:26.923, 2902 MHz, 13801 MHz, 0x0000000000000000, 348.08 W, 95 %, 31089 MiB
2026/10/01 04:09:27.434, 2910 MHz, 13801 MHz, 0x0000000000000000, 362.38 W, 95 %, 31089 MiB
2026/10/01 04:09:27.942, 2910 MHz, 13801 MHz, 0x0000000000000000, 362.61 W, 95 %, 31089 MiB
2026/10/01 04:09:28.449, 2910 MHz, 13801 MHz, 0x0000000000000000, 346.76 W, 95 %, 31089 MiB
2026/10/01 04:09:28.956, 2910 MHz, 13801 MHz, 0x0000000000000000, 350.10 W, 39 %, 31089 MiB
2026/10/01 04:09:29.462, 2910 MHz, 13801 MHz, 0x0000000000000000, 361.71 W, 94 %, 31089 MiB
2026/10/01 04:09:29.969, 2910 MHz, 13801 MHz, 0x0000000000000000, 360.70 W, 95 %, 31089 MiB
2026/10/01 04:09:30.476, 2910 MHz, 13801 MHz, 0x0000000000000000, 361.70 W, 95 %, 31089 MiB
2026/10/01 04:09:30.985, 2910 MHz, 13801 MHz, 0x0000000000000000, 362.59 W, 95 %, 31089 MiB
2026/10/01 04:09:31.494, 2902 MHz, 13801 MHz, 0x0000000000000000, 350.94 W, 95 %, 31089 MiB
2026/10/01 04:09:32.002, 2910 MHz, 13801 MHz, 0x0000000000000000, 350.22 W, 95 %, 31089 MiB
2026/10/01 04:09:32.511, 2910 MHz, 13801 MHz, 0x0000000000000000, 351.77 W, 95 %, 31089 MiB
2026/10/01 04:09:33.020, 2910 MHz, 13801 MHz, 0x0000000000000000, 364.88 W, 94 %, 31089 MiB
2026/10/01 04:09:33.527, 2910 MHz, 13801 MHz, 0x0000000000000000, 362.99 W, 89 %, 31089 MiB
2026/10/01 04:09:34.037, 2910 MHz, 13801 MHz, 0x0000000000000000, 303.77 W, 0 %, 31089 MiB
2026/10/01 04:09:34.538, 2925 MHz, 13801 MHz, 0x0000000000000000, 193.96 W, 0 %, 31089 MiB
2026/10/01 04:09:35.050, 2925 MHz, 13801 MHz, 0x0000000000000000, 98.79 W, 0 %, 31089 MiB
2026/10/01 04:09:35.563, 2925 MHz, 13801 MHz, 0x0000000000000000, 97.93 W, 0 %, 31089 MiB
2026/10/01 04:09:36.076, 1035 MHz, 13801 MHz, 0x0000000000000000, 79.46 W, 0 %, 31089 MiB
2026/10/01 04:09:36.587, 487 MHz, 7001 MHz, 0x0000000000000000, 51.85 W, 0 %, 31089 MiB
2026/10/01 04:09:37.098, 390 MHz, 7001 MHz, 0x0000000000000000, 36.96 W, 0 %, 31089 MiB
2026/10/01 04:09:37.614, 390 MHz, 7001 MHz, 0x0000000000000000, 36.96 W, 0 %, 31089 MiB
2026/10/01 04:09:38.130, 247 MHz, 7001 MHz, 0x0000000000000000, 36.53 W, 0 %, 31089 MiB
2026/10/01 04:09:38.643, 247 MHz, 7001 MHz, 0x0000000000000000, 36.53 W, 0 %, 31089 MiB
2026/10/01 04:09:39.157, 180 MHz, 7001 MHz, 0x0000000000000000, 36.41 W, 0 %, 31089 MiB
2026/10/01 04:09:39.671, 180 MHz, 7001 MHz, 0x0000000000000000, 36.41 W, 0 %, 31089 MiB
2026/10/01 04:09:40.187, 180 MHz, 810 MHz, 0x0000000000000000, 16.94 W, 0 %, 31089 MiB
2026/10/01 04:09:40.702, 180 MHz, 810 MHz, 0x0000000000000000, 16.94 W, 0 %, 31089 MiB
2026/10/01 04:09:41.217, 180 MHz, 405 MHz, 0x0000000000000000, 15.03 W, 0 %, 31089 MiB
2026/10/01 04:09:41.731, 180 MHz, 405 MHz, 0x0000000000000000, 15.03 W, 0 %, 31089 MiB
2026/10/01 04:09:42.232, 180 MHz, 405 MHz, 0x0000000000000000, 12.71 W, 0 %, 31089 MiB
2026/10/01 04:09:42.745, 180 MHz, 405 MHz, 0x0000000000000000, 12.71 W, 0 %, 31094 MiB
2026/10/01 04:09:43.261, 202 MHz, 405 MHz, 0x0000000000000000, 13.54 W, 0 %, 31094 MiB
2026/10/01 04:09:43.776, 180 MHz, 405 MHz, 0x0000000000000000, 15.05 W, 0 %, 31089 MiB
2026/10/01 04:09:44.291, 180 MHz, 405 MHz, 0x0000000000000000, 15.59 W, 0 %, 31089 MiB
2026/10/01 04:09:44.792, 180 MHz, 405 MHz, 0x0000000000000000, 15.73 W, 0 %, 31089 MiB
2026/10/01 04:09:45.306, 180 MHz, 405 MHz, 0x0000000000000000, 15.73 W, 0 %, 31089 MiB
2026/10/01 04:09:45.821, 180 MHz, 405 MHz, 0x0000000000000000, 12.48 W, 0 %, 31089 MiB
2026/10/01 04:09:46.336, 180 MHz, 405 MHz, 0x0000000000000000, 12.48 W, 0 %, 31089 MiB
2026/10/01 04:09:46.847, 180 MHz, 405 MHz, 0x0000000000000000, 12.19 W, 0 %, 31089 MiB
2026/10/01 04:09:47.359, 210 MHz, 405 MHz, 0x0000000000000000, 13.16 W, 0 %, 31089 MiB
2026/10/01 04:09:47.860, 180 MHz, 405 MHz, 0x0000000000000000, 14.77 W, 0 %, 31089 MiB
2026/10/01 04:09:48.375, 180 MHz, 405 MHz, 0x0000000000000000, 14.76 W, 0 %, 31089 MiB
2026/10/01 04:09:48.890, 180 MHz, 405 MHz, 0x0000000000000000, 14.76 W, 0 %, 31089 MiB
2026/10/01 04:09:49.404, 180 MHz, 405 MHz, 0x0000000000000000, 11.96 W, 0 %, 31089 MiB
2026/10/01 04:09:49.916, 180 MHz, 405 MHz, 0x0000000000000000, 11.96 W, 0 %, 31089 MiB
2026/10/01 04:09:50.430, 180 MHz, 405 MHz, 0x0000000000000000, 16.82 W, 0 %, 31089 MiB
2026/10/01 04:09:50.935, 2917 MHz, 13801 MHz, 0x0000000000000000, 83.29 W, 95 %, 31089 MiB
2026/10/01 04:09:51.449, 2910 MHz, 13801 MHz, 0x0000000000000000, 318.39 W, 95 %, 31089 MiB
2026/10/01 04:09:51.963, 2910 MHz, 13801 MHz, 0x0000000000000000, 362.22 W, 71 %, 31089 MiB
2026/10/01 04:09:52.464, 2910 MHz, 13801 MHz, 0x0000000000000000, 363.17 W, 94 %, 31089 MiB
2026/10/01 04:09:52.965, 2910 MHz, 13801 MHz, 0x0000000000000000, 363.84 W, 95 %, 31089 MiB
2026/10/01 04:09:53.479, 2910 MHz, 13801 MHz, 0x0000000000000000, 365.38 W, 95 %, 31089 MiB
2026/10/01 04:09:53.980, 2910 MHz, 13801 MHz, 0x0000000000000000, 365.89 W, 95 %, 31089 MiB
2026/10/01 04:09:54.481, 2910 MHz, 13801 MHz, 0x0000000000000000, 371.33 W, 95 %, 31089 MiB
2026/10/01 04:09:54.995, 2910 MHz, 13801 MHz, 0x0000000000000000, 367.15 W, 95 %, 31089 MiB
2026/10/01 04:09:55.496, 2910 MHz, 13801 MHz, 0x0000000000000000, 367.14 W, 95 %, 31089 MiB
2026/10/01 04:09:56.011, 2910 MHz, 13801 MHz, 0x0000000000000000, 366.46 W, 94 %, 31089 MiB
2026/10/01 04:09:56.526, 2910 MHz, 13801 MHz, 0x0000000000000000, 366.50 W, 95 %, 31089 MiB
2026/10/01 04:09:57.027, 2910 MHz, 13801 MHz, 0x0000000000000000, 371.96 W, 95 %, 31089 MiB
2026/10/01 04:09:57.528, 2910 MHz, 13801 MHz, 0x0000000000000000, 361.93 W, 96 %, 31089 MiB
2026/10/01 04:09:58.044, 2910 MHz, 13801 MHz, 0x0000000000000000, 360.48 W, 80 %, 31089 MiB
2026/10/01 04:09:58.557, 2910 MHz, 13801 MHz, 0x0000000000000000, 361.40 W, 95 %, 31089 MiB
2026/10/01 04:09:59.057, 2910 MHz, 13801 MHz, 0x0000000000000000, 367.80 W, 95 %, 31089 MiB
2026/10/01 04:09:59.573, 2910 MHz, 13801 MHz, 0x0000000000000000, 364.75 W, 96 %, 31089 MiB
2026/10/01 04:10:00.073, 2910 MHz, 13801 MHz, 0x0000000000000000, 365.46 W, 95 %, 31089 MiB
2026/10/01 04:10:00.575, 2910 MHz, 13801 MHz, 0x0000000000000000, 362.98 W, 57 %, 31089 MiB
2026/10/01 04:10:11.649, 180 MHz, 405 MHz, 0x0000000000000000, 11.73 W, 0 %, 31089 MiB
2026/10/01 04:10:12.163, 2392 MHz, 13801 MHz, 0x0000000000000000, 64.18 W, 94 %, 31089 MiB
2026/10/01 04:10:12.675, 2910 MHz, 13801 MHz, 0x0000000000000000, 233.26 W, 94 %, 31089 MiB
2026/10/01 04:10:13.190, 2910 MHz, 13801 MHz, 0x0000000000000000, 365.28 W, 94 %, 31089 MiB
2026/10/01 04:10:13.690, 2910 MHz, 13801 MHz, 0x0000000000000000, 362.15 W, 95 %, 31089 MiB
2026/10/01 04:10:14.205, 2910 MHz, 13801 MHz, 0x0000000000000000, 362.92 W, 94 %, 31089 MiB
2026/10/01 04:10:14.719, 2910 MHz, 13801 MHz, 0x0000000000000000, 356.54 W, 90 %, 31089 MiB
2026/10/01 04:10:15.231, 2910 MHz, 13801 MHz, 0x0000000000000000, 358.56 W, 95 %, 31089 MiB
2026/10/01 04:10:15.743, 2910 MHz, 13801 MHz, 0x0000000000000000, 368.38 W, 95 %, 31089 MiB
2026/10/01 04:10:16.256, 2910 MHz, 13801 MHz, 0x0000000000000000, 365.30 W, 95 %, 31089 MiB
2026/10/01 04:10:16.767, 2910 MHz, 13801 MHz, 0x0000000000000000, 365.42 W, 95 %, 31089 MiB
2026/10/01 04:10:17.267, 2910 MHz, 13801 MHz, 0x0000000000000000, 359.95 W, 53 %, 31089 MiB
2026/10/01 04:10:17.782, 2910 MHz, 13801 MHz, 0x0000000000000000, 358.74 W, 94 %, 31089 MiB
2026/10/01 04:10:18.298, 2910 MHz, 13801 MHz, 0x0000000000000000, 369.92 W, 95 %, 31089 MiB
2026/10/01 04:10:18.810, 2910 MHz, 13801 MHz, 0x0000000000000000, 359.65 W, 95 %, 31089 MiB
2026/10/01 04:10:19.326, 2910 MHz, 13801 MHz, 0x0000000000000000, 360.39 W, 95 %, 31089 MiB
2026/10/01 04:10:19.826, 2910 MHz, 13801 MHz, 0x0000000000000000, 369.70 W, 95 %, 31089 MiB
2026/10/01 04:10:20.327, 2910 MHz, 13801 MHz, 0x0000000000000000, 364.86 W, 95 %, 31089 MiB
2026/10/01 04:10:20.840, 2910 MHz, 13801 MHz, 0x0000000000000000, 364.96 W, 96 %, 31089 MiB
2026/10/01 04:10:21.341, 2910 MHz, 13801 MHz, 0x0000000000000000, 365.71 W, 95 %, 31089 MiB
2026/10/01 04:10:21.853, 2910 MHz, 13801 MHz, 0x0000000000000000, 365.81 W, 96 %, 31089 MiB
2026/10/01 04:10:22.354, 2910 MHz, 13801 MHz, 0x0000000000000000, 370.45 W, 93 %, 31089 MiB
2026/10/01 04:10:22.856, 2917 MHz, 13801 MHz, 0x0000000000000000, 261.05 W, 0 %, 31089 MiB
2026/10/01 04:10:23.370, 2925 MHz, 13801 MHz, 0x0000000000000000, 123.53 W, 0 %, 31089 MiB
2026/10/01 04:10:23.886, 2925 MHz, 13801 MHz, 0x0000000000000000, 94.42 W, 0 %, 31089 MiB
2026/10/01 04:10:24.388, 2925 MHz, 13801 MHz, 0x0000000000000000, 94.32 W, 0 %, 31089 MiB
2026/10/01 04:10:24.903, 562 MHz, 13801 MHz, 0x0000000000000000, 71.18 W, 0 %, 31092 MiB
2026/10/01 04:10:25.416, 465 MHz, 810 MHz, 0x0000000000000000, 40.75 W, 0 %, 31089 MiB
2026/10/01 04:10:25.917, 360 MHz, 810 MHz, 0x0000000000000000, 27.50 W, 0 %, 31089 MiB
2026/10/01 04:10:26.431, 270 MHz, 810 MHz, 0x0000000000000000, 19.67 W, 0 %, 31089 MiB
2026/10/01 04:10:26.946, 195 MHz, 810 MHz, 0x0000000000000000, 17.62 W, 0 %, 31089 MiB
2026/10/01 04:10:27.459, 195 MHz, 810 MHz, 0x0000000000000000, 17.62 W, 0 %, 31089 MiB
2026/10/01 04:10:27.974, 180 MHz, 405 MHz, 0x0000000000000000, 11.76 W, 0 %, 31089 MiB
2026/10/01 04:10:28.476, 180 MHz, 405 MHz, 0x0000000000000000, 11.76 W, 0 %, 31089 MiB
2026/10/01 04:10:28.978, 180 MHz, 405 MHz, 0x0000000000000000, 11.64 W, 0 %, 31089 MiB
2026/10/01 04:10:29.493, 180 MHz, 405 MHz, 0x0000000000000000, 11.64 W, 0 %, 31089 MiB
2026/10/01 04:10:30.004, 180 MHz, 405 MHz, 0x0000000000000000, 11.58 W, 0 %, 31089 MiB
2026/10/01 04:10:30.516, 180 MHz, 405 MHz, 0x0000000000000000, 11.58 W, 0 %, 31089 MiB
2026/10/01 04:10:31.029, 180 MHz, 405 MHz, 0x0000000000000000, 11.35 W, 0 %, 31089 MiB
2026/10/01 04:10:31.542, 180 MHz, 405 MHz, 0x0000000000000000, 11.35 W, 0 %, 31089 MiB
2026/10/01 04:10:32.056, 180 MHz, 405 MHz, 0x0000000000000000, 16.25 W, 98 %, 31089 MiB
2026/10/01 04:10:32.571, 2932 MHz, 13801 MHz, 0x0000000000000000, 113.26 W, 94 %, 31089 MiB
2026/10/01 04:10:33.080, 2910 MHz, 13801 MHz, 0x0000000000000000, 285.71 W, 93 %, 31089 MiB
2026/10/01 04:10:33.589, 2910 MHz, 13801 MHz, 0x0000000000000000, 323.92 W, 94 %, 31089 MiB
2026/10/01 04:10:34.098, 2910 MHz, 13801 MHz, 0x0000000000000000, 319.49 W, 95 %, 31089 MiB
2026/10/01 04:10:34.609, 2910 MHz, 13801 MHz, 0x0000000000000000, 321.04 W, 95 %, 31089 MiB
2026/10/01 04:10:35.115, 2910 MHz, 13801 MHz, 0x0000000000000000, 310.33 W, 96 %, 31089 MiB
2026/10/01 04:10:35.624, 2910 MHz, 13801 MHz, 0x0000000000000000, 323.03 W, 41 %, 31089 MiB
2026/10/01 04:10:36.133, 2910 MHz, 13801 MHz, 0x0000000000000000, 323.53 W, 96 %, 31089 MiB
2026/10/01 04:10:36.641, 2910 MHz, 13801 MHz, 0x0000000000000000, 321.17 W, 78 %, 31089 MiB
2026/10/01 04:10:37.153, 2910 MHz, 13801 MHz, 0x0000000000000000, 324.64 W, 95 %, 31089 MiB
2026/10/01 04:10:37.664, 2910 MHz, 13801 MHz, 0x0000000000000000, 321.23 W, 95 %, 31089 MiB
2026/10/01 04:10:38.172, 2910 MHz, 13801 MHz, 0x0000000000000000, 322.55 W, 96 %, 31089 MiB
2026/10/01 04:10:38.680, 2910 MHz, 13801 MHz, 0x0000000000000000, 323.29 W, 96 %, 31089 MiB
2026/10/01 04:10:39.187, 2910 MHz, 13801 MHz, 0x0000000000000000, 316.92 W, 58 %, 31089 MiB
2026/10/01 04:10:39.693, 2910 MHz, 13801 MHz, 0x0000000000000000, 322.13 W, 96 %, 31089 MiB
2026/10/01 04:10:40.200, 2910 MHz, 13801 MHz, 0x0000000000000000, 314.55 W, 45 %, 31089 MiB
2026/10/01 04:10:40.707, 2910 MHz, 13801 MHz, 0x0000000000000000, 320.40 W, 96 %, 31089 MiB
2026/10/01 04:10:41.219, 2910 MHz, 13801 MHz, 0x0000000000000000, 333.18 W, 86 %, 31089 MiB
2026/10/01 04:10:41.726, 2910 MHz, 13801 MHz, 0x0000000000000000, 325.68 W, 95 %, 31089 MiB
2026/10/01 04:10:42.236, 2910 MHz, 13801 MHz, 0x0000000000000000, 309.92 W, 96 %, 31089 MiB
2026/10/01 04:10:42.741, 2910 MHz, 13801 MHz, 0x0000000000000000, 309.32 W, 48 %, 31089 MiB
2026/10/01 04:10:43.250, 2910 MHz, 13801 MHz, 0x0000000000000000, 324.80 W, 96 %, 31089 MiB
2026/10/01 04:10:43.758, 2910 MHz, 13801 MHz, 0x0000000000000000, 313.00 W, 83 %, 31089 MiB
2026/10/01 04:10:44.266, 2910 MHz, 13801 MHz, 0x0000000000000000, 321.65 W, 96 %, 31089 MiB
2026/10/01 04:10:44.773, 2910 MHz, 13801 MHz, 0x0000000000000000, 323.06 W, 95 %, 31089 MiB
2026/10/01 04:10:45.280, 2910 MHz, 13801 MHz, 0x0000000000000000, 316.39 W, 96 %, 31089 MiB
2026/10/01 04:10:45.785, 2910 MHz, 13801 MHz, 0x0000000000000000, 307.83 W, 66 %, 31089 MiB
2026/10/01 04:10:46.294, 2910 MHz, 13801 MHz, 0x0000000000000000, 317.25 W, 95 %, 31092 MiB
2026/10/01 04:10:46.800, 2910 MHz, 13801 MHz, 0x0000000000000000, 308.99 W, 96 %, 31089 MiB
2026/10/01 04:10:47.308, 2910 MHz, 13801 MHz, 0x0000000000000000, 321.75 W, 86 %, 31089 MiB
2026/10/01 04:10:47.818, 2910 MHz, 13801 MHz, 0x0000000000000000, 324.01 W, 94 %, 31089 MiB
2026/10/01 04:10:48.325, 2910 MHz, 13801 MHz, 0x0000000000000000, 312.64 W, 49 %, 31089 MiB
2026/10/01 04:10:48.831, 2910 MHz, 13801 MHz, 0x0000000000000000, 323.11 W, 95 %, 31089 MiB
2026/10/01 04:10:49.339, 2910 MHz, 13801 MHz, 0x0000000000000000, 323.01 W, 47 %, 31089 MiB
2026/10/01 04:10:49.847, 2917 MHz, 13801 MHz, 0x0000000000000000, 322.70 W, 96 %, 31089 MiB
2026/10/01 04:10:50.354, 2910 MHz, 13801 MHz, 0x0000000000000000, 300.33 W, 77 %, 31089 MiB
2026/10/01 04:10:50.861, 2910 MHz, 13801 MHz, 0x0000000000000000, 298.61 W, 47 %, 31089 MiB
2026/10/01 04:10:51.368, 2910 MHz, 13801 MHz, 0x0000000000000000, 322.58 W, 92 %, 31089 MiB
2026/10/01 04:10:51.875, 2910 MHz, 13801 MHz, 0x0000000000000000, 320.23 W, 95 %, 31089 MiB
2026/10/01 04:10:52.386, 2910 MHz, 13801 MHz, 0x0000000000000000, 314.97 W, 62 %, 31089 MiB
2026/10/01 04:10:52.894, 2910 MHz, 13801 MHz, 0x0000000000000000, 322.90 W, 96 %, 31089 MiB
2026/10/01 04:10:53.398, 2910 MHz, 13801 MHz, 0x0000000000000000, 315.65 W, 96 %, 31089 MiB
2026/10/01 04:10:53.908, 2910 MHz, 13801 MHz, 0x0000000000000000, 324.34 W, 96 %, 31089 MiB
2026/10/01 04:10:54.414, 2910 MHz, 13801 MHz, 0x0000000000000000, 323.38 W, 96 %, 31089 MiB
2026/10/01 04:10:54.922, 2910 MHz, 13801 MHz, 0x0000000000000000, 320.47 W, 36 %, 31089 MiB
2026/10/01 04:10:55.434, 2910 MHz, 13801 MHz, 0x0000000000000000, 314.23 W, 40 %, 31089 MiB
2026/10/01 04:10:55.941, 2910 MHz, 13801 MHz, 0x0000000000000000, 304.01 W, 77 %, 31089 MiB
2026/10/01 04:10:56.448, 2910 MHz, 13801 MHz, 0x0000000000000000, 307.86 W, 48 %, 31089 MiB
2026/10/01 04:10:56.955, 2910 MHz, 13801 MHz, 0x0000000000000000, 317.73 W, 67 %, 31089 MiB
2026/10/01 04:10:57.463, 2910 MHz, 13801 MHz, 0x0000000000000000, 312.23 W, 96 %, 31089 MiB
2026/10/01 04:10:57.971, 2910 MHz, 13801 MHz, 0x0000000000000000, 322.25 W, 96 %, 31089 MiB
2026/10/01 04:10:58.480, 2910 MHz, 13801 MHz, 0x0000000000000000, 325.16 W, 96 %, 31089 MiB
2026/10/01 04:10:58.988, 2910 MHz, 13801 MHz, 0x0000000000000000, 336.56 W, 91 %, 31089 MiB
2026/10/01 04:10:59.497, 2910 MHz, 13801 MHz, 0x0000000000000000, 323.14 W, 96 %, 31089 MiB
2026/10/01 04:11:00.002, 2910 MHz, 13801 MHz, 0x0000000000000000, 299.20 W, 49 %, 31089 MiB
2026/10/01 04:11:00.513, 2910 MHz, 13801 MHz, 0x0000000000000000, 325.37 W, 95 %, 31089 MiB
2026/10/01 04:11:01.019, 2910 MHz, 13801 MHz, 0x0000000000000000, 328.05 W, 49 %, 31089 MiB
2026/10/01 04:11:01.527, 2910 MHz, 13801 MHz, 0x0000000000000000, 322.71 W, 96 %, 31089 MiB
2026/10/01 04:11:02.036, 2910 MHz, 13801 MHz, 0x0000000000000000, 320.53 W, 59 %, 31089 MiB
2026/10/01 04:11:02.548, 2910 MHz, 13801 MHz, 0x0000000000000000, 311.33 W, 58 %, 31089 MiB
2026/10/01 04:11:03.056, 2910 MHz, 13801 MHz, 0x0000000000000000, 316.49 W, 82 %, 31089 MiB
2026/10/01 04:11:03.562, 2910 MHz, 13801 MHz, 0x0000000000000000, 336.75 W, 96 %, 31089 MiB
2026/10/01 04:11:04.072, 2910 MHz, 13801 MHz, 0x0000000000000000, 323.67 W, 95 %, 31089 MiB
2026/10/01 04:11:04.583, 2910 MHz, 13801 MHz, 0x0000000000000000, 314.90 W, 96 %, 31089 MiB
2026/10/01 04:11:05.092, 2910 MHz, 13801 MHz, 0x0000000000000000, 324.23 W, 96 %, 31089 MiB
2026/10/01 04:11:05.600, 2910 MHz, 13801 MHz, 0x0000000000000000, 324.52 W, 95 %, 31089 MiB
2026/10/01 04:11:06.108, 2910 MHz, 13801 MHz, 0x0000000000000000, 309.49 W, 29 %, 31089 MiB
2026/10/01 04:11:06.616, 2910 MHz, 13801 MHz, 0x0000000000000000, 317.85 W, 70 %, 31089 MiB
2026/10/01 04:11:07.122, 2910 MHz, 13801 MHz, 0x0000000000000000, 321.25 W, 94 %, 31094 MiB
2026/10/01 04:11:07.632, 2910 MHz, 13801 MHz, 0x0000000000000000, 311.40 W, 87 %, 31094 MiB
2026/10/01 04:11:08.141, 2910 MHz, 13801 MHz, 0x0000000000000000, 308.12 W, 38 %, 31089 MiB
2026/10/01 04:11:08.649, 2910 MHz, 13801 MHz, 0x0000000000000000, 322.25 W, 31 %, 31089 MiB
2026/10/01 04:11:09.159, 2910 MHz, 13801 MHz, 0x0000000000000000, 312.04 W, 55 %, 31089 MiB
2026/10/01 04:11:09.668, 2910 MHz, 13801 MHz, 0x0000000000000000, 318.35 W, 43 %, 31089 MiB
2026/10/01 04:11:10.176, 2910 MHz, 13801 MHz, 0x0000000000000000, 330.76 W, 95 %, 31089 MiB
2026/10/01 04:11:10.686, 2910 MHz, 13801 MHz, 0x0000000000000000, 315.31 W, 95 %, 31089 MiB
2026/10/01 04:11:11.193, 2910 MHz, 13801 MHz, 0x0000000000000000, 327.06 W, 95 %, 31089 MiB
2026/10/01 04:11:11.699, 2910 MHz, 13801 MHz, 0x0000000000000000, 326.86 W, 69 %, 31089 MiB
2026/10/01 04:11:12.209, 2910 MHz, 13801 MHz, 0x0000000000000000, 314.98 W, 50 %, 31089 MiB
2026/10/01 04:11:12.717, 2910 MHz, 13801 MHz, 0x0000000000000000, 321.36 W, 96 %, 31089 MiB
2026/10/01 04:11:13.224, 2910 MHz, 13801 MHz, 0x0000000000000000, 322.46 W, 96 %, 31089 MiB
2026/10/01 04:11:13.731, 2910 MHz, 13801 MHz, 0x0000000000000000, 325.01 W, 96 %, 31089 MiB
2026/10/01 04:11:14.237, 2910 MHz, 13801 MHz, 0x0000000000000000, 327.03 W, 95 %, 31089 MiB
2026/10/01 04:11:14.745, 2910 MHz, 13801 MHz, 0x0000000000000000, 329.44 W, 68 %, 31089 MiB
2026/10/01 04:11:15.251, 2910 MHz, 13801 MHz, 0x0000000000000000, 327.49 W, 95 %, 31089 MiB
2026/10/01 04:11:15.760, 2910 MHz, 13801 MHz, 0x0000000000000000, 332.20 W, 96 %, 31089 MiB
2026/10/01 04:11:16.267, 2910 MHz, 13801 MHz, 0x0000000000000000, 327.71 W, 96 %, 31089 MiB
2026/10/01 04:11:16.777, 2910 MHz, 13801 MHz, 0x0000000000000000, 314.41 W, 96 %, 31089 MiB
2026/10/01 04:11:17.284, 2910 MHz, 13801 MHz, 0x0000000000000000, 337.15 W, 96 %, 31089 MiB
2026/10/01 04:11:17.793, 2910 MHz, 13801 MHz, 0x0000000000000000, 328.68 W, 87 %, 31089 MiB
2026/10/01 04:11:18.304, 2910 MHz, 13801 MHz, 0x0000000000000000, 317.95 W, 51 %, 31089 MiB
2026/10/01 04:11:18.819, 2917 MHz, 13801 MHz, 0x0000000000000000, 322.20 W, 96 %, 31089 MiB
2026/10/01 04:11:19.327, 2910 MHz, 13801 MHz, 0x0000000000000000, 323.85 W, 96 %, 31089 MiB
2026/10/01 04:11:19.842, 2910 MHz, 13801 MHz, 0x0000000000000000, 324.75 W, 96 %, 31089 MiB
2026/10/01 04:11:20.355, 2910 MHz, 13801 MHz, 0x0000000000000000, 315.07 W, 96 %, 31089 MiB
2026/10/01 04:11:20.861, 2910 MHz, 13801 MHz, 0x0000000000000000, 327.07 W, 96 %, 31089 MiB
2026/10/01 04:11:21.368, 2910 MHz, 13801 MHz, 0x0000000000000000, 325.73 W, 96 %, 31089 MiB
2026/10/01 04:11:21.876, 2910 MHz, 13801 MHz, 0x0000000000000000, 309.84 W, 81 %, 31089 MiB
2026/10/01 04:11:22.383, 2910 MHz, 13801 MHz, 0x0000000000000000, 321.75 W, 96 %, 31089 MiB
2026/10/01 04:11:22.894, 2910 MHz, 13801 MHz, 0x0000000000000000, 331.47 W, 96 %, 31089 MiB
2026/10/01 04:11:23.405, 2910 MHz, 13801 MHz, 0x0000000000000000, 323.47 W, 96 %, 31089 MiB
2026/10/01 04:11:23.916, 2910 MHz, 13801 MHz, 0x0000000000000000, 308.36 W, 24 %, 31089 MiB
2026/10/01 04:11:24.424, 2910 MHz, 13801 MHz, 0x0000000000000000, 322.27 W, 96 %, 31089 MiB
2026/10/01 04:11:24.935, 2910 MHz, 13801 MHz, 0x0000000000000000, 323.06 W, 46 %, 31089 MiB
2026/10/01 04:11:25.444, 2910 MHz, 13801 MHz, 0x0000000000000000, 325.04 W, 96 %, 31089 MiB
2026/10/01 04:11:25.952, 2910 MHz, 13801 MHz, 0x0000000000000000, 313.94 W, 57 %, 31089 MiB
2026/10/01 04:11:26.458, 2910 MHz, 13801 MHz, 0x0000000000000000, 314.53 W, 40 %, 31089 MiB
2026/10/01 04:11:26.969, 2910 MHz, 13801 MHz, 0x0000000000000000, 338.55 W, 96 %, 31089 MiB
2026/10/01 04:11:27.480, 2910 MHz, 13801 MHz, 0x0000000000000000, 321.36 W, 66 %, 31089 MiB
2026/10/01 04:11:27.986, 2910 MHz, 13801 MHz, 0x0000000000000000, 324.27 W, 96 %, 31089 MiB
2026/10/01 04:11:28.493, 2910 MHz, 13801 MHz, 0x0000000000000000, 326.36 W, 82 %, 31094 MiB
2026/10/01 04:11:29.005, 2910 MHz, 13801 MHz, 0x0000000000000000, 316.39 W, 96 %, 31094 MiB
2026/10/01 04:11:29.510, 2910 MHz, 13801 MHz, 0x0000000000000000, 311.50 W, 95 %, 31089 MiB
2026/10/01 04:11:30.018, 2910 MHz, 13801 MHz, 0x0000000000000000, 313.92 W, 75 %, 31089 MiB
2026/10/01 04:11:30.526, 2910 MHz, 13801 MHz, 0x0000000000000000, 326.81 W, 96 %, 31089 MiB
2026/10/01 04:11:31.034, 2910 MHz, 13801 MHz, 0x0000000000000000, 318.11 W, 65 %, 31089 MiB
2026/10/01 04:11:31.544, 2910 MHz, 13801 MHz, 0x0000000000000000, 328.43 W, 96 %, 31089 MiB
2026/10/01 04:11:32.053, 2910 MHz, 13801 MHz, 0x0000000000000000, 327.06 W, 96 %, 31089 MiB
2026/10/01 04:11:32.562, 2910 MHz, 13801 MHz, 0x0000000000000000, 317.55 W, 40 %, 31089 MiB
2026/10/01 04:11:33.071, 2910 MHz, 13801 MHz, 0x0000000000000000, 320.50 W, 68 %, 31089 MiB
2026/10/01 04:11:33.587, 2917 MHz, 13801 MHz, 0x0000000000000000, 242.68 W, 0 %, 31089 MiB
2026/10/01 04:11:34.099, 2925 MHz, 13801 MHz, 0x0000000000000000, 137.22 W, 0 %, 31089 MiB
2026/10/01 04:11:34.612, 2925 MHz, 13801 MHz, 0x0000000000000000, 96.72 W, 0 %, 31089 MiB
2026/10/01 04:11:35.114, 2925 MHz, 13801 MHz, 0x0000000000000000, 96.63 W, 0 %, 31089 MiB
2026/10/01 04:11:35.627, 562 MHz, 7001 MHz, 0x0000000000000000, 70.76 W, 0 %, 31089 MiB
2026/10/01 04:11:36.130, 450 MHz, 7001 MHz, 0x0000000000000000, 45.74 W, 0 %, 31089 MiB
2026/10/01 04:11:36.642, 352 MHz, 7001 MHz, 0x0000000000000000, 36.41 W, 0 %, 31089 MiB
2026/10/01 04:11:37.143, 352 MHz, 7001 MHz, 0x0000000000000000, 36.41 W, 0 %, 31089 MiB
2026/10/01 04:11:37.658, 225 MHz, 7001 MHz, 0x0000000000000000, 36.13 W, 0 %, 31089 MiB
2026/10/01 04:11:38.172, 225 MHz, 7001 MHz, 0x0000000000000000, 36.13 W, 0 %, 31089 MiB
2026/10/01 04:11:38.686, 180 MHz, 810 MHz, 0x0000000000000000, 24.64 W, 0 %, 31089 MiB
2026/10/01 04:11:39.202, 180 MHz, 810 MHz, 0x0000000000000000, 24.64 W, 0 %, 31089 MiB
2026/10/01 04:11:39.703, 180 MHz, 405 MHz, 0x0000000000000000, 13.55 W, 0 %, 31089 MiB
2026/10/01 04:11:40.218, 180 MHz, 405 MHz, 0x0000000000000000, 13.55 W, 0 %, 31089 MiB
2026/10/01 04:11:40.733, 180 MHz, 405 MHz, 0x0000000000000000, 12.77 W, 0 %, 31089 MiB
2026/10/01 04:11:41.248, 180 MHz, 405 MHz, 0x0000000000000000, 12.77 W, 0 %, 31089 MiB
2026/10/01 04:11:41.749, 180 MHz, 405 MHz, 0x0000000000000000, 11.74 W, 0 %, 31089 MiB
2026/10/01 04:11:42.251, 180 MHz, 405 MHz, 0x0000000000000000, 11.74 W, 0 %, 31089 MiB
2026/10/01 04:11:42.766, 180 MHz, 405 MHz, 0x0000000000000000, 11.79 W, 0 %, 31089 MiB
2026/10/01 04:11:43.281, 180 MHz, 405 MHz, 0x0000000000000000, 11.79 W, 0 %, 31089 MiB
2026/10/01 04:11:43.795, 180 MHz, 405 MHz, 0x0000000000000000, 12.39 W, 0 %, 31089 MiB
2026/10/01 04:11:44.310, 180 MHz, 405 MHz, 0x0000000000000000, 12.39 W, 0 %, 31089 MiB
2026/10/01 04:11:44.812, 180 MHz, 405 MHz, 0x0000000000000000, 12.05 W, 0 %, 31089 MiB
2026/10/01 04:11:45.313, 180 MHz, 405 MHz, 0x0000000000000000, 12.05 W, 0 %, 31089 MiB
2026/10/01 04:11:45.815, 180 MHz, 405 MHz, 0x0000000000000000, 11.70 W, 0 %, 31089 MiB
2026/10/01 04:11:46.316, 180 MHz, 405 MHz, 0x0000000000000000, 11.70 W, 0 %, 31089 MiB
2026/10/01 04:11:46.817, 210 MHz, 405 MHz, 0x0000000000000000, 12.67 W, 0 %, 31089 MiB
2026/10/01 04:11:47.331, 180 MHz, 405 MHz, 0x0000000000000000, 13.31 W, 0 %, 31089 MiB
2026/10/01 04:11:47.842, 180 MHz, 405 MHz, 0x0000000000000000, 13.52 W, 0 %, 31089 MiB
2026/10/01 04:11:48.354, 180 MHz, 405 MHz, 0x0000000000000000, 13.52 W, 0 %, 31089 MiB
2026/10/01 04:11:48.867, 180 MHz, 405 MHz, 0x0000000000000000, 12.20 W, 0 %, 31089 MiB
2026/10/01 04:11:49.371, 180 MHz, 405 MHz, 0x0000000000000000, 12.20 W, 0 %, 31092 MiB
2026/10/01 04:11:49.882, 532 MHz, 13801 MHz, 0x0000000000000000, 43.84 W, 94 %, 31092 MiB
2026/10/01 04:11:50.393, 2910 MHz, 13801 MHz, 0x0000000000000000, 132.58 W, 93 %, 31089 MiB
2026/10/01 04:11:50.908, 2910 MHz, 13801 MHz, 0x0000000000000000, 365.13 W, 93 %, 31089 MiB
2026/10/01 04:11:51.422, 2910 MHz, 13801 MHz, 0x0000000000000000, 363.47 W, 95 %, 31089 MiB
2026/10/01 04:11:51.938, 2910 MHz, 13801 MHz, 0x0000000000000000, 364.89 W, 95 %, 31089 MiB
2026/10/01 04:11:52.453, 2910 MHz, 13801 MHz, 0x0000000000000000, 366.49 W, 79 %, 31089 MiB
2026/10/01 04:11:52.955, 2910 MHz, 13801 MHz, 0x0000000000000000, 365.36 W, 95 %, 31089 MiB
2026/10/01 04:11:53.455, 2910 MHz, 13801 MHz, 0x0000000000000000, 365.61 W, 95 %, 31089 MiB
2026/10/01 04:11:53.956, 2910 MHz, 13801 MHz, 0x0000000000000000, 361.58 W, 95 %, 31089 MiB
2026/10/01 04:11:54.457, 2910 MHz, 13801 MHz, 0x0000000000000000, 362.25 W, 95 %, 31089 MiB
2026/10/01 04:11:54.960, 2910 MHz, 13801 MHz, 0x0000000000000000, 370.85 W, 95 %, 31089 MiB
2026/10/01 04:11:55.472, 2910 MHz, 13801 MHz, 0x0000000000000000, 360.37 W, 95 %, 31089 MiB
2026/10/01 04:11:55.984, 2910 MHz, 13801 MHz, 0x0000000000000000, 361.27 W, 95 %, 31089 MiB
2026/10/01 04:11:56.498, 2910 MHz, 13801 MHz, 0x0000000000000000, 361.96 W, 94 %, 31089 MiB
2026/10/01 04:11:57.012, 2910 MHz, 13801 MHz, 0x0000000000000000, 361.89 W, 95 %, 31089 MiB
2026/10/01 04:11:57.524, 2910 MHz, 13801 MHz, 0x0000000000000000, 371.85 W, 94 %, 31089 MiB
2026/10/01 04:11:58.038, 2910 MHz, 13801 MHz, 0x0000000000000000, 364.36 W, 95 %, 31089 MiB
2026/10/01 04:11:58.552, 2910 MHz, 13801 MHz, 0x0000000000000000, 364.11 W, 94 %, 31089 MiB
2026/10/01 04:11:59.053, 2910 MHz, 13801 MHz, 0x0000000000000000, 360.56 W, 54 %, 31089 MiB
2026/10/01 04:11:59.566, 2910 MHz, 13801 MHz, 0x0000000000000000, 372.86 W, 95 %, 31089 MiB
2026/10/01 04:12:00.068, 2910 MHz, 13801 MHz, 0x0000000000000000, 308.24 W, 0 %, 31089 MiB
2026/10/01 04:12:10.851, 210 MHz, 405 MHz, 0x0000000000000000, 12.45 W, 0 %, 31094 MiB
2026/10/01 04:12:11.364, 180 MHz, 13801 MHz, 0x0000000000000000, 25.18 W, 100 %, 31089 MiB
2026/10/01 04:12:11.878, 2910 MHz, 13801 MHz, 0x0000000000000000, 190.35 W, 95 %, 31089 MiB
2026/10/01 04:12:12.380, 2910 MHz, 13801 MHz, 0x0000000000000000, 362.49 W, 94 %, 31089 MiB
2026/10/01 04:12:12.882, 2910 MHz, 13801 MHz, 0x0000000000000000, 358.42 W, 95 %, 31089 MiB
2026/10/01 04:12:13.382, 2910 MHz, 13801 MHz, 0x0000000000000000, 358.58 W, 95 %, 31089 MiB
2026/10/01 04:12:13.898, 2910 MHz, 13801 MHz, 0x0000000000000000, 368.74 W, 95 %, 31089 MiB
2026/10/01 04:12:14.413, 2910 MHz, 13801 MHz, 0x0000000000000000, 360.86 W, 95 %, 31089 MiB
2026/10/01 04:12:14.916, 2910 MHz, 13801 MHz, 0x0000000000000000, 360.80 W, 94 %, 31089 MiB
2026/10/01 04:12:15.430, 2910 MHz, 13801 MHz, 0x0000000000000000, 359.74 W, 86 %, 31089 MiB
2026/10/01 04:12:15.933, 2910 MHz, 13801 MHz, 0x0000000000000000, 360.71 W, 95 %, 31089 MiB
2026/10/01 04:12:16.434, 2910 MHz, 13801 MHz, 0x0000000000000000, 370.40 W, 94 %, 31089 MiB
2026/10/01 04:12:16.936, 2910 MHz, 13801 MHz, 0x0000000000000000, 361.37 W, 95 %, 31089 MiB
2026/10/01 04:12:17.450, 2910 MHz, 13801 MHz, 0x0000000000000000, 361.68 W, 95 %, 31089 MiB
2026/10/01 04:12:17.965, 2910 MHz, 13801 MHz, 0x0000000000000000, 363.17 W, 66 %, 31089 MiB
2026/10/01 04:12:18.466, 2910 MHz, 13801 MHz, 0x0000000000000000, 362.06 W, 95 %, 31089 MiB
2026/10/01 04:12:18.967, 2910 MHz, 13801 MHz, 0x0000000000000000, 362.68 W, 95 %, 31089 MiB
2026/10/01 04:12:19.468, 2910 MHz, 13801 MHz, 0x0000000000000000, 366.48 W, 94 %, 31089 MiB
2026/10/01 04:12:19.969, 2910 MHz, 13801 MHz, 0x0000000000000000, 366.02 W, 95 %, 31089 MiB
2026/10/01 04:12:20.473, 2910 MHz, 13801 MHz, 0x0000000000000000, 371.01 W, 94 %, 31089 MiB
2026/10/01 04:12:20.988, 2910 MHz, 13801 MHz, 0x0000000000000000, 366.58 W, 94 %, 31089 MiB
2026/10/01 04:12:21.503, 2910 MHz, 13801 MHz, 0x0000000000000000, 366.48 W, 95 %, 31089 MiB
2026/10/01 04:12:22.005, 2910 MHz, 13801 MHz, 0x0000000000000000, 324.03 W, 0 %, 31089 MiB
2026/10/01 04:12:22.507, 2925 MHz, 13801 MHz, 0x0000000000000000, 202.86 W, 0 %, 31089 MiB
2026/10/01 04:12:23.020, 2925 MHz, 13801 MHz, 0x0000000000000000, 95.03 W, 0 %, 31089 MiB
2026/10/01 04:12:23.520, 2925 MHz, 13801 MHz, 0x0000000000000000, 94.43 W, 0 %, 31089 MiB
2026/10/01 04:12:24.034, 1950 MHz, 7001 MHz, 0x0000000000000000, 80.06 W, 0 %, 31089 MiB
2026/10/01 04:12:24.549, 487 MHz, 7001 MHz, 0x0000000000000000, 49.49 W, 0 %, 31089 MiB
2026/10/01 04:12:25.062, 390 MHz, 7001 MHz, 0x0000000000000000, 36.16 W, 0 %, 31089 MiB
2026/10/01 04:12:25.577, 240 MHz, 7001 MHz, 0x0000000000000000, 35.94 W, 0 %, 31089 MiB
2026/10/01 04:12:26.090, 240 MHz, 7001 MHz, 0x0000000000000000, 35.94 W, 0 %, 31089 MiB
2026/10/01 04:12:26.602, 180 MHz, 7001 MHz, 0x0000000000000000, 35.61 W, 0 %, 31089 MiB
2026/10/01 04:12:27.110, 180 MHz, 7001 MHz, 0x0000000000000000, 35.61 W, 0 %, 31089 MiB
2026/10/01 04:12:27.610, 180 MHz, 7001 MHz, 0x0000000000000000, 35.49 W, 0 %, 31089 MiB
2026/10/01 04:12:28.123, 180 MHz, 7001 MHz, 0x0000000000000000, 35.49 W, 0 %, 31089 MiB
2026/10/01 04:12:28.634, 180 MHz, 810 MHz, 0x0000000000000000, 17.07 W, 0 %, 31089 MiB
2026/10/01 04:12:29.147, 180 MHz, 810 MHz, 0x0000000000000000, 17.07 W, 0 %, 31089 MiB
2026/10/01 04:12:29.657, 180 MHz, 405 MHz, 0x0000000000000000, 15.04 W, 0 %, 31089 MiB
2026/10/01 04:12:30.169, 180 MHz, 405 MHz, 0x0000000000000000, 15.04 W, 0 %, 31089 MiB
2026/10/01 04:12:30.680, 180 MHz, 405 MHz, 0x0000000000000000, 12.38 W, 0 %, 31089 MiB
2026/10/01 04:12:31.190, 180 MHz, 405 MHz, 0x0000000000000000, 12.38 W, 0 %, 31089 MiB
2026/10/01 04:12:31.700, 187 MHz, 405 MHz, 0x0000000000000000, 12.27 W, 0 %, 31083 MiB
2026/10/01 04:12:32.208, 2932 MHz, 13801 MHz, 0x0000000000000000, 68.94 W, 96 %, 31081 MiB
2026/10/01 04:12:32.714, 2910 MHz, 13801 MHz, 0x0000000000000000, 274.35 W, 96 %, 31081 MiB
2026/10/01 04:12:33.220, 2910 MHz, 13801 MHz, 0x0000000000000000, 346.62 W, 26 %, 31081 MiB
2026/10/01 04:12:33.725, 2910 MHz, 13801 MHz, 0x0000000000000000, 343.62 W, 96 %, 31081 MiB
2026/10/01 04:12:34.236, 2910 MHz, 13801 MHz, 0x0000000000000000, 336.05 W, 96 %, 31081 MiB
2026/10/01 04:12:34.745, 2910 MHz, 13801 MHz, 0x0000000000000000, 334.88 W, 96 %, 31081 MiB
2026/10/01 04:12:35.255, 2910 MHz, 13801 MHz, 0x0000000000000000, 319.63 W, 46 %, 31081 MiB
2026/10/01 04:12:35.763, 2910 MHz, 13801 MHz, 0x0000000000000000, 331.49 W, 97 %, 31081 MiB
2026/10/01 04:12:36.271, 2910 MHz, 13801 MHz, 0x0000000000000000, 333.60 W, 44 %, 31081 MiB
2026/10/01 04:12:36.775, 2910 MHz, 13801 MHz, 0x0000000000000000, 349.04 W, 97 %, 31081 MiB
2026/10/01 04:12:37.284, 2910 MHz, 13801 MHz, 0x0000000000000000, 336.48 W, 97 %, 31081 MiB
2026/10/01 04:12:37.793, 2910 MHz, 13801 MHz, 0x0000000000000000, 313.73 W, 47 %, 31081 MiB
2026/10/01 04:12:38.305, 2910 MHz, 13801 MHz, 0x0000000000000000, 323.29 W, 97 %, 31081 MiB
2026/10/01 04:12:38.813, 2910 MHz, 13801 MHz, 0x0000000000000000, 337.64 W, 97 %, 31081 MiB
2026/10/01 04:12:39.321, 2910 MHz, 13801 MHz, 0x0000000000000000, 324.24 W, 95 %, 31081 MiB
2026/10/01 04:12:39.829, 2910 MHz, 13801 MHz, 0x0000000000000000, 336.86 W, 97 %, 31081 MiB
2026/10/01 04:12:40.340, 2910 MHz, 13801 MHz, 0x0000000000000000, 338.55 W, 65 %, 31081 MiB
2026/10/01 04:12:40.848, 2910 MHz, 13801 MHz, 0x0000000000000000, 317.51 W, 97 %, 31081 MiB
2026/10/01 04:12:41.358, 2910 MHz, 13801 MHz, 0x0000000000000000, 326.38 W, 51 %, 31081 MiB
2026/10/01 04:12:41.865, 2910 MHz, 13801 MHz, 0x0000000000000000, 348.10 W, 96 %, 31081 MiB
2026/10/01 04:12:42.372, 2910 MHz, 13801 MHz, 0x0000000000000000, 337.76 W, 97 %, 31081 MiB
2026/10/01 04:12:42.879, 2910 MHz, 13801 MHz, 0x0000000000000000, 317.73 W, 82 %, 31081 MiB
2026/10/01 04:12:43.388, 2910 MHz, 13801 MHz, 0x0000000000000000, 338.86 W, 97 %, 31081 MiB
2026/10/01 04:12:43.896, 2910 MHz, 13801 MHz, 0x0000000000000000, 342.83 W, 62 %, 31081 MiB
2026/10/01 04:12:44.403, 2910 MHz, 13801 MHz, 0x0000000000000000, 313.38 W, 96 %, 31081 MiB
2026/10/01 04:12:44.912, 2910 MHz, 13801 MHz, 0x0000000000000000, 336.31 W, 97 %, 31081 MiB
2026/10/01 04:12:45.423, 2910 MHz, 13801 MHz, 0x0000000000000000, 332.24 W, 40 %, 31081 MiB
2026/10/01 04:12:45.928, 2910 MHz, 13801 MHz, 0x0000000000000000, 314.37 W, 97 %, 31081 MiB
2026/10/01 04:12:46.437, 2910 MHz, 13801 MHz, 0x0000000000000000, 359.00 W, 97 %, 31081 MiB
2026/10/01 04:12:46.948, 2910 MHz, 13801 MHz, 0x0000000000000000, 329.47 W, 97 %, 31081 MiB
2026/10/01 04:12:47.456, 2910 MHz, 13801 MHz, 0x0000000000000000, 312.62 W, 97 %, 31081 MiB
2026/10/01 04:12:47.965, 2910 MHz, 13801 MHz, 0x0000000000000000, 328.06 W, 48 %, 31081 MiB
2026/10/01 04:12:48.474, 2910 MHz, 13801 MHz, 0x0000000000000000, 335.34 W, 42 %, 31081 MiB
2026/10/01 04:12:48.982, 2910 MHz, 13801 MHz, 0x0000000000000000, 345.31 W, 62 %, 31081 MiB
2026/10/01 04:12:49.492, 2910 MHz, 13801 MHz, 0x0000000000000000, 321.12 W, 97 %, 31081 MiB
2026/10/01 04:12:50.002, 2910 MHz, 13801 MHz, 0x0000000000000000, 320.56 W, 74 %, 31081 MiB
2026/10/01 04:12:50.511, 2910 MHz, 13801 MHz, 0x0000000000000000, 329.24 W, 97 %, 31081 MiB
2026/10/01 04:12:51.020, 2910 MHz, 13801 MHz, 0x0000000000000000, 328.03 W, 61 %, 31081 MiB
2026/10/01 04:12:51.529, 2910 MHz, 13801 MHz, 0x0000000000000000, 331.30 W, 41 %, 31081 MiB
2026/10/01 04:12:52.036, 2910 MHz, 13801 MHz, 0x0000000000000000, 336.91 W, 97 %, 31081 MiB
2026/10/01 04:12:52.545, 2910 MHz, 13801 MHz, 0x0000000000000000, 331.95 W, 97 %, 31083 MiB
2026/10/01 04:12:53.053, 2910 MHz, 13801 MHz, 0x0000000000000000, 338.24 W, 96 %, 31083 MiB
2026/10/01 04:12:53.562, 2910 MHz, 13801 MHz, 0x0000000000000000, 323.88 W, 93 %, 31081 MiB
2026/10/01 04:12:54.070, 2910 MHz, 13801 MHz, 0x0000000000000000, 331.14 W, 30 %, 31081 MiB
2026/10/01 04:12:54.578, 2910 MHz, 13801 MHz, 0x0000000000000000, 317.62 W, 87 %, 31081 MiB
2026/10/01 04:12:55.086, 2910 MHz, 13801 MHz, 0x0000000000000000, 310.36 W, 97 %, 31081 MiB
2026/10/01 04:12:55.595, 2910 MHz, 13801 MHz, 0x0000000000000000, 323.23 W, 42 %, 31081 MiB
2026/10/01 04:12:56.106, 2910 MHz, 13801 MHz, 0x0000000000000000, 309.27 W, 97 %, 31081 MiB
2026/10/01 04:12:56.615, 2910 MHz, 13801 MHz, 0x0000000000000000, 327.36 W, 38 %, 31081 MiB
2026/10/01 04:12:57.125, 2910 MHz, 13801 MHz, 0x0000000000000000, 308.30 W, 96 %, 31081 MiB
2026/10/01 04:12:57.634, 2910 MHz, 13801 MHz, 0x0000000000000000, 307.61 W, 39 %, 31081 MiB
2026/10/01 04:12:58.145, 2910 MHz, 13801 MHz, 0x0000000000000000, 343.00 W, 97 %, 31081 MiB
2026/10/01 04:12:58.656, 2910 MHz, 13801 MHz, 0x0000000000000000, 320.47 W, 97 %, 31081 MiB
2026/10/01 04:12:59.164, 2910 MHz, 13801 MHz, 0x0000000000000000, 335.88 W, 96 %, 31081 MiB
2026/10/01 04:12:59.674, 2910 MHz, 13801 MHz, 0x0000000000000000, 316.85 W, 49 %, 31081 MiB
2026/10/01 04:13:00.185, 2910 MHz, 13801 MHz, 0x0000000000000000, 316.53 W, 96 %, 31081 MiB
2026/10/01 04:13:00.695, 2910 MHz, 13801 MHz, 0x0000000000000000, 334.93 W, 37 %, 31081 MiB
2026/10/01 04:13:01.202, 2910 MHz, 13801 MHz, 0x0000000000000000, 321.57 W, 49 %, 31081 MiB
2026/10/01 04:13:01.711, 2910 MHz, 13801 MHz, 0x0000000000000000, 331.40 W, 96 %, 31081 MiB
2026/10/01 04:13:02.220, 2910 MHz, 13801 MHz, 0x0000000000000000, 335.48 W, 96 %, 31081 MiB
2026/10/01 04:13:02.729, 2910 MHz, 13801 MHz, 0x0000000000000000, 318.98 W, 82 %, 31081 MiB
2026/10/01 04:13:03.236, 2910 MHz, 13801 MHz, 0x0000000000000000, 333.23 W, 97 %, 31081 MiB
2026/10/01 04:13:03.745, 2910 MHz, 13801 MHz, 0x0000000000000000, 341.81 W, 77 %, 31081 MiB
2026/10/01 04:13:04.255, 2910 MHz, 13801 MHz, 0x0000000000000000, 319.43 W, 51 %, 31081 MiB
2026/10/01 04:13:04.765, 2910 MHz, 13801 MHz, 0x0000000000000000, 332.65 W, 88 %, 31081 MiB
2026/10/01 04:13:05.274, 2910 MHz, 13801 MHz, 0x0000000000000000, 330.63 W, 51 %, 31081 MiB
2026/10/01 04:13:05.779, 2910 MHz, 13801 MHz, 0x0000000000000000, 316.50 W, 69 %, 31081 MiB
2026/10/01 04:13:06.287, 2910 MHz, 13801 MHz, 0x0000000000000000, 322.25 W, 40 %, 31081 MiB
2026/10/01 04:13:06.797, 2910 MHz, 13801 MHz, 0x0000000000000000, 341.74 W, 50 %, 31081 MiB
2026/10/01 04:13:07.305, 2910 MHz, 13801 MHz, 0x0000000000000000, 328.11 W, 95 %, 31081 MiB
2026/10/01 04:13:07.814, 2910 MHz, 13801 MHz, 0x0000000000000000, 311.93 W, 61 %, 31081 MiB
2026/10/01 04:13:08.320, 2910 MHz, 13801 MHz, 0x0000000000000000, 332.29 W, 97 %, 31081 MiB
2026/10/01 04:13:08.829, 2910 MHz, 13801 MHz, 0x0000000000000000, 323.18 W, 37 %, 31081 MiB
2026/10/01 04:13:09.338, 2910 MHz, 13801 MHz, 0x0000000000000000, 350.01 W, 97 %, 31081 MiB
2026/10/01 04:13:09.849, 2910 MHz, 13801 MHz, 0x0000000000000000, 343.34 W, 30 %, 31081 MiB
2026/10/01 04:13:10.358, 2910 MHz, 13801 MHz, 0x0000000000000000, 313.59 W, 38 %, 31081 MiB
2026/10/01 04:13:10.868, 2910 MHz, 13801 MHz, 0x0000000000000000, 304.31 W, 97 %, 31081 MiB
2026/10/01 04:13:11.377, 2910 MHz, 13801 MHz, 0x0000000000000000, 320.62 W, 72 %, 31081 MiB
2026/10/01 04:13:11.887, 2910 MHz, 13801 MHz, 0x0000000000000000, 331.25 W, 62 %, 31081 MiB
2026/10/01 04:13:12.397, 2910 MHz, 13801 MHz, 0x0000000000000000, 331.05 W, 97 %, 31081 MiB
2026/10/01 04:13:12.907, 2910 MHz, 13801 MHz, 0x0000000000000000, 347.20 W, 69 %, 31081 MiB
2026/10/01 04:13:13.414, 2910 MHz, 13801 MHz, 0x0000000000000000, 304.94 W, 25 %, 31081 MiB
2026/10/01 04:13:13.923, 2910 MHz, 13801 MHz, 0x0000000000000000, 310.46 W, 53 %, 31083 MiB
2026/10/01 04:13:14.430, 2910 MHz, 13801 MHz, 0x0000000000000000, 319.92 W, 96 %, 31081 MiB
2026/10/01 04:13:14.940, 2910 MHz, 13801 MHz, 0x0000000000000000, 316.48 W, 42 %, 31081 MiB
2026/10/01 04:13:15.451, 2910 MHz, 13801 MHz, 0x0000000000000000, 336.82 W, 96 %, 31081 MiB
2026/10/01 04:13:15.958, 2910 MHz, 13801 MHz, 0x0000000000000000, 337.54 W, 97 %, 31081 MiB
2026/10/01 04:13:16.468, 2910 MHz, 13801 MHz, 0x0000000000000000, 351.30 W, 80 %, 31081 MiB
2026/10/01 04:13:16.976, 2910 MHz, 13801 MHz, 0x0000000000000000, 335.00 W, 97 %, 31081 MiB
2026/10/01 04:13:17.488, 2910 MHz, 13801 MHz, 0x0000000000000000, 333.67 W, 97 %, 31081 MiB
2026/10/01 04:13:17.997, 2910 MHz, 13801 MHz, 0x0000000000000000, 351.29 W, 97 %, 31081 MiB
2026/10/01 04:13:18.509, 2910 MHz, 13801 MHz, 0x0000000000000000, 336.69 W, 83 %, 31081 MiB
2026/10/01 04:13:19.022, 2910 MHz, 13801 MHz, 0x0000000000000000, 338.48 W, 97 %, 31081 MiB
2026/10/01 04:13:19.531, 2910 MHz, 13801 MHz, 0x0000000000000000, 338.96 W, 43 %, 31081 MiB
2026/10/01 04:13:20.041, 2910 MHz, 13801 MHz, 0x0000000000000000, 335.16 W, 96 %, 31081 MiB
2026/10/01 04:13:20.550, 2910 MHz, 13801 MHz, 0x0000000000000000, 344.16 W, 81 %, 31081 MiB
2026/10/01 04:13:21.058, 2910 MHz, 13801 MHz, 0x0000000000000000, 337.88 W, 96 %, 31081 MiB
2026/10/01 04:13:21.570, 2910 MHz, 13801 MHz, 0x0000000000000000, 339.49 W, 96 %, 31081 MiB
2026/10/01 04:13:22.079, 2910 MHz, 13801 MHz, 0x0000000000000000, 320.55 W, 39 %, 31081 MiB
2026/10/01 04:13:22.591, 2910 MHz, 13801 MHz, 0x0000000000000000, 317.54 W, 78 %, 31081 MiB
2026/10/01 04:13:23.099, 2910 MHz, 13801 MHz, 0x0000000000000000, 317.04 W, 48 %, 31081 MiB
2026/10/01 04:13:23.609, 2910 MHz, 13801 MHz, 0x0000000000000000, 329.88 W, 97 %, 31081 MiB
2026/10/01 04:13:24.121, 2910 MHz, 13801 MHz, 0x0000000000000000, 314.63 W, 55 %, 31081 MiB
2026/10/01 04:13:24.632, 2910 MHz, 13801 MHz, 0x0000000000000000, 338.08 W, 66 %, 31081 MiB
2026/10/01 04:13:25.142, 2910 MHz, 13801 MHz, 0x0000000000000000, 347.25 W, 97 %, 31081 MiB
2026/10/01 04:13:25.653, 2910 MHz, 13801 MHz, 0x0000000000000000, 339.29 W, 71 %, 31081 MiB
2026/10/01 04:13:26.164, 2910 MHz, 13801 MHz, 0x0000000000000000, 318.31 W, 69 %, 31081 MiB
2026/10/01 04:13:26.671, 2910 MHz, 13801 MHz, 0x0000000000000000, 330.55 W, 97 %, 31081 MiB
2026/10/01 04:13:27.182, 2910 MHz, 13801 MHz, 0x0000000000000000, 341.53 W, 97 %, 31081 MiB
2026/10/01 04:13:27.690, 2910 MHz, 13801 MHz, 0x0000000000000000, 315.10 W, 96 %, 31081 MiB
2026/10/01 04:13:28.198, 2910 MHz, 13801 MHz, 0x0000000000000000, 323.50 W, 55 %, 31081 MiB
2026/10/01 04:13:28.708, 2910 MHz, 13801 MHz, 0x0000000000000000, 325.14 W, 65 %, 31081 MiB
2026/10/01 04:13:29.215, 2910 MHz, 13801 MHz, 0x0000000000000000, 325.17 W, 97 %, 31081 MiB
2026/10/01 04:13:29.725, 2910 MHz, 13801 MHz, 0x0000000000000000, 332.90 W, 41 %, 31081 MiB
2026/10/01 04:13:30.235, 2910 MHz, 13801 MHz, 0x0000000000000000, 316.74 W, 96 %, 31081 MiB
2026/10/01 04:13:30.743, 2910 MHz, 13801 MHz, 0x0000000000000000, 333.54 W, 79 %, 31081 MiB
2026/10/01 04:13:31.253, 2910 MHz, 13801 MHz, 0x0000000000000000, 334.68 W, 84 %, 31081 MiB
2026/10/01 04:13:31.762, 2910 MHz, 13801 MHz, 0x0000000000000000, 322.87 W, 97 %, 31081 MiB
2026/10/01 04:13:32.273, 2910 MHz, 13801 MHz, 0x0000000000000000, 337.54 W, 51 %, 31081 MiB
2026/10/01 04:13:32.785, 2910 MHz, 13801 MHz, 0x0000000000000000, 315.78 W, 97 %, 31081 MiB
2026/10/01 04:13:33.300, 2910 MHz, 13801 MHz, 0x0000000000000000, 298.46 W, 2 %, 31081 MiB
2026/10/01 04:13:33.813, 2925 MHz, 13801 MHz, 0x0000000000000000, 227.98 W, 0 %, 31081 MiB
2026/10/01 04:13:34.325, 2925 MHz, 13801 MHz, 0x0000000000000000, 100.66 W, 0 %, 31081 MiB
2026/10/01 04:13:34.839, 2925 MHz, 13801 MHz, 0x0000000000000000, 98.02 W, 0 %, 31086 MiB
2026/10/01 04:13:35.348, 2887 MHz, 13801 MHz, 0x0000000000000000, 88.97 W, 0 %, 31081 MiB
2026/10/01 04:13:35.858, 510 MHz, 810 MHz, 0x0000000000000000, 60.13 W, 0 %, 31081 MiB
2026/10/01 04:13:36.373, 412 MHz, 810 MHz, 0x0000000000000000, 33.06 W, 0 %, 31081 MiB
2026/10/01 04:13:36.883, 315 MHz, 810 MHz, 0x0000000000000000, 24.62 W, 0 %, 31081 MiB
2026/10/01 04:13:37.394, 315 MHz, 810 MHz, 0x0000000000000000, 24.62 W, 0 %, 31081 MiB
2026/10/01 04:13:37.906, 187 MHz, 405 MHz, 0x0000000000000000, 13.44 W, 0 %, 31081 MiB
2026/10/01 04:13:38.417, 187 MHz, 405 MHz, 0x0000000000000000, 13.44 W, 0 %, 31081 MiB
2026/10/01 04:13:38.930, 180 MHz, 405 MHz, 0x0000000000000000, 12.48 W, 0 %, 31081 MiB
2026/10/01 04:13:39.446, 180 MHz, 405 MHz, 0x0000000000000000, 12.48 W, 0 %, 31081 MiB
2026/10/01 04:13:39.959, 180 MHz, 405 MHz, 0x0000000000000000, 12.32 W, 0 %, 31081 MiB
2026/10/01 04:13:40.474, 180 MHz, 405 MHz, 0x0000000000000000, 12.32 W, 0 %, 31081 MiB
2026/10/01 04:13:40.986, 180 MHz, 405 MHz, 0x0000000000000000, 11.72 W, 0 %, 31081 MiB
2026/10/01 04:13:41.500, 180 MHz, 405 MHz, 0x0000000000000000, 11.72 W, 0 %, 31081 MiB
2026/10/01 04:13:42.016, 180 MHz, 405 MHz, 0x0000000000000000, 11.83 W, 0 %, 31081 MiB
2026/10/01 04:13:42.517, 180 MHz, 405 MHz, 0x0000000000000000, 11.83 W, 0 %, 31081 MiB
2026/10/01 04:13:43.032, 172 MHz, 405 MHz, 0x0000000000000000, 12.05 W, 0 %, 31081 MiB
2026/10/01 04:13:43.545, 172 MHz, 405 MHz, 0x0000000000000000, 12.05 W, 0 %, 31081 MiB
2026/10/01 04:13:44.049, 180 MHz, 405 MHz, 0x0000000000000000, 12.25 W, 0 %, 31081 MiB
2026/10/01 04:13:44.562, 180 MHz, 405 MHz, 0x0000000000000000, 12.25 W, 0 %, 31081 MiB
2026/10/01 04:13:45.076, 180 MHz, 405 MHz, 0x0000000000000000, 12.01 W, 0 %, 31081 MiB
2026/10/01 04:13:45.590, 180 MHz, 405 MHz, 0x0000000000000000, 11.65 W, 0 %, 31081 MiB
2026/10/01 04:13:46.104, 180 MHz, 405 MHz, 0x0000000000000000, 11.65 W, 0 %, 31081 MiB
2026/10/01 04:13:46.605, 180 MHz, 405 MHz, 0x0000000000000000, 12.51 W, 0 %, 31081 MiB
2026/10/01 04:13:47.117, 180 MHz, 405 MHz, 0x0000000000000000, 13.25 W, 0 %, 31081 MiB
2026/10/01 04:13:47.620, 180 MHz, 405 MHz, 0x0000000000000000, 13.56 W, 0 %, 31081 MiB
2026/10/01 04:13:48.132, 180 MHz, 405 MHz, 0x0000000000000000, 13.56 W, 0 %, 31081 MiB
2026/10/01 04:13:48.634, 180 MHz, 405 MHz, 0x0000000000000000, 12.10 W, 0 %, 31081 MiB
2026/10/01 04:13:49.136, 180 MHz, 405 MHz, 0x0000000000000000, 12.04 W, 0 %, 31081 MiB
2026/10/01 04:13:49.638, 2925 MHz, 13801 MHz, 0x0000000000000000, 112.31 W, 94 %, 31081 MiB
2026/10/01 04:13:50.153, 2910 MHz, 13801 MHz, 0x0000000000000000, 187.31 W, 95 %, 31081 MiB
2026/10/01 04:13:50.654, 2910 MHz, 13801 MHz, 0x0000000000000000, 365.09 W, 78 %, 31081 MiB
2026/10/01 04:13:51.167, 2910 MHz, 13801 MHz, 0x0000000000000000, 365.73 W, 95 %, 31081 MiB
2026/10/01 04:13:51.680, 2910 MHz, 13801 MHz, 0x0000000000000000, 369.83 W, 95 %, 31081 MiB
2026/10/01 04:13:52.182, 2910 MHz, 13801 MHz, 0x0000000000000000, 366.87 W, 95 %, 31081 MiB
2026/10/01 04:13:52.698, 2910 MHz, 13801 MHz, 0x0000000000000000, 367.33 W, 95 %, 31081 MiB
2026/10/01 04:13:53.212, 2910 MHz, 13801 MHz, 0x0000000000000000, 371.98 W, 95 %, 31081 MiB
2026/10/01 04:13:53.713, 2910 MHz, 13801 MHz, 0x0000000000000000, 366.65 W, 95 %, 31081 MiB
2026/10/01 04:13:54.215, 2910 MHz, 13801 MHz, 0x0000000000000000, 366.59 W, 95 %, 31081 MiB
2026/10/01 04:13:54.718, 2910 MHz, 13801 MHz, 0x0000000000000000, 367.36 W, 95 %, 31081 MiB
2026/10/01 04:13:55.230, 2910 MHz, 13801 MHz, 0x0000000000000000, 367.53 W, 95 %, 31081 MiB
2026/10/01 04:13:55.743, 2910 MHz, 13801 MHz, 0x0000000000000000, 371.88 W, 95 %, 31086 MiB
2026/10/01 04:13:56.258, 2910 MHz, 13801 MHz, 0x0000000000000000, 360.23 W, 95 %, 31086 MiB
2026/10/01 04:13:56.773, 2910 MHz, 13801 MHz, 0x0000000000000000, 361.97 W, 95 %, 31081 MiB
2026/10/01 04:13:57.287, 2910 MHz, 13801 MHz, 0x0000000000000000, 362.25 W, 74 %, 31081 MiB
2026/10/01 04:13:57.788, 2910 MHz, 13801 MHz, 0x0000000000000000, 363.05 W, 95 %, 31081 MiB
2026/10/01 04:13:58.301, 2910 MHz, 13801 MHz, 0x0000000000000000, 373.19 W, 95 %, 31081 MiB
2026/10/01 04:13:58.815, 2910 MHz, 13801 MHz, 0x0000000000000000, 362.71 W, 95 %, 31081 MiB
2026/10/01 04:13:59.331, 2910 MHz, 13801 MHz, 0x0000000000000000, 363.91 W, 95 %, 31081 MiB
2026/10/01 04:13:59.844, 2910 MHz, 13801 MHz, 0x0000000000000000, 368.00 W, 69 %, 31081 MiB
2026/10/01 04:14:10.497, 180 MHz, 405 MHz, 0x0000000000000000, 11.58 W, 0 %, 31081 MiB
2026/10/01 04:14:11.009, 180 MHz, 405 MHz, 0x0000000000000000, 15.99 W, 99 %, 31081 MiB
2026/10/01 04:14:11.520, 2917 MHz, 13801 MHz, 0x0000000000000000, 100.72 W, 94 %, 31081 MiB
2026/10/01 04:14:12.036, 2910 MHz, 13801 MHz, 0x0000000000000000, 328.09 W, 93 %, 31081 MiB
2026/10/01 04:14:12.552, 2910 MHz, 13801 MHz, 0x0000000000000000, 361.48 W, 85 %, 31081 MiB
2026/10/01 04:14:13.067, 2910 MHz, 13801 MHz, 0x0000000000000000, 362.34 W, 94 %, 31081 MiB
2026/10/01 04:14:13.583, 2910 MHz, 13801 MHz, 0x0000000000000000, 365.49 W, 95 %, 31081 MiB
2026/10/01 04:14:14.097, 2910 MHz, 13801 MHz, 0x0000000000000000, 364.67 W, 95 %, 31081 MiB
2026/10/01 04:14:14.598, 2910 MHz, 13801 MHz, 0x0000000000000000, 365.15 W, 76 %, 31081 MiB
2026/10/01 04:14:15.113, 2910 MHz, 13801 MHz, 0x0000000000000000, 365.20 W, 95 %, 31081 MiB
2026/10/01 04:14:15.615, 2910 MHz, 13801 MHz, 0x0000000000000000, 365.27 W, 95 %, 31081 MiB
2026/10/01 04:14:16.128, 2910 MHz, 13801 MHz, 0x0000000000000000, 365.54 W, 95 %, 31081 MiB
2026/10/01 04:14:16.631, 2910 MHz, 13801 MHz, 0x0000000000000000, 365.87 W, 95 %, 31083 MiB
2026/10/01 04:14:17.142, 2910 MHz, 13801 MHz, 0x0000000000000000, 370.19 W, 93 %, 31083 MiB
2026/10/01 04:14:17.657, 2910 MHz, 13801 MHz, 0x0000000000000000, 360.45 W, 95 %, 31081 MiB
2026/10/01 04:14:18.158, 2910 MHz, 13801 MHz, 0x0000000000000000, 359.23 W, 93 %, 31081 MiB
2026/10/01 04:14:18.672, 2910 MHz, 13801 MHz, 0x0000000000000000, 356.47 W, 93 %, 31081 MiB
2026/10/01 04:14:19.188, 2910 MHz, 13801 MHz, 0x0000000000000000, 359.09 W, 95 %, 31081 MiB
2026/10/01 04:14:19.689, 2910 MHz, 13801 MHz, 0x0000000000000000, 370.76 W, 94 %, 31081 MiB
2026/10/01 04:14:20.190, 2910 MHz, 13801 MHz, 0x0000000000000000, 363.30 W, 94 %, 31081 MiB
2026/10/01 04:14:20.705, 2910 MHz, 13801 MHz, 0x0000000000000000, 362.51 W, 95 %, 31081 MiB
2026/10/01 04:14:21.219, 2910 MHz, 13801 MHz, 0x0000000000000000, 346.73 W, 9 %, 31081 MiB
2026/10/01 04:14:21.721, 2925 MHz, 13801 MHz, 0x0000000000000000, 224.31 W, 0 %, 31081 MiB
2026/10/01 04:14:22.236, 2925 MHz, 13801 MHz, 0x0000000000000000, 98.84 W, 0 %, 31081 MiB
2026/10/01 04:14:22.752, 2925 MHz, 13801 MHz, 0x0000000000000000, 94.15 W, 0 %, 31081 MiB
2026/10/01 04:14:23.253, 2887 MHz, 13801 MHz, 0x0000000000000000, 84.10 W, 0 %, 31081 MiB
2026/10/01 04:14:23.756, 510 MHz, 810 MHz, 0x0000000000000000, 59.32 W, 0 %, 31081 MiB
2026/10/01 04:14:24.268, 412 MHz, 810 MHz, 0x0000000000000000, 28.94 W, 0 %, 31081 MiB
2026/10/01 04:14:24.768, 352 MHz, 810 MHz, 0x0000000000000000, 23.59 W, 0 %, 31081 MiB
2026/10/01 04:14:25.284, 240 MHz, 810 MHz, 0x0000000000000000, 20.31 W, 0 %, 31081 MiB
2026/10/01 04:14:25.799, 210 MHz, 810 MHz, 0x0000000000000000, 20.31 W, 0 %, 31081 MiB
2026/10/01 04:14:26.300, 210 MHz, 810 MHz, 0x0000000000000000, 12.21 W, 0 %, 31081 MiB
2026/10/01 04:14:26.812, 180 MHz, 405 MHz, 0x0000000000000000, 12.21 W, 0 %, 31081 MiB
2026/10/01 04:14:27.327, 180 MHz, 405 MHz, 0x0000000000000000, 11.86 W, 0 %, 31081 MiB
2026/10/01 04:14:27.842, 180 MHz, 405 MHz, 0x0000000000000000, 11.86 W, 0 %, 31081 MiB
2026/10/01 04:14:28.355, 180 MHz, 405 MHz, 0x0000000000000000, 11.46 W, 0 %, 31081 MiB
2026/10/01 04:14:28.858, 180 MHz, 405 MHz, 0x0000000000000000, 11.46 W, 0 %, 31081 MiB
2026/10/01 04:14:29.373, 180 MHz, 405 MHz, 0x0000000000000000, 11.45 W, 0 %, 31081 MiB
2026/10/01 04:14:29.888, 180 MHz, 405 MHz, 0x0000000000000000, 11.45 W, 0 %, 31081 MiB
2026/10/01 04:14:30.400, 180 MHz, 405 MHz, 0x0000000000000000, 11.47 W, 0 %, 31081 MiB
2026/10/01 04:14:30.915, 180 MHz, 405 MHz, 0x0000000000000000, 11.47 W, 0 %, 31081 MiB
2026/10/01 04:14:31.428, 180 MHz, 405 MHz, 0x0000000000000000, 11.60 W, 0 %, 31081 MiB
2026/10/01 04:14:31.941, 180 MHz, 810 MHz, 0x0000000000000000, 25.70 W, 100 %, 31081 MiB
2026/10/01 04:14:32.450, 2910 MHz, 13801 MHz, 0x0000000000000000, 189.73 W, 96 %, 31081 MiB
2026/10/01 04:14:32.959, 2910 MHz, 13801 MHz, 0x0000000000000000, 341.76 W, 95 %, 31081 MiB
2026/10/01 04:14:33.468, 2910 MHz, 13801 MHz, 0x0000000000000000, 391.85 W, 95 %, 31081 MiB
2026/10/01 04:14:33.973, 2910 MHz, 13801 MHz, 0x0000000000000000, 352.30 W, 74 %, 31081 MiB
2026/10/01 04:14:34.484, 2910 MHz, 13801 MHz, 0x0000000000000000, 356.66 W, 96 %, 31081 MiB
2026/10/01 04:14:34.993, 2910 MHz, 13801 MHz, 0x0000000000000000, 373.17 W, 67 %, 31081 MiB
2026/10/01 04:14:35.503, 2910 MHz, 13801 MHz, 0x0000000000000000, 350.48 W, 80 %, 31081 MiB
2026/10/01 04:14:36.012, 2910 MHz, 13801 MHz, 0x0000000000000000, 331.42 W, 47 %, 31081 MiB
2026/10/01 04:14:36.522, 2910 MHz, 13801 MHz, 0x0000000000000000, 328.21 W, 97 %, 31081 MiB
2026/10/01 04:14:37.030, 2910 MHz, 13801 MHz, 0x0000000000000000, 328.59 W, 78 %, 31081 MiB
2026/10/01 04:14:37.538, 2910 MHz, 13801 MHz, 0x0000000000000000, 342.51 W, 97 %, 31086 MiB
2026/10/01 04:14:38.048, 2910 MHz, 13801 MHz, 0x0000000000000000, 337.72 W, 97 %, 31086 MiB
2026/10/01 04:14:38.557, 2910 MHz, 13801 MHz, 0x0000000000000000, 317.43 W, 81 %, 31081 MiB
2026/10/01 04:14:39.067, 2910 MHz, 13801 MHz, 0x0000000000000000, 340.31 W, 97 %, 31081 MiB
2026/10/01 04:14:39.578, 2910 MHz, 13801 MHz, 0x0000000000000000, 339.08 W, 97 %, 31081 MiB
2026/10/01 04:14:40.089, 2910 MHz, 13801 MHz, 0x0000000000000000, 324.32 W, 97 %, 31081 MiB
2026/10/01 04:14:40.601, 2910 MHz, 13801 MHz, 0x0000000000000000, 322.45 W, 57 %, 31081 MiB
2026/10/01 04:14:41.109, 2910 MHz, 13801 MHz, 0x0000000000000000, 334.29 W, 56 %, 31081 MiB
2026/10/01 04:14:41.619, 2910 MHz, 13801 MHz, 0x0000000000000000, 319.28 W, 67 %, 31081 MiB
2026/10/01 04:14:42.129, 2910 MHz, 13801 MHz, 0x0000000000000000, 322.90 W, 84 %, 31081 MiB
2026/10/01 04:14:42.638, 2910 MHz, 13801 MHz, 0x0000000000000000, 331.90 W, 96 %, 31081 MiB
2026/10/01 04:14:43.149, 2917 MHz, 13801 MHz, 0x0000000000000000, 324.79 W, 96 %, 31081 MiB
2026/10/01 04:14:43.657, 2910 MHz, 13801 MHz, 0x0000000000000000, 303.35 W, 29 %, 31081 MiB
2026/10/01 04:14:44.163, 2910 MHz, 13801 MHz, 0x0000000000000000, 275.23 W, 92 %, 31081 MiB
2026/10/01 04:14:44.673, 2910 MHz, 13801 MHz, 0x0000000000000000, 319.20 W, 79 %, 31081 MiB
2026/10/01 04:14:45.179, 2910 MHz, 13801 MHz, 0x0000000000000000, 321.45 W, 88 %, 31081 MiB
2026/10/01 04:14:45.688, 2910 MHz, 13801 MHz, 0x0000000000000000, 313.89 W, 97 %, 31081 MiB
2026/10/01 04:14:46.199, 2910 MHz, 13801 MHz, 0x0000000000000000, 315.33 W, 97 %, 31081 MiB
2026/10/01 04:14:46.710, 2910 MHz, 13801 MHz, 0x0000000000000000, 324.87 W, 96 %, 31081 MiB
2026/10/01 04:14:47.221, 2910 MHz, 13801 MHz, 0x0000000000000000, 340.45 W, 85 %, 31081 MiB
2026/10/01 04:14:47.733, 2910 MHz, 13801 MHz, 0x0000000000000000, 325.02 W, 95 %, 31081 MiB
2026/10/01 04:14:48.241, 2910 MHz, 13801 MHz, 0x0000000000000000, 320.19 W, 49 %, 31081 MiB
2026/10/01 04:14:48.748, 2910 MHz, 13801 MHz, 0x0000000000000000, 334.47 W, 96 %, 31081 MiB
2026/10/01 04:14:49.260, 2910 MHz, 13801 MHz, 0x0000000000000000, 350.68 W, 82 %, 31081 MiB
2026/10/01 04:14:49.767, 2910 MHz, 13801 MHz, 0x0000000000000000, 321.65 W, 53 %, 31081 MiB
2026/10/01 04:14:50.277, 2910 MHz, 13801 MHz, 0x0000000000000000, 313.08 W, 77 %, 31081 MiB
2026/10/01 04:14:50.787, 2910 MHz, 13801 MHz, 0x0000000000000000, 322.82 W, 71 %, 31081 MiB
2026/10/01 04:14:51.296, 2910 MHz, 13801 MHz, 0x0000000000000000, 317.14 W, 60 %, 31081 MiB
2026/10/01 04:14:51.806, 2910 MHz, 13801 MHz, 0x0000000000000000, 337.05 W, 93 %, 31081 MiB
2026/10/01 04:14:52.317, 2910 MHz, 13801 MHz, 0x0000000000000000, 331.99 W, 72 %, 31081 MiB
2026/10/01 04:14:52.828, 2910 MHz, 13801 MHz, 0x0000000000000000, 337.75 W, 87 %, 31081 MiB
2026/10/01 04:14:53.339, 2910 MHz, 13801 MHz, 0x0000000000000000, 335.99 W, 97 %, 31081 MiB
2026/10/01 04:14:53.846, 2910 MHz, 13801 MHz, 0x0000000000000000, 319.96 W, 96 %, 31081 MiB
2026/10/01 04:14:54.356, 2910 MHz, 13801 MHz, 0x0000000000000000, 329.78 W, 48 %, 31081 MiB
2026/10/01 04:14:54.868, 2910 MHz, 13801 MHz, 0x0000000000000000, 336.43 W, 97 %, 31081 MiB
2026/10/01 04:14:55.376, 2910 MHz, 13801 MHz, 0x0000000000000000, 324.08 W, 97 %, 31081 MiB
2026/10/01 04:14:55.884, 2910 MHz, 13801 MHz, 0x0000000000000000, 323.66 W, 68 %, 31081 MiB
2026/10/01 04:14:56.390, 2910 MHz, 13801 MHz, 0x0000000000000000, 301.65 W, 37 %, 31081 MiB
2026/10/01 04:14:56.901, 2910 MHz, 13801 MHz, 0x0000000000000000, 338.96 W, 96 %, 31081 MiB
2026/10/01 04:14:57.411, 2910 MHz, 13801 MHz, 0x0000000000000000, 325.21 W, 20 %, 31081 MiB
2026/10/01 04:14:57.920, 2910 MHz, 13801 MHz, 0x0000000000000000, 312.55 W, 95 %, 31081 MiB
2026/10/01 04:14:58.432, 2910 MHz, 13801 MHz, 0x0000000000000000, 341.04 W, 47 %, 31081 MiB
2026/10/01 04:14:58.940, 2910 MHz, 13801 MHz, 0x0000000000000000, 334.68 W, 87 %, 31083 MiB
2026/10/01 04:14:59.444, 2910 MHz, 13801 MHz, 0x0000000000000000, 315.29 W, 97 %, 31083 MiB
2026/10/01 04:14:59.956, 2910 MHz, 13801 MHz, 0x0000000000000000, 333.18 W, 96 %, 31081 MiB
2026/10/01 04:15:00.465, 2910 MHz, 13801 MHz, 0x0000000000000000, 318.03 W, 91 %, 31081 MiB
2026/10/01 04:15:00.973, 2910 MHz, 13801 MHz, 0x0000000000000000, 342.08 W, 96 %, 31081 MiB
2026/10/01 04:15:01.486, 2910 MHz, 13801 MHz, 0x0000000000000000, 349.61 W, 77 %, 31081 MiB
2026/10/01 04:15:01.997, 2910 MHz, 13801 MHz, 0x0000000000000000, 319.67 W, 95 %, 31081 MiB
2026/10/01 04:15:02.507, 2910 MHz, 13801 MHz, 0x0000000000000000, 327.92 W, 40 %, 31081 MiB
2026/10/01 04:15:03.020, 2910 MHz, 13801 MHz, 0x0000000000000000, 340.81 W, 96 %, 31081 MiB
2026/10/01 04:15:03.529, 2910 MHz, 13801 MHz, 0x0000000000000000, 328.62 W, 55 %, 31081 MiB
2026/10/01 04:15:04.036, 2910 MHz, 13801 MHz, 0x0000000000000000, 329.21 W, 51 %, 31081 MiB
2026/10/01 04:15:04.543, 2910 MHz, 13801 MHz, 0x0000000000000000, 314.19 W, 20 %, 31081 MiB
2026/10/01 04:15:05.055, 2910 MHz, 13801 MHz, 0x0000000000000000, 335.92 W, 67 %, 31081 MiB
2026/10/01 04:15:05.562, 2910 MHz, 13801 MHz, 0x0000000000000000, 333.00 W, 96 %, 31081 MiB
2026/10/01 04:15:06.070, 2910 MHz, 13801 MHz, 0x0000000000000000, 330.23 W, 77 %, 31081 MiB
2026/10/01 04:15:06.577, 2910 MHz, 13801 MHz, 0x0000000000000000, 341.23 W, 96 %, 31081 MiB
2026/10/01 04:15:07.092, 2910 MHz, 13801 MHz, 0x0000000000000000, 353.83 W, 96 %, 31081 MiB
2026/10/01 04:15:07.602, 2910 MHz, 13801 MHz, 0x0000000000000000, 301.02 W, 85 %, 31081 MiB
2026/10/01 04:15:08.111, 2910 MHz, 13801 MHz, 0x0000000000000000, 330.01 W, 62 %, 31081 MiB
2026/10/01 04:15:08.622, 2910 MHz, 13801 MHz, 0x0000000000000000, 323.90 W, 85 %, 31081 MiB
2026/10/01 04:15:09.134, 2910 MHz, 13801 MHz, 0x0000000000000000, 313.11 W, 42 %, 31081 MiB
2026/10/01 04:15:09.644, 2910 MHz, 13801 MHz, 0x0000000000000000, 323.92 W, 40 %, 31081 MiB
2026/10/01 04:15:10.154, 2910 MHz, 13801 MHz, 0x0000000000000000, 355.77 W, 43 %, 31081 MiB
2026/10/01 04:15:10.661, 2910 MHz, 13801 MHz, 0x0000000000000000, 354.58 W, 69 %, 31081 MiB
2026/10/01 04:15:11.172, 2910 MHz, 13801 MHz, 0x0000000000000000, 322.07 W, 71 %, 31081 MiB
2026/10/01 04:15:11.681, 2910 MHz, 13801 MHz, 0x0000000000000000, 323.83 W, 96 %, 31081 MiB
2026/10/01 04:15:12.191, 2910 MHz, 13801 MHz, 0x0000000000000000, 333.44 W, 96 %, 31081 MiB
2026/10/01 04:15:12.703, 2910 MHz, 13801 MHz, 0x0000000000000000, 339.39 W, 56 %, 31081 MiB
2026/10/01 04:15:13.210, 2910 MHz, 13801 MHz, 0x0000000000000000, 316.00 W, 70 %, 31081 MiB
2026/10/01 04:15:13.720, 2910 MHz, 13801 MHz, 0x0000000000000000, 323.18 W, 74 %, 31081 MiB
2026/10/01 04:15:14.234, 2910 MHz, 13801 MHz, 0x0000000000000000, 328.03 W, 67 %, 31081 MiB
2026/10/01 04:15:14.742, 2910 MHz, 13801 MHz, 0x0000000000000000, 328.25 W, 97 %, 31081 MiB
2026/10/01 04:15:15.252, 2910 MHz, 13801 MHz, 0x0000000000000000, 329.83 W, 90 %, 31081 MiB
2026/10/01 04:15:15.760, 2910 MHz, 13801 MHz, 0x0000000000000000, 325.36 W, 70 %, 31081 MiB
2026/10/01 04:15:16.272, 2910 MHz, 13801 MHz, 0x0000000000000000, 323.20 W, 41 %, 31081 MiB
2026/10/01 04:15:16.782, 2910 MHz, 13801 MHz, 0x0000000000000000, 336.71 W, 86 %, 31081 MiB
2026/10/01 04:15:17.294, 2910 MHz, 13801 MHz, 0x0000000000000000, 362.80 W, 43 %, 31081 MiB
2026/10/01 04:15:17.802, 2910 MHz, 13801 MHz, 0x0000000000000000, 342.15 W, 39 %, 31081 MiB
2026/10/01 04:15:18.312, 2910 MHz, 13801 MHz, 0x0000000000000000, 323.11 W, 62 %, 31081 MiB
2026/10/01 04:15:18.822, 2910 MHz, 13801 MHz, 0x0000000000000000, 338.70 W, 69 %, 31081 MiB
2026/10/01 04:15:19.332, 2910 MHz, 13801 MHz, 0x0000000000000000, 314.39 W, 78 %, 31081 MiB
2026/10/01 04:15:19.839, 2910 MHz, 13801 MHz, 0x0000000000000000, 327.49 W, 96 %, 31081 MiB
2026/10/01 04:15:20.353, 2910 MHz, 13801 MHz, 0x0000000000000000, 350.85 W, 58 %, 31083 MiB
2026/10/01 04:15:20.858, 2910 MHz, 13801 MHz, 0x0000000000000000, 326.71 W, 96 %, 31081 MiB
2026/10/01 04:15:21.371, 2910 MHz, 13801 MHz, 0x0000000000000000, 337.74 W, 42 %, 31081 MiB
2026/10/01 04:15:21.882, 2910 MHz, 13801 MHz, 0x0000000000000000, 360.55 W, 96 %, 31081 MiB
2026/10/01 04:15:22.394, 2910 MHz, 13801 MHz, 0x0000000000000000, 338.84 W, 78 %, 31081 MiB
2026/10/01 04:15:22.902, 2910 MHz, 13801 MHz, 0x0000000000000000, 338.14 W, 96 %, 31081 MiB
2026/10/01 04:15:23.412, 2910 MHz, 13801 MHz, 0x0000000000000000, 324.38 W, 96 %, 31081 MiB
2026/10/01 04:15:23.921, 2910 MHz, 13801 MHz, 0x0000000000000000, 334.66 W, 96 %, 31081 MiB
2026/10/01 04:15:24.434, 2910 MHz, 13801 MHz, 0x0000000000000000, 351.20 W, 96 %, 31081 MiB
2026/10/01 04:15:24.944, 2910 MHz, 13801 MHz, 0x0000000000000000, 314.92 W, 97 %, 31081 MiB
2026/10/01 04:15:25.454, 2910 MHz, 13801 MHz, 0x0000000000000000, 324.94 W, 34 %, 31081 MiB
2026/10/01 04:15:25.965, 2910 MHz, 13801 MHz, 0x0000000000000000, 331.77 W, 70 %, 31081 MiB
2026/10/01 04:15:26.476, 2910 MHz, 13801 MHz, 0x0000000000000000, 327.75 W, 39 %, 31081 MiB
2026/10/01 04:15:26.985, 2910 MHz, 13801 MHz, 0x0000000000000000, 320.34 W, 96 %, 31081 MiB
2026/10/01 04:15:27.496, 2910 MHz, 13801 MHz, 0x0000000000000000, 318.48 W, 97 %, 31081 MiB
2026/10/01 04:15:28.004, 2910 MHz, 13801 MHz, 0x0000000000000000, 331.73 W, 67 %, 31081 MiB
2026/10/01 04:15:28.514, 2910 MHz, 13801 MHz, 0x0000000000000000, 323.07 W, 53 %, 31081 MiB
2026/10/01 04:15:29.023, 2910 MHz, 13801 MHz, 0x0000000000000000, 336.34 W, 60 %, 31081 MiB
2026/10/01 04:15:29.532, 2910 MHz, 13801 MHz, 0x0000000000000000, 337.35 W, 97 %, 31081 MiB
2026/10/01 04:15:30.043, 2910 MHz, 13801 MHz, 0x0000000000000000, 344.75 W, 96 %, 31081 MiB
2026/10/01 04:15:30.555, 2910 MHz, 13801 MHz, 0x0000000000000000, 348.68 W, 44 %, 31081 MiB
2026/10/01 04:15:31.064, 2910 MHz, 13801 MHz, 0x0000000000000000, 305.26 W, 97 %, 31081 MiB
2026/10/01 04:15:31.572, 2910 MHz, 13801 MHz, 0x0000000000000000, 316.08 W, 44 %, 31081 MiB
2026/10/01 04:15:32.082, 2910 MHz, 13801 MHz, 0x0000000000000000, 336.60 W, 69 %, 31081 MiB
2026/10/01 04:15:32.592, 2910 MHz, 13801 MHz, 0x0000000000000000, 329.13 W, 48 %, 31081 MiB
2026/10/01 04:15:33.102, 2910 MHz, 13801 MHz, 0x0000000000000000, 361.87 W, 95 %, 31081 MiB
2026/10/01 04:15:33.612, 2925 MHz, 13801 MHz, 0x0000000000000000, 306.32 W, 0 %, 31081 MiB
2026/10/01 04:15:34.114, 2925 MHz, 13801 MHz, 0x0000000000000000, 180.36 W, 0 %, 31081 MiB
2026/10/01 04:15:34.628, 2925 MHz, 13801 MHz, 0x0000000000000000, 98.25 W, 0 %, 31081 MiB
2026/10/01 04:15:35.141, 2925 MHz, 13801 MHz, 0x0000000000000000, 97.60 W, 0 %, 31081 MiB
2026/10/01 04:15:35.655, 555 MHz, 7001 MHz, 0x0000000000000000, 81.78 W, 0 %, 31081 MiB
2026/10/01 04:15:36.157, 435 MHz, 7001 MHz, 0x0000000000000000, 55.54 W, 0 %, 31081 MiB
2026/10/01 04:15:36.673, 390 MHz, 7001 MHz, 0x0000000000000000, 37.67 W, 0 %, 31081 MiB
2026/10/01 04:15:37.187, 390 MHz, 7001 MHz, 0x0000000000000000, 37.67 W, 0 %, 31081 MiB
2026/10/01 04:15:37.700, 240 MHz, 7001 MHz, 0x0000000000000000, 36.35 W, 0 %, 31081 MiB
2026/10/01 04:15:38.215, 240 MHz, 7001 MHz, 0x0000000000000000, 36.35 W, 0 %, 31081 MiB
2026/10/01 04:15:38.730, 180 MHz, 7001 MHz, 0x0000000000000000, 36.28 W, 0 %, 31081 MiB
2026/10/01 04:15:39.242, 180 MHz, 7001 MHz, 0x0000000000000000, 36.28 W, 0 %, 31081 MiB
2026/10/01 04:15:39.757, 187 MHz, 810 MHz, 0x0000000000000000, 28.18 W, 0 %, 31081 MiB
2026/10/01 04:15:40.261, 187 MHz, 810 MHz, 0x0000000000000000, 28.18 W, 0 %, 31081 MiB
2026/10/01 04:15:40.774, 180 MHz, 405 MHz, 0x0000000000000000, 21.64 W, 0 %, 31081 MiB
2026/10/01 04:15:41.275, 195 MHz, 405 MHz, 0x0000000000000000, 14.51 W, 0 %, 31086 MiB
2026/10/01 04:15:41.789, 180 MHz, 405 MHz, 0x0000000000000000, 14.71 W, 0 %, 31086 MiB
2026/10/01 04:15:42.300, 180 MHz, 405 MHz, 0x0000000000000000, 15.87 W, 0 %, 31081 MiB
2026/10/01 04:15:42.815, 180 MHz, 405 MHz, 0x0000000000000000, 15.51 W, 0 %, 31081 MiB
2026/10/01 04:15:43.319, 180 MHz, 405 MHz, 0x0000000000000000, 15.39 W, 0 %, 31081 MiB
2026/10/01 04:15:43.828, 180 MHz, 405 MHz, 0x0000000000000000, 15.39 W, 0 %, 31081 MiB
2026/10/01 04:15:44.339, 180 MHz, 405 MHz, 0x0000000000000000, 12.75 W, 0 %, 31081 MiB
2026/10/01 04:15:44.841, 180 MHz, 405 MHz, 0x0000000000000000, 12.75 W, 0 %, 31081 MiB
2026/10/01 04:15:45.354, 180 MHz, 405 MHz, 0x0000000000000000, 12.45 W, 0 %, 31081 MiB
2026/10/01 04:15:45.868, 180 MHz, 405 MHz, 0x0000000000000000, 12.45 W, 0 %, 31081 MiB
2026/10/01 04:15:46.378, 180 MHz, 405 MHz, 0x0000000000000000, 12.02 W, 0 %, 31081 MiB
2026/10/01 04:15:46.890, 180 MHz, 405 MHz, 0x0000000000000000, 12.02 W, 0 %, 31081 MiB
2026/10/01 04:15:47.405, 180 MHz, 405 MHz, 0x0000000000000000, 13.09 W, 0 %, 31081 MiB
2026/10/01 04:15:47.920, 180 MHz, 405 MHz, 0x0000000000000000, 13.80 W, 0 %, 31081 MiB
2026/10/01 04:15:48.420, 180 MHz, 405 MHz, 0x0000000000000000, 13.93 W, 0 %, 31081 MiB
2026/10/01 04:15:48.934, 180 MHz, 405 MHz, 0x0000000000000000, 13.93 W, 0 %, 31081 MiB
2026/10/01 04:15:49.449, 180 MHz, 405 MHz, 0x0000000000000000, 12.36 W, 0 %, 31081 MiB
2026/10/01 04:15:49.963, 1305 MHz, 405 MHz, 0x0000000000000000, 14.44 W, 60 %, 31081 MiB
2026/10/01 04:15:50.476, 2910 MHz, 13801 MHz, 0x0000000000000000, 120.13 W, 94 %, 31081 MiB
2026/10/01 04:15:50.989, 2910 MHz, 13801 MHz, 0x0000000000000000, 322.09 W, 95 %, 31081 MiB
2026/10/01 04:15:51.490, 2910 MHz, 13801 MHz, 0x0000000000000000, 361.97 W, 80 %, 31081 MiB
2026/10/01 04:15:52.004, 2910 MHz, 13801 MHz, 0x0000000000000000, 362.20 W, 95 %, 31081 MiB
2026/10/01 04:15:52.517, 2910 MHz, 13801 MHz, 0x0000000000000000, 370.54 W, 95 %, 31081 MiB
2026/10/01 04:15:53.032, 2910 MHz, 13801 MHz, 0x0000000000000000, 362.59 W, 95 %, 31081 MiB
2026/10/01 04:15:53.548, 2910 MHz, 13801 MHz, 0x0000000000000000, 364.20 W, 95 %, 31081 MiB
2026/10/01 04:15:54.061, 2910 MHz, 13801 MHz, 0x0000000000000000, 365.42 W, 63 %, 31081 MiB
2026/10/01 04:15:54.576, 2910 MHz, 13801 MHz, 0x0000000000000000, 360.29 W, 95 %, 31081 MiB
2026/10/01 04:15:55.089, 2910 MHz, 13801 MHz, 0x0000000000000000, 361.58 W, 95 %, 31081 MiB
2026/10/01 04:15:55.602, 2910 MHz, 13801 MHz, 0x0000000000000000, 368.51 W, 95 %, 31081 MiB
2026/10/01 04:15:56.116, 2910 MHz, 13801 MHz, 0x0000000000000000, 373.24 W, 96 %, 31081 MiB
2026/10/01 04:15:56.618, 2910 MHz, 13801 MHz, 0x0000000000000000, 362.60 W, 94 %, 31081 MiB
2026/10/01 04:15:57.132, 2910 MHz, 13801 MHz, 0x0000000000000000, 362.27 W, 95 %, 31081 MiB
2026/10/01 04:15:57.633, 2910 MHz, 13801 MHz, 0x0000000000000000, 364.12 W, 95 %, 31081 MiB
2026/10/01 04:15:58.149, 2910 MHz, 13801 MHz, 0x0000000000000000, 364.35 W, 94 %, 31081 MiB
2026/10/01 04:15:58.662, 2910 MHz, 13801 MHz, 0x0000000000000000, 372.32 W, 95 %, 31081 MiB
2026/10/01 04:15:59.176, 2910 MHz, 13801 MHz, 0x0000000000000000, 364.74 W, 95 %, 31081 MiB
2026/10/01 04:15:59.691, 2910 MHz, 13801 MHz, 0x0000000000000000, 364.99 W, 94 %, 31081 MiB
2026/10/01 04:16:00.192, 2917 MHz, 13801 MHz, 0x0000000000000000, 353.47 W, 21 %, 31081 MiB
2026/10/01 04:16:10.985, 180 MHz, 405 MHz, 0x0000000000000000, 11.67 W, 0 %, 31081 MiB
2026/10/01 04:16:11.501, 1215 MHz, 405 MHz, 0x0000000000000000, 14.25 W, 95 %, 31081 MiB
2026/10/01 04:16:12.017, 2910 MHz, 13801 MHz, 0x0000000000000000, 80.08 W, 94 %, 31081 MiB
2026/10/01 04:16:12.533, 2910 MHz, 13801 MHz, 0x0000000000000000, 314.94 W, 95 %, 31081 MiB
2026/10/01 04:16:13.048, 2910 MHz, 13801 MHz, 0x0000000000000000, 362.40 W, 76 %, 31081 MiB
2026/10/01 04:16:13.563, 2910 MHz, 13801 MHz, 0x0000000000000000, 364.30 W, 95 %, 31081 MiB
2026/10/01 04:16:14.078, 2910 MHz, 13801 MHz, 0x0000000000000000, 365.12 W, 95 %, 31081 MiB
2026/10/01 04:16:14.581, 2910 MHz, 13801 MHz, 0x0000000000000000, 357.25 W, 95 %, 31081 MiB
2026/10/01 04:16:15.093, 2910 MHz, 13801 MHz, 0x0000000000000000, 357.78 W, 95 %, 31081 MiB
2026/10/01 04:16:15.594, 2910 MHz, 13801 MHz, 0x0000000000000000, 370.53 W, 95 %, 31081 MiB
2026/10/01 04:16:16.109, 2910 MHz, 13801 MHz, 0x0000000000000000, 361.49 W, 95 %, 31081 MiB
2026/10/01 04:16:16.610, 2910 MHz, 13801 MHz, 0x0000000000000000, 361.59 W, 95 %, 31081 MiB
2026/10/01 04:16:17.125, 2910 MHz, 13801 MHz, 0x0000000000000000, 361.08 W, 95 %, 31081 MiB
2026/10/01 04:16:17.639, 2910 MHz, 13801 MHz, 0x0000000000000000, 370.69 W, 95 %, 31081 MiB
2026/10/01 04:16:18.141, 2910 MHz, 13801 MHz, 0x0000000000000000, 360.95 W, 94 %, 31081 MiB
2026/10/01 04:16:18.643, 2910 MHz, 13801 MHz, 0x0000000000000000, 360.43 W, 95 %, 31081 MiB
2026/10/01 04:16:19.158, 2910 MHz, 13801 MHz, 0x0000000000000000, 361.18 W, 62 %, 31081 MiB
2026/10/01 04:16:19.670, 2910 MHz, 13801 MHz, 0x0000000000000000, 362.17 W, 95 %, 31081 MiB
2026/10/01 04:16:20.184, 2910 MHz, 13801 MHz, 0x0000000000000000, 371.43 W, 95 %, 31081 MiB
2026/10/01 04:16:20.698, 2910 MHz, 13801 MHz, 0x0000000000000000, 360.73 W, 95 %, 31081 MiB
2026/10/01 04:16:21.199, 2910 MHz, 13801 MHz, 0x0000000000000000, 360.26 W, 95 %, 31081 MiB
2026/10/01 04:16:21.713, 2910 MHz, 13801 MHz, 0x0000000000000000, 371.24 W, 95 %, 31081 MiB
2026/10/01 04:16:22.216, 2925 MHz, 13801 MHz, 0x0000000000000000, 256.58 W, 0 %, 31081 MiB
2026/10/01 04:16:22.716, 2925 MHz, 13801 MHz, 0x0000000000000000, 106.78 W, 0 %, 31081 MiB
2026/10/01 04:16:23.218, 2925 MHz, 13801 MHz, 0x0000000000000000, 94.81 W, 0 %, 31086 MiB
2026/10/01 04:16:23.720, 1485 MHz, 13801 MHz, 0x0000000000000000, 89.94 W, 0 %, 31081 MiB
2026/10/01 04:16:24.236, 480 MHz, 810 MHz, 0x0000000000000000, 65.26 W, 0 %, 31081 MiB
2026/10/01 04:16:24.738, 375 MHz, 810 MHz, 0x0000000000000000, 33.24 W, 0 %, 31081 MiB
2026/10/01 04:16:25.250, 292 MHz, 810 MHz, 0x0000000000000000, 25.38 W, 0 %, 31081 MiB
2026/10/01 04:16:25.753, 225 MHz, 810 MHz, 0x0000000000000000, 21.19 W, 0 %, 31081 MiB
2026/10/01 04:16:26.268, 225 MHz, 810 MHz, 0x0000000000000000, 19.25 W, 0 %, 31081 MiB
2026/10/01 04:16:26.784, 225 MHz, 810 MHz, 0x0000000000000000, 19.25 W, 0 %, 31081 MiB
2026/10/01 04:16:27.287, 180 MHz, 405 MHz, 0x0000000000000000, 11.59 W, 0 %, 31081 MiB
2026/10/01 04:16:27.801, 180 MHz, 405 MHz, 0x0000000000000000, 11.59 W, 0 %, 31081 MiB
2026/10/01 04:16:28.303, 180 MHz, 405 MHz, 0x0000000000000000, 11.59 W, 0 %, 31081 MiB
2026/10/01 04:16:28.804, 180 MHz, 405 MHz, 0x0000000000000000, 11.59 W, 0 %, 31081 MiB
2026/10/01 04:16:29.318, 180 MHz, 405 MHz, 0x0000000000000000, 11.85 W, 0 %, 31081 MiB
2026/10/01 04:16:29.831, 180 MHz, 405 MHz, 0x0000000000000000, 11.85 W, 0 %, 31081 MiB
2026/10/01 04:16:30.336, 180 MHz, 405 MHz, 0x0000000000000000, 11.64 W, 0 %, 31081 MiB
2026/10/01 04:16:30.848, 180 MHz, 405 MHz, 0x0000000000000000, 11.64 W, 0 %, 31081 MiB
2026/10/01 04:16:31.360, 180 MHz, 405 MHz, 0x0000000000000000, 11.57 W, 0 %, 31081 MiB
2026/10/01 04:16:31.873, 180 MHz, 405 MHz, 0x0000000000000000, 11.57 W, 0 %, 31081 MiB
2026/10/01 04:16:32.374, 180 MHz, 405 MHz, 0x0000000000000000, 11.55 W, 0 %, 31081 MiB
2026/10/01 04:16:32.875, 180 MHz, 405 MHz, 0x0000000000000000, 11.55 W, 0 %, 31081 MiB
2026/10/01 04:16:33.387, 1065 MHz, 405 MHz, 0x0000000000000000, 13.24 W, 90 %, 31081 MiB
2026/10/01 04:16:33.897, 2902 MHz, 13801 MHz, 0x0000000000000000, 84.48 W, 96 %, 31081 MiB
2026/10/01 04:16:34.405, 2910 MHz, 13801 MHz, 0x0000000000000000, 355.23 W, 97 %, 31081 MiB
2026/10/01 04:16:34.915, 2910 MHz, 13801 MHz, 0x0000000000000000, 446.32 W, 97 %, 31081 MiB
2026/10/01 04:16:35.420, 2910 MHz, 13801 MHz, 0x0000000000000000, 445.14 W, 96 %, 31081 MiB
2026/10/01 04:16:35.931, 2887 MHz, 13801 MHz, 0x0000000000000000, 387.16 W, 46 %, 31081 MiB
2026/10/01 04:16:36.440, 2910 MHz, 13801 MHz, 0x0000000000000000, 385.39 W, 97 %, 31081 MiB
2026/10/01 04:16:36.951, 2910 MHz, 13801 MHz, 0x0000000000000004, 431.73 W, 98 %, 31081 MiB
2026/10/01 04:16:37.458, 2910 MHz, 13801 MHz, 0x0000000000000000, 410.15 W, 36 %, 31081 MiB
2026/10/01 04:16:37.971, 2910 MHz, 13801 MHz, 0x0000000000000000, 343.70 W, 68 %, 31081 MiB
2026/10/01 04:16:38.482, 2910 MHz, 13801 MHz, 0x0000000000000000, 268.68 W, 39 %, 31081 MiB
2026/10/01 04:16:38.992, 2910 MHz, 13801 MHz, 0x0000000000000000, 270.06 W, 79 %, 31081 MiB
2026/10/01 04:16:39.504, 2910 MHz, 13801 MHz, 0x0000000000000000, 356.48 W, 48 %, 31081 MiB
2026/10/01 04:16:40.015, 2910 MHz, 13801 MHz, 0x0000000000000000, 393.19 W, 38 %, 31081 MiB
2026/10/01 04:16:40.515, 2910 MHz, 13801 MHz, 0x0000000000000000, 341.56 W, 55 %, 31081 MiB
2026/10/01 04:16:41.018, 2910 MHz, 13801 MHz, 0x0000000000000000, 307.94 W, 45 %, 31081 MiB
2026/10/01 04:16:41.527, 2910 MHz, 13801 MHz, 0x0000000000000000, 274.60 W, 43 %, 31081 MiB
2026/10/01 04:16:42.039, 2910 MHz, 13801 MHz, 0x0000000000000000, 320.21 W, 97 %, 31081 MiB
2026/10/01 04:16:42.548, 2910 MHz, 13801 MHz, 0x0000000000000000, 387.50 W, 97 %, 31081 MiB
2026/10/01 04:16:43.061, 2910 MHz, 13801 MHz, 0x0000000000000000, 352.75 W, 21 %, 31081 MiB
2026/10/01 04:16:43.571, 2910 MHz, 13801 MHz, 0x0000000000000000, 297.85 W, 27 %, 31081 MiB
2026/10/01 04:16:44.080, 2917 MHz, 13801 MHz, 0x0000000000000000, 233.43 W, 13 %, 31081 MiB
2026/10/01 04:16:44.588, 2910 MHz, 13801 MHz, 0x0000000000000000, 274.23 W, 57 %, 31086 MiB
2026/10/01 04:16:45.101, 2910 MHz, 13801 MHz, 0x0000000000000000, 352.06 W, 64 %, 31081 MiB
2026/10/01 04:16:45.613, 2910 MHz, 13801 MHz, 0x0000000000000000, 310.60 W, 97 %, 31081 MiB
2026/10/01 04:16:46.123, 2910 MHz, 13801 MHz, 0x0000000000000000, 287.83 W, 40 %, 31081 MiB
2026/10/01 04:16:46.632, 2910 MHz, 13801 MHz, 0x0000000000000000, 330.05 W, 70 %, 31081 MiB
2026/10/01 04:16:47.143, 2910 MHz, 13801 MHz, 0x0000000000000000, 370.87 W, 97 %, 31081 MiB
2026/10/01 04:16:47.652, 2910 MHz, 13801 MHz, 0x0000000000000000, 353.78 W, 48 %, 31081 MiB
2026/10/01 04:16:48.163, 2910 MHz, 13801 MHz, 0x0000000000000000, 315.34 W, 21 %, 31081 MiB
2026/10/01 04:16:48.672, 2910 MHz, 13801 MHz, 0x0000000000000000, 287.96 W, 85 %, 31081 MiB
2026/10/01 04:16:49.181, 2910 MHz, 13801 MHz, 0x0000000000000000, 340.54 W, 59 %, 31081 MiB
2026/10/01 04:16:49.689, 2910 MHz, 13801 MHz, 0x0000000000000000, 355.88 W, 97 %, 31081 MiB
2026/10/01 04:16:50.205, 2910 MHz, 13801 MHz, 0x0000000000000004, 347.50 W, 88 %, 31081 MiB
2026/10/01 04:16:50.715, 2910 MHz, 13801 MHz, 0x0000000000000000, 346.13 W, 41 %, 31081 MiB
2026/10/01 04:16:51.226, 2910 MHz, 13801 MHz, 0x0000000000000000, 316.37 W, 98 %, 31081 MiB
2026/10/01 04:16:51.734, 2910 MHz, 13801 MHz, 0x0000000000000000, 346.33 W, 98 %, 31081 MiB
2026/10/01 04:16:52.246, 2910 MHz, 13801 MHz, 0x0000000000000000, 377.84 W, 42 %, 31081 MiB
2026/10/01 04:16:52.757, 2910 MHz, 13801 MHz, 0x0000000000000000, 358.80 W, 43 %, 31081 MiB
2026/10/01 04:16:53.270, 2910 MHz, 13801 MHz, 0x0000000000000000, 333.69 W, 40 %, 31081 MiB
2026/10/01 04:16:53.784, 2910 MHz, 13801 MHz, 0x0000000000000000, 310.16 W, 40 %, 31081 MiB
2026/10/01 04:16:54.295, 2910 MHz, 13801 MHz, 0x0000000000000000, 312.74 W, 54 %, 31081 MiB
2026/10/01 04:16:54.809, 2910 MHz, 13801 MHz, 0x0000000000000000, 333.65 W, 97 %, 31081 MiB
2026/10/01 04:16:55.319, 2910 MHz, 13801 MHz, 0x0000000000000000, 359.31 W, 97 %, 31081 MiB
2026/10/01 04:16:55.830, 2910 MHz, 13801 MHz, 0x0000000000000000, 380.64 W, 98 %, 31081 MiB
2026/10/01 04:16:56.338, 2910 MHz, 13801 MHz, 0x0000000000000000, 329.21 W, 21 %, 31081 MiB
2026/10/01 04:16:56.850, 2910 MHz, 13801 MHz, 0x0000000000000000, 289.74 W, 68 %, 31081 MiB
2026/10/01 04:16:57.359, 2917 MHz, 13801 MHz, 0x0000000000000000, 284.72 W, 34 %, 31081 MiB
2026/10/01 04:16:57.866, 2910 MHz, 13801 MHz, 0x0000000000000000, 323.27 W, 97 %, 31081 MiB
2026/10/01 04:16:58.374, 2910 MHz, 13801 MHz, 0x0000000000000000, 337.04 W, 59 %, 31081 MiB
2026/10/01 04:16:58.881, 2910 MHz, 13801 MHz, 0x0000000000000000, 293.68 W, 42 %, 31081 MiB
2026/10/01 04:16:59.391, 2910 MHz, 13801 MHz, 0x0000000000000000, 317.20 W, 38 %, 31081 MiB
2026/10/01 04:16:59.901, 2910 MHz, 13801 MHz, 0x0000000000000000, 334.21 W, 64 %, 31081 MiB
2026/10/01 04:17:00.409, 2910 MHz, 13801 MHz, 0x0000000000000000, 318.24 W, 26 %, 31081 MiB
2026/10/01 04:17:00.918, 2910 MHz, 13801 MHz, 0x0000000000000000, 344.86 W, 57 %, 31081 MiB
2026/10/01 04:17:01.427, 2910 MHz, 13801 MHz, 0x0000000000000000, 346.51 W, 70 %, 31081 MiB
2026/10/01 04:17:01.934, 2910 MHz, 13801 MHz, 0x0000000000000000, 314.51 W, 31 %, 31081 MiB
2026/10/01 04:17:02.444, 2910 MHz, 13801 MHz, 0x0000000000000000, 281.95 W, 57 %, 31081 MiB
2026/10/01 04:17:02.956, 2910 MHz, 13801 MHz, 0x0000000000000000, 321.21 W, 57 %, 31081 MiB
2026/10/01 04:17:03.466, 2910 MHz, 13801 MHz, 0x0000000000000000, 343.79 W, 58 %, 31081 MiB
2026/10/01 04:17:03.975, 2910 MHz, 13801 MHz, 0x0000000000000000, 326.65 W, 55 %, 31081 MiB
2026/10/01 04:17:04.482, 2910 MHz, 13801 MHz, 0x0000000000000000, 349.55 W, 35 %, 31081 MiB
2026/10/01 04:17:04.991, 2910 MHz, 13801 MHz, 0x0000000000000000, 331.33 W, 38 %, 31081 MiB
2026/10/01 04:17:05.497, 2910 MHz, 13801 MHz, 0x0000000000000000, 304.64 W, 85 %, 31083 MiB
2026/10/01 04:17:06.006, 2910 MHz, 13801 MHz, 0x0000000000000000, 312.85 W, 27 %, 31083 MiB
2026/10/01 04:17:06.517, 2910 MHz, 13801 MHz, 0x0000000000000000, 334.07 W, 98 %, 31081 MiB
2026/10/01 04:17:07.026, 2910 MHz, 13801 MHz, 0x0000000000000000, 337.07 W, 43 %, 31081 MiB
2026/10/01 04:17:07.537, 2910 MHz, 13801 MHz, 0x0000000000000000, 340.38 W, 62 %, 31081 MiB
2026/10/01 04:17:08.047, 2910 MHz, 13801 MHz, 0x0000000000000000, 305.65 W, 53 %, 31081 MiB
2026/10/01 04:17:08.557, 2910 MHz, 13801 MHz, 0x0000000000000004, 334.00 W, 97 %, 31081 MiB
2026/10/01 04:17:09.066, 2910 MHz, 13801 MHz, 0x0000000000000004, 381.67 W, 98 %, 31081 MiB
2026/10/01 04:17:09.579, 2910 MHz, 13801 MHz, 0x0000000000000004, 386.62 W, 93 %, 31081 MiB
2026/10/01 04:17:10.086, 2910 MHz, 13801 MHz, 0x0000000000000000, 337.00 W, 52 %, 31081 MiB
2026/10/01 04:17:10.597, 2910 MHz, 13801 MHz, 0x0000000000000000, 289.06 W, 37 %, 31081 MiB
2026/10/01 04:17:11.107, 2910 MHz, 13801 MHz, 0x0000000000000000, 315.09 W, 53 %, 31081 MiB
2026/10/01 04:17:11.620, 2910 MHz, 13801 MHz, 0x0000000000000000, 330.58 W, 30 %, 31081 MiB
2026/10/01 04:17:12.130, 2910 MHz, 13801 MHz, 0x0000000000000000, 353.63 W, 77 %, 31081 MiB
2026/10/01 04:17:12.639, 2910 MHz, 13801 MHz, 0x0000000000000000, 337.67 W, 32 %, 31081 MiB
2026/10/01 04:17:13.151, 2910 MHz, 13801 MHz, 0x0000000000000000, 323.71 W, 53 %, 31081 MiB
2026/10/01 04:17:13.663, 2910 MHz, 13801 MHz, 0x0000000000000000, 305.30 W, 54 %, 31081 MiB
2026/10/01 04:17:14.174, 2902 MHz, 13801 MHz, 0x0000000000000000, 348.40 W, 53 %, 31081 MiB
2026/10/01 04:17:14.684, 2910 MHz, 13801 MHz, 0x0000000000000000, 363.23 W, 82 %, 31081 MiB
2026/10/01 04:17:15.197, 2910 MHz, 13801 MHz, 0x0000000000000000, 304.23 W, 53 %, 31081 MiB
2026/10/01 04:17:15.707, 2910 MHz, 13801 MHz, 0x0000000000000000, 312.46 W, 22 %, 31081 MiB
2026/10/01 04:17:16.215, 2910 MHz, 13801 MHz, 0x0000000000000000, 312.45 W, 40 %, 31081 MiB
2026/10/01 04:17:16.724, 2910 MHz, 13801 MHz, 0x0000000000000000, 323.73 W, 42 %, 31081 MiB
2026/10/01 04:17:17.236, 2910 MHz, 13801 MHz, 0x0000000000000000, 352.25 W, 46 %, 31081 MiB
2026/10/01 04:17:17.748, 2910 MHz, 13801 MHz, 0x0000000000000000, 356.62 W, 49 %, 31081 MiB
2026/10/01 04:17:18.259, 2910 MHz, 13801 MHz, 0x0000000000000004, 333.73 W, 78 %, 31081 MiB
2026/10/01 04:17:18.771, 2910 MHz, 13801 MHz, 0x0000000000000000, 289.38 W, 40 %, 31081 MiB
2026/10/01 04:17:19.283, 2910 MHz, 13801 MHz, 0x0000000000000000, 314.77 W, 69 %, 31081 MiB
2026/10/01 04:17:19.791, 2910 MHz, 13801 MHz, 0x0000000000000000, 362.82 W, 57 %, 31081 MiB
2026/10/01 04:17:20.305, 2910 MHz, 13801 MHz, 0x0000000000000000, 355.02 W, 97 %, 31081 MiB
2026/10/01 04:17:20.817, 2910 MHz, 13801 MHz, 0x0000000000000000, 334.35 W, 35 %, 31081 MiB
2026/10/01 04:17:21.329, 2910 MHz, 13801 MHz, 0x0000000000000000, 298.59 W, 40 %, 31081 MiB
2026/10/01 04:17:21.840, 2910 MHz, 13801 MHz, 0x0000000000000000, 332.12 W, 65 %, 31081 MiB
2026/10/01 04:17:22.349, 2910 MHz, 13801 MHz, 0x0000000000000000, 339.97 W, 33 %, 31081 MiB
2026/10/01 04:17:22.860, 2902 MHz, 13801 MHz, 0x0000000000000000, 369.66 W, 86 %, 31081 MiB
2026/10/01 04:17:23.371, 2910 MHz, 13801 MHz, 0x0000000000000000, 370.25 W, 47 %, 31081 MiB
2026/10/01 04:17:23.884, 2910 MHz, 13801 MHz, 0x0000000000000000, 316.33 W, 21 %, 31081 MiB
2026/10/01 04:17:24.395, 2910 MHz, 13801 MHz, 0x0000000000000000, 317.23 W, 60 %, 31081 MiB
2026/10/01 04:17:24.908, 2902 MHz, 13801 MHz, 0x0000000000000000, 359.32 W, 89 %, 31081 MiB
2026/10/01 04:17:25.417, 2902 MHz, 13801 MHz, 0x0000000000000000, 362.78 W, 97 %, 31081 MiB
2026/10/01 04:17:25.926, 2910 MHz, 13801 MHz, 0x0000000000000000, 316.40 W, 23 %, 31081 MiB
2026/10/01 04:17:26.435, 2910 MHz, 13801 MHz, 0x0000000000000000, 285.61 W, 49 %, 31081 MiB
2026/10/01 04:17:26.948, 2910 MHz, 13801 MHz, 0x0000000000000000, 277.95 W, 36 %, 31086 MiB
2026/10/01 04:17:27.456, 2910 MHz, 13801 MHz, 0x0000000000000000, 299.04 W, 41 %, 31086 MiB
2026/10/01 04:17:27.966, 2902 MHz, 13801 MHz, 0x0000000000000000, 333.25 W, 97 %, 31081 MiB
2026/10/01 04:17:28.475, 2910 MHz, 13801 MHz, 0x0000000000000004, 356.72 W, 93 %, 31081 MiB
2026/10/01 04:17:28.986, 2902 MHz, 13801 MHz, 0x0000000000000004, 355.60 W, 97 %, 31081 MiB
2026/10/01 04:17:29.500, 2910 MHz, 13801 MHz, 0x0000000000000000, 343.83 W, 62 %, 31081 MiB
2026/10/01 04:17:30.011, 2910 MHz, 13801 MHz, 0x0000000000000000, 295.32 W, 43 %, 31081 MiB
2026/10/01 04:17:30.518, 2910 MHz, 13801 MHz, 0x0000000000000000, 291.57 W, 45 %, 31081 MiB
2026/10/01 04:17:31.031, 2902 MHz, 13801 MHz, 0x0000000000000000, 345.04 W, 97 %, 31081 MiB
2026/10/01 04:17:31.546, 2910 MHz, 13801 MHz, 0x0000000000000000, 347.70 W, 35 %, 31081 MiB
2026/10/01 04:17:32.058, 2902 MHz, 13801 MHz, 0x0000000000000000, 311.72 W, 33 %, 31081 MiB
2026/10/01 04:17:32.571, 2910 MHz, 13801 MHz, 0x0000000000000000, 311.26 W, 46 %, 31081 MiB
2026/10/01 04:17:33.083, 2910 MHz, 13801 MHz, 0x0000000000000000, 336.45 W, 41 %, 31081 MiB
2026/10/01 04:17:33.595, 2902 MHz, 13801 MHz, 0x0000000000000000, 353.92 W, 97 %, 31081 MiB
2026/10/01 04:17:34.104, 2910 MHz, 13801 MHz, 0x0000000000000000, 354.35 W, 55 %, 31081 MiB
2026/10/01 04:17:34.615, 2910 MHz, 13801 MHz, 0x0000000000000000, 324.03 W, 46 %, 31081 MiB
2026/10/01 04:17:35.126, 2902 MHz, 13801 MHz, 0x0000000000000004, 310.39 W, 98 %, 31081 MiB
2026/10/01 04:17:35.638, 2925 MHz, 13801 MHz, 0x0000000000000000, 280.87 W, 0 %, 31081 MiB
2026/10/01 04:17:36.153, 2925 MHz, 13801 MHz, 0x0000000000000000, 203.85 W, 0 %, 31081 MiB
2026/10/01 04:17:36.655, 2925 MHz, 13801 MHz, 0x0000000000000000, 98.33 W, 0 %, 31081 MiB
2026/10/01 04:17:37.166, 2452 MHz, 13801 MHz, 0x0000000000000000, 97.30 W, 0 %, 31081 MiB
2026/10/01 04:17:37.667, 697 MHz, 7001 MHz, 0x0000000000000000, 70.57 W, 0 %, 31081 MiB
2026/10/01 04:17:38.182, 540 MHz, 7001 MHz, 0x0000000000000000, 45.83 W, 0 %, 31081 MiB
2026/10/01 04:17:38.683, 540 MHz, 7001 MHz, 0x0000000000000000, 37.46 W, 0 %, 31081 MiB
2026/10/01 04:17:39.197, 540 MHz, 7001 MHz, 0x0000000000000000, 37.46 W, 0 %, 31081 MiB
2026/10/01 04:17:39.699, 345 MHz, 7001 MHz, 0x0000000000000000, 36.40 W, 0 %, 31081 MiB
2026/10/01 04:17:40.201, 345 MHz, 7001 MHz, 0x0000000000000000, 36.40 W, 0 %, 31081 MiB
2026/10/01 04:17:40.703, 217 MHz, 7001 MHz, 0x0000000000000000, 36.26 W, 0 %, 31081 MiB
2026/10/01 04:17:41.216, 217 MHz, 7001 MHz, 0x0000000000000000, 36.26 W, 0 %, 31081 MiB
2026/10/01 04:17:41.732, 180 MHz, 7001 MHz, 0x0000000000000000, 36.24 W, 0 %, 31081 MiB
2026/10/01 04:17:42.243, 180 MHz, 7001 MHz, 0x0000000000000000, 36.24 W, 0 %, 31081 MiB
2026/10/01 04:17:42.756, 180 MHz, 7001 MHz, 0x0000000000000000, 36.25 W, 0 %, 31081 MiB
2026/10/01 04:17:43.269, 180 MHz, 7001 MHz, 0x0000000000000000, 36.25 W, 0 %, 31081 MiB
2026/10/01 04:17:43.772, 180 MHz, 7001 MHz, 0x0000000000000000, 36.28 W, 0 %, 31081 MiB
2026/10/01 04:17:44.285, 180 MHz, 7001 MHz, 0x0000000000000000, 36.28 W, 0 %, 31081 MiB
2026/10/01 04:17:44.789, 180 MHz, 810 MHz, 0x0000000000000000, 15.22 W, 0 %, 31081 MiB
2026/10/01 04:17:45.303, 180 MHz, 810 MHz, 0x0000000000000000, 15.22 W, 0 %, 31081 MiB
2026/10/01 04:17:45.818, 180 MHz, 405 MHz, 0x0000000000000000, 13.87 W, 0 %, 31081 MiB
2026/10/01 04:17:46.332, 180 MHz, 405 MHz, 0x0000000000000000, 13.87 W, 0 %, 31081 MiB
2026/10/01 04:17:46.845, 180 MHz, 405 MHz, 0x0000000000000000, 12.21 W, 0 %, 31081 MiB
2026/10/01 04:17:47.358, 210 MHz, 405 MHz, 0x0000000000000000, 12.28 W, 0 %, 31081 MiB
2026/10/01 04:17:47.861, 180 MHz, 405 MHz, 0x0000000000000000, 13.60 W, 0 %, 31086 MiB
2026/10/01 04:17:48.374, 180 MHz, 405 MHz, 0x0000000000000000, 15.52 W, 0 %, 31086 MiB
2026/10/01 04:17:48.889, 180 MHz, 405 MHz, 0x0000000000000000, 15.59 W, 0 %, 31081 MiB
2026/10/01 04:17:49.393, 180 MHz, 405 MHz, 0x0000000000000000, 15.62 W, 0 %, 31081 MiB
2026/10/01 04:17:49.906, 180 MHz, 405 MHz, 0x0000000000000000, 15.29 W, 0 %, 31081 MiB
2026/10/01 04:17:50.407, 180 MHz, 405 MHz, 0x0000000000000000, 15.29 W, 0 %, 31081 MiB
2026/10/01 04:17:50.922, 180 MHz, 405 MHz, 0x0000000000000000, 12.34 W, 0 %, 31081 MiB
2026/10/01 04:17:51.434, 180 MHz, 405 MHz, 0x0000000000000000, 12.34 W, 0 %, 31081 MiB
2026/10/01 04:17:51.949, 1515 MHz, 405 MHz, 0x0000000000000000, 17.99 W, 57 %, 31081 MiB
2026/10/01 04:17:52.462, 2910 MHz, 13801 MHz, 0x0000000000000000, 108.15 W, 94 %, 31081 MiB
2026/10/01 04:17:52.964, 2910 MHz, 13801 MHz, 0x0000000000000000, 312.78 W, 93 %, 31081 MiB
2026/10/01 04:17:53.464, 2910 MHz, 13801 MHz, 0x0000000000000000, 360.98 W, 83 %, 31081 MiB
2026/10/01 04:17:53.967, 2910 MHz, 13801 MHz, 0x0000000000000000, 362.84 W, 95 %, 31081 MiB
2026/10/01 04:17:54.478, 2910 MHz, 13801 MHz, 0x0000000000000000, 366.20 W, 95 %, 31081 MiB
2026/10/01 04:17:54.983, 2910 MHz, 13801 MHz, 0x0000000000000000, 362.76 W, 95 %, 31081 MiB
2026/10/01 04:17:55.484, 2910 MHz, 13801 MHz, 0x0000000000000000, 363.53 W, 95 %, 31081 MiB
2026/10/01 04:17:55.998, 2910 MHz, 13801 MHz, 0x0000000000000000, 366.49 W, 76 %, 31081 MiB
2026/10/01 04:17:56.498, 2910 MHz, 13801 MHz, 0x0000000000000000, 366.49 W, 95 %, 31081 MiB
2026/10/01 04:17:57.013, 2910 MHz, 13801 MHz, 0x0000000000000000, 366.68 W, 95 %, 31081 MiB
2026/10/01 04:17:57.514, 2910 MHz, 13801 MHz, 0x0000000000000000, 359.94 W, 95 %, 31081 MiB
2026/10/01 04:17:58.026, 2910 MHz, 13801 MHz, 0x0000000000000000, 359.52 W, 95 %, 31081 MiB
2026/10/01 04:17:58.541, 2910 MHz, 13801 MHz, 0x0000000000000000, 372.37 W, 95 %, 31081 MiB
2026/10/01 04:17:59.041, 2910 MHz, 13801 MHz, 0x0000000000000000, 367.15 W, 95 %, 31081 MiB
2026/10/01 04:17:59.554, 2910 MHz, 13801 MHz, 0x0000000000000000, 367.08 W, 95 %, 31081 MiB
2026/10/01 04:18:00.056, 2910 MHz, 13801 MHz, 0x0000000000000000, 363.51 W, 95 %, 31081 MiB
2026/10/01 04:18:00.570, 2910 MHz, 13801 MHz, 0x0000000000000000, 364.16 W, 95 %, 31081 MiB
2026/10/01 04:18:01.081, 2910 MHz, 13801 MHz, 0x0000000000000000, 372.53 W, 95 %, 31081 MiB
2026/10/01 04:18:01.593, 2910 MHz, 13801 MHz, 0x0000000000000000, 363.03 W, 95 %, 31081 MiB
2026/10/01 04:18:02.094, 2910 MHz, 13801 MHz, 0x0000000000000000, 362.91 W, 95 %, 31081 MiB
2026/10/01 04:18:13.052, 180 MHz, 405 MHz, 0x0000000000000000, 11.82 W, 0 %, 31081 MiB
2026/10/01 04:18:13.565, 1417 MHz, 405 MHz, 0x0000000000000000, 21.73 W, 100 %, 31081 MiB
2026/10/01 04:18:14.066, 2910 MHz, 13801 MHz, 0x0000000000000000, 138.63 W, 92 %, 31081 MiB
2026/10/01 04:18:14.569, 2910 MHz, 13801 MHz, 0x0000000000000000, 335.96 W, 95 %, 31081 MiB
2026/10/01 04:18:15.072, 2910 MHz, 13801 MHz, 0x0000000000000000, 358.09 W, 73 %, 31081 MiB
2026/10/01 04:18:15.587, 2910 MHz, 13801 MHz, 0x0000000000000000, 360.37 W, 95 %, 31081 MiB
2026/10/01 04:18:16.102, 2910 MHz, 13801 MHz, 0x0000000000000000, 365.61 W, 95 %, 31081 MiB
2026/10/01 04:18:16.615, 2910 MHz, 13801 MHz, 0x0000000000000000, 362.95 W, 95 %, 31081 MiB
2026/10/01 04:18:17.126, 2910 MHz, 13801 MHz, 0x0000000000000000, 362.61 W, 95 %, 31081 MiB
2026/10/01 04:18:17.641, 2910 MHz, 13801 MHz, 0x0000000000000000, 364.79 W, 95 %, 31081 MiB
2026/10/01 04:18:18.142, 2910 MHz, 13801 MHz, 0x0000000000000000, 364.48 W, 95 %, 31081 MiB
2026/10/01 04:18:18.646, 2910 MHz, 13801 MHz, 0x0000000000000000, 361.16 W, 94 %, 31081 MiB
2026/10/01 04:18:19.149, 2910 MHz, 13801 MHz, 0x0000000000000000, 362.04 W, 95 %, 31081 MiB
2026/10/01 04:18:19.650, 2910 MHz, 13801 MHz, 0x0000000000000000, 369.84 W, 95 %, 31081 MiB
2026/10/01 04:18:20.154, 2910 MHz, 13801 MHz, 0x0000000000000000, 358.11 W, 95 %, 31081 MiB
2026/10/01 04:18:20.655, 2910 MHz, 13801 MHz, 0x0000000000000000, 359.85 W, 95 %, 31081 MiB
2026/10/01 04:18:21.159, 2910 MHz, 13801 MHz, 0x0000000000000000, 359.21 W, 48 %, 31081 MiB
2026/10/01 04:18:21.669, 2910 MHz, 13801 MHz, 0x0000000000000000, 359.15 W, 95 %, 31081 MiB
2026/10/01 04:18:22.172, 2910 MHz, 13801 MHz, 0x0000000000000000, 371.51 W, 95 %, 31081 MiB
2026/10/01 04:18:22.673, 2910 MHz, 13801 MHz, 0x0000000000000000, 366.27 W, 94 %, 31081 MiB
2026/10/01 04:18:23.187, 2910 MHz, 13801 MHz, 0x0000000000000000, 365.73 W, 95 %, 31081 MiB
2026/10/01 04:18:23.689, 2910 MHz, 13801 MHz, 0x0000000000000000, 348.77 W, 95 %, 31081 MiB
2026/10/01 04:18:24.191, 2925 MHz, 13801 MHz, 0x0000000000000000, 225.76 W, 0 %, 31081 MiB
2026/10/01 04:18:24.692, 2925 MHz, 13801 MHz, 0x0000000000000000, 99.91 W, 0 %, 31081 MiB
2026/10/01 04:18:25.205, 2925 MHz, 13801 MHz, 0x0000000000000000, 94.19 W, 0 %, 31081 MiB
2026/10/01 04:18:25.707, 1477 MHz, 13801 MHz, 0x0000000000000000, 83.90 W, 0 %, 31081 MiB
2026/10/01 04:18:26.219, 472 MHz, 7001 MHz, 0x0000000000000000, 59.11 W, 0 %, 31081 MiB
2026/10/01 04:18:26.722, 382 MHz, 7001 MHz, 0x0000000000000000, 37.19 W, 0 %, 31081 MiB
2026/10/01 04:18:27.236, 300 MHz, 7001 MHz, 0x0000000000000000, 36.07 W, 0 %, 31081 MiB
2026/10/01 04:18:27.738, 240 MHz, 7001 MHz, 0x0000000000000000, 35.97 W, 0 %, 31081 MiB
2026/10/01 04:18:28.251, 240 MHz, 7001 MHz, 0x0000000000000000, 35.96 W, 0 %, 31081 MiB
2026/10/01 04:18:28.766, 240 MHz, 7001 MHz, 0x0000000000000000, 35.96 W, 0 %, 31081 MiB
2026/10/01 04:18:29.280, 180 MHz, 810 MHz, 0x0000000000000000, 26.25 W, 0 %, 31081 MiB
2026/10/01 04:18:29.795, 202 MHz, 810 MHz, 0x0000000000000000, 19.98 W, 1 %, 31086 MiB
2026/10/01 04:18:30.296, 180 MHz, 405 MHz, 0x0000000000000000, 14.65 W, 0 %, 31083 MiB
2026/10/01 04:18:30.808, 180 MHz, 405 MHz, 0x0000000000000000, 15.21 W, 0 %, 31081 MiB
2026/10/01 04:18:31.322, 180 MHz, 405 MHz, 0x0000000000000000, 14.77 W, 0 %, 31081 MiB
2026/10/01 04:18:31.836, 180 MHz, 405 MHz, 0x0000000000000000, 14.63 W, 0 %, 31081 MiB
2026/10/01 04:18:32.338, 180 MHz, 405 MHz, 0x0000000000000000, 14.63 W, 0 %, 31081 MiB
2026/10/01 04:18:32.840, 180 MHz, 405 MHz, 0x0000000000000000, 12.04 W, 0 %, 31081 MiB
2026/10/01 04:18:33.354, 180 MHz, 405 MHz, 0x0000000000000000, 12.04 W, 0 %, 31081 MiB
2026/10/01 04:18:33.867, 180 MHz, 405 MHz, 0x0000000000000000, 11.54 W, 0 %, 31081 MiB
2026/10/01 04:18:34.378, 180 MHz, 405 MHz, 0x0000000000000000, 11.54 W, 0 %, 31081 MiB
2026/10/01 04:18:34.893, 180 MHz, 405 MHz, 0x0000000000000000, 11.49 W, 0 %, 31081 MiB
2026/10/01 04:18:35.405, 180 MHz, 405 MHz, 0x0000000000000000, 11.49 W, 0 %, 31081 MiB
2026/10/01 04:18:35.916, 180 MHz, 405 MHz, 0x0000000000000000, 11.79 W, 0 %, 31081 MiB
2026/10/01 04:18:36.428, 2865 MHz, 13801 MHz, 0x0000000000000000, 69.14 W, 46 %, 31081 MiB
2026/10/01 04:18:36.939, 2850 MHz, 13801 MHz, 0x0000000000000004, 244.24 W, 98 %, 31081 MiB
2026/10/01 04:18:37.448, 2842 MHz, 13801 MHz, 0x0000000000000004, 450.43 W, 98 %, 31081 MiB
2026/10/01 04:18:37.959, 2842 MHz, 13801 MHz, 0x0000000000000004, 455.19 W, 97 %, 31081 MiB
2026/10/01 04:18:38.465, 2857 MHz, 13801 MHz, 0x0000000000000004, 455.76 W, 97 %, 31081 MiB
2026/10/01 04:18:38.970, 2910 MHz, 13801 MHz, 0x0000000000000000, 449.45 W, 97 %, 31081 MiB
2026/10/01 04:18:39.481, 2887 MHz, 13801 MHz, 0x0000000000000000, 391.41 W, 48 %, 31081 MiB
2026/10/01 04:18:39.989, 2857 MHz, 13801 MHz, 0x0000000000000004, 372.94 W, 98 %, 31081 MiB
2026/10/01 04:18:40.497, 2850 MHz, 13801 MHz, 0x0000000000000004, 438.80 W, 98 %, 31081 MiB
2026/10/01 04:18:41.007, 2865 MHz, 13801 MHz, 0x0000000000000004, 436.72 W, 83 %, 31081 MiB
2026/10/01 04:18:41.518, 2872 MHz, 13801 MHz, 0x0000000000000000, 365.97 W, 45 %, 31081 MiB
2026/10/01 04:18:42.029, 2902 MHz, 13801 MHz, 0x0000000000000000, 301.75 W, 40 %, 31081 MiB
2026/10/01 04:18:42.538, 2887 MHz, 13801 MHz, 0x0000000000000000, 282.57 W, 33 %, 31081 MiB
2026/10/01 04:18:43.048, 2872 MHz, 13801 MHz, 0x0000000000000000, 316.79 W, 25 %, 31081 MiB
2026/10/01 04:18:43.557, 2902 MHz, 13801 MHz, 0x0000000000000000, 275.52 W, 36 %, 31081 MiB
2026/10/01 04:18:44.065, 2880 MHz, 13801 MHz, 0x0000000000000000, 260.21 W, 31 %, 31081 MiB
2026/10/01 04:18:44.577, 2880 MHz, 13801 MHz, 0x0000000000000004, 301.84 W, 83 %, 31081 MiB
2026/10/01 04:18:45.090, 2872 MHz, 13801 MHz, 0x0000000000000000, 301.22 W, 53 %, 31081 MiB
2026/10/01 04:18:45.602, 2902 MHz, 13801 MHz, 0x0000000000000004, 310.19 W, 60 %, 31081 MiB
2026/10/01 04:18:46.110, 2902 MHz, 13801 MHz, 0x0000000000000000, 312.91 W, 57 %, 31081 MiB
2026/10/01 04:18:46.624, 2880 MHz, 13801 MHz, 0x0000000000000004, 310.75 W, 75 %, 31081 MiB
2026/10/01 04:18:47.136, 2865 MHz, 13801 MHz, 0x0000000000000000, 321.10 W, 24 %, 31081 MiB
2026/10/01 04:18:47.644, 2880 MHz, 13801 MHz, 0x0000000000000000, 324.56 W, 41 %, 31081 MiB
2026/10/01 04:18:48.150, 2887 MHz, 13801 MHz, 0x0000000000000000, 309.87 W, 35 %, 31081 MiB
2026/10/01 04:18:48.658, 2865 MHz, 13801 MHz, 0x0000000000000004, 322.86 W, 98 %, 31081 MiB
2026/10/01 04:18:49.171, 2887 MHz, 13801 MHz, 0x0000000000000000, 327.41 W, 42 %, 31081 MiB
2026/10/01 04:18:49.684, 2880 MHz, 13801 MHz, 0x0000000000000000, 322.88 W, 43 %, 31081 MiB
2026/10/01 04:18:50.196, 2872 MHz, 13801 MHz, 0x0000000000000000, 317.55 W, 44 %, 31081 MiB
2026/10/01 04:18:50.708, 2872 MHz, 13801 MHz, 0x0000000000000000, 309.95 W, 36 %, 31086 MiB
2026/10/01 04:18:51.216, 2895 MHz, 13801 MHz, 0x0000000000000000, 313.62 W, 38 %, 31086 MiB
2026/10/01 04:18:51.723, 2865 MHz, 13801 MHz, 0x0000000000000000, 293.63 W, 23 %, 31081 MiB
2026/10/01 04:18:52.236, 2865 MHz, 13801 MHz, 0x0000000000000000, 316.82 W, 48 %, 31081 MiB
2026/10/01 04:18:52.747, 2865 MHz, 13801 MHz, 0x0000000000000004, 352.21 W, 97 %, 31081 MiB
2026/10/01 04:18:53.262, 2887 MHz, 13801 MHz, 0x0000000000000000, 320.27 W, 50 %, 31081 MiB
2026/10/01 04:18:53.775, 2895 MHz, 13801 MHz, 0x0000000000000000, 281.88 W, 46 %, 31081 MiB
2026/10/01 04:18:54.286, 2887 MHz, 13801 MHz, 0x0000000000000000, 294.20 W, 35 %, 31081 MiB
2026/10/01 04:18:54.795, 2880 MHz, 13801 MHz, 0x0000000000000004, 301.33 W, 67 %, 31081 MiB
2026/10/01 04:18:55.304, 2887 MHz, 13801 MHz, 0x0000000000000000, 292.99 W, 44 %, 31081 MiB
2026/10/01 04:18:55.815, 2887 MHz, 13801 MHz, 0x0000000000000000, 297.45 W, 61 %, 31081 MiB
2026/10/01 04:18:56.325, 2872 MHz, 13801 MHz, 0x0000000000000000, 314.34 W, 42 %, 31081 MiB
2026/10/01 04:18:56.841, 2887 MHz, 13801 MHz, 0x0000000000000004, 316.16 W, 98 %, 31081 MiB
2026/10/01 04:18:57.354, 2895 MHz, 13801 MHz, 0x0000000000000000, 303.78 W, 33 %, 31081 MiB
2026/10/01 04:18:57.866, 2895 MHz, 13801 MHz, 0x0000000000000004, 296.75 W, 60 %, 31081 MiB
2026/10/01 04:18:58.378, 2902 MHz, 13801 MHz, 0x0000000000000000, 277.92 W, 39 %, 31081 MiB
2026/10/01 04:18:58.886, 2902 MHz, 13801 MHz, 0x0000000000000004, 287.24 W, 81 %, 31081 MiB
2026/10/01 04:18:59.395, 2902 MHz, 13801 MHz, 0x0000000000000004, 298.07 W, 83 %, 31081 MiB
2026/10/01 04:18:59.906, 2887 MHz, 13801 MHz, 0x0000000000000004, 318.52 W, 68 %, 31081 MiB
2026/10/01 04:19:00.416, 2865 MHz, 13801 MHz, 0x0000000000000004, 359.62 W, 98 %, 31081 MiB
2026/10/01 04:19:00.930, 2887 MHz, 13801 MHz, 0x0000000000000004, 356.70 W, 84 %, 31081 MiB
2026/10/01 04:19:01.444, 2865 MHz, 13801 MHz, 0x0000000000000000, 335.28 W, 35 %, 31081 MiB
2026/10/01 04:19:01.956, 2880 MHz, 13801 MHz, 0x0000000000000004, 324.33 W, 52 %, 31081 MiB
2026/10/01 04:19:02.469, 2887 MHz, 13801 MHz, 0x0000000000000000, 333.40 W, 62 %, 31081 MiB
2026/10/01 04:19:02.980, 2887 MHz, 13801 MHz, 0x0000000000000004, 300.04 W, 38 %, 31081 MiB
2026/10/01 04:19:03.490, 2865 MHz, 13801 MHz, 0x0000000000000004, 318.94 W, 98 %, 31081 MiB
2026/10/01 04:19:04.002, 2865 MHz, 13801 MHz, 0x0000000000000004, 337.08 W, 77 %, 31081 MiB
2026/10/01 04:19:04.511, 2880 MHz, 13801 MHz, 0x0000000000000000, 307.22 W, 22 %, 31081 MiB
2026/10/01 04:19:05.011, 2857 MHz, 13801 MHz, 0x0000000000000000, 332.63 W, 37 %, 31081 MiB
2026/10/01 04:19:05.521, 2865 MHz, 13801 MHz, 0x0000000000000004, 340.14 W, 98 %, 31081 MiB
2026/10/01 04:19:06.032, 2902 MHz, 13801 MHz, 0x0000000000000000, 340.23 W, 41 %, 31081 MiB
2026/10/01 04:19:06.540, 2895 MHz, 13801 MHz, 0x0000000000000000, 322.19 W, 42 %, 31081 MiB
2026/10/01 04:19:07.051, 2857 MHz, 13801 MHz, 0x0000000000000000, 306.07 W, 42 %, 31081 MiB
2026/10/01 04:19:07.562, 2880 MHz, 13801 MHz, 0x0000000000000000, 312.60 W, 36 %, 31081 MiB
2026/10/01 04:19:08.073, 2887 MHz, 13801 MHz, 0x0000000000000000, 276.18 W, 37 %, 31081 MiB
2026/10/01 04:19:08.580, 2880 MHz, 13801 MHz, 0x0000000000000000, 299.03 W, 37 %, 31081 MiB
2026/10/01 04:19:09.092, 2865 MHz, 13801 MHz, 0x0000000000000000, 327.33 W, 40 %, 31081 MiB
2026/10/01 04:19:09.605, 2872 MHz, 13801 MHz, 0x0000000000000004, 335.90 W, 87 %, 31081 MiB
2026/10/01 04:19:10.115, 2872 MHz, 13801 MHz, 0x0000000000000000, 327.87 W, 39 %, 31081 MiB
2026/10/01 04:19:10.627, 2887 MHz, 13801 MHz, 0x0000000000000000, 298.52 W, 47 %, 31081 MiB
2026/10/01 04:19:11.140, 2895 MHz, 13801 MHz, 0x0000000000000000, 287.75 W, 48 %, 31081 MiB
2026/10/01 04:19:11.655, 2895 MHz, 13801 MHz, 0x0000000000000000, 241.06 W, 32 %, 31081 MiB
2026/10/01 04:19:12.168, 2880 MHz, 13801 MHz, 0x0000000000000004, 250.90 W, 55 %, 31086 MiB
2026/10/01 04:19:12.677, 2887 MHz, 13801 MHz, 0x0000000000000004, 302.24 W, 98 %, 31086 MiB
2026/10/01 04:19:13.185, 2850 MHz, 13801 MHz, 0x0000000000000000, 349.71 W, 54 %, 31081 MiB
2026/10/01 04:19:13.698, 2887 MHz, 13801 MHz, 0x0000000000000000, 346.98 W, 21 %, 31081 MiB
2026/10/01 04:19:14.209, 2850 MHz, 13801 MHz, 0x0000000000000000, 318.82 W, 21 %, 31081 MiB
2026/10/01 04:19:14.721, 2895 MHz, 13801 MHz, 0x0000000000000000, 291.62 W, 46 %, 31081 MiB
2026/10/01 04:19:15.229, 2895 MHz, 13801 MHz, 0x0000000000000000, 279.16 W, 39 %, 31081 MiB
2026/10/01 04:19:15.739, 2895 MHz, 13801 MHz, 0x0000000000000000, 296.55 W, 35 %, 31081 MiB
2026/10/01 04:19:16.246, 2895 MHz, 13801 MHz, 0x0000000000000004, 307.36 W, 67 %, 31081 MiB
2026/10/01 04:19:16.758, 2872 MHz, 13801 MHz, 0x0000000000000000, 333.15 W, 45 %, 31081 MiB
2026/10/01 04:19:17.268, 2880 MHz, 13801 MHz, 0x0000000000000000, 314.79 W, 19 %, 31081 MiB
2026/10/01 04:19:17.777, 2835 MHz, 13801 MHz, 0x0000000000000000, 320.02 W, 35 %, 31081 MiB
2026/10/01 04:19:18.284, 2895 MHz, 13801 MHz, 0x0000000000000000, 291.68 W, 37 %, 31081 MiB
2026/10/01 04:19:18.790, 2827 MHz, 13801 MHz, 0x0000000000000000, 318.82 W, 38 %, 31081 MiB
2026/10/01 04:19:19.298, 2895 MHz, 13801 MHz, 0x0000000000000000, 334.21 W, 27 %, 31081 MiB
2026/10/01 04:19:19.806, 2895 MHz, 13801 MHz, 0x0000000000000000, 275.01 W, 43 %, 31081 MiB
2026/10/01 04:19:20.317, 2872 MHz, 13801 MHz, 0x0000000000000004, 320.65 W, 98 %, 31081 MiB
2026/10/01 04:19:20.827, 2887 MHz, 13801 MHz, 0x0000000000000000, 322.13 W, 40 %, 31081 MiB
2026/10/01 04:19:21.336, 2880 MHz, 13801 MHz, 0x0000000000000004, 299.53 W, 66 %, 31081 MiB
2026/10/01 04:19:21.848, 2880 MHz, 13801 MHz, 0x0000000000000004, 337.28 W, 98 %, 31081 MiB
2026/10/01 04:19:22.357, 2872 MHz, 13801 MHz, 0x0000000000000000, 326.84 W, 46 %, 31081 MiB
2026/10/01 04:19:22.871, 2887 MHz, 13801 MHz, 0x0000000000000004, 333.52 W, 39 %, 31081 MiB
2026/10/01 04:19:23.382, 2895 MHz, 13801 MHz, 0x0000000000000000, 299.06 W, 40 %, 31081 MiB
2026/10/01 04:19:23.892, 2880 MHz, 13801 MHz, 0x0000000000000000, 275.52 W, 39 %, 31081 MiB
2026/10/01 04:19:24.406, 2887 MHz, 13801 MHz, 0x0000000000000000, 296.91 W, 38 %, 31081 MiB
2026/10/01 04:19:24.917, 2902 MHz, 13801 MHz, 0x0000000000000000, 282.36 W, 35 %, 31081 MiB
2026/10/01 04:19:25.428, 2865 MHz, 13801 MHz, 0x0000000000000004, 289.04 W, 98 %, 31081 MiB
2026/10/01 04:19:25.938, 2887 MHz, 13801 MHz, 0x0000000000000004, 306.72 W, 68 %, 31081 MiB
2026/10/01 04:19:26.446, 2857 MHz, 13801 MHz, 0x0000000000000004, 329.25 W, 76 %, 31081 MiB
2026/10/01 04:19:26.960, 2887 MHz, 13801 MHz, 0x0000000000000000, 352.94 W, 73 %, 31081 MiB
2026/10/01 04:19:27.471, 2857 MHz, 13801 MHz, 0x0000000000000004, 341.10 W, 68 %, 31081 MiB
2026/10/01 04:19:27.979, 2902 MHz, 13801 MHz, 0x0000000000000000, 314.48 W, 43 %, 31081 MiB
2026/10/01 04:19:28.489, 2895 MHz, 13801 MHz, 0x0000000000000004, 306.48 W, 54 %, 31081 MiB
2026/10/01 04:19:29.000, 2887 MHz, 13801 MHz, 0x0000000000000004, 324.66 W, 98 %, 31081 MiB
2026/10/01 04:19:29.512, 2872 MHz, 13801 MHz, 0x0000000000000000, 316.90 W, 69 %, 31081 MiB
2026/10/01 04:19:30.022, 2850 MHz, 13801 MHz, 0x0000000000000000, 341.73 W, 54 %, 31081 MiB
2026/10/01 04:19:30.535, 2872 MHz, 13801 MHz, 0x0000000000000000, 324.73 W, 23 %, 31081 MiB
2026/10/01 04:19:31.045, 2887 MHz, 13801 MHz, 0x0000000000000000, 315.46 W, 37 %, 31081 MiB
2026/10/01 04:19:31.556, 2902 MHz, 13801 MHz, 0x0000000000000004, 302.86 W, 98 %, 31081 MiB
2026/10/01 04:19:32.065, 2880 MHz, 13801 MHz, 0x0000000000000000, 322.61 W, 39 %, 31081 MiB
2026/10/01 04:19:32.578, 2887 MHz, 13801 MHz, 0x0000000000000000, 332.47 W, 39 %, 31081 MiB
2026/10/01 04:19:33.086, 2895 MHz, 13801 MHz, 0x0000000000000004, 255.62 W, 52 %, 31081 MiB
2026/10/01 04:19:33.596, 2887 MHz, 13801 MHz, 0x0000000000000000, 276.53 W, 36 %, 31083 MiB
2026/10/01 04:19:34.106, 2895 MHz, 13801 MHz, 0x0000000000000000, 304.43 W, 41 %, 31083 MiB
2026/10/01 04:19:34.618, 2902 MHz, 13801 MHz, 0x0000000000000004, 293.08 W, 80 %, 31081 MiB
2026/10/01 04:19:35.129, 2865 MHz, 13801 MHz, 0x0000000000000000, 291.69 W, 41 %, 31081 MiB
2026/10/01 04:19:35.644, 2857 MHz, 13801 MHz, 0x0000000000000004, 337.02 W, 92 %, 31081 MiB
2026/10/01 04:19:36.156, 2902 MHz, 13801 MHz, 0x0000000000000000, 296.08 W, 45 %, 31081 MiB
2026/10/01 04:19:36.669, 2910 MHz, 13801 MHz, 0x0000000000000000, 282.24 W, 31 %, 31081 MiB
2026/10/01 04:19:37.180, 2880 MHz, 13801 MHz, 0x0000000000000000, 277.90 W, 33 %, 31081 MiB
2026/10/01 04:19:37.694, 2887 MHz, 13801 MHz, 0x0000000000000000, 294.43 W, 20 %, 31081 MiB
2026/10/01 04:19:38.208, 2895 MHz, 13801 MHz, 0x0000000000000000, 280.15 W, 26 %, 31081 MiB
2026/10/01 04:19:38.723, 2850 MHz, 13801 MHz, 0x0000000000000000, 286.70 W, 39 %, 31081 MiB
2026/10/01 04:19:39.236, 2917 MHz, 13801 MHz, 0x0000000000000000, 257.32 W, 0 %, 31081 MiB
2026/10/01 04:19:39.751, 2925 MHz, 13801 MHz, 0x0000000000000000, 146.11 W, 0 %, 31081 MiB
2026/10/01 04:19:40.262, 2925 MHz, 13801 MHz, 0x0000000000000000, 97.61 W, 0 %, 31081 MiB
2026/10/01 04:19:40.777, 2925 MHz, 13801 MHz, 0x0000000000000000, 97.05 W, 0 %, 31081 MiB
2026/10/01 04:19:41.292, 540 MHz, 7001 MHz, 0x0000000000000000, 70.05 W, 0 %, 31081 MiB
2026/10/01 04:19:41.806, 442 MHz, 7001 MHz, 0x0000000000000000, 42.59 W, 0 %, 31081 MiB
2026/10/01 04:19:42.308, 442 MHz, 7001 MHz, 0x0000000000000000, 42.59 W, 0 %, 31081 MiB
2026/10/01 04:19:42.821, 277 MHz, 7001 MHz, 0x0000000000000000, 36.23 W, 0 %, 31081 MiB
2026/10/01 04:19:43.334, 277 MHz, 7001 MHz, 0x0000000000000000, 36.23 W, 0 %, 31081 MiB
2026/10/01 04:19:43.850, 180 MHz, 7001 MHz, 0x0000000000000000, 36.26 W, 0 %, 31081 MiB
2026/10/01 04:19:44.362, 180 MHz, 7001 MHz, 0x0000000000000000, 36.26 W, 0 %, 31081 MiB
2026/10/01 04:19:44.873, 180 MHz, 7001 MHz, 0x0000000000000000, 36.16 W, 0 %, 31081 MiB
2026/10/01 04:19:45.388, 180 MHz, 7001 MHz, 0x0000000000000000, 36.16 W, 0 %, 31081 MiB
2026/10/01 04:19:45.902, 180 MHz, 7001 MHz, 0x0000000000000000, 36.10 W, 0 %, 31081 MiB
2026/10/01 04:19:46.403, 180 MHz, 7001 MHz, 0x0000000000000000, 36.10 W, 0 %, 31081 MiB
2026/10/01 04:19:46.918, 180 MHz, 810 MHz, 0x0000000000000000, 28.11 W, 0 %, 31081 MiB
2026/10/01 04:19:47.432, 225 MHz, 810 MHz, 0x0000000000000000, 25.04 W, 0 %, 31081 MiB
2026/10/01 04:19:47.948, 180 MHz, 810 MHz, 0x0000000000000000, 23.59 W, 0 %, 31081 MiB
2026/10/01 04:19:48.461, 180 MHz, 810 MHz, 0x0000000000000000, 18.57 W, 0 %, 31081 MiB
2026/10/01 04:19:48.975, 180 MHz, 810 MHz, 0x0000000000000000, 18.57 W, 0 %, 31081 MiB
2026/10/01 04:19:49.478, 172 MHz, 405 MHz, 0x0000000000000000, 12.78 W, 0 %, 31081 MiB
2026/10/01 04:19:49.992, 172 MHz, 405 MHz, 0x0000000000000000, 12.78 W, 0 %, 31081 MiB
2026/10/01 04:19:50.505, 180 MHz, 405 MHz, 0x0000000000000000, 11.90 W, 0 %, 31081 MiB
2026/10/01 04:19:51.020, 180 MHz, 405 MHz, 0x0000000000000000, 11.90 W, 0 %, 31081 MiB
2026/10/01 04:19:51.534, 180 MHz, 405 MHz, 0x0000000000000000, 11.88 W, 0 %, 31081 MiB
2026/10/01 04:19:52.037, 180 MHz, 405 MHz, 0x0000000000000000, 11.88 W, 0 %, 31081 MiB
2026/10/01 04:19:52.540, 180 MHz, 405 MHz, 0x0000000000000000, 11.71 W, 0 %, 31081 MiB
2026/10/01 04:19:53.055, 180 MHz, 405 MHz, 0x0000000000000000, 11.71 W, 0 %, 31081 MiB
2026/10/01 04:19:53.559, 180 MHz, 405 MHz, 0x0000000000000000, 11.90 W, 0 %, 31081 MiB
2026/10/01 04:19:54.061, 180 MHz, 405 MHz, 0x0000000000000000, 11.90 W, 0 %, 31081 MiB
2026/10/01 04:19:54.576, 180 MHz, 405 MHz, 0x0000000000000000, 11.74 W, 0 %, 31083 MiB
2026/10/01 04:19:55.090, 180 MHz, 405 MHz, 0x0000000000000000, 12.67 W, 0 %, 31083 MiB
2026/10/01 04:19:55.605, 1890 MHz, 13801 MHz, 0x0000000000000000, 47.44 W, 95 %, 31081 MiB
2026/10/01 04:19:56.106, 2910 MHz, 13801 MHz, 0x0000000000000000, 210.66 W, 94 %, 31081 MiB
2026/10/01 04:19:56.619, 2910 MHz, 13801 MHz, 0x0000000000000000, 361.75 W, 95 %, 31081 MiB
2026/10/01 04:19:57.134, 2910 MHz, 13801 MHz, 0x0000000000000000, 355.19 W, 95 %, 31081 MiB
2026/10/01 04:19:57.635, 2910 MHz, 13801 MHz, 0x0000000000000000, 357.72 W, 95 %, 31081 MiB
2026/10/01 04:19:58.150, 2910 MHz, 13801 MHz, 0x0000000000000000, 363.21 W, 95 %, 31081 MiB
2026/10/01 04:19:58.664, 2910 MHz, 13801 MHz, 0x0000000000000000, 364.23 W, 95 %, 31081 MiB
2026/10/01 04:19:59.165, 2910 MHz, 13801 MHz, 0x0000000000000000, 366.22 W, 95 %, 31081 MiB
2026/10/01 04:19:59.666, 2910 MHz, 13801 MHz, 0x0000000000000000, 367.02 W, 95 %, 31081 MiB
2026/10/01 04:20:00.180, 2910 MHz, 13801 MHz, 0x0000000000000000, 372.79 W, 95 %, 31081 MiB
2026/10/01 04:20:00.695, 2910 MHz, 13801 MHz, 0x0000000000000000, 367.69 W, 95 %, 31081 MiB
2026/10/01 04:20:01.209, 2910 MHz, 13801 MHz, 0x0000000000000000, 366.85 W, 95 %, 31081 MiB
2026/10/01 04:20:01.709, 2910 MHz, 13801 MHz, 0x0000000000000000, 361.75 W, 95 %, 31081 MiB
2026/10/01 04:20:02.221, 2910 MHz, 13801 MHz, 0x0000000000000000, 362.50 W, 95 %, 31081 MiB
2026/10/01 04:20:02.734, 2910 MHz, 13801 MHz, 0x0000000000000000, 372.03 W, 95 %, 31081 MiB
2026/10/01 04:20:03.250, 2910 MHz, 13801 MHz, 0x0000000000000000, 364.63 W, 94 %, 31081 MiB
2026/10/01 04:20:03.751, 2910 MHz, 13801 MHz, 0x0000000000000000, 365.04 W, 94 %, 31081 MiB
2026/10/01 04:20:04.253, 2910 MHz, 13801 MHz, 0x0000000000000000, 361.47 W, 61 %, 31081 MiB
2026/10/01 04:20:04.765, 2910 MHz, 13801 MHz, 0x0000000000000000, 362.30 W, 95 %, 31081 MiB
2026/10/01 04:20:05.265, 2910 MHz, 13801 MHz, 0x0000000000000000, 364.32 W, 95 %, 31081 MiB
2026/10/01 04:20:16.377, 180 MHz, 405 MHz, 0x0000000000000000, 13.81 W, 0 %, 31081 MiB
2026/10/01 04:20:16.892, 2557 MHz, 405 MHz, 0x0000000000000000, 43.98 W, 100 %, 31081 MiB
2026/10/01 04:20:17.407, 2910 MHz, 13801 MHz, 0x0000000000000000, 194.18 W, 94 %, 31081 MiB
2026/10/01 04:20:17.907, 2910 MHz, 13801 MHz, 0x0000000000000000, 337.34 W, 93 %, 31081 MiB
2026/10/01 04:20:18.409, 2910 MHz, 13801 MHz, 0x0000000000000000, 360.15 W, 95 %, 31081 MiB
2026/10/01 04:20:18.910, 2910 MHz, 13801 MHz, 0x0000000000000000, 361.91 W, 95 %, 31081 MiB
2026/10/01 04:20:19.411, 2910 MHz, 13801 MHz, 0x0000000000000000, 367.61 W, 94 %, 31081 MiB
2026/10/01 04:20:19.925, 2910 MHz, 13801 MHz, 0x0000000000000000, 360.49 W, 95 %, 31081 MiB
2026/10/01 04:20:20.438, 2910 MHz, 13801 MHz, 0x0000000000000000, 361.40 W, 96 %, 31081 MiB
2026/10/01 04:20:20.938, 2910 MHz, 13801 MHz, 0x0000000000000000, 360.85 W, 87 %, 31081 MiB
2026/10/01 04:20:21.451, 2910 MHz, 13801 MHz, 0x0000000000000000, 361.69 W, 95 %, 31081 MiB
2026/10/01 04:20:21.964, 2910 MHz, 13801 MHz, 0x0000000000000000, 368.78 W, 95 %, 31081 MiB
2026/10/01 04:20:22.478, 2910 MHz, 13801 MHz, 0x0000000000000000, 365.71 W, 95 %, 31081 MiB
2026/10/01 04:20:22.978, 2910 MHz, 13801 MHz, 0x0000000000000000, 366.25 W, 95 %, 31081 MiB
2026/10/01 04:20:23.492, 2910 MHz, 13801 MHz, 0x0000000000000000, 363.36 W, 62 %, 31081 MiB
2026/10/01 04:20:23.994, 2910 MHz, 13801 MHz, 0x0000000000000000, 363.14 W, 95 %, 31081 MiB
2026/10/01 04:20:24.505, 2910 MHz, 13801 MHz, 0x0000000000000000, 372.24 W, 95 %, 31081 MiB
2026/10/01 04:20:25.007, 2910 MHz, 13801 MHz, 0x0000000000000000, 363.07 W, 95 %, 31081 MiB
2026/10/01 04:20:25.517, 2910 MHz, 13801 MHz, 0x0000000000000000, 363.46 W, 95 %, 31081 MiB
2026/10/01 04:20:26.017, 2910 MHz, 13801 MHz, 0x0000000000000000, 372.46 W, 95 %, 31081 MiB
2026/10/01 04:20:26.530, 2910 MHz, 13801 MHz, 0x0000000000000000, 362.17 W, 95 %, 31081 MiB
2026/10/01 04:20:27.043, 2910 MHz, 13801 MHz, 0x0000000000000000, 362.58 W, 95 %, 31081 MiB
2026/10/01 04:20:27.555, 2917 MHz, 13801 MHz, 0x0000000000000000, 323.76 W, 0 %, 31081 MiB
2026/10/01 04:20:28.066, 2925 MHz, 13801 MHz, 0x0000000000000000, 202.14 W, 0 %, 31081 MiB
2026/10/01 04:20:28.581, 2925 MHz, 13801 MHz, 0x0000000000000000, 95.22 W, 0 %, 31081 MiB
2026/10/01 04:20:29.095, 2925 MHz, 13801 MHz, 0x0000000000000000, 94.80 W, 0 %, 31081 MiB
2026/10/01 04:20:29.609, 577 MHz, 13801 MHz, 0x0000000000000000, 80.82 W, 0 %, 31081 MiB
2026/10/01 04:20:30.110, 472 MHz, 810 MHz, 0x0000000000000000, 53.00 W, 0 %, 31081 MiB
2026/10/01 04:20:30.625, 352 MHz, 810 MHz, 0x0000000000000000, 29.57 W, 0 %, 31081 MiB
2026/10/01 04:20:31.139, 285 MHz, 810 MHz, 0x0000000000000000, 21.73 W, 0 %, 31081 MiB
2026/10/01 04:20:31.653, 202 MHz, 810 MHz, 0x0000000000000000, 18.59 W, 0 %, 31081 MiB
2026/10/01 04:20:32.155, 180 MHz, 405 MHz, 0x0000000000000000, 16.48 W, 0 %, 31081 MiB
2026/10/01 04:20:32.669, 180 MHz, 405 MHz, 0x0000000000000000, 12.08 W, 0 %, 31081 MiB
2026/10/01 04:20:33.184, 180 MHz, 405 MHz, 0x0000000000000000, 12.08 W, 0 %, 31081 MiB
2026/10/01 04:20:33.684, 180 MHz, 405 MHz, 0x0000000000000000, 11.61 W, 0 %, 31081 MiB
2026/10/01 04:20:34.186, 180 MHz, 405 MHz, 0x0000000000000000, 11.61 W, 0 %, 31081 MiB
2026/10/01 04:20:34.699, 180 MHz, 405 MHz, 0x0000000000000000, 11.53 W, 0 %, 31081 MiB
2026/10/01 04:20:35.209, 180 MHz, 405 MHz, 0x0000000000000000, 11.53 W, 0 %, 31081 MiB
2026/10/01 04:20:35.718, 180 MHz, 405 MHz, 0x0000000000000000, 11.70 W, 0 %, 31081 MiB
2026/10/01 04:20:36.231, 180 MHz, 405 MHz, 0x0000000000000000, 11.70 W, 0 %, 31081 MiB
2026/10/01 04:20:36.742, 180 MHz, 405 MHz, 0x0000000000000000, 12.26 W, 0 %, 31086 MiB
2026/10/01 04:20:37.256, 277 MHz, 405 MHz, 0x0000000000000000, 14.47 W, 0 %, 31086 MiB
2026/10/01 04:20:37.771, 180 MHz, 405 MHz, 0x0000000000000000, 19.26 W, 0 %, 31081 MiB
2026/10/01 04:20:38.285, 180 MHz, 405 MHz, 0x0000000000000000, 16.52 W, 0 %, 31081 MiB
2026/10/01 04:20:38.799, 180 MHz, 405 MHz, 0x0000000000000000, 14.85 W, 0 %, 31081 MiB
2026/10/01 04:20:39.300, 180 MHz, 405 MHz, 0x0000000000000000, 14.85 W, 0 %, 31081 MiB
2026/10/01 04:20:39.812, 2137 MHz, 13801 MHz, 0x0000000000000000, 31.62 W, 100 %, 31081 MiB
2026/10/01 04:20:40.327, 2887 MHz, 13801 MHz, 0x0000000000000004, 127.09 W, 98 %, 31081 MiB
2026/10/01 04:20:40.837, 2850 MHz, 13801 MHz, 0x0000000000000004, 390.40 W, 98 %, 31081 MiB
2026/10/01 04:20:41.348, 2850 MHz, 13801 MHz, 0x0000000000000000, 418.85 W, 45 %, 31081 MiB
2026/10/01 04:20:41.862, 2880 MHz, 13801 MHz, 0x0000000000000004, 375.45 W, 64 %, 31081 MiB
2026/10/01 04:20:42.375, 2902 MHz, 13801 MHz, 0x0000000000000000, 311.17 W, 51 %, 31081 MiB
2026/10/01 04:20:42.887, 2887 MHz, 13801 MHz, 0x0000000000000000, 287.09 W, 49 %, 31081 MiB
2026/10/01 04:20:43.399, 2887 MHz, 13801 MHz, 0x0000000000000000, 277.89 W, 43 %, 31081 MiB
2026/10/01 04:20:43.911, 2902 MHz, 13801 MHz, 0x0000000000000004, 269.53 W, 82 %, 31081 MiB
2026/10/01 04:20:44.424, 2895 MHz, 13801 MHz, 0x0000000000000000, 302.72 W, 38 %, 31081 MiB
2026/10/01 04:20:44.934, 2865 MHz, 13801 MHz, 0x0000000000000000, 301.49 W, 58 %, 31081 MiB
2026/10/01 04:20:45.443, 2842 MHz, 13801 MHz, 0x0000000000000004, 358.62 W, 98 %, 31081 MiB
2026/10/01 04:20:45.951, 2850 MHz, 13801 MHz, 0x0000000000000004, 439.28 W, 98 %, 31081 MiB
2026/10/01 04:20:46.458, 2910 MHz, 13801 MHz, 0x0000000000000000, 450.11 W, 96 %, 31081 MiB
2026/10/01 04:20:46.970, 2895 MHz, 13801 MHz, 0x0000000000000000, 385.30 W, 50 %, 31081 MiB
2026/10/01 04:20:47.478, 2865 MHz, 13801 MHz, 0x0000000000000004, 362.41 W, 98 %, 31081 MiB
2026/10/01 04:20:47.990, 2842 MHz, 13801 MHz, 0x0000000000000000, 420.51 W, 55 %, 31081 MiB
2026/10/01 04:20:48.497, 2865 MHz, 13801 MHz, 0x0000000000000004, 420.83 W, 98 %, 31081 MiB
2026/10/01 04:20:49.008, 2880 MHz, 13801 MHz, 0x0000000000000004, 370.91 W, 67 %, 31081 MiB
2026/10/01 04:20:49.518, 2887 MHz, 13801 MHz, 0x0000000000000000, 344.74 W, 25 %, 31081 MiB
2026/10/01 04:20:50.031, 2887 MHz, 13801 MHz, 0x0000000000000000, 291.28 W, 23 %, 31081 MiB
2026/10/01 04:20:50.545, 2887 MHz, 13801 MHz, 0x0000000000000000, 265.00 W, 32 %, 31081 MiB
2026/10/01 04:20:51.057, 2865 MHz, 13801 MHz, 0x0000000000000000, 285.29 W, 31 %, 31081 MiB
2026/10/01 04:20:51.568, 2880 MHz, 13801 MHz, 0x0000000000000004, 298.46 W, 85 %, 31081 MiB
2026/10/01 04:20:52.083, 2872 MHz, 13801 MHz, 0x0000000000000004, 319.80 W, 98 %, 31081 MiB
2026/10/01 04:20:52.593, 2887 MHz, 13801 MHz, 0x0000000000000000, 333.46 W, 67 %, 31081 MiB
2026/10/01 04:20:53.107, 2902 MHz, 13801 MHz, 0x0000000000000004, 322.40 W, 74 %, 31081 MiB
2026/10/01 04:20:53.619, 2895 MHz, 13801 MHz, 0x0000000000000000, 313.80 W, 36 %, 31081 MiB
2026/10/01 04:20:54.130, 2895 MHz, 13801 MHz, 0x0000000000000000, 289.22 W, 21 %, 31081 MiB
2026/10/01 04:20:54.641, 2872 MHz, 13801 MHz, 0x0000000000000000, 292.47 W, 58 %, 31081 MiB
2026/10/01 04:20:55.151, 2895 MHz, 13801 MHz, 0x0000000000000000, 297.14 W, 30 %, 31081 MiB
2026/10/01 04:20:55.661, 2872 MHz, 13801 MHz, 0x0000000000000004, 292.13 W, 98 %, 31081 MiB
2026/10/01 04:20:56.172, 2887 MHz, 13801 MHz, 0x0000000000000004, 332.58 W, 98 %, 31081 MiB
2026/10/01 04:20:56.685, 2887 MHz, 13801 MHz, 0x0000000000000004, 331.03 W, 61 %, 31081 MiB
2026/10/01 04:20:57.198, 2880 MHz, 13801 MHz, 0x0000000000000000, 321.44 W, 33 %, 31081 MiB
2026/10/01 04:20:57.709, 2887 MHz, 13801 MHz, 0x0000000000000000, 270.51 W, 17 %, 31081 MiB
2026/10/01 04:20:58.220, 2902 MHz, 13801 MHz, 0x0000000000000004, 230.05 W, 38 %, 31083 MiB
2026/10/01 04:20:58.732, 2880 MHz, 13801 MHz, 0x0000000000000004, 281.77 W, 98 %, 31081 MiB
2026/10/01 04:20:59.242, 2880 MHz, 13801 MHz, 0x0000000000000000, 314.77 W, 59 %, 31081 MiB
2026/10/01 04:20:59.756, 2880 MHz, 13801 MHz, 0x0000000000000000, 304.41 W, 39 %, 31081 MiB
2026/10/01 04:21:00.267, 2887 MHz, 13801 MHz, 0x0000000000000004, 280.47 W, 76 %, 31081 MiB
2026/10/01 04:21:00.778, 2872 MHz, 13801 MHz, 0x0000000000000004, 314.99 W, 65 %, 31081 MiB
2026/10/01 04:21:01.290, 2895 MHz, 13801 MHz, 0x0000000000000000, 318.25 W, 23 %, 31081 MiB
2026/10/01 04:21:01.799, 2872 MHz, 13801 MHz, 0x0000000000000000, 312.23 W, 71 %, 31081 MiB
2026/10/01 04:21:02.312, 2880 MHz, 13801 MHz, 0x0000000000000000, 322.92 W, 38 %, 31081 MiB
2026/10/01 04:21:02.824, 2902 MHz, 13801 MHz, 0x0000000000000000, 289.27 W, 30 %, 31081 MiB
2026/10/01 04:21:03.336, 2880 MHz, 13801 MHz, 0x0000000000000000, 287.29 W, 67 %, 31081 MiB
2026/10/01 04:21:03.845, 2887 MHz, 13801 MHz, 0x0000000000000000, 330.24 W, 62 %, 31081 MiB
2026/10/01 04:21:04.357, 2880 MHz, 13801 MHz, 0x0000000000000000, 328.14 W, 30 %, 31081 MiB
2026/10/01 04:21:04.870, 2902 MHz, 13801 MHz, 0x0000000000000004, 302.94 W, 47 %, 31081 MiB
2026/10/01 04:21:05.377, 2872 MHz, 13801 MHz, 0x0000000000000000, 311.11 W, 73 %, 31081 MiB
2026/10/01 04:21:05.888, 2902 MHz, 13801 MHz, 0x0000000000000004, 309.65 W, 77 %, 31081 MiB
2026/10/01 04:21:06.397, 2872 MHz, 13801 MHz, 0x0000000000000000, 302.99 W, 58 %, 31081 MiB
2026/10/01 04:21:06.907, 2895 MHz, 13801 MHz, 0x0000000000000000, 305.25 W, 51 %, 31081 MiB
2026/10/01 04:21:07.421, 2872 MHz, 13801 MHz, 0x0000000000000004, 311.57 W, 61 %, 31081 MiB
2026/10/01 04:21:07.929, 2902 MHz, 13801 MHz, 0x0000000000000000, 294.87 W, 29 %, 31081 MiB
2026/10/01 04:21:08.443, 2895 MHz, 13801 MHz, 0x0000000000000004, 273.85 W, 58 %, 31081 MiB
2026/10/01 04:21:08.956, 2857 MHz, 13801 MHz, 0x0000000000000004, 330.63 W, 98 %, 31081 MiB
2026/10/01 04:21:09.469, 2895 MHz, 13801 MHz, 0x0000000000000000, 315.04 W, 42 %, 31081 MiB
2026/10/01 04:21:09.982, 2872 MHz, 13801 MHz, 0x0000000000000004, 311.77 W, 84 %, 31081 MiB
2026/10/01 04:21:10.497, 2880 MHz, 13801 MHz, 0x0000000000000000, 309.43 W, 28 %, 31081 MiB
2026/10/01 04:21:11.005, 2895 MHz, 13801 MHz, 0x0000000000000000, 282.41 W, 23 %, 31081 MiB
2026/10/01 04:21:11.517, 2887 MHz, 13801 MHz, 0x0000000000000004, 300.52 W, 59 %, 31081 MiB
2026/10/01 04:21:12.029, 2887 MHz, 13801 MHz, 0x0000000000000004, 343.34 W, 70 %, 31081 MiB
2026/10/01 04:21:12.542, 2902 MHz, 13801 MHz, 0x0000000000000000, 306.61 W, 46 %, 31081 MiB
2026/10/01 04:21:13.052, 2895 MHz, 13801 MHz, 0x0000000000000000, 271.80 W, 40 %, 31081 MiB
2026/10/01 04:21:13.564, 2872 MHz, 13801 MHz, 0x0000000000000000, 303.63 W, 23 %, 31081 MiB
2026/10/01 04:21:14.075, 2902 MHz, 13801 MHz, 0x0000000000000000, 317.79 W, 60 %, 31081 MiB
2026/10/01 04:21:14.586, 2902 MHz, 13801 MHz, 0x0000000000000004, 294.09 W, 89 %, 31081 MiB
2026/10/01 04:21:15.097, 2895 MHz, 13801 MHz, 0x0000000000000000, 296.75 W, 37 %, 31081 MiB
2026/10/01 04:21:15.608, 2880 MHz, 13801 MHz, 0x0000000000000000, 309.77 W, 57 %, 31081 MiB
2026/10/01 04:21:16.119, 2865 MHz, 13801 MHz, 0x0000000000000000, 313.25 W, 39 %, 31081 MiB
2026/10/01 04:21:16.632, 2872 MHz, 13801 MHz, 0x0000000000000000, 305.08 W, 37 %, 31081 MiB
2026/10/01 04:21:17.143, 2857 MHz, 13801 MHz, 0x0000000000000000, 315.95 W, 38 %, 31081 MiB
2026/10/01 04:21:17.656, 2910 MHz, 13801 MHz, 0x0000000000000000, 304.92 W, 37 %, 31081 MiB
2026/10/01 04:21:18.170, 2887 MHz, 13801 MHz, 0x0000000000000000, 279.80 W, 21 %, 31081 MiB
2026/10/01 04:21:18.683, 2902 MHz, 13801 MHz, 0x0000000000000004, 297.38 W, 98 %, 31081 MiB
2026/10/01 04:21:19.195, 2880 MHz, 13801 MHz, 0x0000000000000000, 292.02 W, 42 %, 31083 MiB
2026/10/01 04:21:19.706, 2872 MHz, 13801 MHz, 0x0000000000000000, 304.24 W, 33 %, 31083 MiB
2026/10/01 04:21:20.215, 2857 MHz, 13801 MHz, 0x0000000000000000, 313.70 W, 61 %, 31081 MiB
2026/10/01 04:21:20.728, 2902 MHz, 13801 MHz, 0x0000000000000004, 301.21 W, 45 %, 31081 MiB
2026/10/01 04:21:21.241, 2902 MHz, 13801 MHz, 0x0000000000000004, 288.61 W, 66 %, 31081 MiB
2026/10/01 04:21:21.754, 2857 MHz, 13801 MHz, 0x0000000000000000, 319.61 W, 43 %, 31081 MiB
2026/10/01 04:21:22.266, 2902 MHz, 13801 MHz, 0x0000000000000004, 319.21 W, 96 %, 31081 MiB
2026/10/01 04:21:22.774, 2865 MHz, 13801 MHz, 0x0000000000000000, 310.74 W, 37 %, 31081 MiB
2026/10/01 04:21:23.286, 2895 MHz, 13801 MHz, 0x0000000000000004, 319.11 W, 60 %, 31081 MiB
2026/10/01 04:21:23.798, 2902 MHz, 13801 MHz, 0x0000000000000000, 281.59 W, 37 %, 31081 MiB
2026/10/01 04:21:24.310, 2880 MHz, 13801 MHz, 0x0000000000000004, 302.35 W, 94 %, 31081 MiB
2026/10/01 04:21:24.823, 2880 MHz, 13801 MHz, 0x0000000000000004, 339.78 W, 82 %, 31081 MiB
2026/10/01 04:21:25.333, 2887 MHz, 13801 MHz, 0x0000000000000000, 293.41 W, 16 %, 31081 MiB
2026/10/01 04:21:25.846, 2872 MHz, 13801 MHz, 0x0000000000000000, 268.23 W, 35 %, 31081 MiB
2026/10/01 04:21:26.355, 2887 MHz, 13801 MHz, 0x0000000000000004, 302.74 W, 77 %, 31081 MiB
2026/10/01 04:21:26.866, 2887 MHz, 13801 MHz, 0x0000000000000000, 305.87 W, 61 %, 31081 MiB
2026/10/01 04:21:27.378, 2887 MHz, 13801 MHz, 0x0000000000000000, 294.01 W, 65 %, 31081 MiB
2026/10/01 04:21:27.889, 2880 MHz, 13801 MHz, 0x0000000000000000, 295.45 W, 38 %, 31081 MiB
2026/10/01 04:21:28.401, 2887 MHz, 13801 MHz, 0x0000000000000004, 297.56 W, 77 %, 31081 MiB
2026/10/01 04:21:28.911, 2872 MHz, 13801 MHz, 0x0000000000000000, 300.47 W, 54 %, 31081 MiB
2026/10/01 04:21:29.417, 2872 MHz, 13801 MHz, 0x0000000000000000, 294.48 W, 50 %, 31081 MiB
2026/10/01 04:21:29.925, 2872 MHz, 13801 MHz, 0x0000000000000000, 312.87 W, 72 %, 31081 MiB
2026/10/01 04:21:30.433, 2895 MHz, 13801 MHz, 0x0000000000000000, 316.23 W, 28 %, 31081 MiB
2026/10/01 04:21:30.939, 2887 MHz, 13801 MHz, 0x0000000000000004, 289.70 W, 76 %, 31081 MiB
2026/10/01 04:21:31.445, 2895 MHz, 13801 MHz, 0x0000000000000000, 282.73 W, 32 %, 31081 MiB
2026/10/01 04:21:31.954, 2887 MHz, 13801 MHz, 0x0000000000000000, 308.20 W, 67 %, 31081 MiB
2026/10/01 04:21:32.462, 2880 MHz, 13801 MHz, 0x0000000000000000, 285.52 W, 29 %, 31081 MiB
2026/10/01 04:21:32.968, 2887 MHz, 13801 MHz, 0x0000000000000000, 284.86 W, 35 %, 31081 MiB
2026/10/01 04:21:33.476, 2887 MHz, 13801 MHz, 0x0000000000000004, 297.29 W, 77 %, 31081 MiB
2026/10/01 04:21:33.984, 2880 MHz, 13801 MHz, 0x0000000000000000, 309.08 W, 44 %, 31081 MiB
2026/10/01 04:21:34.492, 2887 MHz, 13801 MHz, 0x0000000000000004, 311.04 W, 88 %, 31081 MiB
2026/10/01 04:21:35.000, 2872 MHz, 13801 MHz, 0x0000000000000000, 318.97 W, 46 %, 31081 MiB
2026/10/01 04:21:35.510, 2887 MHz, 13801 MHz, 0x0000000000000004, 318.20 W, 94 %, 31081 MiB
2026/10/01 04:21:36.020, 2872 MHz, 13801 MHz, 0x0000000000000000, 309.19 W, 55 %, 31081 MiB
2026/10/01 04:21:36.529, 2880 MHz, 13801 MHz, 0x0000000000000000, 322.21 W, 62 %, 31081 MiB
2026/10/01 04:21:37.041, 2910 MHz, 13801 MHz, 0x0000000000000000, 272.50 W, 23 %, 31081 MiB
2026/10/01 04:21:37.549, 2865 MHz, 13801 MHz, 0x0000000000000000, 287.20 W, 40 %, 31081 MiB
2026/10/01 04:21:38.060, 2887 MHz, 13801 MHz, 0x0000000000000004, 340.11 W, 93 %, 31081 MiB
2026/10/01 04:21:38.572, 2902 MHz, 13801 MHz, 0x0000000000000000, 303.43 W, 35 %, 31081 MiB
2026/10/01 04:21:39.083, 2887 MHz, 13801 MHz, 0x0000000000000004, 253.78 W, 70 %, 31081 MiB
2026/10/01 04:21:39.597, 2872 MHz, 13801 MHz, 0x0000000000000000, 302.77 W, 41 %, 31081 MiB
2026/10/01 04:21:40.109, 2895 MHz, 13801 MHz, 0x0000000000000000, 304.72 W, 43 %, 31081 MiB
2026/10/01 04:21:40.621, 2887 MHz, 13801 MHz, 0x0000000000000004, 276.87 W, 43 %, 31083 MiB
2026/10/01 04:21:41.131, 2880 MHz, 13801 MHz, 0x0000000000000004, 303.29 W, 90 %, 31081 MiB
2026/10/01 04:21:41.641, 2895 MHz, 13801 MHz, 0x0000000000000004, 306.32 W, 60 %, 31081 MiB
2026/10/01 04:21:42.153, 2872 MHz, 13801 MHz, 0x0000000000000004, 324.79 W, 98 %, 31081 MiB
2026/10/01 04:21:42.664, 2880 MHz, 13801 MHz, 0x0000000000000004, 312.38 W, 90 %, 31081 MiB
2026/10/01 04:21:43.173, 2910 MHz, 13801 MHz, 0x0000000000000004, 315.32 W, 70 %, 31081 MiB
2026/10/01 04:21:43.683, 2887 MHz, 13801 MHz, 0x0000000000000000, 280.26 W, 37 %, 31081 MiB
2026/10/01 04:21:44.193, 2880 MHz, 13801 MHz, 0x0000000000000000, 300.08 W, 55 %, 31081 MiB
2026/10/01 04:21:44.706, 2865 MHz, 13801 MHz, 0x0000000000000000, 312.95 W, 71 %, 31081 MiB
2026/10/01 04:21:45.217, 2895 MHz, 13801 MHz, 0x0000000000000000, 290.46 W, 39 %, 31081 MiB
2026/10/01 04:21:45.728, 2887 MHz, 13801 MHz, 0x0000000000000000, 294.94 W, 38 %, 31081 MiB
2026/10/01 04:21:46.235, 2872 MHz, 13801 MHz, 0x0000000000000004, 305.63 W, 84 %, 31081 MiB
2026/10/01 04:21:46.749, 2917 MHz, 13801 MHz, 0x0000000000000000, 251.34 W, 0 %, 31081 MiB
2026/10/01 04:21:47.265, 2925 MHz, 13801 MHz, 0x0000000000000000, 165.21 W, 0 %, 31081 MiB
2026/10/01 04:21:47.777, 2925 MHz, 13801 MHz, 0x0000000000000000, 97.94 W, 0 %, 31081 MiB
2026/10/01 04:21:48.291, 2452 MHz, 7001 MHz, 0x0000000000000000, 92.03 W, 0 %, 31081 MiB
2026/10/01 04:21:48.792, 652 MHz, 7001 MHz, 0x0000000000000000, 61.93 W, 0 %, 31081 MiB
2026/10/01 04:21:49.305, 577 MHz, 7001 MHz, 0x0000000000000000, 43.08 W, 0 %, 31081 MiB
2026/10/01 04:21:49.807, 577 MHz, 7001 MHz, 0x0000000000000000, 43.08 W, 0 %, 31081 MiB
2026/10/01 04:21:50.322, 360 MHz, 7001 MHz, 0x0000000000000000, 36.37 W, 0 %, 31081 MiB
2026/10/01 04:21:50.838, 360 MHz, 7001 MHz, 0x0000000000000000, 36.37 W, 0 %, 31081 MiB
2026/10/01 04:21:51.351, 225 MHz, 7001 MHz, 0x0000000000000000, 36.32 W, 0 %, 31081 MiB
2026/10/01 04:21:51.852, 225 MHz, 7001 MHz, 0x0000000000000000, 36.32 W, 0 %, 31081 MiB
2026/10/01 04:21:52.354, 180 MHz, 7001 MHz, 0x0000000000000000, 36.13 W, 0 %, 31081 MiB
2026/10/01 04:21:52.856, 180 MHz, 7001 MHz, 0x0000000000000000, 36.13 W, 0 %, 31081 MiB
2026/10/01 04:21:53.371, 180 MHz, 7001 MHz, 0x0000000000000000, 36.15 W, 0 %, 31081 MiB
2026/10/01 04:21:53.882, 180 MHz, 7001 MHz, 0x0000000000000000, 36.15 W, 0 %, 31081 MiB
2026/10/01 04:21:54.398, 180 MHz, 7001 MHz, 0x0000000000000000, 36.15 W, 0 %, 31081 MiB
2026/10/01 04:21:54.898, 180 MHz, 7001 MHz, 0x0000000000000000, 36.15 W, 0 %, 31081 MiB
2026/10/01 04:21:55.400, 180 MHz, 810 MHz, 0x0000000000000000, 15.11 W, 0 %, 31081 MiB
2026/10/01 04:21:55.913, 180 MHz, 810 MHz, 0x0000000000000000, 15.11 W, 0 %, 31081 MiB
2026/10/01 04:21:56.428, 180 MHz, 405 MHz, 0x0000000000000000, 13.79 W, 0 %, 31081 MiB
2026/10/01 04:21:56.943, 180 MHz, 405 MHz, 0x0000000000000000, 13.79 W, 0 %, 31081 MiB
2026/10/01 04:21:57.458, 180 MHz, 405 MHz, 0x0000000000000000, 12.02 W, 0 %, 31081 MiB
2026/10/01 04:21:57.973, 180 MHz, 405 MHz, 0x0000000000000000, 12.02 W, 0 %, 31081 MiB
2026/10/01 04:21:58.486, 180 MHz, 405 MHz, 0x0000000000000000, 11.75 W, 0 %, 31081 MiB
2026/10/01 04:21:59.001, 217 MHz, 405 MHz, 0x0000000000000000, 12.61 W, 0 %, 31081 MiB
2026/10/01 04:21:59.502, 180 MHz, 405 MHz, 0x0000000000000000, 14.82 W, 0 %, 31081 MiB
2026/10/01 04:22:00.017, 180 MHz, 405 MHz, 0x0000000000000000, 14.88 W, 0 %, 31081 MiB
2026/10/01 04:22:00.528, 180 MHz, 405 MHz, 0x0000000000000000, 14.88 W, 0 %, 31081 MiB
2026/10/01 04:22:01.043, 180 MHz, 405 MHz, 0x0000000000000000, 12.28 W, 0 %, 31081 MiB
2026/10/01 04:22:01.558, 180 MHz, 405 MHz, 0x0000000000000000, 12.28 W, 0 %, 31086 MiB
2026/10/01 04:22:02.072, 180 MHz, 405 MHz, 0x0000000000000000, 13.20 W, 0 %, 31081 MiB
2026/10/01 04:22:02.574, 180 MHz, 405 MHz, 0x0000000000000000, 13.77 W, 0 %, 31081 MiB
2026/10/01 04:22:03.075, 180 MHz, 405 MHz, 0x0000000000000000, 15.15 W, 0 %, 31081 MiB
2026/10/01 04:22:03.587, 1755 MHz, 7001 MHz, 0x0000000000000000, 46.12 W, 97 %, 31081 MiB
2026/10/01 04:22:04.089, 2910 MHz, 13801 MHz, 0x0000000000000000, 192.98 W, 94 %, 31081 MiB
2026/10/01 04:22:04.592, 2910 MHz, 13801 MHz, 0x0000000000000000, 344.49 W, 95 %, 31081 MiB
2026/10/01 04:22:05.093, 2910 MHz, 13801 MHz, 0x0000000000000000, 362.72 W, 93 %, 31081 MiB
2026/10/01 04:22:05.605, 2910 MHz, 13801 MHz, 0x0000000000000000, 363.52 W, 95 %, 31081 MiB
2026/10/01 04:22:06.107, 2910 MHz, 13801 MHz, 0x0000000000000000, 369.01 W, 95 %, 31081 MiB
2026/10/01 04:22:06.619, 2910 MHz, 13801 MHz, 0x0000000000000000, 365.69 W, 95 %, 31081 MiB
2026/10/01 04:22:07.131, 2910 MHz, 13801 MHz, 0x0000000000000000, 365.72 W, 94 %, 31081 MiB
2026/10/01 04:22:07.646, 2910 MHz, 13801 MHz, 0x0000000000000000, 366.02 W, 95 %, 31081 MiB
2026/10/01 04:22:08.147, 2910 MHz, 13801 MHz, 0x0000000000000000, 366.40 W, 94 %, 31081 MiB
2026/10/01 04:22:08.659, 2910 MHz, 13801 MHz, 0x0000000000000000, 372.46 W, 95 %, 31081 MiB
2026/10/01 04:22:09.174, 2910 MHz, 13801 MHz, 0x0000000000000000, 357.43 W, 95 %, 31081 MiB
2026/10/01 04:22:09.688, 2910 MHz, 13801 MHz, 0x0000000000000000, 367.71 W, 75 %, 31081 MiB
2026/10/01 04:22:10.189, 2910 MHz, 13801 MHz, 0x0000000000000000, 367.45 W, 95 %, 31081 MiB
2026/10/01 04:22:10.703, 2910 MHz, 13801 MHz, 0x0000000000000000, 368.10 W, 95 %, 31081 MiB
2026/10/01 04:22:11.205, 2910 MHz, 13801 MHz, 0x0000000000000000, 363.02 W, 95 %, 31081 MiB
2026/10/01 04:22:11.705, 2910 MHz, 13801 MHz, 0x0000000000000000, 363.73 W, 95 %, 31081 MiB
2026/10/01 04:22:12.208, 2910 MHz, 13801 MHz, 0x0000000000000000, 372.84 W, 96 %, 31081 MiB
2026/10/01 04:22:12.721, 2910 MHz, 13801 MHz, 0x0000000000000000, 366.97 W, 95 %, 31081 MiB
2026/10/01 04:22:13.234, 2910 MHz, 13801 MHz, 0x0000000000000000, 367.16 W, 95 %, 31081 MiB
2026/10/01 04:22:13.746, 2917 MHz, 13801 MHz, 0x0000000000000000, 314.70 W, 0 %, 31081 MiB
2026/10/01 04:22:14.260, 2925 MHz, 13801 MHz, 0x0000000000000000, 175.71 W, 0 %, 12839 MiB
2026/10/01 04:22:14.772, 2925 MHz, 14001 MHz, 0x0000000000000000, 95.87 W, 0 %, 379 MiB
2026/10/01 04:22:15.284, 2925 MHz, 14001 MHz, 0x0000000000000000, 95.21 W, 0 %, 379 MiB
2026/10/01 04:22:15.785, 1957 MHz, 14001 MHz, 0x0000000000000000, 85.52 W, 0 %, 379 MiB
2026/10/01 04:22:16.299, 1957 MHz, 14001 MHz, 0x0000000000000000, 85.52 W, 0 %, 379 MiB
2026/10/01 04:22:16.814, 397 MHz, 7001 MHz, 0x0000000000000000, 37.50 W, 0 %, 379 MiB
2026/10/01 04:22:17.329, 397 MHz, 7001 MHz, 0x0000000000000000, 37.50 W, 0 %, 379 MiB
2026/10/01 04:22:17.831, 247 MHz, 7001 MHz, 0x0000000000000000, 36.49 W, 0 %, 379 MiB
2026/10/01 04:22:18.332, 247 MHz, 7001 MHz, 0x0000000000000000, 36.49 W, 0 %, 379 MiB
2026/10/01 04:22:18.833, 180 MHz, 7001 MHz, 0x0000000000000000, 35.55 W, 0 %, 379 MiB
2026/10/01 04:22:19.335, 180 MHz, 7001 MHz, 0x0000000000000000, 35.55 W, 0 %, 379 MiB
2026/10/01 04:22:19.836, 180 MHz, 810 MHz, 0x0000000000000000, 19.55 W, 0 %, 379 MiB
2026/10/01 04:22:20.338, 180 MHz, 810 MHz, 0x0000000000000000, 19.55 W, 0 %, 379 MiB
2026/10/01 04:22:20.852, 180 MHz, 810 MHz, 0x0000000000000000, 16.33 W, 0 %, 379 MiB
2026/10/01 04:22:21.367, 180 MHz, 810 MHz, 0x0000000000000000, 16.33 W, 0 %, 379 MiB
2026/10/01 04:22:21.868, 180 MHz, 405 MHz, 0x0000000000000000, 12.10 W, 0 %, 379 MiB
2026/10/01 04:22:22.383, 180 MHz, 405 MHz, 0x0000000000000000, 11.97 W, 0 %, 382 MiB
2026/10/01 04:22:22.898, 180 MHz, 405 MHz, 0x0000000000000000, 13.03 W, 0 %, 382 MiB
