2026/10/01 04:49:20.869, 180 MHz, 405 MHz, 0x0000000000000000, 12.81 W, 0 %, 190 MiB
2026/10/01 04:49:21.371, 195 MHz, 405 MHz, 0x0000000000000000, 12.36 W, 0 %, 190 MiB
2026/10/01 04:49:21.887, 180 MHz, 405 MHz, 0x0000000000000000, 13.51 W, 0 %, 190 MiB
2026/10/01 04:49:22.388, 180 MHz, 405 MHz, 0x0000000000000000, 13.67 W, 0 %, 190 MiB
2026/10/01 04:49:22.902, 180 MHz, 405 MHz, 0x0000000000000000, 13.67 W, 0 %, 190 MiB
2026/10/01 04:49:23.417, 180 MHz, 405 MHz, 0x0000000000000000, 12.13 W, 0 %, 190 MiB
2026/10/01 04:49:23.932, 180 MHz, 405 MHz, 0x0000000000000000, 12.13 W, 0 %, 190 MiB
2026/10/01 04:49:24.443, 180 MHz, 405 MHz, 0x0000000000000000, 12.03 W, 1 %, 190 MiB
2026/10/01 04:49:24.954, 180 MHz, 405 MHz, 0x0000000000000000, 12.79 W, 0 %, 195 MiB
2026/10/01 04:49:25.467, 180 MHz, 405 MHz, 0x0000000000000000, 14.75 W, 0 %, 195 MiB
2026/10/01 04:49:25.979, 180 MHz, 405 MHz, 0x0000000000000000, 14.63 W, 0 %, 190 MiB
2026/10/01 04:49:26.492, 180 MHz, 405 MHz, 0x0000000000000000, 14.63 W, 0 %, 190 MiB
2026/10/01 04:49:27.006, 180 MHz, 405 MHz, 0x0000000000000000, 14.47 W, 0 %, 190 MiB
2026/10/01 04:49:27.518, 180 MHz, 405 MHz, 0x0000000000000000, 14.45 W, 0 %, 190 MiB
2026/10/01 04:49:28.031, 180 MHz, 405 MHz, 0x0000000000000000, 14.45 W, 0 %, 190 MiB
2026/10/01 04:49:28.544, 180 MHz, 405 MHz, 0x0000000000000000, 11.26 W, 0 %, 190 MiB
2026/10/01 04:49:29.045, 180 MHz, 405 MHz, 0x0000000000000000, 11.38 W, 0 %, 190 MiB
2026/10/01 04:49:29.548, 180 MHz, 405 MHz, 0x0000000000000000, 11.38 W, 0 %, 190 MiB
2026/10/01 04:49:30.061, 180 MHz, 405 MHz, 0x0000000000000000, 11.53 W, 0 %, 190 MiB
2026/10/01 04:49:30.574, 180 MHz, 405 MHz, 0x0000000000000000, 11.53 W, 0 %, 190 MiB
2026/10/01 04:49:31.089, 180 MHz, 405 MHz, 0x0000000000000000, 11.30 W, 0 %, 190 MiB
2026/10/01 04:49:31.599, 180 MHz, 405 MHz, 0x0000000000000000, 11.30 W, 0 %, 190 MiB
2026/10/01 04:49:32.111, 180 MHz, 405 MHz, 0x0000000000000000, 11.25 W, 0 %, 190 MiB
2026/10/01 04:49:32.624, 180 MHz, 405 MHz, 0x0000000000000000, 11.25 W, 0 %, 190 MiB
2026/10/01 04:49:33.137, 180 MHz, 405 MHz, 0x0000000000000000, 11.29 W, 0 %, 190 MiB
2026/10/01 04:49:33.637, 210 MHz, 405 MHz, 0x0000000000000000, 12.00 W, 0 %, 190 MiB
2026/10/01 04:49:34.139, 180 MHz, 405 MHz, 0x0000000000000000, 13.22 W, 0 %, 190 MiB
2026/10/01 04:49:34.640, 180 MHz, 405 MHz, 0x0000000000000000, 13.86 W, 0 %, 190 MiB
2026/10/01 04:49:35.151, 180 MHz, 405 MHz, 0x0000000000000000, 13.86 W, 0 %, 190 MiB
2026/10/01 04:49:35.663, 180 MHz, 405 MHz, 0x0000000000000000, 11.41 W, 0 %, 190 MiB
2026/10/01 04:49:36.174, 180 MHz, 405 MHz, 0x0000000000000000, 11.41 W, 0 %, 190 MiB
2026/10/01 04:49:36.690, 180 MHz, 405 MHz, 0x0000000000000000, 11.01 W, 0 %, 190 MiB
2026/10/01 04:49:37.202, 180 MHz, 405 MHz, 0x0000000000000000, 11.01 W, 0 %, 190 MiB
2026/10/01 04:49:37.703, 180 MHz, 405 MHz, 0x0000000000000000, 11.04 W, 0 %, 190 MiB
2026/10/01 04:49:38.203, 180 MHz, 405 MHz, 0x0000000000000000, 11.04 W, 0 %, 190 MiB
2026/10/01 04:49:38.718, 180 MHz, 405 MHz, 0x0000000000000000, 11.15 W, 0 %, 190 MiB
2026/10/01 04:49:39.221, 180 MHz, 405 MHz, 0x0000000000000000, 11.15 W, 0 %, 190 MiB
2026/10/01 04:49:39.723, 172 MHz, 405 MHz, 0x0000000000000000, 11.00 W, 0 %, 190 MiB
2026/10/01 04:49:40.236, 180 MHz, 405 MHz, 0x0000000000000000, 11.48 W, 0 %, 190 MiB
2026/10/01 04:49:40.750, 180 MHz, 405 MHz, 0x0000000000000000, 12.44 W, 0 %, 190 MiB
2026/10/01 04:49:41.265, 180 MHz, 405 MHz, 0x0000000000000000, 12.53 W, 0 %, 190 MiB
2026/10/01 04:49:41.780, 180 MHz, 405 MHz, 0x0000000000000000, 12.53 W, 0 %, 190 MiB
2026/10/01 04:49:42.281, 180 MHz, 405 MHz, 0x0000000000000000, 11.25 W, 0 %, 190 MiB
2026/10/01 04:49:42.796, 180 MHz, 405 MHz, 0x0000000000000000, 11.25 W, 0 %, 190 MiB
2026/10/01 04:49:43.307, 180 MHz, 405 MHz, 0x0000000000000000, 11.02 W, 0 %, 190 MiB
2026/10/01 04:49:43.819, 180 MHz, 405 MHz, 0x0000000000000000, 11.02 W, 0 %, 190 MiB
2026/10/01 04:49:44.331, 180 MHz, 405 MHz, 0x0000000000000000, 11.53 W, 0 %, 190 MiB
2026/10/01 04:49:44.844, 180 MHz, 405 MHz, 0x0000000000000000, 11.95 W, 0 %, 190 MiB
2026/10/01 04:49:45.356, 180 MHz, 405 MHz, 0x0000000000000000, 12.03 W, 0 %, 190 MiB
2026/10/01 04:49:45.868, 180 MHz, 405 MHz, 0x0000000000000000, 12.03 W, 0 %, 190 MiB
2026/10/01 04:49:46.377, 180 MHz, 405 MHz, 0x0000000000000000, 11.24 W, 1 %, 195 MiB
2026/10/01 04:49:46.889, 180 MHz, 405 MHz, 0x0000000000000000, 11.65 W, 0 %, 192 MiB
2026/10/01 04:49:47.402, 180 MHz, 405 MHz, 0x0000000000000000, 12.80 W, 0 %, 190 MiB
2026/10/01 04:49:47.915, 180 MHz, 405 MHz, 0x0000000000000000, 12.90 W, 0 %, 190 MiB
2026/10/01 04:49:48.426, 180 MHz, 405 MHz, 0x0000000000000000, 12.90 W, 0 %, 190 MiB
2026/10/01 04:49:48.940, 180 MHz, 405 MHz, 0x0000000000000000, 12.90 W, 0 %, 190 MiB
2026/10/01 04:49:49.451, 180 MHz, 405 MHz, 0x0000000000000000, 10.92 W, 0 %, 190 MiB
2026/10/01 04:49:49.963, 180 MHz, 405 MHz, 0x0000000000000000, 11.32 W, 0 %, 190 MiB
2026/10/01 04:49:50.465, 180 MHz, 405 MHz, 0x0000000000000000, 12.22 W, 0 %, 190 MiB
2026/10/01 04:49:50.978, 180 MHz, 405 MHz, 0x0000000000000000, 12.22 W, 0 %, 190 MiB
2026/10/01 04:49:51.479, 180 MHz, 405 MHz, 0x0000000000000000, 11.16 W, 0 %, 190 MiB
2026/10/01 04:49:51.983, 180 MHz, 405 MHz, 0x0000000000000000, 11.00 W, 0 %, 190 MiB
2026/10/01 04:49:52.486, 180 MHz, 405 MHz, 0x0000000000000000, 11.84 W, 0 %, 190 MiB
2026/10/01 04:49:52.989, 180 MHz, 405 MHz, 0x0000000000000000, 12.08 W, 0 %, 190 MiB
2026/10/01 04:49:53.492, 180 MHz, 405 MHz, 0x0000000000000000, 12.55 W, 0 %, 190 MiB
2026/10/01 04:49:53.996, 180 MHz, 405 MHz, 0x0000000000000000, 12.44 W, 0 %, 190 MiB
2026/10/01 04:49:54.512, 180 MHz, 405 MHz, 0x0000000000000000, 12.48 W, 0 %, 190 MiB
2026/10/01 04:49:55.024, 180 MHz, 405 MHz, 0x0000000000000000, 11.77 W, 0 %, 190 MiB
2026/10/01 04:49:55.538, 180 MHz, 405 MHz, 0x0000000000000000, 11.94 W, 0 %, 190 MiB
2026/10/01 04:49:56.051, 180 MHz, 405 MHz, 0x0000000000000000, 12.02 W, 0 %, 190 MiB
2026/10/01 04:49:56.564, 180 MHz, 405 MHz, 0x0000000000000000, 10.89 W, 0 %, 190 MiB
2026/10/01 04:49:57.079, 180 MHz, 405 MHz, 0x0000000000000000, 10.89 W, 0 %, 190 MiB
2026/10/01 04:49:57.594, 180 MHz, 405 MHz, 0x0000000000000000, 10.85 W, 0 %, 190 MiB
2026/10/01 04:49:58.109, 180 MHz, 405 MHz, 0x0000000000000000, 10.85 W, 0 %, 190 MiB
2026/10/01 04:49:58.624, 180 MHz, 405 MHz, 0x0000000000000000, 10.81 W, 0 %, 190 MiB
2026/10/01 04:49:59.127, 180 MHz, 405 MHz, 0x0000000000000000, 11.23 W, 0 %, 190 MiB
2026/10/01 04:49:59.629, 180 MHz, 405 MHz, 0x0000000000000000, 12.03 W, 0 %, 190 MiB
2026/10/01 04:50:00.144, 180 MHz, 405 MHz, 0x0000000000000000, 12.03 W, 0 %, 190 MiB
2026/10/01 04:50:00.644, 180 MHz, 405 MHz, 0x0000000000000000, 10.91 W, 0 %, 190 MiB
2026/10/01 04:50:01.156, 180 MHz, 405 MHz, 0x0000000000000000, 10.91 W, 0 %, 190 MiB
2026/10/01 04:50:01.667, 180 MHz, 405 MHz, 0x0000000000000000, 10.85 W, 0 %, 190 MiB
2026/10/01 04:50:02.181, 180 MHz, 405 MHz, 0x0000000000000000, 10.85 W, 0 %, 190 MiB
2026/10/01 04:50:02.696, 180 MHz, 405 MHz, 0x0000000000000000, 10.81 W, 0 %, 190 MiB
2026/10/01 04:50:03.210, 180 MHz, 405 MHz, 0x0000000000000000, 10.81 W, 0 %, 190 MiB
2026/10/01 04:50:03.712, 180 MHz, 405 MHz, 0x0000000000000000, 10.86 W, 0 %, 190 MiB
2026/10/01 04:50:04.214, 180 MHz, 405 MHz, 0x0000000000000000, 10.86 W, 0 %, 190 MiB
2026/10/01 04:50:04.714, 180 MHz, 405 MHz, 0x0000000000000000, 10.82 W, 0 %, 190 MiB
2026/10/01 04:50:05.224, 180 MHz, 405 MHz, 0x0000000000000000, 10.82 W, 0 %, 190 MiB
2026/10/01 04:50:05.725, 180 MHz, 405 MHz, 0x0000000000000000, 11.03 W, 0 %, 190 MiB
2026/10/01 04:50:06.238, 180 MHz, 405 MHz, 0x0000000000000000, 11.73 W, 0 %, 190 MiB
2026/10/01 04:50:06.753, 180 MHz, 405 MHz, 0x0000000000000000, 11.87 W, 0 %, 190 MiB
2026/10/01 04:50:07.266, 180 MHz, 405 MHz, 0x0000000000000000, 11.69 W, 0 %, 195 MiB
2026/10/01 04:50:07.781, 180 MHz, 405 MHz, 0x0000000000000000, 11.73 W, 0 %, 195 MiB
2026/10/01 04:50:08.295, 180 MHz, 405 MHz, 0x0000000000000000, 12.47 W, 0 %, 190 MiB
2026/10/01 04:50:08.796, 180 MHz, 405 MHz, 0x0000000000000000, 12.43 W, 0 %, 190 MiB
2026/10/01 04:50:09.296, 180 MHz, 13801 MHz, 0x0000000000000000, 16.90 W, 5 %, 14443 MiB
2026/10/01 04:50:09.797, 2572 MHz, 13801 MHz, 0x0000000000000000, 48.16 W, 0 %, 17771 MiB
2026/10/01 04:50:10.312, 2422 MHz, 13801 MHz, 0x0000000000000000, 67.21 W, 1 %, 17771 MiB
2026/10/01 04:50:10.826, 2415 MHz, 13801 MHz, 0x0000000000000000, 60.55 W, 1 %, 17771 MiB
2026/10/01 04:50:11.340, 2400 MHz, 13801 MHz, 0x0000000000000000, 59.84 W, 1 %, 17771 MiB
2026/10/01 04:50:11.842, 2400 MHz, 13801 MHz, 0x0000000000000000, 59.60 W, 1 %, 17771 MiB
2026/10/01 04:50:12.356, 2400 MHz, 13801 MHz, 0x0000000000000000, 59.65 W, 1 %, 17771 MiB
2026/10/01 04:50:12.871, 2400 MHz, 13801 MHz, 0x0000000000000000, 59.60 W, 1 %, 17771 MiB
2026/10/01 04:50:13.384, 2400 MHz, 13801 MHz, 0x0000000000000000, 59.59 W, 0 %, 17771 MiB
2026/10/01 04:50:13.885, 2400 MHz, 13801 MHz, 0x0000000000000000, 59.40 W, 0 %, 17771 MiB
2026/10/01 04:50:14.399, 2400 MHz, 13801 MHz, 0x0000000000000000, 59.21 W, 0 %, 17771 MiB
2026/10/01 04:50:14.914, 2400 MHz, 13801 MHz, 0x0000000000000000, 59.19 W, 1 %, 17771 MiB
2026/10/01 04:50:15.426, 2400 MHz, 13801 MHz, 0x0000000000000000, 58.95 W, 0 %, 17771 MiB
2026/10/01 04:50:15.941, 2400 MHz, 7001 MHz, 0x0000000000000000, 58.76 W, 0 %, 17771 MiB
2026/10/01 04:50:16.456, 540 MHz, 810 MHz, 0x0000000000000000, 41.88 W, 1 %, 17771 MiB
2026/10/01 04:50:16.956, 420 MHz, 810 MHz, 0x0000000000000000, 23.30 W, 4 %, 17771 MiB
2026/10/01 04:50:17.457, 352 MHz, 810 MHz, 0x0000000000000000, 20.73 W, 5 %, 17771 MiB
2026/10/01 04:50:17.970, 255 MHz, 405 MHz, 0x0000000000000000, 17.87 W, 7 %, 17771 MiB
2026/10/01 04:50:18.484, 210 MHz, 405 MHz, 0x0000000000000000, 13.98 W, 7 %, 17771 MiB
2026/10/01 04:50:19.000, 180 MHz, 405 MHz, 0x0000000000000000, 13.25 W, 1 %, 17771 MiB
2026/10/01 04:50:19.515, 180 MHz, 405 MHz, 0x0000000000000000, 13.03 W, 8 %, 17771 MiB
2026/10/01 04:50:20.026, 180 MHz, 405 MHz, 0x0000000000000000, 13.10 W, 5 %, 17771 MiB
2026/10/01 04:50:20.541, 180 MHz, 405 MHz, 0x0000000000000000, 13.19 W, 11 %, 17771 MiB
2026/10/01 04:50:21.044, 180 MHz, 405 MHz, 0x0000000000000000, 13.15 W, 3 %, 17771 MiB
2026/10/01 04:50:21.556, 180 MHz, 405 MHz, 0x0000000000000000, 13.00 W, 7 %, 17771 MiB
2026/10/01 04:50:22.058, 180 MHz, 405 MHz, 0x0000000000000000, 12.87 W, 5 %, 17771 MiB
2026/10/01 04:50:22.561, 180 MHz, 405 MHz, 0x0000000000000000, 12.93 W, 7 %, 17771 MiB
2026/10/01 04:50:23.076, 180 MHz, 405 MHz, 0x0000000000000000, 12.96 W, 7 %, 17771 MiB
2026/10/01 04:50:23.576, 180 MHz, 405 MHz, 0x0000000000000000, 13.02 W, 6 %, 17771 MiB
2026/10/01 04:50:24.079, 180 MHz, 405 MHz, 0x0000000000000000, 13.03 W, 4 %, 17771 MiB
2026/10/01 04:50:24.583, 180 MHz, 405 MHz, 0x0000000000000000, 12.98 W, 2 %, 17771 MiB
2026/10/01 04:50:25.096, 180 MHz, 405 MHz, 0x0000000000000000, 13.07 W, 4 %, 17771 MiB
2026/10/01 04:50:25.611, 210 MHz, 405 MHz, 0x0000000000000000, 13.00 W, 2 %, 17771 MiB
2026/10/01 04:50:26.125, 180 MHz, 405 MHz, 0x0000000000000000, 12.80 W, 1 %, 17771 MiB
2026/10/01 04:50:26.637, 180 MHz, 405 MHz, 0x0000000000000000, 12.60 W, 2 %, 17771 MiB
2026/10/01 04:50:27.151, 180 MHz, 405 MHz, 0x0000000000000000, 12.51 W, 2 %, 17771 MiB
2026/10/01 04:50:27.654, 180 MHz, 405 MHz, 0x0000000000000000, 12.68 W, 6 %, 17771 MiB
2026/10/01 04:50:28.156, 180 MHz, 405 MHz, 0x0000000000000000, 13.01 W, 6 %, 17776 MiB
2026/10/01 04:50:28.666, 180 MHz, 405 MHz, 0x0000000000000000, 12.87 W, 4 %, 17776 MiB
2026/10/01 04:50:29.168, 187 MHz, 405 MHz, 0x0000000000000000, 12.51 W, 2 %, 17771 MiB
2026/10/01 04:50:29.669, 172 MHz, 405 MHz, 0x0000000000000000, 12.38 W, 2 %, 17771 MiB
2026/10/01 04:50:30.169, 180 MHz, 405 MHz, 0x0000000000000000, 12.36 W, 2 %, 17771 MiB
2026/10/01 04:50:30.680, 180 MHz, 405 MHz, 0x0000000000000000, 12.42 W, 2 %, 17771 MiB
2026/10/01 04:50:31.194, 180 MHz, 405 MHz, 0x0000000000000000, 12.71 W, 3 %, 17771 MiB
2026/10/01 04:50:31.697, 180 MHz, 405 MHz, 0x0000000000000000, 12.74 W, 7 %, 17771 MiB
2026/10/01 04:50:32.199, 180 MHz, 405 MHz, 0x0000000000000000, 12.76 W, 7 %, 17771 MiB
2026/10/01 04:50:32.703, 180 MHz, 405 MHz, 0x0000000000000000, 12.79 W, 7 %, 17771 MiB
2026/10/01 04:50:33.217, 180 MHz, 405 MHz, 0x0000000000000000, 12.85 W, 8 %, 17771 MiB
2026/10/01 04:50:33.719, 180 MHz, 405 MHz, 0x0000000000000000, 12.69 W, 7 %, 17771 MiB
2026/10/01 04:50:34.220, 180 MHz, 405 MHz, 0x0000000000000000, 12.76 W, 2 %, 17771 MiB
2026/10/01 04:50:34.722, 180 MHz, 405 MHz, 0x0000000000000000, 12.51 W, 2 %, 17771 MiB
2026/10/01 04:50:35.237, 180 MHz, 405 MHz, 0x0000000000000000, 12.14 W, 5 %, 17771 MiB
2026/10/01 04:50:35.752, 180 MHz, 405 MHz, 0x0000000000000000, 12.17 W, 2 %, 17771 MiB
2026/10/01 04:50:36.266, 180 MHz, 405 MHz, 0x0000000000000000, 12.30 W, 2 %, 17771 MiB
2026/10/01 04:50:36.779, 180 MHz, 405 MHz, 0x0000000000000000, 12.20 W, 3 %, 17771 MiB
2026/10/01 04:50:37.295, 180 MHz, 405 MHz, 0x0000000000000000, 12.25 W, 2 %, 17771 MiB
2026/10/01 04:50:37.809, 180 MHz, 405 MHz, 0x0000000000000000, 12.31 W, 2 %, 17771 MiB
2026/10/01 04:50:38.322, 180 MHz, 405 MHz, 0x0000000000000000, 12.22 W, 1 %, 17771 MiB
2026/10/01 04:50:38.823, 180 MHz, 405 MHz, 0x0000000000000000, 12.16 W, 6 %, 17771 MiB
2026/10/01 04:50:39.336, 180 MHz, 405 MHz, 0x0000000000000000, 12.03 W, 4 %, 17771 MiB
2026/10/01 04:50:39.850, 180 MHz, 405 MHz, 0x0000000000000000, 12.11 W, 2 %, 17771 MiB
2026/10/01 04:50:40.351, 180 MHz, 405 MHz, 0x0000000000000000, 12.03 W, 1 %, 17771 MiB
2026/10/01 04:50:40.852, 180 MHz, 405 MHz, 0x0000000000000000, 12.07 W, 7 %, 17771 MiB
2026/10/01 04:50:41.366, 217 MHz, 405 MHz, 0x0000000000000000, 12.33 W, 7 %, 17771 MiB
2026/10/01 04:50:41.880, 180 MHz, 405 MHz, 0x0000000000000000, 12.45 W, 7 %, 17771 MiB
2026/10/01 04:50:42.385, 195 MHz, 405 MHz, 0x0000000000000000, 12.27 W, 8 %, 17771 MiB
2026/10/01 04:50:42.889, 187 MHz, 405 MHz, 0x0000000000000000, 12.17 W, 7 %, 17771 MiB
2026/10/01 04:50:43.390, 180 MHz, 405 MHz, 0x0000000000000000, 12.11 W, 4 %, 17771 MiB
2026/10/01 04:50:43.892, 180 MHz, 405 MHz, 0x0000000000000000, 12.48 W, 7 %, 17771 MiB
2026/10/01 04:50:44.407, 180 MHz, 405 MHz, 0x0000000000000000, 12.59 W, 7 %, 17771 MiB
2026/10/01 04:50:44.912, 180 MHz, 405 MHz, 0x0000000000000000, 12.27 W, 2 %, 17771 MiB
2026/10/01 04:50:45.413, 195 MHz, 405 MHz, 0x0000000000000000, 12.56 W, 7 %, 17771 MiB
2026/10/01 04:50:45.914, 180 MHz, 405 MHz, 0x0000000000000000, 12.52 W, 6 %, 17771 MiB
2026/10/01 04:50:46.429, 180 MHz, 405 MHz, 0x0000000000000000, 12.51 W, 5 %, 17771 MiB
2026/10/01 04:50:46.943, 180 MHz, 405 MHz, 0x0000000000000000, 12.52 W, 5 %, 17771 MiB
2026/10/01 04:50:47.444, 202 MHz, 405 MHz, 0x0000000000000000, 12.66 W, 8 %, 17771 MiB
2026/10/01 04:50:47.959, 180 MHz, 405 MHz, 0x0000000000000000, 12.42 W, 6 %, 17771 MiB
2026/10/01 04:50:48.474, 180 MHz, 405 MHz, 0x0000000000000000, 12.18 W, 6 %, 17771 MiB
2026/10/01 04:50:48.974, 210 MHz, 405 MHz, 0x0000000000000000, 12.27 W, 5 %, 17771 MiB
2026/10/01 04:50:49.487, 180 MHz, 405 MHz, 0x0000000000000000, 12.56 W, 5 %, 17773 MiB
2026/10/01 04:50:50.001, 180 MHz, 405 MHz, 0x0000000000000000, 12.33 W, 4 %, 17771 MiB
2026/10/01 04:50:50.513, 172 MHz, 405 MHz, 0x0000000000000000, 12.39 W, 1 %, 17771 MiB
2026/10/01 04:50:51.029, 180 MHz, 405 MHz, 0x0000000000000000, 12.15 W, 1 %, 17771 MiB
2026/10/01 04:50:51.545, 180 MHz, 405 MHz, 0x0000000000000000, 11.88 W, 1 %, 17771 MiB
2026/10/01 04:50:52.060, 180 MHz, 405 MHz, 0x0000000000000000, 11.99 W, 3 %, 17771 MiB
2026/10/01 04:50:52.572, 180 MHz, 405 MHz, 0x0000000000000000, 12.01 W, 1 %, 17771 MiB
2026/10/01 04:50:53.085, 180 MHz, 405 MHz, 0x0000000000000000, 11.88 W, 1 %, 17771 MiB
2026/10/01 04:50:53.599, 180 MHz, 405 MHz, 0x0000000000000000, 11.94 W, 1 %, 17771 MiB
2026/10/01 04:50:54.114, 180 MHz, 405 MHz, 0x0000000000000000, 11.82 W, 2 %, 17771 MiB
2026/10/01 04:50:54.628, 180 MHz, 405 MHz, 0x0000000000000000, 11.91 W, 1 %, 17771 MiB
2026/10/01 04:50:55.143, 180 MHz, 405 MHz, 0x0000000000000000, 12.12 W, 3 %, 17771 MiB
2026/10/01 04:50:55.656, 180 MHz, 405 MHz, 0x0000000000000000, 12.12 W, 2 %, 17771 MiB
2026/10/01 04:50:56.165, 180 MHz, 405 MHz, 0x0000000000000000, 12.18 W, 7 %, 17771 MiB
2026/10/01 04:50:56.677, 217 MHz, 405 MHz, 0x0000000000000000, 12.32 W, 1 %, 17771 MiB
2026/10/01 04:50:57.188, 180 MHz, 405 MHz, 0x0000000000000000, 12.33 W, 1 %, 17771 MiB
2026/10/01 04:50:57.699, 180 MHz, 405 MHz, 0x0000000000000000, 12.05 W, 2 %, 17771 MiB
2026/10/01 04:50:58.208, 180 MHz, 405 MHz, 0x0000000000000000, 11.94 W, 1 %, 17771 MiB
2026/10/01 04:50:58.712, 180 MHz, 405 MHz, 0x0000000000000000, 12.07 W, 7 %, 17771 MiB
2026/10/01 04:50:59.215, 180 MHz, 405 MHz, 0x0000000000000000, 12.33 W, 4 %, 17771 MiB
2026/10/01 04:50:59.717, 195 MHz, 405 MHz, 0x0000000000000000, 12.44 W, 6 %, 17771 MiB
2026/10/01 04:51:00.232, 195 MHz, 405 MHz, 0x0000000000000000, 12.44 W, 5 %, 17771 MiB
2026/10/01 04:51:00.748, 180 MHz, 405 MHz, 0x0000000000000000, 12.44 W, 7 %, 17771 MiB
2026/10/01 04:51:01.256, 180 MHz, 405 MHz, 0x0000000000000000, 12.52 W, 3 %, 17771 MiB
2026/10/01 04:51:01.758, 180 MHz, 405 MHz, 0x0000000000000000, 12.44 W, 6 %, 17771 MiB
2026/10/01 04:51:02.273, 180 MHz, 405 MHz, 0x0000000000000000, 12.27 W, 4 %, 17771 MiB
2026/10/01 04:51:02.777, 180 MHz, 405 MHz, 0x0000000000000000, 12.29 W, 6 %, 17771 MiB
2026/10/01 04:51:03.279, 180 MHz, 405 MHz, 0x0000000000000000, 12.43 W, 6 %, 17771 MiB
2026/10/01 04:51:03.792, 180 MHz, 405 MHz, 0x0000000000000000, 12.43 W, 7 %, 17771 MiB
2026/10/01 04:51:04.298, 172 MHz, 405 MHz, 0x0000000000000000, 12.36 W, 2 %, 17771 MiB
2026/10/01 04:51:04.801, 180 MHz, 405 MHz, 0x0000000000000000, 12.38 W, 7 %, 17771 MiB
2026/10/01 04:51:05.316, 180 MHz, 405 MHz, 0x0000000000000000, 12.42 W, 7 %, 17771 MiB
2026/10/01 04:51:05.817, 180 MHz, 405 MHz, 0x0000000000000000, 12.72 W, 6 %, 17771 MiB
2026/10/01 04:51:06.333, 180 MHz, 405 MHz, 0x0000000000000000, 12.59 W, 8 %, 17771 MiB
2026/10/01 04:51:06.848, 180 MHz, 405 MHz, 0x0000000000000000, 12.44 W, 7 %, 17771 MiB
2026/10/01 04:51:07.363, 180 MHz, 405 MHz, 0x0000000000000000, 12.52 W, 8 %, 17771 MiB
2026/10/01 04:51:07.866, 180 MHz, 405 MHz, 0x0000000000000000, 12.40 W, 6 %, 17771 MiB
2026/10/01 04:51:08.370, 180 MHz, 405 MHz, 0x0000000000000000, 12.16 W, 7 %, 17771 MiB
2026/10/01 04:51:08.873, 180 MHz, 405 MHz, 0x0000000000000000, 12.17 W, 6 %, 17771 MiB
2026/10/01 04:51:09.375, 180 MHz, 405 MHz, 0x0000000000000000, 12.10 W, 7 %, 17771 MiB
2026/10/01 04:51:09.878, 180 MHz, 405 MHz, 0x0000000000000000, 12.04 W, 7 %, 17771 MiB
2026/10/01 04:51:10.382, 210 MHz, 405 MHz, 0x0000000000000000, 12.48 W, 5 %, 17776 MiB
2026/10/01 04:51:10.894, 180 MHz, 405 MHz, 0x0000000000000000, 12.52 W, 7 %, 17771 MiB
2026/10/01 04:51:11.395, 195 MHz, 405 MHz, 0x0000000000000000, 12.37 W, 4 %, 17771 MiB
2026/10/01 04:51:11.909, 187 MHz, 405 MHz, 0x0000000000000000, 12.30 W, 4 %, 17771 MiB
2026/10/01 04:51:12.410, 180 MHz, 405 MHz, 0x0000000000000000, 12.16 W, 2 %, 17771 MiB
2026/10/01 04:51:12.914, 180 MHz, 405 MHz, 0x0000000000000000, 11.90 W, 6 %, 17771 MiB
2026/10/01 04:51:13.416, 180 MHz, 405 MHz, 0x0000000000000000, 12.19 W, 5 %, 17771 MiB
2026/10/01 04:51:13.919, 180 MHz, 405 MHz, 0x0000000000000000, 12.29 W, 7 %, 17771 MiB
2026/10/01 04:51:14.421, 180 MHz, 405 MHz, 0x0000000000000000, 12.31 W, 5 %, 17771 MiB
2026/10/01 04:51:14.922, 195 MHz, 405 MHz, 0x0000000000000000, 12.16 W, 6 %, 17771 MiB
2026/10/01 04:51:15.437, 180 MHz, 405 MHz, 0x0000000000000000, 12.02 W, 3 %, 17771 MiB
2026/10/01 04:51:15.953, 180 MHz, 405 MHz, 0x0000000000000000, 11.90 W, 6 %, 17771 MiB
2026/10/01 04:51:16.457, 210 MHz, 405 MHz, 0x0000000000000000, 12.19 W, 4 %, 17771 MiB
2026/10/01 04:51:16.960, 180 MHz, 405 MHz, 0x0000000000000000, 12.35 W, 8 %, 17771 MiB
2026/10/01 04:51:17.476, 180 MHz, 405 MHz, 0x0000000000000000, 12.26 W, 7 %, 17771 MiB
2026/10/01 04:51:17.977, 180 MHz, 405 MHz, 0x0000000000000000, 12.24 W, 7 %, 17771 MiB
2026/10/01 04:51:18.485, 180 MHz, 405 MHz, 0x0000000000000000, 12.07 W, 7 %, 17771 MiB
2026/10/01 04:51:18.987, 202 MHz, 405 MHz, 0x0000000000000000, 12.15 W, 6 %, 17771 MiB
2026/10/01 04:51:19.503, 180 MHz, 405 MHz, 0x0000000000000000, 12.28 W, 7 %, 17771 MiB
2026/10/01 04:51:20.004, 195 MHz, 405 MHz, 0x0000000000000000, 12.26 W, 7 %, 17771 MiB
2026/10/01 04:51:20.519, 210 MHz, 405 MHz, 0x0000000000000000, 12.40 W, 7 %, 17771 MiB
2026/10/01 04:51:21.024, 180 MHz, 405 MHz, 0x0000000000000000, 12.46 W, 7 %, 17771 MiB
2026/10/01 04:51:21.528, 180 MHz, 405 MHz, 0x0000000000000000, 12.32 W, 7 %, 17771 MiB
2026/10/01 04:51:22.043, 180 MHz, 405 MHz, 0x0000000000000000, 12.24 W, 7 %, 17771 MiB
2026/10/01 04:51:22.547, 180 MHz, 405 MHz, 0x0000000000000000, 12.20 W, 7 %, 17771 MiB
2026/10/01 04:51:23.063, 180 MHz, 405 MHz, 0x0000000000000000, 12.21 W, 7 %, 17771 MiB
2026/10/01 04:51:23.570, 180 MHz, 405 MHz, 0x0000000000000000, 12.28 W, 7 %, 17771 MiB
2026/10/01 04:51:24.077, 187 MHz, 405 MHz, 0x0000000000000000, 12.39 W, 5 %, 17771 MiB
2026/10/01 04:51:24.578, 180 MHz, 405 MHz, 0x0000000000000000, 12.27 W, 6 %, 17771 MiB
2026/10/01 04:51:25.084, 195 MHz, 405 MHz, 0x0000000000000000, 12.26 W, 6 %, 17771 MiB
2026/10/01 04:51:25.597, 180 MHz, 405 MHz, 0x0000000000000000, 11.98 W, 6 %, 17771 MiB
2026/10/01 04:51:26.112, 180 MHz, 405 MHz, 0x0000000000000000, 12.04 W, 6 %, 17771 MiB
2026/10/01 04:51:26.627, 180 MHz, 405 MHz, 0x0000000000000000, 12.21 W, 5 %, 17771 MiB
2026/10/01 04:51:27.132, 180 MHz, 405 MHz, 0x0000000000000000, 12.40 W, 7 %, 17771 MiB
2026/10/01 04:51:27.633, 180 MHz, 405 MHz, 0x0000000000000000, 12.28 W, 7 %, 17771 MiB
2026/10/01 04:51:28.148, 180 MHz, 405 MHz, 0x0000000000000000, 12.23 W, 7 %, 17771 MiB
2026/10/01 04:51:28.652, 187 MHz, 405 MHz, 0x0000000000000000, 12.28 W, 6 %, 17771 MiB
2026/10/01 04:51:29.155, 180 MHz, 405 MHz, 0x0000000000000000, 12.14 W, 2 %, 17771 MiB
2026/10/01 04:51:29.670, 180 MHz, 405 MHz, 0x0000000000000000, 11.78 W, 6 %, 17771 MiB
2026/10/01 04:51:30.173, 180 MHz, 405 MHz, 0x0000000000000000, 11.89 W, 6 %, 17771 MiB
2026/10/01 04:51:30.673, 180 MHz, 405 MHz, 0x0000000000000000, 12.10 W, 4 %, 17771 MiB
2026/10/01 04:51:31.189, 180 MHz, 405 MHz, 0x0000000000000000, 12.14 W, 4 %, 17773 MiB
2026/10/01 04:51:31.696, 195 MHz, 405 MHz, 0x0000000000000000, 12.16 W, 7 %, 17773 MiB
2026/10/01 04:51:32.199, 195 MHz, 405 MHz, 0x0000000000000000, 12.23 W, 7 %, 17771 MiB
2026/10/01 04:51:32.701, 180 MHz, 405 MHz, 0x0000000000000000, 12.23 W, 5 %, 17771 MiB
2026/10/01 04:51:33.205, 180 MHz, 405 MHz, 0x0000000000000000, 12.22 W, 7 %, 17771 MiB
2026/10/01 04:51:33.709, 180 MHz, 405 MHz, 0x0000000000000000, 11.94 W, 7 %, 17771 MiB
2026/10/01 04:51:34.212, 195 MHz, 405 MHz, 0x0000000000000000, 11.77 W, 3 %, 17771 MiB
2026/10/01 04:51:34.716, 180 MHz, 405 MHz, 0x0000000000000000, 11.77 W, 7 %, 17771 MiB
2026/10/01 04:51:35.216, 180 MHz, 405 MHz, 0x0000000000000000, 11.67 W, 7 %, 17771 MiB
2026/10/01 04:51:35.730, 180 MHz, 405 MHz, 0x0000000000000000, 11.72 W, 5 %, 17771 MiB
2026/10/01 04:51:36.236, 180 MHz, 405 MHz, 0x0000000000000000, 11.62 W, 7 %, 17771 MiB
2026/10/01 04:51:36.736, 210 MHz, 405 MHz, 0x0000000000000000, 11.84 W, 6 %, 17771 MiB
2026/10/01 04:51:37.240, 180 MHz, 405 MHz, 0x0000000000000000, 11.88 W, 4 %, 17771 MiB
2026/10/01 04:51:37.754, 180 MHz, 405 MHz, 0x0000000000000000, 11.59 W, 4 %, 17771 MiB
2026/10/01 04:51:38.268, 180 MHz, 405 MHz, 0x0000000000000000, 11.70 W, 8 %, 17771 MiB
2026/10/01 04:51:38.770, 180 MHz, 405 MHz, 0x0000000000000000, 11.74 W, 6 %, 17771 MiB
2026/10/01 04:51:39.272, 180 MHz, 405 MHz, 0x0000000000000000, 11.60 W, 6 %, 17771 MiB
2026/10/01 04:51:39.773, 210 MHz, 405 MHz, 0x0000000000000000, 11.76 W, 5 %, 17771 MiB
2026/10/01 04:51:40.274, 180 MHz, 405 MHz, 0x0000000000000000, 11.90 W, 8 %, 17771 MiB
2026/10/01 04:51:40.789, 195 MHz, 405 MHz, 0x0000000000000000, 11.66 W, 2 %, 17771 MiB
2026/10/01 04:51:41.291, 180 MHz, 405 MHz, 0x0000000000000000, 11.69 W, 8 %, 17771 MiB
2026/10/01 04:51:41.794, 180 MHz, 405 MHz, 0x0000000000000000, 11.69 W, 7 %, 17771 MiB
2026/10/01 04:51:42.296, 180 MHz, 405 MHz, 0x0000000000000000, 11.76 W, 7 %, 17771 MiB
2026/10/01 04:51:42.797, 180 MHz, 405 MHz, 0x0000000000000000, 11.97 W, 7 %, 17771 MiB
2026/10/01 04:51:43.310, 180 MHz, 405 MHz, 0x0000000000000000, 12.07 W, 4 %, 17771 MiB
2026/10/01 04:51:43.814, 180 MHz, 405 MHz, 0x0000000000000000, 12.11 W, 3 %, 17771 MiB
2026/10/01 04:51:44.315, 180 MHz, 405 MHz, 0x0000000000000000, 11.96 W, 7 %, 17771 MiB
2026/10/01 04:51:44.817, 180 MHz, 405 MHz, 0x0000000000000000, 11.78 W, 7 %, 17771 MiB
2026/10/01 04:51:45.332, 217 MHz, 405 MHz, 0x0000000000000000, 12.03 W, 8 %, 17771 MiB
2026/10/01 04:51:45.836, 180 MHz, 405 MHz, 0x0000000000000000, 12.01 W, 8 %, 17771 MiB
2026/10/01 04:51:46.337, 195 MHz, 405 MHz, 0x0000000000000000, 11.85 W, 7 %, 17771 MiB
2026/10/01 04:51:46.839, 187 MHz, 405 MHz, 0x0000000000000000, 11.77 W, 6 %, 17771 MiB
2026/10/01 04:51:47.341, 195 MHz, 405 MHz, 0x0000000000000000, 11.65 W, 2 %, 17771 MiB
2026/10/01 04:51:47.843, 180 MHz, 405 MHz, 0x0000000000000000, 11.58 W, 8 %, 17771 MiB
2026/10/01 04:51:48.343, 180 MHz, 405 MHz, 0x0000000000000000, 11.57 W, 4 %, 17771 MiB
2026/10/01 04:51:48.844, 180 MHz, 405 MHz, 0x0000000000000000, 11.48 W, 0 %, 17771 MiB
2026/10/01 04:51:49.360, 180 MHz, 405 MHz, 0x0000000000000000, 11.28 W, 0 %, 19305 MiB
2026/10/01 04:51:49.876, 195 MHz, 405 MHz, 0x0000000000000000, 14.01 W, 24 %, 22153 MiB
2026/10/01 04:51:50.388, 375 MHz, 405 MHz, 0x0000000000000000, 18.53 W, 20 %, 22939 MiB
2026/10/01 04:51:50.889, 187 MHz, 405 MHz, 0x0000000000000000, 22.75 W, 0 %, 22939 MiB
2026/10/01 04:51:51.404, 202 MHz, 13801 MHz, 0x0000000000000000, 33.92 W, 98 %, 23195 MiB
2026/10/01 04:51:51.919, 2932 MHz, 13801 MHz, 0x0000000000000000, 104.04 W, 7 %, 23197 MiB
2026/10/01 04:51:52.420, 2932 MHz, 13801 MHz, 0x0000000000000000, 178.32 W, 0 %, 23200 MiB
2026/10/01 04:51:52.935, 2932 MHz, 13801 MHz, 0x0000000000000000, 154.79 W, 0 %, 23515 MiB
2026/10/01 04:51:53.447, 2932 MHz, 13801 MHz, 0x0000000000000000, 137.56 W, 0 %, 23515 MiB
2026/10/01 04:51:53.961, 2940 MHz, 13801 MHz, 0x0000000000000000, 116.06 W, 11 %, 23515 MiB
2026/10/01 04:51:54.464, 2932 MHz, 13801 MHz, 0x0000000000000000, 154.01 W, 97 %, 23515 MiB
2026/10/01 04:51:54.966, 2932 MHz, 13801 MHz, 0x0000000000000000, 207.16 W, 0 %, 23515 MiB
2026/10/01 04:51:55.479, 2925 MHz, 13801 MHz, 0x0000000000000000, 231.60 W, 84 %, 23515 MiB
2026/10/01 04:51:55.993, 2925 MHz, 13801 MHz, 0x0000000000000000, 223.85 W, 0 %, 23515 MiB
2026/10/01 04:51:56.509, 2925 MHz, 13801 MHz, 0x0000000000000000, 264.42 W, 89 %, 24091 MiB
2026/10/01 04:51:57.012, 2932 MHz, 13801 MHz, 0x0000000000000000, 259.00 W, 100 %, 24091 MiB
2026/10/01 04:51:57.515, 2932 MHz, 13801 MHz, 0x0000000000000000, 227.24 W, 58 %, 24091 MiB
2026/10/01 04:51:58.018, 2932 MHz, 13801 MHz, 0x0000000000000000, 215.31 W, 0 %, 24091 MiB
2026/10/01 04:51:58.530, 2932 MHz, 13801 MHz, 0x0000000000000000, 161.81 W, 0 %, 24093 MiB
2026/10/01 04:51:59.032, 2932 MHz, 13801 MHz, 0x0000000000000000, 155.77 W, 65 %, 24093 MiB
2026/10/01 04:51:59.546, 2932 MHz, 13801 MHz, 0x0000000000000000, 159.73 W, 0 %, 24093 MiB
2026/10/01 04:52:00.057, 2932 MHz, 13801 MHz, 0x0000000000000000, 183.05 W, 0 %, 24093 MiB
2026/10/01 04:52:00.571, 2932 MHz, 13801 MHz, 0x0000000000000000, 195.64 W, 38 %, 24093 MiB
2026/10/01 04:52:01.081, 2932 MHz, 13801 MHz, 0x0000000000000000, 163.06 W, 0 %, 24093 MiB
2026/10/01 04:52:01.592, 2940 MHz, 13801 MHz, 0x0000000000000000, 116.96 W, 0 %, 24093 MiB
2026/10/01 04:52:02.104, 2910 MHz, 7001 MHz, 0x0000000000000000, 82.22 W, 0 %, 24093 MiB
2026/10/01 04:52:02.617, 795 MHz, 7001 MHz, 0x0000000000000000, 52.73 W, 0 %, 24093 MiB
2026/10/01 04:52:03.129, 712 MHz, 7001 MHz, 0x0000000000000000, 40.55 W, 0 %, 24093 MiB
2026/10/01 04:52:03.636, 2422 MHz, 13801 MHz, 0x0000000000000000, 76.92 W, 0 %, 24093 MiB
2026/10/01 04:52:04.149, 2595 MHz, 13801 MHz, 0x0000000000000000, 119.42 W, 0 %, 24093 MiB
2026/10/01 04:52:04.659, 2475 MHz, 13801 MHz, 0x0000000000000000, 129.84 W, 65 %, 24093 MiB
2026/10/01 04:52:05.160, 2865 MHz, 13801 MHz, 0x0000000000000000, 114.83 W, 0 %, 24093 MiB
2026/10/01 04:52:05.673, 2940 MHz, 13801 MHz, 0x0000000000000000, 128.59 W, 0 %, 24093 MiB
2026/10/01 04:52:06.174, 2940 MHz, 13801 MHz, 0x0000000000000000, 92.03 W, 0 %, 24093 MiB
2026/10/01 04:52:06.690, 2932 MHz, 13801 MHz, 0x0000000000000000, 135.80 W, 0 %, 24093 MiB
2026/10/01 04:52:07.192, 2940 MHz, 13801 MHz, 0x0000000000000000, 177.31 W, 83 %, 24093 MiB
2026/10/01 04:52:07.694, 2940 MHz, 13801 MHz, 0x0000000000000000, 162.84 W, 69 %, 24093 MiB
2026/10/01 04:52:08.196, 2940 MHz, 13801 MHz, 0x0000000000000000, 144.69 W, 0 %, 24093 MiB
2026/10/01 04:52:08.700, 2932 MHz, 13801 MHz, 0x0000000000000000, 165.47 W, 0 %, 24093 MiB
2026/10/01 04:52:09.201, 2940 MHz, 13801 MHz, 0x0000000000000000, 135.73 W, 0 %, 24093 MiB
2026/10/01 04:52:09.716, 2940 MHz, 7001 MHz, 0x0000000000000000, 87.85 W, 2 %, 24093 MiB
2026/10/01 04:52:10.217, 2850 MHz, 13801 MHz, 0x0000000000000000, 109.19 W, 0 %, 24093 MiB
2026/10/01 04:52:10.727, 2917 MHz, 13801 MHz, 0x0000000000000000, 159.42 W, 38 %, 24093 MiB
2026/10/01 04:52:11.229, 2940 MHz, 13801 MHz, 0x0000000000000000, 185.52 W, 97 %, 24093 MiB
2026/10/01 04:52:11.733, 2932 MHz, 13801 MHz, 0x0000000000000000, 192.90 W, 0 %, 24093 MiB
2026/10/01 04:52:12.238, 2932 MHz, 13801 MHz, 0x0000000000000000, 189.81 W, 40 %, 24093 MiB
2026/10/01 04:52:12.740, 2940 MHz, 13801 MHz, 0x0000000000000000, 214.81 W, 100 %, 24413 MiB
2026/10/01 04:52:13.241, 2917 MHz, 13801 MHz, 0x0000000000000000, 239.10 W, 0 %, 24415 MiB
2026/10/01 04:52:13.753, 2940 MHz, 13801 MHz, 0x0000000000000000, 197.48 W, 0 %, 24415 MiB
2026/10/01 04:52:14.255, 2940 MHz, 13801 MHz, 0x0000000000000000, 92.53 W, 0 %, 24413 MiB
2026/10/01 04:52:14.769, 2940 MHz, 13801 MHz, 0x0000000000000000, 92.43 W, 0 %, 24413 MiB
2026/10/01 04:52:15.284, 1020 MHz, 7001 MHz, 0x0000000000000000, 71.83 W, 0 %, 24413 MiB
2026/10/01 04:52:15.798, 472 MHz, 7001 MHz, 0x0000000000000000, 40.61 W, 0 %, 24413 MiB
2026/10/01 04:52:16.299, 420 MHz, 7001 MHz, 0x0000000000000000, 34.75 W, 0 %, 24413 MiB
2026/10/01 04:52:16.812, 420 MHz, 7001 MHz, 0x0000000000000000, 34.75 W, 0 %, 24413 MiB
2026/10/01 04:52:17.327, 262 MHz, 7001 MHz, 0x0000000000000000, 33.46 W, 0 %, 24413 MiB
2026/10/01 04:52:17.841, 262 MHz, 7001 MHz, 0x0000000000000000, 33.46 W, 0 %, 24413 MiB
2026/10/01 04:52:18.342, 180 MHz, 7001 MHz, 0x0000000000000000, 33.19 W, 0 %, 24413 MiB
2026/10/01 04:52:18.844, 180 MHz, 7001 MHz, 0x0000000000000000, 33.19 W, 0 %, 24413 MiB
2026/10/01 04:52:19.345, 180 MHz, 7001 MHz, 0x0000000000000000, 32.85 W, 0 %, 24413 MiB
2026/10/01 04:52:19.859, 180 MHz, 7001 MHz, 0x0000000000000000, 32.85 W, 0 %, 24413 MiB
2026/10/01 04:52:20.359, 2700 MHz, 13801 MHz, 0x0000000000000004, 181.62 W, 100 %, 24413 MiB
2026/10/01 04:52:20.861, 2925 MHz, 13801 MHz, 0x0000000000000000, 191.51 W, 0 %, 28169 MiB
2026/10/01 04:52:21.376, 2940 MHz, 13801 MHz, 0x0000000000000000, 196.97 W, 0 %, 28203 MiB
2026/10/01 04:52:21.877, 2940 MHz, 13801 MHz, 0x0000000000000000, 96.11 W, 0 %, 28205 MiB
2026/10/01 04:52:22.390, 2940 MHz, 7001 MHz, 0x0000000000000000, 94.10 W, 0 %, 28205 MiB
2026/10/01 04:52:22.905, 855 MHz, 7001 MHz, 0x0000000000000000, 64.33 W, 0 %, 28205 MiB
2026/10/01 04:52:23.411, 697 MHz, 7001 MHz, 0x0000000000000000, 40.81 W, 0 %, 28205 MiB
2026/10/01 04:52:23.913, 697 MHz, 7001 MHz, 0x0000000000000000, 40.81 W, 0 %, 28205 MiB
2026/10/01 04:52:24.414, 435 MHz, 7001 MHz, 0x0000000000000000, 33.86 W, 0 %, 28205 MiB
2026/10/01 04:52:24.916, 435 MHz, 7001 MHz, 0x0000000000000000, 33.86 W, 0 %, 28205 MiB
2026/10/01 04:52:25.429, 270 MHz, 7001 MHz, 0x0000000000000000, 32.69 W, 0 %, 28205 MiB
2026/10/01 04:52:25.942, 270 MHz, 7001 MHz, 0x0000000000000000, 32.69 W, 0 %, 28205 MiB
2026/10/01 04:52:26.457, 180 MHz, 7001 MHz, 0x0000000000000000, 32.60 W, 0 %, 28205 MiB
2026/10/01 04:52:26.958, 180 MHz, 7001 MHz, 0x0000000000000000, 32.60 W, 0 %, 28205 MiB
2026/10/01 04:52:27.462, 180 MHz, 810 MHz, 0x0000000000000000, 22.94 W, 0 %, 28205 MiB
2026/10/01 04:52:27.964, 180 MHz, 810 MHz, 0x0000000000000000, 22.94 W, 0 %, 28205 MiB
2026/10/01 04:52:28.479, 180 MHz, 810 MHz, 0x0000000000000000, 10.64 W, 0 %, 28205 MiB
2026/10/01 04:52:28.981, 180 MHz, 810 MHz, 0x0000000000000000, 10.64 W, 0 %, 28205 MiB
2026/10/01 04:52:29.485, 180 MHz, 405 MHz, 0x0000000000000000, 10.61 W, 0 %, 28205 MiB
2026/10/01 04:52:29.990, 180 MHz, 405 MHz, 0x0000000000000000, 10.61 W, 0 %, 28205 MiB
2026/10/01 04:52:30.493, 180 MHz, 405 MHz, 0x0000000000000000, 10.52 W, 0 %, 28205 MiB
2026/10/01 04:52:31.007, 180 MHz, 405 MHz, 0x0000000000000000, 10.52 W, 0 %, 28205 MiB
2026/10/01 04:52:31.520, 180 MHz, 405 MHz, 0x0000000000000000, 10.50 W, 0 %, 28205 MiB
2026/10/01 04:52:32.035, 180 MHz, 405 MHz, 0x0000000000000000, 10.64 W, 0 %, 28205 MiB
2026/10/01 04:52:32.539, 180 MHz, 405 MHz, 0x0000000000000000, 10.93 W, 0 %, 28205 MiB
2026/10/01 04:52:33.041, 180 MHz, 405 MHz, 0x0000000000000000, 11.55 W, 0 %, 28205 MiB
2026/10/01 04:52:33.543, 180 MHz, 405 MHz, 0x0000000000000000, 11.55 W, 0 %, 28205 MiB
2026/10/01 04:52:34.049, 180 MHz, 405 MHz, 0x0000000000000000, 10.37 W, 0 %, 28207 MiB
2026/10/01 04:52:34.553, 180 MHz, 405 MHz, 0x0000000000000000, 10.48 W, 0 %, 28207 MiB
2026/10/01 04:52:35.067, 180 MHz, 405 MHz, 0x0000000000000000, 11.17 W, 0 %, 28205 MiB
2026/10/01 04:52:35.582, 180 MHz, 405 MHz, 0x0000000000000000, 11.78 W, 0 %, 28205 MiB
2026/10/01 04:52:36.093, 180 MHz, 405 MHz, 0x0000000000000000, 11.78 W, 0 %, 28205 MiB
2026/10/01 04:52:36.594, 180 MHz, 405 MHz, 0x0000000000000000, 11.77 W, 0 %, 28205 MiB
2026/10/01 04:52:37.109, 180 MHz, 405 MHz, 0x0000000000000000, 10.48 W, 0 %, 28205 MiB
2026/10/01 04:52:37.611, 180 MHz, 405 MHz, 0x0000000000000000, 10.48 W, 0 %, 28205 MiB
2026/10/01 04:52:38.113, 180 MHz, 405 MHz, 0x0000000000000000, 10.42 W, 0 %, 28205 MiB
2026/10/01 04:52:38.613, 180 MHz, 405 MHz, 0x0000000000000000, 10.42 W, 0 %, 28205 MiB
2026/10/01 04:52:39.114, 180 MHz, 405 MHz, 0x0000000000000000, 10.39 W, 0 %, 28205 MiB
2026/10/01 04:52:39.616, 180 MHz, 405 MHz, 0x0000000000000000, 10.39 W, 0 %, 28205 MiB
2026/10/01 04:52:40.130, 180 MHz, 405 MHz, 0x0000000000000000, 10.32 W, 0 %, 28205 MiB
2026/10/01 04:52:40.645, 180 MHz, 405 MHz, 0x0000000000000000, 10.32 W, 0 %, 28205 MiB
2026/10/01 04:52:41.146, 180 MHz, 405 MHz, 0x0000000000000000, 10.30 W, 0 %, 28205 MiB
2026/10/01 04:52:41.660, 180 MHz, 405 MHz, 0x0000000000000000, 10.30 W, 0 %, 28205 MiB
2026/10/01 04:52:42.172, 180 MHz, 405 MHz, 0x0000000000000000, 10.34 W, 0 %, 28205 MiB
2026/10/01 04:52:42.685, 180 MHz, 405 MHz, 0x0000000000000000, 10.34 W, 0 %, 28205 MiB
2026/10/01 04:52:43.198, 180 MHz, 405 MHz, 0x0000000000000000, 10.36 W, 0 %, 28205 MiB
2026/10/01 04:52:43.700, 180 MHz, 405 MHz, 0x0000000000000000, 10.36 W, 0 %, 28205 MiB
2026/10/01 04:52:44.216, 180 MHz, 405 MHz, 0x0000000000000000, 10.27 W, 0 %, 28205 MiB
2026/10/01 04:52:44.718, 180 MHz, 405 MHz, 0x0000000000000000, 10.27 W, 0 %, 28205 MiB
2026/10/01 04:52:45.231, 180 MHz, 405 MHz, 0x0000000000000000, 10.22 W, 0 %, 28205 MiB
2026/10/01 04:52:45.732, 180 MHz, 405 MHz, 0x0000000000000000, 10.22 W, 0 %, 28205 MiB
2026/10/01 04:52:46.234, 180 MHz, 405 MHz, 0x0000000000000000, 10.24 W, 0 %, 28205 MiB
2026/10/01 04:52:46.749, 180 MHz, 405 MHz, 0x0000000000000000, 10.24 W, 0 %, 28205 MiB
2026/10/01 04:52:47.249, 180 MHz, 405 MHz, 0x0000000000000000, 10.17 W, 0 %, 28205 MiB
2026/10/01 04:52:47.753, 180 MHz, 405 MHz, 0x0000000000000000, 10.17 W, 0 %, 28205 MiB
2026/10/01 04:52:48.255, 1080 MHz, 405 MHz, 0x0000000000000000, 12.16 W, 100 %, 28205 MiB
2026/10/01 04:52:48.756, 2940 MHz, 13801 MHz, 0x0000000000000000, 42.39 W, 0 %, 28229 MiB
2026/10/01 04:52:49.257, 2940 MHz, 13801 MHz, 0x0000000000000000, 118.68 W, 0 %, 28235 MiB
2026/10/01 04:52:49.762, 2932 MHz, 13801 MHz, 0x0000000000000000, 118.16 W, 2 %, 28237 MiB
2026/10/01 04:52:50.276, 2662 MHz, 7001 MHz, 0x0000000000000000, 113.79 W, 0 %, 28239 MiB
2026/10/01 04:52:50.790, 1132 MHz, 7001 MHz, 0x0000000000000000, 81.67 W, 0 %, 28243 MiB
2026/10/01 04:52:51.305, 1245 MHz, 7001 MHz, 0x0000000000000000, 57.82 W, 0 %, 28245 MiB
2026/10/01 04:52:51.805, 750 MHz, 7001 MHz, 0x0000000000000000, 46.99 W, 0 %, 28245 MiB
2026/10/01 04:52:52.307, 600 MHz, 7001 MHz, 0x0000000000000000, 34.92 W, 0 %, 28265 MiB
2026/10/01 04:52:52.821, 487 MHz, 7001 MHz, 0x0000000000000000, 34.37 W, 0 %, 28265 MiB
2026/10/01 04:52:53.334, 375 MHz, 7001 MHz, 0x0000000000000000, 33.64 W, 0 %, 28265 MiB
2026/10/01 04:52:53.835, 2917 MHz, 13801 MHz, 0x0000000000000000, 96.64 W, 94 %, 28267 MiB
2026/10/01 04:52:54.349, 2940 MHz, 13801 MHz, 0x0000000000000000, 146.20 W, 0 %, 28267 MiB
2026/10/01 04:52:54.863, 2940 MHz, 13801 MHz, 0x0000000000000000, 117.30 W, 0 %, 28267 MiB
2026/10/01 04:52:55.374, 2940 MHz, 13801 MHz, 0x0000000000000000, 91.88 W, 0 %, 28269 MiB
2026/10/01 04:52:55.886, 1492 MHz, 7001 MHz, 0x0000000000000000, 86.60 W, 0 %, 28269 MiB
2026/10/01 04:52:56.399, 480 MHz, 7001 MHz, 0x0000000000000000, 57.70 W, 0 %, 28267 MiB
2026/10/01 04:52:56.901, 382 MHz, 7001 MHz, 0x0000000000000000, 34.12 W, 0 %, 28267 MiB
2026/10/01 04:52:57.402, 337 MHz, 7001 MHz, 0x0000000000000000, 33.26 W, 0 %, 28267 MiB
2026/10/01 04:52:57.917, 337 MHz, 7001 MHz, 0x0000000000000000, 33.26 W, 0 %, 28267 MiB
2026/10/01 04:52:58.420, 217 MHz, 7001 MHz, 0x0000000000000000, 31.96 W, 0 %, 28267 MiB
2026/10/01 04:52:58.922, 217 MHz, 7001 MHz, 0x0000000000000000, 31.96 W, 0 %, 28267 MiB
2026/10/01 04:52:59.436, 180 MHz, 7001 MHz, 0x0000000000000000, 31.09 W, 0 %, 28267 MiB
2026/10/01 04:52:59.951, 180 MHz, 7001 MHz, 0x0000000000000000, 31.09 W, 0 %, 28267 MiB
2026/10/01 04:53:00.463, 180 MHz, 7001 MHz, 0x0000000000000000, 31.04 W, 0 %, 28267 MiB
2026/10/01 04:53:00.979, 180 MHz, 7001 MHz, 0x0000000000000000, 31.04 W, 0 %, 28267 MiB
2026/10/01 04:53:01.490, 180 MHz, 810 MHz, 0x0000000000000000, 16.59 W, 0 %, 28267 MiB
2026/10/01 04:53:01.992, 180 MHz, 810 MHz, 0x0000000000000000, 14.97 W, 0 %, 28267 MiB
2026/10/01 04:53:02.507, 180 MHz, 405 MHz, 0x0000000000000000, 12.42 W, 0 %, 28267 MiB
2026/10/01 04:53:03.023, 180 MHz, 405 MHz, 0x0000000000000000, 12.75 W, 0 %, 28267 MiB
2026/10/01 04:53:03.537, 180 MHz, 405 MHz, 0x0000000000000000, 12.75 W, 0 %, 28267 MiB
2026/10/01 04:53:04.039, 180 MHz, 405 MHz, 0x0000000000000000, 10.51 W, 0 %, 28267 MiB
2026/10/01 04:53:04.552, 180 MHz, 405 MHz, 0x0000000000000000, 10.51 W, 0 %, 28267 MiB
2026/10/01 04:53:05.067, 180 MHz, 405 MHz, 0x0000000000000000, 10.44 W, 0 %, 28267 MiB
2026/10/01 04:53:05.576, 180 MHz, 405 MHz, 0x0000000000000000, 10.44 W, 0 %, 28267 MiB
2026/10/01 04:53:06.092, 180 MHz, 405 MHz, 0x0000000000000000, 10.39 W, 0 %, 28267 MiB
2026/10/01 04:53:06.603, 180 MHz, 405 MHz, 0x0000000000000000, 10.39 W, 0 %, 28267 MiB
2026/10/01 04:53:07.118, 180 MHz, 405 MHz, 0x0000000000000000, 10.39 W, 0 %, 28267 MiB
2026/10/01 04:53:07.630, 937 MHz, 405 MHz, 0x0000000000000000, 10.91 W, 100 %, 28267 MiB
2026/10/01 04:53:08.140, 2932 MHz, 13801 MHz, 0x0000000000000000, 80.63 W, 0 %, 28267 MiB
2026/10/01 04:53:08.652, 2940 MHz, 13801 MHz, 0x0000000000000000, 139.07 W, 0 %, 28267 MiB
2026/10/01 04:53:09.166, 2940 MHz, 13801 MHz, 0x0000000000000000, 91.90 W, 0 %, 28267 MiB
2026/10/01 04:53:09.682, 2940 MHz, 13801 MHz, 0x0000000000000000, 91.80 W, 0 %, 28267 MiB
2026/10/01 04:53:10.196, 622 MHz, 7001 MHz, 0x0000000000000000, 69.18 W, 0 %, 28267 MiB
2026/10/01 04:53:10.709, 495 MHz, 7001 MHz, 0x0000000000000000, 40.10 W, 0 %, 28267 MiB
2026/10/01 04:53:11.222, 495 MHz, 7001 MHz, 0x0000000000000000, 34.23 W, 0 %, 28267 MiB
2026/10/01 04:53:11.736, 495 MHz, 7001 MHz, 0x0000000000000000, 34.23 W, 0 %, 28267 MiB
2026/10/01 04:53:12.247, 255 MHz, 7001 MHz, 0x0000000000000000, 32.24 W, 0 %, 28267 MiB
2026/10/01 04:53:12.756, 202 MHz, 7001 MHz, 0x0000000000000000, 32.10 W, 0 %, 28267 MiB
2026/10/01 04:53:13.271, 180 MHz, 7001 MHz, 0x0000000000000000, 31.76 W, 0 %, 28267 MiB
2026/10/01 04:53:13.786, 180 MHz, 7001 MHz, 0x0000000000000000, 31.76 W, 0 %, 28267 MiB
2026/10/01 04:53:14.300, 180 MHz, 810 MHz, 0x0000000000000000, 20.89 W, 0 %, 28267 MiB
2026/10/01 04:53:14.802, 180 MHz, 810 MHz, 0x0000000000000000, 20.89 W, 0 %, 28267 MiB
2026/10/01 04:53:15.314, 180 MHz, 405 MHz, 0x0000000000000000, 15.77 W, 0 %, 28267 MiB
2026/10/01 04:53:15.828, 270 MHz, 405 MHz, 0x0000000000000000, 11.36 W, 7 %, 28331 MiB
2026/10/01 04:53:16.339, 2917 MHz, 13801 MHz, 0x0000000000000000, 96.27 W, 92 %, 28336 MiB
2026/10/01 04:53:16.851, 2917 MHz, 13801 MHz, 0x0000000000000000, 313.52 W, 89 %, 28336 MiB
2026/10/01 04:53:17.360, 2917 MHz, 13801 MHz, 0x0000000000000000, 474.97 W, 93 %, 28331 MiB
2026/10/01 04:53:17.869, 2902 MHz, 13801 MHz, 0x0000000000000000, 481.41 W, 94 %, 28331 MiB
2026/10/01 04:53:18.379, 2902 MHz, 13801 MHz, 0x0000000000000000, 481.72 W, 94 %, 28331 MiB
2026/10/01 04:53:18.888, 2910 MHz, 13801 MHz, 0x0000000000000000, 449.71 W, 94 %, 28331 MiB
2026/10/01 04:53:19.396, 2902 MHz, 13801 MHz, 0x0000000000000000, 451.21 W, 95 %, 28331 MiB
2026/10/01 04:53:19.906, 2902 MHz, 13801 MHz, 0x0000000000000000, 484.44 W, 95 %, 28331 MiB
2026/10/01 04:53:20.418, 2902 MHz, 13801 MHz, 0x0000000000000000, 482.96 W, 94 %, 28331 MiB
2026/10/01 04:53:20.927, 2902 MHz, 13801 MHz, 0x0000000000000000, 482.31 W, 92 %, 28331 MiB
2026/10/01 04:53:21.436, 2902 MHz, 13801 MHz, 0x0000000000000000, 484.13 W, 94 %, 28331 MiB
2026/10/01 04:53:21.945, 2902 MHz, 13801 MHz, 0x0000000000000000, 483.51 W, 95 %, 28331 MiB
2026/10/01 04:53:22.454, 2902 MHz, 13801 MHz, 0x0000000000000000, 483.80 W, 94 %, 28331 MiB
2026/10/01 04:53:22.964, 2902 MHz, 13801 MHz, 0x0000000000000000, 485.83 W, 95 %, 28331 MiB
2026/10/01 04:53:23.472, 2902 MHz, 13801 MHz, 0x0000000000000000, 486.08 W, 95 %, 28331 MiB
2026/10/01 04:53:23.983, 2902 MHz, 13801 MHz, 0x0000000000000000, 485.36 W, 94 %, 28331 MiB
2026/10/01 04:53:24.491, 2902 MHz, 13801 MHz, 0x0000000000000000, 485.06 W, 93 %, 28331 MiB
2026/10/01 04:53:25.003, 2902 MHz, 13801 MHz, 0x0000000000000000, 486.32 W, 94 %, 28331 MiB
2026/10/01 04:53:25.512, 2902 MHz, 13801 MHz, 0x0000000000000000, 484.72 W, 92 %, 28331 MiB
2026/10/01 04:53:26.022, 2902 MHz, 13801 MHz, 0x0000000000000000, 479.66 W, 91 %, 28331 MiB
2026/10/01 04:53:26.533, 2902 MHz, 13801 MHz, 0x0000000000000000, 478.39 W, 93 %, 28331 MiB
2026/10/01 04:53:27.047, 2902 MHz, 13801 MHz, 0x0000000000000000, 483.79 W, 94 %, 28331 MiB
2026/10/01 04:53:27.554, 2902 MHz, 13801 MHz, 0x0000000000000000, 487.04 W, 94 %, 28331 MiB
2026/10/01 04:53:28.064, 2902 MHz, 13801 MHz, 0x0000000000000000, 488.16 W, 95 %, 28331 MiB
2026/10/01 04:53:28.573, 2902 MHz, 13801 MHz, 0x0000000000000000, 488.23 W, 95 %, 28331 MiB
2026/10/01 04:53:29.082, 2902 MHz, 13801 MHz, 0x0000000000000000, 488.93 W, 94 %, 28331 MiB
2026/10/01 04:53:29.592, 2902 MHz, 13801 MHz, 0x0000000000000000, 488.42 W, 94 %, 28331 MiB
2026/10/01 04:53:30.101, 2902 MHz, 13801 MHz, 0x0000000000000000, 488.50 W, 94 %, 28331 MiB
2026/10/01 04:53:30.607, 2902 MHz, 13801 MHz, 0x0000000000000000, 489.58 W, 94 %, 28331 MiB
2026/10/01 04:53:31.116, 2902 MHz, 13801 MHz, 0x0000000000000000, 490.37 W, 94 %, 28331 MiB
2026/10/01 04:53:31.625, 2902 MHz, 13801 MHz, 0x0000000000000000, 489.81 W, 94 %, 28331 MiB
2026/10/01 04:53:32.135, 2902 MHz, 13801 MHz, 0x0000000000000000, 491.50 W, 94 %, 28331 MiB
2026/10/01 04:53:32.643, 2902 MHz, 13801 MHz, 0x0000000000000000, 491.78 W, 94 %, 28331 MiB
2026/10/01 04:53:33.155, 2902 MHz, 13801 MHz, 0x0000000000000000, 492.24 W, 94 %, 28331 MiB
2026/10/01 04:53:33.664, 2902 MHz, 13801 MHz, 0x0000000000000000, 491.61 W, 95 %, 28331 MiB
2026/10/01 04:53:34.171, 2902 MHz, 13801 MHz, 0x0000000000000000, 491.99 W, 94 %, 28331 MiB
2026/10/01 04:53:34.680, 2902 MHz, 13801 MHz, 0x0000000000000000, 492.91 W, 94 %, 28331 MiB
2026/10/01 04:53:35.190, 2902 MHz, 13801 MHz, 0x0000000000000000, 493.02 W, 94 %, 28331 MiB
2026/10/01 04:53:35.697, 2902 MHz, 13801 MHz, 0x0000000000000000, 491.31 W, 95 %, 28331 MiB
2026/10/01 04:53:36.209, 2902 MHz, 13801 MHz, 0x0000000000000000, 491.21 W, 94 %, 28331 MiB
2026/10/01 04:53:36.720, 2902 MHz, 13801 MHz, 0x0000000000000000, 489.53 W, 93 %, 28331 MiB
2026/10/01 04:53:37.229, 2902 MHz, 13801 MHz, 0x0000000000000000, 485.67 W, 89 %, 28336 MiB
2026/10/01 04:53:37.738, 2902 MHz, 13801 MHz, 0x0000000000000000, 487.11 W, 94 %, 28336 MiB
2026/10/01 04:53:38.248, 2902 MHz, 13801 MHz, 0x0000000000000000, 489.81 W, 94 %, 28331 MiB
2026/10/01 04:53:38.759, 2902 MHz, 13801 MHz, 0x0000000000000000, 492.73 W, 93 %, 28345 MiB
2026/10/01 04:53:39.271, 2902 MHz, 13801 MHz, 0x0000000000000000, 490.21 W, 92 %, 28345 MiB
2026/10/01 04:53:39.780, 2902 MHz, 13801 MHz, 0x0000000000000000, 491.83 W, 94 %, 28345 MiB
2026/10/01 04:53:40.292, 2902 MHz, 13801 MHz, 0x0000000000000000, 495.82 W, 94 %, 28345 MiB
2026/10/01 04:53:40.803, 2902 MHz, 13801 MHz, 0x0000000000000000, 493.57 W, 95 %, 28345 MiB
2026/10/01 04:53:41.310, 2902 MHz, 13801 MHz, 0x0000000000000000, 491.89 W, 94 %, 28345 MiB
2026/10/01 04:53:41.818, 2902 MHz, 13801 MHz, 0x0000000000000000, 495.10 W, 94 %, 28345 MiB
2026/10/01 04:53:42.328, 2902 MHz, 13801 MHz, 0x0000000000000000, 495.95 W, 94 %, 28345 MiB
2026/10/01 04:53:42.840, 2902 MHz, 13801 MHz, 0x0000000000000000, 495.68 W, 94 %, 28345 MiB
2026/10/01 04:53:43.350, 2902 MHz, 13801 MHz, 0x0000000000000000, 496.40 W, 91 %, 28345 MiB
2026/10/01 04:53:43.859, 2902 MHz, 13801 MHz, 0x0000000000000000, 492.76 W, 94 %, 28345 MiB
2026/10/01 04:53:44.367, 2902 MHz, 13801 MHz, 0x0000000000000000, 493.61 W, 94 %, 28345 MiB
2026/10/01 04:53:44.875, 2902 MHz, 13801 MHz, 0x0000000000000000, 496.26 W, 94 %, 28345 MiB
2026/10/01 04:53:45.385, 2902 MHz, 13801 MHz, 0x0000000000000000, 496.67 W, 95 %, 28345 MiB
2026/10/01 04:53:45.894, 2902 MHz, 13801 MHz, 0x0000000000000000, 497.63 W, 95 %, 28345 MiB
2026/10/01 04:53:46.402, 2895 MHz, 13801 MHz, 0x0000000000000000, 496.81 W, 94 %, 28345 MiB
2026/10/01 04:53:46.912, 2895 MHz, 13801 MHz, 0x0000000000000000, 498.28 W, 95 %, 28345 MiB
2026/10/01 04:53:47.421, 2895 MHz, 13801 MHz, 0x0000000000000000, 498.57 W, 94 %, 28345 MiB
2026/10/01 04:53:47.929, 2895 MHz, 13801 MHz, 0x0000000000000000, 498.77 W, 94 %, 28345 MiB
2026/10/01 04:53:48.438, 2895 MHz, 13801 MHz, 0x0000000000000000, 499.24 W, 94 %, 28345 MiB
2026/10/01 04:53:48.948, 2895 MHz, 13801 MHz, 0x0000000000000000, 498.70 W, 94 %, 28345 MiB
2026/10/01 04:53:49.457, 2895 MHz, 13801 MHz, 0x0000000000000000, 499.38 W, 94 %, 28345 MiB
2026/10/01 04:53:49.966, 2895 MHz, 13801 MHz, 0x0000000000000000, 496.88 W, 94 %, 28345 MiB
2026/10/01 04:53:50.475, 2895 MHz, 13801 MHz, 0x0000000000000000, 496.56 W, 94 %, 28345 MiB
2026/10/01 04:53:50.981, 2895 MHz, 13801 MHz, 0x0000000000000000, 498.37 W, 94 %, 28345 MiB
2026/10/01 04:53:51.490, 2895 MHz, 13801 MHz, 0x0000000000000000, 498.78 W, 94 %, 28345 MiB
2026/10/01 04:53:52.002, 2895 MHz, 13801 MHz, 0x0000000000000000, 499.27 W, 93 %, 28345 MiB
2026/10/01 04:53:52.512, 2895 MHz, 13801 MHz, 0x0000000000000000, 493.87 W, 93 %, 28345 MiB
2026/10/01 04:53:53.021, 2895 MHz, 13801 MHz, 0x0000000000000000, 493.68 W, 95 %, 28345 MiB
2026/10/01 04:53:53.531, 2895 MHz, 13801 MHz, 0x0000000000000000, 500.08 W, 94 %, 28345 MiB
2026/10/01 04:53:54.041, 2895 MHz, 13801 MHz, 0x0000000000000000, 501.23 W, 94 %, 28345 MiB
2026/10/01 04:53:54.551, 2895 MHz, 13801 MHz, 0x0000000000000000, 500.45 W, 94 %, 28345 MiB
2026/10/01 04:53:55.060, 2895 MHz, 13801 MHz, 0x0000000000000000, 500.05 W, 94 %, 28345 MiB
2026/10/01 04:53:55.571, 2895 MHz, 13801 MHz, 0x0000000000000000, 498.81 W, 93 %, 28345 MiB
2026/10/01 04:53:56.080, 2895 MHz, 13801 MHz, 0x0000000000000000, 489.74 W, 86 %, 28345 MiB
2026/10/01 04:53:56.589, 2895 MHz, 13801 MHz, 0x0000000000000000, 486.94 W, 94 %, 28345 MiB
2026/10/01 04:53:57.103, 2895 MHz, 13801 MHz, 0x0000000000000000, 493.44 W, 94 %, 28345 MiB
2026/10/01 04:53:57.613, 2895 MHz, 13801 MHz, 0x0000000000000000, 501.76 W, 93 %, 28345 MiB
2026/10/01 04:53:58.122, 2895 MHz, 13801 MHz, 0x0000000000000000, 489.40 W, 90 %, 28350 MiB
2026/10/01 04:53:58.631, 2895 MHz, 13801 MHz, 0x0000000000000000, 490.84 W, 94 %, 28350 MiB
2026/10/01 04:53:59.140, 2895 MHz, 13801 MHz, 0x0000000000000000, 495.58 W, 94 %, 28345 MiB
2026/10/01 04:53:59.652, 2895 MHz, 13801 MHz, 0x0000000000000000, 501.04 W, 94 %, 28345 MiB
2026/10/01 04:54:00.160, 2895 MHz, 13801 MHz, 0x0000000000000000, 502.30 W, 94 %, 28345 MiB
2026/10/01 04:54:00.671, 2887 MHz, 13801 MHz, 0x0000000000000000, 493.38 W, 94 %, 28345 MiB
2026/10/01 04:54:01.178, 2895 MHz, 13801 MHz, 0x0000000000000000, 494.86 W, 94 %, 28345 MiB
2026/10/01 04:54:01.686, 2895 MHz, 13801 MHz, 0x0000000000000000, 498.61 W, 94 %, 28345 MiB
2026/10/01 04:54:02.195, 2895 MHz, 13801 MHz, 0x0000000000000000, 497.23 W, 92 %, 28345 MiB
2026/10/01 04:54:02.705, 2895 MHz, 13801 MHz, 0x0000000000000000, 502.00 W, 94 %, 28345 MiB
2026/10/01 04:54:03.215, 2895 MHz, 13801 MHz, 0x0000000000000000, 501.71 W, 95 %, 28345 MiB
2026/10/01 04:54:03.726, 2895 MHz, 13801 MHz, 0x0000000000000000, 502.56 W, 94 %, 28345 MiB
2026/10/01 04:54:04.236, 2895 MHz, 13801 MHz, 0x0000000000000000, 503.18 W, 94 %, 28345 MiB
2026/10/01 04:54:04.746, 2895 MHz, 13801 MHz, 0x0000000000000000, 502.50 W, 94 %, 28345 MiB
2026/10/01 04:54:05.260, 2895 MHz, 13801 MHz, 0x0000000000000000, 500.15 W, 94 %, 28345 MiB
2026/10/01 04:54:05.771, 2895 MHz, 13801 MHz, 0x0000000000000000, 498.19 W, 93 %, 28345 MiB
2026/10/01 04:54:06.283, 2895 MHz, 13801 MHz, 0x0000000000000000, 499.04 W, 94 %, 28345 MiB
2026/10/01 04:54:06.794, 2895 MHz, 13801 MHz, 0x0000000000000000, 501.61 W, 95 %, 28345 MiB
2026/10/01 04:54:07.303, 2895 MHz, 13801 MHz, 0x0000000000000000, 503.08 W, 93 %, 28345 MiB
2026/10/01 04:54:07.811, 2895 MHz, 13801 MHz, 0x0000000000000000, 501.13 W, 94 %, 28345 MiB
2026/10/01 04:54:08.320, 2895 MHz, 13801 MHz, 0x0000000000000000, 501.12 W, 94 %, 28345 MiB
2026/10/01 04:54:08.827, 2895 MHz, 13801 MHz, 0x0000000000000000, 503.74 W, 94 %, 28345 MiB
2026/10/01 04:54:09.337, 2895 MHz, 13801 MHz, 0x0000000000000000, 504.15 W, 94 %, 28345 MiB
2026/10/01 04:54:09.845, 2895 MHz, 13801 MHz, 0x0000000000000000, 503.92 W, 94 %, 28345 MiB
2026/10/01 04:54:10.353, 2895 MHz, 13801 MHz, 0x0000000000000000, 503.31 W, 95 %, 28345 MiB
2026/10/01 04:54:10.863, 2895 MHz, 13801 MHz, 0x0000000000000000, 501.58 W, 94 %, 28345 MiB
2026/10/01 04:54:11.371, 2895 MHz, 13801 MHz, 0x0000000000000000, 502.78 W, 93 %, 28345 MiB
2026/10/01 04:54:11.883, 2895 MHz, 13801 MHz, 0x0000000000000000, 504.90 W, 94 %, 28345 MiB
2026/10/01 04:54:12.393, 2895 MHz, 13801 MHz, 0x0000000000000000, 503.12 W, 94 %, 28345 MiB
2026/10/01 04:54:12.904, 2895 MHz, 13801 MHz, 0x0000000000000000, 503.69 W, 94 %, 28345 MiB
2026/10/01 04:54:13.416, 2895 MHz, 13801 MHz, 0x0000000000000000, 502.49 W, 93 %, 28345 MiB
2026/10/01 04:54:13.930, 2895 MHz, 13801 MHz, 0x0000000000000000, 492.97 W, 88 %, 28345 MiB
2026/10/01 04:54:14.441, 2895 MHz, 13801 MHz, 0x0000000000000000, 486.57 W, 93 %, 28345 MiB
2026/10/01 04:54:14.956, 2887 MHz, 13801 MHz, 0x0000000000000000, 488.20 W, 93 %, 28345 MiB
2026/10/01 04:54:15.464, 2895 MHz, 13801 MHz, 0x0000000000000000, 496.15 W, 93 %, 28345 MiB
2026/10/01 04:54:15.975, 2895 MHz, 13801 MHz, 0x0000000000000000, 495.16 W, 93 %, 28345 MiB
2026/10/01 04:54:16.486, 2895 MHz, 13801 MHz, 0x0000000000000000, 494.05 W, 92 %, 28345 MiB
2026/10/01 04:54:16.998, 2895 MHz, 13801 MHz, 0x0000000000000000, 495.77 W, 89 %, 28345 MiB
2026/10/01 04:54:17.509, 2895 MHz, 13801 MHz, 0x0000000000000000, 493.05 W, 93 %, 28345 MiB
2026/10/01 04:54:18.022, 2895 MHz, 13801 MHz, 0x0000000000000000, 495.15 W, 92 %, 28345 MiB
2026/10/01 04:54:18.530, 2895 MHz, 13801 MHz, 0x0000000000000000, 499.36 W, 94 %, 28345 MiB
2026/10/01 04:54:19.041, 2895 MHz, 13801 MHz, 0x0000000000000000, 492.58 W, 89 %, 28345 MiB
2026/10/01 04:54:19.548, 2887 MHz, 13801 MHz, 0x0000000000000000, 481.36 W, 81 %, 28350 MiB
2026/10/01 04:54:20.060, 2895 MHz, 13801 MHz, 0x0000000000000000, 478.89 W, 90 %, 28350 MiB
2026/10/01 04:54:20.572, 2895 MHz, 13801 MHz, 0x0000000000000000, 485.79 W, 92 %, 28345 MiB
2026/10/01 04:54:21.082, 2895 MHz, 13801 MHz, 0x0000000000000000, 496.61 W, 93 %, 28345 MiB
2026/10/01 04:54:21.590, 2895 MHz, 13801 MHz, 0x0000000000000000, 499.43 W, 93 %, 28345 MiB
2026/10/01 04:54:22.100, 2895 MHz, 13801 MHz, 0x0000000000000000, 499.87 W, 92 %, 28345 MiB
2026/10/01 04:54:22.609, 2895 MHz, 13801 MHz, 0x0000000000000000, 496.85 W, 94 %, 28345 MiB
2026/10/01 04:54:23.119, 2895 MHz, 13801 MHz, 0x0000000000000000, 500.81 W, 94 %, 28345 MiB
2026/10/01 04:54:23.627, 2895 MHz, 13801 MHz, 0x0000000000000000, 505.06 W, 94 %, 28345 MiB
2026/10/01 04:54:24.137, 2895 MHz, 13801 MHz, 0x0000000000000000, 505.80 W, 94 %, 28345 MiB
2026/10/01 04:54:24.646, 2895 MHz, 13801 MHz, 0x0000000000000000, 504.83 W, 94 %, 28345 MiB
2026/10/01 04:54:25.155, 2895 MHz, 13801 MHz, 0x0000000000000000, 500.64 W, 93 %, 28345 MiB
2026/10/01 04:54:25.666, 2895 MHz, 13801 MHz, 0x0000000000000000, 497.50 W, 91 %, 28345 MiB
2026/10/01 04:54:26.174, 2895 MHz, 13801 MHz, 0x0000000000000000, 499.64 W, 94 %, 28345 MiB
2026/10/01 04:54:26.683, 2895 MHz, 13801 MHz, 0x0000000000000000, 504.05 W, 94 %, 28345 MiB
2026/10/01 04:54:27.195, 2895 MHz, 13801 MHz, 0x0000000000000000, 506.49 W, 94 %, 28345 MiB
2026/10/01 04:54:27.706, 2895 MHz, 13801 MHz, 0x0000000000000000, 506.94 W, 94 %, 28345 MiB
2026/10/01 04:54:28.215, 2895 MHz, 13801 MHz, 0x0000000000000000, 506.99 W, 94 %, 28345 MiB
2026/10/01 04:54:28.723, 2895 MHz, 13801 MHz, 0x0000000000000000, 507.38 W, 94 %, 28345 MiB
2026/10/01 04:54:29.231, 2895 MHz, 13801 MHz, 0x0000000000000000, 506.95 W, 94 %, 28345 MiB
2026/10/01 04:54:29.737, 2895 MHz, 13801 MHz, 0x0000000000000000, 506.80 W, 94 %, 28345 MiB
2026/10/01 04:54:30.246, 2895 MHz, 13801 MHz, 0x0000000000000000, 506.89 W, 95 %, 28345 MiB
2026/10/01 04:54:30.756, 2895 MHz, 13801 MHz, 0x0000000000000000, 504.49 W, 93 %, 28345 MiB
2026/10/01 04:54:31.265, 2895 MHz, 13801 MHz, 0x0000000000000000, 504.66 W, 94 %, 28345 MiB
2026/10/01 04:54:31.773, 2895 MHz, 13801 MHz, 0x0000000000000000, 502.35 W, 85 %, 28345 MiB
2026/10/01 04:54:32.283, 2895 MHz, 13801 MHz, 0x0000000000000000, 498.59 W, 93 %, 28345 MiB
2026/10/01 04:54:32.793, 2895 MHz, 13801 MHz, 0x0000000000000000, 501.18 W, 93 %, 28345 MiB
2026/10/01 04:54:33.302, 2895 MHz, 13801 MHz, 0x0000000000000000, 502.03 W, 93 %, 28345 MiB
2026/10/01 04:54:33.815, 2895 MHz, 13801 MHz, 0x0000000000000000, 504.03 W, 94 %, 28345 MiB
2026/10/01 04:54:34.322, 2887 MHz, 13801 MHz, 0x0000000000000000, 503.88 W, 86 %, 28345 MiB
2026/10/01 04:54:34.832, 2895 MHz, 13801 MHz, 0x0000000000000000, 503.19 W, 94 %, 28345 MiB
2026/10/01 04:54:35.342, 2895 MHz, 13801 MHz, 0x0000000000000000, 506.17 W, 94 %, 28345 MiB
2026/10/01 04:54:35.850, 2895 MHz, 13801 MHz, 0x0000000000000000, 505.98 W, 93 %, 28345 MiB
2026/10/01 04:54:36.359, 2895 MHz, 13801 MHz, 0x0000000000000000, 506.11 W, 94 %, 28345 MiB
2026/10/01 04:54:36.867, 2895 MHz, 13801 MHz, 0x0000000000000000, 506.88 W, 94 %, 28345 MiB
2026/10/01 04:54:37.379, 2887 MHz, 13801 MHz, 0x0000000000000000, 505.85 W, 91 %, 28345 MiB
2026/10/01 04:54:37.889, 2895 MHz, 13801 MHz, 0x0000000000000000, 504.29 W, 95 %, 28345 MiB
2026/10/01 04:54:38.397, 2895 MHz, 13801 MHz, 0x0000000000000000, 503.93 W, 94 %, 28345 MiB
2026/10/01 04:54:38.908, 2895 MHz, 13801 MHz, 0x0000000000000000, 504.71 W, 93 %, 28345 MiB
2026/10/01 04:54:39.415, 2895 MHz, 13801 MHz, 0x0000000000000000, 505.52 W, 94 %, 28345 MiB
2026/10/01 04:54:39.929, 2895 MHz, 13801 MHz, 0x0000000000000000, 504.48 W, 91 %, 28345 MiB
2026/10/01 04:54:40.439, 2895 MHz, 13801 MHz, 0x0000000000000000, 497.83 W, 93 %, 28345 MiB
2026/10/01 04:54:40.951, 2895 MHz, 13801 MHz, 0x0000000000000000, 493.85 W, 89 %, 28350 MiB
2026/10/01 04:54:41.459, 2895 MHz, 13801 MHz, 0x0000000000000000, 497.98 W, 93 %, 28345 MiB
2026/10/01 04:54:41.971, 2895 MHz, 13801 MHz, 0x0000000000000000, 501.55 W, 93 %, 28345 MiB
2026/10/01 04:54:42.479, 2895 MHz, 13801 MHz, 0x0000000000000000, 506.48 W, 94 %, 28345 MiB
2026/10/01 04:54:42.987, 2895 MHz, 13801 MHz, 0x0000000000000000, 502.58 W, 94 %, 28345 MiB
2026/10/01 04:54:43.497, 2895 MHz, 13801 MHz, 0x0000000000000000, 501.68 W, 91 %, 28345 MiB
2026/10/01 04:54:44.005, 2895 MHz, 13801 MHz, 0x0000000000000000, 500.46 W, 94 %, 28345 MiB
2026/10/01 04:54:44.516, 2895 MHz, 13801 MHz, 0x0000000000000000, 501.50 W, 94 %, 28345 MiB
2026/10/01 04:54:45.026, 2895 MHz, 13801 MHz, 0x0000000000000000, 507.89 W, 94 %, 28345 MiB
2026/10/01 04:54:45.535, 2895 MHz, 13801 MHz, 0x0000000000000000, 505.56 W, 95 %, 28345 MiB
2026/10/01 04:54:46.049, 2895 MHz, 13801 MHz, 0x0000000000000000, 496.56 W, 93 %, 28345 MiB
2026/10/01 04:54:46.561, 2895 MHz, 13801 MHz, 0x0000000000000000, 496.18 W, 93 %, 28345 MiB
2026/10/01 04:54:47.072, 2895 MHz, 13801 MHz, 0x0000000000000000, 501.62 W, 94 %, 28345 MiB
2026/10/01 04:54:47.582, 2895 MHz, 13801 MHz, 0x0000000000000000, 505.24 W, 94 %, 28345 MiB
2026/10/01 04:54:48.092, 2895 MHz, 13801 MHz, 0x0000000000000000, 506.97 W, 94 %, 28345 MiB
2026/10/01 04:54:48.602, 2895 MHz, 13801 MHz, 0x0000000000000000, 506.88 W, 94 %, 28345 MiB
2026/10/01 04:54:49.111, 2895 MHz, 13801 MHz, 0x0000000000000000, 500.40 W, 95 %, 28345 MiB
2026/10/01 04:54:49.622, 2895 MHz, 13801 MHz, 0x0000000000000000, 499.60 W, 94 %, 28345 MiB
2026/10/01 04:54:50.131, 2895 MHz, 13801 MHz, 0x0000000000000000, 500.23 W, 93 %, 28345 MiB
2026/10/01 04:54:50.642, 2895 MHz, 13801 MHz, 0x0000000000000000, 506.74 W, 94 %, 28345 MiB
2026/10/01 04:54:51.148, 2895 MHz, 13801 MHz, 0x0000000000000000, 507.13 W, 94 %, 28345 MiB
2026/10/01 04:54:51.661, 2895 MHz, 13801 MHz, 0x0000000000000000, 507.61 W, 94 %, 28345 MiB
2026/10/01 04:54:52.168, 2895 MHz, 13801 MHz, 0x0000000000000000, 509.13 W, 94 %, 28345 MiB
2026/10/01 04:54:52.677, 2895 MHz, 13801 MHz, 0x0000000000000000, 508.62 W, 92 %, 28345 MiB
2026/10/01 04:54:53.188, 2887 MHz, 13801 MHz, 0x0000000000000000, 506.30 W, 91 %, 28345 MiB
2026/10/01 04:54:53.697, 2895 MHz, 13801 MHz, 0x0000000000000000, 506.35 W, 94 %, 28345 MiB
2026/10/01 04:54:54.204, 2895 MHz, 13801 MHz, 0x0000000000000000, 507.02 W, 94 %, 28345 MiB
2026/10/01 04:54:54.715, 2895 MHz, 13801 MHz, 0x0000000000000000, 508.54 W, 94 %, 28345 MiB
2026/10/01 04:54:55.228, 2895 MHz, 13801 MHz, 0x0000000000000000, 504.24 W, 91 %, 28345 MiB
2026/10/01 04:54:55.739, 2895 MHz, 13801 MHz, 0x0000000000000000, 501.06 W, 90 %, 28345 MiB
2026/10/01 04:54:56.240, 2895 MHz, 13801 MHz, 0x0000000000000000, 498.77 W, 94 %, 28345 MiB
2026/10/01 04:54:56.750, 2895 MHz, 13801 MHz, 0x0000000000000000, 504.14 W, 94 %, 28345 MiB
2026/10/01 04:54:57.259, 2895 MHz, 13801 MHz, 0x0000000000000000, 509.55 W, 95 %, 28345 MiB
2026/10/01 04:54:57.771, 2887 MHz, 13801 MHz, 0x0000000000000000, 507.54 W, 92 %, 28345 MiB
2026/10/01 04:54:58.281, 2895 MHz, 13801 MHz, 0x0000000000000000, 506.27 W, 94 %, 28345 MiB
2026/10/01 04:54:58.792, 2895 MHz, 13801 MHz, 0x0000000000000000, 503.47 W, 92 %, 28345 MiB
2026/10/01 04:54:59.303, 2895 MHz, 13801 MHz, 0x0000000000000000, 502.74 W, 93 %, 28345 MiB
2026/10/01 04:54:59.811, 2895 MHz, 13801 MHz, 0x0000000000000000, 503.11 W, 93 %, 28345 MiB
2026/10/01 04:55:00.322, 2895 MHz, 13801 MHz, 0x0000000000000000, 504.21 W, 93 %, 28345 MiB
2026/10/01 04:55:00.831, 2895 MHz, 13801 MHz, 0x0000000000000000, 505.97 W, 93 %, 28345 MiB
2026/10/01 04:55:01.343, 2895 MHz, 13801 MHz, 0x0000000000000000, 500.92 W, 90 %, 28345 MiB
2026/10/01 04:55:01.850, 2895 MHz, 13801 MHz, 0x0000000000000000, 497.48 W, 90 %, 28347 MiB
2026/10/01 04:55:02.360, 2895 MHz, 13801 MHz, 0x0000000000000000, 498.90 W, 94 %, 28347 MiB
2026/10/01 04:55:02.869, 2895 MHz, 13801 MHz, 0x0000000000000000, 498.02 W, 89 %, 28345 MiB
2026/10/01 04:55:03.378, 2895 MHz, 13801 MHz, 0x0000000000000000, 500.29 W, 94 %, 28345 MiB
2026/10/01 04:55:03.890, 2895 MHz, 13801 MHz, 0x0000000000000000, 504.96 W, 95 %, 28345 MiB
2026/10/01 04:55:04.399, 2895 MHz, 13801 MHz, 0x0000000000000000, 507.92 W, 95 %, 28345 MiB
2026/10/01 04:55:04.907, 2895 MHz, 13801 MHz, 0x0000000000000000, 508.23 W, 95 %, 28345 MiB
2026/10/01 04:55:05.418, 2895 MHz, 13801 MHz, 0x0000000000000000, 509.31 W, 95 %, 28345 MiB
2026/10/01 04:55:05.927, 2895 MHz, 13801 MHz, 0x0000000000000000, 507.67 W, 94 %, 28345 MiB
2026/10/01 04:55:06.435, 2895 MHz, 13801 MHz, 0x0000000000000000, 507.13 W, 94 %, 28345 MiB
2026/10/01 04:55:06.947, 2895 MHz, 13801 MHz, 0x0000000000000000, 507.68 W, 94 %, 28345 MiB
2026/10/01 04:55:07.458, 2895 MHz, 13801 MHz, 0x0000000000000000, 507.84 W, 94 %, 28345 MiB
2026/10/01 04:55:07.968, 2895 MHz, 13801 MHz, 0x0000000000000000, 507.21 W, 94 %, 28345 MiB
2026/10/01 04:55:08.475, 2895 MHz, 13801 MHz, 0x0000000000000000, 507.00 W, 94 %, 28345 MiB
2026/10/01 04:55:08.984, 2895 MHz, 13801 MHz, 0x0000000000000000, 508.10 W, 94 %, 28345 MiB
2026/10/01 04:55:09.492, 2895 MHz, 13801 MHz, 0x0000000000000000, 508.58 W, 94 %, 28345 MiB
2026/10/01 04:55:10.000, 2895 MHz, 13801 MHz, 0x0000000000000000, 507.77 W, 94 %, 28345 MiB
2026/10/01 04:55:10.508, 2895 MHz, 13801 MHz, 0x0000000000000000, 508.44 W, 94 %, 28345 MiB
2026/10/01 04:55:11.018, 2895 MHz, 13801 MHz, 0x0000000000000000, 509.06 W, 94 %, 28345 MiB
2026/10/01 04:55:11.526, 2895 MHz, 13801 MHz, 0x0000000000000000, 508.76 W, 94 %, 28345 MiB
2026/10/01 04:55:12.036, 2895 MHz, 13801 MHz, 0x0000000000000000, 508.67 W, 94 %, 28345 MiB
2026/10/01 04:55:12.544, 2887 MHz, 13801 MHz, 0x0000000000000000, 508.76 W, 91 %, 28345 MiB
2026/10/01 04:55:13.055, 2895 MHz, 13801 MHz, 0x0000000000000000, 502.77 W, 93 %, 28345 MiB
2026/10/01 04:55:13.568, 2895 MHz, 13801 MHz, 0x0000000000000000, 498.95 W, 92 %, 28345 MiB
2026/10/01 04:55:14.075, 2895 MHz, 13801 MHz, 0x0000000000000000, 498.10 W, 92 %, 28345 MiB
2026/10/01 04:55:14.583, 2895 MHz, 13801 MHz, 0x0000000000000000, 500.62 W, 94 %, 28345 MiB
2026/10/01 04:55:15.091, 2895 MHz, 13801 MHz, 0x0000000000000000, 508.01 W, 94 %, 28345 MiB
2026/10/01 04:55:15.603, 2895 MHz, 13801 MHz, 0x0000000000000000, 507.13 W, 94 %, 28345 MiB
2026/10/01 04:55:16.115, 2895 MHz, 13801 MHz, 0x0000000000000000, 506.21 W, 94 %, 28345 MiB
2026/10/01 04:55:16.626, 2887 MHz, 13801 MHz, 0x0000000000000000, 507.49 W, 94 %, 28345 MiB
2026/10/01 04:55:17.134, 2895 MHz, 13801 MHz, 0x0000000000000000, 507.54 W, 94 %, 28345 MiB
2026/10/01 04:55:17.643, 2895 MHz, 13801 MHz, 0x0000000000000000, 510.29 W, 95 %, 28345 MiB
2026/10/01 04:55:18.152, 2895 MHz, 13801 MHz, 0x0000000000000000, 510.05 W, 94 %, 28345 MiB
2026/10/01 04:55:18.654, 2917 MHz, 13801 MHz, 0x0000000000000000, 426.14 W, 0 %, 28345 MiB
2026/10/01 04:55:19.169, 2925 MHz, 13801 MHz, 0x0000000000000000, 214.36 W, 0 %, 28345 MiB
2026/10/01 04:55:19.673, 2925 MHz, 13801 MHz, 0x0000000000000000, 103.10 W, 0 %, 28345 MiB
2026/10/01 04:55:20.187, 2452 MHz, 13801 MHz, 0x0000000000000000, 101.85 W, 0 %, 28345 MiB
2026/10/01 04:55:20.700, 682 MHz, 7001 MHz, 0x0000000000000000, 76.33 W, 0 %, 28345 MiB
2026/10/01 04:55:21.201, 525 MHz, 7001 MHz, 0x0000000000000000, 44.98 W, 0 %, 28345 MiB
2026/10/01 04:55:21.715, 472 MHz, 7001 MHz, 0x0000000000000000, 39.98 W, 0 %, 28345 MiB
2026/10/01 04:55:22.215, 472 MHz, 7001 MHz, 0x0000000000000000, 39.98 W, 0 %, 28345 MiB
2026/10/01 04:55:22.729, 270 MHz, 7001 MHz, 0x0000000000000000, 38.15 W, 0 %, 28350 MiB
2026/10/01 04:55:23.242, 210 MHz, 7001 MHz, 0x0000000000000000, 38.16 W, 0 %, 28350 MiB
2026/10/01 04:55:23.754, 187 MHz, 7001 MHz, 0x0000000000000000, 38.15 W, 0 %, 28345 MiB
2026/10/01 04:55:24.268, 180 MHz, 7001 MHz, 0x0000000000000000, 37.95 W, 0 %, 28345 MiB
2026/10/01 04:55:24.782, 180 MHz, 7001 MHz, 0x0000000000000000, 37.94 W, 0 %, 28345 MiB
2026/10/01 04:55:25.293, 180 MHz, 7001 MHz, 0x0000000000000000, 37.94 W, 0 %, 28345 MiB
2026/10/01 04:55:25.805, 180 MHz, 810 MHz, 0x0000000000000000, 24.98 W, 0 %, 28345 MiB
2026/10/01 04:55:26.319, 180 MHz, 810 MHz, 0x0000000000000000, 24.98 W, 0 %, 28345 MiB
2026/10/01 04:55:26.830, 172 MHz, 810 MHz, 0x0000000000000000, 19.16 W, 0 %, 28345 MiB
2026/10/01 04:55:27.345, 172 MHz, 810 MHz, 0x0000000000000000, 19.16 W, 0 %, 28345 MiB
2026/10/01 04:55:27.858, 180 MHz, 405 MHz, 0x0000000000000000, 14.17 W, 0 %, 28345 MiB
2026/10/01 04:55:28.373, 180 MHz, 405 MHz, 0x0000000000000000, 14.17 W, 0 %, 28345 MiB
2026/10/01 04:55:28.886, 180 MHz, 405 MHz, 0x0000000000000000, 13.88 W, 0 %, 28345 MiB
2026/10/01 04:55:29.400, 180 MHz, 405 MHz, 0x0000000000000000, 13.88 W, 0 %, 28345 MiB
2026/10/01 04:55:29.902, 180 MHz, 405 MHz, 0x0000000000000000, 13.54 W, 0 %, 28345 MiB
2026/10/01 04:55:30.416, 180 MHz, 405 MHz, 0x0000000000000000, 13.54 W, 0 %, 28345 MiB
2026/10/01 04:55:30.930, 180 MHz, 405 MHz, 0x0000000000000000, 13.36 W, 0 %, 28345 MiB
2026/10/01 04:55:31.432, 180 MHz, 405 MHz, 0x0000000000000000, 13.36 W, 0 %, 28345 MiB
2026/10/01 04:55:31.948, 2902 MHz, 13801 MHz, 0x0000000000000000, 142.63 W, 93 %, 28345 MiB
2026/10/01 04:55:32.462, 2902 MHz, 13801 MHz, 0x0000000000000000, 251.01 W, 92 %, 28345 MiB
2026/10/01 04:55:32.963, 2902 MHz, 13801 MHz, 0x0000000000000000, 492.32 W, 93 %, 28345 MiB
2026/10/01 04:55:33.477, 2902 MHz, 13801 MHz, 0x0000000000000000, 490.53 W, 93 %, 28345 MiB
2026/10/01 04:55:33.978, 2902 MHz, 13801 MHz, 0x0000000000000000, 489.86 W, 93 %, 28345 MiB
2026/10/01 04:55:34.479, 2895 MHz, 13801 MHz, 0x0000000000000000, 486.92 W, 91 %, 28345 MiB
2026/10/01 04:55:34.995, 2895 MHz, 13801 MHz, 0x0000000000000000, 488.51 W, 93 %, 28345 MiB
2026/10/01 04:55:35.497, 2895 MHz, 13801 MHz, 0x0000000000000000, 494.50 W, 94 %, 28345 MiB
2026/10/01 04:55:36.009, 2895 MHz, 13801 MHz, 0x0000000000000000, 496.47 W, 94 %, 28345 MiB
2026/10/01 04:55:36.523, 2895 MHz, 13801 MHz, 0x0000000000000000, 494.81 W, 92 %, 28345 MiB
2026/10/01 04:55:37.025, 2895 MHz, 13801 MHz, 0x0000000000000000, 494.37 W, 92 %, 28345 MiB
2026/10/01 04:55:37.538, 2895 MHz, 13801 MHz, 0x0000000000000000, 490.65 W, 92 %, 28345 MiB
2026/10/01 04:55:38.039, 2902 MHz, 13801 MHz, 0x0000000000000000, 456.37 W, 93 %, 28345 MiB
2026/10/01 04:55:38.541, 2895 MHz, 13801 MHz, 0x0000000000000000, 464.87 W, 93 %, 28345 MiB
2026/10/01 04:55:39.044, 2895 MHz, 13801 MHz, 0x0000000000000000, 496.54 W, 91 %, 28345 MiB
2026/10/01 04:55:39.557, 2895 MHz, 13801 MHz, 0x0000000000000000, 496.05 W, 93 %, 28345 MiB
2026/10/01 04:55:40.071, 2895 MHz, 13801 MHz, 0x0000000000000000, 493.87 W, 93 %, 28345 MiB
2026/10/01 04:55:40.587, 2895 MHz, 13801 MHz, 0x0000000000000000, 491.00 W, 93 %, 28345 MiB
2026/10/01 04:55:41.087, 2895 MHz, 13801 MHz, 0x0000000000000000, 491.84 W, 91 %, 28345 MiB
2026/10/01 04:55:41.601, 2895 MHz, 13801 MHz, 0x0000000000000000, 494.28 W, 92 %, 28345 MiB
2026/10/01 04:55:42.117, 2902 MHz, 13801 MHz, 0x0000000000000000, 474.50 W, 57 %, 28345 MiB
2026/10/01 04:55:42.629, 2887 MHz, 13801 MHz, 0x0000000000000000, 465.89 W, 90 %, 28345 MiB
2026/10/01 04:55:43.142, 2895 MHz, 13801 MHz, 0x0000000000000000, 493.40 W, 91 %, 28345 MiB
2026/10/01 04:55:43.644, 2895 MHz, 13801 MHz, 0x0000000000000000, 491.03 W, 92 %, 28350 MiB
2026/10/01 04:55:44.159, 2895 MHz, 13801 MHz, 0x0000000000000000, 491.26 W, 93 %, 28350 MiB
2026/10/01 04:55:44.662, 2895 MHz, 13801 MHz, 0x0000000000000000, 494.55 W, 92 %, 28345 MiB
2026/10/01 04:55:45.163, 2895 MHz, 13801 MHz, 0x0000000000000000, 467.83 W, 94 %, 28345 MiB
2026/10/01 04:55:45.678, 2895 MHz, 13801 MHz, 0x0000000000000000, 471.51 W, 93 %, 28345 MiB
2026/10/01 04:55:46.188, 2895 MHz, 13801 MHz, 0x0000000000000000, 496.39 W, 92 %, 28345 MiB
2026/10/01 04:55:46.689, 2895 MHz, 13801 MHz, 0x0000000000000000, 495.64 W, 93 %, 28345 MiB
2026/10/01 04:55:47.203, 2895 MHz, 13801 MHz, 0x0000000000000000, 495.37 W, 93 %, 28345 MiB
2026/10/01 04:55:47.719, 2895 MHz, 13801 MHz, 0x0000000000000000, 490.18 W, 94 %, 28345 MiB
2026/10/01 04:55:48.221, 2895 MHz, 13801 MHz, 0x0000000000000000, 492.37 W, 92 %, 28345 MiB
2026/10/01 04:55:48.736, 2902 MHz, 13801 MHz, 0x0000000000000000, 489.45 W, 62 %, 28345 MiB
2026/10/01 04:55:49.237, 2895 MHz, 13801 MHz, 0x0000000000000000, 471.13 W, 93 %, 28345 MiB
2026/10/01 04:55:49.738, 2895 MHz, 13801 MHz, 0x0000000000000000, 460.21 W, 94 %, 28345 MiB
2026/10/01 04:55:50.251, 2895 MHz, 13801 MHz, 0x0000000000000000, 486.73 W, 92 %, 28345 MiB
2026/10/01 04:55:50.766, 2895 MHz, 13801 MHz, 0x0000000000000000, 494.88 W, 93 %, 28345 MiB
2026/10/01 04:55:51.281, 2895 MHz, 13801 MHz, 0x0000000000000000, 495.41 W, 87 %, 28345 MiB
2026/10/01 04:55:51.794, 2895 MHz, 13801 MHz, 0x0000000000000000, 497.60 W, 92 %, 28345 MiB
2026/10/01 04:55:52.296, 2895 MHz, 13801 MHz, 0x0000000000000000, 497.21 W, 93 %, 28345 MiB
2026/10/01 04:55:52.797, 2895 MHz, 13801 MHz, 0x0000000000000000, 498.51 W, 94 %, 28345 MiB
2026/10/01 04:55:53.312, 2895 MHz, 13801 MHz, 0x0000000000000000, 490.28 W, 93 %, 28345 MiB
2026/10/01 04:55:53.812, 2895 MHz, 13801 MHz, 0x0000000000000000, 491.22 W, 93 %, 28345 MiB
2026/10/01 04:55:54.328, 2895 MHz, 13801 MHz, 0x0000000000000000, 497.85 W, 94 %, 28345 MiB
2026/10/01 04:55:54.843, 2895 MHz, 13801 MHz, 0x0000000000000000, 498.46 W, 93 %, 28345 MiB
2026/10/01 04:55:55.354, 2895 MHz, 13801 MHz, 0x0000000000000000, 500.51 W, 95 %, 28345 MiB
2026/10/01 04:55:55.857, 2895 MHz, 13801 MHz, 0x0000000000000000, 489.79 W, 72 %, 28345 MiB
2026/10/01 04:55:56.359, 2895 MHz, 13801 MHz, 0x0000000000000000, 470.33 W, 93 %, 28345 MiB
2026/10/01 04:55:56.871, 2895 MHz, 13801 MHz, 0x0000000000000000, 474.11 W, 92 %, 28345 MiB
2026/10/01 04:55:57.374, 2895 MHz, 13801 MHz, 0x0000000000000000, 499.28 W, 92 %, 28345 MiB
2026/10/01 04:55:57.888, 2895 MHz, 13801 MHz, 0x0000000000000000, 500.10 W, 95 %, 28345 MiB
2026/10/01 04:55:58.403, 2895 MHz, 13801 MHz, 0x0000000000000000, 500.83 W, 92 %, 28345 MiB
2026/10/01 04:55:58.904, 2895 MHz, 13801 MHz, 0x0000000000000000, 490.54 W, 93 %, 28345 MiB
2026/10/01 04:55:59.420, 2895 MHz, 13801 MHz, 0x0000000000000000, 489.78 W, 93 %, 28345 MiB
2026/10/01 04:55:59.934, 2895 MHz, 13801 MHz, 0x0000000000000000, 500.46 W, 94 %, 28345 MiB
2026/10/01 04:56:00.447, 2895 MHz, 13801 MHz, 0x0000000000000000, 502.25 W, 93 %, 28345 MiB
2026/10/01 04:56:00.962, 2895 MHz, 13801 MHz, 0x0000000000000000, 504.05 W, 94 %, 28345 MiB
2026/10/01 04:56:01.465, 2925 MHz, 13801 MHz, 0x0000000000000000, 413.55 W, 0 %, 28345 MiB
2026/10/01 04:56:01.979, 2925 MHz, 13801 MHz, 0x0000000000000000, 238.61 W, 0 %, 28345 MiB
2026/10/01 04:56:02.482, 2925 MHz, 13801 MHz, 0x0000000000000000, 101.08 W, 0 %, 28345 MiB
2026/10/01 04:56:02.997, 2925 MHz, 13801 MHz, 0x0000000000000000, 100.17 W, 0 %, 28345 MiB
2026/10/01 04:56:03.512, 517 MHz, 7001 MHz, 0x0000000000000000, 80.03 W, 0 %, 28345 MiB
2026/10/01 04:56:04.014, 420 MHz, 7001 MHz, 0x0000000000000000, 53.71 W, 0 %, 28345 MiB
2026/10/01 04:56:04.528, 375 MHz, 7001 MHz, 0x0000000000000000, 38.95 W, 0 %, 28345 MiB
2026/10/01 04:56:05.041, 300 MHz, 7001 MHz, 0x0000000000000000, 37.65 W, 0 %, 28350 MiB
2026/10/01 04:56:05.555, 210 MHz, 7001 MHz, 0x0000000000000000, 37.54 W, 0 %, 28350 MiB
2026/10/01 04:56:06.069, 187 MHz, 7001 MHz, 0x0000000000000000, 37.45 W, 0 %, 28345 MiB
2026/10/01 04:56:06.581, 187 MHz, 7001 MHz, 0x0000000000000000, 37.26 W, 0 %, 28345 MiB
2026/10/01 04:56:07.082, 180 MHz, 7001 MHz, 0x0000000000000000, 37.20 W, 0 %, 28345 MiB
2026/10/01 04:56:07.583, 187 MHz, 810 MHz, 0x0000000000000000, 36.03 W, 0 %, 28345 MiB
2026/10/01 04:56:08.084, 187 MHz, 810 MHz, 0x0000000000000000, 36.03 W, 0 %, 28345 MiB
2026/10/01 04:56:08.598, 180 MHz, 810 MHz, 0x0000000000000000, 16.81 W, 0 %, 29171 MiB
2026/10/01 04:56:09.109, 2910 MHz, 13801 MHz, 0x0000000000000004, 93.40 W, 100 %, 29171 MiB
2026/10/01 04:56:09.617, 2895 MHz, 13801 MHz, 0x0000000000000000, 313.45 W, 94 %, 29171 MiB
2026/10/01 04:56:10.128, 2895 MHz, 13801 MHz, 0x0000000000000000, 507.15 W, 94 %, 29171 MiB
2026/10/01 04:56:10.637, 2895 MHz, 13801 MHz, 0x0000000000000000, 497.84 W, 93 %, 29171 MiB
2026/10/01 04:56:11.146, 2895 MHz, 13801 MHz, 0x0000000000000000, 502.09 W, 94 %, 29171 MiB
2026/10/01 04:56:11.656, 2895 MHz, 13801 MHz, 0x0000000000000000, 498.34 W, 93 %, 29171 MiB
2026/10/01 04:56:12.163, 2895 MHz, 13801 MHz, 0x0000000000000000, 499.13 W, 94 %, 29171 MiB
2026/10/01 04:56:12.673, 2895 MHz, 13801 MHz, 0x0000000000000000, 503.44 W, 94 %, 29171 MiB
2026/10/01 04:56:13.178, 2895 MHz, 13801 MHz, 0x0000000000000000, 503.24 W, 95 %, 29171 MiB
2026/10/01 04:56:13.690, 2895 MHz, 13801 MHz, 0x0000000000000000, 480.94 W, 82 %, 29171 MiB
2026/10/01 04:56:14.200, 2895 MHz, 13801 MHz, 0x0000000000000000, 480.03 W, 94 %, 29171 MiB
2026/10/01 04:56:14.709, 2895 MHz, 13801 MHz, 0x0000000000000000, 504.37 W, 95 %, 29171 MiB
2026/10/01 04:56:15.218, 2895 MHz, 13801 MHz, 0x0000000000000000, 503.95 W, 94 %, 29171 MiB
2026/10/01 04:56:15.725, 2895 MHz, 13801 MHz, 0x0000000000000000, 518.12 W, 95 %, 29171 MiB
2026/10/01 04:56:16.237, 2895 MHz, 13801 MHz, 0x0000000000000000, 520.44 W, 94 %, 29171 MiB
2026/10/01 04:56:16.748, 2895 MHz, 13801 MHz, 0x0000000000000000, 501.94 W, 94 %, 29171 MiB
2026/10/01 04:56:17.257, 2895 MHz, 13801 MHz, 0x0000000000000000, 501.41 W, 94 %, 29171 MiB
2026/10/01 04:56:17.766, 2895 MHz, 13801 MHz, 0x0000000000000000, 504.39 W, 94 %, 29171 MiB
2026/10/01 04:56:18.274, 2895 MHz, 13801 MHz, 0x0000000000000000, 505.07 W, 94 %, 29171 MiB
2026/10/01 04:56:18.786, 2895 MHz, 13801 MHz, 0x0000000000000000, 502.71 W, 91 %, 29171 MiB
2026/10/01 04:56:19.293, 2895 MHz, 13801 MHz, 0x0000000000000000, 499.89 W, 93 %, 29171 MiB
2026/10/01 04:56:19.804, 2895 MHz, 13801 MHz, 0x0000000000000000, 501.26 W, 94 %, 29171 MiB
2026/10/01 04:56:20.313, 2895 MHz, 13801 MHz, 0x0000000000000000, 504.13 W, 94 %, 29171 MiB
2026/10/01 04:56:20.821, 2895 MHz, 13801 MHz, 0x0000000000000000, 504.39 W, 95 %, 29171 MiB
2026/10/01 04:56:21.329, 2895 MHz, 13801 MHz, 0x0000000000000000, 504.66 W, 95 %, 29171 MiB
2026/10/01 04:56:21.836, 2895 MHz, 13801 MHz, 0x0000000000000000, 505.04 W, 94 %, 29171 MiB
2026/10/01 04:56:22.348, 2895 MHz, 13801 MHz, 0x0000000000000000, 505.32 W, 94 %, 29171 MiB
2026/10/01 04:56:22.862, 2895 MHz, 13801 MHz, 0x0000000000000000, 523.42 W, 97 %, 29171 MiB
2026/10/01 04:56:23.371, 2895 MHz, 13801 MHz, 0x0000000000000000, 523.53 W, 94 %, 29171 MiB
2026/10/01 04:56:23.876, 2895 MHz, 13801 MHz, 0x0000000000000000, 506.60 W, 95 %, 29171 MiB
2026/10/01 04:56:24.383, 2895 MHz, 13801 MHz, 0x0000000000000000, 506.72 W, 95 %, 29171 MiB
2026/10/01 04:56:24.893, 2895 MHz, 13801 MHz, 0x0000000000000000, 506.31 W, 94 %, 29171 MiB
2026/10/01 04:56:25.405, 2895 MHz, 13801 MHz, 0x0000000000000000, 499.17 W, 91 %, 29171 MiB
2026/10/01 04:56:25.914, 2895 MHz, 13801 MHz, 0x0000000000000000, 493.50 W, 91 %, 29173 MiB
2026/10/01 04:56:26.424, 2895 MHz, 13801 MHz, 0x0000000000000000, 491.45 W, 90 %, 29171 MiB
2026/10/01 04:56:26.933, 2895 MHz, 13801 MHz, 0x0000000000000000, 495.92 W, 94 %, 29171 MiB
2026/10/01 04:56:27.442, 2895 MHz, 13801 MHz, 0x0000000000000000, 500.17 W, 94 %, 29171 MiB
2026/10/01 04:56:27.949, 2895 MHz, 13801 MHz, 0x0000000000000000, 507.06 W, 94 %, 29171 MiB
2026/10/01 04:56:28.451, 2895 MHz, 13801 MHz, 0x0000000000000000, 507.54 W, 94 %, 29171 MiB
2026/10/01 04:56:28.963, 2895 MHz, 13801 MHz, 0x0000000000000000, 527.92 W, 96 %, 29171 MiB
2026/10/01 04:56:29.473, 2895 MHz, 13801 MHz, 0x0000000000000000, 526.61 W, 94 %, 29171 MiB
2026/10/01 04:56:29.979, 2895 MHz, 13801 MHz, 0x0000000000000000, 507.99 W, 94 %, 29171 MiB
2026/10/01 04:56:30.486, 2895 MHz, 13801 MHz, 0x0000000000000000, 504.59 W, 93 %, 29171 MiB
2026/10/01 04:56:30.997, 2895 MHz, 13801 MHz, 0x0000000000000000, 503.70 W, 92 %, 29171 MiB
2026/10/01 04:56:31.509, 2895 MHz, 13801 MHz, 0x0000000000000000, 498.78 W, 89 %, 29171 MiB
2026/10/01 04:56:32.017, 2895 MHz, 13801 MHz, 0x0000000000000000, 490.59 W, 91 %, 29171 MiB
2026/10/01 04:56:32.525, 2895 MHz, 13801 MHz, 0x0000000000000000, 493.29 W, 92 %, 29171 MiB
2026/10/01 04:56:33.036, 2895 MHz, 13801 MHz, 0x0000000000000000, 496.56 W, 92 %, 29171 MiB
2026/10/01 04:56:33.550, 2895 MHz, 13801 MHz, 0x0000000000000000, 494.57 W, 91 %, 29171 MiB
2026/10/01 04:56:34.062, 2895 MHz, 13801 MHz, 0x0000000000000000, 496.37 W, 93 %, 29171 MiB
2026/10/01 04:56:34.575, 2895 MHz, 13801 MHz, 0x0000000000000000, 500.36 W, 93 %, 29171 MiB
2026/10/01 04:56:35.087, 2895 MHz, 13801 MHz, 0x0000000000000000, 501.67 W, 93 %, 29171 MiB
2026/10/01 04:56:35.598, 2895 MHz, 13801 MHz, 0x0000000000000000, 503.60 W, 92 %, 29171 MiB
2026/10/01 04:56:36.111, 2895 MHz, 13801 MHz, 0x0000000000000004, 499.71 W, 94 %, 29171 MiB
2026/10/01 04:56:36.622, 2895 MHz, 13801 MHz, 0x0000000000000000, 515.01 W, 90 %, 29171 MiB
2026/10/01 04:56:37.133, 2895 MHz, 13801 MHz, 0x0000000000000000, 515.87 W, 93 %, 29171 MiB
2026/10/01 04:56:37.645, 2895 MHz, 13801 MHz, 0x0000000000000000, 496.41 W, 90 %, 29171 MiB
2026/10/01 04:56:38.155, 2895 MHz, 13801 MHz, 0x0000000000000000, 495.17 W, 92 %, 29171 MiB
2026/10/01 04:56:38.667, 2895 MHz, 13801 MHz, 0x0000000000000000, 500.34 W, 93 %, 29171 MiB
2026/10/01 04:56:39.177, 2895 MHz, 13801 MHz, 0x0000000000000000, 501.34 W, 92 %, 29171 MiB
2026/10/01 04:56:39.688, 2895 MHz, 13801 MHz, 0x0000000000000000, 503.60 W, 93 %, 29171 MiB
2026/10/01 04:56:40.201, 2895 MHz, 13801 MHz, 0x0000000000000000, 504.48 W, 94 %, 29171 MiB
2026/10/01 04:56:40.708, 2895 MHz, 13801 MHz, 0x0000000000000000, 504.90 W, 94 %, 29171 MiB
2026/10/01 04:56:41.216, 2895 MHz, 13801 MHz, 0x0000000000000000, 503.43 W, 92 %, 29171 MiB
2026/10/01 04:56:41.725, 2895 MHz, 13801 MHz, 0x0000000000000000, 504.10 W, 94 %, 29171 MiB
2026/10/01 04:56:42.235, 2895 MHz, 13801 MHz, 0x0000000000000000, 501.78 W, 94 %, 29171 MiB
2026/10/01 04:56:42.748, 2895 MHz, 13801 MHz, 0x0000000000000000, 521.21 W, 100 %, 29171 MiB
2026/10/01 04:56:43.256, 2895 MHz, 13801 MHz, 0x0000000000000000, 522.16 W, 92 %, 29171 MiB
2026/10/01 04:56:43.762, 2895 MHz, 13801 MHz, 0x0000000000000000, 500.27 W, 93 %, 29171 MiB
2026/10/01 04:56:44.269, 2895 MHz, 13801 MHz, 0x0000000000000000, 501.03 W, 94 %, 29171 MiB
2026/10/01 04:56:44.777, 2895 MHz, 13801 MHz, 0x0000000000000000, 504.59 W, 93 %, 29171 MiB
2026/10/01 04:56:45.288, 2895 MHz, 13801 MHz, 0x0000000000000000, 500.81 W, 92 %, 29171 MiB
2026/10/01 04:56:45.801, 2925 MHz, 13801 MHz, 0x0000000000000000, 303.38 W, 0 %, 29177 MiB
2026/10/01 04:56:46.303, 2925 MHz, 13801 MHz, 0x0000000000000000, 106.99 W, 0 %, 29177 MiB
2026/10/01 04:56:46.813, 2925 MHz, 13801 MHz, 0x0000000000000000, 102.21 W, 0 %, 29183 MiB
2026/10/01 04:56:47.329, 2407 MHz, 13801 MHz, 0x0000000000000000, 96.58 W, 0 %, 29183 MiB
2026/10/01 04:56:47.844, 502 MHz, 7001 MHz, 0x0000000000000000, 68.25 W, 0 %, 29178 MiB
2026/10/01 04:56:48.346, 397 MHz, 7001 MHz, 0x0000000000000000, 42.84 W, 0 %, 29178 MiB
2026/10/01 04:56:48.857, 322 MHz, 7001 MHz, 0x0000000000000000, 38.20 W, 0 %, 29178 MiB
2026/10/01 04:56:49.360, 322 MHz, 7001 MHz, 0x0000000000000000, 38.10 W, 0 %, 29178 MiB
2026/10/01 04:56:49.875, 322 MHz, 7001 MHz, 0x0000000000000000, 38.10 W, 0 %, 29178 MiB
2026/10/01 04:56:50.391, 202 MHz, 7001 MHz, 0x0000000000000000, 37.78 W, 0 %, 29178 MiB
2026/10/01 04:56:50.905, 202 MHz, 7001 MHz, 0x0000000000000000, 37.78 W, 0 %, 29178 MiB
2026/10/01 04:56:51.407, 172 MHz, 810 MHz, 0x0000000000000000, 21.11 W, 0 %, 29178 MiB
2026/10/01 04:56:51.919, 172 MHz, 810 MHz, 0x0000000000000000, 21.11 W, 0 %, 29178 MiB
2026/10/01 04:56:52.433, 180 MHz, 405 MHz, 0x0000000000000000, 17.87 W, 0 %, 29178 MiB
2026/10/01 04:56:52.946, 180 MHz, 405 MHz, 0x0000000000000000, 17.87 W, 0 %, 29178 MiB
2026/10/01 04:56:53.459, 180 MHz, 405 MHz, 0x0000000000000000, 14.48 W, 0 %, 29178 MiB
2026/10/01 04:56:53.960, 180 MHz, 405 MHz, 0x0000000000000000, 14.48 W, 0 %, 29178 MiB
2026/10/01 04:56:54.462, 180 MHz, 405 MHz, 0x0000000000000000, 13.98 W, 0 %, 29178 MiB
2026/10/01 04:56:54.976, 180 MHz, 405 MHz, 0x0000000000000000, 13.98 W, 0 %, 29178 MiB
2026/10/01 04:56:55.489, 180 MHz, 405 MHz, 0x0000000000000000, 13.68 W, 0 %, 29178 MiB
2026/10/01 04:56:56.003, 210 MHz, 405 MHz, 0x0000000000000000, 14.22 W, 0 %, 29178 MiB
2026/10/01 04:56:56.519, 180 MHz, 405 MHz, 0x0000000000000000, 15.43 W, 0 %, 29178 MiB
2026/10/01 04:56:57.022, 180 MHz, 405 MHz, 0x0000000000000000, 15.59 W, 0 %, 29178 MiB
2026/10/01 04:56:57.525, 180 MHz, 405 MHz, 0x0000000000000000, 15.59 W, 0 %, 29178 MiB
2026/10/01 04:56:58.026, 180 MHz, 405 MHz, 0x0000000000000000, 13.71 W, 0 %, 29178 MiB
2026/10/01 04:56:58.537, 180 MHz, 405 MHz, 0x0000000000000000, 13.71 W, 0 %, 29178 MiB
2026/10/01 04:56:59.052, 180 MHz, 405 MHz, 0x0000000000000000, 13.13 W, 0 %, 29178 MiB
2026/10/01 04:56:59.552, 180 MHz, 405 MHz, 0x0000000000000000, 13.13 W, 0 %, 29178 MiB
2026/10/01 04:57:00.068, 180 MHz, 405 MHz, 0x0000000000000000, 12.90 W, 0 %, 29178 MiB
2026/10/01 04:57:00.582, 180 MHz, 405 MHz, 0x0000000000000000, 12.90 W, 0 %, 29178 MiB
2026/10/01 04:57:01.084, 180 MHz, 405 MHz, 0x0000000000000000, 12.61 W, 0 %, 29178 MiB
2026/10/01 04:57:01.586, 180 MHz, 405 MHz, 0x0000000000000000, 12.61 W, 0 %, 29178 MiB
2026/10/01 04:57:02.100, 180 MHz, 405 MHz, 0x0000000000000000, 12.34 W, 0 %, 29178 MiB
2026/10/01 04:57:02.614, 180 MHz, 405 MHz, 0x0000000000000000, 12.34 W, 0 %, 29178 MiB
2026/10/01 04:57:03.130, 180 MHz, 405 MHz, 0x0000000000000000, 12.54 W, 0 %, 29178 MiB
2026/10/01 04:57:03.643, 180 MHz, 405 MHz, 0x0000000000000000, 12.54 W, 0 %, 29178 MiB
2026/10/01 04:57:04.157, 180 MHz, 405 MHz, 0x0000000000000000, 12.31 W, 0 %, 29178 MiB
2026/10/01 04:57:04.670, 180 MHz, 405 MHz, 0x0000000000000000, 12.12 W, 0 %, 29178 MiB
2026/10/01 04:57:05.183, 180 MHz, 405 MHz, 0x0000000000000000, 12.12 W, 0 %, 29178 MiB
2026/10/01 04:57:05.692, 180 MHz, 405 MHz, 0x0000000000000000, 12.13 W, 0 %, 29178 MiB
2026/10/01 04:57:06.204, 180 MHz, 405 MHz, 0x0000000000000000, 12.76 W, 11 %, 29178 MiB
2026/10/01 04:57:06.720, 2917 MHz, 13801 MHz, 0x0000000000000004, 106.36 W, 100 %, 29296 MiB
2026/10/01 04:57:07.228, 2910 MHz, 13801 MHz, 0x0000000000000000, 349.92 W, 92 %, 29296 MiB
2026/10/01 04:57:07.738, 2910 MHz, 13801 MHz, 0x0000000000000000, 448.00 W, 90 %, 29301 MiB
2026/10/01 04:57:08.247, 2910 MHz, 13801 MHz, 0x0000000000000000, 432.77 W, 92 %, 29301 MiB
2026/10/01 04:57:08.756, 2910 MHz, 13801 MHz, 0x0000000000000000, 431.73 W, 93 %, 29296 MiB
2026/10/01 04:57:09.266, 2910 MHz, 13801 MHz, 0x0000000000000000, 432.83 W, 93 %, 29296 MiB
2026/10/01 04:57:09.774, 2910 MHz, 13801 MHz, 0x0000000000000000, 437.59 W, 93 %, 29296 MiB
2026/10/01 04:57:10.285, 2910 MHz, 13801 MHz, 0x0000000000000000, 437.99 W, 92 %, 29296 MiB
2026/10/01 04:57:10.795, 2910 MHz, 13801 MHz, 0x0000000000000000, 420.88 W, 93 %, 29298 MiB
2026/10/01 04:57:11.304, 2902 MHz, 13801 MHz, 0x0000000000000000, 445.96 W, 92 %, 29298 MiB
2026/10/01 04:57:11.810, 2895 MHz, 13801 MHz, 0x0000000000000000, 497.64 W, 92 %, 29298 MiB
2026/10/01 04:57:12.319, 2910 MHz, 13801 MHz, 0x0000000000000000, 477.65 W, 91 %, 29298 MiB
2026/10/01 04:57:12.829, 2910 MHz, 13801 MHz, 0x0000000000000000, 435.00 W, 91 %, 29298 MiB
2026/10/01 04:57:13.339, 2910 MHz, 13801 MHz, 0x0000000000000000, 436.12 W, 93 %, 29298 MiB
2026/10/01 04:57:13.848, 2910 MHz, 13801 MHz, 0x0000000000000000, 439.49 W, 93 %, 29298 MiB
2026/10/01 04:57:14.357, 2910 MHz, 13801 MHz, 0x0000000000000000, 438.93 W, 93 %, 29298 MiB
2026/10/01 04:57:14.868, 2902 MHz, 13801 MHz, 0x0000000000000000, 436.49 W, 86 %, 29298 MiB
2026/10/01 04:57:15.376, 2910 MHz, 13801 MHz, 0x0000000000000000, 428.23 W, 83 %, 29298 MiB
2026/10/01 04:57:15.884, 2902 MHz, 13801 MHz, 0x0000000000000000, 426.56 W, 81 %, 29298 MiB
2026/10/01 04:57:16.390, 2902 MHz, 13801 MHz, 0x0000000000000000, 434.14 W, 84 %, 29298 MiB
2026/10/01 04:57:16.903, 2910 MHz, 13801 MHz, 0x0000000000000000, 435.63 W, 92 %, 29298 MiB
2026/10/01 04:57:17.414, 2910 MHz, 13801 MHz, 0x0000000000000000, 435.94 W, 90 %, 29298 MiB
2026/10/01 04:57:17.926, 2910 MHz, 13801 MHz, 0x0000000000000000, 440.12 W, 93 %, 29298 MiB
2026/10/01 04:57:18.434, 2902 MHz, 13801 MHz, 0x0000000000000000, 442.24 W, 93 %, 29298 MiB
2026/10/01 04:57:18.943, 2902 MHz, 13801 MHz, 0x0000000000000000, 441.11 W, 93 %, 29298 MiB
2026/10/01 04:57:19.451, 2902 MHz, 13801 MHz, 0x0000000000000000, 441.07 W, 92 %, 29298 MiB
2026/10/01 04:57:19.959, 2902 MHz, 13801 MHz, 0x0000000000000000, 438.51 W, 92 %, 29298 MiB
2026/10/01 04:57:20.466, 2910 MHz, 13801 MHz, 0x0000000000000000, 436.51 W, 92 %, 29298 MiB
2026/10/01 04:57:20.975, 2902 MHz, 13801 MHz, 0x0000000000000000, 439.81 W, 93 %, 29298 MiB
2026/10/01 04:57:21.482, 2902 MHz, 13801 MHz, 0x0000000000000000, 439.61 W, 93 %, 29298 MiB
2026/10/01 04:57:21.994, 2910 MHz, 13801 MHz, 0x0000000000000000, 441.26 W, 93 %, 29298 MiB
2026/10/01 04:57:22.503, 2910 MHz, 13801 MHz, 0x0000000000000000, 443.89 W, 93 %, 29298 MiB
2026/10/01 04:57:23.014, 2902 MHz, 13801 MHz, 0x0000000000000000, 447.22 W, 93 %, 29298 MiB
2026/10/01 04:57:23.528, 2902 MHz, 13801 MHz, 0x0000000000000000, 443.77 W, 90 %, 29298 MiB
2026/10/01 04:57:24.041, 2902 MHz, 13801 MHz, 0x0000000000000000, 441.29 W, 93 %, 29298 MiB
2026/10/01 04:57:24.553, 2910 MHz, 13801 MHz, 0x0000000000000000, 444.10 W, 92 %, 29298 MiB
2026/10/01 04:57:25.062, 2902 MHz, 13801 MHz, 0x0000000000000000, 442.17 W, 92 %, 29298 MiB
2026/10/01 04:57:25.567, 2902 MHz, 13801 MHz, 0x0000000000000000, 435.50 W, 88 %, 29298 MiB
2026/10/01 04:57:26.078, 2902 MHz, 13801 MHz, 0x0000000000000000, 416.11 W, 63 %, 29298 MiB
2026/10/01 04:57:26.591, 2910 MHz, 13801 MHz, 0x0000000000000000, 407.26 W, 86 %, 29298 MiB
2026/10/01 04:57:27.097, 2902 MHz, 13801 MHz, 0x0000000000000000, 417.49 W, 90 %, 29298 MiB
2026/10/01 04:57:27.608, 2902 MHz, 13801 MHz, 0x0000000000000000, 436.65 W, 91 %, 29298 MiB
2026/10/01 04:57:28.117, 2895 MHz, 13801 MHz, 0x0000000000000000, 442.44 W, 93 %, 29298 MiB
2026/10/01 04:57:28.627, 2902 MHz, 13801 MHz, 0x0000000000000000, 438.65 W, 88 %, 29298 MiB
2026/10/01 04:57:29.140, 2902 MHz, 13801 MHz, 0x0000000000000000, 427.77 W, 84 %, 29303 MiB
2026/10/01 04:57:29.651, 2895 MHz, 13801 MHz, 0x0000000000000000, 439.50 W, 88 %, 29298 MiB
2026/10/01 04:57:30.161, 2895 MHz, 13801 MHz, 0x0000000000000004, 446.12 W, 91 %, 29298 MiB
2026/10/01 04:57:30.668, 2902 MHz, 13801 MHz, 0x0000000000000000, 445.93 W, 93 %, 29298 MiB
2026/10/01 04:57:31.179, 2895 MHz, 13801 MHz, 0x0000000000000000, 443.40 W, 92 %, 29298 MiB
2026/10/01 04:57:31.689, 2895 MHz, 13801 MHz, 0x0000000000000000, 444.79 W, 90 %, 29298 MiB
2026/10/01 04:57:32.203, 2902 MHz, 13801 MHz, 0x0000000000000000, 446.88 W, 92 %, 29298 MiB
2026/10/01 04:57:32.712, 2895 MHz, 13801 MHz, 0x0000000000000000, 441.89 W, 92 %, 29298 MiB
2026/10/01 04:57:33.219, 2895 MHz, 13801 MHz, 0x0000000000000000, 440.74 W, 91 %, 29298 MiB
2026/10/01 04:57:33.730, 2895 MHz, 13801 MHz, 0x0000000000000000, 445.30 W, 84 %, 29298 MiB
2026/10/01 04:57:34.243, 2902 MHz, 13801 MHz, 0x0000000000000000, 445.74 W, 92 %, 29298 MiB
2026/10/01 04:57:34.753, 2895 MHz, 13801 MHz, 0x0000000000000000, 445.73 W, 92 %, 29298 MiB
2026/10/01 04:57:35.261, 2902 MHz, 13801 MHz, 0x0000000000000000, 445.16 W, 92 %, 29298 MiB
2026/10/01 04:57:35.771, 2895 MHz, 13801 MHz, 0x0000000000000000, 445.70 W, 90 %, 29298 MiB
2026/10/01 04:57:36.280, 2895 MHz, 13801 MHz, 0x0000000000000000, 444.90 W, 91 %, 29298 MiB
2026/10/01 04:57:36.789, 2895 MHz, 13801 MHz, 0x0000000000000000, 443.13 W, 93 %, 29298 MiB
2026/10/01 04:57:37.305, 2895 MHz, 13801 MHz, 0x0000000000000000, 443.26 W, 89 %, 29298 MiB
2026/10/01 04:57:37.812, 2902 MHz, 13801 MHz, 0x0000000000000000, 440.64 W, 92 %, 29298 MiB
2026/10/01 04:57:38.321, 2895 MHz, 13801 MHz, 0x0000000000000000, 434.18 W, 90 %, 29298 MiB
2026/10/01 04:57:38.831, 2895 MHz, 13801 MHz, 0x0000000000000000, 434.67 W, 90 %, 29298 MiB
2026/10/01 04:57:39.340, 2902 MHz, 13801 MHz, 0x0000000000000000, 439.54 W, 90 %, 29298 MiB
2026/10/01 04:57:39.852, 2887 MHz, 13801 MHz, 0x0000000000000000, 440.69 W, 83 %, 29298 MiB
2026/10/01 04:57:40.363, 2895 MHz, 13801 MHz, 0x0000000000000000, 443.89 W, 90 %, 29298 MiB
2026/10/01 04:57:40.872, 2895 MHz, 13801 MHz, 0x0000000000000000, 439.15 W, 91 %, 29298 MiB
2026/10/01 04:57:41.384, 2887 MHz, 13801 MHz, 0x0000000000000000, 433.49 W, 77 %, 29298 MiB
2026/10/01 04:57:41.900, 2925 MHz, 13801 MHz, 0x0000000000000000, 290.61 W, 0 %, 29298 MiB
2026/10/01 04:57:42.412, 2925 MHz, 13801 MHz, 0x0000000000000000, 124.53 W, 0 %, 29298 MiB
2026/10/01 04:57:42.926, 2925 MHz, 13801 MHz, 0x0000000000000000, 98.86 W, 0 %, 29298 MiB
2026/10/01 04:57:43.436, 2415 MHz, 13801 MHz, 0x0000000000000000, 93.38 W, 0 %, 29298 MiB
2026/10/01 04:57:43.951, 502 MHz, 7001 MHz, 0x0000000000000000, 64.03 W, 0 %, 29298 MiB
2026/10/01 04:57:44.453, 397 MHz, 7001 MHz, 0x0000000000000000, 38.27 W, 0 %, 29298 MiB
2026/10/01 04:57:44.966, 397 MHz, 7001 MHz, 0x0000000000000000, 37.22 W, 0 %, 29298 MiB
2026/10/01 04:57:45.478, 397 MHz, 7001 MHz, 0x0000000000000000, 37.22 W, 0 %, 29298 MiB
2026/10/01 04:57:45.991, 247 MHz, 7001 MHz, 0x0000000000000000, 36.73 W, 0 %, 29298 MiB
2026/10/01 04:57:46.505, 247 MHz, 7001 MHz, 0x0000000000000000, 36.73 W, 0 %, 29298 MiB
2026/10/01 04:57:47.015, 180 MHz, 7001 MHz, 0x0000000000000000, 36.67 W, 0 %, 29298 MiB
2026/10/01 04:57:47.529, 180 MHz, 7001 MHz, 0x0000000000000000, 36.67 W, 0 %, 29298 MiB
2026/10/01 04:57:48.045, 180 MHz, 7001 MHz, 0x0000000000000000, 36.61 W, 0 %, 29298 MiB
2026/10/01 04:57:48.560, 180 MHz, 7001 MHz, 0x0000000000000000, 36.61 W, 0 %, 29298 MiB
2026/10/01 04:57:49.074, 180 MHz, 810 MHz, 0x0000000000000000, 22.09 W, 0 %, 29298 MiB
2026/10/01 04:57:49.576, 180 MHz, 810 MHz, 0x0000000000000000, 22.09 W, 0 %, 29298 MiB
2026/10/01 04:57:50.089, 180 MHz, 810 MHz, 0x0000000000000000, 13.75 W, 0 %, 29303 MiB
2026/10/01 04:57:50.604, 180 MHz, 405 MHz, 0x0000000000000000, 13.99 W, 0 %, 29303 MiB
2026/10/01 04:57:51.120, 180 MHz, 405 MHz, 0x0000000000000000, 14.98 W, 0 %, 29298 MiB
2026/10/01 04:57:51.635, 180 MHz, 405 MHz, 0x0000000000000000, 16.32 W, 0 %, 29298 MiB
2026/10/01 04:57:52.138, 180 MHz, 405 MHz, 0x0000000000000000, 16.20 W, 0 %, 29298 MiB
2026/10/01 04:57:52.652, 180 MHz, 405 MHz, 0x0000000000000000, 16.20 W, 0 %, 29298 MiB
2026/10/01 04:57:53.154, 180 MHz, 405 MHz, 0x0000000000000000, 12.59 W, 0 %, 29298 MiB
2026/10/01 04:57:53.670, 217 MHz, 405 MHz, 0x0000000000000000, 12.71 W, 0 %, 29298 MiB
2026/10/01 04:58:04.771, 180 MHz, 405 MHz, 0x0000000000000000, 13.11 W, 0 %, 29298 MiB
2026/10/01 04:58:05.273, 2932 MHz, 13801 MHz, 0x0000000000000000, 90.49 W, 94 %, 29298 MiB
2026/10/01 04:58:05.788, 2902 MHz, 13801 MHz, 0x0000000000000000, 299.32 W, 94 %, 29298 MiB
2026/10/01 04:58:06.302, 2902 MHz, 13801 MHz, 0x0000000000000000, 485.63 W, 94 %, 29298 MiB
2026/10/01 04:58:06.815, 2902 MHz, 13801 MHz, 0x0000000000000000, 490.56 W, 94 %, 29298 MiB
2026/10/01 04:58:07.317, 2902 MHz, 13801 MHz, 0x0000000000000000, 488.07 W, 82 %, 29298 MiB
2026/10/01 04:58:07.818, 2902 MHz, 13801 MHz, 0x0000000000000000, 488.05 W, 93 %, 29298 MiB
2026/10/01 04:58:08.332, 2902 MHz, 13801 MHz, 0x0000000000000000, 487.55 W, 93 %, 29298 MiB
2026/10/01 04:58:08.833, 2902 MHz, 13801 MHz, 0x0000000000000000, 492.78 W, 94 %, 29298 MiB
2026/10/01 04:58:09.336, 2902 MHz, 13801 MHz, 0x0000000000000000, 493.74 W, 93 %, 29298 MiB
2026/10/01 04:58:09.851, 2902 MHz, 13801 MHz, 0x0000000000000000, 493.97 W, 94 %, 29298 MiB
2026/10/01 04:58:10.355, 2902 MHz, 13801 MHz, 0x0000000000000000, 492.07 W, 92 %, 29298 MiB
2026/10/01 04:58:10.860, 2902 MHz, 13801 MHz, 0x0000000000000000, 482.80 W, 93 %, 29303 MiB
2026/10/01 04:58:11.375, 2902 MHz, 13801 MHz, 0x0000000000000000, 481.13 W, 94 %, 29303 MiB
2026/10/01 04:58:11.889, 2902 MHz, 13801 MHz, 0x0000000000000000, 491.64 W, 94 %, 29298 MiB
2026/10/01 04:58:12.390, 2902 MHz, 13801 MHz, 0x0000000000000000, 491.49 W, 94 %, 29298 MiB
2026/10/01 04:58:12.892, 2902 MHz, 13801 MHz, 0x0000000000000000, 489.58 W, 93 %, 29298 MiB
2026/10/01 04:58:13.395, 2902 MHz, 13801 MHz, 0x0000000000000000, 492.00 W, 93 %, 29298 MiB
2026/10/01 04:58:13.896, 2895 MHz, 13801 MHz, 0x0000000000000000, 491.99 W, 95 %, 29298 MiB
2026/10/01 04:58:14.411, 2895 MHz, 13801 MHz, 0x0000000000000000, 492.19 W, 93 %, 29298 MiB
2026/10/01 04:58:14.924, 2895 MHz, 13801 MHz, 0x0000000000000000, 495.79 W, 94 %, 29298 MiB
2026/10/01 04:58:15.426, 2902 MHz, 13801 MHz, 0x0000000000000000, 476.75 W, 77 %, 29298 MiB
2026/10/01 04:58:15.938, 2910 MHz, 13801 MHz, 0x0000000000000000, 427.66 W, 0 %, 29298 MiB
2026/10/01 04:58:16.439, 2925 MHz, 13801 MHz, 0x0000000000000000, 264.00 W, 0 %, 29298 MiB
2026/10/01 04:58:16.954, 2925 MHz, 13801 MHz, 0x0000000000000000, 96.48 W, 0 %, 29298 MiB
2026/10/01 04:58:17.470, 2925 MHz, 13801 MHz, 0x0000000000000000, 95.10 W, 0 %, 29298 MiB
2026/10/01 04:58:17.983, 742 MHz, 13801 MHz, 0x0000000000000000, 77.40 W, 0 %, 29298 MiB
2026/10/01 04:58:18.496, 592 MHz, 810 MHz, 0x0000000000000000, 48.94 W, 0 %, 29298 MiB
2026/10/01 04:58:18.997, 465 MHz, 810 MHz, 0x0000000000000000, 33.29 W, 0 %, 29298 MiB
2026/10/01 04:58:19.499, 360 MHz, 810 MHz, 0x0000000000000000, 24.88 W, 0 %, 29298 MiB
2026/10/01 04:58:20.000, 277 MHz, 810 MHz, 0x0000000000000000, 20.06 W, 0 %, 29298 MiB
2026/10/01 04:58:20.502, 277 MHz, 810 MHz, 0x0000000000000000, 20.06 W, 0 %, 29298 MiB
2026/10/01 04:58:21.004, 277 MHz, 810 MHz, 0x0000000000000000, 12.49 W, 0 %, 29298 MiB
2026/10/01 04:58:21.519, 180 MHz, 405 MHz, 0x0000000000000000, 12.49 W, 0 %, 29298 MiB
2026/10/01 04:58:22.019, 180 MHz, 405 MHz, 0x0000000000000000, 12.20 W, 0 %, 29298 MiB
2026/10/01 04:58:22.534, 180 MHz, 405 MHz, 0x0000000000000000, 12.20 W, 0 %, 29298 MiB
2026/10/01 04:58:23.048, 180 MHz, 405 MHz, 0x0000000000000000, 11.95 W, 0 %, 29298 MiB
2026/10/01 04:58:23.563, 180 MHz, 405 MHz, 0x0000000000000000, 11.95 W, 0 %, 29298 MiB
2026/10/01 04:58:24.067, 180 MHz, 405 MHz, 0x0000000000000000, 11.65 W, 0 %, 29298 MiB
2026/10/01 04:58:24.580, 180 MHz, 405 MHz, 0x0000000000000000, 11.65 W, 0 %, 29298 MiB
2026/10/01 04:58:25.094, 180 MHz, 405 MHz, 0x0000000000000000, 11.63 W, 0 %, 29298 MiB
2026/10/01 04:58:25.608, 180 MHz, 405 MHz, 0x0000000000000000, 11.63 W, 0 %, 29298 MiB
2026/10/01 04:58:26.123, 180 MHz, 405 MHz, 0x0000000000000000, 11.84 W, 0 %, 29298 MiB
2026/10/01 04:58:26.634, 2932 MHz, 13801 MHz, 0x0000000000000000, 54.93 W, 93 %, 29298 MiB
2026/10/01 04:58:27.145, 2902 MHz, 13801 MHz, 0x0000000000000000, 316.56 W, 94 %, 29298 MiB
2026/10/01 04:58:27.653, 2902 MHz, 13801 MHz, 0x0000000000000000, 493.20 W, 93 %, 29298 MiB
2026/10/01 04:58:28.161, 2902 MHz, 13801 MHz, 0x0000000000000000, 492.48 W, 92 %, 29298 MiB
2026/10/01 04:58:28.668, 2902 MHz, 13801 MHz, 0x0000000000000000, 491.03 W, 93 %, 29298 MiB
2026/10/01 04:58:29.177, 2902 MHz, 13801 MHz, 0x0000000000000000, 492.04 W, 94 %, 29298 MiB
2026/10/01 04:58:29.685, 2902 MHz, 13801 MHz, 0x0000000000000000, 496.34 W, 94 %, 29298 MiB
2026/10/01 04:58:30.192, 2902 MHz, 13801 MHz, 0x0000000000000000, 497.39 W, 94 %, 29298 MiB
2026/10/01 04:58:30.699, 2902 MHz, 13801 MHz, 0x0000000000000000, 497.40 W, 94 %, 29298 MiB
2026/10/01 04:58:31.207, 2902 MHz, 13801 MHz, 0x0000000000000000, 494.18 W, 91 %, 29298 MiB
2026/10/01 04:58:31.715, 2902 MHz, 13801 MHz, 0x0000000000000000, 488.13 W, 92 %, 29298 MiB
2026/10/01 04:58:32.224, 2902 MHz, 13801 MHz, 0x0000000000000000, 484.57 W, 92 %, 29303 MiB
2026/10/01 04:58:32.733, 2902 MHz, 13801 MHz, 0x0000000000000000, 488.32 W, 94 %, 29298 MiB
2026/10/01 04:58:33.241, 2902 MHz, 13801 MHz, 0x0000000000000000, 493.50 W, 94 %, 29298 MiB
2026/10/01 04:58:33.748, 2895 MHz, 13801 MHz, 0x0000000000000000, 495.41 W, 95 %, 29298 MiB
2026/10/01 04:58:34.258, 2895 MHz, 13801 MHz, 0x0000000000000000, 496.84 W, 94 %, 29298 MiB
2026/10/01 04:58:34.769, 2895 MHz, 13801 MHz, 0x0000000000000000, 497.91 W, 94 %, 29298 MiB
2026/10/01 04:58:35.275, 2895 MHz, 13801 MHz, 0x0000000000000000, 498.25 W, 94 %, 29298 MiB
2026/10/01 04:58:35.784, 2895 MHz, 13801 MHz, 0x0000000000000000, 497.36 W, 93 %, 29298 MiB
2026/10/01 04:58:36.292, 2895 MHz, 13801 MHz, 0x0000000000000000, 498.28 W, 94 %, 29298 MiB
2026/10/01 04:58:36.802, 2887 MHz, 13801 MHz, 0x0000000000000000, 498.51 W, 94 %, 29298 MiB
2026/10/01 04:58:37.312, 2895 MHz, 13801 MHz, 0x0000000000000000, 498.50 W, 94 %, 29298 MiB
2026/10/01 04:58:37.820, 2895 MHz, 13801 MHz, 0x0000000000000000, 491.40 W, 94 %, 29298 MiB
2026/10/01 04:58:38.329, 2895 MHz, 13801 MHz, 0x0000000000000000, 492.42 W, 94 %, 29298 MiB
2026/10/01 04:58:38.838, 2895 MHz, 13801 MHz, 0x0000000000000000, 501.09 W, 94 %, 29298 MiB
2026/10/01 04:58:39.348, 2895 MHz, 13801 MHz, 0x0000000000000000, 499.58 W, 93 %, 29298 MiB
2026/10/01 04:58:39.858, 2895 MHz, 13801 MHz, 0x0000000000000000, 499.55 W, 94 %, 29298 MiB
2026/10/01 04:58:40.365, 2895 MHz, 13801 MHz, 0x0000000000000000, 501.50 W, 95 %, 29298 MiB
2026/10/01 04:58:40.874, 2895 MHz, 13801 MHz, 0x0000000000000000, 501.13 W, 95 %, 29298 MiB
2026/10/01 04:58:41.380, 2895 MHz, 13801 MHz, 0x0000000000000000, 500.48 W, 94 %, 29298 MiB
2026/10/01 04:58:41.889, 2895 MHz, 13801 MHz, 0x0000000000000000, 501.32 W, 94 %, 29298 MiB
2026/10/01 04:58:42.395, 2895 MHz, 13801 MHz, 0x0000000000000000, 502.73 W, 94 %, 29298 MiB
2026/10/01 04:58:42.904, 2895 MHz, 13801 MHz, 0x0000000000000000, 497.14 W, 93 %, 29298 MiB
2026/10/01 04:58:43.412, 2895 MHz, 13801 MHz, 0x0000000000000000, 495.68 W, 91 %, 29298 MiB
2026/10/01 04:58:43.919, 2887 MHz, 13801 MHz, 0x0000000000000000, 497.22 W, 94 %, 29298 MiB
2026/10/01 04:58:44.431, 2895 MHz, 13801 MHz, 0x0000000000000000, 499.06 W, 95 %, 29298 MiB
2026/10/01 04:58:44.940, 2895 MHz, 13801 MHz, 0x0000000000000000, 501.48 W, 94 %, 29298 MiB
2026/10/01 04:58:45.452, 2895 MHz, 13801 MHz, 0x0000000000000000, 500.26 W, 92 %, 29298 MiB
2026/10/01 04:58:45.961, 2887 MHz, 13801 MHz, 0x0000000000000000, 494.69 W, 92 %, 29298 MiB
2026/10/01 04:58:46.470, 2895 MHz, 13801 MHz, 0x0000000000000000, 496.09 W, 94 %, 29298 MiB
2026/10/01 04:58:46.979, 2895 MHz, 13801 MHz, 0x0000000000000000, 501.57 W, 93 %, 29298 MiB
2026/10/01 04:58:47.487, 2895 MHz, 13801 MHz, 0x0000000000000000, 501.68 W, 93 %, 29298 MiB
2026/10/01 04:58:47.997, 2895 MHz, 13801 MHz, 0x0000000000000000, 503.30 W, 94 %, 29298 MiB
2026/10/01 04:58:48.505, 2895 MHz, 13801 MHz, 0x0000000000000000, 505.44 W, 94 %, 29298 MiB
2026/10/01 04:58:49.018, 2887 MHz, 13801 MHz, 0x0000000000000000, 503.65 W, 94 %, 29298 MiB
2026/10/01 04:58:49.531, 2895 MHz, 13801 MHz, 0x0000000000000000, 497.82 W, 92 %, 29298 MiB
2026/10/01 04:58:50.044, 2895 MHz, 13801 MHz, 0x0000000000000000, 490.25 W, 84 %, 29298 MiB
2026/10/01 04:58:50.555, 2895 MHz, 13801 MHz, 0x0000000000000000, 486.84 W, 93 %, 29298 MiB
2026/10/01 04:58:51.064, 2895 MHz, 13801 MHz, 0x0000000000000000, 484.02 W, 85 %, 29298 MiB
2026/10/01 04:58:51.573, 2895 MHz, 13801 MHz, 0x0000000000000000, 492.83 W, 91 %, 29298 MiB
2026/10/01 04:58:52.084, 2895 MHz, 13801 MHz, 0x0000000000000000, 495.73 W, 94 %, 29298 MiB
2026/10/01 04:58:52.592, 2895 MHz, 13801 MHz, 0x0000000000000000, 492.89 W, 92 %, 29298 MiB
2026/10/01 04:58:53.099, 2895 MHz, 13801 MHz, 0x0000000000000000, 493.02 W, 91 %, 29303 MiB
2026/10/01 04:58:53.609, 2895 MHz, 13801 MHz, 0x0000000000000000, 490.94 W, 88 %, 29298 MiB
2026/10/01 04:58:54.120, 2887 MHz, 13801 MHz, 0x0000000000000000, 490.35 W, 92 %, 29298 MiB
2026/10/01 04:58:54.627, 2895 MHz, 13801 MHz, 0x0000000000000000, 493.77 W, 93 %, 29298 MiB
2026/10/01 04:58:55.136, 2895 MHz, 13801 MHz, 0x0000000000000000, 499.86 W, 93 %, 29298 MiB
2026/10/01 04:58:55.641, 2895 MHz, 13801 MHz, 0x0000000000000000, 498.20 W, 92 %, 29298 MiB
2026/10/01 04:58:56.152, 2895 MHz, 13801 MHz, 0x0000000000000000, 495.85 W, 91 %, 29298 MiB
2026/10/01 04:58:56.662, 2895 MHz, 13801 MHz, 0x0000000000000000, 497.13 W, 94 %, 29298 MiB
2026/10/01 04:58:57.172, 2895 MHz, 13801 MHz, 0x0000000000000000, 498.48 W, 91 %, 29298 MiB
2026/10/01 04:58:57.682, 2895 MHz, 13801 MHz, 0x0000000000000000, 501.09 W, 93 %, 29298 MiB
2026/10/01 04:58:58.189, 2895 MHz, 13801 MHz, 0x0000000000000000, 501.49 W, 92 %, 29298 MiB
2026/10/01 04:58:58.702, 2895 MHz, 13801 MHz, 0x0000000000000000, 501.73 W, 91 %, 29298 MiB
2026/10/01 04:58:59.210, 2895 MHz, 13801 MHz, 0x0000000000000000, 498.98 W, 92 %, 29298 MiB
2026/10/01 04:58:59.718, 2895 MHz, 13801 MHz, 0x0000000000000000, 500.55 W, 93 %, 29298 MiB
2026/10/01 04:59:00.227, 2895 MHz, 13801 MHz, 0x0000000000000000, 505.07 W, 95 %, 29298 MiB
2026/10/01 04:59:00.734, 2895 MHz, 13801 MHz, 0x0000000000000000, 505.51 W, 93 %, 29298 MiB
2026/10/01 04:59:01.244, 2895 MHz, 13801 MHz, 0x0000000000000000, 505.46 W, 94 %, 29298 MiB
2026/10/01 04:59:01.753, 2895 MHz, 13801 MHz, 0x0000000000000000, 502.49 W, 93 %, 29298 MiB
2026/10/01 04:59:02.263, 2895 MHz, 13801 MHz, 0x0000000000000000, 502.90 W, 93 %, 29298 MiB
2026/10/01 04:59:02.771, 2895 MHz, 13801 MHz, 0x0000000000000000, 446.72 W, 93 %, 29298 MiB
2026/10/01 04:59:03.284, 2895 MHz, 13801 MHz, 0x0000000000000000, 441.49 W, 94 %, 29298 MiB
2026/10/01 04:59:03.792, 2895 MHz, 13801 MHz, 0x0000000000000000, 506.92 W, 94 %, 29298 MiB
2026/10/01 04:59:04.302, 2895 MHz, 13801 MHz, 0x0000000000000000, 506.97 W, 94 %, 29298 MiB
2026/10/01 04:59:04.811, 2895 MHz, 13801 MHz, 0x0000000000000000, 507.02 W, 93 %, 29298 MiB
2026/10/01 04:59:05.321, 2895 MHz, 13801 MHz, 0x0000000000000000, 507.64 W, 95 %, 29298 MiB
2026/10/01 04:59:05.830, 2895 MHz, 13801 MHz, 0x0000000000000000, 507.17 W, 93 %, 29298 MiB
2026/10/01 04:59:06.338, 2895 MHz, 13801 MHz, 0x0000000000000000, 506.67 W, 94 %, 29298 MiB
2026/10/01 04:59:06.846, 2895 MHz, 13801 MHz, 0x0000000000000000, 505.59 W, 94 %, 29298 MiB
2026/10/01 04:59:07.353, 2895 MHz, 13801 MHz, 0x0000000000000000, 506.23 W, 94 %, 29298 MiB
2026/10/01 04:59:07.858, 2895 MHz, 13801 MHz, 0x0000000000000000, 507.67 W, 94 %, 29298 MiB
2026/10/01 04:59:08.365, 2887 MHz, 13801 MHz, 0x0000000000000000, 507.14 W, 91 %, 29298 MiB
2026/10/01 04:59:08.876, 2895 MHz, 13801 MHz, 0x0000000000000000, 507.45 W, 94 %, 29298 MiB
2026/10/01 04:59:09.382, 2895 MHz, 13801 MHz, 0x0000000000000000, 507.49 W, 95 %, 29298 MiB
2026/10/01 04:59:09.894, 2895 MHz, 13801 MHz, 0x0000000000000000, 508.81 W, 95 %, 29298 MiB
2026/10/01 04:59:10.402, 2895 MHz, 13801 MHz, 0x0000000000000000, 509.10 W, 95 %, 29298 MiB
2026/10/01 04:59:10.908, 2895 MHz, 13801 MHz, 0x0000000000000000, 509.25 W, 95 %, 29298 MiB
2026/10/01 04:59:11.419, 2895 MHz, 13801 MHz, 0x0000000000000000, 506.35 W, 94 %, 29298 MiB
2026/10/01 04:59:11.927, 2895 MHz, 13801 MHz, 0x0000000000000000, 506.07 W, 94 %, 29298 MiB
2026/10/01 04:59:12.436, 2895 MHz, 13801 MHz, 0x0000000000000000, 505.07 W, 93 %, 29298 MiB
2026/10/01 04:59:12.947, 2895 MHz, 13801 MHz, 0x0000000000000000, 501.58 W, 93 %, 29298 MiB
2026/10/01 04:59:13.458, 2895 MHz, 13801 MHz, 0x0000000000000000, 501.33 W, 91 %, 29298 MiB
2026/10/01 04:59:13.969, 2895 MHz, 13801 MHz, 0x0000000000000004, 499.77 W, 91 %, 29303 MiB
2026/10/01 04:59:14.478, 2895 MHz, 13801 MHz, 0x0000000000000000, 497.03 W, 91 %, 29303 MiB
2026/10/01 04:59:14.990, 2895 MHz, 13801 MHz, 0x0000000000000000, 500.48 W, 94 %, 29298 MiB
2026/10/01 04:59:15.496, 2895 MHz, 13801 MHz, 0x0000000000000000, 504.49 W, 94 %, 29298 MiB
2026/10/01 04:59:16.004, 2895 MHz, 13801 MHz, 0x0000000000000000, 504.96 W, 93 %, 29298 MiB
2026/10/01 04:59:16.513, 2895 MHz, 13801 MHz, 0x0000000000000000, 507.11 W, 95 %, 29298 MiB
2026/10/01 04:59:17.021, 2895 MHz, 13801 MHz, 0x0000000000000000, 507.10 W, 94 %, 29298 MiB
2026/10/01 04:59:17.532, 2895 MHz, 13801 MHz, 0x0000000000000000, 508.67 W, 95 %, 29298 MiB
2026/10/01 04:59:18.042, 2895 MHz, 13801 MHz, 0x0000000000000000, 507.74 W, 91 %, 29298 MiB
2026/10/01 04:59:18.550, 2895 MHz, 13801 MHz, 0x0000000000000000, 506.77 W, 95 %, 29298 MiB
2026/10/01 04:59:19.060, 2895 MHz, 13801 MHz, 0x0000000000000000, 505.58 W, 94 %, 29298 MiB
2026/10/01 04:59:19.570, 2895 MHz, 13801 MHz, 0x0000000000000000, 508.12 W, 94 %, 29298 MiB
2026/10/01 04:59:20.079, 2895 MHz, 13801 MHz, 0x0000000000000000, 508.96 W, 94 %, 29298 MiB
2026/10/01 04:59:20.588, 2895 MHz, 13801 MHz, 0x0000000000000000, 509.52 W, 94 %, 29298 MiB
2026/10/01 04:59:21.095, 2895 MHz, 13801 MHz, 0x0000000000000000, 508.12 W, 94 %, 29298 MiB
2026/10/01 04:59:21.602, 2895 MHz, 13801 MHz, 0x0000000000000000, 507.52 W, 94 %, 29298 MiB
2026/10/01 04:59:22.110, 2895 MHz, 13801 MHz, 0x0000000000000000, 509.63 W, 94 %, 29298 MiB
2026/10/01 04:59:22.620, 2895 MHz, 13801 MHz, 0x0000000000000000, 508.88 W, 92 %, 29298 MiB
2026/10/01 04:59:23.128, 2895 MHz, 13801 MHz, 0x0000000000000000, 507.95 W, 89 %, 29298 MiB
2026/10/01 04:59:23.637, 2895 MHz, 13801 MHz, 0x0000000000000000, 505.94 W, 94 %, 29298 MiB
2026/10/01 04:59:24.146, 2895 MHz, 13801 MHz, 0x0000000000000000, 507.86 W, 95 %, 29298 MiB
2026/10/01 04:59:24.657, 2895 MHz, 13801 MHz, 0x0000000000000000, 509.93 W, 94 %, 29298 MiB
2026/10/01 04:59:25.170, 2895 MHz, 13801 MHz, 0x0000000000000000, 499.83 W, 92 %, 29298 MiB
2026/10/01 04:59:25.681, 2895 MHz, 13801 MHz, 0x0000000000000000, 494.70 W, 90 %, 29298 MiB
2026/10/01 04:59:26.193, 2895 MHz, 13801 MHz, 0x0000000000000000, 498.40 W, 94 %, 29298 MiB
2026/10/01 04:59:26.703, 2895 MHz, 13801 MHz, 0x0000000000000000, 504.81 W, 94 %, 29298 MiB
2026/10/01 04:59:27.215, 2895 MHz, 13801 MHz, 0x0000000000000000, 507.97 W, 93 %, 29298 MiB
2026/10/01 04:59:27.723, 2895 MHz, 13801 MHz, 0x0000000000000004, 509.10 W, 95 %, 29298 MiB
2026/10/01 04:59:28.232, 2895 MHz, 13801 MHz, 0x0000000000000000, 508.70 W, 94 %, 29298 MiB
2026/10/01 04:59:28.742, 2895 MHz, 13801 MHz, 0x0000000000000000, 461.58 W, 0 %, 29298 MiB
2026/10/01 04:59:29.257, 2925 MHz, 13801 MHz, 0x0000000000000000, 259.42 W, 0 %, 29298 MiB
2026/10/01 04:59:29.757, 2925 MHz, 13801 MHz, 0x0000000000000000, 103.34 W, 0 %, 29298 MiB
2026/10/01 04:59:30.270, 2925 MHz, 13801 MHz, 0x0000000000000000, 102.33 W, 0 %, 29298 MiB
2026/10/01 04:59:30.784, 772 MHz, 7001 MHz, 0x0000000000000000, 83.14 W, 0 %, 29298 MiB
2026/10/01 04:59:31.298, 607 MHz, 7001 MHz, 0x0000000000000000, 51.90 W, 0 %, 29298 MiB
2026/10/01 04:59:31.811, 487 MHz, 7001 MHz, 0x0000000000000000, 40.53 W, 0 %, 29298 MiB
2026/10/01 04:59:32.323, 487 MHz, 7001 MHz, 0x0000000000000000, 40.53 W, 0 %, 29298 MiB
2026/10/01 04:59:32.824, 307 MHz, 7001 MHz, 0x0000000000000000, 38.11 W, 0 %, 29298 MiB
2026/10/01 04:59:33.336, 307 MHz, 7001 MHz, 0x0000000000000000, 38.11 W, 0 %, 29298 MiB
2026/10/01 04:59:33.837, 195 MHz, 7001 MHz, 0x0000000000000000, 37.99 W, 0 %, 29298 MiB
2026/10/01 04:59:34.351, 195 MHz, 7001 MHz, 0x0000000000000000, 37.99 W, 0 %, 29298 MiB
2026/10/01 04:59:34.853, 180 MHz, 7001 MHz, 0x0000000000000000, 37.88 W, 0 %, 29298 MiB
2026/10/01 04:59:35.368, 232 MHz, 810 MHz, 0x0000000000000000, 35.54 W, 0 %, 29303 MiB
2026/10/01 04:59:35.879, 180 MHz, 810 MHz, 0x0000000000000000, 32.53 W, 0 %, 29298 MiB
2026/10/01 04:59:36.393, 180 MHz, 810 MHz, 0x0000000000000000, 22.36 W, 0 %, 29298 MiB
2026/10/01 04:59:36.895, 180 MHz, 405 MHz, 0x0000000000000000, 20.45 W, 0 %, 29298 MiB
2026/10/01 04:59:37.410, 180 MHz, 405 MHz, 0x0000000000000000, 20.45 W, 0 %, 29298 MiB
2026/10/01 04:59:37.912, 180 MHz, 405 MHz, 0x0000000000000000, 14.44 W, 0 %, 29298 MiB
2026/10/01 04:59:38.428, 180 MHz, 405 MHz, 0x0000000000000000, 14.44 W, 0 %, 29298 MiB
2026/10/01 04:59:38.931, 180 MHz, 405 MHz, 0x0000000000000000, 13.93 W, 0 %, 29298 MiB
2026/10/01 04:59:39.434, 180 MHz, 405 MHz, 0x0000000000000000, 13.93 W, 0 %, 29298 MiB
2026/10/01 04:59:39.950, 180 MHz, 405 MHz, 0x0000000000000000, 13.94 W, 0 %, 29298 MiB
2026/10/01 04:59:40.451, 180 MHz, 405 MHz, 0x0000000000000000, 13.94 W, 0 %, 29298 MiB
2026/10/01 04:59:40.962, 180 MHz, 405 MHz, 0x0000000000000000, 13.75 W, 0 %, 29298 MiB
2026/10/01 04:59:41.477, 180 MHz, 405 MHz, 0x0000000000000000, 13.75 W, 0 %, 29298 MiB
2026/10/01 04:59:41.993, 180 MHz, 405 MHz, 0x0000000000000000, 13.25 W, 0 %, 29298 MiB
2026/10/01 04:59:42.508, 180 MHz, 405 MHz, 0x0000000000000000, 13.25 W, 0 %, 29298 MiB
2026/10/01 04:59:43.019, 180 MHz, 405 MHz, 0x0000000000000000, 13.21 W, 0 %, 29298 MiB
2026/10/01 04:59:43.533, 180 MHz, 405 MHz, 0x0000000000000000, 13.21 W, 0 %, 29298 MiB
2026/10/01 04:59:44.047, 180 MHz, 405 MHz, 0x0000000000000000, 13.23 W, 0 %, 29298 MiB
2026/10/01 04:59:44.560, 180 MHz, 405 MHz, 0x0000000000000000, 14.30 W, 0 %, 29298 MiB
2026/10/01 04:59:45.076, 180 MHz, 405 MHz, 0x0000000000000000, 16.14 W, 0 %, 29298 MiB
2026/10/01 04:59:45.588, 2902 MHz, 13801 MHz, 0x0000000000000000, 169.61 W, 93 %, 29298 MiB
2026/10/01 04:59:46.103, 2902 MHz, 13801 MHz, 0x0000000000000000, 373.79 W, 93 %, 29298 MiB
2026/10/01 04:59:46.615, 2902 MHz, 13801 MHz, 0x0000000000000000, 495.93 W, 94 %, 29298 MiB
2026/10/01 04:59:47.116, 2902 MHz, 13801 MHz, 0x0000000000000000, 494.79 W, 93 %, 29298 MiB
2026/10/01 04:59:47.616, 2902 MHz, 13801 MHz, 0x0000000000000000, 495.29 W, 93 %, 29298 MiB
2026/10/01 04:59:48.131, 2902 MHz, 13801 MHz, 0x0000000000000000, 494.53 W, 93 %, 29298 MiB
2026/10/01 04:59:48.645, 2902 MHz, 13801 MHz, 0x0000000000000000, 493.02 W, 94 %, 29298 MiB
2026/10/01 04:59:49.161, 2902 MHz, 13801 MHz, 0x0000000000000000, 493.95 W, 94 %, 29298 MiB
2026/10/01 04:59:49.661, 2902 MHz, 13801 MHz, 0x0000000000000000, 496.78 W, 94 %, 29298 MiB
2026/10/01 04:59:50.174, 2902 MHz, 13801 MHz, 0x0000000000000000, 473.20 W, 94 %, 29298 MiB
2026/10/01 04:59:50.690, 2902 MHz, 13801 MHz, 0x0000000000000000, 491.79 W, 93 %, 29298 MiB
2026/10/01 04:59:51.190, 2902 MHz, 13801 MHz, 0x0000000000000000, 491.29 W, 94 %, 29298 MiB
2026/10/01 04:59:51.691, 2895 MHz, 13801 MHz, 0x0000000000000000, 496.57 W, 94 %, 29298 MiB
2026/10/01 04:59:52.192, 2895 MHz, 13801 MHz, 0x0000000000000000, 496.30 W, 93 %, 29298 MiB
2026/10/01 04:59:52.705, 2895 MHz, 13801 MHz, 0x0000000000000000, 496.76 W, 93 %, 29298 MiB
2026/10/01 04:59:53.219, 2895 MHz, 13801 MHz, 0x0000000000000000, 497.94 W, 94 %, 29298 MiB
2026/10/01 04:59:53.722, 2895 MHz, 13801 MHz, 0x0000000000000000, 497.99 W, 94 %, 29298 MiB
2026/10/01 04:59:54.238, 2895 MHz, 13801 MHz, 0x0000000000000000, 497.39 W, 92 %, 29298 MiB
2026/10/01 04:59:54.738, 2895 MHz, 13801 MHz, 0x0000000000000000, 498.32 W, 95 %, 29298 MiB
2026/10/01 04:59:55.250, 2895 MHz, 13801 MHz, 0x0000000000000000, 496.11 W, 92 %, 29298 MiB
2026/10/01 04:59:55.763, 2925 MHz, 13801 MHz, 0x0000000000000000, 360.33 W, 0 %, 29298 MiB
2026/10/01 05:00:06.510, 180 MHz, 405 MHz, 0x0000000000000000, 12.26 W, 0 %, 29298 MiB
2026/10/01 05:00:07.022, 1380 MHz, 13801 MHz, 0x0000000000000000, 20.57 W, 99 %, 29298 MiB
2026/10/01 05:00:07.523, 2902 MHz, 13801 MHz, 0x0000000000000000, 178.57 W, 94 %, 29298 MiB
2026/10/01 05:00:08.037, 2902 MHz, 13801 MHz, 0x0000000000000000, 487.24 W, 95 %, 29298 MiB
2026/10/01 05:00:08.541, 2902 MHz, 13801 MHz, 0x0000000000000000, 496.63 W, 94 %, 29298 MiB
2026/10/01 05:00:09.055, 2902 MHz, 13801 MHz, 0x0000000000000000, 495.46 W, 94 %, 29298 MiB
2026/10/01 05:00:09.569, 2902 MHz, 13801 MHz, 0x0000000000000000, 496.20 W, 94 %, 29298 MiB
2026/10/01 05:00:10.083, 2902 MHz, 13801 MHz, 0x0000000000000000, 498.08 W, 94 %, 29298 MiB
2026/10/01 05:00:10.598, 2902 MHz, 13801 MHz, 0x0000000000000000, 498.46 W, 94 %, 29298 MiB
2026/10/01 05:00:11.112, 2902 MHz, 13801 MHz, 0x0000000000000000, 499.65 W, 94 %, 29298 MiB
2026/10/01 05:00:11.615, 2902 MHz, 13801 MHz, 0x0000000000000000, 500.06 W, 94 %, 29298 MiB
2026/10/01 05:00:12.129, 2895 MHz, 13801 MHz, 0x0000000000000000, 500.36 W, 94 %, 29298 MiB
2026/10/01 05:00:12.643, 2902 MHz, 13801 MHz, 0x0000000000000000, 495.20 W, 95 %, 29298 MiB
2026/10/01 05:00:13.144, 2902 MHz, 13801 MHz, 0x0000000000000000, 494.51 W, 94 %, 29298 MiB
2026/10/01 05:00:13.645, 2895 MHz, 13801 MHz, 0x0000000000000000, 495.25 W, 95 %, 29298 MiB
2026/10/01 05:00:14.159, 2895 MHz, 13801 MHz, 0x0000000000000000, 492.14 W, 94 %, 29298 MiB
2026/10/01 05:00:14.661, 2895 MHz, 13801 MHz, 0x0000000000000000, 497.08 W, 94 %, 29298 MiB
2026/10/01 05:00:15.176, 2895 MHz, 13801 MHz, 0x0000000000000000, 500.86 W, 94 %, 29298 MiB
2026/10/01 05:00:15.689, 2895 MHz, 13801 MHz, 0x0000000000000000, 499.44 W, 93 %, 29298 MiB
2026/10/01 05:00:16.204, 2895 MHz, 13801 MHz, 0x0000000000000000, 497.57 W, 93 %, 29298 MiB
2026/10/01 05:00:16.719, 2895 MHz, 13801 MHz, 0x0000000000000000, 495.80 W, 92 %, 29298 MiB
2026/10/01 05:00:17.223, 2902 MHz, 13801 MHz, 0x0000000000000000, 447.57 W, 0 %, 29303 MiB
2026/10/01 05:00:17.738, 2925 MHz, 13801 MHz, 0x0000000000000000, 267.41 W, 0 %, 29298 MiB
2026/10/01 05:00:18.253, 2925 MHz, 13801 MHz, 0x0000000000000000, 97.39 W, 0 %, 29298 MiB
2026/10/01 05:00:18.767, 2925 MHz, 13801 MHz, 0x0000000000000000, 96.60 W, 0 %, 29298 MiB
2026/10/01 05:00:19.282, 577 MHz, 13801 MHz, 0x0000000000000000, 82.62 W, 0 %, 29298 MiB
2026/10/01 05:00:19.797, 457 MHz, 7001 MHz, 0x0000000000000000, 52.18 W, 0 %, 29298 MiB
2026/10/01 05:00:20.300, 360 MHz, 7001 MHz, 0x0000000000000000, 37.45 W, 0 %, 29298 MiB
2026/10/01 05:00:20.801, 292 MHz, 7001 MHz, 0x0000000000000000, 36.73 W, 0 %, 29298 MiB
2026/10/01 05:00:21.315, 225 MHz, 7001 MHz, 0x0000000000000000, 36.59 W, 0 %, 29298 MiB
2026/10/01 05:00:21.815, 225 MHz, 7001 MHz, 0x0000000000000000, 36.59 W, 0 %, 29298 MiB
2026/10/01 05:00:22.330, 225 MHz, 7001 MHz, 0x0000000000000000, 36.39 W, 0 %, 29298 MiB
2026/10/01 05:00:22.846, 180 MHz, 7001 MHz, 0x0000000000000000, 36.39 W, 0 %, 29298 MiB
2026/10/01 05:00:23.351, 180 MHz, 7001 MHz, 0x0000000000000000, 33.58 W, 0 %, 29298 MiB
2026/10/01 05:00:23.864, 187 MHz, 810 MHz, 0x0000000000000000, 33.58 W, 0 %, 29298 MiB
2026/10/01 05:00:24.378, 187 MHz, 810 MHz, 0x0000000000000000, 15.27 W, 0 %, 29298 MiB
2026/10/01 05:00:24.890, 180 MHz, 810 MHz, 0x0000000000000000, 15.27 W, 0 %, 29298 MiB
2026/10/01 05:00:25.404, 180 MHz, 810 MHz, 0x0000000000000000, 13.90 W, 0 %, 29298 MiB
2026/10/01 05:00:25.917, 180 MHz, 405 MHz, 0x0000000000000000, 13.90 W, 0 %, 29298 MiB
2026/10/01 05:00:26.418, 180 MHz, 405 MHz, 0x0000000000000000, 12.48 W, 0 %, 29298 MiB
2026/10/01 05:00:26.932, 180 MHz, 405 MHz, 0x0000000000000000, 12.48 W, 0 %, 29298 MiB
2026/10/01 05:00:27.443, 2257 MHz, 13801 MHz, 0x0000000000000000, 66.02 W, 94 %, 29298 MiB
2026/10/01 05:00:27.952, 2910 MHz, 13801 MHz, 0x0000000000000000, 178.60 W, 94 %, 29298 MiB
2026/10/01 05:00:28.462, 2910 MHz, 13801 MHz, 0x0000000000000000, 398.23 W, 82 %, 29298 MiB
2026/10/01 05:00:28.970, 2910 MHz, 13801 MHz, 0x0000000000000000, 398.98 W, 94 %, 29298 MiB
2026/10/01 05:00:29.480, 2902 MHz, 13801 MHz, 0x0000000000000000, 425.14 W, 94 %, 29298 MiB
2026/10/01 05:00:29.988, 2902 MHz, 13801 MHz, 0x0000000000000000, 471.56 W, 94 %, 29298 MiB
2026/10/01 05:00:30.498, 2902 MHz, 13801 MHz, 0x0000000000000000, 495.30 W, 86 %, 29298 MiB
2026/10/01 05:00:31.005, 2910 MHz, 13801 MHz, 0x0000000000000000, 449.17 W, 94 %, 29298 MiB
2026/10/01 05:00:31.513, 2910 MHz, 13801 MHz, 0x0000000000000000, 411.70 W, 92 %, 29298 MiB
2026/10/01 05:00:32.022, 2910 MHz, 13801 MHz, 0x0000000000000000, 403.48 W, 92 %, 29298 MiB
2026/10/01 05:00:32.533, 2910 MHz, 13801 MHz, 0x0000000000000000, 401.21 W, 92 %, 29298 MiB
2026/10/01 05:00:33.040, 2910 MHz, 13801 MHz, 0x0000000000000000, 403.99 W, 89 %, 29298 MiB
2026/10/01 05:00:33.551, 2910 MHz, 13801 MHz, 0x0000000000000000, 407.43 W, 91 %, 29298 MiB
2026/10/01 05:00:34.060, 2910 MHz, 13801 MHz, 0x0000000000000000, 410.89 W, 94 %, 29298 MiB
2026/10/01 05:00:34.569, 2910 MHz, 13801 MHz, 0x0000000000000000, 409.82 W, 94 %, 29298 MiB
2026/10/01 05:00:35.076, 2910 MHz, 13801 MHz, 0x0000000000000000, 409.41 W, 94 %, 29298 MiB
2026/10/01 05:00:35.583, 2910 MHz, 13801 MHz, 0x0000000000000000, 409.97 W, 94 %, 29298 MiB
2026/10/01 05:00:36.092, 2910 MHz, 13801 MHz, 0x0000000000000000, 405.20 W, 92 %, 29298 MiB
2026/10/01 05:00:36.601, 2910 MHz, 13801 MHz, 0x0000000000000000, 404.44 W, 94 %, 29298 MiB
2026/10/01 05:00:37.110, 2910 MHz, 13801 MHz, 0x0000000000000000, 408.65 W, 86 %, 29298 MiB
2026/10/01 05:00:37.620, 2910 MHz, 13801 MHz, 0x0000000000000000, 406.86 W, 91 %, 29298 MiB
2026/10/01 05:00:38.128, 2910 MHz, 13801 MHz, 0x0000000000000000, 403.54 W, 92 %, 29303 MiB
2026/10/01 05:00:38.637, 2910 MHz, 13801 MHz, 0x0000000000000000, 401.99 W, 94 %, 29303 MiB
2026/10/01 05:00:39.146, 2910 MHz, 13801 MHz, 0x0000000000000000, 404.29 W, 94 %, 29298 MiB
2026/10/01 05:00:39.654, 2910 MHz, 13801 MHz, 0x0000000000000000, 404.30 W, 80 %, 29298 MiB
2026/10/01 05:00:40.161, 2910 MHz, 13801 MHz, 0x0000000000000000, 404.52 W, 94 %, 29298 MiB
2026/10/01 05:00:40.672, 2902 MHz, 13801 MHz, 0x0000000000000000, 405.54 W, 94 %, 29298 MiB
2026/10/01 05:00:41.179, 2910 MHz, 13801 MHz, 0x0000000000000000, 410.33 W, 93 %, 29298 MiB
2026/10/01 05:00:41.691, 2910 MHz, 13801 MHz, 0x0000000000000000, 407.78 W, 94 %, 29298 MiB
2026/10/01 05:00:42.198, 2910 MHz, 13801 MHz, 0x0000000000000000, 411.66 W, 94 %, 29298 MiB
2026/10/01 05:00:42.706, 2902 MHz, 13801 MHz, 0x0000000000000000, 414.54 W, 94 %, 29298 MiB
2026/10/01 05:00:43.212, 2910 MHz, 13801 MHz, 0x0000000000000000, 409.91 W, 89 %, 29298 MiB
2026/10/01 05:00:43.719, 2910 MHz, 13801 MHz, 0x0000000000000000, 405.41 W, 94 %, 29298 MiB
2026/10/01 05:00:44.226, 2902 MHz, 13801 MHz, 0x0000000000000000, 404.10 W, 88 %, 29298 MiB
2026/10/01 05:00:44.737, 2910 MHz, 13801 MHz, 0x0000000000000000, 405.55 W, 91 %, 29298 MiB
2026/10/01 05:00:45.248, 2910 MHz, 13801 MHz, 0x0000000000000000, 406.67 W, 88 %, 29298 MiB
2026/10/01 05:00:45.757, 2910 MHz, 13801 MHz, 0x0000000000000000, 405.13 W, 91 %, 29298 MiB
2026/10/01 05:00:46.270, 2910 MHz, 13801 MHz, 0x0000000000000000, 403.60 W, 86 %, 29298 MiB
2026/10/01 05:00:46.777, 2910 MHz, 13801 MHz, 0x0000000000000000, 404.63 W, 91 %, 29298 MiB
2026/10/01 05:00:47.288, 2910 MHz, 13801 MHz, 0x0000000000000000, 409.43 W, 93 %, 29298 MiB
2026/10/01 05:00:47.798, 2910 MHz, 13801 MHz, 0x0000000000000000, 406.40 W, 93 %, 29298 MiB
2026/10/01 05:00:48.307, 2910 MHz, 13801 MHz, 0x0000000000000000, 405.59 W, 94 %, 29298 MiB
2026/10/01 05:00:48.817, 2910 MHz, 13801 MHz, 0x0000000000000000, 407.11 W, 94 %, 29298 MiB
2026/10/01 05:00:49.326, 2910 MHz, 13801 MHz, 0x0000000000000000, 408.67 W, 94 %, 29298 MiB
2026/10/01 05:00:49.835, 2910 MHz, 13801 MHz, 0x0000000000000000, 404.19 W, 93 %, 29298 MiB
2026/10/01 05:00:50.344, 2910 MHz, 13801 MHz, 0x0000000000000000, 403.10 W, 94 %, 29298 MiB
2026/10/01 05:00:50.852, 2910 MHz, 13801 MHz, 0x0000000000000000, 408.08 W, 93 %, 29298 MiB
2026/10/01 05:00:51.360, 2910 MHz, 13801 MHz, 0x0000000000000000, 410.23 W, 89 %, 29298 MiB
2026/10/01 05:00:51.870, 2910 MHz, 13801 MHz, 0x0000000000000000, 409.82 W, 94 %, 29298 MiB
2026/10/01 05:00:52.379, 2910 MHz, 13801 MHz, 0x0000000000000000, 409.40 W, 93 %, 29298 MiB
2026/10/01 05:00:52.886, 2910 MHz, 13801 MHz, 0x0000000000000000, 408.39 W, 94 %, 29298 MiB
2026/10/01 05:00:53.395, 2910 MHz, 13801 MHz, 0x0000000000000000, 409.08 W, 94 %, 29298 MiB
2026/10/01 05:00:53.903, 2910 MHz, 13801 MHz, 0x0000000000000000, 408.78 W, 94 %, 29298 MiB
2026/10/01 05:00:54.413, 2910 MHz, 13801 MHz, 0x0000000000000000, 407.64 W, 84 %, 29298 MiB
2026/10/01 05:00:54.921, 2910 MHz, 13801 MHz, 0x0000000000000000, 408.08 W, 94 %, 29298 MiB
2026/10/01 05:00:55.428, 2910 MHz, 13801 MHz, 0x0000000000000000, 406.06 W, 93 %, 29298 MiB
2026/10/01 05:00:55.938, 2910 MHz, 13801 MHz, 0x0000000000000000, 400.95 W, 90 %, 29298 MiB
2026/10/01 05:00:56.447, 2902 MHz, 13801 MHz, 0x0000000000000000, 406.85 W, 94 %, 29298 MiB
2026/10/01 05:00:56.960, 2910 MHz, 13801 MHz, 0x0000000000000000, 412.22 W, 94 %, 29298 MiB
2026/10/01 05:00:57.469, 2902 MHz, 13801 MHz, 0x0000000000000000, 409.79 W, 93 %, 29298 MiB
2026/10/01 05:00:57.979, 2902 MHz, 13801 MHz, 0x0000000000000000, 409.76 W, 93 %, 29298 MiB
2026/10/01 05:00:58.487, 2902 MHz, 13801 MHz, 0x0000000000000000, 405.01 W, 91 %, 29298 MiB
2026/10/01 05:00:58.998, 2902 MHz, 13801 MHz, 0x0000000000000000, 399.17 W, 92 %, 29298 MiB
2026/10/01 05:00:59.507, 2902 MHz, 13801 MHz, 0x0000000000000000, 396.32 W, 88 %, 29301 MiB
2026/10/01 05:01:00.021, 2902 MHz, 13801 MHz, 0x0000000000000000, 400.87 W, 93 %, 29298 MiB
2026/10/01 05:01:00.531, 2910 MHz, 13801 MHz, 0x0000000000000000, 401.80 W, 93 %, 29298 MiB
2026/10/01 05:01:01.041, 2910 MHz, 13801 MHz, 0x0000000000000000, 402.44 W, 94 %, 29298 MiB
2026/10/01 05:01:01.550, 2902 MHz, 13801 MHz, 0x0000000000000000, 410.32 W, 94 %, 29298 MiB
2026/10/01 05:01:02.057, 2902 MHz, 13801 MHz, 0x0000000000000000, 407.14 W, 94 %, 29298 MiB
2026/10/01 05:01:02.568, 2902 MHz, 13801 MHz, 0x0000000000000000, 404.73 W, 94 %, 29298 MiB
2026/10/01 05:01:03.079, 2902 MHz, 13801 MHz, 0x0000000000000000, 409.39 W, 94 %, 29298 MiB
2026/10/01 05:01:03.587, 2902 MHz, 13801 MHz, 0x0000000000000000, 410.33 W, 94 %, 29298 MiB
2026/10/01 05:01:04.093, 2902 MHz, 13801 MHz, 0x0000000000000000, 410.88 W, 94 %, 29298 MiB
2026/10/01 05:01:04.601, 2902 MHz, 13801 MHz, 0x0000000000000000, 409.96 W, 94 %, 29298 MiB
2026/10/01 05:01:05.110, 2902 MHz, 13801 MHz, 0x0000000000000000, 409.71 W, 94 %, 29298 MiB
2026/10/01 05:01:05.619, 2902 MHz, 13801 MHz, 0x0000000000000000, 411.11 W, 94 %, 29298 MiB
2026/10/01 05:01:06.128, 2902 MHz, 13801 MHz, 0x0000000000000000, 410.67 W, 90 %, 29298 MiB
2026/10/01 05:01:06.638, 2895 MHz, 13801 MHz, 0x0000000000000000, 408.94 W, 91 %, 29298 MiB
2026/10/01 05:01:07.145, 2902 MHz, 13801 MHz, 0x0000000000000000, 406.70 W, 92 %, 29298 MiB
2026/10/01 05:01:07.660, 2902 MHz, 13801 MHz, 0x0000000000000000, 404.93 W, 92 %, 29298 MiB
2026/10/01 05:01:08.171, 2902 MHz, 13801 MHz, 0x0000000000000000, 404.52 W, 90 %, 29298 MiB
2026/10/01 05:01:08.683, 2902 MHz, 13801 MHz, 0x0000000000000000, 404.25 W, 93 %, 29298 MiB
2026/10/01 05:01:09.196, 2895 MHz, 13801 MHz, 0x0000000000000000, 405.08 W, 86 %, 29298 MiB
2026/10/01 05:01:09.705, 2902 MHz, 13801 MHz, 0x0000000000000000, 402.75 W, 90 %, 29298 MiB
2026/10/01 05:01:10.214, 2902 MHz, 13801 MHz, 0x0000000000000000, 403.77 W, 92 %, 29298 MiB
2026/10/01 05:01:10.726, 2902 MHz, 13801 MHz, 0x0000000000000000, 402.82 W, 86 %, 29298 MiB
2026/10/01 05:01:11.238, 2902 MHz, 13801 MHz, 0x0000000000000000, 402.98 W, 87 %, 29298 MiB
2026/10/01 05:01:11.747, 2902 MHz, 13801 MHz, 0x0000000000000000, 403.82 W, 92 %, 29298 MiB
2026/10/01 05:01:12.257, 2895 MHz, 13801 MHz, 0x0000000000000000, 404.35 W, 81 %, 29298 MiB
2026/10/01 05:01:12.765, 2902 MHz, 13801 MHz, 0x0000000000000000, 402.37 W, 94 %, 29298 MiB
2026/10/01 05:01:13.273, 2902 MHz, 13801 MHz, 0x0000000000000000, 403.89 W, 93 %, 29298 MiB
2026/10/01 05:01:13.784, 2902 MHz, 13801 MHz, 0x0000000000000000, 404.39 W, 90 %, 29298 MiB
2026/10/01 05:01:14.294, 2895 MHz, 13801 MHz, 0x0000000000000000, 403.42 W, 87 %, 29298 MiB
2026/10/01 05:01:14.805, 2902 MHz, 13801 MHz, 0x0000000000000000, 403.37 W, 89 %, 29298 MiB
2026/10/01 05:01:15.313, 2902 MHz, 13801 MHz, 0x0000000000000000, 404.25 W, 94 %, 29298 MiB
2026/10/01 05:01:15.819, 2895 MHz, 13801 MHz, 0x0000000000000000, 409.04 W, 92 %, 29298 MiB
2026/10/01 05:01:16.326, 2902 MHz, 13801 MHz, 0x0000000000000000, 410.90 W, 93 %, 29298 MiB
2026/10/01 05:01:16.835, 2895 MHz, 13801 MHz, 0x0000000000000000, 410.38 W, 93 %, 29298 MiB
2026/10/01 05:01:17.346, 2902 MHz, 13801 MHz, 0x0000000000000000, 411.29 W, 94 %, 29298 MiB
2026/10/01 05:01:17.854, 2895 MHz, 13801 MHz, 0x0000000000000000, 411.41 W, 90 %, 29298 MiB
2026/10/01 05:01:18.363, 2895 MHz, 13801 MHz, 0x0000000000000000, 411.88 W, 92 %, 29298 MiB
2026/10/01 05:01:18.872, 2902 MHz, 13801 MHz, 0x0000000000000000, 412.78 W, 94 %, 29298 MiB
2026/10/01 05:01:19.381, 2902 MHz, 13801 MHz, 0x0000000000000000, 410.08 W, 91 %, 29298 MiB
2026/10/01 05:01:19.887, 2895 MHz, 13801 MHz, 0x0000000000000000, 408.14 W, 82 %, 29298 MiB
2026/10/01 05:01:20.396, 2902 MHz, 13801 MHz, 0x0000000000000000, 410.34 W, 92 %, 29301 MiB
2026/10/01 05:01:20.901, 2902 MHz, 13801 MHz, 0x0000000000000000, 411.19 W, 94 %, 29301 MiB
2026/10/01 05:01:21.409, 2902 MHz, 13801 MHz, 0x0000000000000000, 407.54 W, 94 %, 29298 MiB
2026/10/01 05:01:21.916, 2902 MHz, 13801 MHz, 0x0000000000000000, 409.88 W, 93 %, 29298 MiB
2026/10/01 05:01:22.424, 2902 MHz, 13801 MHz, 0x0000000000000000, 411.76 W, 94 %, 29298 MiB
2026/10/01 05:01:22.931, 2895 MHz, 13801 MHz, 0x0000000000000000, 404.26 W, 88 %, 29298 MiB
2026/10/01 05:01:23.437, 2902 MHz, 13801 MHz, 0x0000000000000000, 403.28 W, 94 %, 29298 MiB
2026/10/01 05:01:23.946, 2902 MHz, 13801 MHz, 0x0000000000000000, 409.83 W, 94 %, 29298 MiB
2026/10/01 05:01:24.453, 2895 MHz, 13801 MHz, 0x0000000000000000, 412.94 W, 94 %, 29298 MiB
2026/10/01 05:01:24.960, 2902 MHz, 13801 MHz, 0x0000000000000000, 413.23 W, 94 %, 29298 MiB
2026/10/01 05:01:25.471, 2902 MHz, 13801 MHz, 0x0000000000000000, 407.71 W, 91 %, 29298 MiB
2026/10/01 05:01:25.980, 2902 MHz, 13801 MHz, 0x0000000000000000, 403.87 W, 89 %, 29298 MiB
2026/10/01 05:01:26.489, 2895 MHz, 13801 MHz, 0x0000000000000000, 400.60 W, 94 %, 29298 MiB
2026/10/01 05:01:26.997, 2902 MHz, 13801 MHz, 0x0000000000000000, 404.87 W, 93 %, 29298 MiB
2026/10/01 05:01:27.503, 2895 MHz, 13801 MHz, 0x0000000000000000, 410.59 W, 94 %, 29298 MiB
2026/10/01 05:01:28.010, 2902 MHz, 13801 MHz, 0x0000000000000000, 410.62 W, 92 %, 29298 MiB
2026/10/01 05:01:28.518, 2902 MHz, 13801 MHz, 0x0000000000000000, 411.92 W, 94 %, 29298 MiB
2026/10/01 05:01:29.024, 2902 MHz, 13801 MHz, 0x0000000000000000, 411.76 W, 94 %, 29298 MiB
2026/10/01 05:01:29.534, 2902 MHz, 13801 MHz, 0x0000000000000000, 412.05 W, 92 %, 29298 MiB
2026/10/01 05:01:30.042, 2902 MHz, 13801 MHz, 0x0000000000000000, 416.13 W, 94 %, 29298 MiB
2026/10/01 05:01:30.558, 2902 MHz, 13801 MHz, 0x0000000000000000, 391.39 W, 13 %, 29298 MiB
2026/10/01 05:01:31.072, 2925 MHz, 13801 MHz, 0x0000000000000000, 248.83 W, 0 %, 29298 MiB
2026/10/01 05:01:31.588, 2925 MHz, 13801 MHz, 0x0000000000000000, 107.39 W, 0 %, 29298 MiB
2026/10/01 05:01:32.090, 2925 MHz, 13801 MHz, 0x0000000000000000, 100.64 W, 0 %, 29298 MiB
2026/10/01 05:01:32.605, 615 MHz, 13801 MHz, 0x0000000000000000, 85.70 W, 0 %, 29298 MiB
2026/10/01 05:01:33.106, 495 MHz, 7001 MHz, 0x0000000000000000, 61.31 W, 0 %, 29298 MiB
2026/10/01 05:01:33.610, 382 MHz, 810 MHz, 0x0000000000000000, 40.79 W, 0 %, 29298 MiB
2026/10/01 05:01:34.126, 352 MHz, 810 MHz, 0x0000000000000000, 32.95 W, 0 %, 29298 MiB
2026/10/01 05:01:34.642, 352 MHz, 810 MHz, 0x0000000000000000, 32.95 W, 0 %, 29298 MiB
2026/10/01 05:01:35.156, 202 MHz, 810 MHz, 0x0000000000000000, 20.30 W, 0 %, 29298 MiB
2026/10/01 05:01:35.656, 202 MHz, 810 MHz, 0x0000000000000000, 20.30 W, 0 %, 29298 MiB
2026/10/01 05:01:36.168, 180 MHz, 405 MHz, 0x0000000000000000, 17.07 W, 0 %, 29298 MiB
2026/10/01 05:01:36.680, 180 MHz, 405 MHz, 0x0000000000000000, 17.07 W, 0 %, 29298 MiB
2026/10/01 05:01:37.194, 180 MHz, 405 MHz, 0x0000000000000000, 13.10 W, 0 %, 29298 MiB
2026/10/01 05:01:37.708, 180 MHz, 405 MHz, 0x0000000000000000, 12.96 W, 0 %, 29298 MiB
2026/10/01 05:01:38.223, 180 MHz, 405 MHz, 0x0000000000000000, 12.96 W, 0 %, 29298 MiB
2026/10/01 05:01:38.724, 180 MHz, 405 MHz, 0x0000000000000000, 12.83 W, 0 %, 29298 MiB
2026/10/01 05:01:39.240, 180 MHz, 405 MHz, 0x0000000000000000, 12.83 W, 0 %, 29298 MiB
2026/10/01 05:01:39.755, 180 MHz, 405 MHz, 0x0000000000000000, 12.74 W, 0 %, 29298 MiB
2026/10/01 05:01:40.255, 180 MHz, 405 MHz, 0x0000000000000000, 12.74 W, 0 %, 29298 MiB
2026/10/01 05:01:40.758, 180 MHz, 405 MHz, 0x0000000000000000, 12.78 W, 0 %, 29298 MiB
2026/10/01 05:01:41.274, 180 MHz, 405 MHz, 0x0000000000000000, 12.78 W, 0 %, 29301 MiB
2026/10/01 05:01:41.786, 180 MHz, 405 MHz, 0x0000000000000000, 13.88 W, 0 %, 29301 MiB
2026/10/01 05:01:42.287, 180 MHz, 405 MHz, 0x0000000000000000, 14.64 W, 0 %, 29298 MiB
2026/10/01 05:01:42.788, 180 MHz, 405 MHz, 0x0000000000000000, 16.40 W, 0 %, 29298 MiB
2026/10/01 05:01:43.303, 180 MHz, 405 MHz, 0x0000000000000000, 16.10 W, 0 %, 29298 MiB
2026/10/01 05:01:43.816, 180 MHz, 405 MHz, 0x0000000000000000, 16.10 W, 0 %, 29298 MiB
2026/10/01 05:01:44.317, 180 MHz, 405 MHz, 0x0000000000000000, 13.13 W, 0 %, 29298 MiB
2026/10/01 05:01:44.832, 180 MHz, 405 MHz, 0x0000000000000000, 13.13 W, 0 %, 29298 MiB
2026/10/01 05:01:45.341, 180 MHz, 405 MHz, 0x0000000000000000, 12.29 W, 0 %, 29298 MiB
2026/10/01 05:01:45.852, 180 MHz, 405 MHz, 0x0000000000000000, 12.29 W, 0 %, 29298 MiB
2026/10/01 05:01:46.353, 180 MHz, 405 MHz, 0x0000000000000000, 12.47 W, 0 %, 29298 MiB
2026/10/01 05:01:46.854, 2910 MHz, 13801 MHz, 0x0000000000000000, 84.48 W, 93 %, 29298 MiB
2026/10/01 05:01:47.368, 2902 MHz, 13801 MHz, 0x0000000000000000, 336.17 W, 93 %, 29298 MiB
2026/10/01 05:01:47.883, 2902 MHz, 13801 MHz, 0x0000000000000000, 492.61 W, 93 %, 29298 MiB
2026/10/01 05:01:48.396, 2902 MHz, 13801 MHz, 0x0000000000000000, 492.60 W, 93 %, 29298 MiB
2026/10/01 05:01:48.910, 2902 MHz, 13801 MHz, 0x0000000000000000, 494.02 W, 93 %, 29298 MiB
2026/10/01 05:01:49.425, 2902 MHz, 13801 MHz, 0x0000000000000000, 493.94 W, 94 %, 29298 MiB
2026/10/01 05:01:49.937, 2902 MHz, 13801 MHz, 0x0000000000000000, 457.48 W, 72 %, 29298 MiB
2026/10/01 05:01:50.437, 2895 MHz, 13801 MHz, 0x0000000000000000, 457.39 W, 94 %, 29298 MiB
2026/10/01 05:01:50.951, 2895 MHz, 13801 MHz, 0x0000000000000000, 481.58 W, 93 %, 29298 MiB
2026/10/01 05:01:51.464, 2895 MHz, 13801 MHz, 0x0000000000000000, 492.97 W, 94 %, 29298 MiB
2026/10/01 05:01:51.978, 2895 MHz, 13801 MHz, 0x0000000000000000, 493.60 W, 94 %, 29298 MiB
2026/10/01 05:01:52.478, 2895 MHz, 13801 MHz, 0x0000000000000000, 485.80 W, 93 %, 29298 MiB
2026/10/01 05:01:52.979, 2895 MHz, 13801 MHz, 0x0000000000000000, 486.89 W, 94 %, 29298 MiB
2026/10/01 05:01:53.494, 2895 MHz, 13801 MHz, 0x0000000000000000, 497.15 W, 94 %, 29298 MiB
2026/10/01 05:01:54.007, 2895 MHz, 13801 MHz, 0x0000000000000000, 498.11 W, 93 %, 29298 MiB
2026/10/01 05:01:54.509, 2895 MHz, 13801 MHz, 0x0000000000000000, 491.45 W, 92 %, 29298 MiB
2026/10/01 05:01:55.022, 2895 MHz, 13801 MHz, 0x0000000000000000, 490.07 W, 92 %, 29298 MiB
2026/10/01 05:01:55.537, 2895 MHz, 13801 MHz, 0x0000000000000000, 495.75 W, 94 %, 29298 MiB
2026/10/01 05:01:56.050, 2895 MHz, 13801 MHz, 0x0000000000000000, 480.94 W, 85 %, 29298 MiB
2026/10/01 05:01:56.565, 2895 MHz, 13801 MHz, 0x0000000000000000, 482.32 W, 93 %, 29298 MiB
2026/10/01 05:01:57.079, 2895 MHz, 13801 MHz, 0x0000000000000000, 497.43 W, 92 %, 29298 MiB
2026/10/01 05:02:08.140, 180 MHz, 405 MHz, 0x0000000000000000, 14.27 W, 0 %, 29298 MiB
2026/10/01 05:02:08.655, 180 MHz, 405 MHz, 0x0000000000000000, 13.09 W, 86 %, 29298 MiB
2026/10/01 05:02:09.156, 2902 MHz, 13801 MHz, 0x0000000000000000, 115.59 W, 94 %, 29298 MiB
2026/10/01 05:02:09.659, 2902 MHz, 13801 MHz, 0x0000000000000000, 320.99 W, 93 %, 29298 MiB
2026/10/01 05:02:10.160, 2902 MHz, 13801 MHz, 0x0000000000000000, 490.77 W, 95 %, 29298 MiB
2026/10/01 05:02:10.673, 2902 MHz, 13801 MHz, 0x0000000000000000, 497.09 W, 94 %, 29298 MiB
2026/10/01 05:02:11.175, 2902 MHz, 13801 MHz, 0x0000000000000000, 498.19 W, 94 %, 29298 MiB
2026/10/01 05:02:11.676, 2902 MHz, 13801 MHz, 0x0000000000000000, 499.18 W, 93 %, 29298 MiB
2026/10/01 05:02:12.180, 2902 MHz, 13801 MHz, 0x0000000000000000, 499.26 W, 94 %, 29298 MiB
2026/10/01 05:02:12.680, 2902 MHz, 13801 MHz, 0x0000000000000000, 499.64 W, 94 %, 29298 MiB
2026/10/01 05:02:13.182, 2902 MHz, 13801 MHz, 0x0000000000000000, 500.51 W, 94 %, 29298 MiB
2026/10/01 05:02:13.696, 2902 MHz, 13801 MHz, 0x0000000000000000, 501.00 W, 94 %, 29298 MiB
2026/10/01 05:02:14.197, 2895 MHz, 13801 MHz, 0x0000000000000000, 480.96 W, 95 %, 29298 MiB
2026/10/01 05:02:14.699, 2895 MHz, 13801 MHz, 0x0000000000000000, 501.44 W, 94 %, 29298 MiB
2026/10/01 05:02:15.199, 2895 MHz, 13801 MHz, 0x0000000000000000, 488.66 W, 77 %, 29298 MiB
2026/10/01 05:02:15.713, 2902 MHz, 13801 MHz, 0x0000000000000000, 452.40 W, 68 %, 29298 MiB
2026/10/01 05:02:16.224, 2895 MHz, 13801 MHz, 0x0000000000000000, 446.99 W, 75 %, 29298 MiB
2026/10/01 05:02:16.739, 2902 MHz, 13801 MHz, 0x0000000000000000, 443.36 W, 60 %, 29298 MiB
2026/10/01 05:02:17.252, 2895 MHz, 13801 MHz, 0x0000000000000000, 433.71 W, 88 %, 29298 MiB
2026/10/01 05:02:17.753, 2902 MHz, 13801 MHz, 0x0000000000000000, 433.98 W, 82 %, 29298 MiB
2026/10/01 05:02:18.266, 2895 MHz, 13801 MHz, 0x0000000000000000, 445.11 W, 91 %, 29298 MiB
2026/10/01 05:02:18.778, 2895 MHz, 13801 MHz, 0x0000000000000000, 465.71 W, 91 %, 29298 MiB
2026/10/01 05:02:19.291, 2895 MHz, 13801 MHz, 0x0000000000000000, 481.95 W, 76 %, 29298 MiB
2026/10/01 05:02:19.803, 2925 MHz, 13801 MHz, 0x0000000000000000, 307.86 W, 0 %, 29298 MiB
2026/10/01 05:02:20.315, 2925 MHz, 13801 MHz, 0x0000000000000000, 98.51 W, 0 %, 29298 MiB
2026/10/01 05:02:20.830, 2925 MHz, 13801 MHz, 0x0000000000000000, 96.81 W, 0 %, 29298 MiB
2026/10/01 05:02:21.345, 810 MHz, 13801 MHz, 0x0000000000000000, 84.05 W, 0 %, 29298 MiB
2026/10/01 05:02:21.857, 645 MHz, 810 MHz, 0x0000000000000000, 61.76 W, 0 %, 29298 MiB
2026/10/01 05:02:22.370, 502 MHz, 810 MHz, 0x0000000000000000, 36.38 W, 0 %, 29298 MiB
2026/10/01 05:02:22.884, 405 MHz, 810 MHz, 0x0000000000000000, 23.72 W, 0 %, 29298 MiB
2026/10/01 05:02:23.395, 292 MHz, 810 MHz, 0x0000000000000000, 19.77 W, 0 %, 29303 MiB
2026/10/01 05:02:23.896, 225 MHz, 405 MHz, 0x0000000000000000, 17.53 W, 0 %, 29303 MiB
2026/10/01 05:02:24.409, 180 MHz, 405 MHz, 0x0000000000000000, 16.79 W, 0 %, 29298 MiB
2026/10/01 05:02:24.924, 180 MHz, 405 MHz, 0x0000000000000000, 15.94 W, 0 %, 29298 MiB
2026/10/01 05:02:25.425, 180 MHz, 405 MHz, 0x0000000000000000, 15.92 W, 0 %, 29298 MiB
2026/10/01 05:02:25.941, 180 MHz, 405 MHz, 0x0000000000000000, 15.92 W, 0 %, 29298 MiB
2026/10/01 05:02:26.455, 180 MHz, 405 MHz, 0x0000000000000000, 13.50 W, 0 %, 29298 MiB
2026/10/01 05:02:26.970, 180 MHz, 405 MHz, 0x0000000000000000, 14.24 W, 0 %, 29298 MiB
2026/10/01 05:02:27.485, 180 MHz, 405 MHz, 0x0000000000000000, 14.33 W, 0 %, 29298 MiB
2026/10/01 05:02:28.000, 180 MHz, 405 MHz, 0x0000000000000000, 14.33 W, 0 %, 29298 MiB
2026/10/01 05:02:28.512, 180 MHz, 405 MHz, 0x0000000000000000, 12.72 W, 0 %, 29298 MiB
2026/10/01 05:02:29.014, 180 MHz, 405 MHz, 0x0000000000000000, 12.72 W, 0 %, 29298 MiB
2026/10/01 05:02:29.526, 180 MHz, 405 MHz, 0x0000000000000000, 12.27 W, 0 %, 29298 MiB
2026/10/01 05:02:30.036, 2910 MHz, 13801 MHz, 0x0000000000000000, 71.75 W, 94 %, 29298 MiB
2026/10/01 05:02:30.545, 2910 MHz, 13801 MHz, 0x0000000000000000, 231.07 W, 91 %, 29298 MiB
2026/10/01 05:02:31.053, 2910 MHz, 13801 MHz, 0x0000000000000000, 392.69 W, 76 %, 29298 MiB
2026/10/01 05:02:31.560, 2910 MHz, 13801 MHz, 0x0000000000000000, 391.52 W, 92 %, 29298 MiB
2026/10/01 05:02:32.067, 2910 MHz, 13801 MHz, 0x0000000000000000, 392.55 W, 94 %, 29298 MiB
2026/10/01 05:02:32.576, 2910 MHz, 13801 MHz, 0x0000000000000000, 407.05 W, 92 %, 29298 MiB
2026/10/01 05:02:33.083, 2902 MHz, 13801 MHz, 0x0000000000000000, 448.32 W, 94 %, 29298 MiB
2026/10/01 05:02:33.591, 2910 MHz, 13801 MHz, 0x0000000000000000, 444.58 W, 92 %, 29298 MiB
2026/10/01 05:02:34.098, 2910 MHz, 13801 MHz, 0x0000000000000000, 405.01 W, 92 %, 29298 MiB
2026/10/01 05:02:34.606, 2910 MHz, 13801 MHz, 0x0000000000000000, 397.86 W, 93 %, 29298 MiB
2026/10/01 05:02:35.110, 2910 MHz, 13801 MHz, 0x0000000000000000, 398.52 W, 93 %, 29298 MiB
2026/10/01 05:02:35.621, 2910 MHz, 13801 MHz, 0x0000000000000000, 401.63 W, 94 %, 29298 MiB
2026/10/01 05:02:36.129, 2910 MHz, 13801 MHz, 0x0000000000000000, 402.69 W, 94 %, 29298 MiB
2026/10/01 05:02:36.634, 2910 MHz, 13801 MHz, 0x0000000000000000, 405.17 W, 92 %, 29298 MiB
2026/10/01 05:02:37.142, 2910 MHz, 13801 MHz, 0x0000000000000000, 407.70 W, 94 %, 29298 MiB
2026/10/01 05:02:37.653, 2910 MHz, 13801 MHz, 0x0000000000000000, 404.10 W, 93 %, 29298 MiB
2026/10/01 05:02:38.164, 2910 MHz, 13801 MHz, 0x0000000000000000, 399.22 W, 91 %, 29298 MiB
2026/10/01 05:02:38.675, 2910 MHz, 13801 MHz, 0x0000000000000000, 400.67 W, 92 %, 29298 MiB
2026/10/01 05:02:39.186, 2910 MHz, 13801 MHz, 0x0000000000000000, 403.14 W, 94 %, 29298 MiB
2026/10/01 05:02:39.696, 2910 MHz, 13801 MHz, 0x0000000000000000, 405.26 W, 91 %, 29298 MiB
2026/10/01 05:02:40.203, 2910 MHz, 13801 MHz, 0x0000000000000000, 402.67 W, 92 %, 29298 MiB
2026/10/01 05:02:40.711, 2910 MHz, 13801 MHz, 0x0000000000000000, 402.45 W, 93 %, 29298 MiB
2026/10/01 05:02:41.221, 2910 MHz, 13801 MHz, 0x0000000000000000, 402.68 W, 93 %, 29298 MiB
2026/10/01 05:02:41.732, 2910 MHz, 13801 MHz, 0x0000000000000000, 406.57 W, 93 %, 29298 MiB
2026/10/01 05:02:42.242, 2910 MHz, 13801 MHz, 0x0000000000000000, 408.17 W, 92 %, 29298 MiB
2026/10/01 05:02:42.749, 2910 MHz, 13801 MHz, 0x0000000000000000, 405.28 W, 94 %, 29298 MiB
2026/10/01 05:02:43.259, 2910 MHz, 13801 MHz, 0x0000000000000000, 407.89 W, 91 %, 29298 MiB
2026/10/01 05:02:43.766, 2910 MHz, 13801 MHz, 0x0000000000000000, 403.84 W, 92 %, 29298 MiB
2026/10/01 05:02:44.275, 2910 MHz, 13801 MHz, 0x0000000000000000, 397.15 W, 90 %, 29301 MiB
2026/10/01 05:02:44.785, 2910 MHz, 13801 MHz, 0x0000000000000000, 400.10 W, 92 %, 29301 MiB
2026/10/01 05:02:45.294, 2910 MHz, 13801 MHz, 0x0000000000000000, 398.51 W, 87 %, 29298 MiB
2026/10/01 05:02:45.804, 2910 MHz, 13801 MHz, 0x0000000000000000, 399.55 W, 93 %, 29298 MiB
2026/10/01 05:02:46.315, 2910 MHz, 13801 MHz, 0x0000000000000000, 401.51 W, 93 %, 29298 MiB
2026/10/01 05:02:46.825, 2910 MHz, 13801 MHz, 0x0000000000000000, 410.18 W, 92 %, 29298 MiB
2026/10/01 05:02:47.338, 2910 MHz, 13801 MHz, 0x0000000000000000, 410.41 W, 92 %, 29298 MiB
2026/10/01 05:02:47.848, 2910 MHz, 13801 MHz, 0x0000000000000000, 404.37 W, 93 %, 29298 MiB
2026/10/01 05:02:48.360, 2902 MHz, 13801 MHz, 0x0000000000000000, 404.71 W, 90 %, 29298 MiB
2026/10/01 05:02:48.870, 2910 MHz, 13801 MHz, 0x0000000000000000, 405.04 W, 94 %, 29298 MiB
2026/10/01 05:02:49.382, 2910 MHz, 13801 MHz, 0x0000000000000000, 404.54 W, 89 %, 29298 MiB
2026/10/01 05:02:49.890, 2910 MHz, 13801 MHz, 0x0000000000000000, 402.34 W, 94 %, 29298 MiB
2026/10/01 05:02:50.401, 2910 MHz, 13801 MHz, 0x0000000000000000, 400.14 W, 91 %, 29298 MiB
2026/10/01 05:02:50.911, 2910 MHz, 13801 MHz, 0x0000000000000000, 402.11 W, 94 %, 29298 MiB
2026/10/01 05:02:51.421, 2910 MHz, 13801 MHz, 0x0000000000000000, 409.03 W, 92 %, 29298 MiB
2026/10/01 05:02:51.929, 2910 MHz, 13801 MHz, 0x0000000000000000, 409.31 W, 93 %, 29298 MiB
2026/10/01 05:02:52.438, 2910 MHz, 13801 MHz, 0x0000000000000000, 407.67 W, 92 %, 29298 MiB
2026/10/01 05:02:52.947, 2910 MHz, 13801 MHz, 0x0000000000000000, 404.33 W, 90 %, 29298 MiB
2026/10/01 05:02:53.457, 2910 MHz, 13801 MHz, 0x0000000000000000, 409.57 W, 91 %, 29298 MiB
2026/10/01 05:02:53.966, 2910 MHz, 13801 MHz, 0x0000000000000000, 410.53 W, 93 %, 29298 MiB
2026/10/01 05:02:54.477, 2910 MHz, 13801 MHz, 0x0000000000000000, 404.66 W, 93 %, 29298 MiB
2026/10/01 05:02:54.987, 2902 MHz, 13801 MHz, 0x0000000000000000, 404.58 W, 94 %, 29298 MiB
2026/10/01 05:02:55.501, 2910 MHz, 13801 MHz, 0x0000000000000000, 407.81 W, 93 %, 29298 MiB
2026/10/01 05:02:56.010, 2910 MHz, 13801 MHz, 0x0000000000000000, 404.88 W, 93 %, 29298 MiB
2026/10/01 05:02:56.518, 2910 MHz, 13801 MHz, 0x0000000000000000, 404.22 W, 93 %, 29298 MiB
2026/10/01 05:02:57.031, 2910 MHz, 13801 MHz, 0x0000000000000000, 406.27 W, 94 %, 29298 MiB
2026/10/01 05:02:57.539, 2902 MHz, 13801 MHz, 0x0000000000000000, 411.50 W, 93 %, 29298 MiB
2026/10/01 05:02:58.049, 2895 MHz, 13801 MHz, 0x0000000000000000, 410.75 W, 93 %, 29298 MiB
2026/10/01 05:02:58.559, 2910 MHz, 13801 MHz, 0x0000000000000000, 405.69 W, 91 %, 29298 MiB
2026/10/01 05:02:59.069, 2910 MHz, 13801 MHz, 0x0000000000000000, 402.36 W, 93 %, 29298 MiB
2026/10/01 05:02:59.579, 2910 MHz, 13801 MHz, 0x0000000000000000, 403.42 W, 93 %, 29298 MiB
2026/10/01 05:03:00.090, 2910 MHz, 13801 MHz, 0x0000000000000000, 406.40 W, 93 %, 29298 MiB
2026/10/01 05:03:00.601, 2910 MHz, 13801 MHz, 0x0000000000000000, 405.37 W, 93 %, 29298 MiB
2026/10/01 05:03:01.112, 2895 MHz, 13801 MHz, 0x0000000000000000, 409.24 W, 91 %, 29298 MiB
2026/10/01 05:03:01.624, 2902 MHz, 13801 MHz, 0x0000000000000000, 411.74 W, 94 %, 29298 MiB
2026/10/01 05:03:02.136, 2902 MHz, 13801 MHz, 0x0000000000000000, 408.65 W, 93 %, 29298 MiB
2026/10/01 05:03:02.647, 2902 MHz, 13801 MHz, 0x0000000000000000, 408.04 W, 93 %, 29298 MiB
2026/10/01 05:03:03.156, 2910 MHz, 13801 MHz, 0x0000000000000000, 407.02 W, 94 %, 29298 MiB
2026/10/01 05:03:03.664, 2910 MHz, 13801 MHz, 0x0000000000000000, 407.73 W, 94 %, 29298 MiB
2026/10/01 05:03:04.175, 2895 MHz, 13801 MHz, 0x0000000000000000, 411.66 W, 94 %, 29298 MiB
2026/10/01 05:03:04.684, 2902 MHz, 13801 MHz, 0x0000000000000000, 412.86 W, 92 %, 29298 MiB
2026/10/01 05:03:05.192, 2902 MHz, 13801 MHz, 0x0000000000000000, 403.56 W, 89 %, 29298 MiB
2026/10/01 05:03:05.702, 2902 MHz, 13801 MHz, 0x0000000000000000, 399.80 W, 91 %, 29303 MiB
2026/10/01 05:03:06.212, 2902 MHz, 13801 MHz, 0x0000000000000000, 404.02 W, 88 %, 29298 MiB
2026/10/01 05:03:06.723, 2910 MHz, 13801 MHz, 0x0000000000000000, 402.92 W, 93 %, 29298 MiB
2026/10/01 05:03:07.230, 2910 MHz, 13801 MHz, 0x0000000000000000, 403.45 W, 93 %, 29298 MiB
2026/10/01 05:03:07.741, 2910 MHz, 13801 MHz, 0x0000000000000000, 410.48 W, 92 %, 29298 MiB
2026/10/01 05:03:08.248, 2902 MHz, 13801 MHz, 0x0000000000000000, 410.68 W, 93 %, 29298 MiB
2026/10/01 05:03:08.757, 2902 MHz, 13801 MHz, 0x0000000000000000, 410.14 W, 94 %, 29298 MiB
2026/10/01 05:03:09.267, 2902 MHz, 13801 MHz, 0x0000000000000000, 410.57 W, 94 %, 29298 MiB
2026/10/01 05:03:09.777, 2902 MHz, 13801 MHz, 0x0000000000000000, 413.61 W, 94 %, 29298 MiB
2026/10/01 05:03:10.287, 2902 MHz, 13801 MHz, 0x0000000000000000, 409.72 W, 93 %, 29298 MiB
2026/10/01 05:03:10.797, 2902 MHz, 13801 MHz, 0x0000000000000000, 409.67 W, 93 %, 29298 MiB
2026/10/01 05:03:11.307, 2895 MHz, 13801 MHz, 0x0000000000000000, 410.41 W, 88 %, 29298 MiB
2026/10/01 05:03:11.817, 2902 MHz, 13801 MHz, 0x0000000000000000, 407.89 W, 93 %, 29298 MiB
2026/10/01 05:03:12.330, 2902 MHz, 13801 MHz, 0x0000000000000000, 404.47 W, 91 %, 29298 MiB
2026/10/01 05:03:12.838, 2895 MHz, 13801 MHz, 0x0000000000000000, 407.47 W, 86 %, 29298 MiB
2026/10/01 05:03:13.349, 2902 MHz, 13801 MHz, 0x0000000000000000, 409.39 W, 93 %, 29298 MiB
2026/10/01 05:03:13.863, 2895 MHz, 13801 MHz, 0x0000000000000000, 407.30 W, 94 %, 29298 MiB
2026/10/01 05:03:14.371, 2902 MHz, 13801 MHz, 0x0000000000000000, 404.74 W, 94 %, 29298 MiB
2026/10/01 05:03:14.884, 2895 MHz, 13801 MHz, 0x0000000000000000, 408.89 W, 91 %, 29298 MiB
2026/10/01 05:03:15.394, 2902 MHz, 13801 MHz, 0x0000000000000000, 410.71 W, 93 %, 29298 MiB
2026/10/01 05:03:15.904, 2902 MHz, 13801 MHz, 0x0000000000000000, 410.23 W, 93 %, 29298 MiB
2026/10/01 05:03:16.412, 2895 MHz, 13801 MHz, 0x0000000000000000, 410.76 W, 94 %, 29298 MiB
2026/10/01 05:03:16.922, 2902 MHz, 13801 MHz, 0x0000000000000000, 410.90 W, 93 %, 29298 MiB
2026/10/01 05:03:17.432, 2902 MHz, 13801 MHz, 0x0000000000000000, 412.26 W, 94 %, 29298 MiB
2026/10/01 05:03:17.941, 2895 MHz, 13801 MHz, 0x0000000000000000, 410.08 W, 94 %, 29298 MiB
2026/10/01 05:03:18.447, 2902 MHz, 13801 MHz, 0x0000000000000000, 409.99 W, 93 %, 29298 MiB
2026/10/01 05:03:18.959, 2902 MHz, 13801 MHz, 0x0000000000000000, 412.20 W, 93 %, 29298 MiB
2026/10/01 05:03:19.472, 2895 MHz, 13801 MHz, 0x0000000000000000, 412.92 W, 93 %, 29298 MiB
2026/10/01 05:03:19.983, 2902 MHz, 13801 MHz, 0x0000000000000000, 411.13 W, 94 %, 29298 MiB
2026/10/01 05:03:20.490, 2902 MHz, 13801 MHz, 0x0000000000000000, 409.77 W, 93 %, 29298 MiB
2026/10/01 05:03:21.002, 2902 MHz, 13801 MHz, 0x0000000000000000, 409.84 W, 93 %, 29298 MiB
2026/10/01 05:03:21.511, 2902 MHz, 13801 MHz, 0x0000000000000000, 410.15 W, 93 %, 29298 MiB
2026/10/01 05:03:22.025, 2895 MHz, 13801 MHz, 0x0000000000000000, 410.92 W, 94 %, 29298 MiB
2026/10/01 05:03:22.533, 2895 MHz, 13801 MHz, 0x0000000000000000, 413.31 W, 93 %, 29298 MiB
2026/10/01 05:03:23.044, 2895 MHz, 13801 MHz, 0x0000000000000000, 413.25 W, 94 %, 29298 MiB
2026/10/01 05:03:23.557, 2902 MHz, 13801 MHz, 0x0000000000000000, 410.53 W, 94 %, 29298 MiB
2026/10/01 05:03:24.071, 2902 MHz, 13801 MHz, 0x0000000000000000, 407.84 W, 93 %, 29298 MiB
2026/10/01 05:03:24.582, 2902 MHz, 13801 MHz, 0x0000000000000000, 403.90 W, 92 %, 29298 MiB
2026/10/01 05:03:25.090, 2895 MHz, 13801 MHz, 0x0000000000000000, 408.21 W, 91 %, 29298 MiB
2026/10/01 05:03:25.599, 2902 MHz, 13801 MHz, 0x0000000000000000, 405.78 W, 90 %, 29298 MiB
2026/10/01 05:03:26.105, 2902 MHz, 13801 MHz, 0x0000000000000000, 397.87 W, 87 %, 29298 MiB
2026/10/01 05:03:26.611, 2902 MHz, 13801 MHz, 0x0000000000000000, 392.37 W, 91 %, 29301 MiB
2026/10/01 05:03:27.122, 2902 MHz, 13801 MHz, 0x0000000000000000, 394.70 W, 90 %, 29301 MiB
2026/10/01 05:03:27.631, 2895 MHz, 13801 MHz, 0x0000000000000000, 400.51 W, 80 %, 29298 MiB
2026/10/01 05:03:28.142, 2895 MHz, 13801 MHz, 0x0000000000000000, 402.17 W, 89 %, 29298 MiB
2026/10/01 05:03:28.651, 2902 MHz, 13801 MHz, 0x0000000000000000, 405.07 W, 93 %, 29298 MiB
2026/10/01 05:03:29.160, 2902 MHz, 13801 MHz, 0x0000000000000000, 405.59 W, 92 %, 29298 MiB
2026/10/01 05:03:29.672, 2902 MHz, 13801 MHz, 0x0000000000000000, 405.01 W, 77 %, 29298 MiB
2026/10/01 05:03:30.186, 2902 MHz, 13801 MHz, 0x0000000000000000, 402.56 W, 92 %, 29298 MiB
2026/10/01 05:03:30.694, 2902 MHz, 13801 MHz, 0x0000000000000000, 403.89 W, 92 %, 29298 MiB
2026/10/01 05:03:31.203, 2902 MHz, 13801 MHz, 0x0000000000000000, 409.70 W, 92 %, 29298 MiB
2026/10/01 05:03:31.716, 2895 MHz, 13801 MHz, 0x0000000000000000, 414.48 W, 92 %, 29298 MiB
2026/10/01 05:03:32.227, 2902 MHz, 13801 MHz, 0x0000000000000000, 412.76 W, 93 %, 29298 MiB
2026/10/01 05:03:32.741, 2910 MHz, 13801 MHz, 0x0000000000000000, 365.85 W, 0 %, 29298 MiB
2026/10/01 05:03:33.255, 2925 MHz, 13801 MHz, 0x0000000000000000, 229.82 W, 0 %, 29298 MiB
2026/10/01 05:03:33.757, 2925 MHz, 13801 MHz, 0x0000000000000000, 101.24 W, 0 %, 29298 MiB
2026/10/01 05:03:34.273, 2925 MHz, 13801 MHz, 0x0000000000000000, 100.28 W, 0 %, 29298 MiB
2026/10/01 05:03:34.777, 697 MHz, 13801 MHz, 0x0000000000000000, 82.74 W, 0 %, 29298 MiB
2026/10/01 05:03:35.291, 540 MHz, 7001 MHz, 0x0000000000000000, 52.13 W, 0 %, 29298 MiB
2026/10/01 05:03:35.804, 435 MHz, 7001 MHz, 0x0000000000000000, 39.73 W, 0 %, 29298 MiB
2026/10/01 05:03:36.307, 435 MHz, 7001 MHz, 0x0000000000000000, 38.45 W, 0 %, 29298 MiB
2026/10/01 05:03:36.820, 435 MHz, 7001 MHz, 0x0000000000000000, 38.45 W, 0 %, 29298 MiB
2026/10/01 05:03:37.335, 277 MHz, 810 MHz, 0x0000000000000000, 33.79 W, 0 %, 29298 MiB
2026/10/01 05:03:37.837, 277 MHz, 810 MHz, 0x0000000000000000, 33.79 W, 0 %, 29298 MiB
2026/10/01 05:03:38.339, 180 MHz, 810 MHz, 0x0000000000000000, 17.78 W, 0 %, 29298 MiB
2026/10/01 05:03:38.854, 180 MHz, 810 MHz, 0x0000000000000000, 17.78 W, 0 %, 29298 MiB
2026/10/01 05:03:39.354, 180 MHz, 405 MHz, 0x0000000000000000, 13.49 W, 0 %, 29298 MiB
2026/10/01 05:03:39.868, 180 MHz, 405 MHz, 0x0000000000000000, 13.49 W, 0 %, 29298 MiB
2026/10/01 05:03:40.369, 180 MHz, 405 MHz, 0x0000000000000000, 13.24 W, 0 %, 29298 MiB
2026/10/01 05:03:40.881, 180 MHz, 405 MHz, 0x0000000000000000, 13.24 W, 0 %, 29298 MiB
2026/10/01 05:03:41.396, 180 MHz, 405 MHz, 0x0000000000000000, 13.17 W, 0 %, 29298 MiB
2026/10/01 05:03:41.911, 180 MHz, 405 MHz, 0x0000000000000000, 13.17 W, 0 %, 29298 MiB
2026/10/01 05:03:42.423, 180 MHz, 405 MHz, 0x0000000000000000, 12.97 W, 0 %, 29298 MiB
2026/10/01 05:03:42.936, 180 MHz, 405 MHz, 0x0000000000000000, 12.97 W, 0 %, 29298 MiB
2026/10/01 05:03:43.452, 180 MHz, 405 MHz, 0x0000000000000000, 12.71 W, 0 %, 29298 MiB
2026/10/01 05:03:43.964, 180 MHz, 405 MHz, 0x0000000000000000, 12.71 W, 0 %, 29298 MiB
2026/10/01 05:03:44.468, 180 MHz, 405 MHz, 0x0000000000000000, 13.05 W, 0 %, 29298 MiB
2026/10/01 05:03:44.984, 180 MHz, 405 MHz, 0x0000000000000000, 13.05 W, 0 %, 29298 MiB
2026/10/01 05:03:45.498, 180 MHz, 405 MHz, 0x0000000000000000, 12.80 W, 0 %, 29298 MiB
2026/10/01 05:03:46.009, 180 MHz, 405 MHz, 0x0000000000000000, 12.80 W, 0 %, 29298 MiB
2026/10/01 05:03:46.511, 180 MHz, 405 MHz, 0x0000000000000000, 12.69 W, 0 %, 29298 MiB
2026/10/01 05:03:47.013, 180 MHz, 405 MHz, 0x0000000000000000, 12.69 W, 0 %, 29298 MiB
2026/10/01 05:03:47.525, 210 MHz, 405 MHz, 0x0000000000000000, 13.73 W, 0 %, 29298 MiB
2026/10/01 05:03:48.039, 202 MHz, 405 MHz, 0x0000000000000000, 14.57 W, 0 %, 29301 MiB
2026/10/01 05:03:48.554, 180 MHz, 405 MHz, 0x0000000000000000, 16.28 W, 0 %, 29298 MiB
2026/10/01 05:03:49.069, 180 MHz, 405 MHz, 0x0000000000000000, 17.07 W, 17 %, 29298 MiB
2026/10/01 05:03:49.582, 2902 MHz, 13801 MHz, 0x0000000000000000, 177.63 W, 94 %, 29298 MiB
2026/10/01 05:03:50.097, 2902 MHz, 13801 MHz, 0x0000000000000000, 387.25 W, 93 %, 29298 MiB
2026/10/01 05:03:50.610, 2910 MHz, 13801 MHz, 0x0000000000000000, 445.77 W, 91 %, 29298 MiB
2026/10/01 05:03:51.123, 2902 MHz, 13801 MHz, 0x0000000000000000, 469.59 W, 91 %, 29298 MiB
2026/10/01 05:03:51.636, 2902 MHz, 13801 MHz, 0x0000000000000000, 495.05 W, 94 %, 29298 MiB
2026/10/01 05:03:52.136, 2895 MHz, 13801 MHz, 0x0000000000000000, 494.07 W, 93 %, 29298 MiB
2026/10/01 05:03:52.637, 2895 MHz, 13801 MHz, 0x0000000000000000, 494.08 W, 93 %, 29298 MiB
2026/10/01 05:03:53.152, 2895 MHz, 13801 MHz, 0x0000000000000000, 496.28 W, 92 %, 29298 MiB
2026/10/01 05:03:53.667, 2895 MHz, 13801 MHz, 0x0000000000000000, 496.99 W, 93 %, 29298 MiB
2026/10/01 05:03:54.182, 2895 MHz, 13801 MHz, 0x0000000000000000, 495.26 W, 94 %, 29298 MiB
2026/10/01 05:03:54.683, 2895 MHz, 13801 MHz, 0x0000000000000000, 494.67 W, 92 %, 29298 MiB
2026/10/01 05:03:55.196, 2895 MHz, 13801 MHz, 0x0000000000000000, 476.33 W, 89 %, 29298 MiB
2026/10/01 05:03:55.697, 2895 MHz, 13801 MHz, 0x0000000000000000, 477.78 W, 93 %, 29298 MiB
2026/10/01 05:03:56.209, 2895 MHz, 13801 MHz, 0x0000000000000000, 468.82 W, 34 %, 29298 MiB
2026/10/01 05:03:56.711, 2895 MHz, 13801 MHz, 0x0000000000000000, 466.96 W, 94 %, 29298 MiB
2026/10/01 05:03:57.224, 2895 MHz, 13801 MHz, 0x0000000000000000, 499.23 W, 94 %, 29298 MiB
2026/10/01 05:03:57.725, 2895 MHz, 13801 MHz, 0x0000000000000000, 497.08 W, 92 %, 29298 MiB
2026/10/01 05:03:58.240, 2895 MHz, 13801 MHz, 0x0000000000000000, 497.58 W, 93 %, 29298 MiB
2026/10/01 05:03:58.752, 2895 MHz, 13801 MHz, 0x0000000000000000, 497.18 W, 94 %, 29298 MiB
2026/10/01 05:03:59.253, 2895 MHz, 13801 MHz, 0x0000000000000000, 496.55 W, 94 %, 29298 MiB
2026/10/01 05:03:59.756, 2902 MHz, 13801 MHz, 0x0000000000000000, 455.91 W, 0 %, 29298 MiB
2026/10/01 05:04:10.597, 172 MHz, 405 MHz, 0x0000000000000000, 15.41 W, 0 %, 29303 MiB
2026/10/01 05:04:11.111, 300 MHz, 405 MHz, 0x0000000000000000, 20.93 W, 97 %, 29303 MiB
2026/10/01 05:04:11.612, 2902 MHz, 13801 MHz, 0x0000000000000000, 180.67 W, 94 %, 29303 MiB
2026/10/01 05:04:12.114, 2902 MHz, 13801 MHz, 0x0000000000000000, 403.27 W, 93 %, 29303 MiB
2026/10/01 05:04:12.620, 2902 MHz, 13801 MHz, 0x0000000000000000, 496.05 W, 94 %, 29303 MiB
2026/10/01 05:04:13.122, 2902 MHz, 13801 MHz, 0x0000000000000000, 495.54 W, 95 %, 29303 MiB
2026/10/01 05:04:13.638, 2902 MHz, 13801 MHz, 0x0000000000000000, 494.24 W, 93 %, 29303 MiB
2026/10/01 05:04:14.152, 2902 MHz, 13801 MHz, 0x0000000000000000, 470.60 W, 93 %, 29303 MiB
2026/10/01 05:04:14.667, 2902 MHz, 13801 MHz, 0x0000000000000000, 469.08 W, 93 %, 29303 MiB
2026/10/01 05:04:15.183, 2902 MHz, 13801 MHz, 0x0000000000000000, 494.95 W, 93 %, 29303 MiB
2026/10/01 05:04:15.698, 2902 MHz, 13801 MHz, 0x0000000000000000, 493.42 W, 94 %, 29303 MiB
2026/10/01 05:04:16.199, 2902 MHz, 13801 MHz, 0x0000000000000000, 495.02 W, 94 %, 29303 MiB
2026/10/01 05:04:16.701, 2895 MHz, 13801 MHz, 0x0000000000000000, 491.71 W, 80 %, 29303 MiB
2026/10/01 05:04:17.213, 2895 MHz, 13801 MHz, 0x0000000000000000, 488.61 W, 92 %, 29303 MiB
2026/10/01 05:04:17.725, 2895 MHz, 13801 MHz, 0x0000000000000000, 497.00 W, 93 %, 29303 MiB
2026/10/01 05:04:18.227, 2895 MHz, 13801 MHz, 0x0000000000000000, 496.77 W, 93 %, 29303 MiB
2026/10/01 05:04:18.740, 2895 MHz, 13801 MHz, 0x0000000000000000, 496.11 W, 94 %, 29303 MiB
2026/10/01 05:04:19.241, 2895 MHz, 13801 MHz, 0x0000000000000000, 497.61 W, 94 %, 29303 MiB
2026/10/01 05:04:19.756, 2895 MHz, 13801 MHz, 0x0000000000000000, 498.27 W, 94 %, 29303 MiB
2026/10/01 05:04:20.260, 2895 MHz, 13801 MHz, 0x0000000000000000, 489.09 W, 92 %, 29303 MiB
2026/10/01 05:04:20.776, 2895 MHz, 13801 MHz, 0x0000000000000000, 489.19 W, 93 %, 29303 MiB
2026/10/01 05:04:21.276, 2895 MHz, 13801 MHz, 0x0000000000000000, 498.49 W, 93 %, 29303 MiB
2026/10/01 05:04:21.791, 2925 MHz, 13801 MHz, 0x0000000000000000, 382.70 W, 0 %, 29303 MiB
2026/10/01 05:04:22.306, 2925 MHz, 13801 MHz, 0x0000000000000000, 181.90 W, 0 %, 29303 MiB
2026/10/01 05:04:22.807, 2925 MHz, 13801 MHz, 0x0000000000000000, 97.57 W, 0 %, 29303 MiB
2026/10/01 05:04:23.321, 2925 MHz, 13801 MHz, 0x0000000000000000, 96.64 W, 0 %, 29303 MiB
2026/10/01 05:04:23.823, 555 MHz, 7001 MHz, 0x0000000000000000, 74.80 W, 0 %, 29303 MiB
2026/10/01 05:04:24.324, 435 MHz, 7001 MHz, 0x0000000000000000, 44.99 W, 0 %, 29303 MiB
2026/10/01 05:04:24.837, 382 MHz, 7001 MHz, 0x0000000000000000, 36.80 W, 0 %, 29303 MiB
2026/10/01 05:04:25.351, 277 MHz, 7001 MHz, 0x0000000000000000, 36.70 W, 0 %, 29303 MiB
2026/10/01 05:04:25.866, 240 MHz, 7001 MHz, 0x0000000000000000, 36.62 W, 0 %, 29303 MiB
2026/10/01 05:04:26.367, 240 MHz, 7001 MHz, 0x0000000000000000, 36.62 W, 0 %, 29303 MiB
2026/10/01 05:04:26.868, 180 MHz, 7001 MHz, 0x0000000000000000, 36.29 W, 0 %, 29303 MiB
2026/10/01 05:04:27.370, 180 MHz, 7001 MHz, 0x0000000000000000, 36.29 W, 0 %, 29303 MiB
2026/10/01 05:04:27.885, 180 MHz, 7001 MHz, 0x0000000000000000, 36.22 W, 0 %, 29303 MiB
2026/10/01 05:04:28.398, 180 MHz, 7001 MHz, 0x0000000000000000, 36.22 W, 0 %, 29303 MiB
2026/10/01 05:04:28.898, 180 MHz, 810 MHz, 0x0000000000000000, 19.52 W, 0 %, 29303 MiB
2026/10/01 05:04:29.400, 180 MHz, 810 MHz, 0x0000000000000000, 19.52 W, 0 %, 29303 MiB
2026/10/01 05:04:29.902, 202 MHz, 405 MHz, 0x0000000000000000, 13.02 W, 0 %, 29308 MiB
2026/10/01 05:04:30.415, 180 MHz, 405 MHz, 0x0000000000000000, 13.83 W, 0 %, 29303 MiB
2026/10/01 05:04:30.927, 180 MHz, 405 MHz, 0x0000000000000000, 15.79 W, 0 %, 29303 MiB
2026/10/01 05:04:31.440, 180 MHz, 405 MHz, 0x0000000000000000, 15.67 W, 0 %, 29303 MiB
2026/10/01 05:04:31.954, 180 MHz, 405 MHz, 0x0000000000000000, 15.63 W, 0 %, 29303 MiB
2026/10/01 05:04:32.469, 2467 MHz, 13801 MHz, 0x0000000000000004, 72.03 W, 100 %, 29303 MiB
2026/10/01 05:04:32.978, 2910 MHz, 13801 MHz, 0x0000000000000000, 219.28 W, 91 %, 29303 MiB
2026/10/01 05:04:33.486, 2910 MHz, 13801 MHz, 0x0000000000000000, 416.11 W, 92 %, 29303 MiB
2026/10/01 05:04:33.997, 2910 MHz, 13801 MHz, 0x0000000000000000, 405.42 W, 93 %, 29303 MiB
2026/10/01 05:04:34.508, 2910 MHz, 13801 MHz, 0x0000000000000000, 402.72 W, 84 %, 29303 MiB
2026/10/01 05:04:35.014, 2910 MHz, 13801 MHz, 0x0000000000000000, 403.58 W, 93 %, 29303 MiB
2026/10/01 05:04:35.521, 2910 MHz, 13801 MHz, 0x0000000000000000, 402.50 W, 87 %, 29303 MiB
2026/10/01 05:04:36.029, 2910 MHz, 13801 MHz, 0x0000000000000000, 395.96 W, 92 %, 29303 MiB
2026/10/01 05:04:36.541, 2910 MHz, 13801 MHz, 0x0000000000000000, 408.52 W, 94 %, 29303 MiB
2026/10/01 05:04:37.052, 2902 MHz, 13801 MHz, 0x0000000000000004, 460.82 W, 99 %, 29303 MiB
2026/10/01 05:04:37.563, 2910 MHz, 13801 MHz, 0x0000000000000000, 462.90 W, 92 %, 29303 MiB
2026/10/01 05:04:38.071, 2910 MHz, 13801 MHz, 0x0000000000000000, 426.96 W, 92 %, 29303 MiB
2026/10/01 05:04:38.582, 2910 MHz, 13801 MHz, 0x0000000000000000, 410.76 W, 92 %, 29303 MiB
2026/10/01 05:04:39.092, 2910 MHz, 13801 MHz, 0x0000000000000000, 410.43 W, 91 %, 29303 MiB
2026/10/01 05:04:39.599, 2910 MHz, 13801 MHz, 0x0000000000000000, 406.77 W, 83 %, 29303 MiB
2026/10/01 05:04:40.109, 2910 MHz, 13801 MHz, 0x0000000000000000, 408.04 W, 91 %, 29303 MiB
2026/10/01 05:04:40.621, 2910 MHz, 13801 MHz, 0x0000000000000000, 412.56 W, 90 %, 29303 MiB
2026/10/01 05:04:41.130, 2910 MHz, 13801 MHz, 0x0000000000000000, 410.26 W, 92 %, 29303 MiB
2026/10/01 05:04:41.638, 2910 MHz, 13801 MHz, 0x0000000000000000, 412.35 W, 92 %, 29303 MiB
2026/10/01 05:04:42.149, 2910 MHz, 13801 MHz, 0x0000000000000000, 416.65 W, 94 %, 29303 MiB
2026/10/01 05:04:42.663, 2910 MHz, 13801 MHz, 0x0000000000000000, 415.57 W, 93 %, 29303 MiB
2026/10/01 05:04:43.172, 2910 MHz, 13801 MHz, 0x0000000000000000, 418.07 W, 93 %, 29303 MiB
2026/10/01 05:04:43.681, 2910 MHz, 13801 MHz, 0x0000000000000000, 416.58 W, 91 %, 29303 MiB
2026/10/01 05:04:44.192, 2910 MHz, 13801 MHz, 0x0000000000000000, 415.30 W, 93 %, 29303 MiB
2026/10/01 05:04:44.700, 2910 MHz, 13801 MHz, 0x0000000000000000, 416.04 W, 93 %, 29303 MiB
2026/10/01 05:04:45.210, 2910 MHz, 13801 MHz, 0x0000000000000000, 416.91 W, 90 %, 29303 MiB
2026/10/01 05:04:45.718, 2910 MHz, 13801 MHz, 0x0000000000000004, 411.73 W, 91 %, 29303 MiB
2026/10/01 05:04:46.226, 2910 MHz, 13801 MHz, 0x0000000000000000, 413.97 W, 93 %, 29303 MiB
2026/10/01 05:04:46.737, 2910 MHz, 13801 MHz, 0x0000000000000000, 413.27 W, 92 %, 29303 MiB
2026/10/01 05:04:47.247, 2910 MHz, 13801 MHz, 0x0000000000000000, 411.76 W, 93 %, 29303 MiB
2026/10/01 05:04:47.757, 2910 MHz, 13801 MHz, 0x0000000000000000, 416.77 W, 91 %, 29303 MiB
2026/10/01 05:04:48.265, 2902 MHz, 13801 MHz, 0x0000000000000000, 420.08 W, 94 %, 29303 MiB
2026/10/01 05:04:48.774, 2895 MHz, 13801 MHz, 0x0000000000000000, 424.45 W, 92 %, 29303 MiB
2026/10/01 05:04:49.288, 2910 MHz, 13801 MHz, 0x0000000000000000, 420.95 W, 94 %, 29303 MiB
2026/10/01 05:04:49.801, 2902 MHz, 13801 MHz, 0x0000000000000000, 417.52 W, 93 %, 29303 MiB
2026/10/01 05:04:50.308, 2910 MHz, 13801 MHz, 0x0000000000000000, 414.06 W, 90 %, 29303 MiB
2026/10/01 05:04:50.820, 2910 MHz, 13801 MHz, 0x0000000000000000, 410.82 W, 90 %, 29308 MiB
2026/10/01 05:04:51.329, 2910 MHz, 13801 MHz, 0x0000000000000000, 407.35 W, 88 %, 29308 MiB
2026/10/01 05:04:51.841, 2910 MHz, 13801 MHz, 0x0000000000000000, 410.65 W, 92 %, 29303 MiB
2026/10/01 05:04:52.355, 2902 MHz, 13801 MHz, 0x0000000000000000, 422.36 W, 90 %, 29303 MiB
2026/10/01 05:04:52.865, 2910 MHz, 13801 MHz, 0x0000000000000000, 421.56 W, 92 %, 29303 MiB
2026/10/01 05:04:53.377, 2902 MHz, 13801 MHz, 0x0000000000000000, 418.34 W, 93 %, 29303 MiB
2026/10/01 05:04:53.886, 2910 MHz, 13801 MHz, 0x0000000000000000, 416.98 W, 94 %, 29303 MiB
2026/10/01 05:04:54.393, 2910 MHz, 13801 MHz, 0x0000000000000000, 419.10 W, 90 %, 29303 MiB
2026/10/01 05:04:54.905, 2910 MHz, 13801 MHz, 0x0000000000000000, 419.15 W, 93 %, 29303 MiB
2026/10/01 05:04:55.416, 2902 MHz, 13801 MHz, 0x0000000000000000, 420.18 W, 90 %, 29303 MiB
2026/10/01 05:04:55.925, 2902 MHz, 13801 MHz, 0x0000000000000000, 417.29 W, 91 %, 29303 MiB
2026/10/01 05:04:56.437, 2910 MHz, 13801 MHz, 0x0000000000000000, 407.14 W, 94 %, 29303 MiB
2026/10/01 05:04:56.946, 2902 MHz, 13801 MHz, 0x0000000000000000, 408.58 W, 93 %, 29303 MiB
2026/10/01 05:04:57.455, 2902 MHz, 13801 MHz, 0x0000000000000000, 420.61 W, 94 %, 29303 MiB
2026/10/01 05:04:57.966, 2910 MHz, 13801 MHz, 0x0000000000000000, 422.32 W, 92 %, 29303 MiB
2026/10/01 05:04:58.478, 2910 MHz, 13801 MHz, 0x0000000000000000, 415.10 W, 92 %, 29303 MiB
2026/10/01 05:04:58.990, 2902 MHz, 13801 MHz, 0x0000000000000000, 409.87 W, 91 %, 29303 MiB
2026/10/01 05:04:59.501, 2887 MHz, 13801 MHz, 0x0000000000000000, 410.76 W, 94 %, 29303 MiB
2026/10/01 05:05:00.009, 2902 MHz, 13801 MHz, 0x0000000000000000, 413.10 W, 94 %, 29303 MiB
2026/10/01 05:05:00.521, 2902 MHz, 13801 MHz, 0x0000000000000000, 416.23 W, 92 %, 29303 MiB
2026/10/01 05:05:01.032, 2902 MHz, 13801 MHz, 0x0000000000000000, 415.01 W, 92 %, 29303 MiB
2026/10/01 05:05:01.540, 2895 MHz, 13801 MHz, 0x0000000000000000, 417.97 W, 92 %, 29303 MiB
2026/10/01 05:05:02.051, 2902 MHz, 13801 MHz, 0x0000000000000000, 417.30 W, 94 %, 29303 MiB
2026/10/01 05:05:02.563, 2895 MHz, 13801 MHz, 0x0000000000000000, 418.39 W, 94 %, 29303 MiB
2026/10/01 05:05:03.075, 2895 MHz, 13801 MHz, 0x0000000000000000, 420.74 W, 92 %, 29303 MiB
2026/10/01 05:05:03.587, 2895 MHz, 13801 MHz, 0x0000000000000000, 418.41 W, 92 %, 29303 MiB
2026/10/01 05:05:04.100, 2902 MHz, 13801 MHz, 0x0000000000000000, 418.15 W, 92 %, 29303 MiB
2026/10/01 05:05:04.608, 2902 MHz, 13801 MHz, 0x0000000000000000, 420.51 W, 93 %, 29303 MiB
2026/10/01 05:05:05.118, 2895 MHz, 13801 MHz, 0x0000000000000000, 419.75 W, 92 %, 29303 MiB
2026/10/01 05:05:05.627, 2895 MHz, 13801 MHz, 0x0000000000000000, 419.00 W, 91 %, 29303 MiB
2026/10/01 05:05:06.136, 2895 MHz, 13801 MHz, 0x0000000000000000, 420.34 W, 93 %, 29303 MiB
2026/10/01 05:05:06.647, 2895 MHz, 13801 MHz, 0x0000000000000000, 420.25 W, 90 %, 29303 MiB
2026/10/01 05:05:07.158, 2902 MHz, 13801 MHz, 0x0000000000000000, 418.56 W, 90 %, 29303 MiB
2026/10/01 05:05:07.671, 2902 MHz, 13801 MHz, 0x0000000000000000, 419.86 W, 87 %, 29303 MiB
2026/10/01 05:05:08.180, 2895 MHz, 13801 MHz, 0x0000000000000000, 421.02 W, 90 %, 29303 MiB
2026/10/01 05:05:08.690, 2895 MHz, 13801 MHz, 0x0000000000000000, 420.17 W, 94 %, 29303 MiB
2026/10/01 05:05:09.200, 2902 MHz, 13801 MHz, 0x0000000000000000, 419.78 W, 93 %, 29303 MiB
2026/10/01 05:05:09.711, 2902 MHz, 13801 MHz, 0x0000000000000000, 420.07 W, 93 %, 29303 MiB
2026/10/01 05:05:10.222, 2895 MHz, 13801 MHz, 0x0000000000000000, 423.50 W, 94 %, 29303 MiB
2026/10/01 05:05:10.737, 2895 MHz, 13801 MHz, 0x0000000000000000, 422.86 W, 91 %, 29303 MiB
2026/10/01 05:05:11.248, 2895 MHz, 13801 MHz, 0x0000000000000000, 414.29 W, 75 %, 29303 MiB
2026/10/01 05:05:11.757, 2895 MHz, 13801 MHz, 0x0000000000000000, 401.56 W, 89 %, 29308 MiB
2026/10/01 05:05:12.267, 2902 MHz, 13801 MHz, 0x0000000000000000, 400.66 W, 88 %, 29308 MiB
2026/10/01 05:05:12.776, 2902 MHz, 13801 MHz, 0x0000000000000000, 409.63 W, 93 %, 29308 MiB
2026/10/01 05:05:13.286, 2902 MHz, 13801 MHz, 0x0000000000000000, 415.20 W, 94 %, 29303 MiB
2026/10/01 05:05:13.799, 2895 MHz, 13801 MHz, 0x0000000000000000, 417.84 W, 89 %, 29303 MiB
2026/10/01 05:05:14.309, 2902 MHz, 13801 MHz, 0x0000000000000000, 422.74 W, 93 %, 29303 MiB
2026/10/01 05:05:14.822, 2902 MHz, 13801 MHz, 0x0000000000000000, 425.70 W, 91 %, 29303 MiB
2026/10/01 05:05:15.327, 2895 MHz, 13801 MHz, 0x0000000000000000, 422.27 W, 83 %, 29303 MiB
2026/10/01 05:05:15.840, 2902 MHz, 13801 MHz, 0x0000000000000000, 421.42 W, 94 %, 29303 MiB
2026/10/01 05:05:16.348, 2887 MHz, 13801 MHz, 0x0000000000000000, 420.29 W, 93 %, 29303 MiB
2026/10/01 05:05:16.860, 2895 MHz, 13801 MHz, 0x0000000000000000, 420.48 W, 88 %, 29303 MiB
2026/10/01 05:05:17.370, 2895 MHz, 13801 MHz, 0x0000000000000000, 423.00 W, 89 %, 29303 MiB
2026/10/01 05:05:17.880, 2902 MHz, 13801 MHz, 0x0000000000000000, 422.42 W, 94 %, 29303 MiB
2026/10/01 05:05:18.387, 2902 MHz, 13801 MHz, 0x0000000000000000, 421.83 W, 94 %, 29303 MiB
2026/10/01 05:05:18.902, 2902 MHz, 13801 MHz, 0x0000000000000000, 421.79 W, 93 %, 29303 MiB
2026/10/01 05:05:19.411, 2895 MHz, 13801 MHz, 0x0000000000000000, 427.05 W, 93 %, 29303 MiB
2026/10/01 05:05:19.924, 2902 MHz, 13801 MHz, 0x0000000000000000, 427.40 W, 93 %, 29303 MiB
2026/10/01 05:05:20.435, 2902 MHz, 13801 MHz, 0x0000000000000000, 419.45 W, 84 %, 29303 MiB
2026/10/01 05:05:20.949, 2902 MHz, 13801 MHz, 0x0000000000000000, 419.11 W, 92 %, 29303 MiB
2026/10/01 05:05:21.464, 2902 MHz, 13801 MHz, 0x0000000000000000, 416.12 W, 93 %, 29303 MiB
2026/10/01 05:05:21.977, 2902 MHz, 13801 MHz, 0x0000000000000000, 420.55 W, 93 %, 29303 MiB
2026/10/01 05:05:22.488, 2902 MHz, 13801 MHz, 0x0000000000000000, 423.64 W, 94 %, 29303 MiB
2026/10/01 05:05:23.002, 2895 MHz, 13801 MHz, 0x0000000000000000, 424.73 W, 93 %, 29303 MiB
2026/10/01 05:05:23.511, 2895 MHz, 13801 MHz, 0x0000000000000000, 422.96 W, 83 %, 29303 MiB
2026/10/01 05:05:24.023, 2895 MHz, 13801 MHz, 0x0000000000000000, 421.35 W, 94 %, 29303 MiB
2026/10/01 05:05:24.534, 2895 MHz, 13801 MHz, 0x0000000000000000, 424.46 W, 94 %, 29303 MiB
2026/10/01 05:05:25.042, 2902 MHz, 13801 MHz, 0x0000000000000004, 427.07 W, 91 %, 29303 MiB
2026/10/01 05:05:25.551, 2902 MHz, 13801 MHz, 0x0000000000000000, 418.64 W, 90 %, 29303 MiB
2026/10/01 05:05:26.062, 2895 MHz, 13801 MHz, 0x0000000000000000, 414.22 W, 88 %, 29303 MiB
2026/10/01 05:05:26.572, 2902 MHz, 13801 MHz, 0x0000000000000000, 411.63 W, 90 %, 29303 MiB
2026/10/01 05:05:27.081, 2895 MHz, 13801 MHz, 0x0000000000000000, 418.12 W, 87 %, 29303 MiB
2026/10/01 05:05:27.593, 2902 MHz, 13801 MHz, 0x0000000000000000, 421.97 W, 94 %, 29303 MiB
2026/10/01 05:05:28.106, 2902 MHz, 13801 MHz, 0x0000000000000000, 420.43 W, 94 %, 29303 MiB
2026/10/01 05:05:28.618, 2895 MHz, 13801 MHz, 0x0000000000000000, 417.92 W, 93 %, 29303 MiB
2026/10/01 05:05:29.128, 2895 MHz, 13801 MHz, 0x0000000000000000, 418.46 W, 93 %, 29303 MiB
2026/10/01 05:05:29.638, 2895 MHz, 13801 MHz, 0x0000000000000000, 423.48 W, 93 %, 29303 MiB
2026/10/01 05:05:30.140, 2895 MHz, 13801 MHz, 0x0000000000000000, 423.25 W, 91 %, 29303 MiB
2026/10/01 05:05:30.648, 2895 MHz, 13801 MHz, 0x0000000000000000, 424.79 W, 94 %, 29303 MiB
2026/10/01 05:05:31.159, 2895 MHz, 13801 MHz, 0x0000000000000000, 424.68 W, 93 %, 29303 MiB
2026/10/01 05:05:31.669, 2902 MHz, 13801 MHz, 0x0000000000000000, 421.86 W, 94 %, 29303 MiB
2026/10/01 05:05:32.181, 2895 MHz, 13801 MHz, 0x0000000000000000, 421.92 W, 94 %, 29303 MiB
2026/10/01 05:05:32.691, 2902 MHz, 13801 MHz, 0x0000000000000000, 419.26 W, 91 %, 29303 MiB
2026/10/01 05:05:33.198, 2895 MHz, 13801 MHz, 0x0000000000000000, 413.19 W, 90 %, 29308 MiB
2026/10/01 05:05:33.706, 2895 MHz, 13801 MHz, 0x0000000000000000, 408.21 W, 91 %, 29308 MiB
2026/10/01 05:05:34.215, 2895 MHz, 13801 MHz, 0x0000000000000000, 406.23 W, 93 %, 29303 MiB
2026/10/01 05:05:34.729, 2902 MHz, 13801 MHz, 0x0000000000000000, 421.07 W, 92 %, 29303 MiB
2026/10/01 05:05:35.237, 2902 MHz, 13801 MHz, 0x0000000000000000, 419.79 W, 94 %, 29303 MiB
2026/10/01 05:05:35.748, 2895 MHz, 13801 MHz, 0x0000000000000000, 421.67 W, 93 %, 29303 MiB
2026/10/01 05:05:36.259, 2902 MHz, 13801 MHz, 0x0000000000000000, 421.91 W, 94 %, 29303 MiB
2026/10/01 05:05:36.773, 2902 MHz, 13801 MHz, 0x0000000000000000, 393.13 W, 0 %, 29303 MiB
2026/10/01 05:05:37.289, 2925 MHz, 13801 MHz, 0x0000000000000000, 234.39 W, 0 %, 29303 MiB
2026/10/01 05:05:37.804, 2925 MHz, 13801 MHz, 0x0000000000000000, 102.87 W, 0 %, 29303 MiB
2026/10/01 05:05:38.305, 2925 MHz, 13801 MHz, 0x0000000000000000, 101.30 W, 0 %, 29303 MiB
2026/10/01 05:05:38.808, 1477 MHz, 13801 MHz, 0x0000000000000000, 91.19 W, 0 %, 29303 MiB
2026/10/01 05:05:39.322, 472 MHz, 810 MHz, 0x0000000000000000, 63.49 W, 0 %, 29303 MiB
2026/10/01 05:05:39.836, 375 MHz, 810 MHz, 0x0000000000000000, 36.69 W, 0 %, 29303 MiB
2026/10/01 05:05:40.350, 330 MHz, 810 MHz, 0x0000000000000000, 27.74 W, 0 %, 29303 MiB
2026/10/01 05:05:40.855, 330 MHz, 810 MHz, 0x0000000000000000, 27.74 W, 0 %, 29303 MiB
2026/10/01 05:05:41.370, 187 MHz, 405 MHz, 0x0000000000000000, 14.41 W, 0 %, 29303 MiB
2026/10/01 05:05:41.884, 187 MHz, 405 MHz, 0x0000000000000000, 14.41 W, 0 %, 29303 MiB
2026/10/01 05:05:42.400, 180 MHz, 405 MHz, 0x0000000000000000, 13.66 W, 0 %, 29303 MiB
2026/10/01 05:05:42.916, 180 MHz, 405 MHz, 0x0000000000000000, 13.66 W, 0 %, 29303 MiB
2026/10/01 05:05:43.430, 180 MHz, 405 MHz, 0x0000000000000000, 13.34 W, 0 %, 29303 MiB
2026/10/01 05:05:43.930, 180 MHz, 405 MHz, 0x0000000000000000, 13.34 W, 0 %, 29303 MiB
2026/10/01 05:05:44.444, 180 MHz, 405 MHz, 0x0000000000000000, 13.53 W, 0 %, 29303 MiB
2026/10/01 05:05:44.956, 180 MHz, 405 MHz, 0x0000000000000000, 13.53 W, 0 %, 29303 MiB
2026/10/01 05:05:45.467, 180 MHz, 405 MHz, 0x0000000000000000, 13.31 W, 0 %, 29303 MiB
2026/10/01 05:05:45.978, 180 MHz, 405 MHz, 0x0000000000000000, 13.31 W, 0 %, 29303 MiB
2026/10/01 05:05:46.491, 180 MHz, 405 MHz, 0x0000000000000000, 13.00 W, 0 %, 29303 MiB
2026/10/01 05:05:47.001, 180 MHz, 405 MHz, 0x0000000000000000, 13.13 W, 0 %, 29303 MiB
2026/10/01 05:05:47.514, 180 MHz, 405 MHz, 0x0000000000000000, 14.97 W, 0 %, 29303 MiB
2026/10/01 05:05:48.026, 180 MHz, 405 MHz, 0x0000000000000000, 15.37 W, 0 %, 29303 MiB
2026/10/01 05:05:48.540, 180 MHz, 405 MHz, 0x0000000000000000, 15.37 W, 0 %, 29303 MiB
2026/10/01 05:05:49.055, 180 MHz, 405 MHz, 0x0000000000000000, 13.70 W, 0 %, 29303 MiB
2026/10/01 05:05:49.568, 180 MHz, 405 MHz, 0x0000000000000000, 13.70 W, 0 %, 29303 MiB
2026/10/01 05:05:50.080, 180 MHz, 405 MHz, 0x0000000000000000, 12.88 W, 0 %, 29303 MiB
2026/10/01 05:05:50.590, 180 MHz, 405 MHz, 0x0000000000000000, 12.88 W, 0 %, 29303 MiB
2026/10/01 05:05:51.103, 180 MHz, 405 MHz, 0x0000000000000000, 12.70 W, 0 %, 29303 MiB
2026/10/01 05:05:51.605, 180 MHz, 405 MHz, 0x0000000000000000, 12.70 W, 0 %, 29303 MiB
2026/10/01 05:05:52.119, 180 MHz, 405 MHz, 0x0000000000000000, 12.71 W, 0 %, 29303 MiB
2026/10/01 05:05:52.634, 180 MHz, 405 MHz, 0x0000000000000000, 12.71 W, 0 %, 29303 MiB
2026/10/01 05:05:53.149, 180 MHz, 405 MHz, 0x0000000000000000, 19.50 W, 0 %, 29303 MiB
2026/10/01 05:05:53.650, 2902 MHz, 13801 MHz, 0x0000000000000000, 110.14 W, 92 %, 29303 MiB
2026/10/01 05:05:54.164, 2902 MHz, 13801 MHz, 0x0000000000000000, 414.18 W, 93 %, 29308 MiB
2026/10/01 05:05:54.677, 2902 MHz, 13801 MHz, 0x0000000000000000, 489.40 W, 93 %, 29308 MiB
2026/10/01 05:05:55.181, 2902 MHz, 13801 MHz, 0x0000000000000000, 477.16 W, 65 %, 29303 MiB
2026/10/01 05:05:55.682, 2902 MHz, 13801 MHz, 0x0000000000000000, 480.48 W, 94 %, 29303 MiB
2026/10/01 05:05:56.196, 2902 MHz, 13801 MHz, 0x0000000000000000, 473.17 W, 49 %, 29303 MiB
2026/10/01 05:05:56.711, 2902 MHz, 13801 MHz, 0x0000000000000000, 471.63 W, 94 %, 29303 MiB
2026/10/01 05:05:57.226, 2902 MHz, 13801 MHz, 0x0000000000000000, 492.53 W, 93 %, 29303 MiB
2026/10/01 05:05:57.728, 2895 MHz, 13801 MHz, 0x0000000000000000, 496.71 W, 93 %, 29303 MiB
2026/10/01 05:05:58.244, 2895 MHz, 13801 MHz, 0x0000000000000000, 482.81 W, 94 %, 29303 MiB
2026/10/01 05:05:58.744, 2895 MHz, 13801 MHz, 0x0000000000000000, 477.80 W, 93 %, 29303 MiB
2026/10/01 05:05:59.259, 2895 MHz, 13801 MHz, 0x0000000000000000, 469.31 W, 94 %, 29303 MiB
2026/10/01 05:05:59.772, 2895 MHz, 13801 MHz, 0x0000000000000000, 488.24 W, 93 %, 29303 MiB
2026/10/01 05:06:00.278, 2895 MHz, 13801 MHz, 0x0000000000000000, 495.75 W, 93 %, 29303 MiB
2026/10/01 05:06:00.793, 2895 MHz, 13801 MHz, 0x0000000000000000, 494.44 W, 95 %, 29303 MiB
2026/10/01 05:06:01.306, 2895 MHz, 13801 MHz, 0x0000000000000000, 497.81 W, 95 %, 29303 MiB
2026/10/01 05:06:01.819, 2895 MHz, 13801 MHz, 0x0000000000000000, 484.32 W, 94 %, 29303 MiB
2026/10/01 05:06:02.333, 2895 MHz, 13801 MHz, 0x0000000000000000, 486.18 W, 94 %, 29303 MiB
2026/10/01 05:06:02.848, 2895 MHz, 13801 MHz, 0x0000000000000000, 502.89 W, 95 %, 29303 MiB
2026/10/01 05:06:03.361, 2895 MHz, 13801 MHz, 0x0000000000000000, 502.73 W, 95 %, 29303 MiB
2026/10/01 05:06:14.496, 180 MHz, 405 MHz, 0x0000000000000000, 12.43 W, 0 %, 29303 MiB
2026/10/01 05:06:15.010, 1515 MHz, 13801 MHz, 0x0000000000000000, 47.65 W, 91 %, 29306 MiB
2026/10/01 05:06:15.515, 2902 MHz, 13801 MHz, 0x0000000000000000, 260.97 W, 94 %, 29306 MiB
2026/10/01 05:06:16.025, 2902 MHz, 13801 MHz, 0x0000000000000000, 478.65 W, 93 %, 29303 MiB
2026/10/01 05:06:16.540, 2902 MHz, 13801 MHz, 0x0000000000000000, 473.85 W, 94 %, 29303 MiB
2026/10/01 05:06:17.042, 2902 MHz, 13801 MHz, 0x0000000000000000, 480.53 W, 94 %, 29303 MiB
2026/10/01 05:06:17.554, 2902 MHz, 13801 MHz, 0x0000000000000000, 498.13 W, 95 %, 29303 MiB
2026/10/01 05:06:18.068, 2902 MHz, 13801 MHz, 0x0000000000000000, 498.03 W, 94 %, 29303 MiB
2026/10/01 05:06:18.569, 2902 MHz, 13801 MHz, 0x0000000000000000, 496.79 W, 94 %, 29303 MiB
2026/10/01 05:06:19.070, 2902 MHz, 13801 MHz, 0x0000000000000000, 494.63 W, 94 %, 29303 MiB
2026/10/01 05:06:19.578, 2902 MHz, 13801 MHz, 0x0000000000000000, 497.45 W, 95 %, 29303 MiB
2026/10/01 05:06:20.093, 2902 MHz, 13801 MHz, 0x0000000000000000, 467.01 W, 63 %, 29303 MiB
2026/10/01 05:06:20.594, 2895 MHz, 13801 MHz, 0x0000000000000000, 462.92 W, 95 %, 29303 MiB
2026/10/01 05:06:21.107, 2895 MHz, 13801 MHz, 0x0000000000000000, 480.29 W, 95 %, 29303 MiB
2026/10/01 05:06:21.623, 2895 MHz, 13801 MHz, 0x0000000000000000, 500.26 W, 94 %, 29303 MiB
2026/10/01 05:06:22.134, 2895 MHz, 13801 MHz, 0x0000000000000000, 500.68 W, 95 %, 29303 MiB
2026/10/01 05:06:22.649, 2895 MHz, 13801 MHz, 0x0000000000000000, 499.43 W, 94 %, 29303 MiB
2026/10/01 05:06:23.150, 2895 MHz, 13801 MHz, 0x0000000000000000, 499.23 W, 94 %, 29303 MiB
2026/10/01 05:06:23.651, 2895 MHz, 13801 MHz, 0x0000000000000000, 500.95 W, 94 %, 29303 MiB
2026/10/01 05:06:24.166, 2895 MHz, 13801 MHz, 0x0000000000000000, 500.24 W, 94 %, 29303 MiB
2026/10/01 05:06:24.680, 2895 MHz, 13801 MHz, 0x0000000000000000, 500.63 W, 94 %, 29303 MiB
2026/10/01 05:06:25.195, 2895 MHz, 13801 MHz, 0x0000000000000000, 499.72 W, 94 %, 29303 MiB
2026/10/01 05:06:25.708, 2895 MHz, 13801 MHz, 0x0000000000000000, 457.94 W, 0 %, 29303 MiB
2026/10/01 05:06:26.219, 2917 MHz, 13801 MHz, 0x0000000000000000, 276.43 W, 0 %, 29303 MiB
2026/10/01 05:06:26.724, 2917 MHz, 13801 MHz, 0x0000000000000000, 97.04 W, 0 %, 29303 MiB
2026/10/01 05:06:27.235, 2917 MHz, 13801 MHz, 0x0000000000000000, 95.93 W, 0 %, 29303 MiB
2026/10/01 05:06:27.749, 502 MHz, 810 MHz, 0x0000000000000000, 57.76 W, 0 %, 29303 MiB
2026/10/01 05:06:28.264, 390 MHz, 810 MHz, 0x0000000000000000, 33.02 W, 0 %, 29303 MiB
2026/10/01 05:06:28.765, 322 MHz, 810 MHz, 0x0000000000000000, 23.78 W, 0 %, 29303 MiB
2026/10/01 05:06:29.279, 232 MHz, 810 MHz, 0x0000000000000000, 19.60 W, 0 %, 29303 MiB
2026/10/01 05:06:29.794, 232 MHz, 810 MHz, 0x0000000000000000, 19.60 W, 0 %, 29303 MiB
2026/10/01 05:06:30.304, 232 MHz, 810 MHz, 0x0000000000000000, 12.69 W, 0 %, 29303 MiB
2026/10/01 05:06:30.819, 180 MHz, 405 MHz, 0x0000000000000000, 12.69 W, 0 %, 29303 MiB
2026/10/01 05:06:31.321, 180 MHz, 405 MHz, 0x0000000000000000, 12.51 W, 0 %, 29303 MiB
2026/10/01 05:06:31.830, 180 MHz, 405 MHz, 0x0000000000000000, 12.51 W, 0 %, 29303 MiB
2026/10/01 05:06:32.344, 180 MHz, 405 MHz, 0x0000000000000000, 12.24 W, 0 %, 29303 MiB
2026/10/01 05:06:32.859, 180 MHz, 405 MHz, 0x0000000000000000, 12.24 W, 0 %, 29303 MiB
2026/10/01 05:06:33.359, 180 MHz, 405 MHz, 0x0000000000000000, 11.91 W, 0 %, 29303 MiB
2026/10/01 05:06:33.861, 180 MHz, 405 MHz, 0x0000000000000000, 11.91 W, 0 %, 29303 MiB
2026/10/01 05:06:34.365, 180 MHz, 405 MHz, 0x0000000000000000, 12.07 W, 0 %, 29303 MiB
2026/10/01 05:06:34.867, 180 MHz, 405 MHz, 0x0000000000000000, 12.07 W, 0 %, 29303 MiB
2026/10/01 05:06:35.381, 180 MHz, 405 MHz, 0x0000000000000000, 12.06 W, 0 %, 29303 MiB
2026/10/01 05:06:35.881, 180 MHz, 405 MHz, 0x0000000000000000, 12.06 W, 0 %, 29303 MiB
2026/10/01 05:06:36.393, 187 MHz, 405 MHz, 0x0000000000000000, 13.23 W, 0 %, 29308 MiB
2026/10/01 05:06:36.900, 772 MHz, 13801 MHz, 0x0000000000000000, 31.40 W, 29 %, 29303 MiB
2026/10/01 05:06:37.404, 1815 MHz, 13801 MHz, 0x0000000000000000, 57.69 W, 0 %, 29303 MiB
2026/10/01 05:06:37.905, 1815 MHz, 13801 MHz, 0x0000000000000000, 56.01 W, 0 %, 29303 MiB
2026/10/01 05:06:38.410, 1815 MHz, 13801 MHz, 0x0000000000000000, 55.95 W, 1 %, 202 MiB
2026/10/01 05:06:38.912, 982 MHz, 7001 MHz, 0x0000000000000000, 50.73 W, 0 %, 202 MiB
2026/10/01 05:06:39.427, 375 MHz, 7001 MHz, 0x0000000000000000, 41.69 W, 0 %, 202 MiB
2026/10/01 05:06:39.932, 375 MHz, 7001 MHz, 0x0000000000000000, 38.22 W, 0 %, 202 MiB
2026/10/01 05:06:40.436, 375 MHz, 7001 MHz, 0x0000000000000000, 38.22 W, 0 %, 202 MiB
2026/10/01 05:06:40.943, 240 MHz, 7001 MHz, 0x0000000000000000, 35.79 W, 0 %, 202 MiB
2026/10/01 05:06:41.447, 240 MHz, 7001 MHz, 0x0000000000000000, 35.79 W, 0 %, 202 MiB
2026/10/01 05:06:41.953, 180 MHz, 810 MHz, 0x0000000000000000, 31.13 W, 0 %, 202 MiB
2026/10/01 05:06:42.457, 180 MHz, 810 MHz, 0x0000000000000000, 31.13 W, 0 %, 202 MiB
2026/10/01 05:06:42.963, 180 MHz, 810 MHz, 0x0000000000000000, 13.60 W, 0 %, 202 MiB
2026/10/01 05:06:43.468, 180 MHz, 810 MHz, 0x0000000000000000, 13.60 W, 0 %, 202 MiB
2026/10/01 05:06:43.973, 180 MHz, 405 MHz, 0x0000000000000000, 12.68 W, 0 %, 202 MiB
2026/10/01 05:06:44.479, 180 MHz, 405 MHz, 0x0000000000000000, 12.68 W, 0 %, 202 MiB
2026/10/01 05:06:44.985, 180 MHz, 405 MHz, 0x0000000000000000, 11.60 W, 0 %, 202 MiB
2026/10/01 05:06:45.491, 180 MHz, 405 MHz, 0x0000000000000000, 11.60 W, 0 %, 202 MiB
2026/10/01 05:06:45.996, 180 MHz, 405 MHz, 0x0000000000000000, 11.27 W, 0 %, 202 MiB
2026/10/01 05:06:46.498, 180 MHz, 405 MHz, 0x0000000000000000, 11.27 W, 0 %, 202 MiB
2026/10/01 05:06:47.001, 172 MHz, 405 MHz, 0x0000000000000000, 11.68 W, 0 %, 202 MiB
2026/10/01 05:06:47.502, 180 MHz, 405 MHz, 0x0000000000000000, 12.28 W, 0 %, 202 MiB
2026/10/01 05:06:48.006, 180 MHz, 405 MHz, 0x0000000000000000, 13.43 W, 0 %, 202 MiB
2026/10/01 05:06:48.521, 180 MHz, 405 MHz, 0x0000000000000000, 13.43 W, 0 %, 202 MiB
2026/10/01 05:06:49.027, 180 MHz, 405 MHz, 0x0000000000000000, 11.55 W, 0 %, 202 MiB
2026/10/01 05:06:49.531, 180 MHz, 405 MHz, 0x0000000000000000, 11.55 W, 0 %, 202 MiB
2026/10/01 05:06:50.035, 180 MHz, 405 MHz, 0x0000000000000000, 11.52 W, 0 %, 202 MiB
2026/10/01 05:06:50.541, 180 MHz, 405 MHz, 0x0000000000000000, 11.52 W, 0 %, 202 MiB
2026/10/01 05:06:51.047, 180 MHz, 405 MHz, 0x0000000000000000, 11.29 W, 0 %, 202 MiB
2026/10/01 05:06:51.551, 180 MHz, 405 MHz, 0x0000000000000000, 11.29 W, 0 %, 202 MiB
2026/10/01 05:06:52.054, 180 MHz, 405 MHz, 0x0000000000000000, 11.32 W, 0 %, 202 MiB
2026/10/01 05:06:52.557, 180 MHz, 405 MHz, 0x0000000000000000, 11.32 W, 0 %, 202 MiB
2026/10/01 05:06:53.061, 180 MHz, 405 MHz, 0x0000000000000000, 11.42 W, 0 %, 202 MiB
2026/10/01 05:06:53.563, 180 MHz, 405 MHz, 0x0000000000000000, 11.42 W, 0 %, 202 MiB
2026/10/01 05:06:54.064, 172 MHz, 405 MHz, 0x0000000000000000, 11.36 W, 0 %, 202 MiB
2026/10/01 05:06:54.565, 172 MHz, 405 MHz, 0x0000000000000000, 11.36 W, 0 %, 202 MiB
2026/10/01 05:06:55.070, 180 MHz, 405 MHz, 0x0000000000000000, 11.33 W, 0 %, 202 MiB
2026/10/01 05:06:55.576, 180 MHz, 405 MHz, 0x0000000000000000, 11.33 W, 0 %, 202 MiB
2026/10/01 05:06:56.079, 180 MHz, 405 MHz, 0x0000000000000000, 11.20 W, 0 %, 202 MiB
2026/10/01 05:06:56.583, 180 MHz, 405 MHz, 0x0000000000000000, 11.20 W, 0 %, 202 MiB
2026/10/01 05:06:57.087, 180 MHz, 405 MHz, 0x0000000000000000, 11.30 W, 0 %, 202 MiB
2026/10/01 05:06:57.597, 180 MHz, 405 MHz, 0x0000000000000000, 11.30 W, 0 %, 207 MiB
2026/10/01 05:06:58.101, 217 MHz, 405 MHz, 0x0000000000000000, 11.94 W, 0 %, 207 MiB
2026/10/01 05:06:58.602, 180 MHz, 405 MHz, 0x0000000000000000, 12.36 W, 0 %, 202 MiB
2026/10/01 05:06:59.109, 180 MHz, 405 MHz, 0x0000000000000000, 13.50 W, 0 %, 202 MiB
2026/10/01 05:06:59.611, 180 MHz, 405 MHz, 0x0000000000000000, 13.59 W, 0 %, 202 MiB
2026/10/01 05:07:00.118, 180 MHz, 405 MHz, 0x0000000000000000, 13.59 W, 0 %, 202 MiB
2026/10/01 05:07:00.624, 180 MHz, 405 MHz, 0x0000000000000000, 13.59 W, 0 %, 202 MiB
2026/10/01 05:07:01.129, 180 MHz, 405 MHz, 0x0000000000000000, 11.32 W, 0 %, 202 MiB
2026/10/01 05:07:01.634, 180 MHz, 405 MHz, 0x0000000000000000, 11.32 W, 0 %, 202 MiB
2026/10/01 05:07:02.140, 180 MHz, 405 MHz, 0x0000000000000000, 11.05 W, 0 %, 202 MiB
2026/10/01 05:07:02.644, 180 MHz, 405 MHz, 0x0000000000000000, 11.05 W, 0 %, 202 MiB
2026/10/01 05:07:03.151, 180 MHz, 405 MHz, 0x0000000000000000, 11.09 W, 0 %, 202 MiB
2026/10/01 05:07:03.652, 180 MHz, 405 MHz, 0x0000000000000000, 11.09 W, 0 %, 202 MiB
2026/10/01 05:07:04.158, 180 MHz, 405 MHz, 0x0000000000000000, 11.13 W, 0 %, 202 MiB
2026/10/01 05:07:04.661, 180 MHz, 405 MHz, 0x0000000000000000, 11.13 W, 0 %, 202 MiB
2026/10/01 05:07:05.168, 180 MHz, 405 MHz, 0x0000000000000000, 10.90 W, 0 %, 202 MiB
2026/10/01 05:07:05.672, 180 MHz, 405 MHz, 0x0000000000000000, 10.90 W, 0 %, 202 MiB
2026/10/01 05:07:06.176, 180 MHz, 405 MHz, 0x0000000000000000, 11.06 W, 0 %, 202 MiB
2026/10/01 05:07:06.681, 180 MHz, 405 MHz, 0x0000000000000000, 11.06 W, 0 %, 202 MiB
2026/10/01 05:07:07.185, 180 MHz, 405 MHz, 0x0000000000000000, 11.01 W, 0 %, 202 MiB
2026/10/01 05:07:07.688, 180 MHz, 405 MHz, 0x0000000000000000, 11.01 W, 0 %, 202 MiB
2026/10/01 05:07:08.195, 180 MHz, 405 MHz, 0x0000000000000000, 11.01 W, 0 %, 202 MiB
2026/10/01 05:07:08.699, 180 MHz, 405 MHz, 0x0000000000000000, 11.01 W, 0 %, 202 MiB
2026/10/01 05:07:09.205, 180 MHz, 405 MHz, 0x0000000000000000, 11.04 W, 0 %, 202 MiB
2026/10/01 05:07:09.711, 180 MHz, 405 MHz, 0x0000000000000000, 11.04 W, 0 %, 202 MiB
2026/10/01 05:07:10.221, 180 MHz, 405 MHz, 0x0000000000000000, 11.02 W, 0 %, 202 MiB
2026/10/01 05:07:10.724, 180 MHz, 405 MHz, 0x0000000000000000, 11.02 W, 0 %, 202 MiB
2026/10/01 05:07:11.227, 180 MHz, 405 MHz, 0x0000000000000000, 11.01 W, 0 %, 202 MiB
2026/10/01 05:07:11.733, 180 MHz, 405 MHz, 0x0000000000000000, 11.01 W, 0 %, 202 MiB
2026/10/01 05:07:12.239, 180 MHz, 405 MHz, 0x0000000000000000, 11.05 W, 0 %, 202 MiB
2026/10/01 05:07:12.744, 180 MHz, 405 MHz, 0x0000000000000000, 11.05 W, 0 %, 202 MiB
2026/10/01 05:07:13.247, 180 MHz, 405 MHz, 0x0000000000000000, 10.99 W, 0 %, 202 MiB
2026/10/01 05:07:13.752, 180 MHz, 405 MHz, 0x0000000000000000, 10.99 W, 0 %, 202 MiB
2026/10/01 05:07:14.260, 180 MHz, 405 MHz, 0x0000000000000000, 11.03 W, 0 %, 202 MiB
2026/10/01 05:07:14.766, 180 MHz, 405 MHz, 0x0000000000000000, 11.12 W, 0 %, 202 MiB
2026/10/01 05:07:15.271, 180 MHz, 405 MHz, 0x0000000000000000, 11.12 W, 0 %, 202 MiB
2026/10/01 05:07:15.777, 180 MHz, 405 MHz, 0x0000000000000000, 11.04 W, 0 %, 202 MiB
2026/10/01 05:07:16.283, 180 MHz, 405 MHz, 0x0000000000000000, 11.04 W, 0 %, 202 MiB
2026/10/01 05:07:16.787, 180 MHz, 405 MHz, 0x0000000000000000, 10.89 W, 0 %, 202 MiB
2026/10/01 05:07:17.292, 180 MHz, 405 MHz, 0x0000000000000000, 10.89 W, 0 %, 202 MiB
2026/10/01 05:07:17.799, 180 MHz, 405 MHz, 0x0000000000000000, 10.91 W, 0 %, 202 MiB
2026/10/01 05:07:18.305, 180 MHz, 405 MHz, 0x0000000000000000, 10.91 W, 0 %, 202 MiB
2026/10/01 05:07:18.809, 180 MHz, 405 MHz, 0x0000000000000000, 10.90 W, 0 %, 202 MiB
2026/10/01 05:07:19.316, 195 MHz, 405 MHz, 0x0000000000000000, 11.15 W, 0 %, 207 MiB
2026/10/01 05:07:19.821, 180 MHz, 405 MHz, 0x0000000000000000, 12.03 W, 0 %, 207 MiB
2026/10/01 05:07:20.325, 180 MHz, 405 MHz, 0x0000000000000000, 12.94 W, 0 %, 202 MiB
2026/10/01 05:07:20.831, 180 MHz, 405 MHz, 0x0000000000000000, 12.93 W, 0 %, 202 MiB
2026/10/01 05:07:21.338, 180 MHz, 405 MHz, 0x0000000000000000, 12.88 W, 0 %, 202 MiB
2026/10/01 05:07:21.843, 180 MHz, 405 MHz, 0x0000000000000000, 12.88 W, 0 %, 202 MiB
2026/10/01 05:07:22.350, 180 MHz, 405 MHz, 0x0000000000000000, 10.88 W, 0 %, 202 MiB
2026/10/01 05:07:22.854, 180 MHz, 405 MHz, 0x0000000000000000, 10.88 W, 0 %, 202 MiB
2026/10/01 05:07:23.359, 180 MHz, 405 MHz, 0x0000000000000000, 10.85 W, 0 %, 202 MiB
2026/10/01 05:07:23.862, 180 MHz, 405 MHz, 0x0000000000000000, 10.85 W, 0 %, 202 MiB
2026/10/01 05:07:24.370, 180 MHz, 405 MHz, 0x0000000000000000, 11.05 W, 0 %, 202 MiB
2026/10/01 05:07:24.876, 180 MHz, 405 MHz, 0x0000000000000000, 11.05 W, 0 %, 202 MiB
2026/10/01 05:07:25.381, 180 MHz, 405 MHz, 0x0000000000000000, 10.97 W, 0 %, 202 MiB
2026/10/01 05:07:25.886, 180 MHz, 405 MHz, 0x0000000000000000, 10.97 W, 0 %, 202 MiB
2026/10/01 05:07:26.390, 180 MHz, 405 MHz, 0x0000000000000000, 10.86 W, 0 %, 202 MiB
2026/10/01 05:07:26.894, 180 MHz, 405 MHz, 0x0000000000000000, 10.86 W, 0 %, 202 MiB
2026/10/01 05:07:27.397, 180 MHz, 405 MHz, 0x0000000000000000, 11.10 W, 0 %, 202 MiB
2026/10/01 05:07:27.903, 180 MHz, 405 MHz, 0x0000000000000000, 11.10 W, 0 %, 202 MiB
2026/10/01 05:07:28.406, 180 MHz, 405 MHz, 0x0000000000000000, 11.01 W, 0 %, 202 MiB
2026/10/01 05:07:28.913, 180 MHz, 405 MHz, 0x0000000000000000, 11.01 W, 0 %, 202 MiB
2026/10/01 05:07:29.421, 172 MHz, 405 MHz, 0x0000000000000000, 10.90 W, 0 %, 202 MiB
2026/10/01 05:07:29.928, 172 MHz, 405 MHz, 0x0000000000000000, 10.90 W, 0 %, 202 MiB
2026/10/01 05:07:30.432, 180 MHz, 405 MHz, 0x0000000000000000, 10.91 W, 0 %, 202 MiB
2026/10/01 05:07:30.940, 180 MHz, 405 MHz, 0x0000000000000000, 10.91 W, 0 %, 202 MiB
2026/10/01 05:07:31.444, 180 MHz, 405 MHz, 0x0000000000000000, 10.87 W, 0 %, 202 MiB
2026/10/01 05:07:31.947, 180 MHz, 405 MHz, 0x0000000000000000, 10.87 W, 0 %, 202 MiB
2026/10/01 05:07:32.453, 180 MHz, 405 MHz, 0x0000000000000000, 10.88 W, 0 %, 202 MiB
2026/10/01 05:07:32.956, 180 MHz, 405 MHz, 0x0000000000000000, 10.88 W, 0 %, 202 MiB
2026/10/01 05:07:33.459, 180 MHz, 405 MHz, 0x0000000000000000, 10.99 W, 0 %, 202 MiB
2026/10/01 05:07:33.963, 180 MHz, 405 MHz, 0x0000000000000000, 10.99 W, 0 %, 202 MiB
2026/10/01 05:07:34.465, 180 MHz, 405 MHz, 0x0000000000000000, 10.94 W, 0 %, 202 MiB
2026/10/01 05:07:34.971, 180 MHz, 405 MHz, 0x0000000000000000, 10.94 W, 0 %, 202 MiB
2026/10/01 05:07:35.476, 180 MHz, 405 MHz, 0x0000000000000000, 10.92 W, 0 %, 202 MiB
2026/10/01 05:07:35.991, 180 MHz, 405 MHz, 0x0000000000000000, 10.92 W, 0 %, 202 MiB
2026/10/01 05:07:36.497, 180 MHz, 405 MHz, 0x0000000000000000, 10.94 W, 0 %, 202 MiB
2026/10/01 05:07:37.009, 180 MHz, 405 MHz, 0x0000000000000000, 10.94 W, 0 %, 202 MiB
2026/10/01 05:07:37.525, 180 MHz, 405 MHz, 0x0000000000000000, 10.93 W, 0 %, 202 MiB
2026/10/01 05:07:38.037, 180 MHz, 405 MHz, 0x0000000000000000, 10.93 W, 0 %, 202 MiB
2026/10/01 05:07:38.550, 180 MHz, 405 MHz, 0x0000000000000000, 10.93 W, 0 %, 202 MiB
2026/10/01 05:07:39.053, 180 MHz, 405 MHz, 0x0000000000000000, 10.93 W, 0 %, 202 MiB
2026/10/01 05:07:39.567, 180 MHz, 405 MHz, 0x0000000000000000, 10.95 W, 0 %, 202 MiB
2026/10/01 05:07:40.077, 180 MHz, 405 MHz, 0x0000000000000000, 10.95 W, 0 %, 202 MiB
2026/10/01 05:07:40.592, 195 MHz, 405 MHz, 0x0000000000000000, 11.20 W, 0 %, 204 MiB
2026/10/01 05:07:41.103, 180 MHz, 405 MHz, 0x0000000000000000, 11.55 W, 0 %, 202 MiB
2026/10/01 05:07:41.605, 187 MHz, 405 MHz, 0x0000000000000000, 12.64 W, 0 %, 202 MiB
2026/10/01 05:07:42.116, 180 MHz, 405 MHz, 0x0000000000000000, 12.84 W, 0 %, 202 MiB
2026/10/01 05:07:42.617, 180 MHz, 405 MHz, 0x0000000000000000, 12.88 W, 0 %, 202 MiB
2026/10/01 05:07:43.132, 180 MHz, 405 MHz, 0x0000000000000000, 12.88 W, 0 %, 202 MiB
2026/10/01 05:07:43.646, 172 MHz, 405 MHz, 0x0000000000000000, 11.02 W, 0 %, 202 MiB
2026/10/01 05:07:44.147, 172 MHz, 405 MHz, 0x0000000000000000, 11.02 W, 0 %, 202 MiB
2026/10/01 05:07:44.661, 180 MHz, 405 MHz, 0x0000000000000000, 10.93 W, 0 %, 202 MiB
2026/10/01 05:07:45.177, 180 MHz, 405 MHz, 0x0000000000000000, 10.93 W, 0 %, 202 MiB
2026/10/01 05:07:45.678, 180 MHz, 405 MHz, 0x0000000000000000, 10.88 W, 0 %, 202 MiB
2026/10/01 05:07:46.193, 180 MHz, 405 MHz, 0x0000000000000000, 10.88 W, 0 %, 202 MiB
2026/10/01 05:07:46.708, 180 MHz, 405 MHz, 0x0000000000000000, 10.99 W, 0 %, 202 MiB
2026/10/01 05:07:47.220, 180 MHz, 405 MHz, 0x0000000000000000, 10.99 W, 0 %, 202 MiB
2026/10/01 05:07:47.734, 180 MHz, 405 MHz, 0x0000000000000000, 10.92 W, 0 %, 202 MiB
2026/10/01 05:07:48.249, 180 MHz, 405 MHz, 0x0000000000000000, 10.92 W, 0 %, 202 MiB
2026/10/01 05:07:48.762, 180 MHz, 405 MHz, 0x0000000000000000, 10.85 W, 0 %, 202 MiB
2026/10/01 05:07:49.278, 180 MHz, 405 MHz, 0x0000000000000000, 11.20 W, 0 %, 202 MiB
2026/10/01 05:07:49.780, 180 MHz, 405 MHz, 0x0000000000000000, 11.20 W, 0 %, 202 MiB
2026/10/01 05:07:50.295, 180 MHz, 405 MHz, 0x0000000000000000, 11.04 W, 0 %, 202 MiB
2026/10/01 05:07:50.809, 180 MHz, 405 MHz, 0x0000000000000000, 11.04 W, 0 %, 202 MiB
2026/10/01 05:07:51.322, 180 MHz, 405 MHz, 0x0000000000000000, 10.77 W, 0 %, 202 MiB
2026/10/01 05:07:51.836, 180 MHz, 405 MHz, 0x0000000000000000, 10.77 W, 0 %, 202 MiB
2026/10/01 05:07:52.338, 180 MHz, 405 MHz, 0x0000000000000000, 10.78 W, 0 %, 202 MiB
2026/10/01 05:07:52.851, 180 MHz, 405 MHz, 0x0000000000000000, 10.93 W, 0 %, 202 MiB
2026/10/01 05:07:53.358, 180 MHz, 405 MHz, 0x0000000000000000, 11.67 W, 0 %, 202 MiB
2026/10/01 05:07:53.866, 180 MHz, 405 MHz, 0x0000000000000000, 11.90 W, 0 %, 202 MiB
2026/10/01 05:07:54.373, 180 MHz, 405 MHz, 0x0000000000000000, 11.90 W, 0 %, 202 MiB
2026/10/01 05:07:54.880, 180 MHz, 405 MHz, 0x0000000000000000, 10.94 W, 0 %, 202 MiB
2026/10/01 05:07:55.390, 180 MHz, 405 MHz, 0x0000000000000000, 10.94 W, 0 %, 202 MiB
2026/10/01 05:07:55.900, 180 MHz, 405 MHz, 0x0000000000000000, 10.63 W, 0 %, 202 MiB
2026/10/01 05:07:56.410, 180 MHz, 405 MHz, 0x0000000000000000, 10.63 W, 0 %, 202 MiB
2026/10/01 05:07:56.915, 180 MHz, 405 MHz, 0x0000000000000000, 10.66 W, 0 %, 202 MiB
2026/10/01 05:07:57.420, 180 MHz, 405 MHz, 0x0000000000000000, 10.66 W, 0 %, 202 MiB
2026/10/01 05:07:57.925, 180 MHz, 405 MHz, 0x0000000000000000, 10.78 W, 0 %, 202 MiB
2026/10/01 05:07:58.431, 180 MHz, 405 MHz, 0x0000000000000000, 10.78 W, 0 %, 202 MiB
2026/10/01 05:07:58.943, 180 MHz, 405 MHz, 0x0000000000000000, 10.71 W, 0 %, 202 MiB
2026/10/01 05:07:59.450, 180 MHz, 405 MHz, 0x0000000000000000, 11.06 W, 0 %, 202 MiB
2026/10/01 05:07:59.957, 180 MHz, 405 MHz, 0x0000000000000000, 11.93 W, 0 %, 202 MiB
2026/10/01 05:08:00.469, 180 MHz, 405 MHz, 0x0000000000000000, 11.96 W, 0 %, 202 MiB
2026/10/01 05:08:00.984, 180 MHz, 405 MHz, 0x0000000000000000, 11.96 W, 0 %, 202 MiB
2026/10/01 05:08:01.494, 195 MHz, 405 MHz, 0x0000000000000000, 10.98 W, 0 %, 204 MiB
2026/10/01 05:08:02.009, 180 MHz, 405 MHz, 0x0000000000000000, 11.36 W, 0 %, 202 MiB
2026/10/01 05:08:02.510, 180 MHz, 405 MHz, 0x0000000000000000, 12.32 W, 0 %, 202 MiB
2026/10/01 05:08:03.025, 180 MHz, 405 MHz, 0x0000000000000000, 12.28 W, 0 %, 202 MiB
2026/10/01 05:08:03.539, 180 MHz, 405 MHz, 0x0000000000000000, 12.27 W, 0 %, 202 MiB
2026/10/01 05:08:04.053, 180 MHz, 405 MHz, 0x0000000000000000, 12.27 W, 0 %, 202 MiB
2026/10/01 05:08:04.570, 180 MHz, 405 MHz, 0x0000000000000000, 11.01 W, 0 %, 202 MiB
2026/10/01 05:08:05.079, 180 MHz, 405 MHz, 0x0000000000000000, 11.01 W, 0 %, 202 MiB
2026/10/01 05:08:05.593, 180 MHz, 405 MHz, 0x0000000000000000, 10.94 W, 0 %, 202 MiB
2026/10/01 05:08:06.107, 180 MHz, 405 MHz, 0x0000000000000000, 10.94 W, 0 %, 202 MiB
2026/10/01 05:08:06.620, 180 MHz, 405 MHz, 0x0000000000000000, 10.61 W, 0 %, 202 MiB
2026/10/01 05:08:07.124, 180 MHz, 405 MHz, 0x0000000000000000, 10.61 W, 0 %, 202 MiB
2026/10/01 05:08:07.627, 180 MHz, 405 MHz, 0x0000000000000000, 10.57 W, 0 %, 202 MiB
