2026/10/01 02:29:57.932, 630 MHz, 405 MHz, 0x0000000000000000, 38.85 W, 2 %, 768 MiB
2026/10/01 02:29:58.449, 585 MHz, 405 MHz, 0x0000000000000000, 38.60 W, 2 %, 768 MiB
2026/10/01 02:29:58.950, 592 MHz, 405 MHz, 0x0000000000000000, 38.13 W, 2 %, 768 MiB
2026/10/01 02:29:59.452, 592 MHz, 405 MHz, 0x0000000000000000, 38.30 W, 2 %, 768 MiB
2026/10/01 02:29:59.968, 615 MHz, 405 MHz, 0x0000000000000000, 38.73 W, 2 %, 768 MiB
2026/10/01 02:30:00.469, 675 MHz, 405 MHz, 0x0000000000000000, 39.20 W, 2 %, 768 MiB
2026/10/01 02:30:00.982, 630 MHz, 405 MHz, 0x0000000000000000, 39.10 W, 2 %, 768 MiB
2026/10/01 02:30:01.495, 607 MHz, 405 MHz, 0x0000000000000000, 38.49 W, 2 %, 768 MiB
2026/10/01 02:30:02.003, 577 MHz, 405 MHz, 0x0000000000000000, 37.82 W, 2 %, 768 MiB
2026/10/01 02:30:02.513, 510 MHz, 405 MHz, 0x0000000000000000, 37.10 W, 2 %, 773 MiB
2026/10/01 02:30:03.027, 502 MHz, 405 MHz, 0x0000000000000000, 36.53 W, 2 %, 773 MiB
2026/10/01 02:30:03.539, 502 MHz, 405 MHz, 0x0000000000000000, 36.57 W, 2 %, 768 MiB
2026/10/01 02:30:04.050, 442 MHz, 405 MHz, 0x0000000000000000, 36.24 W, 2 %, 768 MiB
2026/10/01 02:30:04.551, 412 MHz, 405 MHz, 0x0000000000000000, 35.21 W, 2 %, 768 MiB
2026/10/01 02:30:05.052, 525 MHz, 405 MHz, 0x0000000000000000, 35.32 W, 2 %, 768 MiB
2026/10/01 02:30:05.566, 555 MHz, 405 MHz, 0x0000000000000000, 36.68 W, 2 %, 768 MiB
2026/10/01 02:30:06.079, 577 MHz, 405 MHz, 0x0000000000000000, 37.68 W, 2 %, 768 MiB
2026/10/01 02:30:06.594, 592 MHz, 405 MHz, 0x0000000000000000, 37.96 W, 2 %, 768 MiB
2026/10/01 02:30:07.106, 585 MHz, 405 MHz, 0x0000000000000000, 38.26 W, 2 %, 768 MiB
2026/10/01 02:30:07.621, 585 MHz, 405 MHz, 0x0000000000000000, 38.03 W, 2 %, 768 MiB
2026/10/01 02:30:08.137, 585 MHz, 405 MHz, 0x0000000000000000, 37.63 W, 2 %, 768 MiB
2026/10/01 02:30:08.649, 585 MHz, 405 MHz, 0x0000000000000000, 37.23 W, 2 %, 768 MiB
2026/10/01 02:30:09.160, 577 MHz, 405 MHz, 0x0000000000000000, 37.29 W, 2 %, 768 MiB
2026/10/01 02:30:09.661, 592 MHz, 405 MHz, 0x0000000000000000, 37.58 W, 2 %, 768 MiB
2026/10/01 02:30:10.161, 592 MHz, 405 MHz, 0x0000000000000000, 37.85 W, 2 %, 768 MiB
2026/10/01 02:30:10.674, 585 MHz, 405 MHz, 0x0000000000000000, 37.79 W, 2 %, 768 MiB
2026/10/01 02:30:11.176, 585 MHz, 405 MHz, 0x0000000000000000, 37.60 W, 2 %, 768 MiB
2026/10/01 02:30:11.686, 585 MHz, 405 MHz, 0x0000000000000000, 37.56 W, 2 %, 768 MiB
2026/10/01 02:30:12.199, 577 MHz, 405 MHz, 0x0000000000000000, 37.21 W, 2 %, 768 MiB
2026/10/01 02:30:12.706, 592 MHz, 405 MHz, 0x0000000000000000, 37.07 W, 2 %, 768 MiB
2026/10/01 02:30:13.219, 585 MHz, 405 MHz, 0x0000000000000000, 37.15 W, 2 %, 768 MiB
2026/10/01 02:30:13.734, 592 MHz, 405 MHz, 0x0000000000000000, 37.38 W, 2 %, 768 MiB
2026/10/01 02:30:14.249, 585 MHz, 405 MHz, 0x0000000000000000, 37.44 W, 2 %, 768 MiB
2026/10/01 02:30:14.760, 585 MHz, 405 MHz, 0x0000000000000000, 37.22 W, 2 %, 768 MiB
2026/10/01 02:30:15.270, 585 MHz, 405 MHz, 0x0000000000000000, 36.89 W, 2 %, 768 MiB
2026/10/01 02:30:15.770, 585 MHz, 405 MHz, 0x0000000000000000, 36.62 W, 2 %, 768 MiB
2026/10/01 02:30:16.283, 577 MHz, 405 MHz, 0x0000000000000000, 36.79 W, 2 %, 768 MiB
2026/10/01 02:30:16.793, 600 MHz, 405 MHz, 0x0000000000000000, 37.14 W, 2 %, 768 MiB
2026/10/01 02:30:17.305, 630 MHz, 405 MHz, 0x0000000000000000, 37.83 W, 2 %, 768 MiB
2026/10/01 02:30:17.814, 607 MHz, 405 MHz, 0x0000000000000000, 38.93 W, 2 %, 769 MiB
2026/10/01 02:30:18.326, 637 MHz, 405 MHz, 0x0000000000000000, 38.98 W, 2 %, 769 MiB
2026/10/01 02:30:18.835, 570 MHz, 405 MHz, 0x0000000000000000, 38.65 W, 2 %, 769 MiB
2026/10/01 02:30:19.347, 615 MHz, 405 MHz, 0x0000000000000000, 38.11 W, 2 %, 769 MiB
2026/10/01 02:30:19.848, 592 MHz, 405 MHz, 0x0000000000000000, 37.56 W, 2 %, 768 MiB
2026/10/01 02:30:20.363, 577 MHz, 405 MHz, 0x0000000000000000, 37.19 W, 2 %, 768 MiB
2026/10/01 02:30:20.875, 577 MHz, 405 MHz, 0x0000000000000000, 37.01 W, 2 %, 768 MiB
2026/10/01 02:30:21.385, 555 MHz, 405 MHz, 0x0000000000000000, 36.78 W, 2 %, 768 MiB
2026/10/01 02:30:21.899, 592 MHz, 405 MHz, 0x0000000000000000, 37.31 W, 2 %, 768 MiB
2026/10/01 02:30:22.414, 585 MHz, 405 MHz, 0x0000000000000000, 37.92 W, 2 %, 768 MiB
2026/10/01 02:30:22.928, 472 MHz, 405 MHz, 0x0000000000000000, 37.41 W, 2 %, 768 MiB
2026/10/01 02:30:23.442, 480 MHz, 405 MHz, 0x0000000000000000, 36.39 W, 2 %, 769 MiB
2026/10/01 02:30:23.954, 480 MHz, 405 MHz, 0x0000000000000000, 35.73 W, 2 %, 771 MiB
2026/10/01 02:30:24.456, 607 MHz, 405 MHz, 0x0000000000000000, 36.33 W, 2 %, 769 MiB
2026/10/01 02:30:24.968, 517 MHz, 405 MHz, 0x0000000000000000, 36.45 W, 2 %, 769 MiB
2026/10/01 02:30:25.471, 585 MHz, 405 MHz, 0x0000000000000000, 35.83 W, 2 %, 769 MiB
2026/10/01 02:30:25.986, 570 MHz, 405 MHz, 0x0000000000000000, 36.61 W, 2 %, 768 MiB
2026/10/01 02:30:26.500, 585 MHz, 405 MHz, 0x0000000000000000, 37.18 W, 2 %, 768 MiB
2026/10/01 02:30:27.012, 585 MHz, 405 MHz, 0x0000000000000000, 37.32 W, 2 %, 768 MiB
2026/10/01 02:30:27.525, 585 MHz, 405 MHz, 0x0000000000000000, 37.15 W, 2 %, 768 MiB
2026/10/01 02:30:28.039, 592 MHz, 405 MHz, 0x0000000000000000, 36.75 W, 2 %, 768 MiB
2026/10/01 02:30:28.554, 585 MHz, 405 MHz, 0x0000000000000000, 36.68 W, 2 %, 768 MiB
2026/10/01 02:30:29.069, 577 MHz, 405 MHz, 0x0000000000000000, 37.05 W, 2 %, 766 MiB
2026/10/01 02:30:29.582, 592 MHz, 405 MHz, 0x0000000000000000, 37.29 W, 2 %, 766 MiB
2026/10/01 02:30:30.097, 585 MHz, 405 MHz, 0x0000000000000000, 37.12 W, 3 %, 766 MiB
2026/10/01 02:30:30.612, 585 MHz, 405 MHz, 0x0000000000000000, 36.85 W, 2 %, 766 MiB
2026/10/01 02:30:31.126, 585 MHz, 405 MHz, 0x0000000000000000, 37.00 W, 2 %, 765 MiB
2026/10/01 02:30:31.627, 585 MHz, 405 MHz, 0x0000000000000000, 37.21 W, 2 %, 765 MiB
2026/10/01 02:30:32.139, 585 MHz, 405 MHz, 0x0000000000000000, 37.45 W, 2 %, 765 MiB
2026/10/01 02:30:32.653, 585 MHz, 405 MHz, 0x0000000000000000, 37.31 W, 2 %, 765 MiB
2026/10/01 02:30:33.165, 585 MHz, 405 MHz, 0x0000000000000000, 36.99 W, 2 %, 765 MiB
2026/10/01 02:30:33.675, 585 MHz, 405 MHz, 0x0000000000000000, 36.84 W, 2 %, 765 MiB
2026/10/01 02:30:34.186, 585 MHz, 405 MHz, 0x0000000000000000, 37.09 W, 2 %, 765 MiB
2026/10/01 02:30:34.697, 585 MHz, 405 MHz, 0x0000000000000000, 37.16 W, 2 %, 765 MiB
2026/10/01 02:30:35.212, 585 MHz, 405 MHz, 0x0000000000000000, 37.19 W, 2 %, 765 MiB
2026/10/01 02:30:35.723, 585 MHz, 405 MHz, 0x0000000000000000, 37.07 W, 2 %, 773 MiB
2026/10/01 02:30:36.238, 607 MHz, 405 MHz, 0x0000000000000000, 37.13 W, 2 %, 773 MiB
2026/10/01 02:30:36.752, 585 MHz, 405 MHz, 0x0000000000000000, 37.02 W, 2 %, 773 MiB
2026/10/01 02:30:37.266, 585 MHz, 405 MHz, 0x0000000000000000, 37.11 W, 2 %, 773 MiB
2026/10/01 02:30:37.766, 585 MHz, 405 MHz, 0x0000000000000000, 36.99 W, 2 %, 774 MiB
2026/10/01 02:30:38.276, 592 MHz, 405 MHz, 0x0000000000000000, 37.04 W, 2 %, 774 MiB
2026/10/01 02:30:38.777, 585 MHz, 405 MHz, 0x0000000000000000, 36.90 W, 2 %, 766 MiB
2026/10/01 02:30:39.278, 585 MHz, 405 MHz, 0x0000000000000000, 36.93 W, 2 %, 766 MiB
2026/10/01 02:30:39.788, 585 MHz, 405 MHz, 0x0000000000000000, 37.11 W, 2 %, 766 MiB
2026/10/01 02:30:40.298, 577 MHz, 405 MHz, 0x0000000000000000, 37.13 W, 2 %, 766 MiB
2026/10/01 02:30:40.811, 585 MHz, 405 MHz, 0x0000000000000000, 37.05 W, 2 %, 766 MiB
2026/10/01 02:30:41.324, 570 MHz, 405 MHz, 0x0000000000000000, 36.89 W, 2 %, 766 MiB
2026/10/01 02:30:41.840, 532 MHz, 405 MHz, 0x0000000000000000, 36.92 W, 2 %, 766 MiB
2026/10/01 02:30:42.354, 525 MHz, 405 MHz, 0x0000000000000000, 36.94 W, 2 %, 766 MiB
2026/10/01 02:30:42.854, 555 MHz, 405 MHz, 0x0000000000000000, 36.67 W, 2 %, 766 MiB
2026/10/01 02:30:43.369, 450 MHz, 405 MHz, 0x0000000000000000, 36.21 W, 2 %, 766 MiB
2026/10/01 02:30:43.881, 495 MHz, 405 MHz, 0x0000000000000000, 36.16 W, 2 %, 766 MiB
2026/10/01 02:30:44.394, 457 MHz, 405 MHz, 0x0000000000000000, 35.87 W, 2 %, 766 MiB
2026/10/01 02:30:44.906, 450 MHz, 405 MHz, 0x0000000000000000, 35.08 W, 2 %, 774 MiB
2026/10/01 02:30:45.418, 517 MHz, 405 MHz, 0x0000000000000000, 35.48 W, 2 %, 774 MiB
2026/10/01 02:30:45.928, 607 MHz, 405 MHz, 0x0000000000000000, 36.99 W, 2 %, 767 MiB
2026/10/01 02:30:46.441, 585 MHz, 405 MHz, 0x0000000000000000, 37.70 W, 2 %, 767 MiB
2026/10/01 02:30:46.957, 585 MHz, 405 MHz, 0x0000000000000000, 38.03 W, 2 %, 767 MiB
2026/10/01 02:30:47.472, 585 MHz, 405 MHz, 0x0000000000000000, 38.40 W, 2 %, 785 MiB
2026/10/01 02:30:47.986, 592 MHz, 405 MHz, 0x0000000000000000, 38.57 W, 2 %, 786 MiB
2026/10/01 02:30:48.486, 592 MHz, 405 MHz, 0x0000000000000000, 38.17 W, 2 %, 786 MiB
2026/10/01 02:30:49.002, 585 MHz, 405 MHz, 0x0000000000000000, 37.67 W, 2 %, 785 MiB
2026/10/01 02:30:49.515, 585 MHz, 405 MHz, 0x0000000000000000, 37.30 W, 2 %, 785 MiB
2026/10/01 02:30:50.030, 585 MHz, 405 MHz, 0x0000000000000000, 37.18 W, 2 %, 777 MiB
2026/10/01 02:30:50.532, 585 MHz, 405 MHz, 0x0000000000000000, 37.36 W, 2 %, 777 MiB
2026/10/01 02:30:51.047, 577 MHz, 405 MHz, 0x0000000000000000, 37.19 W, 2 %, 777 MiB
2026/10/01 02:30:51.563, 585 MHz, 405 MHz, 0x0000000000000000, 37.15 W, 2 %, 777 MiB
2026/10/01 02:30:52.063, 585 MHz, 405 MHz, 0x0000000000000000, 37.27 W, 2 %, 777 MiB
2026/10/01 02:30:52.576, 585 MHz, 405 MHz, 0x0000000000000000, 37.20 W, 2 %, 766 MiB
2026/10/01 02:30:53.087, 585 MHz, 405 MHz, 0x0000000000000000, 37.39 W, 2 %, 767 MiB
2026/10/01 02:30:53.599, 585 MHz, 405 MHz, 0x0000000000000000, 37.84 W, 2 %, 767 MiB
2026/10/01 02:30:54.111, 585 MHz, 405 MHz, 0x0000000000000000, 37.76 W, 2 %, 767 MiB
2026/10/01 02:30:54.626, 607 MHz, 405 MHz, 0x0000000000000000, 38.01 W, 2 %, 768 MiB
2026/10/01 02:30:55.136, 585 MHz, 405 MHz, 0x0000000000000000, 38.33 W, 2 %, 768 MiB
2026/10/01 02:30:55.651, 570 MHz, 405 MHz, 0x0000000000000000, 37.99 W, 2 %, 768 MiB
2026/10/01 02:30:56.166, 585 MHz, 405 MHz, 0x0000000000000000, 37.79 W, 2 %, 778 MiB
2026/10/01 02:30:56.674, 592 MHz, 405 MHz, 0x0000000000000000, 37.89 W, 2 %, 778 MiB
2026/10/01 02:30:57.185, 592 MHz, 405 MHz, 0x0000000000000000, 37.78 W, 2 %, 778 MiB
2026/10/01 02:30:57.686, 607 MHz, 405 MHz, 0x0000000000000000, 37.87 W, 2 %, 778 MiB
2026/10/01 02:30:58.201, 622 MHz, 405 MHz, 0x0000000000000000, 38.21 W, 2 %, 778 MiB
2026/10/01 02:30:58.704, 615 MHz, 405 MHz, 0x0000000000000000, 38.32 W, 2 %, 770 MiB
2026/10/01 02:30:59.219, 645 MHz, 405 MHz, 0x0000000000000000, 38.61 W, 2 %, 770 MiB
2026/10/01 02:30:59.732, 585 MHz, 405 MHz, 0x0000000000000000, 38.28 W, 2 %, 770 MiB
2026/10/01 02:31:00.247, 577 MHz, 405 MHz, 0x0000000000000000, 37.20 W, 2 %, 770 MiB
2026/10/01 02:31:00.761, 622 MHz, 405 MHz, 0x0000000000000000, 37.60 W, 2 %, 770 MiB
2026/10/01 02:31:01.277, 585 MHz, 405 MHz, 0x0000000000000000, 37.88 W, 2 %, 769 MiB
2026/10/01 02:31:01.786, 600 MHz, 405 MHz, 0x0000000000000000, 38.20 W, 3 %, 766 MiB
2026/10/01 02:31:02.301, 585 MHz, 405 MHz, 0x0000000000000000, 38.39 W, 2 %, 766 MiB
2026/10/01 02:31:02.802, 585 MHz, 405 MHz, 0x0000000000000000, 38.14 W, 2 %, 766 MiB
2026/10/01 02:31:03.318, 585 MHz, 405 MHz, 0x0000000000000000, 37.78 W, 2 %, 792 MiB
2026/10/01 02:31:03.824, 682 MHz, 405 MHz, 0x0000000000000000, 38.78 W, 4 %, 792 MiB
2026/10/01 02:31:04.338, 487 MHz, 405 MHz, 0x0000000000000000, 37.24 W, 2 %, 792 MiB
2026/10/01 02:31:04.849, 465 MHz, 405 MHz, 0x0000000000000000, 35.62 W, 4 %, 802 MiB
2026/10/01 02:31:05.358, 442 MHz, 405 MHz, 0x0000000000000000, 34.65 W, 2 %, 802 MiB
2026/10/01 02:31:05.870, 487 MHz, 405 MHz, 0x0000000000000000, 34.97 W, 2 %, 794 MiB
2026/10/01 02:31:06.383, 585 MHz, 405 MHz, 0x0000000000000000, 36.59 W, 3 %, 802 MiB
2026/10/01 02:31:06.897, 600 MHz, 405 MHz, 0x0000000000000000, 38.22 W, 3 %, 791 MiB
2026/10/01 02:31:07.410, 607 MHz, 405 MHz, 0x0000000000000000, 39.22 W, 3 %, 791 MiB
2026/10/01 02:31:07.922, 592 MHz, 405 MHz, 0x0000000000000000, 39.01 W, 2 %, 791 MiB
2026/10/01 02:31:08.438, 652 MHz, 405 MHz, 0x0000000000000000, 38.89 W, 2 %, 792 MiB
2026/10/01 02:31:08.939, 585 MHz, 405 MHz, 0x0000000000000000, 38.37 W, 2 %, 792 MiB
2026/10/01 02:31:09.451, 652 MHz, 405 MHz, 0x0000000000000000, 38.15 W, 3 %, 796 MiB
2026/10/01 02:31:09.964, 600 MHz, 405 MHz, 0x0000000000000000, 38.23 W, 2 %, 792 MiB
2026/10/01 02:31:10.465, 592 MHz, 405 MHz, 0x0000000000000000, 38.05 W, 2 %, 793 MiB
2026/10/01 02:31:10.976, 585 MHz, 405 MHz, 0x0000000000000000, 37.98 W, 2 %, 793 MiB
2026/10/01 02:31:11.489, 592 MHz, 405 MHz, 0x0000000000000000, 38.15 W, 2 %, 781 MiB
2026/10/01 02:31:12.004, 592 MHz, 405 MHz, 0x0000000000000000, 38.24 W, 2 %, 782 MiB
2026/10/01 02:31:12.514, 607 MHz, 405 MHz, 0x0000000000000000, 38.04 W, 2 %, 782 MiB
2026/10/01 02:31:13.028, 585 MHz, 405 MHz, 0x0000000000000000, 37.87 W, 2 %, 782 MiB
2026/10/01 02:31:13.542, 600 MHz, 405 MHz, 0x0000000000000000, 37.92 W, 3 %, 781 MiB
2026/10/01 02:31:14.056, 607 MHz, 405 MHz, 0x0000000000000000, 38.07 W, 2 %, 781 MiB
2026/10/01 02:31:14.567, 585 MHz, 405 MHz, 0x0000000000000000, 38.07 W, 2 %, 777 MiB
2026/10/01 02:31:15.081, 585 MHz, 405 MHz, 0x0000000000000000, 37.87 W, 2 %, 777 MiB
2026/10/01 02:31:15.594, 600 MHz, 405 MHz, 0x0000000000000000, 37.64 W, 2 %, 777 MiB
2026/10/01 02:31:16.107, 585 MHz, 405 MHz, 0x0000000000000000, 37.30 W, 2 %, 777 MiB
2026/10/01 02:31:16.622, 592 MHz, 405 MHz, 0x0000000000000000, 37.27 W, 2 %, 777 MiB
2026/10/01 02:31:17.136, 600 MHz, 405 MHz, 0x0000000000000000, 37.35 W, 3 %, 777 MiB
2026/10/01 02:31:17.649, 585 MHz, 405 MHz, 0x0000000000000000, 37.20 W, 2 %, 777 MiB
2026/10/01 02:31:18.161, 577 MHz, 405 MHz, 0x0000000000000000, 37.15 W, 2 %, 786 MiB
2026/10/01 02:31:18.663, 607 MHz, 405 MHz, 0x0000000000000000, 37.67 W, 2 %, 786 MiB
2026/10/01 02:31:19.177, 585 MHz, 405 MHz, 0x0000000000000000, 37.81 W, 2 %, 797 MiB
2026/10/01 02:31:19.691, 600 MHz, 405 MHz, 0x0000000000000000, 37.99 W, 2 %, 797 MiB
2026/10/01 02:31:20.205, 577 MHz, 405 MHz, 0x0000000000000000, 37.98 W, 2 %, 797 MiB
2026/10/01 02:31:20.717, 585 MHz, 405 MHz, 0x0000000000000000, 37.21 W, 2 %, 796 MiB
2026/10/01 02:31:21.231, 585 MHz, 405 MHz, 0x0000000000000000, 37.18 W, 2 %, 796 MiB
2026/10/01 02:31:21.745, 585 MHz, 405 MHz, 0x0000000000000000, 37.22 W, 2 %, 790 MiB
2026/10/01 02:31:22.256, 585 MHz, 405 MHz, 0x0000000000000000, 37.25 W, 2 %, 790 MiB
2026/10/01 02:31:22.765, 585 MHz, 405 MHz, 0x0000000000000000, 37.37 W, 2 %, 790 MiB
2026/10/01 02:31:23.275, 585 MHz, 405 MHz, 0x0000000000000000, 37.54 W, 2 %, 1285 MiB
2026/10/01 02:31:23.786, 1477 MHz, 13801 MHz, 0x0000000000000000, 42.18 W, 6 %, 1413 MiB
2026/10/01 02:31:24.294, 2475 MHz, 13801 MHz, 0x0000000000000000, 57.90 W, 2 %, 9677 MiB
2026/10/01 02:31:24.807, 2490 MHz, 13801 MHz, 0x0000000000000000, 71.81 W, 14 %, 20054 MiB
2026/10/01 02:31:25.315, 2482 MHz, 13801 MHz, 0x0000000000000000, 73.54 W, 13 %, 20052 MiB
2026/10/01 02:31:25.824, 2467 MHz, 13801 MHz, 0x0000000000000000, 71.98 W, 2 %, 20052 MiB
2026/10/01 02:31:26.325, 2452 MHz, 13801 MHz, 0x0000000000000000, 68.65 W, 2 %, 20052 MiB
2026/10/01 02:31:26.839, 2475 MHz, 13801 MHz, 0x0000000000000000, 68.57 W, 2 %, 20052 MiB
2026/10/01 02:31:27.339, 2482 MHz, 13801 MHz, 0x0000000000000000, 69.03 W, 2 %, 20057 MiB
2026/10/01 02:31:27.854, 2482 MHz, 13801 MHz, 0x0000000000000000, 69.19 W, 2 %, 20057 MiB
2026/10/01 02:31:28.355, 2482 MHz, 13801 MHz, 0x0000000000000000, 69.22 W, 2 %, 20052 MiB
2026/10/01 02:31:28.869, 2482 MHz, 13801 MHz, 0x0000000000000000, 69.14 W, 2 %, 20052 MiB
2026/10/01 02:31:29.384, 2505 MHz, 13801 MHz, 0x0000000000000000, 69.87 W, 2 %, 20052 MiB
2026/10/01 02:31:29.899, 1762 MHz, 7001 MHz, 0x0000000000000000, 68.17 W, 2 %, 20052 MiB
2026/10/01 02:31:30.415, 1035 MHz, 810 MHz, 0x0000000000000000, 55.60 W, 4 %, 20052 MiB
2026/10/01 02:31:30.929, 960 MHz, 810 MHz, 0x0000000000000000, 44.79 W, 4 %, 20052 MiB
2026/10/01 02:31:31.444, 1065 MHz, 810 MHz, 0x0000000000000000, 44.07 W, 6 %, 20052 MiB
2026/10/01 02:31:31.947, 1102 MHz, 405 MHz, 0x0000000000000000, 46.26 W, 8 %, 20052 MiB
2026/10/01 02:31:32.463, 1042 MHz, 405 MHz, 0x0000000000000000, 46.32 W, 9 %, 20052 MiB
2026/10/01 02:31:32.976, 1005 MHz, 405 MHz, 0x0000000000000000, 45.14 W, 4 %, 20052 MiB
2026/10/01 02:31:33.476, 1102 MHz, 405 MHz, 0x0000000000000000, 44.82 W, 10 %, 20052 MiB
2026/10/01 02:31:33.987, 1005 MHz, 405 MHz, 0x0000000000000000, 44.41 W, 5 %, 20052 MiB
2026/10/01 02:31:34.488, 1095 MHz, 405 MHz, 0x0000000000000000, 45.18 W, 10 %, 20052 MiB
2026/10/01 02:31:35.003, 1050 MHz, 405 MHz, 0x0000000000000000, 45.86 W, 5 %, 20052 MiB
2026/10/01 02:31:35.504, 1087 MHz, 405 MHz, 0x0000000000000000, 45.89 W, 8 %, 20052 MiB
2026/10/01 02:31:36.005, 1050 MHz, 405 MHz, 0x0000000000000000, 45.44 W, 9 %, 20052 MiB
2026/10/01 02:31:36.506, 1050 MHz, 405 MHz, 0x0000000000000000, 44.98 W, 10 %, 20052 MiB
2026/10/01 02:31:37.008, 847 MHz, 405 MHz, 0x0000000000000000, 44.35 W, 9 %, 20052 MiB
2026/10/01 02:31:37.509, 952 MHz, 405 MHz, 0x0000000000000000, 42.69 W, 5 %, 20052 MiB
2026/10/01 02:31:38.023, 967 MHz, 405 MHz, 0x0000000000000000, 42.72 W, 6 %, 20052 MiB
2026/10/01 02:31:38.524, 1035 MHz, 405 MHz, 0x0000000000000000, 43.51 W, 11 %, 20052 MiB
2026/10/01 02:31:39.035, 1027 MHz, 405 MHz, 0x0000000000000000, 44.44 W, 9 %, 20052 MiB
2026/10/01 02:31:39.548, 960 MHz, 405 MHz, 0x0000000000000000, 45.14 W, 5 %, 20052 MiB
2026/10/01 02:31:40.063, 1027 MHz, 405 MHz, 0x0000000000000000, 44.74 W, 8 %, 20052 MiB
2026/10/01 02:31:40.566, 1027 MHz, 405 MHz, 0x0000000000000000, 44.69 W, 8 %, 20052 MiB
2026/10/01 02:31:41.075, 937 MHz, 405 MHz, 0x0000000000000000, 44.32 W, 7 %, 20052 MiB
2026/10/01 02:31:41.590, 1072 MHz, 405 MHz, 0x0000000000000000, 44.92 W, 11 %, 20052 MiB
2026/10/01 02:31:42.104, 840 MHz, 405 MHz, 0x0000000000000000, 44.12 W, 8 %, 20052 MiB
2026/10/01 02:31:42.617, 780 MHz, 405 MHz, 0x0000000000000000, 40.78 W, 11 %, 20052 MiB
2026/10/01 02:31:43.119, 757 MHz, 405 MHz, 0x0000000000000000, 39.43 W, 7 %, 20052 MiB
2026/10/01 02:31:43.634, 735 MHz, 405 MHz, 0x0000000000000000, 39.51 W, 11 %, 20052 MiB
2026/10/01 02:31:44.149, 720 MHz, 405 MHz, 0x0000000000000000, 39.28 W, 12 %, 20052 MiB
2026/10/01 02:31:44.652, 697 MHz, 405 MHz, 0x0000000000000000, 39.16 W, 8 %, 20052 MiB
2026/10/01 02:31:45.166, 907 MHz, 405 MHz, 0x0000000000000000, 40.64 W, 7 %, 20052 MiB
2026/10/01 02:31:45.679, 945 MHz, 405 MHz, 0x0000000000000000, 42.98 W, 11 %, 20052 MiB
2026/10/01 02:31:46.193, 847 MHz, 405 MHz, 0x0000000000000000, 43.04 W, 6 %, 20052 MiB
2026/10/01 02:31:46.705, 967 MHz, 405 MHz, 0x0000000000000000, 43.58 W, 11 %, 20052 MiB
2026/10/01 02:31:47.221, 997 MHz, 405 MHz, 0x0000000000000000, 43.26 W, 10 %, 20052 MiB
2026/10/01 02:31:47.736, 997 MHz, 405 MHz, 0x0000000000000000, 43.96 W, 9 %, 20052 MiB
2026/10/01 02:31:48.237, 795 MHz, 405 MHz, 0x0000000000000000, 43.73 W, 11 %, 20059 MiB
2026/10/01 02:31:48.751, 1012 MHz, 405 MHz, 0x0000000000000000, 42.40 W, 9 %, 20059 MiB
2026/10/01 02:31:49.265, 967 MHz, 405 MHz, 0x0000000000000000, 42.46 W, 7 %, 20052 MiB
2026/10/01 02:31:49.765, 922 MHz, 405 MHz, 0x0000000000000000, 43.04 W, 7 %, 20052 MiB
2026/10/01 02:31:50.281, 892 MHz, 405 MHz, 0x0000000000000000, 42.70 W, 7 %, 20052 MiB
2026/10/01 02:31:50.794, 922 MHz, 405 MHz, 0x0000000000000000, 42.78 W, 7 %, 20052 MiB
2026/10/01 02:31:51.294, 960 MHz, 405 MHz, 0x0000000000000000, 42.83 W, 10 %, 20052 MiB
2026/10/01 02:31:51.809, 1027 MHz, 405 MHz, 0x0000000000000000, 43.66 W, 10 %, 20052 MiB
2026/10/01 02:31:52.321, 967 MHz, 405 MHz, 0x0000000000000000, 44.09 W, 9 %, 20052 MiB
2026/10/01 02:31:52.837, 990 MHz, 405 MHz, 0x0000000000000000, 43.76 W, 9 %, 20052 MiB
2026/10/01 02:31:53.350, 990 MHz, 405 MHz, 0x0000000000000000, 43.88 W, 8 %, 20052 MiB
2026/10/01 02:31:53.850, 1080 MHz, 405 MHz, 0x0000000000000000, 43.63 W, 10 %, 20052 MiB
2026/10/01 02:31:54.351, 1095 MHz, 405 MHz, 0x0000000000000000, 44.93 W, 11 %, 20052 MiB
2026/10/01 02:31:54.865, 1087 MHz, 405 MHz, 0x0000000000000000, 45.52 W, 10 %, 20052 MiB
2026/10/01 02:31:55.377, 832 MHz, 405 MHz, 0x0000000000000000, 44.04 W, 5 %, 20052 MiB
2026/10/01 02:31:55.879, 1065 MHz, 405 MHz, 0x0000000000000000, 43.47 W, 9 %, 20052 MiB
2026/10/01 02:31:56.393, 1080 MHz, 405 MHz, 0x0000000000000000, 44.64 W, 11 %, 20052 MiB
2026/10/01 02:31:56.907, 1057 MHz, 405 MHz, 0x0000000000000000, 44.95 W, 8 %, 20052 MiB
2026/10/01 02:31:57.422, 1012 MHz, 405 MHz, 0x0000000000000000, 44.92 W, 7 %, 20052 MiB
2026/10/01 02:31:57.925, 1050 MHz, 405 MHz, 0x0000000000000000, 45.25 W, 9 %, 20052 MiB
2026/10/01 02:31:58.440, 1012 MHz, 405 MHz, 0x0000000000000000, 45.40 W, 9 %, 20052 MiB
2026/10/01 02:31:58.940, 817 MHz, 405 MHz, 0x0000000000000000, 43.27 W, 10 %, 20052 MiB
2026/10/01 02:31:59.449, 1080 MHz, 405 MHz, 0x0000000000000000, 43.04 W, 10 %, 20052 MiB
2026/10/01 02:31:59.951, 1110 MHz, 405 MHz, 0x0000000000000000, 45.15 W, 10 %, 20052 MiB
2026/10/01 02:32:00.464, 1020 MHz, 405 MHz, 0x0000000000000000, 45.32 W, 9 %, 20052 MiB
2026/10/01 02:32:00.980, 1027 MHz, 405 MHz, 0x0000000000000000, 44.63 W, 9 %, 20052 MiB
2026/10/01 02:32:01.493, 990 MHz, 405 MHz, 0x0000000000000000, 44.43 W, 5 %, 20052 MiB
2026/10/01 02:32:02.005, 1057 MHz, 405 MHz, 0x0000000000000000, 44.24 W, 10 %, 20052 MiB
2026/10/01 02:32:02.506, 960 MHz, 405 MHz, 0x0000000000000000, 43.55 W, 7 %, 20052 MiB
2026/10/01 02:32:03.022, 1027 MHz, 405 MHz, 0x0000000000000000, 42.82 W, 10 %, 20052 MiB
2026/10/01 02:32:03.536, 1132 MHz, 405 MHz, 0x0000000000000000, 43.95 W, 12 %, 20052 MiB
2026/10/01 02:32:04.046, 1087 MHz, 405 MHz, 0x0000000000000000, 45.93 W, 11 %, 20052 MiB
2026/10/01 02:32:04.562, 1065 MHz, 405 MHz, 0x0000000000000000, 45.94 W, 10 %, 20052 MiB
2026/10/01 02:32:05.076, 982 MHz, 405 MHz, 0x0000000000000000, 44.32 W, 11 %, 20052 MiB
2026/10/01 02:32:05.591, 937 MHz, 405 MHz, 0x0000000000000000, 43.25 W, 8 %, 20052 MiB
2026/10/01 02:32:06.104, 892 MHz, 405 MHz, 0x0000000000000000, 42.41 W, 8 %, 20052 MiB
2026/10/01 02:32:06.619, 937 MHz, 405 MHz, 0x0000000000000000, 41.60 W, 10 %, 20052 MiB
2026/10/01 02:32:07.120, 772 MHz, 405 MHz, 0x0000000000000000, 41.46 W, 7 %, 20052 MiB
2026/10/01 02:32:07.630, 810 MHz, 405 MHz, 0x0000000000000000, 40.61 W, 6 %, 20052 MiB
2026/10/01 02:32:08.145, 997 MHz, 405 MHz, 0x0000000000000000, 41.59 W, 10 %, 20052 MiB
2026/10/01 02:32:08.647, 930 MHz, 405 MHz, 0x0000000000000000, 42.91 W, 8 %, 20052 MiB
2026/10/01 02:32:09.149, 975 MHz, 405 MHz, 0x0000000000000000, 43.67 W, 10 %, 20052 MiB
2026/10/01 02:32:09.662, 997 MHz, 405 MHz, 0x0000000000000000, 44.29 W, 9 %, 20057 MiB
2026/10/01 02:32:10.177, 952 MHz, 405 MHz, 0x0000000000000000, 43.85 W, 8 %, 20052 MiB
2026/10/01 02:32:10.692, 922 MHz, 405 MHz, 0x0000000000000000, 43.14 W, 7 %, 20052 MiB
2026/10/01 02:32:11.207, 930 MHz, 405 MHz, 0x0000000000000000, 43.12 W, 9 %, 20052 MiB
2026/10/01 02:32:11.720, 1087 MHz, 405 MHz, 0x0000000000000000, 44.39 W, 10 %, 20052 MiB
2026/10/01 02:32:12.234, 990 MHz, 405 MHz, 0x0000000000000000, 44.73 W, 8 %, 20052 MiB
2026/10/01 02:32:12.735, 862 MHz, 405 MHz, 0x0000000000000000, 42.42 W, 11 %, 20052 MiB
2026/10/01 02:32:13.247, 1035 MHz, 405 MHz, 0x0000000000000000, 42.40 W, 8 %, 20052 MiB
2026/10/01 02:32:13.760, 982 MHz, 405 MHz, 0x0000000000000000, 44.48 W, 5 %, 20052 MiB
2026/10/01 02:32:14.275, 967 MHz, 405 MHz, 0x0000000000000000, 43.58 W, 5 %, 20052 MiB
2026/10/01 02:32:14.787, 1072 MHz, 405 MHz, 0x0000000000000000, 43.81 W, 10 %, 20052 MiB
2026/10/01 02:32:15.300, 1110 MHz, 405 MHz, 0x0000000000000000, 45.49 W, 9 %, 20052 MiB
2026/10/01 02:32:15.810, 960 MHz, 405 MHz, 0x0000000000000000, 44.81 W, 8 %, 20052 MiB
2026/10/01 02:32:16.313, 892 MHz, 405 MHz, 0x0000000000000000, 43.49 W, 4 %, 20052 MiB
2026/10/01 02:32:16.825, 922 MHz, 405 MHz, 0x0000000000000000, 42.71 W, 8 %, 20052 MiB
2026/10/01 02:32:17.328, 1035 MHz, 405 MHz, 0x0000000000000000, 43.31 W, 9 %, 20052 MiB
2026/10/01 02:32:17.841, 1012 MHz, 405 MHz, 0x0000000000000000, 45.14 W, 11 %, 20052 MiB
2026/10/01 02:32:18.352, 1042 MHz, 405 MHz, 0x0000000000000000, 45.44 W, 11 %, 20052 MiB
2026/10/01 02:32:18.867, 1072 MHz, 405 MHz, 0x0000000000000000, 45.58 W, 9 %, 20052 MiB
2026/10/01 02:32:19.380, 975 MHz, 405 MHz, 0x0000000000000000, 44.94 W, 8 %, 20052 MiB
2026/10/01 02:32:19.894, 1057 MHz, 405 MHz, 0x0000000000000000, 44.79 W, 10 %, 20052 MiB
2026/10/01 02:32:20.397, 1042 MHz, 405 MHz, 0x0000000000000000, 44.82 W, 11 %, 20052 MiB
2026/10/01 02:32:20.909, 982 MHz, 405 MHz, 0x0000000000000000, 44.70 W, 5 %, 20052 MiB
2026/10/01 02:32:21.420, 975 MHz, 405 MHz, 0x0000000000000000, 43.48 W, 9 %, 20052 MiB
2026/10/01 02:32:21.925, 937 MHz, 405 MHz, 0x0000000000000000, 42.51 W, 8 %, 20052 MiB
2026/10/01 02:32:22.440, 1020 MHz, 405 MHz, 0x0000000000000000, 43.49 W, 10 %, 20052 MiB
2026/10/01 02:32:22.953, 967 MHz, 405 MHz, 0x0000000000000000, 43.91 W, 11 %, 20052 MiB
2026/10/01 02:32:23.469, 780 MHz, 405 MHz, 0x0000000000000000, 41.53 W, 10 %, 20052 MiB
2026/10/01 02:32:23.972, 952 MHz, 405 MHz, 0x0000000000000000, 41.23 W, 8 %, 20052 MiB
2026/10/01 02:32:24.473, 937 MHz, 405 MHz, 0x0000000000000000, 43.15 W, 9 %, 20052 MiB
2026/10/01 02:32:24.987, 877 MHz, 405 MHz, 0x0000000000000000, 43.36 W, 8 %, 20052 MiB
2026/10/01 02:32:25.501, 727 MHz, 405 MHz, 0x0000000000000000, 41.42 W, 7 %, 20052 MiB
2026/10/01 02:32:26.011, 705 MHz, 405 MHz, 0x0000000000000000, 40.30 W, 5 %, 20052 MiB
2026/10/01 02:32:26.521, 787 MHz, 405 MHz, 0x0000000000000000, 40.41 W, 9 %, 20052 MiB
2026/10/01 02:32:27.029, 825 MHz, 405 MHz, 0x0000000000000000, 40.54 W, 9 %, 20052 MiB
2026/10/01 02:32:27.540, 885 MHz, 405 MHz, 0x0000000000000000, 41.38 W, 10 %, 20052 MiB
2026/10/01 02:32:28.047, 975 MHz, 405 MHz, 0x0000000000000000, 42.71 W, 9 %, 20052 MiB
2026/10/01 02:32:28.559, 990 MHz, 405 MHz, 0x0000000000000000, 43.91 W, 9 %, 20052 MiB
2026/10/01 02:32:29.068, 1005 MHz, 405 MHz, 0x0000000000000000, 44.49 W, 9 %, 20052 MiB
2026/10/01 02:32:29.577, 1027 MHz, 405 MHz, 0x0000000000000000, 44.67 W, 10 %, 20052 MiB
2026/10/01 02:32:30.085, 1012 MHz, 405 MHz, 0x0000000000000000, 44.53 W, 9 %, 20052 MiB
2026/10/01 02:32:30.594, 1027 MHz, 405 MHz, 0x0000000000000000, 44.44 W, 9 %, 20054 MiB
2026/10/01 02:32:31.108, 922 MHz, 405 MHz, 0x0000000000000000, 44.21 W, 8 %, 20054 MiB
2026/10/01 02:32:31.623, 1012 MHz, 405 MHz, 0x0000000000000000, 43.72 W, 9 %, 20052 MiB
2026/10/01 02:32:32.137, 997 MHz, 405 MHz, 0x0000000000000000, 44.21 W, 9 %, 20052 MiB
2026/10/01 02:32:32.652, 960 MHz, 405 MHz, 0x0000000000000000, 43.84 W, 10 %, 20052 MiB
2026/10/01 02:32:33.165, 952 MHz, 405 MHz, 0x0000000000000000, 42.83 W, 6 %, 20052 MiB
2026/10/01 02:32:33.681, 892 MHz, 405 MHz, 0x0000000000000000, 42.30 W, 7 %, 20052 MiB
2026/10/01 02:32:34.197, 847 MHz, 405 MHz, 0x0000000000000000, 42.11 W, 4 %, 20052 MiB
2026/10/01 02:32:34.698, 847 MHz, 405 MHz, 0x0000000000000000, 42.03 W, 5 %, 20052 MiB
2026/10/01 02:32:35.211, 825 MHz, 405 MHz, 0x0000000000000000, 41.57 W, 6 %, 20052 MiB
2026/10/01 02:32:35.724, 817 MHz, 405 MHz, 0x0000000000000000, 41.76 W, 7 %, 20052 MiB
2026/10/01 02:32:36.239, 802 MHz, 405 MHz, 0x0000000000000000, 41.73 W, 4 %, 20052 MiB
2026/10/01 02:32:36.754, 757 MHz, 405 MHz, 0x0000000000000000, 41.66 W, 4 %, 20052 MiB
2026/10/01 02:32:37.267, 780 MHz, 405 MHz, 0x0000000000000000, 41.28 W, 4 %, 20052 MiB
2026/10/01 02:32:37.771, 780 MHz, 405 MHz, 0x0000000000000000, 41.27 W, 5 %, 20052 MiB
2026/10/01 02:32:38.275, 780 MHz, 405 MHz, 0x0000000000000000, 41.50 W, 4 %, 20052 MiB
2026/10/01 02:32:38.789, 997 MHz, 405 MHz, 0x0000000000000000, 42.72 W, 11 %, 20052 MiB
2026/10/01 02:32:39.304, 877 MHz, 405 MHz, 0x0000000000000000, 43.11 W, 5 %, 20052 MiB
2026/10/01 02:32:39.819, 1042 MHz, 405 MHz, 0x0000000000000000, 43.84 W, 10 %, 20052 MiB
2026/10/01 02:32:40.334, 1065 MHz, 405 MHz, 0x0000000000000000, 44.85 W, 10 %, 20052 MiB
2026/10/01 02:32:40.836, 1065 MHz, 405 MHz, 0x0000000000000000, 44.96 W, 10 %, 20052 MiB
2026/10/01 02:32:41.351, 997 MHz, 405 MHz, 0x0000000000000000, 44.98 W, 10 %, 20052 MiB
2026/10/01 02:32:41.865, 1035 MHz, 405 MHz, 0x0000000000000000, 42.04 W, 9 %, 20052 MiB
2026/10/01 02:32:42.379, 1012 MHz, 405 MHz, 0x0000000000000000, 43.43 W, 8 %, 20052 MiB
2026/10/01 02:32:42.894, 877 MHz, 405 MHz, 0x0000000000000000, 42.17 W, 3 %, 20052 MiB
2026/10/01 02:32:43.407, 877 MHz, 405 MHz, 0x0000000000000000, 41.73 W, 6 %, 20052 MiB
2026/10/01 02:32:43.923, 877 MHz, 405 MHz, 0x0000000000000000, 41.90 W, 6 %, 20052 MiB
2026/10/01 02:32:44.437, 832 MHz, 405 MHz, 0x0000000000000000, 42.16 W, 2 %, 20052 MiB
2026/10/01 02:32:44.951, 1012 MHz, 405 MHz, 0x0000000000000000, 43.46 W, 6 %, 20052 MiB
2026/10/01 02:32:45.466, 990 MHz, 405 MHz, 0x0000000000000000, 44.49 W, 8 %, 20052 MiB
2026/10/01 02:32:45.968, 952 MHz, 405 MHz, 0x0000000000000000, 43.66 W, 9 %, 20052 MiB
2026/10/01 02:32:46.481, 877 MHz, 405 MHz, 0x0000000000000000, 42.52 W, 9 %, 20052 MiB
2026/10/01 02:32:46.982, 885 MHz, 405 MHz, 0x0000000000000000, 41.51 W, 9 %, 20052 MiB
2026/10/01 02:32:47.495, 855 MHz, 405 MHz, 0x0000000000000000, 41.90 W, 5 %, 20052 MiB
2026/10/01 02:32:48.008, 952 MHz, 405 MHz, 0x0000000000000000, 42.85 W, 8 %, 20052 MiB
2026/10/01 02:32:48.523, 855 MHz, 405 MHz, 0x0000000000000000, 43.31 W, 5 %, 20052 MiB
2026/10/01 02:32:49.036, 967 MHz, 405 MHz, 0x0000000000000000, 43.24 W, 9 %, 20052 MiB
2026/10/01 02:32:49.549, 960 MHz, 405 MHz, 0x0000000000000000, 43.59 W, 10 %, 20052 MiB
2026/10/01 02:32:50.050, 922 MHz, 405 MHz, 0x0000000000000000, 42.93 W, 8 %, 20052 MiB
2026/10/01 02:32:50.553, 945 MHz, 405 MHz, 0x0000000000000000, 42.41 W, 7 %, 20052 MiB
2026/10/01 02:32:51.054, 952 MHz, 405 MHz, 0x0000000000000000, 42.40 W, 8 %, 20052 MiB
2026/10/01 02:32:51.567, 982 MHz, 405 MHz, 0x0000000000000000, 43.01 W, 9 %, 20059 MiB
2026/10/01 02:32:52.082, 975 MHz, 405 MHz, 0x0000000000000000, 43.76 W, 7 %, 20059 MiB
2026/10/01 02:32:52.594, 930 MHz, 405 MHz, 0x0000000000000000, 43.12 W, 9 %, 20052 MiB
2026/10/01 02:32:53.108, 997 MHz, 405 MHz, 0x0000000000000000, 43.81 W, 11 %, 20052 MiB
2026/10/01 02:32:53.609, 952 MHz, 405 MHz, 0x0000000000000000, 43.74 W, 7 %, 20052 MiB
2026/10/01 02:32:54.121, 990 MHz, 405 MHz, 0x0000000000000000, 43.13 W, 10 %, 20052 MiB
2026/10/01 02:32:54.626, 907 MHz, 405 MHz, 0x0000000000000000, 42.96 W, 10 %, 20052 MiB
2026/10/01 02:32:55.141, 922 MHz, 405 MHz, 0x0000000000000000, 43.12 W, 10 %, 20052 MiB
2026/10/01 02:32:55.645, 1042 MHz, 405 MHz, 0x0000000000000000, 43.97 W, 7 %, 20052 MiB
2026/10/01 02:32:56.145, 1087 MHz, 405 MHz, 0x0000000000000000, 45.17 W, 9 %, 20052 MiB
2026/10/01 02:32:56.650, 1027 MHz, 405 MHz, 0x0000000000000000, 45.43 W, 10 %, 20052 MiB
2026/10/01 02:32:57.152, 1057 MHz, 405 MHz, 0x0000000000000000, 45.41 W, 9 %, 20052 MiB
2026/10/01 02:32:57.653, 975 MHz, 405 MHz, 0x0000000000000000, 44.39 W, 4 %, 20052 MiB
2026/10/01 02:32:58.165, 1012 MHz, 405 MHz, 0x0000000000000000, 43.64 W, 9 %, 20052 MiB
2026/10/01 02:32:58.669, 1005 MHz, 405 MHz, 0x0000000000000000, 44.51 W, 10 %, 20052 MiB
2026/10/01 02:32:59.171, 1057 MHz, 405 MHz, 0x0000000000000000, 44.84 W, 10 %, 20052 MiB
2026/10/01 02:32:59.684, 975 MHz, 405 MHz, 0x0000000000000000, 44.31 W, 9 %, 20052 MiB
2026/10/01 02:33:00.199, 982 MHz, 405 MHz, 0x0000000000000000, 43.89 W, 8 %, 20052 MiB
2026/10/01 02:33:00.712, 1012 MHz, 405 MHz, 0x0000000000000000, 43.94 W, 11 %, 20052 MiB
2026/10/01 02:33:01.213, 847 MHz, 405 MHz, 0x0000000000000000, 45.68 W, 37 %, 31802 MiB
2026/10/01 02:33:01.727, 2917 MHz, 13801 MHz, 0x0000000000000000, 94.62 W, 21 %, 31991 MiB
2026/10/01 02:33:02.237, 2925 MHz, 13801 MHz, 0x0000000000000000, 133.75 W, 60 %, 17787 MiB
2026/10/01 02:33:02.739, 2925 MHz, 13801 MHz, 0x0000000000000000, 120.68 W, 2 %, 17787 MiB
2026/10/01 02:33:03.250, 2925 MHz, 13801 MHz, 0x0000000000000000, 107.32 W, 2 %, 17787 MiB
2026/10/01 02:33:03.754, 2925 MHz, 13801 MHz, 0x0000000000000000, 95.92 W, 2 %, 17787 MiB
2026/10/01 02:33:04.254, 2925 MHz, 13801 MHz, 0x0000000000000000, 95.83 W, 2 %, 17787 MiB
2026/10/01 02:33:04.757, 982 MHz, 7001 MHz, 0x0000000000000000, 76.27 W, 2 %, 17787 MiB
2026/10/01 02:33:05.260, 892 MHz, 7001 MHz, 0x0000000000000000, 55.11 W, 2 %, 17787 MiB
2026/10/01 02:33:05.775, 802 MHz, 7001 MHz, 0x0000000000000000, 45.04 W, 2 %, 17787 MiB
2026/10/01 02:33:06.276, 667 MHz, 7001 MHz, 0x0000000000000000, 44.04 W, 2 %, 17787 MiB
2026/10/01 02:33:06.790, 600 MHz, 810 MHz, 0x0000000000000000, 40.85 W, 2 %, 17787 MiB
2026/10/01 02:33:07.305, 555 MHz, 810 MHz, 0x0000000000000000, 37.83 W, 2 %, 17787 MiB
2026/10/01 02:33:07.805, 517 MHz, 810 MHz, 0x0000000000000000, 37.06 W, 2 %, 17787 MiB
2026/10/01 02:33:08.317, 817 MHz, 405 MHz, 0x0000000000000000, 38.50 W, 2 %, 17787 MiB
2026/10/01 02:33:08.819, 592 MHz, 405 MHz, 0x0000000000000000, 39.15 W, 2 %, 18547 MiB
2026/10/01 02:33:09.320, 1522 MHz, 810 MHz, 0x0000000000000000, 45.30 W, 2 %, 18547 MiB
2026/10/01 02:33:09.832, 1050 MHz, 405 MHz, 0x0000000000000000, 46.96 W, 6 %, 18643 MiB
2026/10/01 02:33:10.342, 2925 MHz, 13801 MHz, 0x0000000000000000, 77.78 W, 2 %, 18643 MiB
2026/10/01 02:33:10.843, 2925 MHz, 13801 MHz, 0x0000000000000000, 112.23 W, 33 %, 18643 MiB
2026/10/01 02:33:11.357, 2925 MHz, 13801 MHz, 0x0000000000000000, 106.86 W, 2 %, 18643 MiB
2026/10/01 02:33:11.872, 2925 MHz, 13801 MHz, 0x0000000000000000, 96.60 W, 2 %, 18643 MiB
2026/10/01 02:33:12.384, 2482 MHz, 13801 MHz, 0x0000000000000000, 99.01 W, 2 %, 18643 MiB
2026/10/01 02:33:12.899, 2925 MHz, 13801 MHz, 0x0000000000000000, 96.51 W, 2 %, 18646 MiB
2026/10/01 02:33:13.400, 2925 MHz, 13801 MHz, 0x0000000000000000, 96.86 W, 2 %, 18643 MiB
2026/10/01 02:33:13.902, 1372 MHz, 7001 MHz, 0x0000000000000000, 83.42 W, 2 %, 18643 MiB
2026/10/01 02:33:14.404, 915 MHz, 7001 MHz, 0x0000000000000000, 60.12 W, 2 %, 18643 MiB
2026/10/01 02:33:14.906, 840 MHz, 7001 MHz, 0x0000000000000000, 45.50 W, 2 %, 18643 MiB
2026/10/01 02:33:15.417, 1305 MHz, 7001 MHz, 0x0000000000000000, 63.79 W, 99 %, 18643 MiB
2026/10/01 02:33:15.918, 2917 MHz, 13801 MHz, 0x0000000000000000, 124.69 W, 2 %, 18643 MiB
2026/10/01 02:33:16.431, 2925 MHz, 13801 MHz, 0x0000000000000000, 135.74 W, 2 %, 18643 MiB
2026/10/01 02:33:16.946, 2925 MHz, 13801 MHz, 0x0000000000000000, 108.01 W, 2 %, 18643 MiB
2026/10/01 02:33:17.458, 2925 MHz, 13801 MHz, 0x0000000000000000, 108.12 W, 2 %, 18643 MiB
2026/10/01 02:33:17.960, 2917 MHz, 13801 MHz, 0x0000000000000000, 114.66 W, 28 %, 17851 MiB
2026/10/01 02:33:18.462, 2925 MHz, 13801 MHz, 0x0000000000000000, 114.70 W, 2 %, 17851 MiB
2026/10/01 02:33:18.964, 2925 MHz, 13801 MHz, 0x0000000000000000, 99.10 W, 2 %, 17851 MiB
2026/10/01 02:33:19.466, 2925 MHz, 13801 MHz, 0x0000000000000000, 96.80 W, 2 %, 17851 MiB
2026/10/01 02:33:19.967, 1425 MHz, 7001 MHz, 0x0000000000000000, 82.21 W, 2 %, 17851 MiB
2026/10/01 02:33:20.481, 967 MHz, 7001 MHz, 0x0000000000000000, 56.86 W, 2 %, 17851 MiB
2026/10/01 02:33:20.993, 877 MHz, 7001 MHz, 0x0000000000000000, 46.00 W, 2 %, 17851 MiB
2026/10/01 02:33:21.508, 855 MHz, 7001 MHz, 0x0000000000000000, 46.11 W, 2 %, 17851 MiB
2026/10/01 02:33:22.021, 750 MHz, 7001 MHz, 0x0000000000000000, 45.90 W, 2 %, 17851 MiB
2026/10/01 02:33:22.523, 735 MHz, 810 MHz, 0x0000000000000000, 44.72 W, 2 %, 17851 MiB
2026/10/01 02:33:23.033, 2587 MHz, 13801 MHz, 0x0000000000000000, 75.14 W, 96 %, 18107 MiB
2026/10/01 02:33:23.548, 2917 MHz, 13801 MHz, 0x0000000000000000, 151.10 W, 61 %, 18107 MiB
2026/10/01 02:33:24.062, 2925 MHz, 13801 MHz, 0x0000000000000000, 149.83 W, 2 %, 18107 MiB
2026/10/01 02:33:24.564, 2925 MHz, 13801 MHz, 0x0000000000000000, 97.52 W, 2 %, 18107 MiB
2026/10/01 02:33:25.078, 2925 MHz, 13801 MHz, 0x0000000000000000, 97.35 W, 2 %, 18107 MiB
2026/10/01 02:33:25.580, 2137 MHz, 7001 MHz, 0x0000000000000000, 87.50 W, 2 %, 18107 MiB
2026/10/01 02:33:26.096, 952 MHz, 7001 MHz, 0x0000000000000000, 64.85 W, 2 %, 18107 MiB
2026/10/01 02:33:26.611, 780 MHz, 7001 MHz, 0x0000000000000000, 44.82 W, 2 %, 18107 MiB
2026/10/01 02:33:27.113, 1965 MHz, 13801 MHz, 0x0000000000000000, 76.44 W, 78 %, 18107 MiB
2026/10/01 02:33:27.616, 2925 MHz, 13801 MHz, 0x0000000000000000, 103.98 W, 2 %, 18107 MiB
2026/10/01 02:33:28.118, 2925 MHz, 13801 MHz, 0x0000000000000000, 106.26 W, 2 %, 18107 MiB
2026/10/01 02:33:28.633, 2925 MHz, 13801 MHz, 0x0000000000000000, 97.07 W, 2 %, 18107 MiB
2026/10/01 02:33:29.147, 1537 MHz, 7001 MHz, 0x0000000000000000, 82.77 W, 2 %, 18107 MiB
2026/10/01 02:33:29.651, 2535 MHz, 13801 MHz, 0x0000000000000000, 83.20 W, 2 %, 18107 MiB
2026/10/01 02:33:30.165, 2520 MHz, 13801 MHz, 0x0000000000000000, 85.42 W, 2 %, 18107 MiB
2026/10/01 02:33:30.680, 2512 MHz, 13801 MHz, 0x0000000000000000, 73.20 W, 2 %, 18107 MiB
2026/10/01 02:33:31.193, 2520 MHz, 13801 MHz, 0x0000000000000000, 73.39 W, 2 %, 18107 MiB
2026/10/01 02:33:31.704, 1095 MHz, 7001 MHz, 0x0000000000000000, 63.31 W, 2 %, 18107 MiB
2026/10/01 02:33:32.217, 997 MHz, 7001 MHz, 0x0000000000000000, 52.25 W, 2 %, 18107 MiB
2026/10/01 02:33:32.717, 900 MHz, 7001 MHz, 0x0000000000000000, 46.84 W, 2 %, 18107 MiB
2026/10/01 02:33:33.223, 810 MHz, 7001 MHz, 0x0000000000000000, 46.30 W, 2 %, 18107 MiB
2026/10/01 02:33:33.732, 2760 MHz, 13801 MHz, 0x0000000000000000, 91.00 W, 2 %, 18115 MiB
2026/10/01 02:33:34.243, 2925 MHz, 13801 MHz, 0x0000000000000000, 110.49 W, 2 %, 18115 MiB
2026/10/01 02:33:34.755, 2925 MHz, 13801 MHz, 0x0000000000000000, 97.92 W, 2 %, 18107 MiB
2026/10/01 02:33:35.266, 2925 MHz, 13801 MHz, 0x0000000000000000, 97.79 W, 2 %, 18107 MiB
2026/10/01 02:33:35.779, 1027 MHz, 7001 MHz, 0x0000000000000000, 77.96 W, 2 %, 18107 MiB
2026/10/01 02:33:36.291, 900 MHz, 7001 MHz, 0x0000000000000000, 52.18 W, 2 %, 18113 MiB
2026/10/01 02:33:36.806, 825 MHz, 7001 MHz, 0x0000000000000000, 46.19 W, 2 %, 18113 MiB
2026/10/01 02:33:37.306, 765 MHz, 7001 MHz, 0x0000000000000000, 45.81 W, 2 %, 18113 MiB
2026/10/01 02:33:37.820, 682 MHz, 7001 MHz, 0x0000000000000000, 45.39 W, 2 %, 18113 MiB
2026/10/01 02:33:38.333, 690 MHz, 810 MHz, 0x0000000000000000, 44.98 W, 2 %, 18115 MiB
2026/10/01 02:33:38.838, 652 MHz, 810 MHz, 0x0000000000000000, 42.87 W, 2 %, 18435 MiB
2026/10/01 02:33:39.353, 2700 MHz, 13801 MHz, 0x0000000000000000, 62.76 W, 2 %, 18435 MiB
2026/10/01 02:33:39.868, 2917 MHz, 13801 MHz, 0x0000000000000000, 112.51 W, 19 %, 18435 MiB
2026/10/01 02:33:40.381, 2925 MHz, 13801 MHz, 0x0000000000000000, 133.94 W, 99 %, 18435 MiB
2026/10/01 02:33:40.895, 2917 MHz, 13801 MHz, 0x0000000000000000, 152.65 W, 2 %, 18435 MiB
2026/10/01 02:33:41.409, 2925 MHz, 13801 MHz, 0x0000000000000000, 126.52 W, 2 %, 18435 MiB
2026/10/01 02:33:41.922, 2917 MHz, 13801 MHz, 0x0000000000000000, 127.02 W, 79 %, 18435 MiB
2026/10/01 02:33:42.432, 2925 MHz, 13801 MHz, 0x0000000000000000, 130.25 W, 2 %, 18435 MiB
2026/10/01 02:33:42.934, 2925 MHz, 13801 MHz, 0x0000000000000000, 118.36 W, 99 %, 18435 MiB
2026/10/01 02:33:43.434, 2925 MHz, 13801 MHz, 0x0000000000000000, 128.55 W, 2 %, 18435 MiB
2026/10/01 02:33:43.946, 2917 MHz, 13801 MHz, 0x0000000000000000, 139.51 W, 2 %, 18435 MiB
2026/10/01 02:33:44.461, 2925 MHz, 13801 MHz, 0x0000000000000000, 139.85 W, 83 %, 18435 MiB
2026/10/01 02:33:44.961, 2925 MHz, 13801 MHz, 0x0000000000000000, 129.05 W, 2 %, 18435 MiB
2026/10/01 02:33:45.463, 2925 MHz, 13801 MHz, 0x0000000000000000, 129.00 W, 2 %, 18435 MiB
2026/10/01 02:33:45.978, 2917 MHz, 13801 MHz, 0x0000000000000000, 129.59 W, 2 %, 18435 MiB
2026/10/01 02:33:46.480, 2925 MHz, 13801 MHz, 0x0000000000000000, 128.74 W, 22 %, 18437 MiB
2026/10/01 02:33:46.990, 2925 MHz, 13801 MHz, 0x0000000000000000, 126.57 W, 2 %, 18437 MiB
2026/10/01 02:33:47.504, 2925 MHz, 13801 MHz, 0x0000000000000000, 127.10 W, 2 %, 18437 MiB
2026/10/01 02:33:48.006, 2925 MHz, 13801 MHz, 0x0000000000000000, 99.22 W, 2 %, 18437 MiB
2026/10/01 02:33:48.519, 2917 MHz, 13801 MHz, 0x0000000000000000, 126.61 W, 2 %, 18437 MiB
2026/10/01 02:33:49.033, 2925 MHz, 13801 MHz, 0x0000000000000000, 129.58 W, 2 %, 18437 MiB
2026/10/01 02:33:49.548, 2917 MHz, 13801 MHz, 0x0000000000000000, 129.42 W, 2 %, 18437 MiB
2026/10/01 02:33:50.064, 2925 MHz, 13801 MHz, 0x0000000000000000, 127.82 W, 17 %, 18437 MiB
2026/10/01 02:33:50.579, 2925 MHz, 13801 MHz, 0x0000000000000000, 130.35 W, 2 %, 18437 MiB
2026/10/01 02:33:51.094, 2925 MHz, 13801 MHz, 0x0000000000000000, 142.87 W, 99 %, 18437 MiB
2026/10/01 02:33:51.597, 2925 MHz, 13801 MHz, 0x0000000000000000, 130.99 W, 2 %, 18437 MiB
2026/10/01 02:33:52.108, 2917 MHz, 13801 MHz, 0x0000000000000000, 153.67 W, 99 %, 18437 MiB
2026/10/01 02:33:52.619, 2925 MHz, 13801 MHz, 0x0000000000000000, 132.20 W, 2 %, 18437 MiB
2026/10/01 02:33:53.120, 2925 MHz, 13801 MHz, 0x0000000000000000, 141.39 W, 2 %, 18437 MiB
2026/10/01 02:33:53.634, 2925 MHz, 13801 MHz, 0x0000000000000000, 139.34 W, 80 %, 18437 MiB
2026/10/01 02:33:54.134, 2925 MHz, 13801 MHz, 0x0000000000000000, 129.14 W, 2 %, 18437 MiB
2026/10/01 02:33:54.636, 2917 MHz, 13801 MHz, 0x0000000000000000, 153.10 W, 99 %, 18442 MiB
2026/10/01 02:33:55.149, 2925 MHz, 13801 MHz, 0x0000000000000000, 144.20 W, 99 %, 18442 MiB
2026/10/01 02:33:55.665, 2925 MHz, 13801 MHz, 0x0000000000000000, 142.42 W, 2 %, 18437 MiB
2026/10/01 02:33:56.180, 2917 MHz, 13801 MHz, 0x0000000000000000, 157.98 W, 2 %, 18437 MiB
2026/10/01 02:33:56.693, 2917 MHz, 13801 MHz, 0x0000000000000000, 161.69 W, 19 %, 18437 MiB
2026/10/01 02:33:57.207, 2925 MHz, 13801 MHz, 0x0000000000000000, 149.92 W, 99 %, 18437 MiB
2026/10/01 02:33:57.722, 2925 MHz, 13801 MHz, 0x0000000000000000, 131.60 W, 2 %, 18437 MiB
2026/10/01 02:33:58.223, 2925 MHz, 13801 MHz, 0x0000000000000000, 123.57 W, 2 %, 18437 MiB
2026/10/01 02:33:58.731, 2917 MHz, 13801 MHz, 0x0000000000000000, 133.68 W, 2 %, 18437 MiB
2026/10/01 02:33:59.235, 2925 MHz, 13801 MHz, 0x0000000000000000, 149.20 W, 99 %, 18437 MiB
2026/10/01 02:33:59.736, 2925 MHz, 13801 MHz, 0x0000000000000000, 125.05 W, 2 %, 18437 MiB
2026/10/01 02:34:00.250, 2917 MHz, 13801 MHz, 0x0000000000000000, 142.09 W, 2 %, 18437 MiB
2026/10/01 02:34:00.764, 2925 MHz, 13801 MHz, 0x0000000000000000, 138.15 W, 84 %, 18437 MiB
2026/10/01 02:34:01.278, 2925 MHz, 13801 MHz, 0x0000000000000000, 129.79 W, 2 %, 18437 MiB
2026/10/01 02:34:01.778, 2917 MHz, 13801 MHz, 0x0000000000000000, 152.67 W, 99 %, 18437 MiB
2026/10/01 02:34:02.291, 2925 MHz, 13801 MHz, 0x0000000000000000, 141.23 W, 93 %, 18437 MiB
2026/10/01 02:34:02.802, 2925 MHz, 13801 MHz, 0x0000000000000000, 140.18 W, 2 %, 18437 MiB
2026/10/01 02:34:03.303, 2917 MHz, 13801 MHz, 0x0000000000000000, 154.04 W, 2 %, 18437 MiB
2026/10/01 02:34:03.815, 2925 MHz, 13801 MHz, 0x0000000000000000, 143.15 W, 100 %, 18437 MiB
2026/10/01 02:34:04.329, 2925 MHz, 13801 MHz, 0x0000000000000000, 129.52 W, 2 %, 18437 MiB
2026/10/01 02:34:04.831, 2917 MHz, 13801 MHz, 0x0000000000000000, 152.14 W, 2 %, 18437 MiB
2026/10/01 02:34:05.345, 2925 MHz, 13801 MHz, 0x0000000000000000, 148.25 W, 99 %, 18437 MiB
2026/10/01 02:34:05.847, 2925 MHz, 13801 MHz, 0x0000000000000000, 127.80 W, 2 %, 18437 MiB
2026/10/01 02:34:06.349, 2917 MHz, 13801 MHz, 0x0000000000000000, 145.39 W, 99 %, 18437 MiB
2026/10/01 02:34:06.850, 2925 MHz, 13801 MHz, 0x0000000000000000, 131.36 W, 2 %, 18437 MiB
2026/10/01 02:34:07.361, 2917 MHz, 13801 MHz, 0x0000000000000000, 143.37 W, 2 %, 18437 MiB
2026/10/01 02:34:07.863, 2925 MHz, 13801 MHz, 0x0000000000000000, 147.61 W, 99 %, 18437 MiB
2026/10/01 02:34:08.365, 2925 MHz, 13801 MHz, 0x0000000000000000, 124.73 W, 2 %, 18501 MiB
2026/10/01 02:34:08.878, 2917 MHz, 13801 MHz, 0x0000000000000000, 139.08 W, 70 %, 18501 MiB
2026/10/01 02:34:09.380, 2925 MHz, 13801 MHz, 0x0000000000000000, 128.78 W, 2 %, 18501 MiB
2026/10/01 02:34:09.882, 2917 MHz, 13801 MHz, 0x0000000000000000, 136.20 W, 2 %, 18501 MiB
2026/10/01 02:34:10.384, 2925 MHz, 13801 MHz, 0x0000000000000000, 129.17 W, 2 %, 18501 MiB
2026/10/01 02:34:10.884, 2917 MHz, 13801 MHz, 0x0000000000000000, 127.92 W, 2 %, 18501 MiB
2026/10/01 02:34:11.399, 2917 MHz, 13801 MHz, 0x0000000000000000, 126.31 W, 2 %, 18501 MiB
2026/10/01 02:34:11.913, 2925 MHz, 13801 MHz, 0x0000000000000000, 123.70 W, 2 %, 18501 MiB
2026/10/01 02:34:12.427, 2917 MHz, 13801 MHz, 0x0000000000000000, 127.46 W, 47 %, 18501 MiB
2026/10/01 02:34:12.939, 2925 MHz, 13801 MHz, 0x0000000000000000, 127.43 W, 2 %, 18501 MiB
2026/10/01 02:34:13.453, 2917 MHz, 13801 MHz, 0x0000000000000000, 132.11 W, 2 %, 18565 MiB
2026/10/01 02:34:13.967, 2925 MHz, 13801 MHz, 0x0000000000000000, 125.71 W, 2 %, 18565 MiB
2026/10/01 02:34:14.481, 2917 MHz, 13801 MHz, 0x0000000000000000, 125.10 W, 61 %, 18565 MiB
2026/10/01 02:34:14.996, 2925 MHz, 13801 MHz, 0x0000000000000000, 125.26 W, 2 %, 18565 MiB
2026/10/01 02:34:15.508, 2925 MHz, 13801 MHz, 0x0000000000000000, 133.24 W, 2 %, 18565 MiB
2026/10/01 02:34:16.009, 2925 MHz, 13801 MHz, 0x0000000000000000, 143.45 W, 99 %, 18572 MiB
2026/10/01 02:34:16.523, 2925 MHz, 13801 MHz, 0x0000000000000000, 125.96 W, 2 %, 18565 MiB
2026/10/01 02:34:17.038, 2925 MHz, 13801 MHz, 0x0000000000000000, 103.76 W, 2 %, 18565 MiB
2026/10/01 02:34:17.552, 2925 MHz, 13801 MHz, 0x0000000000000000, 97.73 W, 2 %, 18565 MiB
2026/10/01 02:34:18.067, 2902 MHz, 7001 MHz, 0x0000000000000000, 92.71 W, 2 %, 18565 MiB
2026/10/01 02:34:18.581, 945 MHz, 7001 MHz, 0x0000000000000000, 70.07 W, 2 %, 18565 MiB
2026/10/01 02:34:19.097, 855 MHz, 7001 MHz, 0x0000000000000000, 46.70 W, 2 %, 18565 MiB
2026/10/01 02:34:19.611, 2805 MHz, 13801 MHz, 0x0000000000000000, 70.14 W, 2 %, 18565 MiB
2026/10/01 02:34:20.112, 2925 MHz, 13801 MHz, 0x0000000000000000, 93.49 W, 2 %, 18565 MiB
2026/10/01 02:34:20.626, 2925 MHz, 13801 MHz, 0x0000000000000000, 97.19 W, 2 %, 18565 MiB
2026/10/01 02:34:21.141, 2925 MHz, 13801 MHz, 0x0000000000000000, 111.72 W, 2 %, 18565 MiB
2026/10/01 02:34:21.644, 2925 MHz, 13801 MHz, 0x0000000000000000, 110.47 W, 2 %, 18565 MiB
2026/10/01 02:34:22.146, 2917 MHz, 13801 MHz, 0x0000000000000000, 123.56 W, 2 %, 18565 MiB
2026/10/01 02:34:22.658, 2925 MHz, 13801 MHz, 0x0000000000000000, 121.18 W, 2 %, 18565 MiB
2026/10/01 02:34:23.173, 2925 MHz, 13801 MHz, 0x0000000000000000, 113.76 W, 99 %, 18565 MiB
2026/10/01 02:34:23.684, 2925 MHz, 13801 MHz, 0x0000000000000000, 123.68 W, 2 %, 18565 MiB
2026/10/01 02:34:24.188, 2925 MHz, 13801 MHz, 0x0000000000000000, 120.50 W, 2 %, 18565 MiB
2026/10/01 02:34:24.702, 2925 MHz, 13801 MHz, 0x0000000000000000, 96.98 W, 2 %, 18565 MiB
2026/10/01 02:34:25.217, 2917 MHz, 7001 MHz, 0x0000000000000000, 92.38 W, 2 %, 18565 MiB
2026/10/01 02:34:25.719, 952 MHz, 7001 MHz, 0x0000000000000000, 69.98 W, 2 %, 18565 MiB
2026/10/01 02:34:26.222, 907 MHz, 7001 MHz, 0x0000000000000000, 61.92 W, 98 %, 18565 MiB
2026/10/01 02:34:26.736, 2925 MHz, 13801 MHz, 0x0000000000000000, 90.29 W, 2 %, 18565 MiB
2026/10/01 02:34:27.251, 2925 MHz, 13801 MHz, 0x0000000000000000, 121.01 W, 99 %, 18565 MiB
2026/10/01 02:34:27.766, 2925 MHz, 13801 MHz, 0x0000000000000000, 118.80 W, 2 %, 18565 MiB
2026/10/01 02:34:28.268, 2925 MHz, 13801 MHz, 0x0000000000000000, 117.12 W, 2 %, 18565 MiB
2026/10/01 02:34:28.783, 2925 MHz, 13801 MHz, 0x0000000000000000, 100.83 W, 2 %, 18565 MiB
2026/10/01 02:34:29.298, 2902 MHz, 7001 MHz, 0x0000000000000000, 96.95 W, 2 %, 18565 MiB
2026/10/01 02:34:29.813, 2167 MHz, 13801 MHz, 0x0000000000000000, 92.55 W, 2 %, 18565 MiB
2026/10/01 02:34:30.327, 2325 MHz, 13801 MHz, 0x0000000000000000, 78.52 W, 2 %, 18578 MiB
2026/10/01 02:34:30.828, 2925 MHz, 13801 MHz, 0x0000000000000000, 106.22 W, 2 %, 18578 MiB
2026/10/01 02:34:31.331, 2917 MHz, 13801 MHz, 0x0000000000000000, 146.92 W, 2 %, 18578 MiB
2026/10/01 02:34:31.846, 2925 MHz, 13801 MHz, 0x0000000000000000, 143.14 W, 2 %, 18578 MiB
2026/10/01 02:34:32.360, 2925 MHz, 13801 MHz, 0x0000000000000000, 143.48 W, 2 %, 18578 MiB
2026/10/01 02:34:32.875, 2925 MHz, 13801 MHz, 0x0000000000000000, 148.72 W, 2 %, 18578 MiB
2026/10/01 02:34:33.389, 2917 MHz, 13801 MHz, 0x0000000000000000, 145.45 W, 2 %, 18578 MiB
2026/10/01 02:34:33.898, 2925 MHz, 13801 MHz, 0x0000000000000000, 136.12 W, 78 %, 18578 MiB
2026/10/01 02:34:34.413, 2917 MHz, 13801 MHz, 0x0000000000000000, 145.91 W, 2 %, 18578 MiB
2026/10/01 02:34:34.915, 2925 MHz, 13801 MHz, 0x0000000000000000, 125.72 W, 20 %, 18578 MiB
2026/10/01 02:34:35.416, 2925 MHz, 13801 MHz, 0x0000000000000000, 121.79 W, 2 %, 18578 MiB
2026/10/01 02:34:35.917, 2925 MHz, 13801 MHz, 0x0000000000000000, 144.90 W, 99 %, 18578 MiB
2026/10/01 02:34:36.430, 2925 MHz, 13801 MHz, 0x0000000000000000, 124.87 W, 2 %, 18578 MiB
2026/10/01 02:34:36.940, 2917 MHz, 13801 MHz, 0x0000000000000000, 141.90 W, 2 %, 18650 MiB
2026/10/01 02:34:37.455, 2925 MHz, 13801 MHz, 0x0000000000000000, 124.80 W, 2 %, 18650 MiB
2026/10/01 02:34:37.968, 2917 MHz, 13801 MHz, 0x0000000000000000, 122.98 W, 9 %, 18642 MiB
2026/10/01 02:34:38.481, 2925 MHz, 13801 MHz, 0x0000000000000000, 120.61 W, 2 %, 18642 MiB
2026/10/01 02:34:38.995, 2925 MHz, 13801 MHz, 0x0000000000000000, 98.75 W, 2 %, 18642 MiB
2026/10/01 02:34:39.505, 2925 MHz, 13801 MHz, 0x0000000000000000, 96.57 W, 2 %, 18642 MiB
2026/10/01 02:34:40.017, 2865 MHz, 13801 MHz, 0x0000000000000000, 116.46 W, 2 %, 18642 MiB
2026/10/01 02:34:40.530, 2467 MHz, 13801 MHz, 0x0000000000000000, 105.19 W, 2 %, 18642 MiB
2026/10/01 02:34:41.040, 2077 MHz, 13801 MHz, 0x0000000000000000, 69.15 W, 2 %, 18642 MiB
2026/10/01 02:34:41.550, 2602 MHz, 13801 MHz, 0x0000000000000000, 94.97 W, 2 %, 18642 MiB
2026/10/01 02:34:42.062, 2925 MHz, 13801 MHz, 0x0000000000000000, 109.54 W, 2 %, 18642 MiB
2026/10/01 02:34:42.574, 2925 MHz, 13801 MHz, 0x0000000000000000, 112.97 W, 95 %, 18642 MiB
2026/10/01 02:34:43.088, 2925 MHz, 13801 MHz, 0x0000000000000000, 122.89 W, 2 %, 18642 MiB
2026/10/01 02:34:43.600, 2925 MHz, 13801 MHz, 0x0000000000000000, 120.32 W, 2 %, 18642 MiB
2026/10/01 02:34:44.112, 2925 MHz, 13801 MHz, 0x0000000000000000, 96.60 W, 2 %, 18642 MiB
2026/10/01 02:34:44.621, 2917 MHz, 13801 MHz, 0x0000000000000000, 122.64 W, 2 %, 18642 MiB
2026/10/01 02:34:45.132, 2925 MHz, 13801 MHz, 0x0000000000000000, 122.84 W, 4 %, 18642 MiB
2026/10/01 02:34:45.644, 2925 MHz, 13801 MHz, 0x0000000000000000, 122.61 W, 2 %, 18642 MiB
2026/10/01 02:34:46.160, 2917 MHz, 13801 MHz, 0x0000000000000000, 144.21 W, 2 %, 18642 MiB
2026/10/01 02:34:46.674, 2925 MHz, 13801 MHz, 0x0000000000000000, 122.96 W, 2 %, 18642 MiB
2026/10/01 02:34:47.189, 2925 MHz, 13801 MHz, 0x0000000000000000, 96.59 W, 2 %, 18642 MiB
2026/10/01 02:34:47.703, 2925 MHz, 13801 MHz, 0x0000000000000000, 96.43 W, 2 %, 18642 MiB
2026/10/01 02:34:48.204, 1297 MHz, 7001 MHz, 0x0000000000000000, 81.24 W, 2 %, 18642 MiB
2026/10/01 02:34:48.704, 802 MHz, 7001 MHz, 0x0000000000000000, 58.47 W, 2 %, 18642 MiB
2026/10/01 02:34:49.217, 720 MHz, 7001 MHz, 0x0000000000000000, 43.31 W, 2 %, 18642 MiB
2026/10/01 02:34:49.732, 757 MHz, 7001 MHz, 0x0000000000000000, 44.35 W, 2 %, 18642 MiB
2026/10/01 02:34:50.244, 1185 MHz, 7001 MHz, 0x0000000000000000, 54.17 W, 2 %, 18642 MiB
2026/10/01 02:34:50.757, 1147 MHz, 7001 MHz, 0x0000000000000000, 54.98 W, 2 %, 18642 MiB
2026/10/01 02:34:51.270, 2572 MHz, 13801 MHz, 0x0000000000000000, 82.21 W, 2 %, 18642 MiB
2026/10/01 02:34:51.781, 2925 MHz, 13801 MHz, 0x0000000000000000, 114.33 W, 31 %, 18642 MiB
2026/10/01 02:34:52.283, 2925 MHz, 13801 MHz, 0x0000000000000000, 122.01 W, 2 %, 18642 MiB
2026/10/01 02:34:52.796, 2925 MHz, 13801 MHz, 0x0000000000000000, 119.76 W, 2 %, 18642 MiB
2026/10/01 02:34:53.299, 2925 MHz, 13801 MHz, 0x0000000000000000, 96.30 W, 2 %, 18642 MiB
2026/10/01 02:34:53.799, 2925 MHz, 7001 MHz, 0x0000000000000000, 96.29 W, 2 %, 18642 MiB
2026/10/01 02:34:54.300, 967 MHz, 7001 MHz, 0x0000000000000000, 71.69 W, 2 %, 18642 MiB
2026/10/01 02:34:54.812, 900 MHz, 7001 MHz, 0x0000000000000000, 46.49 W, 2 %, 18642 MiB
2026/10/01 02:34:55.327, 2662 MHz, 13801 MHz, 0x0000000000000000, 72.56 W, 2 %, 18642 MiB
2026/10/01 02:34:55.829, 2557 MHz, 13801 MHz, 0x0000000000000000, 88.18 W, 2 %, 18642 MiB
2026/10/01 02:34:56.330, 2865 MHz, 13801 MHz, 0x0000000000000000, 108.54 W, 2 %, 18642 MiB
2026/10/01 02:34:56.833, 2925 MHz, 13801 MHz, 0x0000000000000000, 116.12 W, 2 %, 18642 MiB
2026/10/01 02:34:57.348, 2917 MHz, 13801 MHz, 0x0000000000000000, 119.34 W, 2 %, 18642 MiB
2026/10/01 02:34:57.862, 2925 MHz, 13801 MHz, 0x0000000000000000, 122.09 W, 2 %, 18775 MiB
2026/10/01 02:34:58.374, 2925 MHz, 13801 MHz, 0x0000000000000000, 121.83 W, 55 %, 18529 MiB
2026/10/01 02:34:58.878, 2925 MHz, 13801 MHz, 0x0000000000000000, 121.78 W, 2 %, 18524 MiB
2026/10/01 02:34:59.382, 2925 MHz, 13801 MHz, 0x0000000000000000, 106.89 W, 2 %, 18636 MiB
2026/10/01 02:34:59.883, 2925 MHz, 13801 MHz, 0x0000000000000000, 102.92 W, 2 %, 18536 MiB
2026/10/01 02:35:00.395, 1620 MHz, 7001 MHz, 0x0000000000000000, 89.57 W, 2 %, 18536 MiB
2026/10/01 02:35:00.895, 1177 MHz, 7001 MHz, 0x0000000000000000, 57.32 W, 2 %, 18536 MiB
2026/10/01 02:35:01.401, 1050 MHz, 7001 MHz, 0x0000000000000000, 46.51 W, 2 %, 18536 MiB
2026/10/01 02:35:01.913, 930 MHz, 7001 MHz, 0x0000000000000000, 47.11 W, 6 %, 18552 MiB
2026/10/01 02:35:02.417, 1290 MHz, 13801 MHz, 0x0000000000000000, 67.89 W, 68 %, 18696 MiB
2026/10/01 02:35:02.932, 2925 MHz, 13801 MHz, 0x0000000000000000, 96.48 W, 2 %, 19086 MiB
2026/10/01 02:35:03.436, 2940 MHz, 13801 MHz, 0x0000000000000000, 102.32 W, 2 %, 19086 MiB
2026/10/01 02:35:03.938, 2940 MHz, 13801 MHz, 0x0000000000000000, 95.86 W, 2 %, 19086 MiB
2026/10/01 02:35:04.453, 2940 MHz, 7001 MHz, 0x0000000000000000, 95.77 W, 2 %, 19086 MiB
2026/10/01 02:35:04.964, 975 MHz, 7001 MHz, 0x0000000000000000, 71.10 W, 2 %, 19086 MiB
2026/10/01 02:35:05.478, 877 MHz, 810 MHz, 0x0000000000000000, 50.46 W, 2 %, 19086 MiB
2026/10/01 02:35:05.991, 825 MHz, 810 MHz, 0x0000000000000000, 43.03 W, 2 %, 19086 MiB
2026/10/01 02:35:06.504, 757 MHz, 810 MHz, 0x0000000000000000, 39.99 W, 2 %, 19086 MiB
2026/10/01 02:35:07.014, 682 MHz, 810 MHz, 0x0000000000000000, 39.35 W, 6 %, 19278 MiB
2026/10/01 02:35:07.519, 1020 MHz, 810 MHz, 0x0000000000000000, 43.63 W, 2 %, 19278 MiB
2026/10/01 02:35:08.019, 1582 MHz, 13801 MHz, 0x0000000000000000, 55.84 W, 2 %, 22008 MiB
2026/10/01 02:35:08.531, 2872 MHz, 13801 MHz, 0x0000000000000000, 88.33 W, 2 %, 22434 MiB
2026/10/01 02:35:09.045, 2925 MHz, 13801 MHz, 0x0000000000000000, 105.72 W, 2 %, 22434 MiB
2026/10/01 02:35:09.561, 2925 MHz, 13801 MHz, 0x0000000000000000, 95.60 W, 2 %, 22434 MiB
2026/10/01 02:35:10.077, 2925 MHz, 13801 MHz, 0x0000000000000000, 95.61 W, 3 %, 22478 MiB
2026/10/01 02:35:10.590, 1657 MHz, 7001 MHz, 0x0000000000000000, 83.34 W, 2 %, 22460 MiB
2026/10/01 02:35:11.091, 1455 MHz, 7001 MHz, 0x0000000000000000, 67.26 W, 2 %, 22460 MiB
2026/10/01 02:35:11.592, 1492 MHz, 13801 MHz, 0x0000000000000000, 59.90 W, 4 %, 28244 MiB
2026/10/01 02:35:12.105, 2032 MHz, 13801 MHz, 0x0000000000000000, 59.24 W, 2 %, 28244 MiB
2026/10/01 02:35:12.619, 2032 MHz, 13801 MHz, 0x0000000000000000, 62.67 W, 2 %, 28312 MiB
2026/10/01 02:35:13.133, 2910 MHz, 13801 MHz, 0x0000000000000000, 133.32 W, 64 %, 28312 MiB
2026/10/01 02:35:13.634, 2805 MHz, 13801 MHz, 0x0000000000000000, 324.69 W, 74 %, 28322 MiB
2026/10/01 02:35:14.136, 2910 MHz, 13801 MHz, 0x0000000000000000, 338.33 W, 68 %, 28316 MiB
2026/10/01 02:35:14.649, 2917 MHz, 13801 MHz, 0x0000000000000000, 270.58 W, 56 %, 28316 MiB
2026/10/01 02:35:15.160, 2880 MHz, 13801 MHz, 0x0000000000000000, 283.76 W, 56 %, 28316 MiB
2026/10/01 02:35:15.660, 2880 MHz, 13801 MHz, 0x0000000000000000, 292.11 W, 70 %, 28318 MiB
2026/10/01 02:35:16.173, 2917 MHz, 13801 MHz, 0x0000000000000000, 224.48 W, 89 %, 28318 MiB
2026/10/01 02:35:16.688, 2902 MHz, 13801 MHz, 0x0000000000000000, 226.57 W, 82 %, 28318 MiB
2026/10/01 02:35:17.203, 2895 MHz, 13801 MHz, 0x0000000000000000, 275.02 W, 88 %, 28318 MiB
2026/10/01 02:35:17.715, 2887 MHz, 13801 MHz, 0x0000000000000000, 303.57 W, 90 %, 28570 MiB
2026/10/01 02:35:18.230, 2887 MHz, 13801 MHz, 0x0000000000000000, 314.92 W, 81 %, 29074 MiB
2026/10/01 02:35:18.735, 2872 MHz, 13801 MHz, 0x0000000000000000, 324.28 W, 90 %, 29802 MiB
2026/10/01 02:35:19.236, 2850 MHz, 13801 MHz, 0x0000000000000000, 344.12 W, 93 %, 30639 MiB
2026/10/01 02:35:19.752, 2812 MHz, 13801 MHz, 0x0000000000000000, 371.70 W, 76 %, 30638 MiB
2026/10/01 02:35:20.263, 2917 MHz, 13801 MHz, 0x0000000000000000, 273.57 W, 76 %, 30638 MiB
2026/10/01 02:35:20.779, 2910 MHz, 13801 MHz, 0x0000000000000000, 167.50 W, 80 %, 30638 MiB
2026/10/01 02:35:21.294, 2902 MHz, 13801 MHz, 0x0000000000000000, 223.73 W, 87 %, 30638 MiB
2026/10/01 02:35:21.810, 2902 MHz, 13801 MHz, 0x0000000000000000, 270.27 W, 82 %, 30638 MiB
2026/10/01 02:35:22.324, 2902 MHz, 13801 MHz, 0x0000000000000000, 290.73 W, 82 %, 30638 MiB
2026/10/01 02:35:22.839, 2895 MHz, 13801 MHz, 0x0000000000000000, 296.98 W, 82 %, 30638 MiB
2026/10/01 02:35:23.352, 2895 MHz, 13801 MHz, 0x0000000000000000, 300.79 W, 89 %, 30638 MiB
2026/10/01 02:35:23.852, 2887 MHz, 13801 MHz, 0x0000000000000000, 306.95 W, 84 %, 30638 MiB
2026/10/01 02:35:24.352, 2872 MHz, 13801 MHz, 0x0000000000000000, 316.26 W, 90 %, 30638 MiB
2026/10/01 02:35:24.853, 2872 MHz, 13801 MHz, 0x0000000000000000, 324.91 W, 84 %, 30638 MiB
2026/10/01 02:35:25.366, 2842 MHz, 13801 MHz, 0x0000000000000000, 346.96 W, 91 %, 30638 MiB
2026/10/01 02:35:25.868, 2835 MHz, 13801 MHz, 0x0000000000000000, 368.78 W, 91 %, 31040 MiB
2026/10/01 02:35:26.383, 2820 MHz, 13801 MHz, 0x0000000000000000, 384.35 W, 94 %, 31040 MiB
2026/10/01 02:35:26.897, 2782 MHz, 13801 MHz, 0x0000000000000000, 422.82 W, 91 %, 31040 MiB
2026/10/01 02:35:27.399, 2917 MHz, 13801 MHz, 0x0000000000000000, 316.01 W, 2 %, 30120 MiB
2026/10/01 02:35:27.900, 2910 MHz, 13801 MHz, 0x0000000000000000, 181.83 W, 20 %, 30144 MiB
2026/10/01 02:35:28.411, 2767 MHz, 13801 MHz, 0x0000000000000000, 152.62 W, 17 %, 30166 MiB
2026/10/01 02:35:28.912, 2497 MHz, 13801 MHz, 0x0000000000000000, 136.44 W, 16 %, 30220 MiB
2026/10/01 02:35:29.426, 2542 MHz, 13801 MHz, 0x0000000000000000, 124.94 W, 16 %, 30194 MiB
2026/10/01 02:35:29.928, 2587 MHz, 7001 MHz, 0x0000000000000000, 118.64 W, 18 %, 30234 MiB
2026/10/01 02:35:30.441, 2550 MHz, 7001 MHz, 0x0000000000000000, 113.38 W, 21 %, 30272 MiB
2026/10/01 02:35:30.956, 2482 MHz, 13801 MHz, 0x0000000000000000, 113.06 W, 16 %, 30310 MiB
2026/10/01 02:35:31.471, 2482 MHz, 7001 MHz, 0x0000000000000000, 109.16 W, 12 %, 30342 MiB
2026/10/01 02:35:31.972, 2445 MHz, 7001 MHz, 0x0000000000000000, 100.21 W, 10 %, 30400 MiB
2026/10/01 02:35:32.484, 1942 MHz, 7001 MHz, 0x0000000000000000, 84.42 W, 2 %, 30390 MiB
2026/10/01 02:35:32.996, 1387 MHz, 7001 MHz, 0x0000000000000000, 63.19 W, 2 %, 30412 MiB
2026/10/01 02:35:33.510, 1207 MHz, 7001 MHz, 0x0000000000000000, 48.54 W, 2 %, 30508 MiB
2026/10/01 02:35:34.024, 2445 MHz, 13801 MHz, 0x0000000000000000, 88.18 W, 16 %, 30868 MiB
2026/10/01 02:35:34.526, 2482 MHz, 13801 MHz, 0x0000000000000000, 131.53 W, 14 %, 30946 MiB
2026/10/01 02:35:35.027, 2452 MHz, 7001 MHz, 0x0000000000000000, 128.96 W, 14 %, 31048 MiB
2026/10/01 02:35:35.539, 2332 MHz, 7001 MHz, 0x0000000000000000, 117.71 W, 13 %, 31112 MiB
2026/10/01 02:35:36.052, 2212 MHz, 7001 MHz, 0x0000000000000000, 107.01 W, 13 %, 31168 MiB
2026/10/01 02:35:36.566, 2272 MHz, 7001 MHz, 0x0000000000000000, 100.72 W, 11 %, 31248 MiB
2026/10/01 02:35:37.067, 2287 MHz, 7001 MHz, 0x0000000000000000, 88.75 W, 2 %, 31296 MiB
2026/10/01 02:35:37.569, 1312 MHz, 7001 MHz, 0x0000000000000000, 69.42 W, 8 %, 31300 MiB
2026/10/01 02:35:38.085, 1522 MHz, 7001 MHz, 0x0000000000000000, 57.62 W, 8 %, 31768 MiB
2026/10/01 02:35:38.596, 1072 MHz, 7001 MHz, 0x0000000000000000, 54.52 W, 2 %, 31768 MiB
2026/10/01 02:35:39.099, 960 MHz, 7001 MHz, 0x0000000000000000, 46.65 W, 2 %, 31768 MiB
2026/10/01 02:35:39.614, 877 MHz, 7001 MHz, 0x0000000000000000, 46.24 W, 2 %, 31768 MiB
2026/10/01 02:35:40.128, 817 MHz, 810 MHz, 0x0000000000000000, 44.27 W, 3 %, 31776 MiB
2026/10/01 02:35:40.642, 765 MHz, 810 MHz, 0x0000000000000000, 41.33 W, 2 %, 31776 MiB
2026/10/01 02:35:41.155, 727 MHz, 810 MHz, 0x0000000000000000, 39.38 W, 2 %, 31768 MiB
2026/10/01 02:35:41.668, 697 MHz, 405 MHz, 0x0000000000000000, 39.43 W, 2 %, 31768 MiB
2026/10/01 02:35:42.169, 667 MHz, 405 MHz, 0x0000000000000000, 38.93 W, 2 %, 31768 MiB
2026/10/01 02:35:42.679, 705 MHz, 405 MHz, 0x0000000000000000, 38.40 W, 2 %, 31768 MiB
2026/10/01 02:35:43.194, 720 MHz, 405 MHz, 0x0000000000000000, 39.08 W, 2 %, 31768 MiB
2026/10/01 02:35:43.695, 697 MHz, 405 MHz, 0x0000000000000000, 39.77 W, 2 %, 31768 MiB
2026/10/01 02:35:44.205, 690 MHz, 405 MHz, 0x0000000000000000, 39.94 W, 2 %, 31768 MiB
2026/10/01 02:35:44.717, 675 MHz, 405 MHz, 0x0000000000000000, 40.00 W, 2 %, 31768 MiB
2026/10/01 02:35:45.230, 705 MHz, 405 MHz, 0x0000000000000000, 40.15 W, 2 %, 31768 MiB
2026/10/01 02:35:45.745, 712 MHz, 405 MHz, 0x0000000000000000, 40.51 W, 2 %, 31768 MiB
2026/10/01 02:35:46.256, 630 MHz, 405 MHz, 0x0000000000000000, 39.77 W, 2 %, 31768 MiB
2026/10/01 02:35:46.769, 615 MHz, 405 MHz, 0x0000000000000000, 38.88 W, 2 %, 31768 MiB
2026/10/01 02:35:47.279, 525 MHz, 405 MHz, 0x0000000000000000, 37.83 W, 2 %, 31768 MiB
2026/10/01 02:35:47.789, 607 MHz, 405 MHz, 0x0000000000000000, 36.83 W, 2 %, 31768 MiB
2026/10/01 02:35:48.300, 510 MHz, 405 MHz, 0x0000000000000000, 35.81 W, 2 %, 31768 MiB
2026/10/01 02:35:48.801, 480 MHz, 405 MHz, 0x0000000000000000, 34.62 W, 2 %, 31768 MiB
2026/10/01 02:35:49.314, 622 MHz, 405 MHz, 0x0000000000000000, 35.50 W, 2 %, 31768 MiB
2026/10/01 02:35:49.826, 570 MHz, 405 MHz, 0x0000000000000000, 36.58 W, 2 %, 31768 MiB
2026/10/01 02:35:50.337, 622 MHz, 405 MHz, 0x0000000000000000, 37.27 W, 2 %, 31768 MiB
2026/10/01 02:35:50.847, 652 MHz, 405 MHz, 0x0000000000000000, 38.22 W, 2 %, 31768 MiB
2026/10/01 02:35:51.358, 630 MHz, 405 MHz, 0x0000000000000000, 38.73 W, 2 %, 31768 MiB
2026/10/01 02:35:51.869, 682 MHz, 405 MHz, 0x0000000000000000, 39.02 W, 2 %, 31768 MiB
2026/10/01 02:35:52.380, 712 MHz, 405 MHz, 0x0000000000000000, 39.34 W, 2 %, 31768 MiB
2026/10/01 02:35:52.888, 592 MHz, 405 MHz, 0x0000000000000000, 37.97 W, 2 %, 31768 MiB
2026/10/01 02:35:53.401, 592 MHz, 405 MHz, 0x0000000000000000, 36.46 W, 2 %, 31768 MiB
2026/10/01 02:35:53.916, 697 MHz, 405 MHz, 0x0000000000000000, 37.64 W, 2 %, 31768 MiB
2026/10/01 02:35:54.417, 697 MHz, 405 MHz, 0x0000000000000000, 38.62 W, 2 %, 31768 MiB
2026/10/01 02:35:54.930, 682 MHz, 405 MHz, 0x0000000000000000, 38.71 W, 2 %, 31768 MiB
2026/10/01 02:35:55.444, 682 MHz, 405 MHz, 0x0000000000000000, 38.59 W, 2 %, 31768 MiB
2026/10/01 02:35:55.945, 720 MHz, 405 MHz, 0x0000000000000000, 38.83 W, 3 %, 31768 MiB
2026/10/01 02:35:56.456, 682 MHz, 13801 MHz, 0x0000000000000000, 46.07 W, 99 %, 31768 MiB
2026/10/01 02:35:56.969, 2445 MHz, 13801 MHz, 0x0000000000000000, 74.39 W, 2 %, 31768 MiB
2026/10/01 02:35:57.469, 2445 MHz, 13801 MHz, 0x0000000000000000, 83.76 W, 2 %, 31768 MiB
2026/10/01 02:35:57.973, 2467 MHz, 13801 MHz, 0x0000000000000000, 67.11 W, 2 %, 31768 MiB
2026/10/01 02:35:58.486, 1905 MHz, 7001 MHz, 0x0000000000000000, 63.74 W, 3 %, 31795 MiB
2026/10/01 02:35:59.001, 1042 MHz, 7001 MHz, 0x0000000000000000, 54.23 W, 2 %, 31798 MiB
2026/10/01 02:35:59.502, 922 MHz, 7001 MHz, 0x0000000000000000, 45.84 W, 2 %, 31798 MiB
2026/10/01 02:36:00.016, 840 MHz, 7001 MHz, 0x0000000000000000, 45.00 W, 2 %, 31797 MiB
2026/10/01 02:36:00.530, 840 MHz, 7001 MHz, 0x0000000000000000, 45.06 W, 2 %, 31824 MiB
2026/10/01 02:36:01.032, 757 MHz, 7001 MHz, 0x0000000000000000, 44.98 W, 2 %, 31830 MiB
2026/10/01 02:36:01.532, 705 MHz, 810 MHz, 0x0000000000000000, 43.24 W, 2 %, 31831 MiB
2026/10/01 02:36:02.047, 757 MHz, 810 MHz, 0x0000000000000000, 40.76 W, 2 %, 31828 MiB
2026/10/01 02:36:02.560, 795 MHz, 810 MHz, 0x0000000000000000, 39.66 W, 2 %, 31828 MiB
2026/10/01 02:36:03.074, 705 MHz, 810 MHz, 0x0000000000000000, 39.44 W, 2 %, 31828 MiB
2026/10/01 02:36:03.579, 675 MHz, 405 MHz, 0x0000000000000000, 38.48 W, 2 %, 31820 MiB
2026/10/01 02:36:04.093, 675 MHz, 405 MHz, 0x0000000000000000, 38.09 W, 2 %, 31820 MiB
2026/10/01 02:36:04.607, 705 MHz, 405 MHz, 0x0000000000000000, 38.19 W, 2 %, 31820 MiB
2026/10/01 02:36:05.107, 720 MHz, 405 MHz, 0x0000000000000000, 38.58 W, 2 %, 31820 MiB
2026/10/01 02:36:05.610, 615 MHz, 405 MHz, 0x0000000000000000, 37.76 W, 2 %, 31820 MiB
2026/10/01 02:36:06.124, 607 MHz, 405 MHz, 0x0000000000000000, 36.05 W, 2 %, 31803 MiB
2026/10/01 02:36:06.627, 645 MHz, 405 MHz, 0x0000000000000000, 36.38 W, 2 %, 31800 MiB
2026/10/01 02:36:07.142, 615 MHz, 405 MHz, 0x0000000000000000, 37.13 W, 2 %, 31800 MiB
2026/10/01 02:36:07.645, 622 MHz, 405 MHz, 0x0000000000000000, 37.06 W, 2 %, 31800 MiB
2026/10/01 02:36:08.147, 495 MHz, 405 MHz, 0x0000000000000000, 35.24 W, 2 %, 31800 MiB
2026/10/01 02:36:08.649, 540 MHz, 405 MHz, 0x0000000000000000, 34.76 W, 2 %, 31800 MiB
2026/10/01 02:36:09.165, 660 MHz, 405 MHz, 0x0000000000000000, 35.68 W, 2 %, 31800 MiB
2026/10/01 02:36:09.666, 652 MHz, 405 MHz, 0x0000000000000000, 36.66 W, 2 %, 31800 MiB
2026/10/01 02:36:10.168, 652 MHz, 405 MHz, 0x0000000000000000, 36.75 W, 2 %, 31800 MiB
2026/10/01 02:36:10.671, 615 MHz, 405 MHz, 0x0000000000000000, 36.64 W, 2 %, 31800 MiB
2026/10/01 02:36:11.184, 705 MHz, 405 MHz, 0x0000000000000000, 37.16 W, 2 %, 31800 MiB
2026/10/01 02:36:11.687, 660 MHz, 405 MHz, 0x0000000000000000, 38.06 W, 2 %, 31800 MiB
2026/10/01 02:36:12.187, 712 MHz, 405 MHz, 0x0000000000000000, 38.36 W, 2 %, 31800 MiB
2026/10/01 02:36:12.702, 682 MHz, 405 MHz, 0x0000000000000000, 37.89 W, 2 %, 31800 MiB
2026/10/01 02:36:13.216, 660 MHz, 405 MHz, 0x0000000000000000, 36.86 W, 2 %, 31800 MiB
2026/10/01 02:36:13.729, 705 MHz, 405 MHz, 0x0000000000000000, 36.78 W, 2 %, 31800 MiB
2026/10/01 02:36:14.233, 697 MHz, 405 MHz, 0x0000000000000000, 37.31 W, 2 %, 31800 MiB
2026/10/01 02:36:14.746, 705 MHz, 405 MHz, 0x0000000000000000, 37.49 W, 2 %, 31800 MiB
2026/10/01 02:36:15.261, 727 MHz, 405 MHz, 0x0000000000000000, 37.49 W, 2 %, 31800 MiB
2026/10/01 02:36:15.775, 705 MHz, 405 MHz, 0x0000000000000000, 37.35 W, 2 %, 31800 MiB
2026/10/01 02:36:16.289, 690 MHz, 405 MHz, 0x0000000000000000, 37.43 W, 2 %, 31800 MiB
2026/10/01 02:36:16.794, 705 MHz, 405 MHz, 0x0000000000000000, 37.49 W, 2 %, 31800 MiB
2026/10/01 02:36:17.307, 727 MHz, 405 MHz, 0x0000000000000000, 37.40 W, 2 %, 31800 MiB
2026/10/01 02:36:17.808, 697 MHz, 405 MHz, 0x0000000000000000, 37.09 W, 2 %, 31800 MiB
2026/10/01 02:36:18.323, 742 MHz, 405 MHz, 0x0000000000000000, 37.14 W, 2 %, 31800 MiB
2026/10/01 02:36:18.837, 630 MHz, 405 MHz, 0x0000000000000000, 36.49 W, 2 %, 31800 MiB
2026/10/01 02:36:19.352, 600 MHz, 405 MHz, 0x0000000000000000, 35.02 W, 2 %, 31800 MiB
2026/10/01 02:36:19.866, 592 MHz, 405 MHz, 0x0000000000000000, 34.59 W, 2 %, 31800 MiB
2026/10/01 02:36:20.380, 675 MHz, 405 MHz, 0x0000000000000000, 35.38 W, 2 %, 31800 MiB
2026/10/01 02:36:20.885, 607 MHz, 405 MHz, 0x0000000000000000, 36.00 W, 2 %, 31800 MiB
2026/10/01 02:36:21.396, 675 MHz, 405 MHz, 0x0000000000000000, 35.83 W, 2 %, 31800 MiB
2026/10/01 02:36:21.912, 592 MHz, 405 MHz, 0x0000000000000000, 35.50 W, 2 %, 31800 MiB
2026/10/01 02:36:22.427, 607 MHz, 405 MHz, 0x0000000000000000, 34.78 W, 2 %, 31808 MiB
2026/10/01 02:36:22.940, 600 MHz, 405 MHz, 0x0000000000000000, 34.75 W, 2 %, 31800 MiB
2026/10/01 02:36:23.453, 682 MHz, 405 MHz, 0x0000000000000000, 35.12 W, 2 %, 31800 MiB
2026/10/01 02:36:23.954, 690 MHz, 405 MHz, 0x0000000000000000, 35.66 W, 2 %, 31800 MiB
2026/10/01 02:36:24.456, 637 MHz, 405 MHz, 0x0000000000000000, 35.92 W, 2 %, 31800 MiB
2026/10/01 02:36:24.959, 645 MHz, 405 MHz, 0x0000000000000000, 36.02 W, 2 %, 31800 MiB
2026/10/01 02:36:25.473, 660 MHz, 405 MHz, 0x0000000000000000, 36.40 W, 2 %, 31800 MiB
2026/10/01 02:36:25.989, 660 MHz, 405 MHz, 0x0000000000000000, 36.20 W, 2 %, 31800 MiB
2026/10/01 02:36:26.504, 682 MHz, 405 MHz, 0x0000000000000000, 36.38 W, 2 %, 31800 MiB
2026/10/01 02:36:27.018, 690 MHz, 405 MHz, 0x0000000000000000, 36.60 W, 2 %, 31800 MiB
2026/10/01 02:36:27.519, 667 MHz, 405 MHz, 0x0000000000000000, 36.42 W, 2 %, 31800 MiB
2026/10/01 02:36:28.035, 667 MHz, 405 MHz, 0x0000000000000000, 35.61 W, 2 %, 31800 MiB
2026/10/01 02:36:28.538, 690 MHz, 405 MHz, 0x0000000000000000, 35.62 W, 2 %, 31800 MiB
2026/10/01 02:36:29.053, 510 MHz, 405 MHz, 0x0000000000000000, 34.52 W, 2 %, 31800 MiB
2026/10/01 02:36:29.557, 555 MHz, 405 MHz, 0x0000000000000000, 33.36 W, 2 %, 31800 MiB
2026/10/01 02:36:30.073, 592 MHz, 405 MHz, 0x0000000000000000, 33.96 W, 2 %, 31800 MiB
2026/10/01 02:36:30.575, 630 MHz, 405 MHz, 0x0000000000000000, 34.80 W, 2 %, 31800 MiB
2026/10/01 02:36:31.090, 675 MHz, 405 MHz, 0x0000000000000000, 35.53 W, 2 %, 31800 MiB
2026/10/01 02:36:31.605, 690 MHz, 405 MHz, 0x0000000000000000, 35.97 W, 2 %, 31800 MiB
2026/10/01 02:36:32.119, 592 MHz, 405 MHz, 0x0000000000000000, 35.22 W, 2 %, 31800 MiB
2026/10/01 02:36:32.620, 585 MHz, 405 MHz, 0x0000000000000000, 33.94 W, 2 %, 31800 MiB
2026/10/01 02:36:33.121, 652 MHz, 405 MHz, 0x0000000000000000, 33.95 W, 2 %, 31800 MiB
2026/10/01 02:36:33.634, 652 MHz, 405 MHz, 0x0000000000000000, 35.12 W, 2 %, 31800 MiB
2026/10/01 02:36:34.135, 622 MHz, 405 MHz, 0x0000000000000000, 35.40 W, 2 %, 31800 MiB
2026/10/01 02:36:34.648, 697 MHz, 405 MHz, 0x0000000000000000, 35.35 W, 2 %, 31800 MiB
2026/10/01 02:36:35.162, 667 MHz, 405 MHz, 0x0000000000000000, 35.42 W, 2 %, 31800 MiB
2026/10/01 02:36:35.662, 705 MHz, 405 MHz, 0x0000000000000000, 35.39 W, 2 %, 31800 MiB
2026/10/01 02:36:36.176, 705 MHz, 405 MHz, 0x0000000000000000, 35.80 W, 2 %, 31800 MiB
2026/10/01 02:36:36.681, 667 MHz, 405 MHz, 0x0000000000000000, 35.58 W, 2 %, 31800 MiB
2026/10/01 02:36:37.198, 690 MHz, 405 MHz, 0x0000000000000000, 35.78 W, 2 %, 31800 MiB
2026/10/01 02:36:37.699, 705 MHz, 405 MHz, 0x0000000000000000, 36.12 W, 2 %, 31800 MiB
2026/10/01 02:36:38.200, 705 MHz, 405 MHz, 0x0000000000000000, 36.46 W, 2 %, 31800 MiB
2026/10/01 02:36:38.705, 705 MHz, 405 MHz, 0x0000000000000000, 36.88 W, 2 %, 31800 MiB
2026/10/01 02:36:39.209, 712 MHz, 405 MHz, 0x0000000000000000, 36.88 W, 2 %, 31800 MiB
2026/10/01 02:36:39.709, 682 MHz, 405 MHz, 0x0000000000000000, 36.22 W, 2 %, 31800 MiB
2026/10/01 02:36:40.223, 667 MHz, 405 MHz, 0x0000000000000000, 35.87 W, 2 %, 31800 MiB
2026/10/01 02:36:40.736, 667 MHz, 405 MHz, 0x0000000000000000, 35.96 W, 2 %, 31800 MiB
2026/10/01 02:36:41.250, 705 MHz, 405 MHz, 0x0000000000000000, 36.21 W, 2 %, 31800 MiB
2026/10/01 02:36:41.764, 720 MHz, 405 MHz, 0x0000000000000000, 36.65 W, 2 %, 31800 MiB
2026/10/01 02:36:42.279, 742 MHz, 405 MHz, 0x0000000000000000, 36.69 W, 2 %, 31800 MiB
2026/10/01 02:36:42.791, 600 MHz, 405 MHz, 0x0000000000000000, 35.21 W, 2 %, 31800 MiB
2026/10/01 02:36:43.304, 585 MHz, 405 MHz, 0x0000000000000000, 34.05 W, 2 %, 31805 MiB
2026/10/01 02:36:43.817, 600 MHz, 405 MHz, 0x0000000000000000, 34.36 W, 2 %, 31805 MiB
2026/10/01 02:36:44.332, 592 MHz, 405 MHz, 0x0000000000000000, 34.52 W, 2 %, 31800 MiB
2026/10/01 02:36:44.848, 637 MHz, 405 MHz, 0x0000000000000000, 34.94 W, 2 %, 31800 MiB
2026/10/01 02:36:45.363, 592 MHz, 405 MHz, 0x0000000000000000, 34.73 W, 2 %, 31800 MiB
2026/10/01 02:36:45.879, 607 MHz, 405 MHz, 0x0000000000000000, 34.23 W, 2 %, 31800 MiB
2026/10/01 02:36:46.390, 592 MHz, 405 MHz, 0x0000000000000000, 34.10 W, 2 %, 31800 MiB
2026/10/01 02:36:46.890, 592 MHz, 405 MHz, 0x0000000000000000, 34.02 W, 2 %, 31800 MiB
2026/10/01 02:36:47.401, 600 MHz, 405 MHz, 0x0000000000000000, 34.16 W, 2 %, 31800 MiB
2026/10/01 02:36:47.917, 592 MHz, 405 MHz, 0x0000000000000000, 34.26 W, 2 %, 31800 MiB
2026/10/01 02:36:48.427, 577 MHz, 405 MHz, 0x0000000000000000, 33.85 W, 2 %, 31800 MiB
2026/10/01 02:36:48.935, 2925 MHz, 13801 MHz, 0x0000000000000000, 209.90 W, 93 %, 31800 MiB
2026/10/01 02:36:49.443, 2925 MHz, 13801 MHz, 0x0000000000000000, 341.86 W, 94 %, 31800 MiB
2026/10/01 02:36:49.950, 2925 MHz, 13801 MHz, 0x0000000000000000, 344.38 W, 79 %, 31800 MiB
2026/10/01 02:36:50.456, 2925 MHz, 13801 MHz, 0x0000000000000000, 348.04 W, 93 %, 31800 MiB
2026/10/01 02:36:50.962, 2925 MHz, 13801 MHz, 0x0000000000000000, 350.26 W, 95 %, 31800 MiB
2026/10/01 02:36:51.467, 2925 MHz, 13801 MHz, 0x0000000000000000, 348.97 W, 94 %, 31800 MiB
2026/10/01 02:36:51.974, 2925 MHz, 13801 MHz, 0x0000000000000000, 348.29 W, 95 %, 31800 MiB
2026/10/01 02:36:52.482, 2925 MHz, 13801 MHz, 0x0000000000000000, 348.53 W, 79 %, 31800 MiB
2026/10/01 02:36:52.990, 2910 MHz, 13801 MHz, 0x0000000000000000, 350.63 W, 95 %, 31800 MiB
2026/10/01 02:36:53.497, 2910 MHz, 13801 MHz, 0x0000000000000000, 350.79 W, 95 %, 31800 MiB
2026/10/01 02:36:54.006, 2910 MHz, 13801 MHz, 0x0000000000000000, 348.44 W, 95 %, 31800 MiB
2026/10/01 02:36:54.515, 2910 MHz, 13801 MHz, 0x0000000000000000, 349.47 W, 95 %, 31800 MiB
2026/10/01 02:36:55.022, 2910 MHz, 13801 MHz, 0x0000000000000000, 352.05 W, 95 %, 31800 MiB
2026/10/01 02:36:55.529, 2910 MHz, 13801 MHz, 0x0000000000000000, 351.85 W, 95 %, 31800 MiB
2026/10/01 02:36:56.036, 2910 MHz, 13801 MHz, 0x0000000000000000, 349.61 W, 95 %, 31800 MiB
2026/10/01 02:36:56.544, 2910 MHz, 13801 MHz, 0x0000000000000000, 348.50 W, 95 %, 31800 MiB
2026/10/01 02:36:57.051, 2910 MHz, 13801 MHz, 0x0000000000000000, 348.64 W, 83 %, 31800 MiB
2026/10/01 02:36:57.560, 2910 MHz, 13801 MHz, 0x0000000000000000, 351.94 W, 95 %, 31800 MiB
2026/10/01 02:36:58.071, 2910 MHz, 13801 MHz, 0x0000000000000000, 349.30 W, 83 %, 31800 MiB
2026/10/01 02:36:58.580, 2910 MHz, 13801 MHz, 0x0000000000000000, 351.02 W, 95 %, 31800 MiB
2026/10/01 02:36:59.090, 2910 MHz, 13801 MHz, 0x0000000000000000, 348.55 W, 78 %, 31800 MiB
2026/10/01 02:36:59.598, 2910 MHz, 13801 MHz, 0x0000000000000000, 349.00 W, 80 %, 31800 MiB
2026/10/01 02:37:00.105, 2910 MHz, 13801 MHz, 0x0000000000000000, 351.51 W, 95 %, 31800 MiB
2026/10/01 02:37:00.614, 2910 MHz, 13801 MHz, 0x0000000000000000, 350.68 W, 95 %, 31800 MiB
2026/10/01 02:37:01.120, 2910 MHz, 13801 MHz, 0x0000000000000000, 349.72 W, 95 %, 31800 MiB
2026/10/01 02:37:01.629, 2910 MHz, 13801 MHz, 0x0000000000000000, 352.07 W, 95 %, 31800 MiB
2026/10/01 02:37:02.133, 2910 MHz, 13801 MHz, 0x0000000000000000, 351.56 W, 80 %, 31800 MiB
2026/10/01 02:37:02.640, 2910 MHz, 13801 MHz, 0x0000000000000000, 353.90 W, 95 %, 31800 MiB
2026/10/01 02:37:03.147, 2910 MHz, 13801 MHz, 0x0000000000000000, 351.71 W, 94 %, 31800 MiB
2026/10/01 02:37:03.651, 2910 MHz, 13801 MHz, 0x0000000000000000, 351.80 W, 95 %, 31800 MiB
2026/10/01 02:37:04.158, 2910 MHz, 13801 MHz, 0x0000000000000000, 351.68 W, 95 %, 31808 MiB
2026/10/01 02:37:04.664, 2910 MHz, 13801 MHz, 0x0000000000000000, 351.12 W, 95 %, 31808 MiB
2026/10/01 02:37:05.173, 2910 MHz, 13801 MHz, 0x0000000000000000, 352.76 W, 89 %, 31800 MiB
2026/10/01 02:37:05.677, 2910 MHz, 13801 MHz, 0x0000000000000000, 352.80 W, 95 %, 31800 MiB
2026/10/01 02:37:06.185, 2910 MHz, 13801 MHz, 0x0000000000000000, 350.69 W, 95 %, 31800 MiB
2026/10/01 02:37:06.694, 2910 MHz, 13801 MHz, 0x0000000000000000, 351.88 W, 80 %, 31800 MiB
2026/10/01 02:37:07.202, 2910 MHz, 13801 MHz, 0x0000000000000000, 353.10 W, 82 %, 31800 MiB
2026/10/01 02:37:07.707, 2910 MHz, 13801 MHz, 0x0000000000000000, 353.48 W, 95 %, 31800 MiB
2026/10/01 02:37:08.216, 2910 MHz, 13801 MHz, 0x0000000000000000, 352.93 W, 79 %, 31800 MiB
2026/10/01 02:37:08.723, 2910 MHz, 13801 MHz, 0x0000000000000000, 350.36 W, 95 %, 31800 MiB
2026/10/01 02:37:09.230, 2910 MHz, 13801 MHz, 0x0000000000000000, 348.77 W, 78 %, 31800 MiB
2026/10/01 02:37:09.738, 2910 MHz, 13801 MHz, 0x0000000000000000, 354.34 W, 95 %, 31800 MiB
2026/10/01 02:37:10.248, 2910 MHz, 13801 MHz, 0x0000000000000000, 351.68 W, 95 %, 31800 MiB
2026/10/01 02:37:10.752, 2910 MHz, 13801 MHz, 0x0000000000000000, 351.42 W, 94 %, 31800 MiB
2026/10/01 02:37:11.261, 2910 MHz, 13801 MHz, 0x0000000000000000, 354.98 W, 95 %, 31800 MiB
2026/10/01 02:37:11.769, 2910 MHz, 13801 MHz, 0x0000000000000000, 355.21 W, 94 %, 31800 MiB
2026/10/01 02:37:12.279, 2910 MHz, 13801 MHz, 0x0000000000000000, 350.74 W, 87 %, 31800 MiB
2026/10/01 02:37:12.787, 2910 MHz, 13801 MHz, 0x0000000000000000, 354.41 W, 95 %, 31800 MiB
2026/10/01 02:37:13.294, 2910 MHz, 13801 MHz, 0x0000000000000000, 354.42 W, 91 %, 31800 MiB
2026/10/01 02:37:13.797, 2910 MHz, 13801 MHz, 0x0000000000000000, 355.02 W, 94 %, 31800 MiB
2026/10/01 02:37:14.305, 2910 MHz, 13801 MHz, 0x0000000000000000, 353.80 W, 74 %, 31800 MiB
2026/10/01 02:37:14.812, 2910 MHz, 13801 MHz, 0x0000000000000000, 352.49 W, 81 %, 31800 MiB
2026/10/01 02:37:15.321, 2910 MHz, 13801 MHz, 0x0000000000000000, 353.57 W, 95 %, 31800 MiB
2026/10/01 02:37:15.826, 2910 MHz, 13801 MHz, 0x0000000000000000, 354.29 W, 95 %, 31800 MiB
2026/10/01 02:37:16.335, 2910 MHz, 13801 MHz, 0x0000000000000000, 354.23 W, 92 %, 31800 MiB
2026/10/01 02:37:16.842, 2910 MHz, 13801 MHz, 0x0000000000000000, 357.97 W, 95 %, 31800 MiB
2026/10/01 02:37:17.349, 2910 MHz, 13801 MHz, 0x0000000000000000, 356.70 W, 94 %, 31800 MiB
2026/10/01 02:37:17.857, 2910 MHz, 13801 MHz, 0x0000000000000000, 356.74 W, 95 %, 31800 MiB
2026/10/01 02:37:18.366, 2910 MHz, 13801 MHz, 0x0000000000000000, 356.46 W, 95 %, 31800 MiB
2026/10/01 02:37:18.872, 2910 MHz, 13801 MHz, 0x0000000000000000, 354.25 W, 95 %, 31800 MiB
2026/10/01 02:37:19.379, 2910 MHz, 13801 MHz, 0x0000000000000000, 354.37 W, 78 %, 31800 MiB
2026/10/01 02:37:19.889, 2910 MHz, 13801 MHz, 0x0000000000000000, 356.57 W, 94 %, 31800 MiB
2026/10/01 02:37:20.396, 2910 MHz, 13801 MHz, 0x0000000000000000, 357.17 W, 95 %, 31800 MiB
2026/10/01 02:37:20.901, 2910 MHz, 13801 MHz, 0x0000000000000000, 354.53 W, 94 %, 31800 MiB
2026/10/01 02:37:21.409, 2910 MHz, 13801 MHz, 0x0000000000000000, 354.10 W, 94 %, 31800 MiB
2026/10/01 02:37:21.915, 2910 MHz, 13801 MHz, 0x0000000000000000, 354.75 W, 89 %, 31800 MiB
2026/10/01 02:37:22.422, 2910 MHz, 13801 MHz, 0x0000000000000000, 357.33 W, 95 %, 31800 MiB
2026/10/01 02:37:22.930, 2910 MHz, 13801 MHz, 0x0000000000000000, 356.37 W, 95 %, 31800 MiB
2026/10/01 02:37:23.437, 2910 MHz, 13801 MHz, 0x0000000000000000, 353.20 W, 95 %, 31800 MiB
2026/10/01 02:37:23.945, 2910 MHz, 13801 MHz, 0x0000000000000000, 356.14 W, 94 %, 31800 MiB
2026/10/01 02:37:24.452, 2910 MHz, 13801 MHz, 0x0000000000000000, 354.51 W, 71 %, 31800 MiB
2026/10/01 02:37:24.959, 2910 MHz, 13801 MHz, 0x0000000000000000, 354.82 W, 94 %, 31800 MiB
2026/10/01 02:37:25.465, 2910 MHz, 13801 MHz, 0x0000000000000000, 346.42 W, 94 %, 31800 MiB
2026/10/01 02:37:25.974, 2910 MHz, 13801 MHz, 0x0000000000000000, 339.86 W, 95 %, 31805 MiB
2026/10/01 02:37:26.481, 2910 MHz, 13801 MHz, 0x0000000000000000, 346.17 W, 76 %, 31805 MiB
2026/10/01 02:37:26.987, 2910 MHz, 13801 MHz, 0x0000000000000000, 358.39 W, 95 %, 31800 MiB
2026/10/01 02:37:27.493, 2910 MHz, 13801 MHz, 0x0000000000000000, 356.92 W, 81 %, 31800 MiB
2026/10/01 02:37:28.001, 2910 MHz, 13801 MHz, 0x0000000000000000, 353.22 W, 86 %, 31800 MiB
2026/10/01 02:37:28.507, 2910 MHz, 13801 MHz, 0x0000000000000000, 356.08 W, 94 %, 31800 MiB
2026/10/01 02:37:29.013, 2910 MHz, 13801 MHz, 0x0000000000000000, 355.86 W, 95 %, 31800 MiB
2026/10/01 02:37:29.521, 2910 MHz, 13801 MHz, 0x0000000000000000, 355.80 W, 95 %, 31800 MiB
2026/10/01 02:37:30.029, 2910 MHz, 13801 MHz, 0x0000000000000000, 356.86 W, 95 %, 31800 MiB
2026/10/01 02:37:30.536, 2910 MHz, 13801 MHz, 0x0000000000000000, 361.17 W, 95 %, 31800 MiB
2026/10/01 02:37:31.042, 2910 MHz, 13801 MHz, 0x0000000000000000, 361.77 W, 95 %, 31800 MiB
2026/10/01 02:37:31.551, 2910 MHz, 13801 MHz, 0x0000000000000000, 358.57 W, 95 %, 31800 MiB
2026/10/01 02:37:32.057, 2910 MHz, 13801 MHz, 0x0000000000000000, 360.38 W, 95 %, 31800 MiB
2026/10/01 02:37:32.564, 2910 MHz, 13801 MHz, 0x0000000000000000, 361.95 W, 95 %, 31800 MiB
2026/10/01 02:37:33.071, 2910 MHz, 13801 MHz, 0x0000000000000000, 360.10 W, 95 %, 31800 MiB
2026/10/01 02:37:33.577, 2910 MHz, 13801 MHz, 0x0000000000000000, 361.79 W, 95 %, 31800 MiB
2026/10/01 02:37:34.084, 2910 MHz, 13801 MHz, 0x0000000000000000, 358.70 W, 95 %, 31800 MiB
2026/10/01 02:37:34.590, 2910 MHz, 13801 MHz, 0x0000000000000000, 356.39 W, 80 %, 31800 MiB
2026/10/01 02:37:35.098, 2910 MHz, 13801 MHz, 0x0000000000000000, 361.61 W, 95 %, 31800 MiB
2026/10/01 02:37:35.605, 2910 MHz, 13801 MHz, 0x0000000000000000, 360.69 W, 83 %, 31800 MiB
2026/10/01 02:37:36.114, 2910 MHz, 13801 MHz, 0x0000000000000000, 360.94 W, 95 %, 31800 MiB
2026/10/01 02:37:36.622, 2910 MHz, 13801 MHz, 0x0000000000000000, 358.79 W, 95 %, 31800 MiB
2026/10/01 02:37:37.127, 2910 MHz, 13801 MHz, 0x0000000000000000, 357.79 W, 78 %, 31800 MiB
2026/10/01 02:37:37.634, 2910 MHz, 13801 MHz, 0x0000000000000000, 360.06 W, 95 %, 31800 MiB
2026/10/01 02:37:38.141, 2910 MHz, 13801 MHz, 0x0000000000000000, 359.72 W, 94 %, 31800 MiB
2026/10/01 02:37:38.652, 2910 MHz, 13801 MHz, 0x0000000000000000, 356.45 W, 94 %, 31800 MiB
2026/10/01 02:37:39.163, 2910 MHz, 13801 MHz, 0x0000000000000000, 355.19 W, 94 %, 31800 MiB
2026/10/01 02:37:39.668, 2910 MHz, 13801 MHz, 0x0000000000000000, 358.02 W, 95 %, 31800 MiB
2026/10/01 02:37:40.175, 2910 MHz, 13801 MHz, 0x0000000000000000, 358.45 W, 94 %, 31800 MiB
2026/10/01 02:37:40.682, 2910 MHz, 13801 MHz, 0x0000000000000000, 355.67 W, 95 %, 31800 MiB
2026/10/01 02:37:41.190, 2910 MHz, 13801 MHz, 0x0000000000000000, 356.05 W, 95 %, 31800 MiB
2026/10/01 02:37:41.696, 2910 MHz, 13801 MHz, 0x0000000000000000, 360.07 W, 94 %, 31800 MiB
2026/10/01 02:37:42.201, 2910 MHz, 13801 MHz, 0x0000000000000000, 360.12 W, 91 %, 31800 MiB
2026/10/01 02:37:42.707, 2910 MHz, 13801 MHz, 0x0000000000000000, 353.23 W, 95 %, 31800 MiB
2026/10/01 02:37:43.215, 2910 MHz, 13801 MHz, 0x0000000000000000, 353.47 W, 79 %, 31800 MiB
2026/10/01 02:37:43.721, 2910 MHz, 13801 MHz, 0x0000000000000000, 360.18 W, 95 %, 31800 MiB
2026/10/01 02:37:44.229, 2910 MHz, 13801 MHz, 0x0000000000000000, 359.44 W, 94 %, 31800 MiB
2026/10/01 02:37:44.736, 2910 MHz, 13801 MHz, 0x0000000000000000, 359.95 W, 95 %, 31800 MiB
2026/10/01 02:37:45.243, 2910 MHz, 13801 MHz, 0x0000000000000000, 360.92 W, 95 %, 31800 MiB
2026/10/01 02:37:45.750, 2910 MHz, 13801 MHz, 0x0000000000000000, 358.82 W, 95 %, 31800 MiB
2026/10/01 02:37:46.260, 2910 MHz, 13801 MHz, 0x0000000000000000, 355.83 W, 95 %, 31800 MiB
2026/10/01 02:37:46.765, 2910 MHz, 13801 MHz, 0x0000000000000000, 354.23 W, 95 %, 31800 MiB
2026/10/01 02:37:47.271, 2910 MHz, 13801 MHz, 0x0000000000000000, 356.41 W, 86 %, 31807 MiB
2026/10/01 02:37:47.778, 2910 MHz, 13801 MHz, 0x0000000000000000, 357.37 W, 91 %, 31800 MiB
2026/10/01 02:37:48.289, 2910 MHz, 13801 MHz, 0x0000000000000000, 357.10 W, 93 %, 31800 MiB
2026/10/01 02:37:48.797, 2910 MHz, 13801 MHz, 0x0000000000000000, 358.41 W, 95 %, 31800 MiB
2026/10/01 02:37:49.306, 2910 MHz, 13801 MHz, 0x0000000000000000, 359.96 W, 79 %, 31800 MiB
2026/10/01 02:37:49.816, 2910 MHz, 13801 MHz, 0x0000000000000000, 362.20 W, 95 %, 31800 MiB
2026/10/01 02:37:50.323, 2910 MHz, 13801 MHz, 0x0000000000000000, 359.39 W, 94 %, 31800 MiB
2026/10/01 02:37:50.830, 2910 MHz, 13801 MHz, 0x0000000000000000, 361.18 W, 93 %, 31800 MiB
2026/10/01 02:37:51.338, 2910 MHz, 13801 MHz, 0x0000000000000000, 361.62 W, 95 %, 31800 MiB
2026/10/01 02:37:51.847, 2910 MHz, 13801 MHz, 0x0000000000000000, 360.12 W, 95 %, 31800 MiB
2026/10/01 02:37:52.354, 2910 MHz, 13801 MHz, 0x0000000000000000, 363.06 W, 95 %, 31800 MiB
2026/10/01 02:37:52.859, 2910 MHz, 13801 MHz, 0x0000000000000000, 361.26 W, 94 %, 31800 MiB
2026/10/01 02:37:53.366, 2910 MHz, 13801 MHz, 0x0000000000000000, 351.35 W, 95 %, 31800 MiB
2026/10/01 02:37:53.874, 2910 MHz, 13801 MHz, 0x0000000000000000, 351.61 W, 95 %, 31800 MiB
2026/10/01 02:37:54.381, 2910 MHz, 13801 MHz, 0x0000000000000000, 360.90 W, 94 %, 31800 MiB
2026/10/01 02:37:54.887, 2910 MHz, 13801 MHz, 0x0000000000000000, 361.54 W, 95 %, 31800 MiB
2026/10/01 02:37:55.392, 2910 MHz, 13801 MHz, 0x0000000000000000, 359.22 W, 79 %, 31800 MiB
2026/10/01 02:37:55.901, 2910 MHz, 13801 MHz, 0x0000000000000000, 360.05 W, 78 %, 31800 MiB
2026/10/01 02:37:56.409, 2910 MHz, 13801 MHz, 0x0000000000000000, 359.29 W, 83 %, 31800 MiB
2026/10/01 02:37:56.917, 2910 MHz, 13801 MHz, 0x0000000000000000, 359.11 W, 94 %, 31800 MiB
2026/10/01 02:37:57.425, 2910 MHz, 13801 MHz, 0x0000000000000000, 361.26 W, 95 %, 31800 MiB
2026/10/01 02:37:57.933, 2910 MHz, 13801 MHz, 0x0000000000000000, 362.01 W, 95 %, 31800 MiB
2026/10/01 02:37:58.440, 2910 MHz, 13801 MHz, 0x0000000000000000, 359.97 W, 95 %, 31800 MiB
2026/10/01 02:37:58.947, 2910 MHz, 13801 MHz, 0x0000000000000000, 359.56 W, 86 %, 31800 MiB
2026/10/01 02:37:59.452, 2910 MHz, 13801 MHz, 0x0000000000000000, 358.00 W, 94 %, 31800 MiB
2026/10/01 02:37:59.960, 2910 MHz, 13801 MHz, 0x0000000000000000, 358.64 W, 95 %, 31800 MiB
2026/10/01 02:38:00.468, 2910 MHz, 13801 MHz, 0x0000000000000000, 357.58 W, 79 %, 31800 MiB
2026/10/01 02:38:00.977, 2910 MHz, 13801 MHz, 0x0000000000000000, 360.33 W, 94 %, 31800 MiB
2026/10/01 02:38:01.486, 2910 MHz, 13801 MHz, 0x0000000000000000, 359.63 W, 95 %, 31800 MiB
2026/10/01 02:38:01.992, 2910 MHz, 13801 MHz, 0x0000000000000000, 358.98 W, 95 %, 31800 MiB
2026/10/01 02:38:02.499, 2910 MHz, 13801 MHz, 0x0000000000000000, 358.16 W, 95 %, 31800 MiB
2026/10/01 02:38:03.005, 2910 MHz, 13801 MHz, 0x0000000000000000, 362.06 W, 95 %, 31800 MiB
2026/10/01 02:38:03.514, 2910 MHz, 13801 MHz, 0x0000000000000000, 363.23 W, 95 %, 31800 MiB
2026/10/01 02:38:04.022, 2910 MHz, 13801 MHz, 0x0000000000000000, 360.24 W, 95 %, 31800 MiB
2026/10/01 02:38:04.531, 2910 MHz, 13801 MHz, 0x0000000000000000, 360.14 W, 95 %, 31800 MiB
2026/10/01 02:38:05.040, 2910 MHz, 13801 MHz, 0x0000000000000000, 362.35 W, 95 %, 31800 MiB
2026/10/01 02:38:05.551, 2910 MHz, 13801 MHz, 0x0000000000000000, 362.20 W, 95 %, 31800 MiB
2026/10/01 02:38:06.058, 2910 MHz, 13801 MHz, 0x0000000000000000, 359.03 W, 95 %, 31800 MiB
2026/10/01 02:38:06.565, 2910 MHz, 13801 MHz, 0x0000000000000000, 361.30 W, 95 %, 31800 MiB
2026/10/01 02:38:07.073, 2910 MHz, 13801 MHz, 0x0000000000000000, 360.27 W, 95 %, 31800 MiB
2026/10/01 02:38:07.580, 2910 MHz, 13801 MHz, 0x0000000000000000, 359.69 W, 95 %, 31800 MiB
2026/10/01 02:38:08.087, 2910 MHz, 13801 MHz, 0x0000000000000000, 358.59 W, 95 %, 31800 MiB
2026/10/01 02:38:08.594, 2910 MHz, 13801 MHz, 0x0000000000000000, 351.51 W, 94 %, 31807 MiB
2026/10/01 02:38:09.102, 2910 MHz, 13801 MHz, 0x0000000000000000, 353.21 W, 85 %, 31800 MiB
2026/10/01 02:38:09.611, 2910 MHz, 13801 MHz, 0x0000000000000000, 361.70 W, 95 %, 31800 MiB
2026/10/01 02:38:10.119, 2910 MHz, 13801 MHz, 0x0000000000000000, 361.80 W, 82 %, 31800 MiB
2026/10/01 02:38:10.626, 2910 MHz, 13801 MHz, 0x0000000000000000, 362.21 W, 95 %, 31800 MiB
2026/10/01 02:38:11.132, 2910 MHz, 13801 MHz, 0x0000000000000000, 362.02 W, 95 %, 31800 MiB
2026/10/01 02:38:11.636, 2910 MHz, 13801 MHz, 0x0000000000000000, 361.58 W, 94 %, 31800 MiB
2026/10/01 02:38:12.144, 2910 MHz, 13801 MHz, 0x0000000000000000, 361.92 W, 94 %, 31800 MiB
2026/10/01 02:38:12.649, 2910 MHz, 13801 MHz, 0x0000000000000000, 363.15 W, 94 %, 31800 MiB
2026/10/01 02:38:13.156, 2910 MHz, 13801 MHz, 0x0000000000000000, 360.24 W, 80 %, 31800 MiB
2026/10/01 02:38:13.663, 2902 MHz, 13801 MHz, 0x0000000000000000, 360.42 W, 95 %, 31800 MiB
2026/10/01 02:38:14.169, 2895 MHz, 13801 MHz, 0x0000000000000000, 360.87 W, 94 %, 31800 MiB
2026/10/01 02:38:14.679, 2902 MHz, 13801 MHz, 0x0000000000000000, 360.15 W, 80 %, 31800 MiB
2026/10/01 02:38:15.187, 2902 MHz, 13801 MHz, 0x0000000000000000, 363.20 W, 95 %, 31800 MiB
2026/10/01 02:38:15.694, 2902 MHz, 13801 MHz, 0x0000000000000000, 362.01 W, 95 %, 31800 MiB
2026/10/01 02:38:16.200, 2902 MHz, 13801 MHz, 0x0000000000000000, 361.45 W, 94 %, 31800 MiB
2026/10/01 02:38:16.709, 2895 MHz, 13801 MHz, 0x0000000000000000, 363.04 W, 95 %, 31800 MiB
2026/10/01 02:38:17.218, 2910 MHz, 13801 MHz, 0x0000000000000000, 362.11 W, 94 %, 31800 MiB
2026/10/01 02:38:17.722, 2910 MHz, 13801 MHz, 0x0000000000000000, 358.76 W, 95 %, 31800 MiB
2026/10/01 02:38:18.229, 2910 MHz, 13801 MHz, 0x0000000000000000, 359.11 W, 95 %, 31800 MiB
2026/10/01 02:38:18.738, 2910 MHz, 13801 MHz, 0x0000000000000000, 362.62 W, 94 %, 31800 MiB
2026/10/01 02:38:19.245, 2910 MHz, 13801 MHz, 0x0000000000000000, 362.70 W, 95 %, 31800 MiB
2026/10/01 02:38:19.754, 2910 MHz, 13801 MHz, 0x0000000000000000, 358.69 W, 95 %, 31800 MiB
2026/10/01 02:38:20.260, 2910 MHz, 13801 MHz, 0x0000000000000000, 356.63 W, 88 %, 31800 MiB
2026/10/01 02:38:20.768, 2910 MHz, 13801 MHz, 0x0000000000000000, 360.16 W, 94 %, 31800 MiB
2026/10/01 02:38:21.275, 2910 MHz, 13801 MHz, 0x0000000000000000, 361.08 W, 94 %, 31800 MiB
2026/10/01 02:38:21.780, 2910 MHz, 13801 MHz, 0x0000000000000000, 362.50 W, 95 %, 31800 MiB
2026/10/01 02:38:22.285, 2910 MHz, 13801 MHz, 0x0000000000000000, 362.37 W, 95 %, 31800 MiB
2026/10/01 02:38:22.794, 2910 MHz, 13801 MHz, 0x0000000000000000, 362.09 W, 95 %, 31800 MiB
2026/10/01 02:38:23.301, 2910 MHz, 13801 MHz, 0x0000000000000000, 357.65 W, 94 %, 31800 MiB
2026/10/01 02:38:23.807, 2910 MHz, 13801 MHz, 0x0000000000000000, 354.73 W, 95 %, 31800 MiB
2026/10/01 02:38:24.312, 2910 MHz, 13801 MHz, 0x0000000000000000, 358.88 W, 79 %, 31800 MiB
2026/10/01 02:38:24.821, 2910 MHz, 13801 MHz, 0x0000000000000000, 362.33 W, 95 %, 31800 MiB
2026/10/01 02:38:25.330, 2910 MHz, 13801 MHz, 0x0000000000000000, 359.24 W, 95 %, 31800 MiB
2026/10/01 02:38:25.837, 2910 MHz, 13801 MHz, 0x0000000000000000, 362.11 W, 95 %, 31800 MiB
2026/10/01 02:38:26.345, 2910 MHz, 13801 MHz, 0x0000000000000000, 363.55 W, 94 %, 31800 MiB
2026/10/01 02:38:26.852, 2910 MHz, 13801 MHz, 0x0000000000000000, 359.88 W, 77 %, 31800 MiB
2026/10/01 02:38:27.358, 2910 MHz, 13801 MHz, 0x0000000000000000, 361.04 W, 95 %, 31800 MiB
2026/10/01 02:38:27.866, 2902 MHz, 13801 MHz, 0x0000000000000000, 359.10 W, 93 %, 31800 MiB
2026/10/01 02:38:28.374, 2895 MHz, 13801 MHz, 0x0000000000000000, 360.31 W, 95 %, 31800 MiB
2026/10/01 02:38:28.884, 2902 MHz, 13801 MHz, 0x0000000000000000, 358.40 W, 71 %, 31800 MiB
2026/10/01 02:38:29.393, 2902 MHz, 13801 MHz, 0x0000000000000000, 354.99 W, 66 %, 31800 MiB
2026/10/01 02:38:29.899, 2910 MHz, 13801 MHz, 0x0000000000000000, 358.69 W, 94 %, 31807 MiB
2026/10/01 02:38:30.405, 2910 MHz, 13801 MHz, 0x0000000000000000, 354.52 W, 95 %, 31807 MiB
2026/10/01 02:38:30.910, 2910 MHz, 13801 MHz, 0x0000000000000000, 352.85 W, 95 %, 31807 MiB
2026/10/01 02:38:31.418, 2910 MHz, 13801 MHz, 0x0000000000000000, 364.94 W, 95 %, 31807 MiB
2026/10/01 02:38:31.929, 2910 MHz, 13801 MHz, 0x0000000000000000, 363.81 W, 95 %, 31807 MiB
2026/10/01 02:38:32.435, 2910 MHz, 13801 MHz, 0x0000000000000000, 361.62 W, 94 %, 31807 MiB
2026/10/01 02:38:32.941, 2910 MHz, 13801 MHz, 0x0000000000000000, 362.48 W, 95 %, 31807 MiB
2026/10/01 02:38:33.448, 2910 MHz, 13801 MHz, 0x0000000000000000, 362.50 W, 95 %, 31807 MiB
2026/10/01 02:38:33.955, 2910 MHz, 13801 MHz, 0x0000000000000000, 363.05 W, 94 %, 31800 MiB
2026/10/01 02:38:34.464, 2910 MHz, 13801 MHz, 0x0000000000000000, 358.09 W, 77 %, 31800 MiB
2026/10/01 02:38:34.972, 2910 MHz, 13801 MHz, 0x0000000000000000, 357.60 W, 95 %, 31800 MiB
2026/10/01 02:38:35.477, 2910 MHz, 13801 MHz, 0x0000000000000000, 363.75 W, 95 %, 31800 MiB
2026/10/01 02:38:35.985, 2910 MHz, 13801 MHz, 0x0000000000000000, 361.15 W, 94 %, 31800 MiB
2026/10/01 02:38:36.494, 2910 MHz, 13801 MHz, 0x0000000000000000, 361.47 W, 95 %, 31800 MiB
2026/10/01 02:38:37.002, 2910 MHz, 13801 MHz, 0x0000000000000000, 360.69 W, 95 %, 31800 MiB
2026/10/01 02:38:37.508, 2910 MHz, 13801 MHz, 0x0000000000000000, 359.29 W, 88 %, 31800 MiB
2026/10/01 02:38:38.016, 2910 MHz, 13801 MHz, 0x0000000000000000, 362.57 W, 94 %, 31800 MiB
2026/10/01 02:38:38.523, 2910 MHz, 13801 MHz, 0x0000000000000000, 360.55 W, 95 %, 31800 MiB
2026/10/01 02:38:39.030, 2910 MHz, 13801 MHz, 0x0000000000000000, 358.14 W, 95 %, 31800 MiB
2026/10/01 02:38:39.537, 2910 MHz, 13801 MHz, 0x0000000000000000, 362.44 W, 87 %, 31800 MiB
2026/10/01 02:38:40.043, 2910 MHz, 13801 MHz, 0x0000000000000000, 362.58 W, 95 %, 31800 MiB
2026/10/01 02:38:40.550, 2910 MHz, 13801 MHz, 0x0000000000000000, 359.86 W, 95 %, 31800 MiB
2026/10/01 02:38:41.058, 2910 MHz, 13801 MHz, 0x0000000000000000, 360.70 W, 79 %, 31800 MiB
2026/10/01 02:38:41.566, 2910 MHz, 13801 MHz, 0x0000000000000000, 363.98 W, 95 %, 31800 MiB
2026/10/01 02:38:42.073, 2910 MHz, 13801 MHz, 0x0000000000000000, 361.40 W, 90 %, 31800 MiB
2026/10/01 02:38:42.578, 2910 MHz, 13801 MHz, 0x0000000000000000, 360.77 W, 95 %, 31800 MiB
2026/10/01 02:38:43.083, 2910 MHz, 13801 MHz, 0x0000000000000000, 360.37 W, 95 %, 31800 MiB
2026/10/01 02:38:43.591, 2910 MHz, 13801 MHz, 0x0000000000000000, 359.82 W, 95 %, 31800 MiB
2026/10/01 02:38:44.097, 2910 MHz, 13801 MHz, 0x0000000000000000, 363.88 W, 95 %, 31800 MiB
2026/10/01 02:38:44.604, 2910 MHz, 13801 MHz, 0x0000000000000000, 363.16 W, 94 %, 31800 MiB
2026/10/01 02:38:45.110, 2910 MHz, 13801 MHz, 0x0000000000000000, 359.83 W, 79 %, 31800 MiB
2026/10/01 02:38:45.618, 2910 MHz, 13801 MHz, 0x0000000000000000, 362.78 W, 95 %, 31800 MiB
2026/10/01 02:38:46.125, 2910 MHz, 13801 MHz, 0x0000000000000000, 360.88 W, 95 %, 31800 MiB
2026/10/01 02:38:46.633, 2910 MHz, 13801 MHz, 0x0000000000000000, 357.69 W, 79 %, 31800 MiB
2026/10/01 02:38:47.140, 2910 MHz, 13801 MHz, 0x0000000000000000, 359.92 W, 95 %, 31800 MiB
2026/10/01 02:38:47.646, 2910 MHz, 13801 MHz, 0x0000000000000000, 358.79 W, 95 %, 31800 MiB
2026/10/01 02:38:48.153, 2910 MHz, 13801 MHz, 0x0000000000000000, 358.66 W, 95 %, 31800 MiB
2026/10/01 02:38:48.661, 2910 MHz, 13801 MHz, 0x0000000000000000, 359.35 W, 76 %, 31800 MiB
2026/10/01 02:38:49.170, 2910 MHz, 13801 MHz, 0x0000000000000000, 358.85 W, 78 %, 31800 MiB
2026/10/01 02:38:49.682, 2925 MHz, 13801 MHz, 0x0000000000000000, 279.03 W, 2 %, 31800 MiB
2026/10/01 02:38:50.183, 2925 MHz, 13801 MHz, 0x0000000000000000, 146.22 W, 2 %, 31800 MiB
2026/10/01 02:38:50.694, 2925 MHz, 13801 MHz, 0x0000000000000000, 102.76 W, 2 %, 31802 MiB
2026/10/01 02:38:51.209, 2895 MHz, 13801 MHz, 0x0000000000000000, 98.47 W, 2 %, 31802 MiB
2026/10/01 02:38:51.723, 952 MHz, 7001 MHz, 0x0000000000000000, 75.05 W, 2 %, 31800 MiB
2026/10/01 02:38:52.237, 952 MHz, 7001 MHz, 0x0000000000000000, 50.51 W, 2 %, 31800 MiB
2026/10/01 02:38:52.750, 937 MHz, 7001 MHz, 0x0000000000000000, 48.39 W, 2 %, 31800 MiB
2026/10/01 02:38:53.262, 802 MHz, 7001 MHz, 0x0000000000000000, 48.24 W, 2 %, 31800 MiB
2026/10/01 02:38:53.776, 810 MHz, 7001 MHz, 0x0000000000000000, 47.99 W, 2 %, 31800 MiB
2026/10/01 02:38:54.290, 772 MHz, 7001 MHz, 0x0000000000000000, 48.48 W, 2 %, 31800 MiB
2026/10/01 02:38:54.800, 757 MHz, 7001 MHz, 0x0000000000000000, 48.81 W, 2 %, 31800 MiB
2026/10/01 02:38:55.314, 750 MHz, 7001 MHz, 0x0000000000000000, 48.92 W, 2 %, 31800 MiB
2026/10/01 02:38:55.826, 727 MHz, 7001 MHz, 0x0000000000000000, 48.99 W, 2 %, 31800 MiB
2026/10/01 02:38:56.341, 750 MHz, 810 MHz, 0x0000000000000000, 48.69 W, 2 %, 31800 MiB
2026/10/01 02:38:56.845, 727 MHz, 810 MHz, 0x0000000000000000, 46.41 W, 2 %, 31800 MiB
2026/10/01 02:38:57.350, 727 MHz, 810 MHz, 0x0000000000000000, 44.32 W, 2 %, 31800 MiB
2026/10/01 02:38:57.861, 690 MHz, 810 MHz, 0x0000000000000000, 43.90 W, 2 %, 31800 MiB
2026/10/01 02:38:58.374, 720 MHz, 405 MHz, 0x0000000000000000, 43.49 W, 2 %, 31800 MiB
2026/10/01 02:38:58.889, 652 MHz, 405 MHz, 0x0000000000000000, 43.07 W, 2 %, 31800 MiB
2026/10/01 02:38:59.402, 720 MHz, 405 MHz, 0x0000000000000000, 42.96 W, 2 %, 31800 MiB
2026/10/01 02:38:59.916, 705 MHz, 405 MHz, 0x0000000000000000, 42.94 W, 2 %, 31800 MiB
2026/10/01 02:39:00.432, 600 MHz, 405 MHz, 0x0000000000000000, 41.67 W, 3 %, 31800 MiB
2026/10/01 02:39:00.944, 615 MHz, 405 MHz, 0x0000000000000000, 40.28 W, 2 %, 31800 MiB
2026/10/01 02:39:01.456, 652 MHz, 405 MHz, 0x0000000000000000, 40.75 W, 2 %, 31800 MiB
2026/10/01 02:39:01.957, 675 MHz, 405 MHz, 0x0000000000000000, 42.24 W, 16 %, 31800 MiB
2026/10/01 02:39:02.458, 2910 MHz, 13801 MHz, 0x0000000000000000, 162.65 W, 95 %, 31800 MiB
2026/10/01 02:39:02.959, 2910 MHz, 13801 MHz, 0x0000000000000000, 330.69 W, 95 %, 31800 MiB
2026/10/01 02:39:03.473, 2910 MHz, 13801 MHz, 0x0000000000000000, 355.28 W, 80 %, 31800 MiB
2026/10/01 02:39:03.988, 2910 MHz, 13801 MHz, 0x0000000000000000, 357.31 W, 95 %, 31800 MiB
2026/10/01 02:39:04.502, 2910 MHz, 13801 MHz, 0x0000000000000000, 351.64 W, 95 %, 31800 MiB
2026/10/01 02:39:05.004, 2910 MHz, 13801 MHz, 0x0000000000000000, 350.27 W, 94 %, 31800 MiB
2026/10/01 02:39:05.504, 2910 MHz, 13801 MHz, 0x0000000000000000, 359.23 W, 95 %, 31800 MiB
2026/10/01 02:39:06.016, 2910 MHz, 13801 MHz, 0x0000000000000000, 359.52 W, 95 %, 31800 MiB
2026/10/01 02:39:06.529, 2910 MHz, 13801 MHz, 0x0000000000000000, 353.62 W, 95 %, 31800 MiB
2026/10/01 02:39:07.042, 2910 MHz, 13801 MHz, 0x0000000000000000, 353.14 W, 80 %, 31800 MiB
2026/10/01 02:39:07.547, 2910 MHz, 13801 MHz, 0x0000000000000000, 360.35 W, 96 %, 31800 MiB
2026/10/01 02:39:08.047, 2910 MHz, 13801 MHz, 0x0000000000000000, 352.21 W, 94 %, 31800 MiB
2026/10/01 02:39:08.561, 2910 MHz, 13801 MHz, 0x0000000000000000, 349.80 W, 94 %, 31800 MiB
2026/10/01 02:39:09.062, 2910 MHz, 13801 MHz, 0x0000000000000000, 358.70 W, 93 %, 31800 MiB
2026/10/01 02:39:09.576, 2910 MHz, 13801 MHz, 0x0000000000000000, 356.07 W, 95 %, 31800 MiB
2026/10/01 02:39:10.091, 2917 MHz, 13801 MHz, 0x0000000000000000, 286.30 W, 2 %, 31800 MiB
2026/10/01 02:39:10.606, 2925 MHz, 13801 MHz, 0x0000000000000000, 179.46 W, 2 %, 31800 MiB
2026/10/01 02:39:11.118, 2925 MHz, 13801 MHz, 0x0000000000000000, 99.21 W, 2 %, 31800 MiB
2026/10/01 02:39:11.628, 2925 MHz, 13801 MHz, 0x0000000000000000, 99.02 W, 2 %, 31807 MiB
2026/10/01 02:39:12.136, 922 MHz, 13801 MHz, 0x0000000000000000, 78.26 W, 2 %, 31807 MiB
2026/10/01 02:39:12.649, 847 MHz, 7001 MHz, 0x0000000000000000, 50.07 W, 2 %, 31800 MiB
2026/10/01 02:39:13.159, 817 MHz, 7001 MHz, 0x0000000000000000, 46.46 W, 2 %, 31800 MiB
2026/10/01 02:39:13.670, 787 MHz, 810 MHz, 0x0000000000000000, 45.36 W, 2 %, 31800 MiB
2026/10/01 02:39:14.180, 742 MHz, 810 MHz, 0x0000000000000000, 43.27 W, 2 %, 31800 MiB
2026/10/01 02:39:14.688, 697 MHz, 810 MHz, 0x0000000000000000, 40.99 W, 2 %, 31800 MiB
2026/10/01 02:39:15.200, 675 MHz, 810 MHz, 0x0000000000000000, 40.55 W, 2 %, 31800 MiB
2026/10/01 02:39:15.712, 645 MHz, 405 MHz, 0x0000000000000000, 40.10 W, 2 %, 31800 MiB
2026/10/01 02:39:16.221, 630 MHz, 405 MHz, 0x0000000000000000, 39.50 W, 2 %, 31800 MiB
2026/10/01 02:39:16.732, 622 MHz, 405 MHz, 0x0000000000000000, 39.23 W, 2 %, 31800 MiB
2026/10/01 02:39:17.246, 607 MHz, 405 MHz, 0x0000000000000000, 39.43 W, 2 %, 31870 MiB
2026/10/01 02:39:17.756, 2310 MHz, 13801 MHz, 0x0000000000000000, 101.21 W, 85 %, 31870 MiB
2026/10/01 02:39:18.266, 2910 MHz, 13801 MHz, 0x0000000000000000, 236.12 W, 95 %, 31870 MiB
2026/10/01 02:39:18.771, 2910 MHz, 13801 MHz, 0x0000000000000000, 336.98 W, 94 %, 31870 MiB
2026/10/01 02:39:19.280, 2910 MHz, 13801 MHz, 0x0000000000000000, 337.39 W, 94 %, 31870 MiB
2026/10/01 02:39:19.789, 2887 MHz, 13801 MHz, 0x0000000000000000, 328.80 W, 95 %, 31870 MiB
2026/10/01 02:39:20.295, 2910 MHz, 13801 MHz, 0x0000000000000000, 330.26 W, 94 %, 31870 MiB
2026/10/01 02:39:20.801, 2910 MHz, 13801 MHz, 0x0000000000000000, 336.92 W, 95 %, 31870 MiB
2026/10/01 02:39:21.311, 2910 MHz, 13801 MHz, 0x0000000000000000, 340.84 W, 96 %, 31870 MiB
2026/10/01 02:39:21.822, 2895 MHz, 13801 MHz, 0x0000000000000000, 336.71 W, 76 %, 31870 MiB
2026/10/01 02:39:22.326, 2910 MHz, 13801 MHz, 0x0000000000000000, 334.97 W, 94 %, 31870 MiB
2026/10/01 02:39:22.832, 2910 MHz, 13801 MHz, 0x0000000000000000, 336.73 W, 95 %, 31870 MiB
2026/10/01 02:39:23.343, 2910 MHz, 13801 MHz, 0x0000000000000000, 336.76 W, 95 %, 31870 MiB
2026/10/01 02:39:23.848, 2902 MHz, 13801 MHz, 0x0000000000000000, 325.07 W, 95 %, 31870 MiB
2026/10/01 02:39:24.354, 2910 MHz, 13801 MHz, 0x0000000000000000, 326.59 W, 95 %, 31870 MiB
2026/10/01 02:39:24.862, 2910 MHz, 13801 MHz, 0x0000000000000000, 335.29 W, 95 %, 31870 MiB
2026/10/01 02:39:25.373, 2910 MHz, 13801 MHz, 0x0000000000000000, 337.62 W, 95 %, 31870 MiB
2026/10/01 02:39:25.881, 2887 MHz, 13801 MHz, 0x0000000000000000, 334.27 W, 95 %, 31870 MiB
2026/10/01 02:39:26.389, 2910 MHz, 13801 MHz, 0x0000000000000000, 333.11 W, 95 %, 31870 MiB
2026/10/01 02:39:26.896, 2910 MHz, 13801 MHz, 0x0000000000000000, 335.06 W, 95 %, 31870 MiB
2026/10/01 02:39:27.407, 2910 MHz, 13801 MHz, 0x0000000000000000, 339.21 W, 95 %, 31870 MiB
2026/10/01 02:39:27.913, 2887 MHz, 13801 MHz, 0x0000000000000000, 330.45 W, 95 %, 31870 MiB
2026/10/01 02:39:28.422, 2910 MHz, 13801 MHz, 0x0000000000000000, 328.52 W, 95 %, 31870 MiB
2026/10/01 02:39:28.930, 2910 MHz, 13801 MHz, 0x0000000000000000, 336.70 W, 94 %, 31870 MiB
2026/10/01 02:39:29.440, 2910 MHz, 13801 MHz, 0x0000000000000000, 338.00 W, 95 %, 31870 MiB
2026/10/01 02:39:29.948, 2902 MHz, 13801 MHz, 0x0000000000000000, 330.86 W, 95 %, 31870 MiB
2026/10/01 02:39:30.458, 2910 MHz, 13801 MHz, 0x0000000000000000, 340.27 W, 95 %, 31870 MiB
2026/10/01 02:39:30.967, 2910 MHz, 13801 MHz, 0x0000000000000000, 335.74 W, 96 %, 31870 MiB
2026/10/01 02:39:31.477, 2902 MHz, 13801 MHz, 0x0000000000000000, 323.64 W, 95 %, 31870 MiB
2026/10/01 02:39:31.984, 2910 MHz, 13801 MHz, 0x0000000000000000, 328.57 W, 95 %, 31870 MiB
2026/10/01 02:39:32.492, 2910 MHz, 13801 MHz, 0x0000000000000000, 338.19 W, 94 %, 31870 MiB
2026/10/01 02:39:33.000, 2910 MHz, 13801 MHz, 0x0000000000000000, 309.43 W, 0 %, 31870 MiB
2026/10/01 02:39:33.513, 2902 MHz, 13801 MHz, 0x0000000000000000, 281.24 W, 95 %, 31875 MiB
2026/10/01 02:39:34.018, 2910 MHz, 13801 MHz, 0x0000000000000000, 290.23 W, 95 %, 31870 MiB
2026/10/01 02:39:34.526, 2910 MHz, 13801 MHz, 0x0000000000000000, 349.20 W, 95 %, 31870 MiB
2026/10/01 02:39:35.031, 2910 MHz, 13801 MHz, 0x0000000000000000, 353.82 W, 95 %, 31870 MiB
2026/10/01 02:39:35.540, 2880 MHz, 13801 MHz, 0x0000000000000000, 340.65 W, 95 %, 31870 MiB
2026/10/01 02:39:36.045, 2910 MHz, 13801 MHz, 0x0000000000000000, 332.70 W, 95 %, 31870 MiB
2026/10/01 02:39:36.551, 2910 MHz, 13801 MHz, 0x0000000000000000, 342.73 W, 95 %, 31870 MiB
2026/10/01 02:39:37.061, 2910 MHz, 13801 MHz, 0x0000000000000000, 348.97 W, 95 %, 31870 MiB
2026/10/01 02:39:37.569, 2895 MHz, 13801 MHz, 0x0000000000000000, 343.43 W, 96 %, 31870 MiB
2026/10/01 02:39:38.078, 2910 MHz, 13801 MHz, 0x0000000000000000, 342.09 W, 95 %, 31870 MiB
2026/10/01 02:39:38.584, 2910 MHz, 13801 MHz, 0x0000000000000000, 349.11 W, 95 %, 31864 MiB
2026/10/01 02:39:39.095, 2910 MHz, 13801 MHz, 0x0000000000000000, 346.53 W, 62 %, 31864 MiB
2026/10/01 02:39:39.602, 2910 MHz, 13801 MHz, 0x0000000000000000, 342.31 W, 94 %, 31864 MiB
2026/10/01 02:39:40.108, 2910 MHz, 13801 MHz, 0x0000000000000000, 343.39 W, 96 %, 31864 MiB
2026/10/01 02:39:40.616, 2910 MHz, 13801 MHz, 0x0000000000000000, 346.75 W, 95 %, 31864 MiB
2026/10/01 02:39:41.124, 2902 MHz, 13801 MHz, 0x0000000000000000, 344.48 W, 65 %, 31864 MiB
2026/10/01 02:39:41.630, 2910 MHz, 13801 MHz, 0x0000000000000000, 341.19 W, 94 %, 31864 MiB
2026/10/01 02:39:42.135, 2910 MHz, 13801 MHz, 0x0000000000000000, 347.04 W, 93 %, 31864 MiB
2026/10/01 02:39:42.642, 2910 MHz, 13801 MHz, 0x0000000000000000, 350.29 W, 95 %, 31864 MiB
2026/10/01 02:39:43.149, 2887 MHz, 13801 MHz, 0x0000000000000000, 340.89 W, 95 %, 31864 MiB
2026/10/01 02:39:43.655, 2910 MHz, 13801 MHz, 0x0000000000000000, 341.80 W, 95 %, 31864 MiB
2026/10/01 02:39:44.161, 2910 MHz, 13801 MHz, 0x0000000000000000, 350.97 W, 95 %, 31864 MiB
2026/10/01 02:39:44.668, 2910 MHz, 13801 MHz, 0x0000000000000000, 355.38 W, 95 %, 31864 MiB
2026/10/01 02:39:45.181, 2895 MHz, 13801 MHz, 0x0000000000000000, 349.37 W, 74 %, 31864 MiB
2026/10/01 02:39:45.686, 2910 MHz, 13801 MHz, 0x0000000000000000, 345.44 W, 95 %, 31864 MiB
2026/10/01 02:39:46.194, 2910 MHz, 13801 MHz, 0x0000000000000000, 347.93 W, 95 %, 31864 MiB
2026/10/01 02:39:46.703, 2910 MHz, 13801 MHz, 0x0000000000000000, 349.40 W, 95 %, 31864 MiB
2026/10/01 02:39:47.214, 2910 MHz, 13801 MHz, 0x0000000000000000, 349.71 W, 94 %, 31864 MiB
2026/10/01 02:39:47.722, 2902 MHz, 13801 MHz, 0x0000000000000000, 342.81 W, 95 %, 31864 MiB
2026/10/01 02:39:48.226, 2910 MHz, 13801 MHz, 0x0000000000000000, 342.22 W, 94 %, 31864 MiB
2026/10/01 02:39:48.735, 2910 MHz, 13801 MHz, 0x0000000000000000, 348.35 W, 95 %, 31864 MiB
2026/10/01 02:39:49.245, 2887 MHz, 13801 MHz, 0x0000000000000000, 341.53 W, 93 %, 31864 MiB
2026/10/01 02:39:49.746, 2917 MHz, 13801 MHz, 0x0000000000000000, 284.92 W, 0 %, 31864 MiB
2026/10/01 02:39:50.251, 2925 MHz, 13801 MHz, 0x0000000000000000, 175.51 W, 0 %, 31864 MiB
2026/10/01 02:39:50.753, 2925 MHz, 13801 MHz, 0x0000000000000000, 95.01 W, 0 %, 31864 MiB
2026/10/01 02:39:51.266, 2925 MHz, 13801 MHz, 0x0000000000000000, 94.68 W, 0 %, 31864 MiB
2026/10/01 02:39:51.780, 562 MHz, 7001 MHz, 0x0000000000000000, 73.89 W, 0 %, 31864 MiB
2026/10/01 02:39:52.294, 450 MHz, 7001 MHz, 0x0000000000000000, 47.39 W, 0 %, 31864 MiB
2026/10/01 02:39:52.808, 450 MHz, 7001 MHz, 0x0000000000000000, 36.76 W, 0 %, 31864 MiB
2026/10/01 02:39:53.311, 450 MHz, 7001 MHz, 0x0000000000000000, 36.76 W, 0 %, 31864 MiB
2026/10/01 02:39:53.822, 285 MHz, 7001 MHz, 0x0000000000000000, 36.02 W, 0 %, 31864 MiB
2026/10/01 02:39:54.334, 285 MHz, 7001 MHz, 0x0000000000000000, 36.02 W, 0 %, 31869 MiB
2026/10/01 02:39:54.847, 202 MHz, 7001 MHz, 0x0000000000000000, 35.69 W, 0 %, 31869 MiB
2026/10/01 02:39:55.362, 180 MHz, 7001 MHz, 0x0000000000000000, 35.76 W, 0 %, 31864 MiB
2026/10/01 02:39:55.875, 180 MHz, 7001 MHz, 0x0000000000000000, 35.85 W, 0 %, 31864 MiB
2026/10/01 02:39:56.387, 180 MHz, 810 MHz, 0x0000000000000000, 35.16 W, 0 %, 31900 MiB
2026/10/01 02:39:56.898, 225 MHz, 810 MHz, 0x0000000000000000, 27.99 W, 0 %, 31900 MiB
2026/10/01 02:39:57.412, 180 MHz, 810 MHz, 0x0000000000000000, 18.84 W, 0 %, 31900 MiB
2026/10/01 02:39:57.927, 172 MHz, 810 MHz, 0x0000000000000000, 18.57 W, 0 %, 31900 MiB
2026/10/01 02:39:58.439, 180 MHz, 405 MHz, 0x0000000000000000, 14.95 W, 0 %, 31900 MiB
2026/10/01 02:39:58.940, 187 MHz, 405 MHz, 0x0000000000000000, 13.35 W, 0 %, 31900 MiB
2026/10/01 02:39:59.454, 180 MHz, 405 MHz, 0x0000000000000000, 14.46 W, 0 %, 31900 MiB
2026/10/01 02:39:59.970, 180 MHz, 405 MHz, 0x0000000000000000, 14.45 W, 0 %, 31900 MiB
2026/10/01 02:40:00.471, 180 MHz, 405 MHz, 0x0000000000000000, 12.06 W, 0 %, 31900 MiB
2026/10/01 02:40:00.985, 180 MHz, 405 MHz, 0x0000000000000000, 12.06 W, 0 %, 31900 MiB
2026/10/01 02:40:01.501, 180 MHz, 405 MHz, 0x0000000000000000, 11.64 W, 0 %, 31900 MiB
2026/10/01 02:40:02.015, 180 MHz, 405 MHz, 0x0000000000000000, 11.64 W, 0 %, 31900 MiB
2026/10/01 02:40:02.517, 180 MHz, 405 MHz, 0x0000000000000000, 11.53 W, 0 %, 31900 MiB
2026/10/01 02:40:03.026, 180 MHz, 405 MHz, 0x0000000000000000, 11.53 W, 0 %, 31900 MiB
2026/10/01 02:40:03.540, 180 MHz, 405 MHz, 0x0000000000000000, 11.43 W, 0 %, 31900 MiB
2026/10/01 02:40:04.055, 180 MHz, 405 MHz, 0x0000000000000000, 11.43 W, 0 %, 31900 MiB
2026/10/01 02:40:04.555, 180 MHz, 405 MHz, 0x0000000000000000, 11.44 W, 0 %, 31900 MiB
2026/10/01 02:40:05.068, 180 MHz, 405 MHz, 0x0000000000000000, 11.44 W, 0 %, 31900 MiB
2026/10/01 02:40:05.581, 180 MHz, 405 MHz, 0x0000000000000000, 11.30 W, 0 %, 31900 MiB
2026/10/01 02:40:06.083, 180 MHz, 405 MHz, 0x0000000000000000, 11.30 W, 0 %, 31900 MiB
2026/10/01 02:40:06.599, 180 MHz, 405 MHz, 0x0000000000000000, 11.26 W, 0 %, 31900 MiB
2026/10/01 02:40:07.111, 180 MHz, 405 MHz, 0x0000000000000000, 11.26 W, 0 %, 31900 MiB
2026/10/01 02:40:07.612, 180 MHz, 405 MHz, 0x0000000000000000, 11.29 W, 0 %, 31900 MiB
2026/10/01 02:40:08.114, 180 MHz, 405 MHz, 0x0000000000000000, 11.29 W, 0 %, 31900 MiB
2026/10/01 02:40:08.629, 180 MHz, 405 MHz, 0x0000000000000000, 11.12 W, 0 %, 31900 MiB
2026/10/01 02:40:09.141, 180 MHz, 405 MHz, 0x0000000000000000, 11.12 W, 0 %, 31900 MiB
2026/10/01 02:40:09.642, 180 MHz, 405 MHz, 0x0000000000000000, 11.25 W, 0 %, 31900 MiB
2026/10/01 02:40:10.156, 180 MHz, 405 MHz, 0x0000000000000000, 11.25 W, 0 %, 31900 MiB
2026/10/01 02:40:10.671, 180 MHz, 405 MHz, 0x0000000000000000, 11.25 W, 0 %, 31900 MiB
2026/10/01 02:40:11.184, 180 MHz, 405 MHz, 0x0000000000000000, 11.25 W, 0 %, 31900 MiB
2026/10/01 02:40:11.697, 2160 MHz, 13801 MHz, 0x0000000000000000, 33.32 W, 0 %, 31900 MiB
2026/10/01 02:40:12.208, 1890 MHz, 13801 MHz, 0x0000000000000000, 58.62 W, 66 %, 31900 MiB
2026/10/01 02:40:12.722, 2872 MHz, 13801 MHz, 0x0000000000000000, 225.60 W, 72 %, 31900 MiB
2026/10/01 02:40:13.235, 2872 MHz, 13801 MHz, 0x0000000000000000, 346.36 W, 73 %, 31900 MiB
2026/10/01 02:40:13.747, 2902 MHz, 13801 MHz, 0x0000000000000000, 380.18 W, 99 %, 31900 MiB
2026/10/01 02:40:14.255, 2895 MHz, 13801 MHz, 0x0000000000000004, 411.87 W, 99 %, 31900 MiB
2026/10/01 02:40:14.767, 2895 MHz, 13801 MHz, 0x0000000000000000, 428.22 W, 99 %, 31900 MiB
2026/10/01 02:40:15.276, 2902 MHz, 13801 MHz, 0x0000000000000000, 427.83 W, 99 %, 31900 MiB
2026/10/01 02:40:15.786, 2887 MHz, 13801 MHz, 0x0000000000000000, 427.22 W, 99 %, 31903 MiB
2026/10/01 02:40:16.296, 2902 MHz, 13801 MHz, 0x0000000000000000, 425.94 W, 99 %, 31903 MiB
2026/10/01 02:40:16.804, 2887 MHz, 13801 MHz, 0x0000000000000000, 423.72 W, 99 %, 31900 MiB
2026/10/01 02:40:17.314, 2902 MHz, 13801 MHz, 0x0000000000000004, 425.57 W, 99 %, 31900 MiB
2026/10/01 02:40:17.823, 2902 MHz, 13801 MHz, 0x0000000000000000, 423.65 W, 98 %, 31900 MiB
2026/10/01 02:40:18.333, 2902 MHz, 13801 MHz, 0x0000000000000000, 418.12 W, 99 %, 31900 MiB
2026/10/01 02:40:18.841, 2902 MHz, 13801 MHz, 0x0000000000000000, 401.11 W, 99 %, 31900 MiB
2026/10/01 02:40:19.350, 2910 MHz, 13801 MHz, 0x0000000000000000, 383.58 W, 98 %, 31900 MiB
2026/10/01 02:40:19.861, 2910 MHz, 13801 MHz, 0x0000000000000000, 356.10 W, 96 %, 31900 MiB
2026/10/01 02:40:20.370, 2872 MHz, 13801 MHz, 0x0000000000000000, 302.01 W, 58 %, 31900 MiB
2026/10/01 02:40:20.881, 2880 MHz, 13801 MHz, 0x0000000000000000, 286.51 W, 58 %, 31900 MiB
2026/10/01 02:40:21.389, 2872 MHz, 13801 MHz, 0x0000000000000000, 309.80 W, 61 %, 31900 MiB
2026/10/01 02:40:21.896, 2902 MHz, 13801 MHz, 0x0000000000000000, 369.14 W, 99 %, 31900 MiB
2026/10/01 02:40:22.402, 2895 MHz, 13801 MHz, 0x0000000000000000, 429.72 W, 99 %, 31900 MiB
2026/10/01 02:40:22.911, 2895 MHz, 13801 MHz, 0x0000000000000000, 432.28 W, 99 %, 31900 MiB
2026/10/01 02:40:23.417, 2895 MHz, 13801 MHz, 0x0000000000000000, 427.44 W, 99 %, 31900 MiB
2026/10/01 02:40:23.926, 2902 MHz, 13801 MHz, 0x0000000000000004, 422.26 W, 99 %, 31900 MiB
2026/10/01 02:40:24.432, 2895 MHz, 13801 MHz, 0x0000000000000004, 410.34 W, 72 %, 31900 MiB
2026/10/01 02:40:24.939, 2902 MHz, 13801 MHz, 0x0000000000000000, 402.24 W, 99 %, 31900 MiB
2026/10/01 02:40:25.446, 2902 MHz, 13801 MHz, 0x0000000000000000, 399.91 W, 92 %, 31900 MiB
2026/10/01 02:40:25.953, 2902 MHz, 13801 MHz, 0x0000000000000000, 389.00 W, 81 %, 31900 MiB
2026/10/01 02:40:26.459, 2887 MHz, 13801 MHz, 0x0000000000000000, 365.89 W, 72 %, 31900 MiB
2026/10/01 02:40:26.972, 2895 MHz, 13801 MHz, 0x0000000000000000, 328.50 W, 60 %, 31900 MiB
2026/10/01 02:40:27.483, 2902 MHz, 13801 MHz, 0x0000000000000000, 328.88 W, 57 %, 31900 MiB
2026/10/01 02:40:27.995, 2902 MHz, 13801 MHz, 0x0000000000000000, 351.96 W, 77 %, 31900 MiB
2026/10/01 02:40:28.506, 2902 MHz, 13801 MHz, 0x0000000000000000, 360.90 W, 52 %, 31900 MiB
2026/10/01 02:40:29.016, 2895 MHz, 13801 MHz, 0x0000000000000000, 354.89 W, 75 %, 31900 MiB
2026/10/01 02:40:29.527, 2895 MHz, 13801 MHz, 0x0000000000000000, 364.17 W, 83 %, 31900 MiB
2026/10/01 02:40:30.039, 2895 MHz, 13801 MHz, 0x0000000000000000, 367.15 W, 62 %, 31900 MiB
2026/10/01 02:40:30.548, 2895 MHz, 13801 MHz, 0x0000000000000000, 378.36 W, 92 %, 31900 MiB
2026/10/01 02:40:31.059, 2895 MHz, 13801 MHz, 0x0000000000000000, 365.00 W, 73 %, 31900 MiB
2026/10/01 02:40:31.569, 2887 MHz, 13801 MHz, 0x0000000000000000, 377.96 W, 95 %, 31900 MiB
2026/10/01 02:40:32.080, 2902 MHz, 13801 MHz, 0x0000000000000000, 381.44 W, 99 %, 31900 MiB
2026/10/01 02:40:32.591, 2895 MHz, 13801 MHz, 0x0000000000000000, 390.83 W, 77 %, 31900 MiB
2026/10/01 02:40:33.104, 2895 MHz, 13801 MHz, 0x0000000000000000, 376.50 W, 56 %, 31900 MiB
2026/10/01 02:40:33.614, 2895 MHz, 13801 MHz, 0x0000000000000000, 346.65 W, 66 %, 31900 MiB
2026/10/01 02:40:34.126, 2902 MHz, 13801 MHz, 0x0000000000000000, 336.40 W, 59 %, 31900 MiB
2026/10/01 02:40:34.641, 2895 MHz, 13801 MHz, 0x0000000000000004, 347.81 W, 88 %, 31900 MiB
2026/10/01 02:40:35.151, 2902 MHz, 13801 MHz, 0x0000000000000000, 364.15 W, 55 %, 31900 MiB
2026/10/01 02:40:35.660, 2902 MHz, 13801 MHz, 0x0000000000000000, 370.41 W, 81 %, 31900 MiB
2026/10/01 02:40:36.172, 2902 MHz, 13801 MHz, 0x0000000000000000, 336.72 W, 37 %, 31900 MiB
2026/10/01 02:40:36.683, 2902 MHz, 13801 MHz, 0x0000000000000000, 314.15 W, 77 %, 31900 MiB
2026/10/01 02:40:37.191, 2895 MHz, 13801 MHz, 0x0000000000000000, 350.99 W, 97 %, 31908 MiB
2026/10/01 02:40:37.699, 2902 MHz, 13801 MHz, 0x0000000000000004, 377.96 W, 74 %, 31900 MiB
2026/10/01 02:40:38.211, 2902 MHz, 13801 MHz, 0x0000000000000000, 380.25 W, 94 %, 31900 MiB
2026/10/01 02:40:38.721, 2902 MHz, 13801 MHz, 0x0000000000000000, 376.69 W, 85 %, 31900 MiB
2026/10/01 02:40:39.230, 2895 MHz, 13801 MHz, 0x0000000000000000, 367.82 W, 89 %, 31900 MiB
2026/10/01 02:40:39.742, 2895 MHz, 13801 MHz, 0x0000000000000000, 377.23 W, 93 %, 31900 MiB
2026/10/01 02:40:40.253, 2902 MHz, 13801 MHz, 0x0000000000000000, 395.60 W, 94 %, 31900 MiB
2026/10/01 02:40:40.764, 2895 MHz, 13801 MHz, 0x0000000000000000, 402.35 W, 83 %, 31900 MiB
2026/10/01 02:40:41.272, 2887 MHz, 13801 MHz, 0x0000000000000000, 395.09 W, 60 %, 31900 MiB
2026/10/01 02:40:41.783, 2895 MHz, 13801 MHz, 0x0000000000000000, 376.17 W, 76 %, 31900 MiB
2026/10/01 02:40:42.293, 2895 MHz, 13801 MHz, 0x0000000000000000, 360.22 W, 36 %, 31900 MiB
2026/10/01 02:40:42.801, 2902 MHz, 13801 MHz, 0x0000000000000000, 365.84 W, 92 %, 31900 MiB
2026/10/01 02:40:43.311, 2895 MHz, 13801 MHz, 0x0000000000000000, 351.95 W, 91 %, 31900 MiB
2026/10/01 02:40:43.821, 2902 MHz, 13801 MHz, 0x0000000000000000, 367.80 W, 61 %, 31900 MiB
2026/10/01 02:40:44.331, 2902 MHz, 13801 MHz, 0x0000000000000000, 361.68 W, 76 %, 31900 MiB
2026/10/01 02:40:44.843, 2895 MHz, 13801 MHz, 0x0000000000000000, 352.05 W, 98 %, 31900 MiB
2026/10/01 02:40:45.351, 2895 MHz, 13801 MHz, 0x0000000000000004, 361.55 W, 79 %, 31900 MiB
2026/10/01 02:40:45.861, 2895 MHz, 13801 MHz, 0x0000000000000000, 356.31 W, 94 %, 31900 MiB
2026/10/01 02:40:46.361, 2895 MHz, 13801 MHz, 0x0000000000000000, 376.35 W, 63 %, 31900 MiB
2026/10/01 02:40:46.876, 2895 MHz, 13801 MHz, 0x0000000000000000, 392.63 W, 94 %, 31900 MiB
2026/10/01 02:40:47.388, 2887 MHz, 13801 MHz, 0x0000000000000000, 380.05 W, 58 %, 31900 MiB
2026/10/01 02:40:47.899, 2895 MHz, 13801 MHz, 0x0000000000000000, 385.42 W, 73 %, 31900 MiB
2026/10/01 02:40:48.411, 2902 MHz, 13801 MHz, 0x0000000000000000, 354.48 W, 85 %, 31900 MiB
2026/10/01 02:40:48.912, 2887 MHz, 13801 MHz, 0x0000000000000000, 334.47 W, 77 %, 31900 MiB
2026/10/01 02:40:49.426, 2887 MHz, 13801 MHz, 0x0000000000000000, 360.96 W, 99 %, 31900 MiB
2026/10/01 02:40:49.939, 2895 MHz, 13801 MHz, 0x0000000000000000, 387.54 W, 89 %, 31900 MiB
2026/10/01 02:40:50.452, 2925 MHz, 13801 MHz, 0x0000000000000000, 284.27 W, 0 %, 31900 MiB
2026/10/01 02:40:50.965, 2925 MHz, 13801 MHz, 0x0000000000000000, 152.14 W, 0 %, 31900 MiB
2026/10/01 02:40:51.513, 2925 MHz, 13801 MHz, 0x0000000000000000, 95.87 W, 0 %, 31900 MiB
2026/10/01 02:40:52.023, 540 MHz, 7001 MHz, 0x0000000000000000, 70.81 W, 0 %, 31900 MiB
2026/10/01 02:40:52.524, 427 MHz, 7001 MHz, 0x0000000000000000, 38.64 W, 0 %, 31900 MiB
2026/10/01 02:40:53.038, 382 MHz, 7001 MHz, 0x0000000000000000, 37.28 W, 0 %, 31900 MiB
2026/10/01 02:40:53.551, 382 MHz, 7001 MHz, 0x0000000000000000, 37.28 W, 0 %, 31900 MiB
2026/10/01 02:40:54.052, 240 MHz, 7001 MHz, 0x0000000000000000, 36.14 W, 0 %, 31900 MiB
2026/10/01 02:40:54.566, 240 MHz, 7001 MHz, 0x0000000000000000, 36.14 W, 0 %, 31900 MiB
2026/10/01 02:40:55.082, 180 MHz, 7001 MHz, 0x0000000000000000, 36.15 W, 0 %, 31900 MiB
2026/10/01 02:40:55.594, 180 MHz, 7001 MHz, 0x0000000000000000, 36.15 W, 0 %, 31900 MiB
2026/10/01 02:40:56.107, 180 MHz, 810 MHz, 0x0000000000000000, 32.10 W, 0 %, 31900 MiB
2026/10/01 02:40:56.618, 180 MHz, 810 MHz, 0x0000000000000000, 32.10 W, 0 %, 31900 MiB
2026/10/01 02:40:57.119, 180 MHz, 810 MHz, 0x0000000000000000, 15.02 W, 0 %, 31900 MiB
2026/10/01 02:40:57.633, 180 MHz, 810 MHz, 0x0000000000000000, 15.02 W, 0 %, 31900 MiB
2026/10/01 02:40:58.148, 180 MHz, 405 MHz, 0x0000000000000000, 12.51 W, 1 %, 31908 MiB
2026/10/01 02:40:58.659, 180 MHz, 405 MHz, 0x0000000000000000, 13.23 W, 0 %, 31908 MiB
2026/10/01 02:40:59.170, 180 MHz, 405 MHz, 0x0000000000000000, 15.57 W, 0 %, 31900 MiB
2026/10/01 02:40:59.672, 180 MHz, 405 MHz, 0x0000000000000000, 15.55 W, 0 %, 31900 MiB
2026/10/01 02:41:00.185, 180 MHz, 405 MHz, 0x0000000000000000, 15.34 W, 0 %, 31900 MiB
2026/10/01 02:41:00.686, 180 MHz, 405 MHz, 0x0000000000000000, 15.34 W, 0 %, 31900 MiB
2026/10/01 02:41:01.198, 180 MHz, 405 MHz, 0x0000000000000000, 11.97 W, 0 %, 31900 MiB
2026/10/01 02:41:01.712, 180 MHz, 405 MHz, 0x0000000000000000, 11.97 W, 0 %, 31900 MiB
2026/10/01 02:41:02.227, 180 MHz, 405 MHz, 0x0000000000000000, 11.47 W, 0 %, 31900 MiB
2026/10/01 02:41:13.034, 180 MHz, 405 MHz, 0x0000000000000000, 11.26 W, 0 %, 31900 MiB
2026/10/01 02:41:13.548, 2917 MHz, 13801 MHz, 0x0000000000000000, 76.71 W, 95 %, 31900 MiB
2026/10/01 02:41:14.063, 2910 MHz, 13801 MHz, 0x0000000000000000, 240.95 W, 94 %, 31900 MiB
2026/10/01 02:41:14.577, 2910 MHz, 13801 MHz, 0x0000000000000000, 340.62 W, 95 %, 31900 MiB
2026/10/01 02:41:15.080, 2910 MHz, 13801 MHz, 0x0000000000000000, 335.47 W, 95 %, 31900 MiB
2026/10/01 02:41:15.582, 2910 MHz, 13801 MHz, 0x0000000000000000, 335.91 W, 94 %, 31900 MiB
2026/10/01 02:41:16.088, 2910 MHz, 13801 MHz, 0x0000000000000000, 341.35 W, 93 %, 31900 MiB
2026/10/01 02:41:16.592, 2910 MHz, 13801 MHz, 0x0000000000000000, 332.41 W, 94 %, 31900 MiB
2026/10/01 02:41:17.096, 2910 MHz, 13801 MHz, 0x0000000000000000, 335.06 W, 95 %, 31900 MiB
2026/10/01 02:41:17.597, 2910 MHz, 13801 MHz, 0x0000000000000000, 336.93 W, 95 %, 31900 MiB
2026/10/01 02:41:18.113, 2910 MHz, 13801 MHz, 0x0000000000000000, 336.05 W, 96 %, 31900 MiB
2026/10/01 02:41:18.615, 2910 MHz, 13801 MHz, 0x0000000000000000, 336.33 W, 96 %, 31900 MiB
2026/10/01 02:41:19.127, 2910 MHz, 13801 MHz, 0x0000000000000000, 334.17 W, 68 %, 31908 MiB
2026/10/01 02:41:19.637, 2910 MHz, 13801 MHz, 0x0000000000000000, 334.95 W, 95 %, 31908 MiB
2026/10/01 02:41:20.139, 2910 MHz, 13801 MHz, 0x0000000000000000, 341.48 W, 96 %, 31900 MiB
2026/10/01 02:41:20.641, 2910 MHz, 13801 MHz, 0x0000000000000000, 340.78 W, 88 %, 31900 MiB
2026/10/01 02:41:21.154, 2910 MHz, 13801 MHz, 0x0000000000000000, 342.03 W, 95 %, 31900 MiB
2026/10/01 02:41:21.655, 2910 MHz, 13801 MHz, 0x0000000000000000, 343.60 W, 93 %, 31900 MiB
2026/10/01 02:41:22.167, 2910 MHz, 13801 MHz, 0x0000000000000000, 339.09 W, 95 %, 31900 MiB
2026/10/01 02:41:22.682, 2910 MHz, 13801 MHz, 0x0000000000000000, 341.71 W, 94 %, 31900 MiB
2026/10/01 02:41:23.183, 2910 MHz, 13801 MHz, 0x0000000000000000, 345.90 W, 96 %, 31900 MiB
2026/10/01 02:41:23.697, 2925 MHz, 13801 MHz, 0x0000000000000000, 243.83 W, 0 %, 31900 MiB
2026/10/01 02:41:24.211, 2925 MHz, 13801 MHz, 0x0000000000000000, 118.47 W, 0 %, 31900 MiB
2026/10/01 02:41:24.724, 2925 MHz, 13801 MHz, 0x0000000000000000, 93.66 W, 0 %, 31900 MiB
2026/10/01 02:41:25.224, 2932 MHz, 13801 MHz, 0x0000000000000000, 93.42 W, 0 %, 31900 MiB
2026/10/01 02:41:25.726, 562 MHz, 7001 MHz, 0x0000000000000000, 66.00 W, 0 %, 31900 MiB
2026/10/01 02:41:26.226, 450 MHz, 7001 MHz, 0x0000000000000000, 37.13 W, 0 %, 31900 MiB
2026/10/01 02:41:26.728, 390 MHz, 7001 MHz, 0x0000000000000000, 35.76 W, 0 %, 31900 MiB
2026/10/01 02:41:27.241, 285 MHz, 7001 MHz, 0x0000000000000000, 35.56 W, 0 %, 31900 MiB
2026/10/01 02:41:27.755, 255 MHz, 7001 MHz, 0x0000000000000000, 35.40 W, 0 %, 31900 MiB
2026/10/01 02:41:28.268, 255 MHz, 7001 MHz, 0x0000000000000000, 35.40 W, 0 %, 31900 MiB
2026/10/01 02:41:28.783, 180 MHz, 7001 MHz, 0x0000000000000000, 34.70 W, 0 %, 31900 MiB
2026/10/01 02:41:29.296, 180 MHz, 7001 MHz, 0x0000000000000000, 34.70 W, 0 %, 31900 MiB
2026/10/01 02:41:29.811, 180 MHz, 7001 MHz, 0x0000000000000000, 34.83 W, 0 %, 31900 MiB
2026/10/01 02:41:30.324, 180 MHz, 7001 MHz, 0x0000000000000000, 34.83 W, 0 %, 31900 MiB
2026/10/01 02:41:30.833, 180 MHz, 810 MHz, 0x0000000000000000, 25.71 W, 0 %, 31900 MiB
2026/10/01 02:41:31.342, 180 MHz, 810 MHz, 0x0000000000000000, 25.71 W, 0 %, 31900 MiB
2026/10/01 02:41:31.854, 180 MHz, 405 MHz, 0x0000000000000000, 13.98 W, 0 %, 31900 MiB
2026/10/01 02:41:32.365, 180 MHz, 405 MHz, 0x0000000000000000, 13.98 W, 0 %, 31900 MiB
2026/10/01 02:41:32.874, 180 MHz, 405 MHz, 0x0000000000000000, 11.13 W, 0 %, 31900 MiB
2026/10/01 02:41:33.384, 180 MHz, 405 MHz, 0x0000000000000000, 11.78 W, 0 %, 31900 MiB
2026/10/01 02:41:33.894, 2932 MHz, 13801 MHz, 0x0000000000000000, 109.28 W, 95 %, 31900 MiB
2026/10/01 02:41:34.405, 2910 MHz, 13801 MHz, 0x0000000000000000, 287.54 W, 91 %, 31900 MiB
2026/10/01 02:41:34.912, 2910 MHz, 13801 MHz, 0x0000000000000000, 336.29 W, 96 %, 31900 MiB
2026/10/01 02:41:35.419, 2910 MHz, 13801 MHz, 0x0000000000000000, 336.39 W, 94 %, 31900 MiB
2026/10/01 02:41:35.926, 2910 MHz, 13801 MHz, 0x0000000000000000, 333.25 W, 96 %, 31900 MiB
2026/10/01 02:41:36.433, 2910 MHz, 13801 MHz, 0x0000000000000000, 338.13 W, 95 %, 31900 MiB
2026/10/01 02:41:36.939, 2910 MHz, 13801 MHz, 0x0000000000000000, 337.81 W, 95 %, 31900 MiB
2026/10/01 02:41:37.449, 2910 MHz, 13801 MHz, 0x0000000000000000, 334.99 W, 95 %, 31900 MiB
2026/10/01 02:41:37.956, 2910 MHz, 13801 MHz, 0x0000000000000000, 335.55 W, 95 %, 31900 MiB
2026/10/01 02:41:38.464, 2910 MHz, 13801 MHz, 0x0000000000000000, 339.99 W, 95 %, 31900 MiB
2026/10/01 02:41:38.970, 2910 MHz, 13801 MHz, 0x0000000000000000, 342.07 W, 95 %, 31900 MiB
2026/10/01 02:41:39.479, 2910 MHz, 13801 MHz, 0x0000000000000000, 340.03 W, 94 %, 31900 MiB
2026/10/01 02:41:39.988, 2910 MHz, 13801 MHz, 0x0000000000000000, 341.83 W, 94 %, 31905 MiB
2026/10/01 02:41:40.497, 2910 MHz, 13801 MHz, 0x0000000000000000, 339.24 W, 95 %, 31905 MiB
2026/10/01 02:41:41.006, 2910 MHz, 13801 MHz, 0x0000000000000000, 339.99 W, 95 %, 31900 MiB
2026/10/01 02:41:41.513, 2910 MHz, 13801 MHz, 0x0000000000000000, 340.85 W, 94 %, 31900 MiB
2026/10/01 02:41:42.020, 2910 MHz, 13801 MHz, 0x0000000000000000, 339.67 W, 96 %, 31900 MiB
2026/10/01 02:41:42.530, 2910 MHz, 13801 MHz, 0x0000000000000000, 336.22 W, 95 %, 31900 MiB
2026/10/01 02:41:43.036, 2910 MHz, 13801 MHz, 0x0000000000000000, 341.12 W, 96 %, 31900 MiB
2026/10/01 02:41:43.542, 2910 MHz, 13801 MHz, 0x0000000000000000, 342.30 W, 95 %, 31900 MiB
2026/10/01 02:41:44.049, 2910 MHz, 13801 MHz, 0x0000000000000000, 341.23 W, 95 %, 31900 MiB
2026/10/01 02:41:44.555, 2910 MHz, 13801 MHz, 0x0000000000000000, 340.29 W, 95 %, 31900 MiB
2026/10/01 02:41:45.062, 2910 MHz, 13801 MHz, 0x0000000000000000, 338.96 W, 96 %, 31900 MiB
2026/10/01 02:41:45.572, 2910 MHz, 13801 MHz, 0x0000000000000000, 342.11 W, 94 %, 31900 MiB
2026/10/01 02:41:46.078, 2910 MHz, 13801 MHz, 0x0000000000000000, 341.18 W, 95 %, 31900 MiB
2026/10/01 02:41:46.584, 2910 MHz, 13801 MHz, 0x0000000000000000, 341.44 W, 96 %, 31900 MiB
2026/10/01 02:41:47.091, 2910 MHz, 13801 MHz, 0x0000000000000000, 341.69 W, 95 %, 31900 MiB
2026/10/01 02:41:47.598, 2910 MHz, 13801 MHz, 0x0000000000000000, 337.92 W, 80 %, 31900 MiB
2026/10/01 02:41:48.106, 2910 MHz, 13801 MHz, 0x0000000000000000, 342.85 W, 95 %, 31900 MiB
2026/10/01 02:41:48.612, 2910 MHz, 13801 MHz, 0x0000000000000000, 340.45 W, 94 %, 31900 MiB
2026/10/01 02:41:49.120, 2910 MHz, 13801 MHz, 0x0000000000000000, 339.19 W, 96 %, 31900 MiB
2026/10/01 02:41:49.629, 2910 MHz, 13801 MHz, 0x0000000000000000, 339.25 W, 95 %, 31900 MiB
2026/10/01 02:41:50.136, 2910 MHz, 13801 MHz, 0x0000000000000000, 337.57 W, 95 %, 31900 MiB
2026/10/01 02:41:50.643, 2910 MHz, 13801 MHz, 0x0000000000000000, 342.04 W, 95 %, 31900 MiB
2026/10/01 02:41:51.150, 2910 MHz, 13801 MHz, 0x0000000000000000, 341.53 W, 95 %, 31900 MiB
2026/10/01 02:41:51.655, 2910 MHz, 13801 MHz, 0x0000000000000000, 336.50 W, 96 %, 31900 MiB
2026/10/01 02:41:52.161, 2910 MHz, 13801 MHz, 0x0000000000000000, 340.87 W, 94 %, 31900 MiB
2026/10/01 02:41:52.669, 2910 MHz, 13801 MHz, 0x0000000000000000, 344.04 W, 95 %, 31900 MiB
2026/10/01 02:41:53.175, 2910 MHz, 13801 MHz, 0x0000000000000000, 339.96 W, 95 %, 31900 MiB
2026/10/01 02:41:53.685, 2910 MHz, 13801 MHz, 0x0000000000000000, 341.80 W, 95 %, 31900 MiB
2026/10/01 02:41:54.194, 2910 MHz, 13801 MHz, 0x0000000000000000, 340.95 W, 95 %, 31900 MiB
2026/10/01 02:41:54.702, 2910 MHz, 13801 MHz, 0x0000000000000000, 338.23 W, 95 %, 31900 MiB
2026/10/01 02:41:55.208, 2910 MHz, 13801 MHz, 0x0000000000000000, 340.29 W, 95 %, 31900 MiB
2026/10/01 02:41:55.715, 2910 MHz, 13801 MHz, 0x0000000000000000, 346.16 W, 95 %, 31900 MiB
2026/10/01 02:41:56.220, 2910 MHz, 13801 MHz, 0x0000000000000000, 345.26 W, 95 %, 31900 MiB
2026/10/01 02:41:56.727, 2910 MHz, 13801 MHz, 0x0000000000000000, 340.03 W, 95 %, 31900 MiB
2026/10/01 02:41:57.235, 2910 MHz, 13801 MHz, 0x0000000000000000, 347.03 W, 95 %, 31900 MiB
2026/10/01 02:41:57.741, 2910 MHz, 13801 MHz, 0x0000000000000000, 346.61 W, 95 %, 31900 MiB
2026/10/01 02:41:58.247, 2910 MHz, 13801 MHz, 0x0000000000000000, 342.92 W, 95 %, 31900 MiB
2026/10/01 02:41:58.754, 2910 MHz, 13801 MHz, 0x0000000000000000, 343.72 W, 95 %, 31900 MiB
2026/10/01 02:41:59.259, 2910 MHz, 13801 MHz, 0x0000000000000000, 342.69 W, 80 %, 31900 MiB
2026/10/01 02:41:59.767, 2910 MHz, 13801 MHz, 0x0000000000000000, 343.44 W, 95 %, 31900 MiB
2026/10/01 02:42:00.274, 2910 MHz, 13801 MHz, 0x0000000000000000, 344.58 W, 76 %, 31900 MiB
2026/10/01 02:42:00.782, 2910 MHz, 13801 MHz, 0x0000000000000000, 341.57 W, 95 %, 31900 MiB
2026/10/01 02:42:01.289, 2910 MHz, 13801 MHz, 0x0000000000000000, 339.11 W, 95 %, 31908 MiB
2026/10/01 02:42:01.796, 2910 MHz, 13801 MHz, 0x0000000000000000, 332.65 W, 95 %, 31908 MiB
2026/10/01 02:42:02.301, 2910 MHz, 13801 MHz, 0x0000000000000000, 335.30 W, 94 %, 31900 MiB
2026/10/01 02:42:02.809, 2910 MHz, 13801 MHz, 0x0000000000000000, 342.73 W, 95 %, 31900 MiB
2026/10/01 02:42:03.315, 2910 MHz, 13801 MHz, 0x0000000000000000, 343.99 W, 94 %, 31900 MiB
2026/10/01 02:42:03.820, 2910 MHz, 13801 MHz, 0x0000000000000000, 344.22 W, 96 %, 31900 MiB
2026/10/01 02:42:04.327, 2910 MHz, 13801 MHz, 0x0000000000000000, 341.63 W, 80 %, 31900 MiB
2026/10/01 02:42:04.836, 2910 MHz, 13801 MHz, 0x0000000000000000, 343.33 W, 95 %, 31900 MiB
2026/10/01 02:42:05.343, 2910 MHz, 13801 MHz, 0x0000000000000000, 338.34 W, 95 %, 31900 MiB
2026/10/01 02:42:05.848, 2910 MHz, 13801 MHz, 0x0000000000000000, 339.97 W, 96 %, 31900 MiB
2026/10/01 02:42:06.352, 2910 MHz, 13801 MHz, 0x0000000000000000, 343.69 W, 85 %, 31900 MiB
2026/10/01 02:42:06.861, 2910 MHz, 13801 MHz, 0x0000000000000000, 346.15 W, 92 %, 31900 MiB
2026/10/01 02:42:07.368, 2910 MHz, 13801 MHz, 0x0000000000000000, 340.29 W, 96 %, 31900 MiB
2026/10/01 02:42:07.877, 2910 MHz, 13801 MHz, 0x0000000000000000, 337.70 W, 95 %, 31900 MiB
2026/10/01 02:42:08.386, 2910 MHz, 13801 MHz, 0x0000000000000000, 337.70 W, 77 %, 31900 MiB
2026/10/01 02:42:08.895, 2910 MHz, 13801 MHz, 0x0000000000000000, 341.53 W, 96 %, 31900 MiB
2026/10/01 02:42:09.404, 2910 MHz, 13801 MHz, 0x0000000000000000, 343.02 W, 95 %, 31900 MiB
2026/10/01 02:42:09.911, 2910 MHz, 13801 MHz, 0x0000000000000000, 344.34 W, 83 %, 31900 MiB
2026/10/01 02:42:10.417, 2910 MHz, 13801 MHz, 0x0000000000000000, 343.22 W, 76 %, 31900 MiB
2026/10/01 02:42:10.925, 2910 MHz, 13801 MHz, 0x0000000000000000, 339.52 W, 95 %, 31900 MiB
2026/10/01 02:42:11.432, 2910 MHz, 13801 MHz, 0x0000000000000000, 343.77 W, 96 %, 31900 MiB
2026/10/01 02:42:11.940, 2910 MHz, 13801 MHz, 0x0000000000000000, 348.09 W, 95 %, 31900 MiB
2026/10/01 02:42:12.445, 2910 MHz, 13801 MHz, 0x0000000000000000, 342.28 W, 95 %, 31900 MiB
2026/10/01 02:42:12.950, 2910 MHz, 13801 MHz, 0x0000000000000000, 339.45 W, 95 %, 31900 MiB
2026/10/01 02:42:13.456, 2910 MHz, 13801 MHz, 0x0000000000000000, 340.98 W, 94 %, 31900 MiB
2026/10/01 02:42:13.966, 2910 MHz, 13801 MHz, 0x0000000000000000, 340.73 W, 94 %, 31900 MiB
2026/10/01 02:42:14.475, 2910 MHz, 13801 MHz, 0x0000000000000000, 338.46 W, 95 %, 31900 MiB
2026/10/01 02:42:14.983, 2910 MHz, 13801 MHz, 0x0000000000000000, 340.20 W, 95 %, 31900 MiB
2026/10/01 02:42:15.490, 2910 MHz, 13801 MHz, 0x0000000000000000, 340.55 W, 79 %, 31900 MiB
2026/10/01 02:42:15.996, 2910 MHz, 13801 MHz, 0x0000000000000000, 346.35 W, 95 %, 31900 MiB
2026/10/01 02:42:16.502, 2910 MHz, 13801 MHz, 0x0000000000000000, 347.60 W, 95 %, 31900 MiB
2026/10/01 02:42:17.013, 2910 MHz, 13801 MHz, 0x0000000000000000, 347.24 W, 95 %, 31900 MiB
2026/10/01 02:42:17.517, 2910 MHz, 13801 MHz, 0x0000000000000000, 348.51 W, 95 %, 31900 MiB
2026/10/01 02:42:18.024, 2910 MHz, 13801 MHz, 0x0000000000000000, 347.59 W, 95 %, 31900 MiB
2026/10/01 02:42:18.532, 2910 MHz, 13801 MHz, 0x0000000000000000, 343.41 W, 96 %, 31900 MiB
2026/10/01 02:42:19.039, 2910 MHz, 13801 MHz, 0x0000000000000000, 346.07 W, 95 %, 31900 MiB
2026/10/01 02:42:19.546, 2910 MHz, 13801 MHz, 0x0000000000000000, 346.48 W, 95 %, 31900 MiB
2026/10/01 02:42:20.053, 2910 MHz, 13801 MHz, 0x0000000000000000, 343.85 W, 95 %, 31900 MiB
2026/10/01 02:42:20.558, 2910 MHz, 13801 MHz, 0x0000000000000000, 348.40 W, 95 %, 31900 MiB
2026/10/01 02:42:21.069, 2910 MHz, 13801 MHz, 0x0000000000000000, 348.16 W, 81 %, 31900 MiB
2026/10/01 02:42:21.576, 2910 MHz, 13801 MHz, 0x0000000000000000, 348.38 W, 95 %, 31900 MiB
2026/10/01 02:42:22.083, 2910 MHz, 13801 MHz, 0x0000000000000000, 340.52 W, 95 %, 31900 MiB
2026/10/01 02:42:22.589, 2910 MHz, 13801 MHz, 0x0000000000000000, 345.07 W, 94 %, 31908 MiB
2026/10/01 02:42:23.095, 2910 MHz, 13801 MHz, 0x0000000000000000, 336.65 W, 95 %, 31908 MiB
2026/10/01 02:42:23.602, 2910 MHz, 13801 MHz, 0x0000000000000000, 333.20 W, 95 %, 31900 MiB
2026/10/01 02:42:24.110, 2910 MHz, 13801 MHz, 0x0000000000000000, 348.11 W, 95 %, 31900 MiB
2026/10/01 02:42:24.615, 2910 MHz, 13801 MHz, 0x0000000000000000, 346.58 W, 94 %, 31900 MiB
2026/10/01 02:42:25.125, 2910 MHz, 13801 MHz, 0x0000000000000000, 340.10 W, 93 %, 31900 MiB
2026/10/01 02:42:25.632, 2910 MHz, 13801 MHz, 0x0000000000000000, 346.81 W, 95 %, 31900 MiB
2026/10/01 02:42:26.139, 2910 MHz, 13801 MHz, 0x0000000000000000, 346.21 W, 95 %, 31900 MiB
2026/10/01 02:42:26.645, 2910 MHz, 13801 MHz, 0x0000000000000000, 343.17 W, 95 %, 31900 MiB
2026/10/01 02:42:27.152, 2910 MHz, 13801 MHz, 0x0000000000000000, 346.28 W, 85 %, 31900 MiB
2026/10/01 02:42:27.655, 2910 MHz, 13801 MHz, 0x0000000000000000, 345.43 W, 95 %, 31900 MiB
2026/10/01 02:42:28.165, 2910 MHz, 13801 MHz, 0x0000000000000000, 343.21 W, 95 %, 31903 MiB
2026/10/01 02:42:28.671, 2910 MHz, 13801 MHz, 0x0000000000000000, 343.29 W, 95 %, 31903 MiB
2026/10/01 02:42:29.178, 2910 MHz, 13801 MHz, 0x0000000000000000, 348.13 W, 95 %, 31900 MiB
2026/10/01 02:42:29.685, 2910 MHz, 13801 MHz, 0x0000000000000000, 348.92 W, 95 %, 31900 MiB
2026/10/01 02:42:30.192, 2910 MHz, 13801 MHz, 0x0000000000000000, 341.75 W, 95 %, 31900 MiB
2026/10/01 02:42:30.698, 2910 MHz, 13801 MHz, 0x0000000000000000, 347.53 W, 96 %, 31900 MiB
2026/10/01 02:42:31.206, 2910 MHz, 13801 MHz, 0x0000000000000000, 347.09 W, 96 %, 31900 MiB
2026/10/01 02:42:31.710, 2910 MHz, 13801 MHz, 0x0000000000000000, 343.67 W, 95 %, 31894 MiB
2026/10/01 02:42:32.218, 2910 MHz, 13801 MHz, 0x0000000000000000, 347.12 W, 94 %, 31894 MiB
2026/10/01 02:42:32.727, 2910 MHz, 13801 MHz, 0x0000000000000000, 349.35 W, 80 %, 31894 MiB
2026/10/01 02:42:33.234, 2910 MHz, 13801 MHz, 0x0000000000000000, 347.27 W, 86 %, 31894 MiB
2026/10/01 02:42:33.740, 2910 MHz, 13801 MHz, 0x0000000000000000, 342.36 W, 80 %, 31894 MiB
2026/10/01 02:42:34.250, 2910 MHz, 13801 MHz, 0x0000000000000000, 320.19 W, 0 %, 31894 MiB
2026/10/01 02:42:34.761, 2925 MHz, 13801 MHz, 0x0000000000000000, 210.87 W, 0 %, 31894 MiB
2026/10/01 02:42:35.274, 2925 MHz, 13801 MHz, 0x0000000000000000, 99.09 W, 0 %, 31894 MiB
2026/10/01 02:42:35.788, 2925 MHz, 13801 MHz, 0x0000000000000000, 97.97 W, 0 %, 31894 MiB
2026/10/01 02:42:36.300, 2880 MHz, 13801 MHz, 0x0000000000000000, 87.46 W, 0 %, 31894 MiB
2026/10/01 02:42:36.810, 510 MHz, 7001 MHz, 0x0000000000000000, 60.76 W, 0 %, 31894 MiB
2026/10/01 02:42:37.324, 412 MHz, 7001 MHz, 0x0000000000000000, 37.55 W, 0 %, 31894 MiB
2026/10/01 02:42:37.836, 412 MHz, 7001 MHz, 0x0000000000000000, 37.55 W, 0 %, 31894 MiB
2026/10/01 02:42:38.349, 255 MHz, 7001 MHz, 0x0000000000000000, 36.17 W, 0 %, 31894 MiB
2026/10/01 02:42:38.864, 255 MHz, 7001 MHz, 0x0000000000000000, 36.17 W, 0 %, 31894 MiB
2026/10/01 02:42:39.380, 180 MHz, 7001 MHz, 0x0000000000000000, 36.18 W, 0 %, 31894 MiB
2026/10/01 02:42:39.893, 180 MHz, 7001 MHz, 0x0000000000000000, 36.18 W, 0 %, 31894 MiB
2026/10/01 02:42:40.402, 180 MHz, 7001 MHz, 0x0000000000000000, 36.13 W, 0 %, 31894 MiB
2026/10/01 02:42:40.913, 180 MHz, 7001 MHz, 0x0000000000000000, 36.13 W, 0 %, 31894 MiB
2026/10/01 02:42:41.425, 180 MHz, 810 MHz, 0x0000000000000000, 20.29 W, 0 %, 31894 MiB
2026/10/01 02:42:41.938, 180 MHz, 810 MHz, 0x0000000000000000, 20.29 W, 0 %, 31894 MiB
2026/10/01 02:42:42.449, 180 MHz, 405 MHz, 0x0000000000000000, 14.04 W, 0 %, 31894 MiB
2026/10/01 02:42:42.965, 180 MHz, 405 MHz, 0x0000000000000000, 14.04 W, 0 %, 31894 MiB
2026/10/01 02:42:43.477, 172 MHz, 405 MHz, 0x0000000000000000, 12.13 W, 0 %, 31894 MiB
2026/10/01 02:42:43.988, 172 MHz, 405 MHz, 0x0000000000000000, 12.13 W, 0 %, 31899 MiB
2026/10/01 02:42:44.500, 180 MHz, 405 MHz, 0x0000000000000000, 13.90 W, 0 %, 31899 MiB
2026/10/01 02:42:45.014, 180 MHz, 405 MHz, 0x0000000000000000, 14.99 W, 0 %, 31894 MiB
2026/10/01 02:42:45.526, 180 MHz, 405 MHz, 0x0000000000000000, 15.04 W, 0 %, 31894 MiB
2026/10/01 02:42:46.041, 180 MHz, 405 MHz, 0x0000000000000000, 15.04 W, 0 %, 31894 MiB
2026/10/01 02:42:46.554, 180 MHz, 405 MHz, 0x0000000000000000, 11.80 W, 0 %, 31894 MiB
2026/10/01 02:42:47.054, 180 MHz, 405 MHz, 0x0000000000000000, 11.80 W, 0 %, 31894 MiB
2026/10/01 02:42:47.568, 180 MHz, 405 MHz, 0x0000000000000000, 11.87 W, 0 %, 31894 MiB
2026/10/01 02:42:48.068, 180 MHz, 405 MHz, 0x0000000000000000, 11.87 W, 0 %, 31894 MiB
2026/10/01 02:42:48.581, 180 MHz, 405 MHz, 0x0000000000000000, 11.46 W, 0 %, 31894 MiB
2026/10/01 02:42:49.094, 180 MHz, 405 MHz, 0x0000000000000000, 11.46 W, 0 %, 31894 MiB
2026/10/01 02:42:49.606, 180 MHz, 405 MHz, 0x0000000000000000, 11.58 W, 0 %, 31894 MiB
2026/10/01 02:42:50.109, 180 MHz, 405 MHz, 0x0000000000000000, 11.94 W, 9 %, 31894 MiB
2026/10/01 02:42:50.625, 2925 MHz, 13801 MHz, 0x0000000000000000, 127.58 W, 95 %, 31894 MiB
2026/10/01 02:42:51.126, 2910 MHz, 13801 MHz, 0x0000000000000000, 200.19 W, 95 %, 31894 MiB
2026/10/01 02:42:51.639, 2910 MHz, 13801 MHz, 0x0000000000000000, 344.65 W, 95 %, 31894 MiB
2026/10/01 02:42:52.155, 2910 MHz, 13801 MHz, 0x0000000000000000, 342.67 W, 95 %, 31894 MiB
2026/10/01 02:42:52.667, 2910 MHz, 13801 MHz, 0x0000000000000000, 343.11 W, 96 %, 31894 MiB
2026/10/01 02:42:53.180, 2910 MHz, 13801 MHz, 0x0000000000000000, 344.07 W, 81 %, 31894 MiB
2026/10/01 02:42:53.695, 2910 MHz, 13801 MHz, 0x0000000000000000, 343.44 W, 96 %, 31894 MiB
2026/10/01 02:42:54.209, 2910 MHz, 13801 MHz, 0x0000000000000000, 343.03 W, 95 %, 31894 MiB
2026/10/01 02:42:54.724, 2910 MHz, 13801 MHz, 0x0000000000000000, 342.29 W, 94 %, 31894 MiB
2026/10/01 02:42:55.237, 2910 MHz, 13801 MHz, 0x0000000000000000, 343.52 W, 93 %, 31894 MiB
2026/10/01 02:42:55.751, 2910 MHz, 13801 MHz, 0x0000000000000000, 346.58 W, 94 %, 31894 MiB
2026/10/01 02:42:56.255, 2910 MHz, 13801 MHz, 0x0000000000000000, 341.53 W, 95 %, 31894 MiB
2026/10/01 02:42:56.769, 2910 MHz, 13801 MHz, 0x0000000000000000, 342.46 W, 95 %, 31894 MiB
2026/10/01 02:42:57.283, 2910 MHz, 13801 MHz, 0x0000000000000000, 347.21 W, 94 %, 31894 MiB
2026/10/01 02:42:57.784, 2910 MHz, 13801 MHz, 0x0000000000000000, 343.59 W, 95 %, 31894 MiB
2026/10/01 02:42:58.298, 2910 MHz, 13801 MHz, 0x0000000000000000, 344.50 W, 95 %, 31894 MiB
2026/10/01 02:42:58.813, 2910 MHz, 13801 MHz, 0x0000000000000000, 347.11 W, 94 %, 31894 MiB
2026/10/01 02:42:59.328, 2910 MHz, 13801 MHz, 0x0000000000000000, 339.55 W, 96 %, 31894 MiB
2026/10/01 02:42:59.843, 2910 MHz, 13801 MHz, 0x0000000000000000, 339.82 W, 94 %, 31894 MiB
2026/10/01 02:43:00.356, 2910 MHz, 13801 MHz, 0x0000000000000000, 346.31 W, 88 %, 31894 MiB
2026/10/01 02:43:00.859, 2910 MHz, 13801 MHz, 0x0000000000000000, 338.22 W, 96 %, 31894 MiB
2026/10/01 02:43:01.371, 2910 MHz, 13801 MHz, 0x0000000000000000, 338.09 W, 96 %, 31894 MiB
2026/10/01 02:43:01.886, 2910 MHz, 13801 MHz, 0x0000000000000000, 328.70 W, 17 %, 31894 MiB
2026/10/01 02:43:12.576, 180 MHz, 405 MHz, 0x0000000000000000, 11.57 W, 0 %, 31894 MiB
2026/10/01 02:43:13.087, 2790 MHz, 13801 MHz, 0x0000000000000000, 62.62 W, 93 %, 31894 MiB
2026/10/01 02:43:13.598, 2910 MHz, 13801 MHz, 0x0000000000000000, 222.26 W, 95 %, 31894 MiB
2026/10/01 02:43:14.111, 2910 MHz, 13801 MHz, 0x0000000000000000, 342.46 W, 92 %, 31894 MiB
2026/10/01 02:43:14.625, 2910 MHz, 13801 MHz, 0x0000000000000000, 333.11 W, 96 %, 31896 MiB
2026/10/01 02:43:15.139, 2910 MHz, 13801 MHz, 0x0000000000000000, 335.03 W, 96 %, 31894 MiB
2026/10/01 02:43:15.639, 2910 MHz, 13801 MHz, 0x0000000000000000, 346.60 W, 96 %, 31894 MiB
2026/10/01 02:43:16.154, 2910 MHz, 13801 MHz, 0x0000000000000000, 337.14 W, 96 %, 31896 MiB
2026/10/01 02:43:16.655, 2910 MHz, 13801 MHz, 0x0000000000000000, 337.88 W, 96 %, 31894 MiB
2026/10/01 02:43:17.168, 2910 MHz, 13801 MHz, 0x0000000000000000, 345.59 W, 94 %, 31894 MiB
2026/10/01 02:43:17.673, 2910 MHz, 13801 MHz, 0x0000000000000000, 340.16 W, 96 %, 31894 MiB
2026/10/01 02:43:18.187, 2910 MHz, 13801 MHz, 0x0000000000000000, 341.84 W, 95 %, 31894 MiB
2026/10/01 02:43:18.689, 2910 MHz, 13801 MHz, 0x0000000000000000, 337.62 W, 64 %, 31894 MiB
2026/10/01 02:43:19.190, 2910 MHz, 13801 MHz, 0x0000000000000000, 337.75 W, 95 %, 31894 MiB
2026/10/01 02:43:19.704, 2910 MHz, 13801 MHz, 0x0000000000000000, 338.81 W, 94 %, 31894 MiB
2026/10/01 02:43:20.217, 2910 MHz, 13801 MHz, 0x0000000000000000, 335.44 W, 94 %, 31894 MiB
2026/10/01 02:43:20.728, 2910 MHz, 13801 MHz, 0x0000000000000000, 336.64 W, 96 %, 31894 MiB
2026/10/01 02:43:21.244, 2910 MHz, 13801 MHz, 0x0000000000000000, 345.85 W, 91 %, 31894 MiB
2026/10/01 02:43:21.746, 2910 MHz, 13801 MHz, 0x0000000000000000, 340.39 W, 96 %, 31894 MiB
2026/10/01 02:43:22.247, 2910 MHz, 13801 MHz, 0x0000000000000000, 340.43 W, 96 %, 31894 MiB
2026/10/01 02:43:22.756, 2910 MHz, 13801 MHz, 0x0000000000000000, 346.75 W, 95 %, 31894 MiB
2026/10/01 02:43:23.265, 2917 MHz, 13801 MHz, 0x0000000000000000, 267.77 W, 0 %, 31894 MiB
2026/10/01 02:43:23.781, 2925 MHz, 13801 MHz, 0x0000000000000000, 160.49 W, 0 %, 31894 MiB
2026/10/01 02:43:24.296, 2925 MHz, 13801 MHz, 0x0000000000000000, 93.89 W, 0 %, 31894 MiB
2026/10/01 02:43:24.809, 2925 MHz, 13801 MHz, 0x0000000000000000, 93.61 W, 0 %, 31894 MiB
2026/10/01 02:43:25.311, 1012 MHz, 13801 MHz, 0x0000000000000000, 72.81 W, 0 %, 31894 MiB
2026/10/01 02:43:25.812, 465 MHz, 810 MHz, 0x0000000000000000, 46.14 W, 0 %, 31896 MiB
2026/10/01 02:43:26.324, 382 MHz, 810 MHz, 0x0000000000000000, 28.76 W, 0 %, 31894 MiB
2026/10/01 02:43:26.840, 285 MHz, 810 MHz, 0x0000000000000000, 20.26 W, 0 %, 31894 MiB
2026/10/01 02:43:27.342, 210 MHz, 405 MHz, 0x0000000000000000, 15.37 W, 0 %, 31894 MiB
2026/10/01 02:43:27.842, 187 MHz, 405 MHz, 0x0000000000000000, 14.71 W, 0 %, 31894 MiB
2026/10/01 02:43:28.343, 187 MHz, 405 MHz, 0x0000000000000000, 14.71 W, 0 %, 31894 MiB
2026/10/01 02:43:28.844, 180 MHz, 405 MHz, 0x0000000000000000, 11.63 W, 0 %, 31894 MiB
2026/10/01 02:43:29.345, 180 MHz, 405 MHz, 0x0000000000000000, 11.63 W, 0 %, 31894 MiB
2026/10/01 02:43:29.858, 180 MHz, 405 MHz, 0x0000000000000000, 11.46 W, 0 %, 31894 MiB
2026/10/01 02:43:30.372, 180 MHz, 405 MHz, 0x0000000000000000, 11.46 W, 0 %, 31894 MiB
2026/10/01 02:43:30.884, 180 MHz, 405 MHz, 0x0000000000000000, 11.27 W, 0 %, 31894 MiB
2026/10/01 02:43:31.400, 180 MHz, 405 MHz, 0x0000000000000000, 11.27 W, 0 %, 31894 MiB
2026/10/01 02:43:31.915, 180 MHz, 405 MHz, 0x0000000000000000, 11.28 W, 0 %, 31894 MiB
2026/10/01 02:43:32.430, 180 MHz, 405 MHz, 0x0000000000000000, 11.62 W, 0 %, 31894 MiB
2026/10/01 02:43:32.943, 172 MHz, 405 MHz, 0x0000000000000000, 12.74 W, 0 %, 31894 MiB
2026/10/01 02:43:33.452, 2760 MHz, 13801 MHz, 0x0000000000000000, 92.41 W, 96 %, 31894 MiB
2026/10/01 02:43:33.960, 2910 MHz, 13801 MHz, 0x0000000000000000, 219.74 W, 96 %, 31894 MiB
2026/10/01 02:43:34.470, 2910 MHz, 13801 MHz, 0x0000000000000000, 314.71 W, 95 %, 31894 MiB
2026/10/01 02:43:34.974, 2910 MHz, 13801 MHz, 0x0000000000000000, 315.33 W, 95 %, 31894 MiB
2026/10/01 02:43:35.481, 2910 MHz, 13801 MHz, 0x0000000000000000, 309.12 W, 88 %, 31894 MiB
2026/10/01 02:43:35.988, 2910 MHz, 13801 MHz, 0x0000000000000000, 307.54 W, 86 %, 31894 MiB
2026/10/01 02:43:36.495, 2910 MHz, 13801 MHz, 0x0000000000000000, 308.81 W, 97 %, 31894 MiB
2026/10/01 02:43:37.006, 2910 MHz, 13801 MHz, 0x0000000000000000, 306.83 W, 96 %, 31894 MiB
2026/10/01 02:43:37.517, 2910 MHz, 13801 MHz, 0x0000000000000000, 311.21 W, 97 %, 31894 MiB
2026/10/01 02:43:38.028, 2910 MHz, 13801 MHz, 0x0000000000000000, 308.46 W, 97 %, 31896 MiB
2026/10/01 02:43:38.541, 2910 MHz, 13801 MHz, 0x0000000000000000, 308.93 W, 86 %, 31894 MiB
2026/10/01 02:43:39.050, 2917 MHz, 13801 MHz, 0x0000000000000000, 309.39 W, 97 %, 31894 MiB
2026/10/01 02:43:39.561, 2910 MHz, 13801 MHz, 0x0000000000000000, 307.18 W, 97 %, 31894 MiB
2026/10/01 02:43:40.070, 2917 MHz, 13801 MHz, 0x0000000000000000, 306.99 W, 84 %, 31894 MiB
2026/10/01 02:43:40.578, 2917 MHz, 13801 MHz, 0x0000000000000000, 309.14 W, 97 %, 31894 MiB
2026/10/01 02:43:41.087, 2910 MHz, 13801 MHz, 0x0000000000000000, 308.06 W, 83 %, 31894 MiB
2026/10/01 02:43:41.596, 2910 MHz, 13801 MHz, 0x0000000000000000, 307.04 W, 95 %, 31894 MiB
2026/10/01 02:43:42.105, 2910 MHz, 13801 MHz, 0x0000000000000000, 306.83 W, 97 %, 31894 MiB
2026/10/01 02:43:42.616, 2910 MHz, 13801 MHz, 0x0000000000000000, 307.39 W, 97 %, 31894 MiB
2026/10/01 02:43:43.125, 2917 MHz, 13801 MHz, 0x0000000000000000, 305.23 W, 80 %, 31894 MiB
2026/10/01 02:43:43.635, 2917 MHz, 13801 MHz, 0x0000000000000000, 307.78 W, 97 %, 31894 MiB
2026/10/01 02:43:44.145, 2910 MHz, 13801 MHz, 0x0000000000000000, 310.85 W, 97 %, 31894 MiB
2026/10/01 02:43:44.654, 2917 MHz, 13801 MHz, 0x0000000000000000, 309.31 W, 97 %, 31894 MiB
2026/10/01 02:43:45.163, 2910 MHz, 13801 MHz, 0x0000000000000000, 306.24 W, 97 %, 31894 MiB
2026/10/01 02:43:45.672, 2910 MHz, 13801 MHz, 0x0000000000000000, 307.73 W, 85 %, 31894 MiB
2026/10/01 02:43:46.179, 2910 MHz, 13801 MHz, 0x0000000000000000, 307.71 W, 90 %, 31894 MiB
2026/10/01 02:43:46.685, 2910 MHz, 13801 MHz, 0x0000000000000000, 305.27 W, 79 %, 31899 MiB
2026/10/01 02:43:47.191, 2917 MHz, 13801 MHz, 0x0000000000000000, 303.53 W, 97 %, 31899 MiB
2026/10/01 02:43:47.700, 2917 MHz, 13801 MHz, 0x0000000000000000, 305.00 W, 81 %, 31894 MiB
2026/10/01 02:43:48.208, 2910 MHz, 13801 MHz, 0x0000000000000000, 308.24 W, 97 %, 31894 MiB
2026/10/01 02:43:48.719, 2917 MHz, 13801 MHz, 0x0000000000000000, 307.65 W, 82 %, 31894 MiB
2026/10/01 02:43:49.229, 2910 MHz, 13801 MHz, 0x0000000000000000, 310.69 W, 97 %, 31894 MiB
2026/10/01 02:43:49.738, 2917 MHz, 13801 MHz, 0x0000000000000000, 306.98 W, 81 %, 31894 MiB
2026/10/01 02:43:50.249, 2910 MHz, 13801 MHz, 0x0000000000000000, 306.49 W, 97 %, 31894 MiB
2026/10/01 02:43:50.754, 2917 MHz, 13801 MHz, 0x0000000000000000, 310.68 W, 97 %, 31894 MiB
2026/10/01 02:43:51.260, 2910 MHz, 13801 MHz, 0x0000000000000000, 311.36 W, 96 %, 31894 MiB
2026/10/01 02:43:51.770, 2910 MHz, 13801 MHz, 0x0000000000000000, 304.72 W, 82 %, 31894 MiB
2026/10/01 02:43:52.277, 2917 MHz, 13801 MHz, 0x0000000000000000, 306.15 W, 89 %, 31894 MiB
2026/10/01 02:43:52.787, 2917 MHz, 13801 MHz, 0x0000000000000000, 307.77 W, 97 %, 31894 MiB
2026/10/01 02:43:53.293, 2910 MHz, 13801 MHz, 0x0000000000000000, 302.42 W, 97 %, 31894 MiB
2026/10/01 02:43:53.802, 2917 MHz, 13801 MHz, 0x0000000000000000, 303.81 W, 97 %, 31894 MiB
2026/10/01 02:43:54.311, 2910 MHz, 13801 MHz, 0x0000000000000000, 307.45 W, 96 %, 31894 MiB
2026/10/01 02:43:54.818, 2917 MHz, 13801 MHz, 0x0000000000000000, 306.14 W, 96 %, 31894 MiB
2026/10/01 02:43:55.325, 2917 MHz, 13801 MHz, 0x0000000000000000, 309.82 W, 97 %, 31894 MiB
2026/10/01 02:43:55.832, 2910 MHz, 13801 MHz, 0x0000000000000000, 304.86 W, 73 %, 31894 MiB
2026/10/01 02:43:56.338, 2917 MHz, 13801 MHz, 0x0000000000000000, 304.70 W, 97 %, 31894 MiB
2026/10/01 02:43:56.845, 2917 MHz, 13801 MHz, 0x0000000000000000, 307.75 W, 97 %, 31894 MiB
2026/10/01 02:43:57.350, 2910 MHz, 13801 MHz, 0x0000000000000000, 310.62 W, 97 %, 31894 MiB
2026/10/01 02:43:57.856, 2910 MHz, 13801 MHz, 0x0000000000000000, 310.21 W, 97 %, 31894 MiB
2026/10/01 02:43:58.363, 2917 MHz, 13801 MHz, 0x0000000000000000, 309.27 W, 97 %, 31894 MiB
2026/10/01 02:43:58.872, 2917 MHz, 13801 MHz, 0x0000000000000000, 308.21 W, 96 %, 31894 MiB
2026/10/01 02:43:59.378, 2910 MHz, 13801 MHz, 0x0000000000000000, 308.09 W, 96 %, 31894 MiB
2026/10/01 02:43:59.883, 2917 MHz, 13801 MHz, 0x0000000000000000, 309.83 W, 97 %, 31896 MiB
2026/10/01 02:44:00.392, 2910 MHz, 13801 MHz, 0x0000000000000000, 310.41 W, 96 %, 31896 MiB
2026/10/01 02:44:00.902, 2917 MHz, 13801 MHz, 0x0000000000000000, 311.72 W, 96 %, 31894 MiB
2026/10/01 02:44:01.411, 2910 MHz, 13801 MHz, 0x0000000000000000, 309.57 W, 96 %, 31894 MiB
2026/10/01 02:44:01.921, 2910 MHz, 13801 MHz, 0x0000000000000000, 305.78 W, 80 %, 31894 MiB
2026/10/01 02:44:02.430, 2917 MHz, 13801 MHz, 0x0000000000000000, 308.47 W, 97 %, 31894 MiB
2026/10/01 02:44:02.940, 2917 MHz, 13801 MHz, 0x0000000000000000, 314.08 W, 96 %, 31894 MiB
2026/10/01 02:44:03.445, 2910 MHz, 13801 MHz, 0x0000000000000000, 309.83 W, 96 %, 31894 MiB
2026/10/01 02:44:03.954, 2917 MHz, 13801 MHz, 0x0000000000000000, 309.19 W, 95 %, 31894 MiB
2026/10/01 02:44:04.462, 2910 MHz, 13801 MHz, 0x0000000000000000, 311.66 W, 96 %, 31894 MiB
2026/10/01 02:44:04.969, 2910 MHz, 13801 MHz, 0x0000000000000000, 308.31 W, 82 %, 31894 MiB
2026/10/01 02:44:05.476, 2917 MHz, 13801 MHz, 0x0000000000000000, 309.50 W, 95 %, 31894 MiB
2026/10/01 02:44:05.984, 2910 MHz, 13801 MHz, 0x0000000000000000, 313.21 W, 96 %, 31894 MiB
2026/10/01 02:44:06.491, 2917 MHz, 13801 MHz, 0x0000000000000000, 310.23 W, 81 %, 31894 MiB
2026/10/01 02:44:06.997, 2917 MHz, 13801 MHz, 0x0000000000000000, 310.53 W, 95 %, 31894 MiB
2026/10/01 02:44:07.508, 2910 MHz, 13801 MHz, 0x0000000000000000, 313.72 W, 93 %, 31894 MiB
2026/10/01 02:44:08.016, 2917 MHz, 13801 MHz, 0x0000000000000000, 306.57 W, 73 %, 31899 MiB
2026/10/01 02:44:08.522, 2917 MHz, 13801 MHz, 0x0000000000000000, 304.74 W, 96 %, 31899 MiB
2026/10/01 02:44:09.027, 2917 MHz, 13801 MHz, 0x0000000000000000, 308.93 W, 83 %, 31894 MiB
2026/10/01 02:44:09.534, 2917 MHz, 13801 MHz, 0x0000000000000000, 312.68 W, 94 %, 31894 MiB
2026/10/01 02:44:10.042, 2910 MHz, 13801 MHz, 0x0000000000000000, 309.94 W, 96 %, 31894 MiB
2026/10/01 02:44:10.548, 2917 MHz, 13801 MHz, 0x0000000000000000, 308.93 W, 83 %, 31894 MiB
2026/10/01 02:44:11.056, 2917 MHz, 13801 MHz, 0x0000000000000000, 311.69 W, 90 %, 31894 MiB
2026/10/01 02:44:11.562, 2917 MHz, 13801 MHz, 0x0000000000000000, 310.21 W, 96 %, 31894 MiB
2026/10/01 02:44:12.071, 2910 MHz, 13801 MHz, 0x0000000000000000, 307.03 W, 94 %, 31894 MiB
2026/10/01 02:44:12.578, 2910 MHz, 13801 MHz, 0x0000000000000000, 307.29 W, 96 %, 31894 MiB
2026/10/01 02:44:13.085, 2910 MHz, 13801 MHz, 0x0000000000000000, 308.70 W, 81 %, 31894 MiB
2026/10/01 02:44:13.594, 2917 MHz, 13801 MHz, 0x0000000000000000, 310.89 W, 96 %, 31894 MiB
2026/10/01 02:44:14.103, 2917 MHz, 13801 MHz, 0x0000000000000000, 312.87 W, 93 %, 31894 MiB
2026/10/01 02:44:14.610, 2910 MHz, 13801 MHz, 0x0000000000000000, 310.22 W, 95 %, 31894 MiB
2026/10/01 02:44:15.116, 2910 MHz, 13801 MHz, 0x0000000000000000, 308.46 W, 96 %, 31894 MiB
2026/10/01 02:44:15.627, 2917 MHz, 13801 MHz, 0x0000000000000000, 312.81 W, 85 %, 31894 MiB
2026/10/01 02:44:16.134, 2917 MHz, 13801 MHz, 0x0000000000000000, 311.93 W, 81 %, 31894 MiB
2026/10/01 02:44:16.643, 2917 MHz, 13801 MHz, 0x0000000000000000, 311.51 W, 96 %, 31894 MiB
2026/10/01 02:44:17.152, 2910 MHz, 13801 MHz, 0x0000000000000000, 310.68 W, 95 %, 31894 MiB
2026/10/01 02:44:17.659, 2917 MHz, 13801 MHz, 0x0000000000000000, 309.85 W, 95 %, 31894 MiB
2026/10/01 02:44:18.167, 2910 MHz, 13801 MHz, 0x0000000000000000, 312.20 W, 96 %, 31894 MiB
2026/10/01 02:44:18.673, 2917 MHz, 13801 MHz, 0x0000000000000000, 315.29 W, 95 %, 31894 MiB
2026/10/01 02:44:19.181, 2910 MHz, 13801 MHz, 0x0000000000000000, 313.29 W, 96 %, 31894 MiB
2026/10/01 02:44:19.688, 2917 MHz, 13801 MHz, 0x0000000000000000, 311.65 W, 96 %, 31894 MiB
2026/10/01 02:44:20.198, 2917 MHz, 13801 MHz, 0x0000000000000000, 316.96 W, 97 %, 31894 MiB
2026/10/01 02:44:20.706, 2910 MHz, 13801 MHz, 0x0000000000000000, 316.85 W, 82 %, 31894 MiB
2026/10/01 02:44:21.217, 2917 MHz, 13801 MHz, 0x0000000000000000, 311.94 W, 96 %, 31894 MiB
2026/10/01 02:44:21.725, 2917 MHz, 13801 MHz, 0x0000000000000000, 309.33 W, 91 %, 31896 MiB
2026/10/01 02:44:22.232, 2917 MHz, 13801 MHz, 0x0000000000000000, 308.27 W, 96 %, 31896 MiB
2026/10/01 02:44:22.737, 2917 MHz, 13801 MHz, 0x0000000000000000, 308.33 W, 96 %, 31894 MiB
2026/10/01 02:44:23.248, 2917 MHz, 13801 MHz, 0x0000000000000000, 312.40 W, 96 %, 31894 MiB
2026/10/01 02:44:23.758, 2917 MHz, 13801 MHz, 0x0000000000000000, 312.36 W, 88 %, 31894 MiB
2026/10/01 02:44:24.265, 2917 MHz, 13801 MHz, 0x0000000000000000, 313.27 W, 96 %, 31894 MiB
2026/10/01 02:44:24.772, 2917 MHz, 13801 MHz, 0x0000000000000000, 312.68 W, 95 %, 31894 MiB
2026/10/01 02:44:25.278, 2910 MHz, 13801 MHz, 0x0000000000000000, 310.45 W, 96 %, 31894 MiB
2026/10/01 02:44:25.788, 2917 MHz, 13801 MHz, 0x0000000000000000, 314.40 W, 90 %, 31894 MiB
2026/10/01 02:44:26.297, 2917 MHz, 13801 MHz, 0x0000000000000000, 312.51 W, 83 %, 31894 MiB
2026/10/01 02:44:26.805, 2917 MHz, 13801 MHz, 0x0000000000000000, 311.37 W, 96 %, 31894 MiB
2026/10/01 02:44:27.313, 2917 MHz, 13801 MHz, 0x0000000000000000, 311.70 W, 97 %, 31894 MiB
2026/10/01 02:44:27.820, 2917 MHz, 13801 MHz, 0x0000000000000000, 311.95 W, 96 %, 31894 MiB
2026/10/01 02:44:28.326, 2910 MHz, 13801 MHz, 0x0000000000000000, 312.74 W, 96 %, 31894 MiB
2026/10/01 02:44:28.835, 2917 MHz, 13801 MHz, 0x0000000000000000, 311.67 W, 96 %, 31894 MiB
2026/10/01 02:44:29.345, 2910 MHz, 13801 MHz, 0x0000000000000000, 308.24 W, 79 %, 31899 MiB
2026/10/01 02:44:29.853, 2917 MHz, 13801 MHz, 0x0000000000000000, 309.63 W, 87 %, 31899 MiB
2026/10/01 02:44:30.359, 2917 MHz, 13801 MHz, 0x0000000000000000, 315.40 W, 97 %, 31894 MiB
2026/10/01 02:44:30.866, 2910 MHz, 13801 MHz, 0x0000000000000000, 313.24 W, 85 %, 31894 MiB
2026/10/01 02:44:31.373, 2917 MHz, 13801 MHz, 0x0000000000000000, 313.08 W, 96 %, 31894 MiB
2026/10/01 02:44:31.881, 2910 MHz, 13801 MHz, 0x0000000000000000, 313.80 W, 97 %, 31894 MiB
2026/10/01 02:44:32.387, 2910 MHz, 13801 MHz, 0x0000000000000000, 313.07 W, 96 %, 31894 MiB
2026/10/01 02:44:32.893, 2917 MHz, 13801 MHz, 0x0000000000000000, 309.58 W, 80 %, 31894 MiB
2026/10/01 02:44:33.403, 2917 MHz, 13801 MHz, 0x0000000000000000, 314.04 W, 97 %, 31894 MiB
2026/10/01 02:44:33.913, 2910 MHz, 13801 MHz, 0x0000000000000000, 313.54 W, 85 %, 31894 MiB
2026/10/01 02:44:34.424, 2917 MHz, 13801 MHz, 0x0000000000000000, 273.65 W, 0 %, 31894 MiB
2026/10/01 02:44:34.939, 2925 MHz, 13801 MHz, 0x0000000000000000, 178.41 W, 0 %, 31894 MiB
2026/10/01 02:44:35.440, 2925 MHz, 13801 MHz, 0x0000000000000000, 96.66 W, 0 %, 31894 MiB
2026/10/01 02:44:35.956, 2925 MHz, 13801 MHz, 0x0000000000000000, 95.95 W, 0 %, 31894 MiB
2026/10/01 02:44:36.468, 1050 MHz, 7001 MHz, 0x0000000000000000, 75.76 W, 0 %, 31894 MiB
2026/10/01 02:44:36.970, 502 MHz, 7001 MHz, 0x0000000000000000, 50.58 W, 0 %, 31894 MiB
2026/10/01 02:44:37.472, 397 MHz, 7001 MHz, 0x0000000000000000, 37.04 W, 0 %, 31894 MiB
2026/10/01 02:44:37.986, 397 MHz, 7001 MHz, 0x0000000000000000, 37.04 W, 0 %, 31894 MiB
2026/10/01 02:44:38.488, 255 MHz, 7001 MHz, 0x0000000000000000, 35.94 W, 0 %, 31894 MiB
2026/10/01 02:44:38.999, 255 MHz, 7001 MHz, 0x0000000000000000, 35.94 W, 0 %, 31894 MiB
2026/10/01 02:44:39.514, 180 MHz, 7001 MHz, 0x0000000000000000, 35.86 W, 0 %, 31894 MiB
2026/10/01 02:44:40.017, 180 MHz, 7001 MHz, 0x0000000000000000, 35.86 W, 0 %, 31894 MiB
2026/10/01 02:44:40.532, 180 MHz, 810 MHz, 0x0000000000000000, 16.16 W, 0 %, 31894 MiB
2026/10/01 02:44:41.047, 180 MHz, 405 MHz, 0x0000000000000000, 14.01 W, 0 %, 31894 MiB
2026/10/01 02:44:41.561, 180 MHz, 405 MHz, 0x0000000000000000, 14.01 W, 0 %, 31894 MiB
2026/10/01 02:44:42.073, 180 MHz, 405 MHz, 0x0000000000000000, 11.91 W, 0 %, 31894 MiB
2026/10/01 02:44:42.577, 180 MHz, 405 MHz, 0x0000000000000000, 11.91 W, 0 %, 31894 MiB
2026/10/01 02:44:43.087, 172 MHz, 405 MHz, 0x0000000000000000, 11.71 W, 0 %, 31894 MiB
2026/10/01 02:44:43.602, 172 MHz, 405 MHz, 0x0000000000000000, 11.71 W, 0 %, 31894 MiB
2026/10/01 02:44:44.116, 180 MHz, 405 MHz, 0x0000000000000000, 11.90 W, 0 %, 31896 MiB
2026/10/01 02:44:44.618, 180 MHz, 405 MHz, 0x0000000000000000, 12.97 W, 0 %, 31896 MiB
2026/10/01 02:44:45.131, 180 MHz, 405 MHz, 0x0000000000000000, 14.65 W, 0 %, 31894 MiB
2026/10/01 02:44:45.633, 180 MHz, 405 MHz, 0x0000000000000000, 14.75 W, 0 %, 31894 MiB
2026/10/01 02:44:46.134, 180 MHz, 405 MHz, 0x0000000000000000, 14.71 W, 0 %, 31894 MiB
2026/10/01 02:44:46.644, 180 MHz, 405 MHz, 0x0000000000000000, 14.71 W, 0 %, 31894 MiB
2026/10/01 02:44:47.144, 180 MHz, 405 MHz, 0x0000000000000000, 11.82 W, 0 %, 31894 MiB
2026/10/01 02:44:47.658, 180 MHz, 405 MHz, 0x0000000000000000, 11.82 W, 0 %, 31894 MiB
2026/10/01 02:44:48.161, 180 MHz, 405 MHz, 0x0000000000000000, 11.41 W, 0 %, 31894 MiB
2026/10/01 02:44:48.662, 180 MHz, 405 MHz, 0x0000000000000000, 11.41 W, 0 %, 31894 MiB
2026/10/01 02:44:49.166, 180 MHz, 405 MHz, 0x0000000000000000, 11.55 W, 0 %, 31894 MiB
2026/10/01 02:44:49.680, 180 MHz, 405 MHz, 0x0000000000000000, 11.55 W, 0 %, 31894 MiB
2026/10/01 02:44:50.193, 172 MHz, 405 MHz, 0x0000000000000000, 14.40 W, 75 %, 31896 MiB
2026/10/01 02:44:50.695, 2932 MHz, 13801 MHz, 0x0000000000000000, 76.79 W, 95 %, 31896 MiB
2026/10/01 02:44:51.210, 2910 MHz, 13801 MHz, 0x0000000000000000, 298.29 W, 95 %, 31894 MiB
2026/10/01 02:44:51.723, 2910 MHz, 13801 MHz, 0x0000000000000000, 344.95 W, 95 %, 31894 MiB
2026/10/01 02:44:52.236, 2910 MHz, 13801 MHz, 0x0000000000000000, 340.14 W, 95 %, 31894 MiB
2026/10/01 02:44:52.751, 2910 MHz, 13801 MHz, 0x0000000000000000, 341.10 W, 96 %, 31894 MiB
2026/10/01 02:44:53.264, 2910 MHz, 13801 MHz, 0x0000000000000000, 344.91 W, 84 %, 31894 MiB
2026/10/01 02:44:53.778, 2910 MHz, 13801 MHz, 0x0000000000000000, 341.53 W, 96 %, 31894 MiB
2026/10/01 02:44:54.294, 2910 MHz, 13801 MHz, 0x0000000000000000, 341.55 W, 96 %, 31894 MiB
2026/10/01 02:44:54.808, 2910 MHz, 13801 MHz, 0x0000000000000000, 342.82 W, 85 %, 31894 MiB
2026/10/01 02:44:55.323, 2910 MHz, 13801 MHz, 0x0000000000000000, 344.45 W, 96 %, 31894 MiB
2026/10/01 02:44:55.834, 2910 MHz, 13801 MHz, 0x0000000000000000, 345.26 W, 96 %, 31894 MiB
2026/10/01 02:44:56.347, 2910 MHz, 13801 MHz, 0x0000000000000000, 343.51 W, 96 %, 31894 MiB
2026/10/01 02:44:56.861, 2910 MHz, 13801 MHz, 0x0000000000000000, 343.96 W, 95 %, 31894 MiB
2026/10/01 02:44:57.375, 2910 MHz, 13801 MHz, 0x0000000000000000, 348.65 W, 96 %, 31894 MiB
2026/10/01 02:44:57.876, 2910 MHz, 13801 MHz, 0x0000000000000000, 338.22 W, 96 %, 31894 MiB
2026/10/01 02:44:58.389, 2910 MHz, 13801 MHz, 0x0000000000000000, 337.92 W, 96 %, 31894 MiB
2026/10/01 02:44:58.902, 2910 MHz, 13801 MHz, 0x0000000000000000, 348.04 W, 96 %, 31894 MiB
2026/10/01 02:44:59.403, 2910 MHz, 13801 MHz, 0x0000000000000000, 345.51 W, 96 %, 31894 MiB
2026/10/01 02:44:59.917, 2910 MHz, 13801 MHz, 0x0000000000000000, 344.68 W, 95 %, 31894 MiB
2026/10/01 02:45:10.956, 180 MHz, 405 MHz, 0x0000000000000000, 11.86 W, 0 %, 31894 MiB
2026/10/01 02:45:11.467, 180 MHz, 405 MHz, 0x0000000000000000, 14.70 W, 100 %, 31899 MiB
2026/10/01 02:45:11.982, 2932 MHz, 13801 MHz, 0x0000000000000000, 124.39 W, 95 %, 31896 MiB
2026/10/01 02:45:12.482, 2910 MHz, 13801 MHz, 0x0000000000000000, 295.33 W, 94 %, 31894 MiB
2026/10/01 02:45:12.995, 2910 MHz, 13801 MHz, 0x0000000000000000, 340.92 W, 94 %, 31894 MiB
2026/10/01 02:45:13.509, 2910 MHz, 13801 MHz, 0x0000000000000000, 334.36 W, 95 %, 31894 MiB
2026/10/01 02:45:14.010, 2910 MHz, 13801 MHz, 0x0000000000000000, 337.20 W, 96 %, 31894 MiB
2026/10/01 02:45:14.525, 2910 MHz, 13801 MHz, 0x0000000000000000, 344.87 W, 96 %, 31894 MiB
2026/10/01 02:45:15.037, 2910 MHz, 13801 MHz, 0x0000000000000000, 341.43 W, 95 %, 31894 MiB
2026/10/01 02:45:15.551, 2910 MHz, 13801 MHz, 0x0000000000000000, 337.38 W, 63 %, 31894 MiB
2026/10/01 02:45:16.053, 2910 MHz, 13801 MHz, 0x0000000000000000, 338.54 W, 94 %, 31894 MiB
2026/10/01 02:45:16.564, 2910 MHz, 13801 MHz, 0x0000000000000000, 347.69 W, 96 %, 31894 MiB
2026/10/01 02:45:17.080, 2910 MHz, 13801 MHz, 0x0000000000000000, 335.74 W, 96 %, 31894 MiB
2026/10/01 02:45:17.583, 2910 MHz, 13801 MHz, 0x0000000000000000, 335.79 W, 95 %, 31894 MiB
2026/10/01 02:45:18.084, 2910 MHz, 13801 MHz, 0x0000000000000000, 348.05 W, 95 %, 31894 MiB
2026/10/01 02:45:18.586, 2910 MHz, 13801 MHz, 0x0000000000000000, 343.81 W, 96 %, 31894 MiB
2026/10/01 02:45:19.090, 2910 MHz, 13801 MHz, 0x0000000000000000, 341.70 W, 96 %, 31894 MiB
2026/10/01 02:45:19.593, 2910 MHz, 13801 MHz, 0x0000000000000000, 345.74 W, 96 %, 31894 MiB
2026/10/01 02:45:20.096, 2910 MHz, 13801 MHz, 0x0000000000000000, 343.92 W, 96 %, 31894 MiB
2026/10/01 02:45:20.610, 2910 MHz, 13801 MHz, 0x0000000000000000, 344.10 W, 96 %, 31894 MiB
2026/10/01 02:45:21.120, 2910 MHz, 13801 MHz, 0x0000000000000000, 347.99 W, 96 %, 31894 MiB
2026/10/01 02:45:21.631, 2925 MHz, 13801 MHz, 0x0000000000000000, 247.07 W, 0 %, 31894 MiB
2026/10/01 02:45:22.146, 2925 MHz, 13801 MHz, 0x0000000000000000, 110.34 W, 0 %, 31896 MiB
2026/10/01 02:45:22.646, 2925 MHz, 13801 MHz, 0x0000000000000000, 94.52 W, 0 %, 31896 MiB
2026/10/01 02:45:23.162, 2887 MHz, 13801 MHz, 0x0000000000000000, 85.76 W, 0 %, 31894 MiB
2026/10/01 02:45:23.677, 660 MHz, 7001 MHz, 0x0000000000000000, 61.60 W, 0 %, 31896 MiB
2026/10/01 02:45:24.192, 532 MHz, 7001 MHz, 0x0000000000000000, 39.22 W, 0 %, 31896 MiB
2026/10/01 02:45:24.707, 450 MHz, 7001 MHz, 0x0000000000000000, 36.11 W, 0 %, 31894 MiB
2026/10/01 02:45:25.208, 345 MHz, 810 MHz, 0x0000000000000000, 31.96 W, 0 %, 31894 MiB
2026/10/01 02:45:25.724, 255 MHz, 810 MHz, 0x0000000000000000, 25.02 W, 0 %, 31894 MiB
2026/10/01 02:45:26.236, 255 MHz, 810 MHz, 0x0000000000000000, 25.02 W, 0 %, 31894 MiB
2026/10/01 02:45:26.752, 180 MHz, 405 MHz, 0x0000000000000000, 15.53 W, 0 %, 31894 MiB
2026/10/01 02:45:27.252, 180 MHz, 405 MHz, 0x0000000000000000, 15.53 W, 0 %, 31894 MiB
2026/10/01 02:45:27.764, 180 MHz, 405 MHz, 0x0000000000000000, 12.81 W, 0 %, 31894 MiB
2026/10/01 02:45:28.266, 180 MHz, 405 MHz, 0x0000000000000000, 12.81 W, 0 %, 31894 MiB
2026/10/01 02:45:28.768, 180 MHz, 405 MHz, 0x0000000000000000, 11.27 W, 0 %, 31894 MiB
2026/10/01 02:45:29.283, 180 MHz, 405 MHz, 0x0000000000000000, 11.27 W, 0 %, 31894 MiB
2026/10/01 02:45:29.794, 180 MHz, 405 MHz, 0x0000000000000000, 11.36 W, 0 %, 31894 MiB
2026/10/01 02:45:30.308, 180 MHz, 405 MHz, 0x0000000000000000, 11.36 W, 0 %, 31894 MiB
2026/10/01 02:45:30.822, 180 MHz, 405 MHz, 0x0000000000000000, 11.12 W, 0 %, 31894 MiB
2026/10/01 02:45:31.337, 180 MHz, 405 MHz, 0x0000000000000000, 11.82 W, 0 %, 31894 MiB
2026/10/01 02:45:31.845, 2925 MHz, 13801 MHz, 0x0000000000000000, 62.31 W, 97 %, 31894 MiB
2026/10/01 02:45:32.351, 2910 MHz, 13801 MHz, 0x0000000000000000, 184.98 W, 97 %, 31899 MiB
2026/10/01 02:45:32.861, 2910 MHz, 13801 MHz, 0x0000000000000000, 324.04 W, 79 %, 31896 MiB
2026/10/01 02:45:33.372, 2910 MHz, 13801 MHz, 0x0000000000000000, 313.41 W, 97 %, 31894 MiB
2026/10/01 02:45:33.883, 2910 MHz, 13801 MHz, 0x0000000000000000, 316.12 W, 97 %, 31894 MiB
2026/10/01 02:45:34.390, 2910 MHz, 13801 MHz, 0x0000000000000000, 321.60 W, 97 %, 31894 MiB
2026/10/01 02:45:34.899, 2910 MHz, 13801 MHz, 0x0000000000000000, 316.08 W, 97 %, 31894 MiB
2026/10/01 02:45:35.405, 2910 MHz, 13801 MHz, 0x0000000000000000, 315.11 W, 96 %, 31894 MiB
2026/10/01 02:45:35.912, 2910 MHz, 13801 MHz, 0x0000000000000000, 319.71 W, 86 %, 31894 MiB
2026/10/01 02:45:36.420, 2910 MHz, 13801 MHz, 0x0000000000000000, 322.52 W, 97 %, 31894 MiB
2026/10/01 02:45:36.928, 2910 MHz, 13801 MHz, 0x0000000000000000, 321.09 W, 89 %, 31894 MiB
2026/10/01 02:45:37.438, 2910 MHz, 13801 MHz, 0x0000000000000000, 322.49 W, 97 %, 31894 MiB
2026/10/01 02:45:37.943, 2910 MHz, 13801 MHz, 0x0000000000000000, 318.23 W, 82 %, 31894 MiB
2026/10/01 02:45:38.449, 2910 MHz, 13801 MHz, 0x0000000000000000, 318.41 W, 97 %, 31894 MiB
2026/10/01 02:45:38.959, 2910 MHz, 13801 MHz, 0x0000000000000000, 317.93 W, 96 %, 31894 MiB
2026/10/01 02:45:39.465, 2910 MHz, 13801 MHz, 0x0000000000000000, 316.45 W, 96 %, 31894 MiB
2026/10/01 02:45:39.972, 2910 MHz, 13801 MHz, 0x0000000000000000, 320.09 W, 97 %, 31894 MiB
2026/10/01 02:45:40.479, 2910 MHz, 13801 MHz, 0x0000000000000000, 319.58 W, 83 %, 31894 MiB
2026/10/01 02:45:40.986, 2910 MHz, 13801 MHz, 0x0000000000000000, 315.49 W, 88 %, 31894 MiB
2026/10/01 02:45:41.495, 2910 MHz, 13801 MHz, 0x0000000000000000, 315.09 W, 95 %, 31894 MiB
2026/10/01 02:45:42.003, 2910 MHz, 13801 MHz, 0x0000000000000000, 321.12 W, 96 %, 31894 MiB
2026/10/01 02:45:42.508, 2910 MHz, 13801 MHz, 0x0000000000000000, 317.61 W, 77 %, 31894 MiB
2026/10/01 02:45:43.017, 2910 MHz, 13801 MHz, 0x0000000000000000, 312.39 W, 97 %, 31894 MiB
2026/10/01 02:45:43.524, 2910 MHz, 13801 MHz, 0x0000000000000000, 313.10 W, 96 %, 31894 MiB
2026/10/01 02:45:44.032, 2910 MHz, 13801 MHz, 0x0000000000000000, 321.76 W, 90 %, 31894 MiB
2026/10/01 02:45:44.538, 2910 MHz, 13801 MHz, 0x0000000000000000, 314.56 W, 98 %, 31894 MiB
2026/10/01 02:45:45.045, 2910 MHz, 13801 MHz, 0x0000000000000000, 320.28 W, 97 %, 31894 MiB
2026/10/01 02:45:45.558, 2910 MHz, 13801 MHz, 0x0000000000000000, 321.76 W, 82 %, 31894 MiB
2026/10/01 02:45:46.065, 2910 MHz, 13801 MHz, 0x0000000000000000, 321.88 W, 97 %, 31894 MiB
2026/10/01 02:45:46.569, 2910 MHz, 13801 MHz, 0x0000000000000000, 324.02 W, 98 %, 31896 MiB
2026/10/01 02:45:47.077, 2910 MHz, 13801 MHz, 0x0000000000000000, 319.13 W, 81 %, 31894 MiB
2026/10/01 02:45:47.582, 2910 MHz, 13801 MHz, 0x0000000000000000, 316.80 W, 83 %, 31894 MiB
2026/10/01 02:45:48.089, 2910 MHz, 13801 MHz, 0x0000000000000000, 325.09 W, 97 %, 31894 MiB
2026/10/01 02:45:48.596, 2910 MHz, 13801 MHz, 0x0000000000000000, 321.60 W, 97 %, 31894 MiB
2026/10/01 02:45:49.105, 2910 MHz, 13801 MHz, 0x0000000000000000, 317.59 W, 97 %, 31894 MiB
2026/10/01 02:45:49.614, 2910 MHz, 13801 MHz, 0x0000000000000000, 316.73 W, 97 %, 31894 MiB
2026/10/01 02:45:50.123, 2910 MHz, 13801 MHz, 0x0000000000000000, 317.24 W, 94 %, 31894 MiB
2026/10/01 02:45:50.631, 2910 MHz, 13801 MHz, 0x0000000000000000, 317.72 W, 93 %, 31894 MiB
2026/10/01 02:45:51.138, 2910 MHz, 13801 MHz, 0x0000000000000000, 319.33 W, 97 %, 31894 MiB
2026/10/01 02:45:51.645, 2910 MHz, 13801 MHz, 0x0000000000000000, 320.28 W, 82 %, 31894 MiB
2026/10/01 02:45:52.153, 2910 MHz, 13801 MHz, 0x0000000000000000, 321.19 W, 86 %, 31894 MiB
2026/10/01 02:45:52.659, 2910 MHz, 13801 MHz, 0x0000000000000000, 320.28 W, 97 %, 31894 MiB
2026/10/01 02:45:53.164, 2910 MHz, 13801 MHz, 0x0000000000000000, 319.15 W, 97 %, 31894 MiB
2026/10/01 02:45:53.670, 2910 MHz, 13801 MHz, 0x0000000000000000, 319.62 W, 97 %, 31899 MiB
2026/10/01 02:45:54.181, 2910 MHz, 13801 MHz, 0x0000000000000000, 319.60 W, 97 %, 31894 MiB
2026/10/01 02:45:54.689, 2910 MHz, 13801 MHz, 0x0000000000000000, 315.28 W, 96 %, 31894 MiB
2026/10/01 02:45:55.199, 2910 MHz, 13801 MHz, 0x0000000000000000, 317.71 W, 96 %, 31894 MiB
2026/10/01 02:45:55.706, 2910 MHz, 13801 MHz, 0x0000000000000000, 322.70 W, 82 %, 31894 MiB
2026/10/01 02:45:56.213, 2910 MHz, 13801 MHz, 0x0000000000000000, 320.49 W, 96 %, 31894 MiB
2026/10/01 02:45:56.719, 2910 MHz, 13801 MHz, 0x0000000000000000, 320.08 W, 90 %, 31894 MiB
2026/10/01 02:45:57.225, 2910 MHz, 13801 MHz, 0x0000000000000000, 315.62 W, 96 %, 31894 MiB
2026/10/01 02:45:57.730, 2910 MHz, 13801 MHz, 0x0000000000000000, 317.74 W, 97 %, 31894 MiB
2026/10/01 02:45:58.240, 2910 MHz, 13801 MHz, 0x0000000000000000, 320.61 W, 95 %, 31894 MiB
2026/10/01 02:45:58.745, 2910 MHz, 13801 MHz, 0x0000000000000000, 320.21 W, 96 %, 31894 MiB
2026/10/01 02:45:59.253, 2910 MHz, 13801 MHz, 0x0000000000000000, 323.54 W, 97 %, 31894 MiB
2026/10/01 02:45:59.763, 2910 MHz, 13801 MHz, 0x0000000000000000, 319.43 W, 84 %, 31894 MiB
2026/10/01 02:46:00.271, 2910 MHz, 13801 MHz, 0x0000000000000000, 316.46 W, 95 %, 31894 MiB
2026/10/01 02:46:00.779, 2910 MHz, 13801 MHz, 0x0000000000000000, 319.83 W, 97 %, 31894 MiB
2026/10/01 02:46:01.287, 2910 MHz, 13801 MHz, 0x0000000000000000, 315.45 W, 81 %, 31894 MiB
2026/10/01 02:46:01.798, 2910 MHz, 13801 MHz, 0x0000000000000000, 319.30 W, 97 %, 31894 MiB
2026/10/01 02:46:02.308, 2910 MHz, 13801 MHz, 0x0000000000000000, 327.26 W, 81 %, 31894 MiB
2026/10/01 02:46:02.817, 2910 MHz, 13801 MHz, 0x0000000000000000, 320.04 W, 88 %, 31894 MiB
2026/10/01 02:46:03.330, 2910 MHz, 13801 MHz, 0x0000000000000000, 320.92 W, 97 %, 31894 MiB
2026/10/01 02:46:03.835, 2910 MHz, 13801 MHz, 0x0000000000000000, 323.00 W, 97 %, 31894 MiB
2026/10/01 02:46:04.344, 2910 MHz, 13801 MHz, 0x0000000000000000, 317.21 W, 85 %, 31894 MiB
2026/10/01 02:46:04.855, 2910 MHz, 13801 MHz, 0x0000000000000000, 318.35 W, 97 %, 31894 MiB
2026/10/01 02:46:05.366, 2910 MHz, 13801 MHz, 0x0000000000000000, 324.78 W, 88 %, 31894 MiB
2026/10/01 02:46:05.875, 2910 MHz, 13801 MHz, 0x0000000000000000, 323.63 W, 98 %, 31894 MiB
2026/10/01 02:46:06.385, 2910 MHz, 13801 MHz, 0x0000000000000000, 323.47 W, 97 %, 31894 MiB
2026/10/01 02:46:06.891, 2910 MHz, 13801 MHz, 0x0000000000000000, 324.43 W, 80 %, 31894 MiB
2026/10/01 02:46:07.396, 2910 MHz, 13801 MHz, 0x0000000000000000, 316.23 W, 97 %, 31894 MiB
2026/10/01 02:46:07.905, 2910 MHz, 13801 MHz, 0x0000000000000000, 315.55 W, 97 %, 31894 MiB
2026/10/01 02:46:08.411, 2910 MHz, 13801 MHz, 0x0000000000000000, 320.83 W, 97 %, 31896 MiB
2026/10/01 02:46:08.920, 2910 MHz, 13801 MHz, 0x0000000000000000, 319.62 W, 97 %, 31896 MiB
2026/10/01 02:46:09.425, 2910 MHz, 13801 MHz, 0x0000000000000000, 316.08 W, 97 %, 31894 MiB
2026/10/01 02:46:09.930, 2910 MHz, 13801 MHz, 0x0000000000000000, 317.36 W, 97 %, 31894 MiB
2026/10/01 02:46:10.442, 2910 MHz, 13801 MHz, 0x0000000000000000, 324.91 W, 97 %, 31894 MiB
2026/10/01 02:46:10.951, 2910 MHz, 13801 MHz, 0x0000000000000000, 323.22 W, 97 %, 31894 MiB
2026/10/01 02:46:11.460, 2910 MHz, 13801 MHz, 0x0000000000000000, 324.08 W, 97 %, 31894 MiB
2026/10/01 02:46:11.968, 2910 MHz, 13801 MHz, 0x0000000000000000, 326.24 W, 93 %, 31894 MiB
2026/10/01 02:46:12.476, 2910 MHz, 13801 MHz, 0x0000000000000000, 323.76 W, 73 %, 31894 MiB
2026/10/01 02:46:12.986, 2910 MHz, 13801 MHz, 0x0000000000000000, 319.93 W, 97 %, 31894 MiB
2026/10/01 02:46:13.498, 2910 MHz, 13801 MHz, 0x0000000000000000, 319.37 W, 96 %, 31894 MiB
2026/10/01 02:46:14.004, 2910 MHz, 13801 MHz, 0x0000000000000000, 321.32 W, 80 %, 31894 MiB
2026/10/01 02:46:14.512, 2910 MHz, 13801 MHz, 0x0000000000000000, 320.91 W, 97 %, 31899 MiB
2026/10/01 02:46:15.020, 2910 MHz, 13801 MHz, 0x0000000000000000, 318.03 W, 64 %, 31899 MiB
2026/10/01 02:46:15.528, 2910 MHz, 13801 MHz, 0x0000000000000000, 316.93 W, 97 %, 31894 MiB
2026/10/01 02:46:16.038, 2910 MHz, 13801 MHz, 0x0000000000000000, 322.23 W, 97 %, 31894 MiB
2026/10/01 02:46:16.546, 2910 MHz, 13801 MHz, 0x0000000000000000, 328.84 W, 96 %, 31894 MiB
2026/10/01 02:46:17.054, 2910 MHz, 13801 MHz, 0x0000000000000000, 326.05 W, 97 %, 31894 MiB
2026/10/01 02:46:17.564, 2910 MHz, 13801 MHz, 0x0000000000000000, 321.53 W, 97 %, 31894 MiB
2026/10/01 02:46:18.070, 2910 MHz, 13801 MHz, 0x0000000000000000, 327.36 W, 97 %, 31894 MiB
2026/10/01 02:46:18.579, 2910 MHz, 13801 MHz, 0x0000000000000000, 329.59 W, 97 %, 31894 MiB
2026/10/01 02:46:19.089, 2910 MHz, 13801 MHz, 0x0000000000000000, 322.95 W, 84 %, 31894 MiB
2026/10/01 02:46:19.597, 2910 MHz, 13801 MHz, 0x0000000000000000, 326.20 W, 97 %, 31894 MiB
2026/10/01 02:46:20.103, 2910 MHz, 13801 MHz, 0x0000000000000000, 328.02 W, 97 %, 31894 MiB
2026/10/01 02:46:20.612, 2910 MHz, 13801 MHz, 0x0000000000000000, 319.01 W, 80 %, 31894 MiB
2026/10/01 02:46:21.119, 2910 MHz, 13801 MHz, 0x0000000000000000, 318.22 W, 97 %, 31894 MiB
2026/10/01 02:46:21.626, 2910 MHz, 13801 MHz, 0x0000000000000000, 326.40 W, 97 %, 31894 MiB
2026/10/01 02:46:22.132, 2910 MHz, 13801 MHz, 0x0000000000000000, 324.64 W, 97 %, 31894 MiB
2026/10/01 02:46:22.640, 2910 MHz, 13801 MHz, 0x0000000000000000, 325.13 W, 97 %, 31894 MiB
2026/10/01 02:46:23.148, 2910 MHz, 13801 MHz, 0x0000000000000000, 322.32 W, 97 %, 31894 MiB
2026/10/01 02:46:23.658, 2910 MHz, 13801 MHz, 0x0000000000000000, 321.78 W, 86 %, 31894 MiB
2026/10/01 02:46:24.164, 2910 MHz, 13801 MHz, 0x0000000000000000, 326.38 W, 97 %, 31894 MiB
2026/10/01 02:46:24.671, 2910 MHz, 13801 MHz, 0x0000000000000000, 322.59 W, 97 %, 31894 MiB
2026/10/01 02:46:25.179, 2910 MHz, 13801 MHz, 0x0000000000000000, 322.51 W, 97 %, 31894 MiB
2026/10/01 02:46:25.687, 2910 MHz, 13801 MHz, 0x0000000000000000, 324.61 W, 97 %, 31894 MiB
2026/10/01 02:46:26.193, 2910 MHz, 13801 MHz, 0x0000000000000000, 324.50 W, 97 %, 31894 MiB
2026/10/01 02:46:26.701, 2910 MHz, 13801 MHz, 0x0000000000000000, 326.54 W, 97 %, 31894 MiB
2026/10/01 02:46:27.208, 2910 MHz, 13801 MHz, 0x0000000000000000, 326.99 W, 97 %, 31894 MiB
2026/10/01 02:46:27.714, 2910 MHz, 13801 MHz, 0x0000000000000000, 326.56 W, 97 %, 31894 MiB
2026/10/01 02:46:28.222, 2910 MHz, 13801 MHz, 0x0000000000000000, 331.93 W, 84 %, 31894 MiB
2026/10/01 02:46:28.732, 2910 MHz, 13801 MHz, 0x0000000000000000, 330.75 W, 98 %, 31894 MiB
2026/10/01 02:46:29.240, 2910 MHz, 13801 MHz, 0x0000000000000000, 322.36 W, 97 %, 31894 MiB
2026/10/01 02:46:29.747, 2910 MHz, 13801 MHz, 0x0000000000000000, 322.24 W, 97 %, 31894 MiB
2026/10/01 02:46:30.253, 2910 MHz, 13801 MHz, 0x0000000000000000, 326.82 W, 97 %, 31894 MiB
2026/10/01 02:46:30.762, 2910 MHz, 13801 MHz, 0x0000000000000000, 323.73 W, 97 %, 31896 MiB
2026/10/01 02:46:31.267, 2910 MHz, 13801 MHz, 0x0000000000000000, 322.87 W, 97 %, 31896 MiB
2026/10/01 02:46:31.774, 2910 MHz, 13801 MHz, 0x0000000000000000, 320.58 W, 83 %, 31894 MiB
2026/10/01 02:46:32.281, 2910 MHz, 13801 MHz, 0x0000000000000000, 321.75 W, 97 %, 31894 MiB
2026/10/01 02:46:32.792, 2910 MHz, 13801 MHz, 0x0000000000000000, 325.01 W, 74 %, 31894 MiB
2026/10/01 02:46:33.307, 2925 MHz, 13801 MHz, 0x0000000000000000, 211.62 W, 0 %, 31894 MiB
2026/10/01 02:46:33.807, 2925 MHz, 13801 MHz, 0x0000000000000000, 98.30 W, 0 %, 31894 MiB
2026/10/01 02:46:34.320, 2925 MHz, 13801 MHz, 0x0000000000000000, 97.40 W, 0 %, 31894 MiB
2026/10/01 02:46:34.834, 2047 MHz, 13801 MHz, 0x0000000000000000, 83.34 W, 0 %, 31894 MiB
2026/10/01 02:46:35.348, 697 MHz, 7001 MHz, 0x0000000000000000, 56.14 W, 0 %, 31894 MiB
2026/10/01 02:46:35.864, 547 MHz, 7001 MHz, 0x0000000000000000, 40.74 W, 0 %, 31899 MiB
2026/10/01 02:46:36.372, 435 MHz, 7001 MHz, 0x0000000000000000, 36.58 W, 0 %, 31894 MiB
2026/10/01 02:46:36.887, 352 MHz, 7001 MHz, 0x0000000000000000, 36.37 W, 0 %, 31894 MiB
2026/10/01 02:46:37.401, 292 MHz, 810 MHz, 0x0000000000000000, 31.86 W, 0 %, 31894 MiB
2026/10/01 02:46:37.916, 240 MHz, 810 MHz, 0x0000000000000000, 28.93 W, 0 %, 31894 MiB
2026/10/01 02:46:38.429, 240 MHz, 810 MHz, 0x0000000000000000, 28.93 W, 0 %, 31894 MiB
2026/10/01 02:46:38.943, 180 MHz, 810 MHz, 0x0000000000000000, 16.51 W, 0 %, 31894 MiB
2026/10/01 02:46:39.457, 180 MHz, 810 MHz, 0x0000000000000000, 16.51 W, 0 %, 31894 MiB
2026/10/01 02:46:39.958, 180 MHz, 405 MHz, 0x0000000000000000, 14.36 W, 0 %, 31894 MiB
2026/10/01 02:46:40.474, 180 MHz, 405 MHz, 0x0000000000000000, 14.36 W, 0 %, 31894 MiB
2026/10/01 02:46:40.988, 180 MHz, 405 MHz, 0x0000000000000000, 12.05 W, 0 %, 31894 MiB
2026/10/01 02:46:41.502, 180 MHz, 405 MHz, 0x0000000000000000, 12.05 W, 0 %, 31894 MiB
2026/10/01 02:46:42.014, 180 MHz, 405 MHz, 0x0000000000000000, 12.02 W, 0 %, 31894 MiB
2026/10/01 02:46:42.516, 180 MHz, 405 MHz, 0x0000000000000000, 12.02 W, 0 %, 31894 MiB
2026/10/01 02:46:43.017, 180 MHz, 405 MHz, 0x0000000000000000, 12.24 W, 0 %, 31894 MiB
2026/10/01 02:46:43.532, 180 MHz, 405 MHz, 0x0000000000000000, 12.24 W, 0 %, 31894 MiB
2026/10/01 02:46:44.044, 180 MHz, 405 MHz, 0x0000000000000000, 11.94 W, 0 %, 31894 MiB
2026/10/01 02:46:44.545, 180 MHz, 405 MHz, 0x0000000000000000, 11.94 W, 0 %, 31894 MiB
2026/10/01 02:46:45.056, 180 MHz, 405 MHz, 0x0000000000000000, 11.66 W, 0 %, 31894 MiB
2026/10/01 02:46:45.572, 180 MHz, 405 MHz, 0x0000000000000000, 12.16 W, 0 %, 31894 MiB
2026/10/01 02:46:46.085, 180 MHz, 405 MHz, 0x0000000000000000, 12.16 W, 0 %, 31894 MiB
2026/10/01 02:46:46.600, 180 MHz, 405 MHz, 0x0000000000000000, 11.78 W, 0 %, 31894 MiB
2026/10/01 02:46:47.114, 180 MHz, 405 MHz, 0x0000000000000000, 11.78 W, 0 %, 31894 MiB
2026/10/01 02:46:47.615, 180 MHz, 405 MHz, 0x0000000000000000, 11.68 W, 0 %, 31894 MiB
2026/10/01 02:46:48.128, 180 MHz, 405 MHz, 0x0000000000000000, 11.68 W, 0 %, 31894 MiB
2026/10/01 02:46:48.642, 180 MHz, 405 MHz, 0x0000000000000000, 11.75 W, 0 %, 31894 MiB
2026/10/01 02:46:49.158, 2910 MHz, 13801 MHz, 0x0000000000000000, 62.40 W, 94 %, 31894 MiB
2026/10/01 02:46:49.671, 2910 MHz, 13801 MHz, 0x0000000000000000, 222.36 W, 95 %, 31894 MiB
2026/10/01 02:46:50.184, 2910 MHz, 13801 MHz, 0x0000000000000000, 345.45 W, 95 %, 31894 MiB
2026/10/01 02:46:50.684, 2910 MHz, 13801 MHz, 0x0000000000000000, 343.49 W, 95 %, 31894 MiB
2026/10/01 02:46:51.187, 2910 MHz, 13801 MHz, 0x0000000000000000, 344.30 W, 96 %, 31894 MiB
2026/10/01 02:46:51.699, 2910 MHz, 13801 MHz, 0x0000000000000000, 347.86 W, 95 %, 31894 MiB
2026/10/01 02:46:52.207, 2910 MHz, 13801 MHz, 0x0000000000000000, 345.73 W, 96 %, 31894 MiB
2026/10/01 02:46:52.708, 2910 MHz, 13801 MHz, 0x0000000000000000, 345.57 W, 96 %, 31896 MiB
2026/10/01 02:46:53.222, 2910 MHz, 13801 MHz, 0x0000000000000000, 343.04 W, 72 %, 31896 MiB
2026/10/01 02:46:53.735, 2910 MHz, 13801 MHz, 0x0000000000000000, 339.34 W, 96 %, 31894 MiB
2026/10/01 02:46:54.250, 2910 MHz, 13801 MHz, 0x0000000000000000, 344.70 W, 94 %, 31894 MiB
2026/10/01 02:46:54.765, 2910 MHz, 13801 MHz, 0x0000000000000000, 344.31 W, 88 %, 31894 MiB
2026/10/01 02:46:55.276, 2910 MHz, 13801 MHz, 0x0000000000000000, 345.00 W, 95 %, 31894 MiB
2026/10/01 02:46:55.777, 2910 MHz, 13801 MHz, 0x0000000000000000, 349.68 W, 96 %, 31894 MiB
2026/10/01 02:46:56.290, 2910 MHz, 13801 MHz, 0x0000000000000000, 338.53 W, 95 %, 31894 MiB
2026/10/01 02:46:56.804, 2910 MHz, 13801 MHz, 0x0000000000000000, 339.85 W, 96 %, 31899 MiB
2026/10/01 02:46:57.314, 2910 MHz, 13801 MHz, 0x0000000000000000, 348.11 W, 94 %, 31894 MiB
2026/10/01 02:46:57.830, 2910 MHz, 13801 MHz, 0x0000000000000000, 339.61 W, 94 %, 31894 MiB
2026/10/01 02:46:58.345, 2910 MHz, 13801 MHz, 0x0000000000000000, 339.70 W, 96 %, 31894 MiB
2026/10/01 02:46:58.859, 2910 MHz, 13801 MHz, 0x0000000000000000, 347.85 W, 95 %, 31894 MiB
2026/10/01 02:47:09.682, 217 MHz, 405 MHz, 0x0000000000000000, 11.36 W, 0 %, 31894 MiB
2026/10/01 02:47:10.195, 2917 MHz, 13801 MHz, 0x0000000000000000, 63.93 W, 94 %, 31894 MiB
2026/10/01 02:47:10.709, 2910 MHz, 13801 MHz, 0x0000000000000000, 136.46 W, 95 %, 31894 MiB
2026/10/01 02:47:11.223, 2910 MHz, 13801 MHz, 0x0000000000000000, 340.59 W, 95 %, 31894 MiB
2026/10/01 02:47:11.724, 2910 MHz, 13801 MHz, 0x0000000000000000, 339.18 W, 96 %, 31894 MiB
2026/10/01 02:47:12.238, 2910 MHz, 13801 MHz, 0x0000000000000000, 342.87 W, 96 %, 31894 MiB
2026/10/01 02:47:12.750, 2910 MHz, 13801 MHz, 0x0000000000000000, 347.70 W, 95 %, 31894 MiB
2026/10/01 02:47:13.260, 2910 MHz, 13801 MHz, 0x0000000000000000, 340.20 W, 96 %, 31894 MiB
2026/10/01 02:47:13.769, 2910 MHz, 13801 MHz, 0x0000000000000000, 339.41 W, 96 %, 31894 MiB
2026/10/01 02:47:14.277, 2910 MHz, 13801 MHz, 0x0000000000000000, 345.69 W, 96 %, 31894 MiB
2026/10/01 02:47:14.778, 2910 MHz, 13801 MHz, 0x0000000000000000, 342.36 W, 96 %, 31896 MiB
2026/10/01 02:47:15.286, 2910 MHz, 13801 MHz, 0x0000000000000000, 342.02 W, 95 %, 31896 MiB
2026/10/01 02:47:15.799, 2910 MHz, 13801 MHz, 0x0000000000000000, 336.80 W, 61 %, 31894 MiB
2026/10/01 02:47:16.300, 2910 MHz, 13801 MHz, 0x0000000000000000, 337.86 W, 95 %, 31894 MiB
2026/10/01 02:47:16.814, 2910 MHz, 13801 MHz, 0x0000000000000000, 346.97 W, 95 %, 31896 MiB
2026/10/01 02:47:17.314, 2910 MHz, 13801 MHz, 0x0000000000000000, 339.34 W, 96 %, 31894 MiB
2026/10/01 02:47:17.829, 2910 MHz, 13801 MHz, 0x0000000000000000, 339.36 W, 95 %, 31896 MiB
2026/10/01 02:47:18.330, 2910 MHz, 13801 MHz, 0x0000000000000000, 346.55 W, 95 %, 31894 MiB
2026/10/01 02:47:18.846, 2910 MHz, 13801 MHz, 0x0000000000000000, 334.62 W, 96 %, 31894 MiB
2026/10/01 02:47:19.361, 2910 MHz, 13801 MHz, 0x0000000000000000, 335.37 W, 94 %, 31894 MiB
2026/10/01 02:47:19.875, 2910 MHz, 13801 MHz, 0x0000000000000000, 345.79 W, 96 %, 31894 MiB
2026/10/01 02:47:20.384, 2925 MHz, 13801 MHz, 0x0000000000000000, 276.18 W, 0 %, 31894 MiB
2026/10/01 02:47:20.899, 2925 MHz, 13801 MHz, 0x0000000000000000, 162.30 W, 0 %, 31894 MiB
2026/10/01 02:47:21.412, 2925 MHz, 13801 MHz, 0x0000000000000000, 94.19 W, 0 %, 31896 MiB
2026/10/01 02:47:21.913, 2925 MHz, 13801 MHz, 0x0000000000000000, 93.89 W, 0 %, 31894 MiB
2026/10/01 02:47:22.427, 517 MHz, 13801 MHz, 0x0000000000000000, 72.74 W, 0 %, 31894 MiB
2026/10/01 02:47:22.940, 427 MHz, 810 MHz, 0x0000000000000000, 42.31 W, 0 %, 31894 MiB
2026/10/01 02:47:23.455, 352 MHz, 810 MHz, 0x0000000000000000, 29.27 W, 0 %, 31894 MiB
2026/10/01 02:47:23.957, 247 MHz, 810 MHz, 0x0000000000000000, 20.12 W, 0 %, 31894 MiB
2026/10/01 02:47:24.471, 217 MHz, 810 MHz, 0x0000000000000000, 17.02 W, 0 %, 31894 MiB
2026/10/01 02:47:24.983, 217 MHz, 810 MHz, 0x0000000000000000, 17.02 W, 0 %, 31894 MiB
2026/10/01 02:47:25.499, 180 MHz, 405 MHz, 0x0000000000000000, 11.68 W, 0 %, 31894 MiB
2026/10/01 02:47:25.999, 180 MHz, 405 MHz, 0x0000000000000000, 11.68 W, 0 %, 31894 MiB
2026/10/01 02:47:26.514, 180 MHz, 405 MHz, 0x0000000000000000, 11.58 W, 0 %, 31894 MiB
2026/10/01 02:47:27.018, 180 MHz, 405 MHz, 0x0000000000000000, 11.58 W, 0 %, 31894 MiB
2026/10/01 02:47:27.533, 180 MHz, 405 MHz, 0x0000000000000000, 11.28 W, 0 %, 31894 MiB
2026/10/01 02:47:28.034, 180 MHz, 405 MHz, 0x0000000000000000, 11.28 W, 0 %, 31894 MiB
2026/10/01 02:47:28.545, 180 MHz, 405 MHz, 0x0000000000000000, 11.21 W, 0 %, 31894 MiB
2026/10/01 02:47:29.046, 180 MHz, 405 MHz, 0x0000000000000000, 11.21 W, 0 %, 31894 MiB
2026/10/01 02:47:29.559, 180 MHz, 405 MHz, 0x0000000000000000, 11.25 W, 0 %, 31894 MiB
2026/10/01 02:47:30.060, 180 MHz, 405 MHz, 0x0000000000000000, 11.17 W, 0 %, 31894 MiB
2026/10/01 02:47:30.575, 2917 MHz, 13801 MHz, 0x0000000000000000, 42.21 W, 43 %, 31894 MiB
2026/10/01 02:47:31.084, 2910 MHz, 13801 MHz, 0x0000000000000000, 184.54 W, 97 %, 31894 MiB
2026/10/01 02:47:31.593, 2910 MHz, 13801 MHz, 0x0000000000000000, 319.18 W, 96 %, 31894 MiB
2026/10/01 02:47:32.103, 2910 MHz, 13801 MHz, 0x0000000000000000, 329.28 W, 96 %, 31894 MiB
2026/10/01 02:47:32.611, 2910 MHz, 13801 MHz, 0x0000000000000000, 322.85 W, 96 %, 31894 MiB
2026/10/01 02:47:33.118, 2910 MHz, 13801 MHz, 0x0000000000000000, 318.88 W, 98 %, 31894 MiB
2026/10/01 02:47:33.624, 2910 MHz, 13801 MHz, 0x0000000000000000, 325.93 W, 97 %, 31894 MiB
2026/10/01 02:47:34.134, 2910 MHz, 13801 MHz, 0x0000000000000000, 328.91 W, 85 %, 31894 MiB
2026/10/01 02:47:34.643, 2910 MHz, 13801 MHz, 0x0000000000000000, 322.72 W, 98 %, 31894 MiB
2026/10/01 02:47:35.153, 2910 MHz, 13801 MHz, 0x0000000000000000, 318.49 W, 90 %, 31894 MiB
2026/10/01 02:47:35.662, 2910 MHz, 13801 MHz, 0x0000000000000000, 318.86 W, 97 %, 31894 MiB
2026/10/01 02:47:36.169, 2910 MHz, 13801 MHz, 0x0000000000000000, 324.95 W, 86 %, 31894 MiB
2026/10/01 02:47:36.679, 2910 MHz, 13801 MHz, 0x0000000000000000, 332.99 W, 86 %, 31894 MiB
2026/10/01 02:47:37.185, 2910 MHz, 13801 MHz, 0x0000000000000000, 331.45 W, 71 %, 31894 MiB
2026/10/01 02:47:37.694, 2910 MHz, 13801 MHz, 0x0000000000000000, 325.27 W, 79 %, 31894 MiB
2026/10/01 02:47:38.202, 2910 MHz, 13801 MHz, 0x0000000000000000, 319.84 W, 97 %, 31894 MiB
2026/10/01 02:47:38.714, 2910 MHz, 13801 MHz, 0x0000000000000000, 320.81 W, 85 %, 31899 MiB
2026/10/01 02:47:39.226, 2910 MHz, 13801 MHz, 0x0000000000000000, 319.11 W, 97 %, 31899 MiB
2026/10/01 02:47:39.738, 2910 MHz, 13801 MHz, 0x0000000000000000, 312.59 W, 71 %, 31894 MiB
2026/10/01 02:47:40.244, 2910 MHz, 13801 MHz, 0x0000000000000000, 319.73 W, 84 %, 31894 MiB
2026/10/01 02:47:40.751, 2910 MHz, 13801 MHz, 0x0000000000000000, 323.05 W, 97 %, 31894 MiB
2026/10/01 02:47:41.259, 2910 MHz, 13801 MHz, 0x0000000000000000, 322.77 W, 81 %, 31894 MiB
2026/10/01 02:47:41.767, 2910 MHz, 13801 MHz, 0x0000000000000000, 319.14 W, 97 %, 31894 MiB
2026/10/01 02:47:42.275, 2910 MHz, 13801 MHz, 0x0000000000000000, 318.77 W, 74 %, 31894 MiB
2026/10/01 02:47:42.783, 2910 MHz, 13801 MHz, 0x0000000000000000, 323.48 W, 98 %, 31894 MiB
2026/10/01 02:47:43.292, 2910 MHz, 13801 MHz, 0x0000000000000000, 325.64 W, 97 %, 31894 MiB
2026/10/01 02:47:43.802, 2910 MHz, 13801 MHz, 0x0000000000000000, 318.48 W, 88 %, 31894 MiB
2026/10/01 02:47:44.309, 2910 MHz, 13801 MHz, 0x0000000000000000, 318.30 W, 97 %, 31894 MiB
2026/10/01 02:47:44.818, 2910 MHz, 13801 MHz, 0x0000000000000000, 326.34 W, 83 %, 31894 MiB
2026/10/01 02:47:45.326, 2910 MHz, 13801 MHz, 0x0000000000000000, 326.58 W, 97 %, 31894 MiB
2026/10/01 02:47:45.834, 2910 MHz, 13801 MHz, 0x0000000000000000, 319.98 W, 71 %, 31894 MiB
2026/10/01 02:47:46.343, 2910 MHz, 13801 MHz, 0x0000000000000000, 324.83 W, 97 %, 31894 MiB
2026/10/01 02:47:46.856, 2910 MHz, 13801 MHz, 0x0000000000000000, 332.18 W, 98 %, 31894 MiB
2026/10/01 02:47:47.366, 2910 MHz, 13801 MHz, 0x0000000000000000, 329.69 W, 98 %, 31894 MiB
2026/10/01 02:47:47.876, 2910 MHz, 13801 MHz, 0x0000000000000000, 323.06 W, 84 %, 31896 MiB
2026/10/01 02:47:48.384, 2910 MHz, 13801 MHz, 0x0000000000000000, 320.11 W, 97 %, 31896 MiB
2026/10/01 02:47:48.892, 2910 MHz, 13801 MHz, 0x0000000000000000, 324.10 W, 97 %, 31894 MiB
2026/10/01 02:47:49.403, 2910 MHz, 13801 MHz, 0x0000000000000000, 327.91 W, 82 %, 31894 MiB
2026/10/01 02:47:49.909, 2910 MHz, 13801 MHz, 0x0000000000000000, 323.26 W, 93 %, 31896 MiB
2026/10/01 02:47:50.418, 2910 MHz, 13801 MHz, 0x0000000000000000, 321.05 W, 83 %, 31896 MiB
2026/10/01 02:47:50.928, 2910 MHz, 13801 MHz, 0x0000000000000000, 322.83 W, 83 %, 31894 MiB
2026/10/01 02:47:51.438, 2910 MHz, 13801 MHz, 0x0000000000000000, 324.25 W, 83 %, 31894 MiB
2026/10/01 02:47:51.943, 2910 MHz, 13801 MHz, 0x0000000000000000, 326.81 W, 94 %, 31894 MiB
2026/10/01 02:47:52.455, 2910 MHz, 13801 MHz, 0x0000000000000000, 326.30 W, 97 %, 31894 MiB
2026/10/01 02:47:52.962, 2910 MHz, 13801 MHz, 0x0000000000000000, 329.53 W, 97 %, 31894 MiB
2026/10/01 02:47:53.473, 2910 MHz, 13801 MHz, 0x0000000000000000, 321.78 W, 97 %, 31894 MiB
2026/10/01 02:47:53.984, 2910 MHz, 13801 MHz, 0x0000000000000000, 316.72 W, 97 %, 31894 MiB
2026/10/01 02:47:54.491, 2910 MHz, 13801 MHz, 0x0000000000000000, 324.60 W, 82 %, 31894 MiB
2026/10/01 02:47:55.001, 2910 MHz, 13801 MHz, 0x0000000000000000, 321.45 W, 83 %, 31894 MiB
2026/10/01 02:47:55.509, 2910 MHz, 13801 MHz, 0x0000000000000000, 318.03 W, 93 %, 31894 MiB
2026/10/01 02:47:56.019, 2910 MHz, 13801 MHz, 0x0000000000000000, 324.56 W, 97 %, 31894 MiB
2026/10/01 02:47:56.529, 2910 MHz, 13801 MHz, 0x0000000000000000, 324.88 W, 97 %, 31894 MiB
2026/10/01 02:47:57.036, 2910 MHz, 13801 MHz, 0x0000000000000000, 327.08 W, 97 %, 31894 MiB
2026/10/01 02:47:57.544, 2910 MHz, 13801 MHz, 0x0000000000000000, 331.15 W, 83 %, 31894 MiB
2026/10/01 02:47:58.052, 2910 MHz, 13801 MHz, 0x0000000000000000, 323.50 W, 97 %, 31894 MiB
2026/10/01 02:47:58.562, 2910 MHz, 13801 MHz, 0x0000000000000000, 325.72 W, 97 %, 31894 MiB
2026/10/01 02:47:59.069, 2910 MHz, 13801 MHz, 0x0000000000000000, 320.54 W, 97 %, 31894 MiB
2026/10/01 02:47:59.579, 2910 MHz, 13801 MHz, 0x0000000000000000, 319.87 W, 97 %, 31894 MiB
2026/10/01 02:48:00.090, 2910 MHz, 13801 MHz, 0x0000000000000000, 322.57 W, 97 %, 31899 MiB
2026/10/01 02:48:00.599, 2910 MHz, 13801 MHz, 0x0000000000000000, 323.70 W, 86 %, 31894 MiB
2026/10/01 02:48:01.106, 2910 MHz, 13801 MHz, 0x0000000000000000, 329.36 W, 97 %, 31894 MiB
2026/10/01 02:48:01.614, 2910 MHz, 13801 MHz, 0x0000000000000000, 328.45 W, 91 %, 31894 MiB
2026/10/01 02:48:02.120, 2910 MHz, 13801 MHz, 0x0000000000000000, 323.73 W, 97 %, 31894 MiB
2026/10/01 02:48:02.628, 2910 MHz, 13801 MHz, 0x0000000000000000, 324.94 W, 97 %, 31894 MiB
2026/10/01 02:48:03.139, 2910 MHz, 13801 MHz, 0x0000000000000000, 325.37 W, 82 %, 31894 MiB
2026/10/01 02:48:03.647, 2910 MHz, 13801 MHz, 0x0000000000000000, 329.77 W, 95 %, 31894 MiB
2026/10/01 02:48:04.155, 2910 MHz, 13801 MHz, 0x0000000000000000, 326.12 W, 83 %, 31894 MiB
2026/10/01 02:48:04.666, 2910 MHz, 13801 MHz, 0x0000000000000000, 328.70 W, 97 %, 31894 MiB
2026/10/01 02:48:05.178, 2910 MHz, 13801 MHz, 0x0000000000000000, 331.40 W, 82 %, 31894 MiB
2026/10/01 02:48:05.687, 2910 MHz, 13801 MHz, 0x0000000000000000, 331.54 W, 83 %, 31894 MiB
2026/10/01 02:48:06.198, 2910 MHz, 13801 MHz, 0x0000000000000000, 328.23 W, 84 %, 31894 MiB
2026/10/01 02:48:06.707, 2910 MHz, 13801 MHz, 0x0000000000000000, 332.73 W, 97 %, 31894 MiB
2026/10/01 02:48:07.212, 2910 MHz, 13801 MHz, 0x0000000000000000, 334.58 W, 96 %, 31894 MiB
2026/10/01 02:48:07.721, 2910 MHz, 13801 MHz, 0x0000000000000000, 326.58 W, 85 %, 31894 MiB
2026/10/01 02:48:08.228, 2910 MHz, 13801 MHz, 0x0000000000000000, 321.77 W, 81 %, 31894 MiB
2026/10/01 02:48:08.734, 2910 MHz, 13801 MHz, 0x0000000000000000, 326.95 W, 63 %, 31894 MiB
2026/10/01 02:48:09.241, 2910 MHz, 13801 MHz, 0x0000000000000000, 327.75 W, 97 %, 31894 MiB
2026/10/01 02:48:09.751, 2910 MHz, 13801 MHz, 0x0000000000000000, 320.09 W, 69 %, 31894 MiB
2026/10/01 02:48:10.259, 2910 MHz, 13801 MHz, 0x0000000000000000, 326.63 W, 81 %, 31894 MiB
2026/10/01 02:48:10.768, 2910 MHz, 13801 MHz, 0x0000000000000000, 332.07 W, 97 %, 31894 MiB
2026/10/01 02:48:11.277, 2910 MHz, 13801 MHz, 0x0000000000000000, 334.20 W, 97 %, 31896 MiB
2026/10/01 02:48:11.785, 2910 MHz, 13801 MHz, 0x0000000000000000, 323.93 W, 82 %, 31896 MiB
2026/10/01 02:48:12.293, 2910 MHz, 13801 MHz, 0x0000000000000000, 323.04 W, 97 %, 31894 MiB
2026/10/01 02:48:12.802, 2910 MHz, 13801 MHz, 0x0000000000000000, 332.09 W, 92 %, 31894 MiB
2026/10/01 02:48:13.312, 2910 MHz, 13801 MHz, 0x0000000000000000, 332.81 W, 82 %, 31894 MiB
2026/10/01 02:48:13.822, 2910 MHz, 13801 MHz, 0x0000000000000000, 329.12 W, 82 %, 31894 MiB
2026/10/01 02:48:14.331, 2910 MHz, 13801 MHz, 0x0000000000000000, 326.61 W, 83 %, 31894 MiB
2026/10/01 02:48:14.842, 2910 MHz, 13801 MHz, 0x0000000000000000, 325.66 W, 88 %, 31894 MiB
2026/10/01 02:48:15.348, 2910 MHz, 13801 MHz, 0x0000000000000000, 324.60 W, 96 %, 31894 MiB
2026/10/01 02:48:15.858, 2910 MHz, 13801 MHz, 0x0000000000000000, 327.24 W, 80 %, 31894 MiB
2026/10/01 02:48:16.367, 2910 MHz, 13801 MHz, 0x0000000000000000, 328.61 W, 98 %, 31894 MiB
2026/10/01 02:48:16.877, 2910 MHz, 13801 MHz, 0x0000000000000000, 331.27 W, 92 %, 31894 MiB
2026/10/01 02:48:17.384, 2910 MHz, 13801 MHz, 0x0000000000000000, 330.70 W, 97 %, 31894 MiB
2026/10/01 02:48:17.893, 2910 MHz, 13801 MHz, 0x0000000000000000, 328.00 W, 98 %, 31894 MiB
2026/10/01 02:48:18.403, 2910 MHz, 13801 MHz, 0x0000000000000000, 328.66 W, 76 %, 31894 MiB
2026/10/01 02:48:18.916, 2910 MHz, 13801 MHz, 0x0000000000000000, 328.32 W, 98 %, 31894 MiB
2026/10/01 02:48:19.425, 2910 MHz, 13801 MHz, 0x0000000000000000, 327.61 W, 97 %, 31894 MiB
2026/10/01 02:48:19.931, 2910 MHz, 13801 MHz, 0x0000000000000000, 327.55 W, 97 %, 31894 MiB
2026/10/01 02:48:20.438, 2910 MHz, 13801 MHz, 0x0000000000000000, 323.34 W, 80 %, 31894 MiB
2026/10/01 02:48:20.945, 2910 MHz, 13801 MHz, 0x0000000000000000, 327.40 W, 97 %, 31899 MiB
2026/10/01 02:48:21.451, 2910 MHz, 13801 MHz, 0x0000000000000000, 324.87 W, 74 %, 31899 MiB
2026/10/01 02:48:21.956, 2910 MHz, 13801 MHz, 0x0000000000000000, 312.73 W, 97 %, 31894 MiB
2026/10/01 02:48:22.466, 2910 MHz, 13801 MHz, 0x0000000000000000, 319.82 W, 97 %, 31894 MiB
2026/10/01 02:48:22.974, 2910 MHz, 13801 MHz, 0x0000000000000000, 328.27 W, 97 %, 31894 MiB
2026/10/01 02:48:23.482, 2910 MHz, 13801 MHz, 0x0000000000000000, 323.02 W, 97 %, 31894 MiB
2026/10/01 02:48:23.990, 2910 MHz, 13801 MHz, 0x0000000000000000, 319.59 W, 97 %, 31894 MiB
2026/10/01 02:48:24.498, 2910 MHz, 13801 MHz, 0x0000000000000000, 325.12 W, 98 %, 31894 MiB
2026/10/01 02:48:25.009, 2910 MHz, 13801 MHz, 0x0000000000000000, 328.62 W, 97 %, 31894 MiB
2026/10/01 02:48:25.518, 2910 MHz, 13801 MHz, 0x0000000000000000, 330.52 W, 98 %, 31894 MiB
2026/10/01 02:48:26.024, 2910 MHz, 13801 MHz, 0x0000000000000000, 327.89 W, 82 %, 31894 MiB
2026/10/01 02:48:26.532, 2910 MHz, 13801 MHz, 0x0000000000000000, 324.52 W, 97 %, 31894 MiB
2026/10/01 02:48:27.043, 2910 MHz, 13801 MHz, 0x0000000000000000, 327.92 W, 91 %, 31894 MiB
2026/10/01 02:48:27.554, 2910 MHz, 13801 MHz, 0x0000000000000000, 330.76 W, 94 %, 31894 MiB
2026/10/01 02:48:28.062, 2910 MHz, 13801 MHz, 0x0000000000000000, 332.93 W, 96 %, 31894 MiB
2026/10/01 02:48:28.567, 2910 MHz, 13801 MHz, 0x0000000000000000, 326.70 W, 84 %, 31894 MiB
2026/10/01 02:48:29.079, 2910 MHz, 13801 MHz, 0x0000000000000000, 331.76 W, 83 %, 31894 MiB
2026/10/01 02:48:29.589, 2910 MHz, 13801 MHz, 0x0000000000000000, 333.27 W, 89 %, 31894 MiB
2026/10/01 02:48:30.099, 2910 MHz, 13801 MHz, 0x0000000000000000, 329.56 W, 81 %, 31894 MiB
2026/10/01 02:48:30.608, 2910 MHz, 13801 MHz, 0x0000000000000000, 331.58 W, 97 %, 31894 MiB
2026/10/01 02:48:31.118, 2910 MHz, 13801 MHz, 0x0000000000000000, 331.92 W, 97 %, 31894 MiB
2026/10/01 02:48:31.627, 2910 MHz, 13801 MHz, 0x0000000000000000, 327.27 W, 77 %, 31894 MiB
2026/10/01 02:48:32.136, 2910 MHz, 13801 MHz, 0x0000000000000000, 325.39 W, 97 %, 31894 MiB
2026/10/01 02:48:32.647, 2910 MHz, 13801 MHz, 0x0000000000000000, 331.15 W, 97 %, 31894 MiB
2026/10/01 02:48:33.150, 2925 MHz, 13801 MHz, 0x0000000000000000, 236.32 W, 0 %, 31896 MiB
2026/10/01 02:48:33.652, 2925 MHz, 13801 MHz, 0x0000000000000000, 138.24 W, 0 %, 31896 MiB
2026/10/01 02:48:34.166, 2925 MHz, 13801 MHz, 0x0000000000000000, 96.90 W, 0 %, 31894 MiB
2026/10/01 02:48:34.681, 1485 MHz, 13801 MHz, 0x0000000000000000, 91.56 W, 0 %, 31894 MiB
2026/10/01 02:48:35.181, 472 MHz, 7001 MHz, 0x0000000000000000, 63.99 W, 0 %, 31894 MiB
2026/10/01 02:48:35.683, 382 MHz, 7001 MHz, 0x0000000000000000, 39.69 W, 0 %, 31894 MiB
2026/10/01 02:48:36.198, 382 MHz, 7001 MHz, 0x0000000000000000, 36.34 W, 0 %, 31894 MiB
2026/10/01 02:48:36.713, 382 MHz, 7001 MHz, 0x0000000000000000, 36.34 W, 0 %, 31894 MiB
2026/10/01 02:48:37.229, 240 MHz, 7001 MHz, 0x0000000000000000, 36.08 W, 0 %, 31894 MiB
2026/10/01 02:48:37.743, 240 MHz, 7001 MHz, 0x0000000000000000, 36.08 W, 0 %, 31894 MiB
2026/10/01 02:48:38.259, 180 MHz, 7001 MHz, 0x0000000000000000, 36.05 W, 0 %, 31894 MiB
2026/10/01 02:48:38.771, 180 MHz, 7001 MHz, 0x0000000000000000, 36.05 W, 0 %, 31894 MiB
2026/10/01 02:48:39.275, 180 MHz, 810 MHz, 0x0000000000000000, 26.12 W, 0 %, 31894 MiB
2026/10/01 02:48:39.787, 180 MHz, 810 MHz, 0x0000000000000000, 26.12 W, 0 %, 31894 MiB
2026/10/01 02:48:40.301, 180 MHz, 405 MHz, 0x0000000000000000, 12.37 W, 0 %, 31894 MiB
2026/10/01 02:48:40.816, 180 MHz, 405 MHz, 0x0000000000000000, 12.37 W, 0 %, 31894 MiB
2026/10/01 02:48:41.327, 180 MHz, 405 MHz, 0x0000000000000000, 12.01 W, 0 %, 31894 MiB
2026/10/01 02:48:41.828, 180 MHz, 405 MHz, 0x0000000000000000, 12.01 W, 0 %, 31894 MiB
2026/10/01 02:48:42.340, 180 MHz, 405 MHz, 0x0000000000000000, 12.08 W, 0 %, 31899 MiB
2026/10/01 02:48:42.852, 180 MHz, 405 MHz, 0x0000000000000000, 12.91 W, 0 %, 31894 MiB
2026/10/01 02:48:43.363, 180 MHz, 405 MHz, 0x0000000000000000, 14.88 W, 0 %, 31894 MiB
2026/10/01 02:48:43.879, 180 MHz, 405 MHz, 0x0000000000000000, 14.91 W, 0 %, 31894 MiB
2026/10/01 02:48:44.391, 180 MHz, 405 MHz, 0x0000000000000000, 14.65 W, 0 %, 31894 MiB
2026/10/01 02:48:44.905, 180 MHz, 405 MHz, 0x0000000000000000, 14.65 W, 0 %, 31894 MiB
2026/10/01 02:48:45.417, 172 MHz, 405 MHz, 0x0000000000000000, 11.77 W, 0 %, 31894 MiB
2026/10/01 02:48:45.931, 172 MHz, 405 MHz, 0x0000000000000000, 11.77 W, 0 %, 31894 MiB
2026/10/01 02:48:46.445, 180 MHz, 405 MHz, 0x0000000000000000, 11.66 W, 0 %, 31894 MiB
2026/10/01 02:48:46.958, 180 MHz, 405 MHz, 0x0000000000000000, 11.66 W, 0 %, 31894 MiB
2026/10/01 02:48:47.471, 180 MHz, 405 MHz, 0x0000000000000000, 11.59 W, 0 %, 31894 MiB
2026/10/01 02:48:47.972, 180 MHz, 405 MHz, 0x0000000000000000, 11.59 W, 0 %, 31894 MiB
2026/10/01 02:48:48.488, 180 MHz, 405 MHz, 0x0000000000000000, 11.63 W, 0 %, 31894 MiB
2026/10/01 02:48:48.990, 180 MHz, 405 MHz, 0x0000000000000000, 11.63 W, 0 %, 31894 MiB
2026/10/01 02:48:49.490, 2910 MHz, 13801 MHz, 0x0000000000000000, 69.09 W, 94 %, 31894 MiB
2026/10/01 02:48:49.993, 2910 MHz, 13801 MHz, 0x0000000000000000, 145.72 W, 94 %, 31894 MiB
2026/10/01 02:48:50.493, 2910 MHz, 13801 MHz, 0x0000000000000000, 344.07 W, 95 %, 31894 MiB
2026/10/01 02:48:50.995, 2910 MHz, 13801 MHz, 0x0000000000000000, 341.74 W, 96 %, 31894 MiB
2026/10/01 02:48:51.506, 2910 MHz, 13801 MHz, 0x0000000000000000, 342.64 W, 95 %, 31894 MiB
2026/10/01 02:48:52.006, 2910 MHz, 13801 MHz, 0x0000000000000000, 346.54 W, 95 %, 31894 MiB
2026/10/01 02:48:52.507, 2910 MHz, 13801 MHz, 0x0000000000000000, 339.90 W, 96 %, 31894 MiB
2026/10/01 02:48:53.018, 2910 MHz, 13801 MHz, 0x0000000000000000, 339.05 W, 95 %, 31894 MiB
2026/10/01 02:48:53.532, 2910 MHz, 13801 MHz, 0x0000000000000000, 345.49 W, 95 %, 31894 MiB
2026/10/01 02:48:54.044, 2910 MHz, 13801 MHz, 0x0000000000000000, 340.02 W, 95 %, 31894 MiB
2026/10/01 02:48:54.559, 2910 MHz, 13801 MHz, 0x0000000000000000, 340.78 W, 96 %, 31896 MiB
2026/10/01 02:48:55.070, 2910 MHz, 13801 MHz, 0x0000000000000000, 342.70 W, 79 %, 31896 MiB
2026/10/01 02:48:55.586, 2910 MHz, 13801 MHz, 0x0000000000000000, 344.03 W, 95 %, 31896 MiB
2026/10/01 02:48:56.098, 2910 MHz, 13801 MHz, 0x0000000000000000, 343.97 W, 96 %, 31894 MiB
2026/10/01 02:48:56.611, 2910 MHz, 13801 MHz, 0x0000000000000000, 343.38 W, 96 %, 31894 MiB
2026/10/01 02:48:57.121, 2910 MHz, 13801 MHz, 0x0000000000000000, 348.57 W, 95 %, 31894 MiB
2026/10/01 02:48:57.636, 2910 MHz, 13801 MHz, 0x0000000000000000, 345.06 W, 96 %, 31894 MiB
2026/10/01 02:48:58.146, 2910 MHz, 13801 MHz, 0x0000000000000000, 343.40 W, 96 %, 31894 MiB
2026/10/01 02:48:58.661, 2910 MHz, 13801 MHz, 0x0000000000000000, 347.69 W, 95 %, 31894 MiB
2026/10/01 02:48:59.163, 2910 MHz, 13801 MHz, 0x0000000000000000, 337.70 W, 94 %, 31894 MiB
2026/10/01 02:48:59.664, 2910 MHz, 13801 MHz, 0x0000000000000000, 337.73 W, 96 %, 31894 MiB
2026/10/01 02:49:00.179, 2910 MHz, 13801 MHz, 0x0000000000000000, 347.83 W, 95 %, 31894 MiB
2026/10/01 02:49:11.114, 180 MHz, 405 MHz, 0x0000000000000000, 11.37 W, 0 %, 31894 MiB
2026/10/01 02:49:11.631, 2910 MHz, 13801 MHz, 0x0000000000000000, 66.60 W, 95 %, 31894 MiB
2026/10/01 02:49:12.131, 2910 MHz, 13801 MHz, 0x0000000000000000, 203.35 W, 94 %, 31894 MiB
2026/10/01 02:49:12.646, 2910 MHz, 13801 MHz, 0x0000000000000000, 340.87 W, 95 %, 31894 MiB
2026/10/01 02:49:13.158, 2910 MHz, 13801 MHz, 0x0000000000000000, 338.33 W, 95 %, 31894 MiB
2026/10/01 02:49:13.673, 2910 MHz, 13801 MHz, 0x0000000000000000, 337.26 W, 94 %, 31894 MiB
2026/10/01 02:49:14.187, 2910 MHz, 13801 MHz, 0x0000000000000000, 342.47 W, 94 %, 31894 MiB
2026/10/01 02:49:14.699, 2910 MHz, 13801 MHz, 0x0000000000000000, 337.33 W, 96 %, 31894 MiB
2026/10/01 02:49:15.211, 2910 MHz, 13801 MHz, 0x0000000000000000, 338.27 W, 96 %, 31894 MiB
2026/10/01 02:49:15.723, 2910 MHz, 13801 MHz, 0x0000000000000000, 337.47 W, 63 %, 31894 MiB
2026/10/01 02:49:16.238, 2910 MHz, 13801 MHz, 0x0000000000000000, 338.78 W, 96 %, 31894 MiB
2026/10/01 02:49:16.750, 2910 MHz, 13801 MHz, 0x0000000000000000, 337.73 W, 95 %, 31896 MiB
2026/10/01 02:49:17.265, 2917 MHz, 13801 MHz, 0x0000000000000000, 333.06 W, 89 %, 31894 MiB
2026/10/01 02:49:17.767, 2910 MHz, 13801 MHz, 0x0000000000000000, 335.04 W, 95 %, 31894 MiB
2026/10/01 02:49:18.282, 2910 MHz, 13801 MHz, 0x0000000000000000, 344.62 W, 96 %, 31894 MiB
2026/10/01 02:49:18.795, 2910 MHz, 13801 MHz, 0x0000000000000000, 336.72 W, 95 %, 31894 MiB
2026/10/01 02:49:19.310, 2910 MHz, 13801 MHz, 0x0000000000000000, 338.52 W, 96 %, 31894 MiB
2026/10/01 02:49:19.811, 2910 MHz, 13801 MHz, 0x0000000000000000, 346.57 W, 94 %, 31894 MiB
2026/10/01 02:49:20.315, 2910 MHz, 13801 MHz, 0x0000000000000000, 339.29 W, 93 %, 31894 MiB
2026/10/01 02:49:20.818, 2910 MHz, 13801 MHz, 0x0000000000000000, 338.83 W, 96 %, 31894 MiB
2026/10/01 02:49:21.333, 2910 MHz, 13801 MHz, 0x0000000000000000, 344.20 W, 95 %, 31894 MiB
2026/10/01 02:49:21.834, 2925 MHz, 13801 MHz, 0x0000000000000000, 251.80 W, 0 %, 31894 MiB
2026/10/01 02:49:22.349, 2925 MHz, 13801 MHz, 0x0000000000000000, 146.07 W, 0 %, 31894 MiB
2026/10/01 02:49:22.850, 2925 MHz, 13801 MHz, 0x0000000000000000, 93.72 W, 0 %, 31894 MiB
2026/10/01 02:49:23.365, 2415 MHz, 13801 MHz, 0x0000000000000000, 93.65 W, 0 %, 31894 MiB
2026/10/01 02:49:23.879, 502 MHz, 7001 MHz, 0x0000000000000000, 69.52 W, 0 %, 31896 MiB
2026/10/01 02:49:24.380, 397 MHz, 7001 MHz, 0x0000000000000000, 43.12 W, 0 %, 31896 MiB
2026/10/01 02:49:24.892, 315 MHz, 7001 MHz, 0x0000000000000000, 35.73 W, 0 %, 31894 MiB
2026/10/01 02:49:25.406, 247 MHz, 7001 MHz, 0x0000000000000000, 35.45 W, 0 %, 31894 MiB
2026/10/01 02:49:25.920, 202 MHz, 7001 MHz, 0x0000000000000000, 35.13 W, 0 %, 31894 MiB
2026/10/01 02:49:26.432, 202 MHz, 7001 MHz, 0x0000000000000000, 35.13 W, 0 %, 31894 MiB
2026/10/01 02:49:26.945, 180 MHz, 810 MHz, 0x0000000000000000, 21.24 W, 0 %, 31894 MiB
2026/10/01 02:49:27.456, 180 MHz, 810 MHz, 0x0000000000000000, 21.24 W, 0 %, 31894 MiB
2026/10/01 02:49:27.957, 180 MHz, 810 MHz, 0x0000000000000000, 16.35 W, 0 %, 31894 MiB
2026/10/01 02:49:28.465, 180 MHz, 810 MHz, 0x0000000000000000, 16.35 W, 0 %, 31894 MiB
2026/10/01 02:49:28.974, 180 MHz, 405 MHz, 0x0000000000000000, 11.42 W, 0 %, 31894 MiB
2026/10/01 02:49:29.485, 180 MHz, 405 MHz, 0x0000000000000000, 11.42 W, 0 %, 31894 MiB
2026/10/01 02:49:29.996, 180 MHz, 405 MHz, 0x0000000000000000, 11.39 W, 0 %, 31894 MiB
2026/10/01 02:49:30.510, 180 MHz, 405 MHz, 0x0000000000000000, 11.39 W, 0 %, 31894 MiB
2026/10/01 02:49:31.021, 180 MHz, 405 MHz, 0x0000000000000000, 11.11 W, 0 %, 31894 MiB
2026/10/01 02:49:31.522, 180 MHz, 405 MHz, 0x0000000000000000, 11.11 W, 0 %, 31894 MiB
2026/10/01 02:49:32.035, 180 MHz, 405 MHz, 0x0000000000000000, 11.11 W, 0 %, 31894 MiB
2026/10/01 02:49:32.538, 180 MHz, 405 MHz, 0x0000000000000000, 11.11 W, 0 %, 31894 MiB
2026/10/01 02:49:33.050, 180 MHz, 405 MHz, 0x0000000000000000, 10.99 W, 0 %, 31894 MiB
2026/10/01 02:49:33.560, 2902 MHz, 13801 MHz, 0x0000000000000000, 70.22 W, 74 %, 31894 MiB
2026/10/01 02:49:34.070, 2910 MHz, 13801 MHz, 0x0000000000000000, 248.85 W, 97 %, 31894 MiB
2026/10/01 02:49:34.577, 2910 MHz, 13801 MHz, 0x0000000000000000, 344.66 W, 96 %, 31894 MiB
2026/10/01 02:49:35.089, 2910 MHz, 13801 MHz, 0x0000000000000000, 342.22 W, 97 %, 31894 MiB
2026/10/01 02:49:35.595, 2910 MHz, 13801 MHz, 0x0000000000000000, 333.19 W, 97 %, 31894 MiB
2026/10/01 02:49:36.103, 2902 MHz, 13801 MHz, 0x0000000000000000, 328.62 W, 97 %, 31894 MiB
2026/10/01 02:49:36.613, 2910 MHz, 13801 MHz, 0x0000000000000000, 339.32 W, 98 %, 31894 MiB
2026/10/01 02:49:37.121, 2910 MHz, 13801 MHz, 0x0000000000000000, 353.99 W, 98 %, 31894 MiB
2026/10/01 02:49:37.633, 2910 MHz, 13801 MHz, 0x0000000000000000, 350.50 W, 97 %, 31894 MiB
2026/10/01 02:49:38.140, 2910 MHz, 13801 MHz, 0x0000000000000000, 334.37 W, 84 %, 31894 MiB
2026/10/01 02:49:38.653, 2910 MHz, 13801 MHz, 0x0000000000000000, 313.03 W, 52 %, 31896 MiB
2026/10/01 02:49:39.162, 2910 MHz, 13801 MHz, 0x0000000000000000, 315.89 W, 98 %, 31894 MiB
2026/10/01 02:49:39.669, 2910 MHz, 13801 MHz, 0x0000000000000000, 339.69 W, 98 %, 31894 MiB
2026/10/01 02:49:40.182, 2910 MHz, 13801 MHz, 0x0000000000000000, 346.90 W, 98 %, 31894 MiB
2026/10/01 02:49:40.693, 2910 MHz, 13801 MHz, 0x0000000000000000, 337.11 W, 83 %, 31894 MiB
2026/10/01 02:49:41.201, 2910 MHz, 13801 MHz, 0x0000000000000000, 324.84 W, 82 %, 31894 MiB
2026/10/01 02:49:41.707, 2910 MHz, 13801 MHz, 0x0000000000000000, 311.17 W, 63 %, 31894 MiB
2026/10/01 02:49:42.221, 2910 MHz, 13801 MHz, 0x0000000000000000, 323.03 W, 98 %, 31894 MiB
2026/10/01 02:49:42.731, 2910 MHz, 13801 MHz, 0x0000000000000000, 341.23 W, 98 %, 31894 MiB
2026/10/01 02:49:43.243, 2910 MHz, 13801 MHz, 0x0000000000000000, 330.56 W, 98 %, 31894 MiB
2026/10/01 02:49:43.753, 2910 MHz, 13801 MHz, 0x0000000000000000, 327.40 W, 85 %, 31894 MiB
2026/10/01 02:49:44.260, 2910 MHz, 13801 MHz, 0x0000000000000000, 318.13 W, 79 %, 31894 MiB
2026/10/01 02:49:44.766, 2910 MHz, 13801 MHz, 0x0000000000000000, 333.20 W, 98 %, 31894 MiB
2026/10/01 02:49:45.278, 2910 MHz, 13801 MHz, 0x0000000000000000, 340.39 W, 98 %, 31896 MiB
2026/10/01 02:49:45.788, 2910 MHz, 13801 MHz, 0x0000000000000000, 322.09 W, 68 %, 31896 MiB
2026/10/01 02:49:46.301, 2910 MHz, 13801 MHz, 0x0000000000000000, 320.85 W, 98 %, 31894 MiB
2026/10/01 02:49:46.809, 2910 MHz, 13801 MHz, 0x0000000000000000, 334.58 W, 98 %, 31894 MiB
2026/10/01 02:49:47.317, 2910 MHz, 13801 MHz, 0x0000000000000000, 342.10 W, 91 %, 31894 MiB
2026/10/01 02:49:47.824, 2910 MHz, 13801 MHz, 0x0000000000000000, 339.93 W, 98 %, 31894 MiB
2026/10/01 02:49:48.339, 2910 MHz, 13801 MHz, 0x0000000000000000, 334.05 W, 81 %, 31894 MiB
2026/10/01 02:49:48.849, 2910 MHz, 13801 MHz, 0x0000000000000000, 334.71 W, 98 %, 31894 MiB
2026/10/01 02:49:49.359, 2910 MHz, 13801 MHz, 0x0000000000000000, 337.01 W, 94 %, 31894 MiB
2026/10/01 02:49:49.868, 2910 MHz, 13801 MHz, 0x0000000000000000, 343.90 W, 98 %, 31894 MiB
2026/10/01 02:49:50.378, 2910 MHz, 13801 MHz, 0x0000000000000000, 342.47 W, 84 %, 31894 MiB
2026/10/01 02:49:50.888, 2910 MHz, 13801 MHz, 0x0000000000000000, 338.10 W, 75 %, 31894 MiB
2026/10/01 02:49:51.396, 2910 MHz, 13801 MHz, 0x0000000000000000, 332.95 W, 98 %, 31894 MiB
2026/10/01 02:49:51.906, 2910 MHz, 13801 MHz, 0x0000000000000000, 339.97 W, 98 %, 31894 MiB
2026/10/01 02:49:52.418, 2910 MHz, 13801 MHz, 0x0000000000000000, 345.77 W, 86 %, 31894 MiB
2026/10/01 02:49:52.930, 2910 MHz, 13801 MHz, 0x0000000000000000, 341.80 W, 98 %, 31894 MiB
2026/10/01 02:49:53.442, 2910 MHz, 13801 MHz, 0x0000000000000000, 333.30 W, 75 %, 31894 MiB
2026/10/01 02:49:53.951, 2910 MHz, 13801 MHz, 0x0000000000000000, 329.39 W, 81 %, 31894 MiB
2026/10/01 02:49:54.462, 2910 MHz, 13801 MHz, 0x0000000000000000, 327.68 W, 78 %, 31894 MiB
2026/10/01 02:49:54.970, 2910 MHz, 13801 MHz, 0x0000000000000000, 338.72 W, 98 %, 31894 MiB
2026/10/01 02:49:55.480, 2910 MHz, 13801 MHz, 0x0000000000000000, 337.79 W, 98 %, 31894 MiB
2026/10/01 02:49:55.992, 2910 MHz, 13801 MHz, 0x0000000000000000, 335.79 W, 97 %, 31894 MiB
2026/10/01 02:49:56.503, 2910 MHz, 13801 MHz, 0x0000000000000000, 331.44 W, 71 %, 31894 MiB
2026/10/01 02:49:57.012, 2910 MHz, 13801 MHz, 0x0000000000000000, 328.92 W, 84 %, 31894 MiB
2026/10/01 02:49:57.522, 2910 MHz, 13801 MHz, 0x0000000000000000, 335.59 W, 98 %, 31894 MiB
2026/10/01 02:49:58.031, 2910 MHz, 13801 MHz, 0x0000000000000000, 341.69 W, 84 %, 31894 MiB
2026/10/01 02:49:58.540, 2910 MHz, 13801 MHz, 0x0000000000000000, 337.96 W, 97 %, 31894 MiB
2026/10/01 02:49:59.052, 2910 MHz, 13801 MHz, 0x0000000000000000, 336.92 W, 84 %, 31894 MiB
2026/10/01 02:49:59.561, 2910 MHz, 13801 MHz, 0x0000000000000000, 336.91 W, 83 %, 31894 MiB
2026/10/01 02:50:00.070, 2910 MHz, 13801 MHz, 0x0000000000000000, 332.67 W, 98 %, 31894 MiB
2026/10/01 02:50:00.578, 2910 MHz, 13801 MHz, 0x0000000000000000, 338.05 W, 98 %, 31896 MiB
2026/10/01 02:50:01.087, 2910 MHz, 13801 MHz, 0x0000000000000000, 337.31 W, 98 %, 31896 MiB
2026/10/01 02:50:01.595, 2910 MHz, 13801 MHz, 0x0000000000000000, 327.01 W, 92 %, 31896 MiB
2026/10/01 02:50:02.107, 2910 MHz, 13801 MHz, 0x0000000000000000, 331.70 W, 83 %, 31894 MiB
2026/10/01 02:50:02.615, 2910 MHz, 13801 MHz, 0x0000000000000000, 339.21 W, 84 %, 31894 MiB
2026/10/01 02:50:03.123, 2910 MHz, 13801 MHz, 0x0000000000000000, 339.28 W, 91 %, 31894 MiB
2026/10/01 02:50:03.635, 2910 MHz, 13801 MHz, 0x0000000000000000, 343.11 W, 72 %, 31894 MiB
2026/10/01 02:50:04.143, 2910 MHz, 13801 MHz, 0x0000000000000000, 339.36 W, 90 %, 31894 MiB
2026/10/01 02:50:04.653, 2910 MHz, 13801 MHz, 0x0000000000000000, 338.68 W, 98 %, 31894 MiB
2026/10/01 02:50:05.165, 2910 MHz, 13801 MHz, 0x0000000000000000, 343.17 W, 75 %, 31894 MiB
2026/10/01 02:50:05.672, 2910 MHz, 13801 MHz, 0x0000000000000000, 348.70 W, 98 %, 31894 MiB
2026/10/01 02:50:06.181, 2910 MHz, 13801 MHz, 0x0000000000000000, 333.14 W, 98 %, 31899 MiB
2026/10/01 02:50:06.694, 2910 MHz, 13801 MHz, 0x0000000000000000, 312.81 W, 84 %, 31899 MiB
2026/10/01 02:50:07.203, 2910 MHz, 13801 MHz, 0x0000000000000000, 325.86 W, 86 %, 31894 MiB
2026/10/01 02:50:07.713, 2910 MHz, 13801 MHz, 0x0000000000000000, 351.23 W, 98 %, 31894 MiB
2026/10/01 02:50:08.221, 2910 MHz, 13801 MHz, 0x0000000000000000, 348.53 W, 85 %, 31894 MiB
2026/10/01 02:50:08.732, 2910 MHz, 13801 MHz, 0x0000000000000000, 337.51 W, 87 %, 31894 MiB
2026/10/01 02:50:09.240, 2910 MHz, 13801 MHz, 0x0000000000000000, 329.04 W, 71 %, 31894 MiB
2026/10/01 02:50:09.750, 2910 MHz, 13801 MHz, 0x0000000000000000, 331.83 W, 83 %, 31894 MiB
2026/10/01 02:50:10.257, 2910 MHz, 13801 MHz, 0x0000000000000000, 342.54 W, 98 %, 31894 MiB
2026/10/01 02:50:10.764, 2910 MHz, 13801 MHz, 0x0000000000000000, 340.78 W, 92 %, 31894 MiB
2026/10/01 02:50:11.274, 2910 MHz, 13801 MHz, 0x0000000000000000, 342.05 W, 86 %, 31894 MiB
2026/10/01 02:50:11.782, 2910 MHz, 13801 MHz, 0x0000000000000000, 339.40 W, 83 %, 31894 MiB
2026/10/01 02:50:12.292, 2910 MHz, 13801 MHz, 0x0000000000000000, 335.37 W, 98 %, 31894 MiB
2026/10/01 02:50:12.803, 2910 MHz, 13801 MHz, 0x0000000000000000, 326.21 W, 86 %, 31894 MiB
2026/10/01 02:50:13.314, 2910 MHz, 13801 MHz, 0x0000000000000000, 340.41 W, 98 %, 31894 MiB
2026/10/01 02:50:13.825, 2910 MHz, 13801 MHz, 0x0000000000000000, 342.14 W, 98 %, 31894 MiB
2026/10/01 02:50:14.338, 2910 MHz, 13801 MHz, 0x0000000000000000, 334.24 W, 93 %, 31894 MiB
2026/10/01 02:50:14.848, 2910 MHz, 13801 MHz, 0x0000000000000000, 327.70 W, 84 %, 31894 MiB
2026/10/01 02:50:15.354, 2910 MHz, 13801 MHz, 0x0000000000000000, 329.50 W, 83 %, 31894 MiB
2026/10/01 02:50:15.866, 2910 MHz, 13801 MHz, 0x0000000000000000, 340.96 W, 95 %, 31894 MiB
2026/10/01 02:50:16.376, 2910 MHz, 13801 MHz, 0x0000000000000000, 349.16 W, 86 %, 31894 MiB
2026/10/01 02:50:16.882, 2910 MHz, 13801 MHz, 0x0000000000000000, 344.79 W, 88 %, 31894 MiB
2026/10/01 02:50:17.392, 2910 MHz, 13801 MHz, 0x0000000000000000, 334.15 W, 79 %, 31894 MiB
2026/10/01 02:50:17.904, 2910 MHz, 13801 MHz, 0x0000000000000000, 336.95 W, 98 %, 31894 MiB
2026/10/01 02:50:18.414, 2910 MHz, 13801 MHz, 0x0000000000000000, 342.98 W, 87 %, 31894 MiB
2026/10/01 02:50:18.924, 2910 MHz, 13801 MHz, 0x0000000000000000, 344.60 W, 85 %, 31894 MiB
2026/10/01 02:50:19.438, 2910 MHz, 13801 MHz, 0x0000000000000000, 345.27 W, 98 %, 31894 MiB
2026/10/01 02:50:19.950, 2910 MHz, 13801 MHz, 0x0000000000000000, 334.10 W, 85 %, 31894 MiB
2026/10/01 02:50:20.457, 2910 MHz, 13801 MHz, 0x0000000000000000, 334.37 W, 98 %, 31894 MiB
2026/10/01 02:50:20.964, 2910 MHz, 13801 MHz, 0x0000000000000000, 339.37 W, 83 %, 31894 MiB
2026/10/01 02:50:21.471, 2910 MHz, 13801 MHz, 0x0000000000000000, 341.79 W, 98 %, 31894 MiB
2026/10/01 02:50:21.980, 2910 MHz, 13801 MHz, 0x0000000000000000, 338.86 W, 81 %, 31894 MiB
2026/10/01 02:50:22.491, 2910 MHz, 13801 MHz, 0x0000000000000000, 332.70 W, 85 %, 31894 MiB
2026/10/01 02:50:22.998, 2910 MHz, 13801 MHz, 0x0000000000000000, 328.59 W, 90 %, 31896 MiB
2026/10/01 02:50:23.505, 2910 MHz, 13801 MHz, 0x0000000000000000, 336.42 W, 97 %, 31894 MiB
2026/10/01 02:50:24.012, 2910 MHz, 13801 MHz, 0x0000000000000000, 340.44 W, 77 %, 31894 MiB
2026/10/01 02:50:24.522, 2910 MHz, 13801 MHz, 0x0000000000000000, 344.89 W, 98 %, 31894 MiB
2026/10/01 02:50:25.032, 2910 MHz, 13801 MHz, 0x0000000000000000, 338.85 W, 95 %, 31894 MiB
2026/10/01 02:50:25.541, 2910 MHz, 13801 MHz, 0x0000000000000000, 340.29 W, 83 %, 31894 MiB
2026/10/01 02:50:26.051, 2910 MHz, 13801 MHz, 0x0000000000000000, 337.82 W, 78 %, 31894 MiB
2026/10/01 02:50:26.561, 2910 MHz, 13801 MHz, 0x0000000000000000, 343.99 W, 98 %, 31894 MiB
2026/10/01 02:50:27.070, 2910 MHz, 13801 MHz, 0x0000000000000000, 342.13 W, 98 %, 31894 MiB
2026/10/01 02:50:27.581, 2910 MHz, 13801 MHz, 0x0000000000000000, 337.38 W, 98 %, 31896 MiB
2026/10/01 02:50:28.090, 2910 MHz, 13801 MHz, 0x0000000000000000, 327.93 W, 83 %, 31896 MiB
2026/10/01 02:50:28.599, 2910 MHz, 13801 MHz, 0x0000000000000000, 338.73 W, 98 %, 31894 MiB
2026/10/01 02:50:29.106, 2910 MHz, 13801 MHz, 0x0000000000000000, 344.57 W, 83 %, 31894 MiB
2026/10/01 02:50:29.616, 2910 MHz, 13801 MHz, 0x0000000000000000, 347.25 W, 85 %, 31894 MiB
2026/10/01 02:50:30.124, 2910 MHz, 13801 MHz, 0x0000000000000000, 339.71 W, 77 %, 31894 MiB
2026/10/01 02:50:30.633, 2910 MHz, 13801 MHz, 0x0000000000000000, 338.60 W, 85 %, 31894 MiB
2026/10/01 02:50:31.138, 2910 MHz, 13801 MHz, 0x0000000000000000, 332.91 W, 82 %, 31894 MiB
2026/10/01 02:50:31.645, 2910 MHz, 13801 MHz, 0x0000000000000000, 337.94 W, 98 %, 31894 MiB
2026/10/01 02:50:32.153, 2910 MHz, 13801 MHz, 0x0000000000000000, 344.04 W, 98 %, 31894 MiB
2026/10/01 02:50:32.661, 2910 MHz, 13801 MHz, 0x0000000000000000, 339.62 W, 98 %, 31894 MiB
2026/10/01 02:50:33.169, 2910 MHz, 13801 MHz, 0x0000000000000000, 327.73 W, 80 %, 31894 MiB
2026/10/01 02:50:33.675, 2910 MHz, 13801 MHz, 0x0000000000000000, 331.65 W, 68 %, 31910 MiB
2026/10/01 02:50:34.179, 2910 MHz, 13801 MHz, 0x0000000000000000, 338.99 W, 81 %, 31910 MiB
2026/10/01 02:50:34.685, 2910 MHz, 13801 MHz, 0x0000000000000000, 336.57 W, 93 %, 31910 MiB
2026/10/01 02:50:35.193, 2910 MHz, 13801 MHz, 0x0000000000000000, 342.06 W, 77 %, 31910 MiB
2026/10/01 02:50:35.701, 2910 MHz, 13801 MHz, 0x0000000000000000, 329.77 W, 81 %, 31916 MiB
2026/10/01 02:50:36.201, 2925 MHz, 13801 MHz, 0x0000000000000000, 233.49 W, 0 %, 31916 MiB
2026/10/01 02:50:36.714, 2925 MHz, 13801 MHz, 0x0000000000000000, 137.54 W, 0 %, 31916 MiB
2026/10/01 02:50:37.227, 2925 MHz, 13801 MHz, 0x0000000000000000, 96.95 W, 0 %, 31916 MiB
2026/10/01 02:50:37.739, 1635 MHz, 7001 MHz, 0x0000000000000000, 86.46 W, 0 %, 31916 MiB
2026/10/01 02:50:38.253, 675 MHz, 7001 MHz, 0x0000000000000000, 59.28 W, 0 %, 31916 MiB
2026/10/01 02:50:38.764, 600 MHz, 7001 MHz, 0x0000000000000000, 42.89 W, 0 %, 31916 MiB
2026/10/01 02:50:39.278, 600 MHz, 7001 MHz, 0x0000000000000000, 42.89 W, 0 %, 31916 MiB
2026/10/01 02:50:39.794, 375 MHz, 7001 MHz, 0x0000000000000000, 36.24 W, 0 %, 31916 MiB
2026/10/01 02:50:40.308, 375 MHz, 7001 MHz, 0x0000000000000000, 36.24 W, 0 %, 31916 MiB
2026/10/01 02:50:40.824, 232 MHz, 7001 MHz, 0x0000000000000000, 36.22 W, 0 %, 31916 MiB
2026/10/01 02:50:41.338, 232 MHz, 7001 MHz, 0x0000000000000000, 36.22 W, 0 %, 31916 MiB
2026/10/01 02:50:41.852, 180 MHz, 7001 MHz, 0x0000000000000000, 36.03 W, 0 %, 31916 MiB
2026/10/01 02:50:42.366, 180 MHz, 7001 MHz, 0x0000000000000000, 36.03 W, 0 %, 31916 MiB
2026/10/01 02:50:42.881, 180 MHz, 7001 MHz, 0x0000000000000000, 35.99 W, 0 %, 31916 MiB
2026/10/01 02:50:43.393, 180 MHz, 7001 MHz, 0x0000000000000000, 35.99 W, 0 %, 31916 MiB
2026/10/01 02:50:43.895, 180 MHz, 810 MHz, 0x0000000000000000, 27.98 W, 0 %, 31916 MiB
2026/10/01 02:50:44.408, 180 MHz, 810 MHz, 0x0000000000000000, 17.69 W, 0 %, 31918 MiB
2026/10/01 02:50:44.923, 180 MHz, 405 MHz, 0x0000000000000000, 15.09 W, 0 %, 31916 MiB
2026/10/01 02:50:45.436, 180 MHz, 405 MHz, 0x0000000000000000, 15.60 W, 0 %, 31916 MiB
2026/10/01 02:50:45.938, 180 MHz, 405 MHz, 0x0000000000000000, 15.04 W, 0 %, 31916 MiB
2026/10/01 02:50:46.453, 180 MHz, 405 MHz, 0x0000000000000000, 14.97 W, 0 %, 31916 MiB
2026/10/01 02:50:46.955, 180 MHz, 405 MHz, 0x0000000000000000, 14.97 W, 0 %, 31916 MiB
2026/10/01 02:50:47.470, 180 MHz, 405 MHz, 0x0000000000000000, 12.14 W, 0 %, 31916 MiB
2026/10/01 02:50:47.981, 180 MHz, 405 MHz, 0x0000000000000000, 12.14 W, 0 %, 31916 MiB
2026/10/01 02:50:48.482, 180 MHz, 405 MHz, 0x0000000000000000, 11.91 W, 0 %, 31921 MiB
2026/10/01 02:50:48.997, 180 MHz, 405 MHz, 0x0000000000000000, 12.39 W, 0 %, 31921 MiB
2026/10/01 02:50:49.507, 172 MHz, 405 MHz, 0x0000000000000000, 13.83 W, 0 %, 31916 MiB
2026/10/01 02:50:50.008, 180 MHz, 405 MHz, 0x0000000000000000, 14.67 W, 0 %, 31916 MiB
2026/10/01 02:50:50.520, 180 MHz, 405 MHz, 0x0000000000000000, 14.61 W, 0 %, 31916 MiB
2026/10/01 02:50:51.035, 180 MHz, 405 MHz, 0x0000000000000000, 14.61 W, 0 %, 31916 MiB
2026/10/01 02:50:51.537, 180 MHz, 405 MHz, 0x0000000000000000, 11.80 W, 0 %, 31916 MiB
2026/10/01 02:50:52.039, 180 MHz, 405 MHz, 0x0000000000000000, 11.80 W, 0 %, 31916 MiB
2026/10/01 02:50:52.554, 2850 MHz, 13801 MHz, 0x0000000000000000, 37.15 W, 96 %, 31916 MiB
2026/10/01 02:50:53.068, 2910 MHz, 13801 MHz, 0x0000000000000000, 157.08 W, 96 %, 31916 MiB
2026/10/01 02:50:53.580, 2910 MHz, 13801 MHz, 0x0000000000000000, 341.93 W, 96 %, 31916 MiB
2026/10/01 02:50:54.094, 2910 MHz, 13801 MHz, 0x0000000000000000, 337.59 W, 96 %, 31916 MiB
2026/10/01 02:50:54.595, 2910 MHz, 13801 MHz, 0x0000000000000000, 340.44 W, 96 %, 31916 MiB
2026/10/01 02:50:55.109, 2910 MHz, 13801 MHz, 0x0000000000000000, 342.86 W, 96 %, 31916 MiB
2026/10/01 02:50:55.611, 2910 MHz, 13801 MHz, 0x0000000000000000, 343.76 W, 96 %, 31916 MiB
2026/10/01 02:50:56.114, 2910 MHz, 13801 MHz, 0x0000000000000000, 346.41 W, 96 %, 31916 MiB
2026/10/01 02:50:56.628, 2910 MHz, 13801 MHz, 0x0000000000000000, 335.42 W, 96 %, 31916 MiB
2026/10/01 02:50:57.141, 2910 MHz, 13801 MHz, 0x0000000000000000, 335.54 W, 96 %, 31916 MiB
2026/10/01 02:50:57.657, 2910 MHz, 13801 MHz, 0x0000000000000000, 346.77 W, 96 %, 31916 MiB
2026/10/01 02:50:58.170, 2910 MHz, 13801 MHz, 0x0000000000000000, 335.42 W, 96 %, 31916 MiB
2026/10/01 02:50:58.674, 2910 MHz, 13801 MHz, 0x0000000000000000, 336.45 W, 96 %, 31916 MiB
2026/10/01 02:50:59.175, 2910 MHz, 13801 MHz, 0x0000000000000000, 345.66 W, 76 %, 31916 MiB
2026/10/01 02:50:59.676, 2910 MHz, 13801 MHz, 0x0000000000000000, 345.27 W, 96 %, 31916 MiB
2026/10/01 02:51:00.177, 2910 MHz, 13801 MHz, 0x0000000000000000, 348.87 W, 95 %, 31916 MiB
2026/10/01 02:51:00.692, 2910 MHz, 13801 MHz, 0x0000000000000000, 344.22 W, 96 %, 31916 MiB
2026/10/01 02:51:01.205, 2910 MHz, 13801 MHz, 0x0000000000000000, 343.91 W, 96 %, 31916 MiB
2026/10/01 02:51:01.706, 2910 MHz, 13801 MHz, 0x0000000000000000, 346.38 W, 96 %, 31916 MiB
2026/10/01 02:51:02.216, 2917 MHz, 13801 MHz, 0x0000000000000000, 290.50 W, 0 %, 31916 MiB
2026/10/01 02:51:12.900, 180 MHz, 405 MHz, 0x0000000000000000, 11.47 W, 0 %, 31916 MiB
2026/10/01 02:51:13.413, 1942 MHz, 13801 MHz, 0x0000000000000000, 31.69 W, 94 %, 31916 MiB
2026/10/01 02:51:13.929, 2910 MHz, 13801 MHz, 0x0000000000000000, 148.06 W, 95 %, 31916 MiB
2026/10/01 02:51:14.444, 2910 MHz, 13801 MHz, 0x0000000000000000, 340.85 W, 95 %, 31916 MiB
2026/10/01 02:51:14.959, 2910 MHz, 13801 MHz, 0x0000000000000000, 332.71 W, 94 %, 31916 MiB
2026/10/01 02:51:15.462, 2910 MHz, 13801 MHz, 0x0000000000000000, 334.48 W, 94 %, 31916 MiB
2026/10/01 02:51:15.963, 2910 MHz, 13801 MHz, 0x0000000000000000, 344.04 W, 95 %, 31916 MiB
2026/10/01 02:51:16.477, 2910 MHz, 13801 MHz, 0x0000000000000000, 334.61 W, 95 %, 31916 MiB
2026/10/01 02:51:16.989, 2910 MHz, 13801 MHz, 0x0000000000000000, 335.16 W, 95 %, 31916 MiB
2026/10/01 02:51:17.490, 2910 MHz, 13801 MHz, 0x0000000000000000, 344.90 W, 96 %, 31916 MiB
2026/10/01 02:51:18.003, 2910 MHz, 13801 MHz, 0x0000000000000000, 337.86 W, 96 %, 31916 MiB
2026/10/01 02:51:18.504, 2910 MHz, 13801 MHz, 0x0000000000000000, 337.36 W, 94 %, 31916 MiB
2026/10/01 02:51:19.005, 2910 MHz, 13801 MHz, 0x0000000000000000, 342.04 W, 95 %, 31916 MiB
2026/10/01 02:51:19.519, 2910 MHz, 13801 MHz, 0x0000000000000000, 340.62 W, 95 %, 31916 MiB
2026/10/01 02:51:20.020, 2910 MHz, 13801 MHz, 0x0000000000000000, 341.00 W, 96 %, 31916 MiB
2026/10/01 02:51:20.520, 2910 MHz, 13801 MHz, 0x0000000000000000, 340.91 W, 79 %, 31916 MiB
2026/10/01 02:51:21.021, 2910 MHz, 13801 MHz, 0x0000000000000000, 343.66 W, 96 %, 31916 MiB
2026/10/01 02:51:21.523, 2910 MHz, 13801 MHz, 0x0000000000000000, 343.83 W, 96 %, 31916 MiB
2026/10/01 02:51:22.026, 2910 MHz, 13801 MHz, 0x0000000000000000, 341.10 W, 95 %, 31916 MiB
2026/10/01 02:51:22.540, 2910 MHz, 13801 MHz, 0x0000000000000000, 341.90 W, 96 %, 31916 MiB
2026/10/01 02:51:23.052, 2910 MHz, 13801 MHz, 0x0000000000000000, 347.26 W, 96 %, 31916 MiB
2026/10/01 02:51:23.565, 2910 MHz, 13801 MHz, 0x0000000000000000, 342.28 W, 96 %, 31916 MiB
2026/10/01 02:51:24.079, 2910 MHz, 13801 MHz, 0x0000000000000000, 343.47 W, 96 %, 31916 MiB
2026/10/01 02:51:24.580, 2910 MHz, 13801 MHz, 0x0000000000000000, 346.95 W, 96 %, 31916 MiB
2026/10/01 02:51:25.081, 2925 MHz, 13801 MHz, 0x0000000000000000, 261.01 W, 0 %, 31916 MiB
2026/10/01 02:51:25.593, 2925 MHz, 13801 MHz, 0x0000000000000000, 154.64 W, 0 %, 31916 MiB
2026/10/01 02:51:26.108, 2452 MHz, 13801 MHz, 0x0000000000000000, 88.70 W, 0 %, 31916 MiB
2026/10/01 02:51:26.622, 660 MHz, 7001 MHz, 0x0000000000000000, 64.72 W, 0 %, 31916 MiB
2026/10/01 02:51:27.137, 510 MHz, 7001 MHz, 0x0000000000000000, 38.52 W, 0 %, 31916 MiB
2026/10/01 02:51:27.639, 465 MHz, 7001 MHz, 0x0000000000000000, 35.93 W, 0 %, 31916 MiB
2026/10/01 02:51:28.141, 337 MHz, 7001 MHz, 0x0000000000000000, 35.80 W, 0 %, 31918 MiB
2026/10/01 02:51:28.656, 262 MHz, 7001 MHz, 0x0000000000000000, 35.54 W, 0 %, 31916 MiB
2026/10/01 02:51:29.172, 202 MHz, 7001 MHz, 0x0000000000000000, 35.23 W, 0 %, 31916 MiB
2026/10/01 02:51:29.686, 180 MHz, 7001 MHz, 0x0000000000000000, 35.05 W, 0 %, 31916 MiB
2026/10/01 02:51:30.200, 180 MHz, 7001 MHz, 0x0000000000000000, 35.05 W, 0 %, 31921 MiB
2026/10/01 02:51:30.712, 180 MHz, 810 MHz, 0x0000000000000000, 25.69 W, 0 %, 31921 MiB
2026/10/01 02:51:31.225, 180 MHz, 810 MHz, 0x0000000000000000, 22.18 W, 0 %, 31916 MiB
2026/10/01 02:51:31.740, 180 MHz, 810 MHz, 0x0000000000000000, 17.29 W, 0 %, 31916 MiB
2026/10/01 02:51:32.243, 180 MHz, 405 MHz, 0x0000000000000000, 15.82 W, 0 %, 31916 MiB
2026/10/01 02:51:32.746, 180 MHz, 405 MHz, 0x0000000000000000, 15.82 W, 0 %, 31916 MiB
2026/10/01 02:51:33.260, 180 MHz, 405 MHz, 0x0000000000000000, 11.42 W, 0 %, 31916 MiB
2026/10/01 02:51:33.772, 180 MHz, 405 MHz, 0x0000000000000000, 11.80 W, 0 %, 31916 MiB
2026/10/01 02:51:34.286, 180 MHz, 405 MHz, 0x0000000000000000, 12.25 W, 0 %, 31916 MiB
2026/10/01 02:51:34.798, 180 MHz, 405 MHz, 0x0000000000000000, 13.12 W, 0 %, 31916 MiB
2026/10/01 02:51:35.312, 180 MHz, 405 MHz, 0x0000000000000000, 13.12 W, 0 %, 31916 MiB
2026/10/01 02:51:35.813, 180 MHz, 405 MHz, 0x0000000000000000, 11.17 W, 0 %, 31916 MiB
2026/10/01 02:51:36.326, 180 MHz, 405 MHz, 0x0000000000000000, 11.17 W, 0 %, 31916 MiB
2026/10/01 02:51:36.841, 180 MHz, 405 MHz, 0x0000000000000000, 11.48 W, 0 %, 31916 MiB
2026/10/01 02:51:37.355, 2925 MHz, 13801 MHz, 0x0000000000000000, 41.17 W, 63 %, 31916 MiB
2026/10/01 02:51:37.863, 2902 MHz, 13801 MHz, 0x0000000000000000, 180.00 W, 98 %, 31916 MiB
2026/10/01 02:51:38.372, 2910 MHz, 13801 MHz, 0x0000000000000000, 356.48 W, 98 %, 31916 MiB
2026/10/01 02:51:38.880, 2910 MHz, 13801 MHz, 0x0000000000000000, 382.33 W, 98 %, 31916 MiB
2026/10/01 02:51:39.388, 2910 MHz, 13801 MHz, 0x0000000000000000, 382.77 W, 99 %, 31916 MiB
2026/10/01 02:51:39.895, 2910 MHz, 13801 MHz, 0x0000000000000000, 379.33 W, 98 %, 31916 MiB
2026/10/01 02:51:40.405, 2910 MHz, 13801 MHz, 0x0000000000000000, 376.18 W, 98 %, 31916 MiB
2026/10/01 02:51:40.914, 2910 MHz, 13801 MHz, 0x0000000000000000, 366.71 W, 97 %, 31916 MiB
2026/10/01 02:51:41.423, 2910 MHz, 13801 MHz, 0x0000000000000000, 345.83 W, 96 %, 31916 MiB
2026/10/01 02:51:41.933, 2880 MHz, 13801 MHz, 0x0000000000000000, 303.93 W, 52 %, 31916 MiB
2026/10/01 02:51:42.442, 2910 MHz, 13801 MHz, 0x0000000000000000, 312.93 W, 98 %, 31916 MiB
2026/10/01 02:51:42.949, 2910 MHz, 13801 MHz, 0x0000000000000000, 358.32 W, 98 %, 31916 MiB
2026/10/01 02:51:43.455, 2910 MHz, 13801 MHz, 0x0000000000000000, 377.51 W, 98 %, 31916 MiB
2026/10/01 02:51:43.963, 2910 MHz, 13801 MHz, 0x0000000000000000, 370.36 W, 81 %, 31916 MiB
2026/10/01 02:51:44.472, 2910 MHz, 13801 MHz, 0x0000000000000000, 358.35 W, 83 %, 31916 MiB
2026/10/01 02:51:44.979, 2902 MHz, 13801 MHz, 0x0000000000000000, 341.50 W, 93 %, 31916 MiB
2026/10/01 02:51:45.485, 2902 MHz, 13801 MHz, 0x0000000000000000, 334.76 W, 72 %, 31916 MiB
2026/10/01 02:51:45.993, 2902 MHz, 13801 MHz, 0x0000000000000000, 338.48 W, 81 %, 31916 MiB
2026/10/01 02:51:46.503, 2910 MHz, 13801 MHz, 0x0000000000000000, 343.00 W, 98 %, 31916 MiB
2026/10/01 02:51:47.009, 2902 MHz, 13801 MHz, 0x0000000000000000, 342.73 W, 99 %, 31916 MiB
2026/10/01 02:51:47.518, 2902 MHz, 13801 MHz, 0x0000000000000000, 338.31 W, 73 %, 31916 MiB
2026/10/01 02:51:48.028, 2902 MHz, 13801 MHz, 0x0000000000000000, 354.11 W, 99 %, 31916 MiB
2026/10/01 02:51:48.538, 2902 MHz, 13801 MHz, 0x0000000000000000, 348.58 W, 82 %, 31916 MiB
2026/10/01 02:51:49.048, 2902 MHz, 13801 MHz, 0x0000000000000000, 344.44 W, 83 %, 31916 MiB
2026/10/01 02:51:49.556, 2910 MHz, 13801 MHz, 0x0000000000000000, 348.61 W, 81 %, 31918 MiB
2026/10/01 02:51:50.067, 2910 MHz, 13801 MHz, 0x0000000000000000, 360.77 W, 98 %, 31918 MiB
2026/10/01 02:51:50.573, 2910 MHz, 13801 MHz, 0x0000000000000000, 357.20 W, 86 %, 31916 MiB
2026/10/01 02:51:51.080, 2902 MHz, 13801 MHz, 0x0000000000000000, 339.44 W, 66 %, 31916 MiB
2026/10/01 02:51:51.592, 2910 MHz, 13801 MHz, 0x0000000000000000, 343.99 W, 84 %, 31921 MiB
2026/10/01 02:51:52.102, 2910 MHz, 13801 MHz, 0x0000000000000000, 341.56 W, 82 %, 31923 MiB
2026/10/01 02:51:52.609, 2910 MHz, 13801 MHz, 0x0000000000000000, 350.67 W, 98 %, 31918 MiB
2026/10/01 02:51:53.115, 2910 MHz, 13801 MHz, 0x0000000000000000, 357.03 W, 80 %, 31916 MiB
2026/10/01 02:51:53.622, 2902 MHz, 13801 MHz, 0x0000000000000000, 349.09 W, 98 %, 31916 MiB
2026/10/01 02:51:54.131, 2910 MHz, 13801 MHz, 0x0000000000000000, 347.68 W, 98 %, 31916 MiB
2026/10/01 02:51:54.641, 2910 MHz, 13801 MHz, 0x0000000000000000, 362.10 W, 98 %, 31916 MiB
2026/10/01 02:51:55.153, 2910 MHz, 13801 MHz, 0x0000000000000000, 351.81 W, 93 %, 31916 MiB
2026/10/01 02:51:55.664, 2902 MHz, 13801 MHz, 0x0000000000000000, 336.32 W, 70 %, 31916 MiB
2026/10/01 02:51:56.173, 2902 MHz, 13801 MHz, 0x0000000000000000, 337.03 W, 72 %, 31916 MiB
2026/10/01 02:51:56.683, 2910 MHz, 13801 MHz, 0x0000000000000000, 338.89 W, 85 %, 31916 MiB
2026/10/01 02:51:57.192, 2902 MHz, 13801 MHz, 0x0000000000000000, 350.20 W, 99 %, 31916 MiB
2026/10/01 02:51:57.699, 2902 MHz, 13801 MHz, 0x0000000000000000, 357.51 W, 99 %, 31916 MiB
2026/10/01 02:51:58.209, 2902 MHz, 13801 MHz, 0x0000000000000000, 352.95 W, 72 %, 31918 MiB
2026/10/01 02:51:58.716, 2910 MHz, 13801 MHz, 0x0000000000000000, 350.64 W, 78 %, 31918 MiB
2026/10/01 02:51:59.221, 2902 MHz, 13801 MHz, 0x0000000000000000, 336.12 W, 84 %, 31916 MiB
2026/10/01 02:51:59.731, 2902 MHz, 13801 MHz, 0x0000000000000000, 335.40 W, 86 %, 31916 MiB
2026/10/01 02:52:00.241, 2902 MHz, 13801 MHz, 0x0000000000000000, 348.71 W, 84 %, 31916 MiB
2026/10/01 02:52:00.748, 2910 MHz, 13801 MHz, 0x0000000000000000, 349.86 W, 87 %, 31916 MiB
2026/10/01 02:52:01.259, 2910 MHz, 13801 MHz, 0x0000000000000000, 358.74 W, 92 %, 31916 MiB
2026/10/01 02:52:01.768, 2910 MHz, 13801 MHz, 0x0000000000000000, 369.66 W, 85 %, 31916 MiB
2026/10/01 02:52:02.280, 2902 MHz, 13801 MHz, 0x0000000000000000, 363.90 W, 73 %, 31916 MiB
2026/10/01 02:52:02.790, 2910 MHz, 13801 MHz, 0x0000000000000000, 354.76 W, 86 %, 31916 MiB
2026/10/01 02:52:03.302, 2902 MHz, 13801 MHz, 0x0000000000000000, 350.95 W, 99 %, 31916 MiB
2026/10/01 02:52:03.813, 2902 MHz, 13801 MHz, 0x0000000000000000, 352.82 W, 80 %, 31916 MiB
2026/10/01 02:52:04.321, 2910 MHz, 13801 MHz, 0x0000000000000000, 361.30 W, 92 %, 31916 MiB
2026/10/01 02:52:04.832, 2902 MHz, 13801 MHz, 0x0000000000000000, 361.00 W, 85 %, 31916 MiB
2026/10/01 02:52:05.341, 2910 MHz, 13801 MHz, 0x0000000000000000, 363.92 W, 79 %, 31916 MiB
2026/10/01 02:52:05.849, 2910 MHz, 13801 MHz, 0x0000000000000000, 370.43 W, 95 %, 31916 MiB
2026/10/01 02:52:06.360, 2902 MHz, 13801 MHz, 0x0000000000000000, 354.23 W, 98 %, 31916 MiB
2026/10/01 02:52:06.868, 2910 MHz, 13801 MHz, 0x0000000000000000, 358.23 W, 87 %, 31916 MiB
2026/10/01 02:52:07.379, 2902 MHz, 13801 MHz, 0x0000000000000000, 356.44 W, 87 %, 31916 MiB
2026/10/01 02:52:07.887, 2910 MHz, 13801 MHz, 0x0000000000000000, 346.30 W, 99 %, 31916 MiB
2026/10/01 02:52:08.398, 2910 MHz, 13801 MHz, 0x0000000000000000, 357.57 W, 80 %, 31916 MiB
2026/10/01 02:52:08.908, 2910 MHz, 13801 MHz, 0x0000000000000000, 353.88 W, 99 %, 31916 MiB
2026/10/01 02:52:09.419, 2910 MHz, 13801 MHz, 0x0000000000000000, 348.99 W, 87 %, 31916 MiB
2026/10/01 02:52:09.928, 2902 MHz, 13801 MHz, 0x0000000000000000, 350.26 W, 85 %, 31916 MiB
2026/10/01 02:52:10.435, 2910 MHz, 13801 MHz, 0x0000000000000000, 359.34 W, 85 %, 31916 MiB
2026/10/01 02:52:10.944, 2902 MHz, 13801 MHz, 0x0000000000000000, 350.84 W, 71 %, 31916 MiB
2026/10/01 02:52:11.452, 2902 MHz, 13801 MHz, 0x0000000000000000, 347.13 W, 89 %, 31916 MiB
2026/10/01 02:52:11.960, 2910 MHz, 13801 MHz, 0x0000000000000000, 356.79 W, 91 %, 31916 MiB
2026/10/01 02:52:12.471, 2902 MHz, 13801 MHz, 0x0000000000000000, 336.43 W, 72 %, 31916 MiB
2026/10/01 02:52:12.979, 2910 MHz, 13801 MHz, 0x0000000000000000, 339.39 W, 83 %, 31918 MiB
2026/10/01 02:52:13.490, 2910 MHz, 13801 MHz, 0x0000000000000000, 363.86 W, 98 %, 31918 MiB
2026/10/01 02:52:13.999, 2902 MHz, 13801 MHz, 0x0000000000000000, 369.48 W, 99 %, 31918 MiB
2026/10/01 02:52:14.510, 2902 MHz, 13801 MHz, 0x0000000000000000, 362.04 W, 99 %, 31918 MiB
2026/10/01 02:52:15.017, 2902 MHz, 13801 MHz, 0x0000000000000000, 343.11 W, 73 %, 31916 MiB
2026/10/01 02:52:15.526, 2902 MHz, 13801 MHz, 0x0000000000000000, 351.16 W, 87 %, 31916 MiB
2026/10/01 02:52:16.036, 2902 MHz, 13801 MHz, 0x0000000000000000, 355.04 W, 99 %, 31916 MiB
2026/10/01 02:52:16.548, 2910 MHz, 13801 MHz, 0x0000000000000000, 362.82 W, 96 %, 31916 MiB
2026/10/01 02:52:17.054, 2902 MHz, 13801 MHz, 0x0000000000000000, 362.85 W, 73 %, 31916 MiB
2026/10/01 02:52:17.562, 2902 MHz, 13801 MHz, 0x0000000000000000, 361.62 W, 99 %, 31916 MiB
2026/10/01 02:52:18.068, 2902 MHz, 13801 MHz, 0x0000000000000000, 363.52 W, 85 %, 31916 MiB
2026/10/01 02:52:18.580, 2910 MHz, 13801 MHz, 0x0000000000000000, 368.01 W, 98 %, 31916 MiB
2026/10/01 02:52:19.089, 2902 MHz, 13801 MHz, 0x0000000000000000, 352.32 W, 85 %, 31916 MiB
2026/10/01 02:52:19.598, 2902 MHz, 13801 MHz, 0x0000000000000000, 333.85 W, 79 %, 31916 MiB
2026/10/01 02:52:20.107, 2902 MHz, 13801 MHz, 0x0000000000000000, 342.19 W, 90 %, 31916 MiB
2026/10/01 02:52:20.617, 2910 MHz, 13801 MHz, 0x0000000000000000, 355.48 W, 92 %, 31916 MiB
2026/10/01 02:52:21.126, 2910 MHz, 13801 MHz, 0x0000000000000000, 359.69 W, 99 %, 31916 MiB
2026/10/01 02:52:21.637, 2902 MHz, 13801 MHz, 0x0000000000000000, 357.17 W, 86 %, 31916 MiB
2026/10/01 02:52:22.144, 2902 MHz, 13801 MHz, 0x0000000000000000, 352.31 W, 75 %, 31916 MiB
2026/10/01 02:52:22.651, 2902 MHz, 13801 MHz, 0x0000000000000000, 341.63 W, 85 %, 31916 MiB
2026/10/01 02:52:23.159, 2902 MHz, 13801 MHz, 0x0000000000000000, 342.31 W, 83 %, 31916 MiB
2026/10/01 02:52:23.670, 2902 MHz, 13801 MHz, 0x0000000000000000, 346.40 W, 80 %, 31916 MiB
2026/10/01 02:52:24.179, 2902 MHz, 13801 MHz, 0x0000000000000000, 348.10 W, 98 %, 31916 MiB
2026/10/01 02:52:24.692, 2902 MHz, 13801 MHz, 0x0000000000000000, 357.98 W, 99 %, 31916 MiB
2026/10/01 02:52:25.199, 2895 MHz, 13801 MHz, 0x0000000000000000, 365.52 W, 91 %, 31916 MiB
2026/10/01 02:52:25.706, 2910 MHz, 13801 MHz, 0x0000000000000000, 359.33 W, 82 %, 31916 MiB
2026/10/01 02:52:26.214, 2902 MHz, 13801 MHz, 0x0000000000000000, 351.53 W, 86 %, 31916 MiB
2026/10/01 02:52:26.724, 2902 MHz, 13801 MHz, 0x0000000000000000, 352.25 W, 91 %, 31916 MiB
2026/10/01 02:52:27.231, 2902 MHz, 13801 MHz, 0x0000000000000000, 355.82 W, 89 %, 31916 MiB
2026/10/01 02:52:27.740, 2910 MHz, 13801 MHz, 0x0000000000000000, 364.44 W, 88 %, 31916 MiB
2026/10/01 02:52:28.250, 2910 MHz, 13801 MHz, 0x0000000000000000, 363.45 W, 93 %, 31916 MiB
2026/10/01 02:52:28.759, 2902 MHz, 13801 MHz, 0x0000000000000000, 364.73 W, 99 %, 31916 MiB
2026/10/01 02:52:29.267, 2902 MHz, 13801 MHz, 0x0000000000000000, 367.54 W, 98 %, 31916 MiB
2026/10/01 02:52:29.775, 2902 MHz, 13801 MHz, 0x0000000000000000, 358.22 W, 98 %, 31916 MiB
2026/10/01 02:52:30.284, 2895 MHz, 13801 MHz, 0x0000000000000000, 365.63 W, 85 %, 31916 MiB
2026/10/01 02:52:30.793, 2902 MHz, 13801 MHz, 0x0000000000000000, 356.93 W, 57 %, 31916 MiB
2026/10/01 02:52:31.299, 2895 MHz, 13801 MHz, 0x0000000000000000, 339.04 W, 99 %, 31916 MiB
2026/10/01 02:52:31.813, 2902 MHz, 13801 MHz, 0x0000000000000000, 356.58 W, 87 %, 31916 MiB
2026/10/01 02:52:32.323, 2902 MHz, 13801 MHz, 0x0000000000000000, 353.31 W, 84 %, 31916 MiB
2026/10/01 02:52:32.830, 2910 MHz, 13801 MHz, 0x0000000000000000, 354.03 W, 87 %, 31916 MiB
2026/10/01 02:52:33.333, 2910 MHz, 13801 MHz, 0x0000000000000000, 358.00 W, 69 %, 31916 MiB
2026/10/01 02:52:33.838, 2910 MHz, 13801 MHz, 0x0000000000000000, 355.24 W, 98 %, 31918 MiB
2026/10/01 02:52:34.345, 2902 MHz, 13801 MHz, 0x0000000000000000, 345.90 W, 96 %, 31918 MiB
2026/10/01 02:52:34.852, 2902 MHz, 13801 MHz, 0x0000000000000000, 346.24 W, 98 %, 31916 MiB
2026/10/01 02:52:35.363, 2902 MHz, 13801 MHz, 0x0000000000000000, 357.60 W, 98 %, 31916 MiB
2026/10/01 02:52:35.870, 2902 MHz, 13801 MHz, 0x0000000000000000, 346.28 W, 95 %, 31916 MiB
2026/10/01 02:52:36.382, 2895 MHz, 13801 MHz, 0x0000000000000000, 346.45 W, 83 %, 31916 MiB
2026/10/01 02:52:36.889, 2895 MHz, 13801 MHz, 0x0000000000000000, 362.29 W, 98 %, 31916 MiB
2026/10/01 02:52:37.398, 2895 MHz, 13801 MHz, 0x0000000000000000, 366.56 W, 86 %, 31916 MiB
2026/10/01 02:52:37.906, 2895 MHz, 13801 MHz, 0x0000000000000000, 360.30 W, 86 %, 31916 MiB
2026/10/01 02:52:38.416, 2895 MHz, 13801 MHz, 0x0000000000000000, 349.90 W, 51 %, 31916 MiB
2026/10/01 02:52:38.925, 2895 MHz, 13801 MHz, 0x0000000000000000, 352.24 W, 88 %, 31916 MiB
2026/10/01 02:52:39.432, 2895 MHz, 13801 MHz, 0x0000000000000000, 347.89 W, 77 %, 31916 MiB
2026/10/01 02:52:39.942, 2902 MHz, 13801 MHz, 0x0000000000000000, 363.76 W, 93 %, 31916 MiB
2026/10/01 02:52:40.450, 2910 MHz, 13801 MHz, 0x0000000000000000, 363.60 W, 91 %, 31916 MiB
2026/10/01 02:52:40.960, 2902 MHz, 13801 MHz, 0x0000000000000000, 360.80 W, 85 %, 31916 MiB
2026/10/01 02:52:41.461, 2895 MHz, 13801 MHz, 0x0000000000000000, 358.55 W, 41 %, 31916 MiB
2026/10/01 02:52:41.975, 2925 MHz, 13801 MHz, 0x0000000000000000, 255.98 W, 0 %, 31916 MiB
2026/10/01 02:52:42.487, 2925 MHz, 13801 MHz, 0x0000000000000000, 120.66 W, 0 %, 31916 MiB
2026/10/01 02:52:43.001, 2925 MHz, 13801 MHz, 0x0000000000000000, 97.59 W, 0 %, 31916 MiB
2026/10/01 02:52:43.512, 2407 MHz, 13801 MHz, 0x0000000000000000, 92.04 W, 0 %, 31916 MiB
2026/10/01 02:52:44.027, 502 MHz, 7001 MHz, 0x0000000000000000, 62.89 W, 0 %, 31916 MiB
2026/10/01 02:52:44.539, 397 MHz, 7001 MHz, 0x0000000000000000, 38.57 W, 0 %, 31916 MiB
2026/10/01 02:52:45.051, 397 MHz, 7001 MHz, 0x0000000000000000, 36.50 W, 0 %, 31916 MiB
2026/10/01 02:52:45.552, 397 MHz, 7001 MHz, 0x0000000000000000, 36.50 W, 0 %, 31916 MiB
2026/10/01 02:52:46.066, 247 MHz, 7001 MHz, 0x0000000000000000, 36.34 W, 0 %, 31916 MiB
2026/10/01 02:52:46.578, 247 MHz, 7001 MHz, 0x0000000000000000, 36.34 W, 0 %, 31916 MiB
2026/10/01 02:52:47.079, 180 MHz, 7001 MHz, 0x0000000000000000, 36.28 W, 0 %, 31916 MiB
2026/10/01 02:52:47.593, 180 MHz, 7001 MHz, 0x0000000000000000, 36.28 W, 0 %, 31916 MiB
2026/10/01 02:52:48.095, 180 MHz, 7001 MHz, 0x0000000000000000, 36.23 W, 0 %, 31916 MiB
2026/10/01 02:52:48.596, 180 MHz, 7001 MHz, 0x0000000000000000, 36.23 W, 0 %, 31916 MiB
2026/10/01 02:52:49.106, 172 MHz, 810 MHz, 0x0000000000000000, 20.01 W, 0 %, 31916 MiB
2026/10/01 02:52:49.620, 180 MHz, 405 MHz, 0x0000000000000000, 13.49 W, 0 %, 31916 MiB
2026/10/01 02:52:50.132, 180 MHz, 405 MHz, 0x0000000000000000, 13.49 W, 0 %, 31916 MiB
2026/10/01 02:52:50.646, 180 MHz, 405 MHz, 0x0000000000000000, 12.13 W, 0 %, 31916 MiB
2026/10/01 02:52:51.161, 180 MHz, 405 MHz, 0x0000000000000000, 12.13 W, 0 %, 31916 MiB
2026/10/01 02:52:51.672, 180 MHz, 405 MHz, 0x0000000000000000, 12.08 W, 0 %, 31916 MiB
2026/10/01 02:52:52.187, 180 MHz, 405 MHz, 0x0000000000000000, 12.08 W, 0 %, 31916 MiB
2026/10/01 02:52:52.699, 180 MHz, 405 MHz, 0x0000000000000000, 12.12 W, 0 %, 31916 MiB
2026/10/01 02:52:53.211, 180 MHz, 405 MHz, 0x0000000000000000, 12.12 W, 0 %, 31916 MiB
2026/10/01 02:52:53.726, 180 MHz, 405 MHz, 0x0000000000000000, 12.14 W, 0 %, 31916 MiB
2026/10/01 02:52:54.236, 180 MHz, 405 MHz, 0x0000000000000000, 12.14 W, 0 %, 31916 MiB
2026/10/01 02:52:54.748, 180 MHz, 405 MHz, 0x0000000000000000, 11.96 W, 0 %, 31916 MiB
2026/10/01 02:52:55.262, 172 MHz, 405 MHz, 0x0000000000000000, 12.41 W, 0 %, 31921 MiB
2026/10/01 02:52:55.775, 180 MHz, 405 MHz, 0x0000000000000000, 13.80 W, 0 %, 31916 MiB
2026/10/01 02:52:56.288, 180 MHz, 405 MHz, 0x0000000000000000, 15.05 W, 0 %, 31916 MiB
2026/10/01 02:52:56.804, 180 MHz, 405 MHz, 0x0000000000000000, 14.77 W, 0 %, 31916 MiB
2026/10/01 02:52:57.316, 180 MHz, 405 MHz, 0x0000000000000000, 14.77 W, 0 %, 31916 MiB
2026/10/01 02:52:57.830, 180 MHz, 405 MHz, 0x0000000000000000, 12.14 W, 0 %, 31916 MiB
2026/10/01 02:52:58.344, 2910 MHz, 13801 MHz, 0x0000000000000000, 84.84 W, 96 %, 31916 MiB
2026/10/01 02:52:58.845, 2910 MHz, 13801 MHz, 0x0000000000000000, 288.09 W, 95 %, 31916 MiB
2026/10/01 02:52:59.346, 2910 MHz, 13801 MHz, 0x0000000000000000, 345.79 W, 95 %, 31916 MiB
2026/10/01 02:52:59.846, 2910 MHz, 13801 MHz, 0x0000000000000000, 341.32 W, 96 %, 31916 MiB
2026/10/01 02:53:00.347, 2910 MHz, 13801 MHz, 0x0000000000000000, 341.76 W, 95 %, 31916 MiB
2026/10/01 02:53:00.849, 2910 MHz, 13801 MHz, 0x0000000000000000, 345.19 W, 86 %, 31916 MiB
2026/10/01 02:53:01.360, 2910 MHz, 13801 MHz, 0x0000000000000000, 343.32 W, 96 %, 31916 MiB
2026/10/01 02:53:01.873, 2910 MHz, 13801 MHz, 0x0000000000000000, 344.60 W, 95 %, 31916 MiB
2026/10/01 02:53:02.387, 2910 MHz, 13801 MHz, 0x0000000000000000, 342.03 W, 88 %, 31916 MiB
2026/10/01 02:53:02.888, 2910 MHz, 13801 MHz, 0x0000000000000000, 342.26 W, 95 %, 31916 MiB
2026/10/01 02:53:03.402, 2910 MHz, 13801 MHz, 0x0000000000000000, 346.62 W, 95 %, 31916 MiB
2026/10/01 02:53:03.903, 2910 MHz, 13801 MHz, 0x0000000000000000, 336.29 W, 95 %, 31916 MiB
2026/10/01 02:53:04.417, 2910 MHz, 13801 MHz, 0x0000000000000000, 338.30 W, 96 %, 31916 MiB
2026/10/01 02:53:04.932, 2910 MHz, 13801 MHz, 0x0000000000000000, 346.64 W, 96 %, 31916 MiB
2026/10/01 02:53:05.447, 2910 MHz, 13801 MHz, 0x0000000000000000, 338.02 W, 95 %, 31916 MiB
2026/10/01 02:53:05.948, 2910 MHz, 13801 MHz, 0x0000000000000000, 339.60 W, 95 %, 31916 MiB
2026/10/01 02:53:06.463, 2910 MHz, 13801 MHz, 0x0000000000000000, 346.27 W, 94 %, 31916 MiB
2026/10/01 02:53:06.977, 2910 MHz, 13801 MHz, 0x0000000000000000, 335.92 W, 94 %, 31916 MiB
2026/10/01 02:53:07.492, 2910 MHz, 13801 MHz, 0x0000000000000000, 336.91 W, 94 %, 31916 MiB
2026/10/01 02:53:07.993, 2910 MHz, 13801 MHz, 0x0000000000000000, 347.54 W, 95 %, 31916 MiB
2026/10/01 02:53:08.506, 2910 MHz, 13801 MHz, 0x0000000000000000, 344.00 W, 95 %, 31916 MiB
2026/10/01 02:53:09.022, 2910 MHz, 13801 MHz, 0x0000000000000000, 343.93 W, 95 %, 31916 MiB
2026/10/01 02:53:20.189, 180 MHz, 405 MHz, 0x0000000000000000, 11.41 W, 0 %, 31916 MiB
2026/10/01 02:53:20.704, 2925 MHz, 13801 MHz, 0x0000000000000000, 53.16 W, 95 %, 31916 MiB
2026/10/01 02:53:21.219, 2910 MHz, 13801 MHz, 0x0000000000000000, 176.87 W, 94 %, 31916 MiB
2026/10/01 02:53:21.733, 2910 MHz, 13801 MHz, 0x0000000000000000, 338.73 W, 91 %, 31916 MiB
2026/10/01 02:53:22.249, 2910 MHz, 13801 MHz, 0x0000000000000000, 328.89 W, 94 %, 31916 MiB
2026/10/01 02:53:22.749, 2910 MHz, 13801 MHz, 0x0000000000000000, 331.31 W, 95 %, 31916 MiB
2026/10/01 02:53:23.263, 2910 MHz, 13801 MHz, 0x0000000000000000, 341.62 W, 95 %, 31916 MiB
2026/10/01 02:53:23.778, 2910 MHz, 13801 MHz, 0x0000000000000000, 335.00 W, 95 %, 31916 MiB
2026/10/01 02:53:24.292, 2910 MHz, 13801 MHz, 0x0000000000000000, 338.00 W, 96 %, 31916 MiB
2026/10/01 02:53:24.805, 2910 MHz, 13801 MHz, 0x0000000000000000, 346.19 W, 95 %, 31916 MiB
2026/10/01 02:53:25.319, 2910 MHz, 13801 MHz, 0x0000000000000000, 337.84 W, 95 %, 31916 MiB
2026/10/01 02:53:25.835, 2910 MHz, 13801 MHz, 0x0000000000000000, 336.46 W, 94 %, 31916 MiB
2026/10/01 02:53:26.338, 2910 MHz, 13801 MHz, 0x0000000000000000, 340.54 W, 79 %, 31916 MiB
2026/10/01 02:53:26.840, 2910 MHz, 13801 MHz, 0x0000000000000000, 340.08 W, 96 %, 31916 MiB
2026/10/01 02:53:27.341, 2910 MHz, 13801 MHz, 0x0000000000000000, 339.83 W, 96 %, 31916 MiB
2026/10/01 02:53:27.854, 2910 MHz, 13801 MHz, 0x0000000000000000, 339.94 W, 95 %, 31916 MiB
2026/10/01 02:53:28.355, 2910 MHz, 13801 MHz, 0x0000000000000000, 342.07 W, 95 %, 31916 MiB
2026/10/01 02:53:28.870, 2910 MHz, 13801 MHz, 0x0000000000000000, 345.87 W, 96 %, 31916 MiB
2026/10/01 02:53:29.373, 2910 MHz, 13801 MHz, 0x0000000000000000, 335.65 W, 95 %, 31916 MiB
2026/10/01 02:53:29.885, 2910 MHz, 13801 MHz, 0x0000000000000000, 334.37 W, 93 %, 31916 MiB
2026/10/01 02:53:30.400, 2910 MHz, 13801 MHz, 0x0000000000000000, 344.83 W, 96 %, 31916 MiB
2026/10/01 02:53:30.913, 2925 MHz, 13801 MHz, 0x0000000000000000, 269.92 W, 0 %, 31916 MiB
2026/10/01 02:53:31.414, 2925 MHz, 13801 MHz, 0x0000000000000000, 143.96 W, 0 %, 31916 MiB
2026/10/01 02:53:31.924, 2925 MHz, 13801 MHz, 0x0000000000000000, 93.65 W, 0 %, 31916 MiB
2026/10/01 02:53:32.425, 2925 MHz, 13801 MHz, 0x0000000000000000, 93.24 W, 0 %, 31916 MiB
2026/10/01 02:53:32.941, 547 MHz, 7001 MHz, 0x0000000000000000, 71.34 W, 0 %, 31918 MiB
2026/10/01 02:53:33.455, 435 MHz, 7001 MHz, 0x0000000000000000, 47.22 W, 0 %, 31918 MiB
2026/10/01 02:53:33.970, 360 MHz, 7001 MHz, 0x0000000000000000, 35.56 W, 0 %, 31916 MiB
2026/10/01 02:53:34.483, 300 MHz, 7001 MHz, 0x0000000000000000, 35.33 W, 0 %, 31916 MiB
2026/10/01 02:53:34.998, 217 MHz, 7001 MHz, 0x0000000000000000, 35.07 W, 0 %, 31916 MiB
2026/10/01 02:53:35.513, 195 MHz, 7001 MHz, 0x0000000000000000, 35.03 W, 0 %, 31916 MiB
2026/10/01 02:53:36.025, 195 MHz, 7001 MHz, 0x0000000000000000, 35.03 W, 0 %, 31916 MiB
2026/10/01 02:53:36.536, 180 MHz, 7001 MHz, 0x0000000000000000, 34.75 W, 0 %, 31916 MiB
2026/10/01 02:53:37.038, 180 MHz, 7001 MHz, 0x0000000000000000, 34.75 W, 0 %, 31921 MiB
2026/10/01 02:53:37.541, 202 MHz, 810 MHz, 0x0000000000000000, 29.31 W, 0 %, 31921 MiB
2026/10/01 02:53:38.055, 172 MHz, 810 MHz, 0x0000000000000000, 25.15 W, 0 %, 31916 MiB
2026/10/01 02:53:38.555, 180 MHz, 810 MHz, 0x0000000000000000, 15.40 W, 0 %, 31916 MiB
2026/10/01 02:53:39.069, 180 MHz, 405 MHz, 0x0000000000000000, 15.38 W, 0 %, 31916 MiB
2026/10/01 02:53:39.583, 180 MHz, 405 MHz, 0x0000000000000000, 15.19 W, 0 %, 31916 MiB
2026/10/01 02:53:40.098, 180 MHz, 405 MHz, 0x0000000000000000, 15.19 W, 0 %, 31916 MiB
2026/10/01 02:53:40.609, 180 MHz, 405 MHz, 0x0000000000000000, 11.40 W, 0 %, 31916 MiB
2026/10/01 02:53:41.120, 180 MHz, 405 MHz, 0x0000000000000000, 11.40 W, 0 %, 31916 MiB
2026/10/01 02:53:41.633, 180 MHz, 405 MHz, 0x0000000000000000, 11.29 W, 0 %, 31916 MiB
2026/10/01 02:53:42.148, 180 MHz, 405 MHz, 0x0000000000000000, 11.07 W, 0 %, 31916 MiB
2026/10/01 02:53:42.648, 180 MHz, 405 MHz, 0x0000000000000000, 11.07 W, 0 %, 31916 MiB
2026/10/01 02:53:43.161, 2925 MHz, 13801 MHz, 0x0000000000000000, 48.56 W, 61 %, 31916 MiB
2026/10/01 02:53:43.673, 2865 MHz, 13801 MHz, 0x0000000000000000, 120.51 W, 66 %, 31916 MiB
2026/10/01 02:53:44.181, 2910 MHz, 13801 MHz, 0x0000000000000000, 353.51 W, 99 %, 31916 MiB
2026/10/01 02:53:44.690, 2910 MHz, 13801 MHz, 0x0000000000000000, 383.38 W, 99 %, 31916 MiB
2026/10/01 02:53:45.200, 2910 MHz, 13801 MHz, 0x0000000000000000, 388.43 W, 99 %, 31916 MiB
2026/10/01 02:53:45.712, 2910 MHz, 13801 MHz, 0x0000000000000000, 386.53 W, 99 %, 31916 MiB
2026/10/01 02:53:46.220, 2910 MHz, 13801 MHz, 0x0000000000000000, 388.01 W, 99 %, 31916 MiB
2026/10/01 02:53:46.731, 2910 MHz, 13801 MHz, 0x0000000000000000, 385.84 W, 99 %, 31916 MiB
2026/10/01 02:53:47.240, 2910 MHz, 13801 MHz, 0x0000000000000000, 380.43 W, 98 %, 31916 MiB
2026/10/01 02:53:47.749, 2910 MHz, 13801 MHz, 0x0000000000000000, 377.66 W, 97 %, 31916 MiB
2026/10/01 02:53:48.257, 2910 MHz, 13801 MHz, 0x0000000000000000, 347.55 W, 36 %, 31916 MiB
2026/10/01 02:53:48.768, 2872 MHz, 13801 MHz, 0x0000000000000000, 321.86 W, 67 %, 31916 MiB
2026/10/01 02:53:49.278, 2910 MHz, 13801 MHz, 0x0000000000000000, 349.58 W, 99 %, 31916 MiB
2026/10/01 02:53:49.789, 2910 MHz, 13801 MHz, 0x0000000000000000, 375.92 W, 99 %, 31916 MiB
2026/10/01 02:53:50.302, 2910 MHz, 13801 MHz, 0x0000000000000000, 390.12 W, 99 %, 31916 MiB
2026/10/01 02:53:50.811, 2910 MHz, 13801 MHz, 0x0000000000000000, 383.73 W, 99 %, 31916 MiB
2026/10/01 02:53:51.317, 2910 MHz, 13801 MHz, 0x0000000000000000, 379.92 W, 88 %, 31916 MiB
2026/10/01 02:53:51.829, 2902 MHz, 13801 MHz, 0x0000000000000000, 365.50 W, 57 %, 31916 MiB
2026/10/01 02:53:52.340, 2902 MHz, 13801 MHz, 0x0000000000000000, 358.73 W, 91 %, 31916 MiB
2026/10/01 02:53:52.851, 2902 MHz, 13801 MHz, 0x0000000000000000, 343.96 W, 49 %, 31916 MiB
2026/10/01 02:53:53.358, 2902 MHz, 13801 MHz, 0x0000000000000000, 329.46 W, 79 %, 31916 MiB
2026/10/01 02:53:53.865, 2902 MHz, 13801 MHz, 0x0000000000000000, 322.45 W, 86 %, 31916 MiB
2026/10/01 02:53:54.374, 2910 MHz, 13801 MHz, 0x0000000000000000, 337.08 W, 99 %, 31916 MiB
2026/10/01 02:53:54.881, 2902 MHz, 13801 MHz, 0x0000000000000000, 334.67 W, 78 %, 31916 MiB
2026/10/01 02:53:55.390, 2902 MHz, 13801 MHz, 0x0000000000000000, 336.72 W, 76 %, 31918 MiB
2026/10/01 02:53:55.899, 2910 MHz, 13801 MHz, 0x0000000000000000, 354.55 W, 99 %, 31918 MiB
2026/10/01 02:53:56.407, 2902 MHz, 13801 MHz, 0x0000000000000000, 355.37 W, 67 %, 31916 MiB
2026/10/01 02:53:56.912, 2902 MHz, 13801 MHz, 0x0000000000000000, 353.96 W, 87 %, 31916 MiB
2026/10/01 02:53:57.418, 2902 MHz, 13801 MHz, 0x0000000000000000, 350.34 W, 84 %, 31916 MiB
2026/10/01 02:53:57.925, 2910 MHz, 13801 MHz, 0x0000000000000000, 345.82 W, 76 %, 31918 MiB
2026/10/01 02:53:58.434, 2910 MHz, 13801 MHz, 0x0000000000000000, 338.76 W, 84 %, 31921 MiB
2026/10/01 02:53:58.942, 2902 MHz, 13801 MHz, 0x0000000000000000, 341.73 W, 79 %, 31916 MiB
2026/10/01 02:53:59.449, 2902 MHz, 13801 MHz, 0x0000000000000000, 319.57 W, 66 %, 31916 MiB
2026/10/01 02:53:59.956, 2902 MHz, 13801 MHz, 0x0000000000000000, 307.57 W, 88 %, 31916 MiB
2026/10/01 02:54:00.466, 2902 MHz, 13801 MHz, 0x0000000000000000, 317.76 W, 86 %, 31916 MiB
2026/10/01 02:54:00.973, 2902 MHz, 13801 MHz, 0x0000000000000000, 344.18 W, 96 %, 31916 MiB
2026/10/01 02:54:01.481, 2902 MHz, 13801 MHz, 0x0000000000000000, 355.90 W, 86 %, 31916 MiB
2026/10/01 02:54:01.988, 2902 MHz, 13801 MHz, 0x0000000000000000, 349.22 W, 72 %, 31916 MiB
2026/10/01 02:54:02.494, 2902 MHz, 13801 MHz, 0x0000000000000000, 359.37 W, 86 %, 31916 MiB
2026/10/01 02:54:03.003, 2902 MHz, 13801 MHz, 0x0000000000000000, 340.66 W, 52 %, 31916 MiB
2026/10/01 02:54:03.512, 2902 MHz, 13801 MHz, 0x0000000000000000, 335.23 W, 81 %, 31916 MiB
2026/10/01 02:54:04.019, 2902 MHz, 13801 MHz, 0x0000000000000000, 335.21 W, 88 %, 31916 MiB
2026/10/01 02:54:04.530, 2902 MHz, 13801 MHz, 0x0000000000000000, 341.21 W, 82 %, 31916 MiB
2026/10/01 02:54:05.040, 2902 MHz, 13801 MHz, 0x0000000000000000, 348.35 W, 74 %, 31916 MiB
2026/10/01 02:54:05.550, 2902 MHz, 13801 MHz, 0x0000000000000000, 357.08 W, 90 %, 31916 MiB
2026/10/01 02:54:06.061, 2902 MHz, 13801 MHz, 0x0000000000000000, 359.22 W, 97 %, 31916 MiB
2026/10/01 02:54:06.570, 2902 MHz, 13801 MHz, 0x0000000000000000, 351.74 W, 70 %, 31916 MiB
2026/10/01 02:54:07.081, 2902 MHz, 13801 MHz, 0x0000000000000000, 343.51 W, 80 %, 31916 MiB
2026/10/01 02:54:07.587, 2902 MHz, 13801 MHz, 0x0000000000000000, 348.79 W, 90 %, 31916 MiB
2026/10/01 02:54:08.096, 2902 MHz, 13801 MHz, 0x0000000000000000, 341.36 W, 81 %, 31916 MiB
2026/10/01 02:54:08.602, 2902 MHz, 13801 MHz, 0x0000000000000000, 339.26 W, 44 %, 31916 MiB
2026/10/01 02:54:09.113, 2902 MHz, 13801 MHz, 0x0000000000000000, 352.89 W, 90 %, 31916 MiB
2026/10/01 02:54:09.625, 2902 MHz, 13801 MHz, 0x0000000000000000, 357.71 W, 83 %, 31916 MiB
2026/10/01 02:54:10.133, 2902 MHz, 13801 MHz, 0x0000000000000000, 351.41 W, 91 %, 31916 MiB
2026/10/01 02:54:10.643, 2902 MHz, 13801 MHz, 0x0000000000000000, 347.56 W, 77 %, 31916 MiB
2026/10/01 02:54:11.152, 2902 MHz, 13801 MHz, 0x0000000000000000, 335.58 W, 90 %, 31916 MiB
2026/10/01 02:54:11.663, 2902 MHz, 13801 MHz, 0x0000000000000000, 343.91 W, 80 %, 31916 MiB
2026/10/01 02:54:12.173, 2902 MHz, 13801 MHz, 0x0000000000000000, 340.57 W, 89 %, 31916 MiB
2026/10/01 02:54:12.681, 2910 MHz, 13801 MHz, 0x0000000000000000, 339.00 W, 71 %, 31916 MiB
2026/10/01 02:54:13.192, 2902 MHz, 13801 MHz, 0x0000000000000000, 357.36 W, 99 %, 31916 MiB
2026/10/01 02:54:13.701, 2902 MHz, 13801 MHz, 0x0000000000000000, 364.26 W, 90 %, 31916 MiB
2026/10/01 02:54:14.209, 2910 MHz, 13801 MHz, 0x0000000000000000, 368.00 W, 87 %, 31916 MiB
2026/10/01 02:54:14.719, 2902 MHz, 13801 MHz, 0x0000000000000000, 359.86 W, 80 %, 31916 MiB
2026/10/01 02:54:15.230, 2902 MHz, 13801 MHz, 0x0000000000000000, 334.84 W, 63 %, 31916 MiB
2026/10/01 02:54:15.738, 2902 MHz, 13801 MHz, 0x0000000000000000, 318.77 W, 72 %, 31916 MiB
2026/10/01 02:54:16.250, 2910 MHz, 13801 MHz, 0x0000000000000000, 340.64 W, 79 %, 31916 MiB
2026/10/01 02:54:16.758, 2902 MHz, 13801 MHz, 0x0000000000000000, 348.68 W, 98 %, 31916 MiB
2026/10/01 02:54:17.272, 2910 MHz, 13801 MHz, 0x0000000000000000, 348.11 W, 69 %, 31918 MiB
2026/10/01 02:54:17.785, 2902 MHz, 13801 MHz, 0x0000000000000000, 357.59 W, 99 %, 31918 MiB
2026/10/01 02:54:18.294, 2902 MHz, 13801 MHz, 0x0000000000000000, 364.36 W, 84 %, 31916 MiB
2026/10/01 02:54:18.805, 2902 MHz, 13801 MHz, 0x0000000000000000, 334.75 W, 42 %, 31916 MiB
2026/10/01 02:54:19.315, 2902 MHz, 13801 MHz, 0x0000000000000000, 295.99 W, 85 %, 31921 MiB
2026/10/01 02:54:19.829, 2902 MHz, 13801 MHz, 0x0000000000000000, 316.31 W, 80 %, 31918 MiB
2026/10/01 02:54:20.337, 2902 MHz, 13801 MHz, 0x0000000000000000, 348.26 W, 88 %, 31916 MiB
2026/10/01 02:54:20.845, 2902 MHz, 13801 MHz, 0x0000000000000000, 351.58 W, 90 %, 31916 MiB
2026/10/01 02:54:21.354, 2902 MHz, 13801 MHz, 0x0000000000000000, 361.65 W, 83 %, 31916 MiB
2026/10/01 02:54:21.862, 2902 MHz, 13801 MHz, 0x0000000000000000, 366.20 W, 80 %, 31916 MiB
2026/10/01 02:54:22.372, 2902 MHz, 13801 MHz, 0x0000000000000000, 366.82 W, 94 %, 31916 MiB
2026/10/01 02:54:22.881, 2910 MHz, 13801 MHz, 0x0000000000000000, 355.89 W, 77 %, 31916 MiB
2026/10/01 02:54:23.391, 2902 MHz, 13801 MHz, 0x0000000000000000, 327.44 W, 65 %, 31916 MiB
2026/10/01 02:54:23.904, 2902 MHz, 13801 MHz, 0x0000000000000000, 308.25 W, 64 %, 31916 MiB
2026/10/01 02:54:24.415, 2902 MHz, 13801 MHz, 0x0000000000000000, 326.32 W, 99 %, 31916 MiB
2026/10/01 02:54:24.928, 2902 MHz, 13801 MHz, 0x0000000000000000, 348.55 W, 59 %, 31916 MiB
2026/10/01 02:54:25.438, 2902 MHz, 13801 MHz, 0x0000000000000000, 349.77 W, 86 %, 31916 MiB
2026/10/01 02:54:25.947, 2902 MHz, 13801 MHz, 0x0000000000000000, 349.34 W, 90 %, 31916 MiB
2026/10/01 02:54:26.456, 2902 MHz, 13801 MHz, 0x0000000000000000, 364.05 W, 99 %, 31916 MiB
2026/10/01 02:54:26.966, 2902 MHz, 13801 MHz, 0x0000000000000000, 363.77 W, 81 %, 31916 MiB
2026/10/01 02:54:27.476, 2902 MHz, 13801 MHz, 0x0000000000000000, 338.81 W, 89 %, 31916 MiB
2026/10/01 02:54:27.984, 2902 MHz, 13801 MHz, 0x0000000000000000, 330.15 W, 57 %, 31916 MiB
2026/10/01 02:54:28.490, 2902 MHz, 13801 MHz, 0x0000000000000000, 351.52 W, 81 %, 31916 MiB
2026/10/01 02:54:29.000, 2902 MHz, 13801 MHz, 0x0000000000000000, 359.15 W, 90 %, 31916 MiB
2026/10/01 02:54:29.510, 2910 MHz, 13801 MHz, 0x0000000000000000, 369.21 W, 76 %, 31916 MiB
2026/10/01 02:54:30.020, 2902 MHz, 13801 MHz, 0x0000000000000000, 361.19 W, 87 %, 31916 MiB
2026/10/01 02:54:30.531, 2902 MHz, 13801 MHz, 0x0000000000000000, 352.17 W, 78 %, 31916 MiB
2026/10/01 02:54:31.038, 2910 MHz, 13801 MHz, 0x0000000000000000, 361.19 W, 91 %, 31916 MiB
2026/10/01 02:54:31.546, 2902 MHz, 13801 MHz, 0x0000000000000000, 355.27 W, 83 %, 31916 MiB
2026/10/01 02:54:32.054, 2887 MHz, 13801 MHz, 0x0000000000000000, 343.67 W, 73 %, 31916 MiB
2026/10/01 02:54:32.565, 2902 MHz, 13801 MHz, 0x0000000000000000, 349.23 W, 99 %, 31916 MiB
2026/10/01 02:54:33.074, 2902 MHz, 13801 MHz, 0x0000000000000000, 352.47 W, 84 %, 31916 MiB
2026/10/01 02:54:33.584, 2902 MHz, 13801 MHz, 0x0000000000000000, 357.65 W, 87 %, 31916 MiB
2026/10/01 02:54:34.096, 2902 MHz, 13801 MHz, 0x0000000000000000, 359.89 W, 99 %, 31916 MiB
2026/10/01 02:54:34.604, 2902 MHz, 13801 MHz, 0x0000000000000000, 365.92 W, 99 %, 31916 MiB
2026/10/01 02:54:35.115, 2895 MHz, 13801 MHz, 0x0000000000000000, 366.15 W, 85 %, 31916 MiB
2026/10/01 02:54:35.622, 2902 MHz, 13801 MHz, 0x0000000000000000, 346.25 W, 85 %, 31916 MiB
2026/10/01 02:54:36.135, 2902 MHz, 13801 MHz, 0x0000000000000000, 342.59 W, 86 %, 31916 MiB
2026/10/01 02:54:36.647, 2895 MHz, 13801 MHz, 0x0000000000000000, 349.60 W, 89 %, 31916 MiB
2026/10/01 02:54:37.159, 2895 MHz, 13801 MHz, 0x0000000000000000, 364.71 W, 86 %, 31916 MiB
2026/10/01 02:54:37.670, 2895 MHz, 13801 MHz, 0x0000000000000000, 365.62 W, 85 %, 31916 MiB
2026/10/01 02:54:38.179, 2895 MHz, 13801 MHz, 0x0000000000000000, 355.24 W, 84 %, 31916 MiB
2026/10/01 02:54:38.687, 2895 MHz, 13801 MHz, 0x0000000000000000, 355.21 W, 72 %, 31916 MiB
2026/10/01 02:54:39.197, 2902 MHz, 13801 MHz, 0x0000000000000000, 333.46 W, 41 %, 31918 MiB
2026/10/01 02:54:39.706, 2902 MHz, 13801 MHz, 0x0000000000000000, 310.64 W, 44 %, 31918 MiB
2026/10/01 02:54:40.217, 2902 MHz, 13801 MHz, 0x0000000000000000, 311.60 W, 81 %, 31918 MiB
2026/10/01 02:54:40.726, 2902 MHz, 13801 MHz, 0x0000000000000000, 343.67 W, 81 %, 31921 MiB
2026/10/01 02:54:41.233, 2910 MHz, 13801 MHz, 0x0000000000000000, 362.63 W, 88 %, 31916 MiB
2026/10/01 02:54:41.743, 2902 MHz, 13801 MHz, 0x0000000000000000, 362.31 W, 85 %, 31916 MiB
2026/10/01 02:54:42.251, 2902 MHz, 13801 MHz, 0x0000000000000000, 359.41 W, 76 %, 31916 MiB
2026/10/01 02:54:42.760, 2902 MHz, 13801 MHz, 0x0000000000000000, 359.54 W, 86 %, 31916 MiB
2026/10/01 02:54:43.273, 2887 MHz, 13801 MHz, 0x0000000000000000, 351.82 W, 90 %, 31916 MiB
2026/10/01 02:54:43.784, 2895 MHz, 13801 MHz, 0x0000000000000000, 351.96 W, 72 %, 31916 MiB
2026/10/01 02:54:44.296, 2902 MHz, 13801 MHz, 0x0000000000000000, 358.50 W, 85 %, 31916 MiB
2026/10/01 02:54:44.803, 2895 MHz, 13801 MHz, 0x0000000000000000, 347.61 W, 66 %, 31916 MiB
2026/10/01 02:54:45.312, 2902 MHz, 13801 MHz, 0x0000000000000000, 354.61 W, 82 %, 31916 MiB
2026/10/01 02:54:45.823, 2902 MHz, 13801 MHz, 0x0000000000000000, 356.89 W, 99 %, 31916 MiB
2026/10/01 02:54:46.331, 2902 MHz, 13801 MHz, 0x0000000000000000, 357.87 W, 85 %, 31916 MiB
2026/10/01 02:54:46.841, 2895 MHz, 13801 MHz, 0x0000000000000000, 363.25 W, 92 %, 31916 MiB
2026/10/01 02:54:47.350, 2895 MHz, 13801 MHz, 0x0000000000000000, 357.26 W, 73 %, 31916 MiB
2026/10/01 02:54:47.858, 2902 MHz, 13801 MHz, 0x0000000000000000, 339.95 W, 80 %, 31916 MiB
2026/10/01 02:54:48.370, 2895 MHz, 13801 MHz, 0x0000000000000000, 333.40 W, 50 %, 31916 MiB
2026/10/01 02:54:48.882, 2925 MHz, 13801 MHz, 0x0000000000000000, 227.15 W, 0 %, 31916 MiB
2026/10/01 02:54:49.385, 2925 MHz, 13801 MHz, 0x0000000000000000, 112.57 W, 0 %, 31916 MiB
2026/10/01 02:54:49.898, 2925 MHz, 13801 MHz, 0x0000000000000000, 97.21 W, 0 %, 31916 MiB
2026/10/01 02:54:50.413, 727 MHz, 7001 MHz, 0x0000000000000000, 81.07 W, 0 %, 31916 MiB
2026/10/01 02:54:50.915, 585 MHz, 7001 MHz, 0x0000000000000000, 53.60 W, 0 %, 31916 MiB
2026/10/01 02:54:51.430, 585 MHz, 7001 MHz, 0x0000000000000000, 37.28 W, 0 %, 31916 MiB
2026/10/01 02:54:51.942, 585 MHz, 7001 MHz, 0x0000000000000000, 37.28 W, 0 %, 31916 MiB
2026/10/01 02:54:52.443, 367 MHz, 7001 MHz, 0x0000000000000000, 36.42 W, 0 %, 31916 MiB
2026/10/01 02:54:52.944, 367 MHz, 7001 MHz, 0x0000000000000000, 36.42 W, 0 %, 31916 MiB
2026/10/01 02:54:53.445, 232 MHz, 7001 MHz, 0x0000000000000000, 36.27 W, 0 %, 31916 MiB
2026/10/01 02:54:53.961, 232 MHz, 7001 MHz, 0x0000000000000000, 36.27 W, 0 %, 31916 MiB
2026/10/01 02:54:54.475, 180 MHz, 7001 MHz, 0x0000000000000000, 36.15 W, 0 %, 31916 MiB
2026/10/01 02:54:54.990, 180 MHz, 7001 MHz, 0x0000000000000000, 36.15 W, 0 %, 31916 MiB
2026/10/01 02:54:55.492, 180 MHz, 7001 MHz, 0x0000000000000000, 36.13 W, 0 %, 31916 MiB
2026/10/01 02:54:56.004, 180 MHz, 7001 MHz, 0x0000000000000000, 36.13 W, 0 %, 31916 MiB
2026/10/01 02:54:56.505, 180 MHz, 810 MHz, 0x0000000000000000, 26.18 W, 0 %, 31916 MiB
2026/10/01 02:54:57.020, 180 MHz, 810 MHz, 0x0000000000000000, 26.18 W, 0 %, 31916 MiB
2026/10/01 02:54:57.522, 180 MHz, 810 MHz, 0x0000000000000000, 19.96 W, 0 %, 31916 MiB
2026/10/01 02:54:58.033, 180 MHz, 810 MHz, 0x0000000000000000, 19.96 W, 0 %, 31916 MiB
2026/10/01 02:54:58.548, 180 MHz, 405 MHz, 0x0000000000000000, 12.02 W, 0 %, 31916 MiB
2026/10/01 02:54:59.061, 180 MHz, 405 MHz, 0x0000000000000000, 12.02 W, 0 %, 31916 MiB
2026/10/01 02:54:59.573, 180 MHz, 405 MHz, 0x0000000000000000, 11.88 W, 0 %, 31916 MiB
2026/10/01 02:55:00.076, 180 MHz, 405 MHz, 0x0000000000000000, 11.88 W, 0 %, 31916 MiB
2026/10/01 02:55:00.588, 180 MHz, 405 MHz, 0x0000000000000000, 11.99 W, 0 %, 31918 MiB
2026/10/01 02:55:01.100, 195 MHz, 405 MHz, 0x0000000000000000, 12.12 W, 1 %, 31921 MiB
2026/10/01 02:55:01.611, 202 MHz, 405 MHz, 0x0000000000000000, 13.42 W, 0 %, 31921 MiB
2026/10/01 02:55:02.124, 187 MHz, 405 MHz, 0x0000000000000000, 15.38 W, 0 %, 31916 MiB
2026/10/01 02:55:02.634, 180 MHz, 405 MHz, 0x0000000000000000, 14.91 W, 0 %, 31918 MiB
2026/10/01 02:55:03.134, 202 MHz, 405 MHz, 0x0000000000000000, 14.77 W, 0 %, 31916 MiB
2026/10/01 02:55:03.644, 180 MHz, 405 MHz, 0x0000000000000000, 14.85 W, 0 %, 31916 MiB
2026/10/01 02:55:04.148, 180 MHz, 405 MHz, 0x0000000000000000, 14.49 W, 0 %, 31916 MiB
2026/10/01 02:55:04.662, 442 MHz, 810 MHz, 0x0000000000000000, 20.53 W, 84 %, 31916 MiB
2026/10/01 02:55:05.173, 2910 MHz, 13801 MHz, 0x0000000000000000, 141.92 W, 95 %, 31916 MiB
2026/10/01 02:55:05.686, 2910 MHz, 13801 MHz, 0x0000000000000000, 287.64 W, 95 %, 31916 MiB
2026/10/01 02:55:06.188, 2910 MHz, 13801 MHz, 0x0000000000000000, 344.18 W, 96 %, 31916 MiB
2026/10/01 02:55:06.703, 2910 MHz, 13801 MHz, 0x0000000000000000, 341.22 W, 95 %, 31916 MiB
2026/10/01 02:55:07.215, 2910 MHz, 13801 MHz, 0x0000000000000000, 342.21 W, 95 %, 31916 MiB
2026/10/01 02:55:07.730, 2910 MHz, 13801 MHz, 0x0000000000000000, 340.89 W, 77 %, 31916 MiB
2026/10/01 02:55:08.244, 2910 MHz, 13801 MHz, 0x0000000000000000, 342.40 W, 96 %, 31916 MiB
2026/10/01 02:55:08.755, 2910 MHz, 13801 MHz, 0x0000000000000000, 342.44 W, 96 %, 31918 MiB
2026/10/01 02:55:09.268, 2910 MHz, 13801 MHz, 0x0000000000000000, 337.88 W, 94 %, 31916 MiB
2026/10/01 02:55:09.782, 2910 MHz, 13801 MHz, 0x0000000000000000, 340.16 W, 96 %, 31916 MiB
2026/10/01 02:55:10.283, 2910 MHz, 13801 MHz, 0x0000000000000000, 346.51 W, 96 %, 31916 MiB
2026/10/01 02:55:10.783, 2910 MHz, 13801 MHz, 0x0000000000000000, 343.68 W, 96 %, 31916 MiB
2026/10/01 02:55:11.297, 2910 MHz, 13801 MHz, 0x0000000000000000, 344.14 W, 93 %, 31916 MiB
2026/10/01 02:55:11.812, 2910 MHz, 13801 MHz, 0x0000000000000000, 346.40 W, 96 %, 31916 MiB
2026/10/01 02:55:12.327, 2910 MHz, 13801 MHz, 0x0000000000000000, 342.44 W, 95 %, 31916 MiB
2026/10/01 02:55:12.841, 2910 MHz, 13801 MHz, 0x0000000000000000, 341.01 W, 92 %, 31916 MiB
2026/10/01 02:55:13.356, 2910 MHz, 13801 MHz, 0x0000000000000000, 345.11 W, 95 %, 31916 MiB
2026/10/01 02:55:13.869, 2910 MHz, 13801 MHz, 0x0000000000000000, 343.26 W, 96 %, 31916 MiB
2026/10/01 02:55:14.372, 2910 MHz, 13801 MHz, 0x0000000000000000, 343.92 W, 96 %, 31916 MiB
2026/10/01 02:55:14.885, 2910 MHz, 13801 MHz, 0x0000000000000000, 339.90 W, 61 %, 31916 MiB
2026/10/01 02:55:25.617, 180 MHz, 405 MHz, 0x0000000000000000, 12.07 W, 0 %, 31916 MiB
2026/10/01 02:55:26.129, 180 MHz, 405 MHz, 0x0000000000000000, 11.94 W, 0 %, 31916 MiB
2026/10/01 02:55:26.632, 2917 MHz, 13801 MHz, 0x0000000000000000, 101.27 W, 96 %, 31916 MiB
2026/10/01 02:55:27.146, 2910 MHz, 13801 MHz, 0x0000000000000000, 168.66 W, 96 %, 31916 MiB
2026/10/01 02:55:27.648, 2910 MHz, 13801 MHz, 0x0000000000000000, 343.84 W, 95 %, 31916 MiB
2026/10/01 02:55:28.148, 2910 MHz, 13801 MHz, 0x0000000000000000, 337.09 W, 95 %, 31916 MiB
2026/10/01 02:55:28.663, 2910 MHz, 13801 MHz, 0x0000000000000000, 341.11 W, 96 %, 31916 MiB
2026/10/01 02:55:29.177, 2910 MHz, 13801 MHz, 0x0000000000000000, 334.20 W, 96 %, 31916 MiB
2026/10/01 02:55:29.690, 2910 MHz, 13801 MHz, 0x0000000000000000, 335.03 W, 96 %, 31916 MiB
2026/10/01 02:55:30.202, 2910 MHz, 13801 MHz, 0x0000000000000000, 337.86 W, 77 %, 31916 MiB
2026/10/01 02:55:30.717, 2910 MHz, 13801 MHz, 0x0000000000000000, 338.81 W, 96 %, 31916 MiB
2026/10/01 02:55:31.230, 2910 MHz, 13801 MHz, 0x0000000000000000, 339.80 W, 96 %, 31916 MiB
2026/10/01 02:55:31.744, 2910 MHz, 13801 MHz, 0x0000000000000000, 340.36 W, 96 %, 31916 MiB
2026/10/01 02:55:32.245, 2910 MHz, 13801 MHz, 0x0000000000000000, 339.88 W, 96 %, 31916 MiB
2026/10/01 02:55:32.745, 2910 MHz, 13801 MHz, 0x0000000000000000, 344.54 W, 96 %, 31916 MiB
2026/10/01 02:55:33.246, 2910 MHz, 13801 MHz, 0x0000000000000000, 340.97 W, 96 %, 31916 MiB
2026/10/01 02:55:33.760, 2910 MHz, 13801 MHz, 0x0000000000000000, 341.84 W, 96 %, 31916 MiB
2026/10/01 02:55:34.262, 2910 MHz, 13801 MHz, 0x0000000000000000, 346.24 W, 96 %, 31916 MiB
2026/10/01 02:55:34.777, 2910 MHz, 13801 MHz, 0x0000000000000000, 342.69 W, 96 %, 31916 MiB
2026/10/01 02:55:35.292, 2910 MHz, 13801 MHz, 0x0000000000000000, 341.85 W, 96 %, 31916 MiB
2026/10/01 02:55:35.792, 2910 MHz, 13801 MHz, 0x0000000000000000, 344.53 W, 96 %, 31916 MiB
2026/10/01 02:55:36.308, 2925 MHz, 13801 MHz, 0x0000000000000000, 226.64 W, 0 %, 31916 MiB
2026/10/01 02:55:36.823, 2925 MHz, 13801 MHz, 0x0000000000000000, 101.23 W, 0 %, 31916 MiB
2026/10/01 02:55:37.336, 2925 MHz, 13801 MHz, 0x0000000000000000, 93.44 W, 0 %, 31916 MiB
2026/10/01 02:55:37.837, 1530 MHz, 13801 MHz, 0x0000000000000000, 83.04 W, 0 %, 31916 MiB
2026/10/01 02:55:38.354, 532 MHz, 7001 MHz, 0x0000000000000000, 55.09 W, 0 %, 31916 MiB
2026/10/01 02:55:38.866, 427 MHz, 7001 MHz, 0x0000000000000000, 36.89 W, 0 %, 31916 MiB
2026/10/01 02:55:39.381, 360 MHz, 7001 MHz, 0x0000000000000000, 35.56 W, 0 %, 31916 MiB
2026/10/01 02:55:39.895, 270 MHz, 7001 MHz, 0x0000000000000000, 35.30 W, 0 %, 31916 MiB
2026/10/01 02:55:40.396, 240 MHz, 7001 MHz, 0x0000000000000000, 35.17 W, 0 %, 31916 MiB
2026/10/01 02:55:40.909, 240 MHz, 7001 MHz, 0x0000000000000000, 35.17 W, 0 %, 31916 MiB
2026/10/01 02:55:41.424, 180 MHz, 7001 MHz, 0x0000000000000000, 34.55 W, 0 %, 31916 MiB
2026/10/01 02:55:41.940, 180 MHz, 7001 MHz, 0x0000000000000000, 34.55 W, 0 %, 31916 MiB
2026/10/01 02:55:42.443, 180 MHz, 810 MHz, 0x0000000000000000, 26.59 W, 0 %, 31916 MiB
2026/10/01 02:55:42.944, 180 MHz, 810 MHz, 0x0000000000000000, 26.59 W, 0 %, 31916 MiB
2026/10/01 02:55:43.455, 187 MHz, 810 MHz, 0x0000000000000000, 12.97 W, 0 %, 31921 MiB
2026/10/01 02:55:43.965, 180 MHz, 405 MHz, 0x0000000000000000, 13.16 W, 0 %, 31916 MiB
2026/10/01 02:55:44.478, 180 MHz, 405 MHz, 0x0000000000000000, 13.70 W, 0 %, 31916 MiB
2026/10/01 02:55:44.987, 180 MHz, 405 MHz, 0x0000000000000000, 13.24 W, 0 %, 31916 MiB
2026/10/01 02:55:45.502, 172 MHz, 405 MHz, 0x0000000000000000, 13.31 W, 0 %, 31916 MiB
2026/10/01 02:55:46.016, 172 MHz, 405 MHz, 0x0000000000000000, 13.31 W, 0 %, 31916 MiB
2026/10/01 02:55:46.531, 180 MHz, 405 MHz, 0x0000000000000000, 11.30 W, 0 %, 31916 MiB
2026/10/01 02:55:47.042, 180 MHz, 405 MHz, 0x0000000000000000, 11.30 W, 0 %, 31916 MiB
2026/10/01 02:55:47.556, 180 MHz, 405 MHz, 0x0000000000000000, 11.11 W, 0 %, 31916 MiB
2026/10/01 02:55:48.069, 180 MHz, 405 MHz, 0x0000000000000000, 11.11 W, 0 %, 31916 MiB
2026/10/01 02:55:48.580, 1552 MHz, 810 MHz, 0x0000000000000000, 26.53 W, 100 %, 31916 MiB
2026/10/01 02:55:49.091, 2872 MHz, 13801 MHz, 0x0000000000000000, 95.70 W, 57 %, 31916 MiB
2026/10/01 02:55:49.604, 2872 MHz, 13801 MHz, 0x0000000000000000, 286.90 W, 71 %, 31916 MiB
2026/10/01 02:55:50.113, 2887 MHz, 13801 MHz, 0x0000000000000000, 339.40 W, 99 %, 31916 MiB
2026/10/01 02:55:50.628, 2887 MHz, 13801 MHz, 0x0000000000000000, 393.87 W, 99 %, 31916 MiB
2026/10/01 02:55:51.141, 2887 MHz, 13801 MHz, 0x0000000000000000, 429.40 W, 99 %, 31916 MiB
2026/10/01 02:55:51.653, 2895 MHz, 13801 MHz, 0x0000000000000004, 431.84 W, 99 %, 31916 MiB
2026/10/01 02:55:52.165, 2895 MHz, 13801 MHz, 0x0000000000000000, 425.89 W, 99 %, 31916 MiB
2026/10/01 02:55:52.672, 2895 MHz, 13801 MHz, 0x0000000000000000, 428.02 W, 99 %, 31916 MiB
2026/10/01 02:55:53.182, 2887 MHz, 13801 MHz, 0x0000000000000004, 428.87 W, 99 %, 31916 MiB
2026/10/01 02:55:53.689, 2902 MHz, 13801 MHz, 0x0000000000000004, 427.73 W, 99 %, 31916 MiB
2026/10/01 02:55:54.200, 2902 MHz, 13801 MHz, 0x0000000000000000, 423.33 W, 99 %, 31916 MiB
2026/10/01 02:55:54.706, 2902 MHz, 13801 MHz, 0x0000000000000000, 408.79 W, 99 %, 31918 MiB
2026/10/01 02:55:55.212, 2910 MHz, 13801 MHz, 0x0000000000000000, 391.30 W, 98 %, 31916 MiB
2026/10/01 02:55:55.721, 2910 MHz, 13801 MHz, 0x0000000000000000, 366.92 W, 97 %, 31916 MiB
2026/10/01 02:55:56.229, 2910 MHz, 13801 MHz, 0x0000000000000000, 317.73 W, 42 %, 31916 MiB
2026/10/01 02:55:56.740, 2872 MHz, 13801 MHz, 0x0000000000000000, 289.06 W, 61 %, 31918 MiB
2026/10/01 02:55:57.253, 2872 MHz, 13801 MHz, 0x0000000000000000, 313.82 W, 67 %, 31916 MiB
2026/10/01 02:55:57.761, 2895 MHz, 13801 MHz, 0x0000000000000000, 353.94 W, 99 %, 31916 MiB
2026/10/01 02:55:58.269, 2887 MHz, 13801 MHz, 0x0000000000000000, 402.15 W, 99 %, 31916 MiB
2026/10/01 02:55:58.780, 2895 MHz, 13801 MHz, 0x0000000000000000, 432.19 W, 99 %, 31916 MiB
2026/10/01 02:55:59.293, 2895 MHz, 13801 MHz, 0x0000000000000000, 434.40 W, 99 %, 31916 MiB
2026/10/01 02:55:59.805, 2895 MHz, 13801 MHz, 0x0000000000000004, 430.88 W, 99 %, 31916 MiB
2026/10/01 02:56:00.315, 2887 MHz, 13801 MHz, 0x0000000000000000, 424.66 W, 99 %, 31916 MiB
2026/10/01 02:56:00.824, 2895 MHz, 13801 MHz, 0x0000000000000000, 418.48 W, 93 %, 31916 MiB
2026/10/01 02:56:01.332, 2887 MHz, 13801 MHz, 0x0000000000000000, 409.05 W, 93 %, 31916 MiB
2026/10/01 02:56:01.843, 2895 MHz, 13801 MHz, 0x0000000000000000, 408.42 W, 85 %, 31916 MiB
2026/10/01 02:56:02.353, 2895 MHz, 13801 MHz, 0x0000000000000000, 376.78 W, 57 %, 31916 MiB
2026/10/01 02:56:02.867, 2895 MHz, 13801 MHz, 0x0000000000000000, 352.72 W, 83 %, 31916 MiB
2026/10/01 02:56:03.377, 2902 MHz, 13801 MHz, 0x0000000000000000, 356.45 W, 89 %, 31916 MiB
2026/10/01 02:56:03.878, 2902 MHz, 13801 MHz, 0x0000000000000000, 315.99 W, 48 %, 31916 MiB
2026/10/01 02:56:04.390, 2895 MHz, 13801 MHz, 0x0000000000000000, 314.95 W, 47 %, 31921 MiB
2026/10/01 02:56:04.898, 2902 MHz, 13801 MHz, 0x0000000000000000, 311.89 W, 80 %, 31921 MiB
2026/10/01 02:56:05.409, 2902 MHz, 13801 MHz, 0x0000000000000000, 321.86 W, 96 %, 31916 MiB
2026/10/01 02:56:05.919, 2895 MHz, 13801 MHz, 0x0000000000000000, 366.90 W, 85 %, 31916 MiB
2026/10/01 02:56:06.430, 2902 MHz, 13801 MHz, 0x0000000000000000, 374.43 W, 54 %, 31916 MiB
2026/10/01 02:56:06.940, 2895 MHz, 13801 MHz, 0x0000000000000000, 374.88 W, 94 %, 31916 MiB
2026/10/01 02:56:07.452, 2902 MHz, 13801 MHz, 0x0000000000000000, 377.45 W, 91 %, 31916 MiB
2026/10/01 02:56:07.960, 2887 MHz, 13801 MHz, 0x0000000000000000, 389.19 W, 87 %, 31916 MiB
2026/10/01 02:56:08.468, 2895 MHz, 13801 MHz, 0x0000000000000000, 383.46 W, 78 %, 31916 MiB
2026/10/01 02:56:08.980, 2895 MHz, 13801 MHz, 0x0000000000000000, 401.39 W, 99 %, 31916 MiB
2026/10/01 02:56:09.489, 2902 MHz, 13801 MHz, 0x0000000000000000, 389.01 W, 78 %, 31916 MiB
2026/10/01 02:56:10.000, 2902 MHz, 13801 MHz, 0x0000000000000000, 338.62 W, 99 %, 31916 MiB
2026/10/01 02:56:10.510, 2895 MHz, 13801 MHz, 0x0000000000000000, 331.02 W, 66 %, 31916 MiB
2026/10/01 02:56:11.018, 2902 MHz, 13801 MHz, 0x0000000000000000, 354.82 W, 93 %, 31916 MiB
2026/10/01 02:56:11.526, 2895 MHz, 13801 MHz, 0x0000000000000004, 351.47 W, 82 %, 31916 MiB
2026/10/01 02:56:12.033, 2902 MHz, 13801 MHz, 0x0000000000000000, 346.88 W, 68 %, 31916 MiB
2026/10/01 02:56:12.543, 2895 MHz, 13801 MHz, 0x0000000000000000, 360.27 W, 81 %, 31916 MiB
2026/10/01 02:56:13.053, 2902 MHz, 13801 MHz, 0x0000000000000000, 344.65 W, 50 %, 31916 MiB
2026/10/01 02:56:13.563, 2902 MHz, 13801 MHz, 0x0000000000000000, 348.61 W, 99 %, 31916 MiB
2026/10/01 02:56:14.074, 2902 MHz, 13801 MHz, 0x0000000000000000, 393.37 W, 78 %, 31916 MiB
2026/10/01 02:56:14.579, 2902 MHz, 13801 MHz, 0x0000000000000000, 380.70 W, 84 %, 31916 MiB
2026/10/01 02:56:15.093, 2902 MHz, 13801 MHz, 0x0000000000000004, 375.84 W, 92 %, 31916 MiB
2026/10/01 02:56:15.605, 2902 MHz, 13801 MHz, 0x0000000000000000, 356.26 W, 90 %, 31916 MiB
2026/10/01 02:56:16.113, 2902 MHz, 13801 MHz, 0x0000000000000000, 343.68 W, 85 %, 31916 MiB
2026/10/01 02:56:16.621, 2895 MHz, 13801 MHz, 0x0000000000000000, 377.72 W, 67 %, 31916 MiB
2026/10/01 02:56:17.128, 2887 MHz, 13801 MHz, 0x0000000000000000, 383.38 W, 86 %, 31916 MiB
2026/10/01 02:56:17.635, 2895 MHz, 13801 MHz, 0x0000000000000000, 379.73 W, 90 %, 31916 MiB
2026/10/01 02:56:18.141, 2895 MHz, 13801 MHz, 0x0000000000000000, 373.84 W, 72 %, 31916 MiB
2026/10/01 02:56:18.652, 2902 MHz, 13801 MHz, 0x0000000000000000, 353.29 W, 79 %, 31918 MiB
2026/10/01 02:56:19.159, 2902 MHz, 13801 MHz, 0x0000000000000000, 357.82 W, 75 %, 31916 MiB
2026/10/01 02:56:19.674, 2902 MHz, 13801 MHz, 0x0000000000000000, 376.42 W, 92 %, 31916 MiB
2026/10/01 02:56:20.185, 2902 MHz, 13801 MHz, 0x0000000000000000, 380.27 W, 91 %, 31916 MiB
2026/10/01 02:56:20.698, 2895 MHz, 13801 MHz, 0x0000000000000000, 356.80 W, 91 %, 31916 MiB
2026/10/01 02:56:21.210, 2895 MHz, 13801 MHz, 0x0000000000000004, 345.58 W, 86 %, 31916 MiB
2026/10/01 02:56:21.720, 2902 MHz, 13801 MHz, 0x0000000000000000, 359.60 W, 91 %, 31916 MiB
2026/10/01 02:56:22.231, 2895 MHz, 13801 MHz, 0x0000000000000000, 369.91 W, 99 %, 31916 MiB
2026/10/01 02:56:22.742, 2895 MHz, 13801 MHz, 0x0000000000000000, 386.97 W, 87 %, 31916 MiB
2026/10/01 02:56:23.254, 2895 MHz, 13801 MHz, 0x0000000000000000, 386.21 W, 71 %, 31916 MiB
2026/10/01 02:56:23.764, 2902 MHz, 13801 MHz, 0x0000000000000000, 349.89 W, 62 %, 31916 MiB
2026/10/01 02:56:24.273, 2895 MHz, 13801 MHz, 0x0000000000000000, 352.26 W, 59 %, 31916 MiB
2026/10/01 02:56:24.781, 2895 MHz, 13801 MHz, 0x0000000000000000, 365.26 W, 85 %, 31916 MiB
2026/10/01 02:56:25.291, 2902 MHz, 13801 MHz, 0x0000000000000000, 334.33 W, 58 %, 31916 MiB
2026/10/01 02:56:25.802, 2902 MHz, 13801 MHz, 0x0000000000000000, 335.19 W, 92 %, 31921 MiB
2026/10/01 02:56:26.310, 2895 MHz, 13801 MHz, 0x0000000000000000, 373.55 W, 99 %, 31918 MiB
2026/10/01 02:56:26.824, 2895 MHz, 13801 MHz, 0x0000000000000000, 371.81 W, 78 %, 31916 MiB
2026/10/01 02:56:27.334, 2887 MHz, 13801 MHz, 0x0000000000000000, 370.27 W, 96 %, 31916 MiB
2026/10/01 02:56:27.844, 2895 MHz, 13801 MHz, 0x0000000000000000, 373.44 W, 93 %, 31916 MiB
2026/10/01 02:56:28.359, 2902 MHz, 13801 MHz, 0x0000000000000000, 363.56 W, 94 %, 31916 MiB
2026/10/01 02:56:28.870, 2895 MHz, 13801 MHz, 0x0000000000000000, 380.52 W, 82 %, 31916 MiB
2026/10/01 02:56:29.381, 2895 MHz, 13801 MHz, 0x0000000000000000, 395.74 W, 80 %, 31916 MiB
2026/10/01 02:56:29.893, 2895 MHz, 13801 MHz, 0x0000000000000000, 388.94 W, 90 %, 31916 MiB
2026/10/01 02:56:30.403, 2895 MHz, 13801 MHz, 0x0000000000000000, 386.90 W, 70 %, 31916 MiB
2026/10/01 02:56:30.916, 2887 MHz, 13801 MHz, 0x0000000000000000, 391.92 W, 85 %, 31916 MiB
2026/10/01 02:56:31.426, 2895 MHz, 13801 MHz, 0x0000000000000000, 390.36 W, 62 %, 31916 MiB
2026/10/01 02:56:31.936, 2895 MHz, 13801 MHz, 0x0000000000000000, 395.02 W, 99 %, 31916 MiB
2026/10/01 02:56:32.446, 2895 MHz, 13801 MHz, 0x0000000000000000, 391.77 W, 61 %, 31916 MiB
2026/10/01 02:56:32.957, 2895 MHz, 13801 MHz, 0x0000000000000000, 369.43 W, 78 %, 31916 MiB
2026/10/01 02:56:33.467, 2895 MHz, 13801 MHz, 0x0000000000000000, 366.04 W, 77 %, 31916 MiB
2026/10/01 02:56:33.982, 2902 MHz, 13801 MHz, 0x0000000000000000, 354.10 W, 71 %, 31916 MiB
2026/10/01 02:56:34.491, 2895 MHz, 13801 MHz, 0x0000000000000000, 347.55 W, 91 %, 31916 MiB
2026/10/01 02:56:35.004, 2880 MHz, 13801 MHz, 0x0000000000000000, 372.85 W, 50 %, 31916 MiB
2026/10/01 02:56:35.514, 2895 MHz, 13801 MHz, 0x0000000000000004, 383.01 W, 92 %, 31916 MiB
2026/10/01 02:56:36.024, 2895 MHz, 13801 MHz, 0x0000000000000000, 367.91 W, 52 %, 31916 MiB
2026/10/01 02:56:36.533, 2895 MHz, 13801 MHz, 0x0000000000000000, 372.96 W, 91 %, 31916 MiB
2026/10/01 02:56:37.042, 2895 MHz, 13801 MHz, 0x0000000000000000, 351.42 W, 75 %, 31916 MiB
2026/10/01 02:56:37.551, 2895 MHz, 13801 MHz, 0x0000000000000000, 343.00 W, 73 %, 31916 MiB
2026/10/01 02:56:38.062, 2895 MHz, 13801 MHz, 0x0000000000000000, 375.29 W, 93 %, 31916 MiB
2026/10/01 02:56:38.575, 2887 MHz, 13801 MHz, 0x0000000000000000, 396.34 W, 89 %, 31916 MiB
2026/10/01 02:56:39.084, 2887 MHz, 13801 MHz, 0x0000000000000000, 378.56 W, 89 %, 31916 MiB
2026/10/01 02:56:39.593, 2887 MHz, 13801 MHz, 0x0000000000000000, 372.88 W, 77 %, 31916 MiB
2026/10/01 02:56:40.104, 2902 MHz, 13801 MHz, 0x0000000000000000, 353.51 W, 53 %, 31918 MiB
2026/10/01 02:56:40.613, 2887 MHz, 13801 MHz, 0x0000000000000000, 338.50 W, 89 %, 31918 MiB
2026/10/01 02:56:41.126, 2887 MHz, 13801 MHz, 0x0000000000000000, 380.39 W, 70 %, 31916 MiB
2026/10/01 02:56:41.635, 2895 MHz, 13801 MHz, 0x0000000000000000, 384.86 W, 92 %, 31916 MiB
2026/10/01 02:56:42.145, 2895 MHz, 13801 MHz, 0x0000000000000000, 379.55 W, 94 %, 31916 MiB
2026/10/01 02:56:42.656, 2895 MHz, 13801 MHz, 0x0000000000000000, 370.10 W, 76 %, 31916 MiB
2026/10/01 02:56:43.163, 2895 MHz, 13801 MHz, 0x0000000000000000, 358.54 W, 93 %, 31916 MiB
2026/10/01 02:56:43.672, 2887 MHz, 13801 MHz, 0x0000000000000000, 394.61 W, 92 %, 31916 MiB
2026/10/01 02:56:44.185, 2880 MHz, 13801 MHz, 0x0000000000000000, 394.54 W, 80 %, 31916 MiB
2026/10/01 02:56:44.699, 2902 MHz, 13801 MHz, 0x0000000000000000, 365.05 W, 63 %, 31916 MiB
2026/10/01 02:56:45.209, 2887 MHz, 13801 MHz, 0x0000000000000000, 361.42 W, 81 %, 31916 MiB
2026/10/01 02:56:45.723, 2895 MHz, 13801 MHz, 0x0000000000000000, 345.93 W, 54 %, 31916 MiB
2026/10/01 02:56:46.235, 2887 MHz, 13801 MHz, 0x0000000000000000, 318.19 W, 69 %, 31916 MiB
2026/10/01 02:56:46.746, 2887 MHz, 13801 MHz, 0x0000000000000000, 358.67 W, 94 %, 31921 MiB
2026/10/01 02:56:47.259, 2895 MHz, 13801 MHz, 0x0000000000000000, 372.25 W, 84 %, 31921 MiB
2026/10/01 02:56:47.768, 2887 MHz, 13801 MHz, 0x0000000000000000, 366.93 W, 79 %, 31916 MiB
2026/10/01 02:56:48.282, 2887 MHz, 13801 MHz, 0x0000000000000000, 374.05 W, 74 %, 31916 MiB
2026/10/01 02:56:48.790, 2895 MHz, 13801 MHz, 0x0000000000000004, 360.92 W, 81 %, 31916 MiB
2026/10/01 02:56:49.300, 2895 MHz, 13801 MHz, 0x0000000000000000, 359.26 W, 99 %, 31916 MiB
2026/10/01 02:56:49.809, 2895 MHz, 13801 MHz, 0x0000000000000000, 364.97 W, 82 %, 31916 MiB
2026/10/01 02:56:50.320, 2880 MHz, 13801 MHz, 0x0000000000000000, 380.79 W, 54 %, 31916 MiB
2026/10/01 02:56:50.830, 2895 MHz, 13801 MHz, 0x0000000000000000, 364.42 W, 75 %, 31916 MiB
2026/10/01 02:56:51.342, 2895 MHz, 13801 MHz, 0x0000000000000000, 365.63 W, 92 %, 31916 MiB
2026/10/01 02:56:51.854, 2887 MHz, 13801 MHz, 0x0000000000000000, 376.32 W, 75 %, 31916 MiB
2026/10/01 02:56:52.367, 2895 MHz, 13801 MHz, 0x0000000000000000, 353.85 W, 82 %, 31916 MiB
2026/10/01 02:56:52.877, 2895 MHz, 13801 MHz, 0x0000000000000004, 376.17 W, 93 %, 31916 MiB
2026/10/01 02:56:53.389, 2887 MHz, 13801 MHz, 0x0000000000000000, 389.51 W, 88 %, 31916 MiB
2026/10/01 02:56:53.900, 2887 MHz, 13801 MHz, 0x0000000000000000, 377.32 W, 88 %, 31916 MiB
2026/10/01 02:56:54.413, 2895 MHz, 13801 MHz, 0x0000000000000000, 376.07 W, 81 %, 31916 MiB
2026/10/01 02:56:54.925, 2880 MHz, 13801 MHz, 0x0000000000000000, 359.70 W, 59 %, 31916 MiB
2026/10/01 02:56:55.431, 2895 MHz, 13801 MHz, 0x0000000000000000, 357.58 W, 96 %, 31916 MiB
2026/10/01 02:56:55.940, 2895 MHz, 13801 MHz, 0x0000000000000000, 368.38 W, 93 %, 31916 MiB
2026/10/01 02:56:56.454, 2887 MHz, 13801 MHz, 0x0000000000000000, 388.04 W, 93 %, 31916 MiB
2026/10/01 02:56:56.968, 2880 MHz, 13801 MHz, 0x0000000000000000, 386.72 W, 57 %, 31916 MiB
2026/10/01 02:56:57.478, 2887 MHz, 13801 MHz, 0x0000000000000000, 387.98 W, 92 %, 31916 MiB
2026/10/01 02:56:57.992, 2887 MHz, 13801 MHz, 0x0000000000000000, 362.81 W, 43 %, 31916 MiB
2026/10/01 02:56:58.503, 2887 MHz, 13801 MHz, 0x0000000000000000, 335.39 W, 57 %, 31916 MiB
2026/10/01 02:56:59.014, 2887 MHz, 13801 MHz, 0x0000000000000000, 365.48 W, 90 %, 31916 MiB
2026/10/01 02:56:59.522, 2887 MHz, 13801 MHz, 0x0000000000000000, 371.72 W, 76 %, 31916 MiB
2026/10/01 02:57:00.032, 2887 MHz, 13801 MHz, 0x0000000000000000, 359.23 W, 93 %, 31916 MiB
2026/10/01 02:57:00.544, 2902 MHz, 13801 MHz, 0x0000000000000000, 345.58 W, 2 %, 31916 MiB
2026/10/01 02:57:01.059, 2925 MHz, 13801 MHz, 0x0000000000000000, 228.44 W, 0 %, 31916 MiB
2026/10/01 02:57:01.573, 2925 MHz, 13801 MHz, 0x0000000000000000, 100.77 W, 0 %, 31916 MiB
2026/10/01 02:57:02.074, 2925 MHz, 13801 MHz, 0x0000000000000000, 97.72 W, 0 %, 31918 MiB
2026/10/01 02:57:02.576, 585 MHz, 13801 MHz, 0x0000000000000000, 83.58 W, 0 %, 31916 MiB
2026/10/01 02:57:03.077, 487 MHz, 810 MHz, 0x0000000000000000, 56.67 W, 0 %, 31916 MiB
2026/10/01 02:57:03.593, 360 MHz, 810 MHz, 0x0000000000000000, 31.93 W, 0 %, 31916 MiB
2026/10/01 02:57:04.106, 315 MHz, 810 MHz, 0x0000000000000000, 25.36 W, 0 %, 31916 MiB
2026/10/01 02:57:04.621, 315 MHz, 810 MHz, 0x0000000000000000, 25.36 W, 0 %, 31916 MiB
2026/10/01 02:57:05.123, 187 MHz, 405 MHz, 0x0000000000000000, 13.56 W, 0 %, 31916 MiB
2026/10/01 02:57:05.624, 187 MHz, 405 MHz, 0x0000000000000000, 13.56 W, 0 %, 31916 MiB
2026/10/01 02:57:06.138, 180 MHz, 405 MHz, 0x0000000000000000, 12.22 W, 0 %, 31916 MiB
2026/10/01 02:57:06.650, 180 MHz, 405 MHz, 0x0000000000000000, 12.22 W, 0 %, 31916 MiB
2026/10/01 02:57:07.166, 180 MHz, 405 MHz, 0x0000000000000000, 12.41 W, 0 %, 31916 MiB
2026/10/01 02:57:07.667, 180 MHz, 405 MHz, 0x0000000000000000, 12.40 W, 0 %, 31921 MiB
2026/10/01 02:57:08.183, 180 MHz, 405 MHz, 0x0000000000000000, 13.25 W, 0 %, 31921 MiB
2026/10/01 02:57:08.683, 180 MHz, 405 MHz, 0x0000000000000000, 15.25 W, 0 %, 31916 MiB
2026/10/01 02:57:09.185, 180 MHz, 405 MHz, 0x0000000000000000, 15.48 W, 0 %, 31916 MiB
2026/10/01 02:57:09.699, 180 MHz, 405 MHz, 0x0000000000000000, 15.58 W, 0 %, 31916 MiB
2026/10/01 02:57:10.199, 180 MHz, 405 MHz, 0x0000000000000000, 15.58 W, 0 %, 31916 MiB
2026/10/01 02:57:10.700, 180 MHz, 405 MHz, 0x0000000000000000, 12.70 W, 0 %, 31916 MiB
2026/10/01 02:57:11.212, 180 MHz, 405 MHz, 0x0000000000000000, 12.70 W, 0 %, 31916 MiB
2026/10/01 02:57:11.728, 180 MHz, 405 MHz, 0x0000000000000000, 12.23 W, 0 %, 31916 MiB
2026/10/01 02:57:12.242, 180 MHz, 405 MHz, 0x0000000000000000, 12.23 W, 0 %, 31916 MiB
2026/10/01 02:57:12.754, 180 MHz, 405 MHz, 0x0000000000000000, 12.06 W, 0 %, 31916 MiB
2026/10/01 02:57:13.270, 180 MHz, 405 MHz, 0x0000000000000000, 12.06 W, 0 %, 31916 MiB
2026/10/01 02:57:13.783, 180 MHz, 405 MHz, 0x0000000000000000, 12.12 W, 0 %, 31916 MiB
2026/10/01 02:57:14.295, 180 MHz, 405 MHz, 0x0000000000000000, 12.12 W, 0 %, 31916 MiB
2026/10/01 02:57:14.810, 180 MHz, 405 MHz, 0x0000000000000000, 11.85 W, 0 %, 31916 MiB
2026/10/01 02:57:15.326, 180 MHz, 405 MHz, 0x0000000000000000, 11.85 W, 0 %, 31916 MiB
2026/10/01 02:57:15.830, 180 MHz, 405 MHz, 0x0000000000000000, 11.86 W, 0 %, 31916 MiB
2026/10/01 02:57:16.346, 180 MHz, 405 MHz, 0x0000000000000000, 12.00 W, 0 %, 31916 MiB
2026/10/01 02:57:16.847, 2917 MHz, 13801 MHz, 0x0000000000000000, 86.88 W, 95 %, 31916 MiB
2026/10/01 02:57:17.348, 2910 MHz, 13801 MHz, 0x0000000000000000, 162.92 W, 95 %, 31916 MiB
2026/10/01 02:57:17.852, 2910 MHz, 13801 MHz, 0x0000000000000000, 344.17 W, 96 %, 31916 MiB
2026/10/01 02:57:18.356, 2910 MHz, 13801 MHz, 0x0000000000000000, 336.13 W, 95 %, 31916 MiB
2026/10/01 02:57:18.868, 2910 MHz, 13801 MHz, 0x0000000000000000, 336.10 W, 95 %, 31916 MiB
2026/10/01 02:57:19.383, 2910 MHz, 13801 MHz, 0x0000000000000000, 345.06 W, 95 %, 31916 MiB
2026/10/01 02:57:19.885, 2910 MHz, 13801 MHz, 0x0000000000000000, 342.94 W, 96 %, 31916 MiB
2026/10/01 02:57:20.398, 2910 MHz, 13801 MHz, 0x0000000000000000, 344.80 W, 96 %, 31916 MiB
2026/10/01 02:57:20.911, 2910 MHz, 13801 MHz, 0x0000000000000000, 347.36 W, 96 %, 31916 MiB
2026/10/01 02:57:21.425, 2910 MHz, 13801 MHz, 0x0000000000000000, 343.59 W, 96 %, 31916 MiB
2026/10/01 02:57:21.939, 2910 MHz, 13801 MHz, 0x0000000000000000, 344.37 W, 96 %, 31916 MiB
2026/10/01 02:57:22.451, 2910 MHz, 13801 MHz, 0x0000000000000000, 343.81 W, 84 %, 31916 MiB
2026/10/01 02:57:22.964, 2910 MHz, 13801 MHz, 0x0000000000000000, 343.35 W, 96 %, 31916 MiB
2026/10/01 02:57:23.478, 2910 MHz, 13801 MHz, 0x0000000000000000, 346.98 W, 96 %, 31916 MiB
2026/10/01 02:57:23.991, 2910 MHz, 13801 MHz, 0x0000000000000000, 336.39 W, 95 %, 31918 MiB
2026/10/01 02:57:24.504, 2910 MHz, 13801 MHz, 0x0000000000000000, 335.96 W, 96 %, 31918 MiB
2026/10/01 02:57:25.015, 2910 MHz, 13801 MHz, 0x0000000000000000, 346.48 W, 95 %, 31916 MiB
2026/10/01 02:57:25.530, 2910 MHz, 13801 MHz, 0x0000000000000000, 340.39 W, 95 %, 31916 MiB
2026/10/01 02:57:26.044, 2910 MHz, 13801 MHz, 0x0000000000000000, 341.17 W, 95 %, 31916 MiB
2026/10/01 02:57:26.559, 2910 MHz, 13801 MHz, 0x0000000000000000, 347.34 W, 94 %, 31916 MiB
2026/10/01 02:57:37.221, 180 MHz, 405 MHz, 0x0000000000000000, 11.61 W, 0 %, 31916 MiB
2026/10/01 02:57:37.739, 2925 MHz, 13801 MHz, 0x0000000000000000, 79.52 W, 95 %, 31916 MiB
2026/10/01 02:57:38.252, 2910 MHz, 13801 MHz, 0x0000000000000000, 156.51 W, 95 %, 31916 MiB
2026/10/01 02:57:38.752, 2910 MHz, 13801 MHz, 0x0000000000000000, 341.18 W, 95 %, 31916 MiB
2026/10/01 02:57:39.252, 2910 MHz, 13801 MHz, 0x0000000000000000, 331.30 W, 96 %, 31916 MiB
2026/10/01 02:57:39.754, 2910 MHz, 13801 MHz, 0x0000000000000000, 332.14 W, 96 %, 31916 MiB
2026/10/01 02:57:40.265, 2910 MHz, 13801 MHz, 0x0000000000000000, 342.01 W, 96 %, 31916 MiB
2026/10/01 02:57:40.766, 2910 MHz, 13801 MHz, 0x0000000000000000, 331.38 W, 95 %, 31916 MiB
2026/10/01 02:57:41.267, 2910 MHz, 13801 MHz, 0x0000000000000000, 331.20 W, 96 %, 31916 MiB
2026/10/01 02:57:41.780, 2910 MHz, 13801 MHz, 0x0000000000000000, 342.18 W, 95 %, 31916 MiB
2026/10/01 02:57:42.295, 2910 MHz, 13801 MHz, 0x0000000000000000, 335.54 W, 94 %, 31916 MiB
2026/10/01 02:57:42.809, 2910 MHz, 13801 MHz, 0x0000000000000000, 337.34 W, 96 %, 31916 MiB
2026/10/01 02:57:43.319, 2910 MHz, 13801 MHz, 0x0000000000000000, 344.23 W, 80 %, 31916 MiB
2026/10/01 02:57:43.833, 2910 MHz, 13801 MHz, 0x0000000000000000, 336.39 W, 96 %, 31916 MiB
2026/10/01 02:57:44.334, 2910 MHz, 13801 MHz, 0x0000000000000000, 336.81 W, 96 %, 31916 MiB
2026/10/01 02:57:44.847, 2910 MHz, 13801 MHz, 0x0000000000000000, 336.10 W, 57 %, 31916 MiB
2026/10/01 02:57:45.361, 2910 MHz, 13801 MHz, 0x0000000000000000, 337.51 W, 96 %, 31918 MiB
2026/10/01 02:57:45.876, 2910 MHz, 13801 MHz, 0x0000000000000000, 336.87 W, 96 %, 31918 MiB
2026/10/01 02:57:46.388, 2910 MHz, 13801 MHz, 0x0000000000000000, 341.16 W, 95 %, 31916 MiB
2026/10/01 02:57:46.903, 2910 MHz, 13801 MHz, 0x0000000000000000, 341.66 W, 95 %, 31916 MiB
2026/10/01 02:57:47.404, 2910 MHz, 13801 MHz, 0x0000000000000000, 345.54 W, 95 %, 31918 MiB
2026/10/01 02:57:47.918, 2925 MHz, 13801 MHz, 0x0000000000000000, 283.92 W, 0 %, 31916 MiB
2026/10/01 02:57:48.432, 2925 MHz, 13801 MHz, 0x0000000000000000, 170.02 W, 0 %, 31916 MiB
2026/10/01 02:57:48.942, 2925 MHz, 13801 MHz, 0x0000000000000000, 93.65 W, 0 %, 31916 MiB
2026/10/01 02:57:49.456, 2940 MHz, 13801 MHz, 0x0000000000000000, 93.44 W, 0 %, 31916 MiB
2026/10/01 02:57:49.971, 547 MHz, 13801 MHz, 0x0000000000000000, 74.52 W, 0 %, 31921 MiB
2026/10/01 02:57:50.474, 450 MHz, 810 MHz, 0x0000000000000000, 41.67 W, 0 %, 31918 MiB
2026/10/01 02:57:50.986, 375 MHz, 810 MHz, 0x0000000000000000, 27.46 W, 0 %, 31916 MiB
2026/10/01 02:57:51.500, 255 MHz, 810 MHz, 0x0000000000000000, 19.06 W, 0 %, 31918 MiB
2026/10/01 02:57:52.003, 195 MHz, 405 MHz, 0x0000000000000000, 15.39 W, 0 %, 31916 MiB
2026/10/01 02:57:52.517, 180 MHz, 405 MHz, 0x0000000000000000, 14.60 W, 0 %, 31916 MiB
2026/10/01 02:57:53.021, 180 MHz, 405 MHz, 0x0000000000000000, 13.82 W, 0 %, 31916 MiB
2026/10/01 02:57:53.534, 180 MHz, 405 MHz, 0x0000000000000000, 13.67 W, 0 %, 31916 MiB
2026/10/01 02:57:54.049, 180 MHz, 405 MHz, 0x0000000000000000, 13.67 W, 0 %, 31916 MiB
2026/10/01 02:57:54.564, 180 MHz, 405 MHz, 0x0000000000000000, 11.76 W, 0 %, 31916 MiB
2026/10/01 02:57:55.074, 180 MHz, 405 MHz, 0x0000000000000000, 11.76 W, 0 %, 31916 MiB
2026/10/01 02:57:55.588, 180 MHz, 405 MHz, 0x0000000000000000, 11.36 W, 0 %, 31916 MiB
2026/10/01 02:57:56.088, 180 MHz, 405 MHz, 0x0000000000000000, 11.36 W, 0 %, 31916 MiB
2026/10/01 02:57:56.589, 180 MHz, 405 MHz, 0x0000000000000000, 11.28 W, 0 %, 31916 MiB
2026/10/01 02:57:57.101, 180 MHz, 405 MHz, 0x0000000000000000, 11.28 W, 0 %, 31916 MiB
2026/10/01 02:57:57.614, 180 MHz, 405 MHz, 0x0000000000000000, 11.41 W, 0 %, 31916 MiB
2026/10/01 02:57:58.128, 180 MHz, 405 MHz, 0x0000000000000000, 11.41 W, 0 %, 31916 MiB
2026/10/01 02:57:58.643, 180 MHz, 405 MHz, 0x0000000000000000, 11.09 W, 0 %, 31916 MiB
2026/10/01 02:57:59.154, 180 MHz, 405 MHz, 0x0000000000000000, 11.09 W, 0 %, 31916 MiB
2026/10/01 02:57:59.662, 180 MHz, 405 MHz, 0x0000000000000000, 10.98 W, 0 %, 31916 MiB
2026/10/01 02:58:00.171, 442 MHz, 810 MHz, 0x0000000000000000, 15.13 W, 100 %, 31916 MiB
2026/10/01 02:58:00.684, 2872 MHz, 13801 MHz, 0x0000000000000000, 295.41 W, 71 %, 31916 MiB
2026/10/01 02:58:01.193, 2865 MHz, 13801 MHz, 0x0000000000000000, 349.11 W, 74 %, 31916 MiB
2026/10/01 02:58:01.706, 2895 MHz, 13801 MHz, 0x0000000000000000, 373.21 W, 98 %, 31916 MiB
2026/10/01 02:58:02.218, 2887 MHz, 13801 MHz, 0x0000000000000000, 411.06 W, 99 %, 31916 MiB
2026/10/01 02:58:02.732, 2895 MHz, 13801 MHz, 0x0000000000000000, 425.60 W, 99 %, 31916 MiB
2026/10/01 02:58:03.242, 2887 MHz, 13801 MHz, 0x0000000000000000, 426.41 W, 99 %, 31916 MiB
2026/10/01 02:58:03.752, 2887 MHz, 13801 MHz, 0x0000000000000000, 424.02 W, 99 %, 31916 MiB
2026/10/01 02:58:04.262, 2895 MHz, 13801 MHz, 0x0000000000000000, 428.16 W, 92 %, 31916 MiB
2026/10/01 02:58:04.769, 2887 MHz, 13801 MHz, 0x0000000000000004, 412.37 W, 98 %, 31916 MiB
2026/10/01 02:58:05.280, 2880 MHz, 13801 MHz, 0x0000000000000000, 405.83 W, 96 %, 31916 MiB
2026/10/01 02:58:05.793, 2895 MHz, 13801 MHz, 0x0000000000000000, 384.06 W, 50 %, 31916 MiB
2026/10/01 02:58:06.304, 2895 MHz, 13801 MHz, 0x0000000000000000, 375.52 W, 91 %, 31916 MiB
2026/10/01 02:58:06.818, 2895 MHz, 13801 MHz, 0x0000000000000000, 365.46 W, 68 %, 31916 MiB
2026/10/01 02:58:07.328, 2895 MHz, 13801 MHz, 0x0000000000000000, 358.84 W, 91 %, 31916 MiB
2026/10/01 02:58:07.841, 2895 MHz, 13801 MHz, 0x0000000000000000, 393.16 W, 95 %, 31916 MiB
2026/10/01 02:58:08.352, 2902 MHz, 13801 MHz, 0x0000000000000000, 366.71 W, 60 %, 31916 MiB
2026/10/01 02:58:08.866, 2902 MHz, 13801 MHz, 0x0000000000000000, 318.46 W, 86 %, 31916 MiB
2026/10/01 02:58:09.379, 2895 MHz, 13801 MHz, 0x0000000000000000, 333.50 W, 58 %, 31916 MiB
2026/10/01 02:58:09.890, 2880 MHz, 13801 MHz, 0x0000000000000000, 381.85 W, 99 %, 31916 MiB
2026/10/01 02:58:10.401, 2895 MHz, 13801 MHz, 0x0000000000000000, 418.99 W, 99 %, 31916 MiB
2026/10/01 02:58:10.913, 2895 MHz, 13801 MHz, 0x0000000000000000, 427.72 W, 99 %, 31921 MiB
2026/10/01 02:58:11.422, 2887 MHz, 13801 MHz, 0x0000000000000004, 423.05 W, 99 %, 31921 MiB
2026/10/01 02:58:11.928, 2895 MHz, 13801 MHz, 0x0000000000000004, 421.58 W, 99 %, 31916 MiB
2026/10/01 02:58:12.437, 2902 MHz, 13801 MHz, 0x0000000000000000, 425.08 W, 99 %, 31916 MiB
2026/10/01 02:58:12.947, 2902 MHz, 13801 MHz, 0x0000000000000000, 420.66 W, 98 %, 31916 MiB
2026/10/01 02:58:13.454, 2910 MHz, 13801 MHz, 0x0000000000000000, 410.22 W, 99 %, 31916 MiB
2026/10/01 02:58:13.961, 2902 MHz, 13801 MHz, 0x0000000000000000, 394.98 W, 98 %, 31916 MiB
2026/10/01 02:58:14.469, 2910 MHz, 13801 MHz, 0x0000000000000000, 378.16 W, 98 %, 31916 MiB
2026/10/01 02:58:14.975, 2910 MHz, 13801 MHz, 0x0000000000000000, 350.87 W, 96 %, 31916 MiB
2026/10/01 02:58:15.489, 2880 MHz, 13801 MHz, 0x0000000000000000, 296.69 W, 60 %, 31916 MiB
2026/10/01 02:58:16.003, 2872 MHz, 13801 MHz, 0x0000000000000000, 298.93 W, 70 %, 31916 MiB
2026/10/01 02:58:16.513, 2872 MHz, 13801 MHz, 0x0000000000000000, 338.25 W, 72 %, 31916 MiB
2026/10/01 02:58:17.023, 2895 MHz, 13801 MHz, 0x0000000000000000, 377.86 W, 99 %, 31916 MiB
2026/10/01 02:58:17.534, 2887 MHz, 13801 MHz, 0x0000000000000004, 417.16 W, 99 %, 31916 MiB
2026/10/01 02:58:18.048, 2887 MHz, 13801 MHz, 0x0000000000000000, 430.28 W, 99 %, 31916 MiB
2026/10/01 02:58:18.559, 2895 MHz, 13801 MHz, 0x0000000000000004, 429.26 W, 99 %, 31916 MiB
2026/10/01 02:58:19.068, 2895 MHz, 13801 MHz, 0x0000000000000000, 426.97 W, 98 %, 31916 MiB
2026/10/01 02:58:19.578, 2880 MHz, 13801 MHz, 0x0000000000000004, 425.32 W, 98 %, 31916 MiB
2026/10/01 02:58:20.086, 2902 MHz, 13801 MHz, 0x0000000000000000, 418.58 W, 94 %, 31916 MiB
2026/10/01 02:58:20.598, 2895 MHz, 13801 MHz, 0x0000000000000000, 411.37 W, 78 %, 31916 MiB
2026/10/01 02:58:21.109, 2887 MHz, 13801 MHz, 0x0000000000000000, 388.28 W, 93 %, 31916 MiB
2026/10/01 02:58:21.619, 2902 MHz, 13801 MHz, 0x0000000000000000, 372.45 W, 93 %, 31916 MiB
2026/10/01 02:58:22.127, 2895 MHz, 13801 MHz, 0x0000000000000000, 357.62 W, 86 %, 31916 MiB
2026/10/01 02:58:22.636, 2902 MHz, 13801 MHz, 0x0000000000000000, 339.72 W, 95 %, 31916 MiB
2026/10/01 02:58:23.142, 2887 MHz, 13801 MHz, 0x0000000000000000, 351.01 W, 52 %, 31916 MiB
2026/10/01 02:58:23.653, 2895 MHz, 13801 MHz, 0x0000000000000000, 340.51 W, 79 %, 31916 MiB
2026/10/01 02:58:24.163, 2902 MHz, 13801 MHz, 0x0000000000000000, 306.13 W, 90 %, 31916 MiB
2026/10/01 02:58:24.671, 2902 MHz, 13801 MHz, 0x0000000000000000, 315.03 W, 82 %, 31916 MiB
2026/10/01 02:58:25.180, 2902 MHz, 13801 MHz, 0x0000000000000000, 338.55 W, 66 %, 31916 MiB
2026/10/01 02:58:25.693, 2895 MHz, 13801 MHz, 0x0000000000000004, 364.08 W, 84 %, 31916 MiB
2026/10/01 02:58:26.206, 2895 MHz, 13801 MHz, 0x0000000000000000, 368.83 W, 98 %, 31916 MiB
2026/10/01 02:58:26.714, 2895 MHz, 13801 MHz, 0x0000000000000000, 357.71 W, 84 %, 31916 MiB
2026/10/01 02:58:27.224, 2895 MHz, 13801 MHz, 0x0000000000000000, 371.95 W, 99 %, 31916 MiB
2026/10/01 02:58:27.734, 2895 MHz, 13801 MHz, 0x0000000000000000, 394.35 W, 76 %, 31916 MiB
2026/10/01 02:58:28.242, 2895 MHz, 13801 MHz, 0x0000000000000000, 374.63 W, 50 %, 31916 MiB
2026/10/01 02:58:28.748, 2880 MHz, 13801 MHz, 0x0000000000000000, 365.11 W, 91 %, 31916 MiB
2026/10/01 02:58:29.256, 2895 MHz, 13801 MHz, 0x0000000000000000, 367.79 W, 53 %, 31916 MiB
2026/10/01 02:58:29.764, 2895 MHz, 13801 MHz, 0x0000000000000000, 390.39 W, 89 %, 31916 MiB
2026/10/01 02:58:30.273, 2895 MHz, 13801 MHz, 0x0000000000000004, 356.54 W, 73 %, 31916 MiB
2026/10/01 02:58:30.779, 2902 MHz, 13801 MHz, 0x0000000000000000, 333.86 W, 59 %, 31916 MiB
2026/10/01 02:58:31.286, 2902 MHz, 13801 MHz, 0x0000000000000000, 322.12 W, 71 %, 31916 MiB
2026/10/01 02:58:31.791, 2902 MHz, 13801 MHz, 0x0000000000000000, 322.68 W, 80 %, 31916 MiB
2026/10/01 02:58:32.299, 2902 MHz, 13801 MHz, 0x0000000000000000, 320.71 W, 70 %, 31921 MiB
2026/10/01 02:58:32.804, 2902 MHz, 13801 MHz, 0x0000000000000000, 313.08 W, 77 %, 31921 MiB
2026/10/01 02:58:33.309, 2902 MHz, 13801 MHz, 0x0000000000000000, 334.43 W, 92 %, 31916 MiB
2026/10/01 02:58:33.819, 2902 MHz, 13801 MHz, 0x0000000000000000, 346.47 W, 74 %, 31916 MiB
2026/10/01 02:58:34.330, 2902 MHz, 13801 MHz, 0x0000000000000000, 338.02 W, 61 %, 31916 MiB
2026/10/01 02:58:34.838, 2880 MHz, 13801 MHz, 0x0000000000000000, 358.69 W, 92 %, 31916 MiB
2026/10/01 02:58:35.346, 2887 MHz, 13801 MHz, 0x0000000000000000, 390.59 W, 94 %, 31916 MiB
2026/10/01 02:58:35.853, 2895 MHz, 13801 MHz, 0x0000000000000000, 393.49 W, 85 %, 31916 MiB
2026/10/01 02:58:36.364, 2902 MHz, 13801 MHz, 0x0000000000000000, 374.61 W, 56 %, 31916 MiB
2026/10/01 02:58:36.875, 2887 MHz, 13801 MHz, 0x0000000000000000, 362.51 W, 87 %, 31916 MiB
2026/10/01 02:58:37.382, 2895 MHz, 13801 MHz, 0x0000000000000004, 372.56 W, 99 %, 31916 MiB
2026/10/01 02:58:37.892, 2895 MHz, 13801 MHz, 0x0000000000000000, 382.11 W, 67 %, 31916 MiB
2026/10/01 02:58:38.401, 2895 MHz, 13801 MHz, 0x0000000000000000, 378.51 W, 91 %, 31916 MiB
2026/10/01 02:58:38.910, 2902 MHz, 13801 MHz, 0x0000000000000000, 340.48 W, 41 %, 31916 MiB
2026/10/01 02:58:39.419, 2895 MHz, 13801 MHz, 0x0000000000000000, 334.70 W, 78 %, 31916 MiB
2026/10/01 02:58:39.925, 2887 MHz, 13801 MHz, 0x0000000000000000, 359.48 W, 99 %, 31916 MiB
2026/10/01 02:58:40.433, 2895 MHz, 13801 MHz, 0x0000000000000000, 373.23 W, 88 %, 31916 MiB
2026/10/01 02:58:40.945, 2895 MHz, 13801 MHz, 0x0000000000000004, 392.96 W, 92 %, 31916 MiB
2026/10/01 02:58:41.456, 2895 MHz, 13801 MHz, 0x0000000000000000, 378.10 W, 78 %, 31916 MiB
2026/10/01 02:58:41.970, 2887 MHz, 13801 MHz, 0x0000000000000000, 371.39 W, 94 %, 31916 MiB
2026/10/01 02:58:42.481, 2887 MHz, 13801 MHz, 0x0000000000000000, 376.97 W, 77 %, 31916 MiB
2026/10/01 02:58:42.993, 2880 MHz, 13801 MHz, 0x0000000000000000, 358.47 W, 91 %, 31916 MiB
2026/10/01 02:58:43.502, 2902 MHz, 13801 MHz, 0x0000000000000000, 329.89 W, 62 %, 31916 MiB
2026/10/01 02:58:44.014, 2895 MHz, 13801 MHz, 0x0000000000000000, 344.12 W, 85 %, 31916 MiB
2026/10/01 02:58:44.526, 2902 MHz, 13801 MHz, 0x0000000000000004, 344.21 W, 99 %, 31916 MiB
2026/10/01 02:58:45.039, 2887 MHz, 13801 MHz, 0x0000000000000000, 353.03 W, 93 %, 31916 MiB
2026/10/01 02:58:45.551, 2887 MHz, 13801 MHz, 0x0000000000000004, 383.10 W, 57 %, 31916 MiB
2026/10/01 02:58:46.061, 2887 MHz, 13801 MHz, 0x0000000000000000, 385.71 W, 83 %, 31916 MiB
2026/10/01 02:58:46.575, 2887 MHz, 13801 MHz, 0x0000000000000000, 372.34 W, 93 %, 31916 MiB
2026/10/01 02:58:47.085, 2887 MHz, 13801 MHz, 0x0000000000000000, 378.51 W, 93 %, 31916 MiB
2026/10/01 02:58:47.592, 2895 MHz, 13801 MHz, 0x0000000000000000, 388.44 W, 88 %, 31916 MiB
2026/10/01 02:58:48.100, 2902 MHz, 13801 MHz, 0x0000000000000000, 364.61 W, 81 %, 31916 MiB
2026/10/01 02:58:48.608, 2887 MHz, 13801 MHz, 0x0000000000000000, 372.64 W, 82 %, 31916 MiB
2026/10/01 02:58:49.120, 2895 MHz, 13801 MHz, 0x0000000000000000, 385.59 W, 87 %, 31916 MiB
2026/10/01 02:58:49.632, 2895 MHz, 13801 MHz, 0x0000000000000000, 358.54 W, 56 %, 31916 MiB
2026/10/01 02:58:50.144, 2887 MHz, 13801 MHz, 0x0000000000000000, 355.40 W, 62 %, 31916 MiB
2026/10/01 02:58:50.657, 2902 MHz, 13801 MHz, 0x0000000000000000, 338.48 W, 58 %, 31916 MiB
2026/10/01 02:58:51.166, 2895 MHz, 13801 MHz, 0x0000000000000000, 330.02 W, 77 %, 31916 MiB
2026/10/01 02:58:51.676, 2887 MHz, 13801 MHz, 0x0000000000000000, 357.99 W, 80 %, 31916 MiB
2026/10/01 02:58:52.184, 2895 MHz, 13801 MHz, 0x0000000000000000, 368.10 W, 71 %, 31916 MiB
2026/10/01 02:58:52.691, 2887 MHz, 13801 MHz, 0x0000000000000000, 345.02 W, 86 %, 31916 MiB
2026/10/01 02:58:53.204, 2887 MHz, 13801 MHz, 0x0000000000000000, 351.27 W, 58 %, 31916 MiB
2026/10/01 02:58:53.715, 2895 MHz, 13801 MHz, 0x0000000000000000, 327.53 W, 36 %, 31918 MiB
2026/10/01 02:58:54.225, 2895 MHz, 13801 MHz, 0x0000000000000000, 338.47 W, 88 %, 31918 MiB
2026/10/01 02:58:54.735, 2895 MHz, 13801 MHz, 0x0000000000000000, 346.20 W, 59 %, 31916 MiB
2026/10/01 02:58:55.245, 2887 MHz, 13801 MHz, 0x0000000000000000, 354.31 W, 57 %, 31916 MiB
2026/10/01 02:58:55.755, 2895 MHz, 13801 MHz, 0x0000000000000000, 369.16 W, 87 %, 31916 MiB
2026/10/01 02:58:56.265, 2887 MHz, 13801 MHz, 0x0000000000000000, 381.22 W, 62 %, 31916 MiB
2026/10/01 02:58:56.776, 2895 MHz, 13801 MHz, 0x0000000000000000, 371.23 W, 83 %, 31916 MiB
2026/10/01 02:58:57.283, 2895 MHz, 13801 MHz, 0x0000000000000000, 355.26 W, 95 %, 31916 MiB
2026/10/01 02:58:57.789, 2887 MHz, 13801 MHz, 0x0000000000000000, 364.48 W, 44 %, 31916 MiB
2026/10/01 02:58:58.301, 2895 MHz, 13801 MHz, 0x0000000000000000, 371.97 W, 72 %, 31916 MiB
2026/10/01 02:58:58.810, 2880 MHz, 13801 MHz, 0x0000000000000000, 374.27 W, 76 %, 31916 MiB
2026/10/01 02:58:59.317, 2895 MHz, 13801 MHz, 0x0000000000000000, 377.21 W, 66 %, 31916 MiB
2026/10/01 02:58:59.828, 2887 MHz, 13801 MHz, 0x0000000000000000, 370.11 W, 88 %, 31916 MiB
2026/10/01 02:59:00.338, 2895 MHz, 13801 MHz, 0x0000000000000000, 361.33 W, 82 %, 31916 MiB
2026/10/01 02:59:00.846, 2887 MHz, 13801 MHz, 0x0000000000000000, 352.85 W, 64 %, 31916 MiB
2026/10/01 02:59:01.357, 2887 MHz, 13801 MHz, 0x0000000000000004, 357.56 W, 86 %, 31916 MiB
2026/10/01 02:59:01.869, 2887 MHz, 13801 MHz, 0x0000000000000004, 358.02 W, 67 %, 31916 MiB
2026/10/01 02:59:02.376, 2895 MHz, 13801 MHz, 0x0000000000000000, 341.02 W, 54 %, 31916 MiB
2026/10/01 02:59:02.886, 2887 MHz, 13801 MHz, 0x0000000000000000, 351.37 W, 87 %, 31916 MiB
2026/10/01 02:59:03.399, 2887 MHz, 13801 MHz, 0x0000000000000004, 382.81 W, 93 %, 31916 MiB
2026/10/01 02:59:03.909, 2887 MHz, 13801 MHz, 0x0000000000000000, 370.29 W, 79 %, 31916 MiB
2026/10/01 02:59:04.419, 2887 MHz, 13801 MHz, 0x0000000000000000, 364.37 W, 93 %, 31916 MiB
2026/10/01 02:59:04.931, 2880 MHz, 13801 MHz, 0x0000000000000000, 373.40 W, 47 %, 31916 MiB
2026/10/01 02:59:05.439, 2887 MHz, 13801 MHz, 0x0000000000000000, 384.22 W, 89 %, 31916 MiB
2026/10/01 02:59:05.948, 2880 MHz, 13801 MHz, 0x0000000000000000, 358.45 W, 80 %, 31916 MiB
2026/10/01 02:59:06.459, 2887 MHz, 13801 MHz, 0x0000000000000000, 365.92 W, 82 %, 31916 MiB
2026/10/01 02:59:06.966, 2895 MHz, 13801 MHz, 0x0000000000000004, 367.57 W, 92 %, 31916 MiB
2026/10/01 02:59:07.476, 2887 MHz, 13801 MHz, 0x0000000000000000, 369.21 W, 86 %, 31916 MiB
2026/10/01 02:59:07.986, 2895 MHz, 13801 MHz, 0x0000000000000000, 394.75 W, 82 %, 31916 MiB
2026/10/01 02:59:08.496, 2895 MHz, 13801 MHz, 0x0000000000000000, 381.29 W, 92 %, 31916 MiB
2026/10/01 02:59:09.008, 2887 MHz, 13801 MHz, 0x0000000000000000, 362.85 W, 94 %, 31916 MiB
2026/10/01 02:59:09.520, 2887 MHz, 13801 MHz, 0x0000000000000000, 387.54 W, 77 %, 31916 MiB
2026/10/01 02:59:10.031, 2887 MHz, 13801 MHz, 0x0000000000000000, 384.28 W, 80 %, 31916 MiB
2026/10/01 02:59:10.543, 2880 MHz, 13801 MHz, 0x0000000000000000, 384.35 W, 85 %, 31916 MiB
2026/10/01 02:59:11.052, 2887 MHz, 13801 MHz, 0x0000000000000000, 399.35 W, 94 %, 31916 MiB
2026/10/01 02:59:11.563, 2887 MHz, 13801 MHz, 0x0000000000000000, 372.61 W, 89 %, 31916 MiB
2026/10/01 02:59:12.075, 2880 MHz, 13801 MHz, 0x0000000000000000, 350.81 W, 58 %, 31916 MiB
2026/10/01 02:59:12.583, 2895 MHz, 13801 MHz, 0x0000000000000000, 346.85 W, 51 %, 31916 MiB
2026/10/01 02:59:13.095, 2887 MHz, 13801 MHz, 0x0000000000000000, 350.14 W, 82 %, 31916 MiB
2026/10/01 02:59:13.606, 2887 MHz, 13801 MHz, 0x0000000000000000, 357.64 W, 64 %, 31916 MiB
2026/10/01 02:59:14.118, 2895 MHz, 13801 MHz, 0x0000000000000000, 344.68 W, 36 %, 31916 MiB
2026/10/01 02:59:14.631, 2887 MHz, 13801 MHz, 0x0000000000000000, 326.87 W, 49 %, 31918 MiB
2026/10/01 02:59:15.139, 2887 MHz, 13801 MHz, 0x0000000000000000, 342.90 W, 91 %, 31918 MiB
2026/10/01 02:59:15.649, 2887 MHz, 13801 MHz, 0x0000000000000004, 353.02 W, 87 %, 31916 MiB
2026/10/01 02:59:16.161, 2887 MHz, 13801 MHz, 0x0000000000000000, 372.98 W, 63 %, 31916 MiB
2026/10/01 02:59:16.674, 2895 MHz, 13801 MHz, 0x0000000000000000, 391.10 W, 77 %, 31916 MiB
2026/10/01 02:59:17.183, 2895 MHz, 13801 MHz, 0x0000000000000000, 383.90 W, 91 %, 31916 MiB
2026/10/01 02:59:17.693, 2887 MHz, 13801 MHz, 0x0000000000000000, 378.98 W, 62 %, 31916 MiB
2026/10/01 02:59:18.204, 2895 MHz, 13801 MHz, 0x0000000000000000, 361.87 W, 53 %, 31916 MiB
2026/10/01 02:59:18.716, 2887 MHz, 13801 MHz, 0x0000000000000000, 356.87 W, 89 %, 31916 MiB
2026/10/01 02:59:19.229, 2895 MHz, 13801 MHz, 0x0000000000000000, 365.09 W, 78 %, 31916 MiB
2026/10/01 02:59:19.738, 2887 MHz, 13801 MHz, 0x0000000000000000, 355.88 W, 46 %, 31916 MiB
2026/10/01 02:59:20.247, 2880 MHz, 13801 MHz, 0x0000000000000000, 363.89 W, 86 %, 31916 MiB
2026/10/01 02:59:20.760, 2887 MHz, 13801 MHz, 0x0000000000000000, 387.08 W, 94 %, 31916 MiB
2026/10/01 02:59:21.270, 2895 MHz, 13801 MHz, 0x0000000000000000, 388.58 W, 99 %, 31916 MiB
2026/10/01 02:59:21.780, 2880 MHz, 13801 MHz, 0x0000000000000000, 381.14 W, 92 %, 31916 MiB
2026/10/01 02:59:22.288, 2895 MHz, 13801 MHz, 0x0000000000000000, 386.36 W, 89 %, 31916 MiB
2026/10/01 02:59:22.798, 2887 MHz, 13801 MHz, 0x0000000000000000, 370.17 W, 43 %, 31916 MiB
2026/10/01 02:59:23.306, 2895 MHz, 13801 MHz, 0x0000000000000000, 352.66 W, 82 %, 31916 MiB
2026/10/01 02:59:23.816, 2887 MHz, 13801 MHz, 0x0000000000000000, 362.26 W, 92 %, 31916 MiB
2026/10/01 02:59:24.328, 2887 MHz, 13801 MHz, 0x0000000000000000, 356.73 W, 60 %, 31916 MiB
2026/10/01 02:59:24.836, 2887 MHz, 13801 MHz, 0x0000000000000000, 339.90 W, 81 %, 31916 MiB
2026/10/01 02:59:25.349, 2895 MHz, 13801 MHz, 0x0000000000000000, 351.41 W, 92 %, 31916 MiB
2026/10/01 02:59:25.856, 2887 MHz, 13801 MHz, 0x0000000000000000, 341.19 W, 43 %, 31916 MiB
2026/10/01 02:59:26.369, 2887 MHz, 13801 MHz, 0x0000000000000000, 357.32 W, 93 %, 31916 MiB
2026/10/01 02:59:26.879, 2895 MHz, 13801 MHz, 0x0000000000000000, 361.36 W, 91 %, 31916 MiB
2026/10/01 02:59:27.389, 2887 MHz, 13801 MHz, 0x0000000000000000, 374.58 W, 98 %, 31916 MiB
2026/10/01 02:59:27.898, 2887 MHz, 13801 MHz, 0x0000000000000000, 368.03 W, 91 %, 31916 MiB
2026/10/01 02:59:28.408, 2887 MHz, 13801 MHz, 0x0000000000000000, 358.50 W, 52 %, 31916 MiB
2026/10/01 02:59:28.923, 2887 MHz, 13801 MHz, 0x0000000000000000, 378.17 W, 73 %, 31916 MiB
2026/10/01 02:59:29.433, 2895 MHz, 13801 MHz, 0x0000000000000004, 366.68 W, 73 %, 31916 MiB
2026/10/01 02:59:29.946, 2880 MHz, 13801 MHz, 0x0000000000000000, 365.85 W, 88 %, 31916 MiB
2026/10/01 02:59:30.457, 2895 MHz, 13801 MHz, 0x0000000000000000, 366.21 W, 88 %, 31916 MiB
2026/10/01 02:59:30.968, 2887 MHz, 13801 MHz, 0x0000000000000004, 371.70 W, 94 %, 31916 MiB
2026/10/01 02:59:31.480, 2887 MHz, 13801 MHz, 0x0000000000000000, 378.86 W, 86 %, 31916 MiB
2026/10/01 02:59:31.990, 2895 MHz, 13801 MHz, 0x0000000000000000, 358.20 W, 48 %, 31916 MiB
2026/10/01 02:59:32.500, 2887 MHz, 13801 MHz, 0x0000000000000000, 345.48 W, 66 %, 31916 MiB
2026/10/01 02:59:33.010, 2887 MHz, 13801 MHz, 0x0000000000000000, 374.12 W, 90 %, 31916 MiB
2026/10/01 02:59:33.520, 2880 MHz, 13801 MHz, 0x0000000000000000, 382.20 W, 82 %, 31916 MiB
2026/10/01 02:59:34.028, 2887 MHz, 13801 MHz, 0x0000000000000004, 378.28 W, 95 %, 31916 MiB
2026/10/01 02:59:34.537, 2895 MHz, 13801 MHz, 0x0000000000000000, 370.64 W, 88 %, 31916 MiB
2026/10/01 02:59:35.045, 2895 MHz, 13801 MHz, 0x0000000000000000, 336.42 W, 60 %, 31916 MiB
2026/10/01 02:59:35.554, 2887 MHz, 13801 MHz, 0x0000000000000000, 337.76 W, 80 %, 31916 MiB
2026/10/01 02:59:36.062, 2887 MHz, 13801 MHz, 0x0000000000000000, 331.27 W, 80 %, 31921 MiB
2026/10/01 02:59:36.568, 2895 MHz, 13801 MHz, 0x0000000000000004, 311.02 W, 69 %, 31921 MiB
2026/10/01 02:59:37.075, 2895 MHz, 13801 MHz, 0x0000000000000000, 338.81 W, 87 %, 31916 MiB
2026/10/01 02:59:37.582, 2887 MHz, 13801 MHz, 0x0000000000000000, 380.40 W, 91 %, 31916 MiB
2026/10/01 02:59:38.090, 2895 MHz, 13801 MHz, 0x0000000000000000, 366.99 W, 51 %, 31916 MiB
2026/10/01 02:59:38.595, 2887 MHz, 13801 MHz, 0x0000000000000000, 355.14 W, 99 %, 31916 MiB
2026/10/01 02:59:39.105, 2887 MHz, 13801 MHz, 0x0000000000000000, 354.71 W, 95 %, 31916 MiB
2026/10/01 02:59:39.615, 2887 MHz, 13801 MHz, 0x0000000000000000, 365.04 W, 76 %, 31916 MiB
2026/10/01 02:59:40.124, 2887 MHz, 13801 MHz, 0x0000000000000000, 351.42 W, 90 %, 31916 MiB
2026/10/01 02:59:40.631, 2887 MHz, 13801 MHz, 0x0000000000000000, 354.98 W, 78 %, 31916 MiB
2026/10/01 02:59:41.137, 2887 MHz, 13801 MHz, 0x0000000000000000, 377.25 W, 98 %, 31916 MiB
2026/10/01 02:59:41.646, 2880 MHz, 13801 MHz, 0x0000000000000000, 365.94 W, 50 %, 31916 MiB
2026/10/01 02:59:42.158, 2887 MHz, 13801 MHz, 0x0000000000000004, 366.52 W, 54 %, 31916 MiB
2026/10/01 02:59:42.668, 2895 MHz, 13801 MHz, 0x0000000000000000, 339.54 W, 54 %, 31916 MiB
2026/10/01 02:59:43.180, 2895 MHz, 13801 MHz, 0x0000000000000000, 342.08 W, 71 %, 31916 MiB
2026/10/01 02:59:43.689, 2887 MHz, 13801 MHz, 0x0000000000000000, 369.56 W, 86 %, 31916 MiB
2026/10/01 02:59:44.199, 2887 MHz, 13801 MHz, 0x0000000000000000, 372.85 W, 86 %, 31916 MiB
2026/10/01 02:59:44.710, 2887 MHz, 13801 MHz, 0x0000000000000000, 393.04 W, 93 %, 31916 MiB
2026/10/01 02:59:45.219, 2880 MHz, 13801 MHz, 0x0000000000000000, 387.28 W, 92 %, 31916 MiB
2026/10/01 02:59:45.726, 2887 MHz, 13801 MHz, 0x0000000000000004, 371.07 W, 87 %, 31916 MiB
2026/10/01 02:59:46.239, 2880 MHz, 13801 MHz, 0x0000000000000000, 370.18 W, 70 %, 31916 MiB
2026/10/01 02:59:46.750, 2895 MHz, 13801 MHz, 0x0000000000000000, 377.18 W, 79 %, 31916 MiB
2026/10/01 02:59:47.259, 2887 MHz, 13801 MHz, 0x0000000000000000, 374.55 W, 86 %, 31916 MiB
2026/10/01 02:59:47.769, 2887 MHz, 13801 MHz, 0x0000000000000000, 362.91 W, 70 %, 31916 MiB
2026/10/01 02:59:48.281, 2887 MHz, 13801 MHz, 0x0000000000000000, 371.15 W, 90 %, 31916 MiB
2026/10/01 02:59:48.794, 2887 MHz, 13801 MHz, 0x0000000000000000, 369.86 W, 93 %, 31916 MiB
2026/10/01 02:59:49.303, 2887 MHz, 13801 MHz, 0x0000000000000000, 374.00 W, 80 %, 31916 MiB
2026/10/01 02:59:49.815, 2887 MHz, 13801 MHz, 0x0000000000000000, 365.58 W, 79 %, 31916 MiB
2026/10/01 02:59:50.325, 2880 MHz, 13801 MHz, 0x0000000000000000, 365.85 W, 86 %, 31916 MiB
2026/10/01 02:59:50.836, 2887 MHz, 13801 MHz, 0x0000000000000000, 367.91 W, 70 %, 31916 MiB
2026/10/01 02:59:51.349, 2887 MHz, 13801 MHz, 0x0000000000000000, 365.62 W, 59 %, 31916 MiB
2026/10/01 02:59:51.860, 2887 MHz, 13801 MHz, 0x0000000000000000, 385.68 W, 89 %, 31916 MiB
2026/10/01 02:59:52.376, 2925 MHz, 13801 MHz, 0x0000000000000000, 280.74 W, 0 %, 31916 MiB
2026/10/01 02:59:52.879, 2925 MHz, 13801 MHz, 0x0000000000000000, 143.75 W, 0 %, 31916 MiB
2026/10/01 02:59:53.379, 2925 MHz, 13801 MHz, 0x0000000000000000, 99.34 W, 0 %, 31916 MiB
2026/10/01 02:59:53.894, 2925 MHz, 13801 MHz, 0x0000000000000000, 94.69 W, 0 %, 31916 MiB
2026/10/01 02:59:54.407, 525 MHz, 7001 MHz, 0x0000000000000000, 68.99 W, 0 %, 31916 MiB
2026/10/01 02:59:54.920, 420 MHz, 7001 MHz, 0x0000000000000000, 39.89 W, 0 %, 31916 MiB
2026/10/01 02:59:55.435, 375 MHz, 7001 MHz, 0x0000000000000000, 37.87 W, 0 %, 31916 MiB
2026/10/01 02:59:55.950, 375 MHz, 7001 MHz, 0x0000000000000000, 37.87 W, 0 %, 31916 MiB
2026/10/01 02:59:56.466, 232 MHz, 7001 MHz, 0x0000000000000000, 36.80 W, 0 %, 31916 MiB
2026/10/01 02:59:56.980, 232 MHz, 7001 MHz, 0x0000000000000000, 36.80 W, 0 %, 31921 MiB
2026/10/01 02:59:57.489, 202 MHz, 810 MHz, 0x0000000000000000, 35.80 W, 0 %, 31921 MiB
2026/10/01 02:59:58.001, 180 MHz, 810 MHz, 0x0000000000000000, 31.84 W, 0 %, 31916 MiB
2026/10/01 02:59:58.516, 180 MHz, 810 MHz, 0x0000000000000000, 20.90 W, 0 %, 31916 MiB
2026/10/01 02:59:59.019, 180 MHz, 810 MHz, 0x0000000000000000, 19.39 W, 0 %, 31916 MiB
2026/10/01 02:59:59.532, 180 MHz, 810 MHz, 0x0000000000000000, 19.39 W, 0 %, 31916 MiB
2026/10/01 03:00:00.046, 180 MHz, 810 MHz, 0x0000000000000000, 12.88 W, 0 %, 31916 MiB
2026/10/01 03:00:00.560, 180 MHz, 405 MHz, 0x0000000000000000, 12.88 W, 0 %, 31916 MiB
2026/10/01 03:00:01.075, 180 MHz, 405 MHz, 0x0000000000000000, 12.83 W, 0 %, 31916 MiB
2026/10/01 03:00:01.589, 180 MHz, 405 MHz, 0x0000000000000000, 12.83 W, 0 %, 31916 MiB
2026/10/01 03:00:02.100, 180 MHz, 405 MHz, 0x0000000000000000, 12.46 W, 0 %, 31916 MiB
2026/10/01 03:00:02.613, 180 MHz, 405 MHz, 0x0000000000000000, 12.46 W, 0 %, 31916 MiB
2026/10/01 03:00:03.115, 180 MHz, 405 MHz, 0x0000000000000000, 12.39 W, 0 %, 31916 MiB
2026/10/01 03:00:03.629, 180 MHz, 405 MHz, 0x0000000000000000, 12.39 W, 0 %, 31916 MiB
2026/10/01 03:00:04.141, 180 MHz, 405 MHz, 0x0000000000000000, 12.49 W, 0 %, 31916 MiB
2026/10/01 03:00:04.654, 180 MHz, 405 MHz, 0x0000000000000000, 12.49 W, 0 %, 31916 MiB
2026/10/01 03:00:05.169, 180 MHz, 405 MHz, 0x0000000000000000, 12.41 W, 0 %, 31916 MiB
2026/10/01 03:00:05.684, 180 MHz, 405 MHz, 0x0000000000000000, 12.41 W, 0 %, 31916 MiB
2026/10/01 03:00:06.198, 180 MHz, 405 MHz, 0x0000000000000000, 12.11 W, 0 %, 31916 MiB
2026/10/01 03:00:06.713, 180 MHz, 405 MHz, 0x0000000000000000, 11.99 W, 0 %, 31916 MiB
2026/10/01 03:00:07.226, 180 MHz, 405 MHz, 0x0000000000000000, 11.99 W, 0 %, 31916 MiB
2026/10/01 03:00:07.741, 180 MHz, 405 MHz, 0x0000000000000000, 11.96 W, 0 %, 31916 MiB
2026/10/01 03:00:08.255, 1732 MHz, 810 MHz, 0x0000000000000000, 41.48 W, 100 %, 31916 MiB
2026/10/01 03:00:08.767, 2910 MHz, 13801 MHz, 0x0000000000000000, 115.74 W, 95 %, 31916 MiB
2026/10/01 03:00:09.282, 2910 MHz, 13801 MHz, 0x0000000000000000, 340.30 W, 96 %, 31916 MiB
2026/10/01 03:00:09.797, 2910 MHz, 13801 MHz, 0x0000000000000000, 338.92 W, 93 %, 31916 MiB
2026/10/01 03:00:10.309, 2910 MHz, 13801 MHz, 0x0000000000000000, 340.30 W, 95 %, 31916 MiB
2026/10/01 03:00:10.824, 2910 MHz, 13801 MHz, 0x0000000000000000, 344.52 W, 95 %, 31916 MiB
2026/10/01 03:00:11.337, 2910 MHz, 13801 MHz, 0x0000000000000000, 341.12 W, 96 %, 31916 MiB
2026/10/01 03:00:11.838, 2910 MHz, 13801 MHz, 0x0000000000000000, 342.02 W, 96 %, 31916 MiB
2026/10/01 03:00:12.339, 2910 MHz, 13801 MHz, 0x0000000000000000, 347.01 W, 95 %, 31916 MiB
2026/10/01 03:00:12.853, 2910 MHz, 13801 MHz, 0x0000000000000000, 342.68 W, 95 %, 31916 MiB
2026/10/01 03:00:13.367, 2910 MHz, 13801 MHz, 0x0000000000000000, 341.37 W, 96 %, 31916 MiB
2026/10/01 03:00:13.881, 2910 MHz, 13801 MHz, 0x0000000000000000, 344.70 W, 95 %, 31916 MiB
2026/10/01 03:00:14.395, 2910 MHz, 13801 MHz, 0x0000000000000000, 336.17 W, 95 %, 31916 MiB
2026/10/01 03:00:14.896, 2910 MHz, 13801 MHz, 0x0000000000000000, 336.72 W, 95 %, 31916 MiB
2026/10/01 03:00:15.411, 2910 MHz, 13801 MHz, 0x0000000000000000, 343.75 W, 79 %, 31916 MiB
2026/10/01 03:00:15.912, 2910 MHz, 13801 MHz, 0x0000000000000000, 343.06 W, 95 %, 31916 MiB
2026/10/01 03:00:16.426, 2910 MHz, 13801 MHz, 0x0000000000000000, 343.80 W, 95 %, 31916 MiB
2026/10/01 03:00:16.939, 2910 MHz, 13801 MHz, 0x0000000000000000, 342.82 W, 95 %, 31916 MiB
2026/10/01 03:00:17.440, 2910 MHz, 13801 MHz, 0x0000000000000000, 342.82 W, 96 %, 31916 MiB
2026/10/01 03:00:17.953, 2910 MHz, 13801 MHz, 0x0000000000000000, 346.28 W, 96 %, 31921 MiB
2026/10/01 03:00:29.047, 180 MHz, 405 MHz, 0x0000000000000000, 11.64 W, 0 %, 31916 MiB
2026/10/01 03:00:29.550, 420 MHz, 405 MHz, 0x0000000000000000, 22.15 W, 100 %, 31916 MiB
2026/10/01 03:00:30.051, 2910 MHz, 13801 MHz, 0x0000000000000000, 150.30 W, 95 %, 31916 MiB
2026/10/01 03:00:30.565, 2910 MHz, 13801 MHz, 0x0000000000000000, 338.45 W, 96 %, 31916 MiB
2026/10/01 03:00:31.080, 2910 MHz, 13801 MHz, 0x0000000000000000, 339.15 W, 88 %, 31916 MiB
2026/10/01 03:00:31.580, 2910 MHz, 13801 MHz, 0x0000000000000000, 340.96 W, 96 %, 31916 MiB
2026/10/01 03:00:32.093, 2910 MHz, 13801 MHz, 0x0000000000000000, 342.06 W, 95 %, 31916 MiB
2026/10/01 03:00:32.594, 2910 MHz, 13801 MHz, 0x0000000000000000, 335.11 W, 94 %, 31916 MiB
2026/10/01 03:00:33.107, 2910 MHz, 13801 MHz, 0x0000000000000000, 337.11 W, 96 %, 31916 MiB
2026/10/01 03:00:33.620, 2910 MHz, 13801 MHz, 0x0000000000000000, 344.61 W, 95 %, 31916 MiB
2026/10/01 03:00:34.133, 2910 MHz, 13801 MHz, 0x0000000000000000, 339.62 W, 94 %, 31916 MiB
2026/10/01 03:00:34.634, 2910 MHz, 13801 MHz, 0x0000000000000000, 339.50 W, 96 %, 31916 MiB
2026/10/01 03:00:35.135, 2910 MHz, 13801 MHz, 0x0000000000000000, 344.47 W, 96 %, 31916 MiB
2026/10/01 03:00:35.651, 2910 MHz, 13801 MHz, 0x0000000000000000, 337.36 W, 96 %, 31916 MiB
2026/10/01 03:00:36.165, 2910 MHz, 13801 MHz, 0x0000000000000000, 338.57 W, 96 %, 31916 MiB
2026/10/01 03:00:36.679, 2910 MHz, 13801 MHz, 0x0000000000000000, 345.72 W, 94 %, 31916 MiB
2026/10/01 03:00:37.192, 2910 MHz, 13801 MHz, 0x0000000000000000, 341.01 W, 95 %, 31916 MiB
2026/10/01 03:00:37.703, 2910 MHz, 13801 MHz, 0x0000000000000000, 341.91 W, 96 %, 31916 MiB
2026/10/01 03:00:38.205, 2910 MHz, 13801 MHz, 0x0000000000000000, 338.49 W, 95 %, 31916 MiB
2026/10/01 03:00:38.718, 2910 MHz, 13801 MHz, 0x0000000000000000, 338.45 W, 96 %, 31916 MiB
2026/10/01 03:00:39.218, 2910 MHz, 13801 MHz, 0x0000000000000000, 304.48 W, 0 %, 31921 MiB
2026/10/01 03:00:39.731, 2925 MHz, 13801 MHz, 0x0000000000000000, 178.41 W, 0 %, 31916 MiB
2026/10/01 03:00:40.245, 2925 MHz, 13801 MHz, 0x0000000000000000, 94.19 W, 0 %, 31916 MiB
2026/10/01 03:00:40.760, 2925 MHz, 13801 MHz, 0x0000000000000000, 93.64 W, 0 %, 31916 MiB
2026/10/01 03:00:41.274, 682 MHz, 13801 MHz, 0x0000000000000000, 72.51 W, 0 %, 31916 MiB
2026/10/01 03:00:41.775, 540 MHz, 7001 MHz, 0x0000000000000000, 44.39 W, 0 %, 31916 MiB
2026/10/01 03:00:42.287, 427 MHz, 7001 MHz, 0x0000000000000000, 36.36 W, 0 %, 31916 MiB
2026/10/01 03:00:42.799, 337 MHz, 810 MHz, 0x0000000000000000, 34.60 W, 0 %, 31916 MiB
2026/10/01 03:00:43.312, 262 MHz, 810 MHz, 0x0000000000000000, 27.22 W, 0 %, 31916 MiB
2026/10/01 03:00:43.827, 262 MHz, 810 MHz, 0x0000000000000000, 27.22 W, 0 %, 31916 MiB
2026/10/01 03:00:44.336, 262 MHz, 810 MHz, 0x0000000000000000, 16.20 W, 0 %, 31916 MiB
2026/10/01 03:00:44.846, 180 MHz, 810 MHz, 0x0000000000000000, 16.20 W, 0 %, 31916 MiB
2026/10/01 03:00:45.361, 180 MHz, 810 MHz, 0x0000000000000000, 11.57 W, 0 %, 31916 MiB
2026/10/01 03:00:45.876, 180 MHz, 405 MHz, 0x0000000000000000, 11.57 W, 0 %, 31916 MiB
2026/10/01 03:00:46.387, 180 MHz, 405 MHz, 0x0000000000000000, 11.29 W, 0 %, 31916 MiB
2026/10/01 03:00:46.895, 180 MHz, 405 MHz, 0x0000000000000000, 11.29 W, 0 %, 31916 MiB
2026/10/01 03:00:47.408, 180 MHz, 405 MHz, 0x0000000000000000, 11.16 W, 0 %, 31916 MiB
2026/10/01 03:00:47.919, 180 MHz, 405 MHz, 0x0000000000000000, 11.16 W, 0 %, 31916 MiB
2026/10/01 03:00:48.430, 180 MHz, 405 MHz, 0x0000000000000000, 11.27 W, 0 %, 31916 MiB
2026/10/01 03:00:48.930, 180 MHz, 405 MHz, 0x0000000000000000, 11.27 W, 0 %, 31916 MiB
2026/10/01 03:00:49.445, 180 MHz, 405 MHz, 0x0000000000000000, 11.31 W, 0 %, 31916 MiB
2026/10/01 03:00:49.955, 180 MHz, 405 MHz, 0x0000000000000000, 11.31 W, 0 %, 31916 MiB
2026/10/01 03:00:50.470, 180 MHz, 405 MHz, 0x0000000000000000, 11.25 W, 0 %, 31916 MiB
2026/10/01 03:00:50.986, 180 MHz, 405 MHz, 0x0000000000000000, 11.25 W, 0 %, 31916 MiB
2026/10/01 03:00:51.497, 180 MHz, 405 MHz, 0x0000000000000000, 11.10 W, 0 %, 31916 MiB
2026/10/01 03:00:52.003, 2617 MHz, 13801 MHz, 0x0000000000000000, 49.69 W, 59 %, 31916 MiB
2026/10/01 03:00:52.515, 2880 MHz, 13801 MHz, 0x0000000000000000, 199.72 W, 60 %, 31916 MiB
2026/10/01 03:00:53.031, 2872 MHz, 13801 MHz, 0x0000000000000000, 299.46 W, 65 %, 31916 MiB
2026/10/01 03:00:53.543, 2872 MHz, 13801 MHz, 0x0000000000000000, 326.58 W, 67 %, 31916 MiB
2026/10/01 03:00:54.055, 2902 MHz, 13801 MHz, 0x0000000000000000, 366.30 W, 99 %, 31916 MiB
2026/10/01 03:00:54.566, 2895 MHz, 13801 MHz, 0x0000000000000004, 411.81 W, 99 %, 31916 MiB
2026/10/01 03:00:55.075, 2895 MHz, 13801 MHz, 0x0000000000000000, 424.56 W, 99 %, 31916 MiB
2026/10/01 03:00:55.587, 2895 MHz, 13801 MHz, 0x0000000000000004, 424.26 W, 99 %, 31916 MiB
2026/10/01 03:00:56.098, 2902 MHz, 13801 MHz, 0x0000000000000000, 424.28 W, 99 %, 31916 MiB
2026/10/01 03:00:56.609, 2895 MHz, 13801 MHz, 0x0000000000000000, 417.58 W, 90 %, 31916 MiB
2026/10/01 03:00:57.118, 2902 MHz, 13801 MHz, 0x0000000000000004, 399.67 W, 92 %, 31916 MiB
2026/10/01 03:00:57.630, 2895 MHz, 13801 MHz, 0x0000000000000000, 402.80 W, 94 %, 31916 MiB
2026/10/01 03:00:58.143, 2902 MHz, 13801 MHz, 0x0000000000000000, 404.00 W, 63 %, 31916 MiB
2026/10/01 03:00:58.656, 2895 MHz, 13801 MHz, 0x0000000000000000, 360.61 W, 52 %, 31916 MiB
2026/10/01 03:00:59.166, 2902 MHz, 13801 MHz, 0x0000000000000000, 314.85 W, 89 %, 31916 MiB
2026/10/01 03:00:59.676, 2895 MHz, 13801 MHz, 0x0000000000000000, 311.97 W, 47 %, 31916 MiB
2026/10/01 03:01:00.189, 2902 MHz, 13801 MHz, 0x0000000000000000, 336.66 W, 87 %, 31921 MiB
2026/10/01 03:01:00.700, 2895 MHz, 13801 MHz, 0x0000000000000000, 354.17 W, 71 %, 31921 MiB
2026/10/01 03:01:01.211, 2895 MHz, 13801 MHz, 0x0000000000000000, 318.28 W, 64 %, 31916 MiB
2026/10/01 03:01:01.724, 2895 MHz, 13801 MHz, 0x0000000000000000, 331.53 W, 74 %, 31916 MiB
2026/10/01 03:01:02.233, 2887 MHz, 13801 MHz, 0x0000000000000000, 345.00 W, 67 %, 31916 MiB
2026/10/01 03:01:02.742, 2895 MHz, 13801 MHz, 0x0000000000000000, 373.57 W, 95 %, 31916 MiB
2026/10/01 03:01:03.254, 2887 MHz, 13801 MHz, 0x0000000000000000, 408.56 W, 99 %, 31916 MiB
2026/10/01 03:01:03.764, 2902 MHz, 13801 MHz, 0x0000000000000000, 392.00 W, 60 %, 31916 MiB
2026/10/01 03:01:04.278, 2895 MHz, 13801 MHz, 0x0000000000000000, 373.28 W, 95 %, 31916 MiB
2026/10/01 03:01:04.790, 2895 MHz, 13801 MHz, 0x0000000000000000, 386.09 W, 84 %, 31916 MiB
2026/10/01 03:01:05.301, 2902 MHz, 13801 MHz, 0x0000000000000000, 388.08 W, 89 %, 31916 MiB
2026/10/01 03:01:05.814, 2895 MHz, 13801 MHz, 0x0000000000000000, 342.13 W, 81 %, 31916 MiB
2026/10/01 03:01:06.329, 2902 MHz, 13801 MHz, 0x0000000000000000, 334.36 W, 51 %, 31916 MiB
2026/10/01 03:01:06.839, 2895 MHz, 13801 MHz, 0x0000000000000004, 359.39 W, 85 %, 31916 MiB
2026/10/01 03:01:07.351, 2895 MHz, 13801 MHz, 0x0000000000000000, 378.36 W, 91 %, 31916 MiB
2026/10/01 03:01:07.864, 2895 MHz, 13801 MHz, 0x0000000000000000, 371.24 W, 77 %, 31916 MiB
2026/10/01 03:01:08.377, 2902 MHz, 13801 MHz, 0x0000000000000000, 374.61 W, 90 %, 31916 MiB
2026/10/01 03:01:08.887, 2895 MHz, 13801 MHz, 0x0000000000000000, 360.64 W, 91 %, 31916 MiB
2026/10/01 03:01:09.401, 2895 MHz, 13801 MHz, 0x0000000000000000, 351.55 W, 63 %, 31916 MiB
2026/10/01 03:01:09.911, 2895 MHz, 13801 MHz, 0x0000000000000000, 355.52 W, 89 %, 31916 MiB
2026/10/01 03:01:10.424, 2887 MHz, 13801 MHz, 0x0000000000000000, 372.04 W, 65 %, 31916 MiB
2026/10/01 03:01:10.937, 2895 MHz, 13801 MHz, 0x0000000000000000, 378.86 W, 93 %, 31916 MiB
2026/10/01 03:01:11.449, 2902 MHz, 13801 MHz, 0x0000000000000000, 360.91 W, 81 %, 31916 MiB
2026/10/01 03:01:11.964, 2895 MHz, 13801 MHz, 0x0000000000000000, 368.95 W, 87 %, 31916 MiB
2026/10/01 03:01:12.475, 2902 MHz, 13801 MHz, 0x0000000000000000, 381.13 W, 63 %, 31916 MiB
2026/10/01 03:01:12.985, 2887 MHz, 13801 MHz, 0x0000000000000000, 378.39 W, 64 %, 31916 MiB
2026/10/01 03:01:13.494, 2887 MHz, 13801 MHz, 0x0000000000000000, 376.52 W, 94 %, 31916 MiB
2026/10/01 03:01:14.008, 2895 MHz, 13801 MHz, 0x0000000000000000, 385.69 W, 91 %, 31916 MiB
2026/10/01 03:01:14.520, 2902 MHz, 13801 MHz, 0x0000000000000000, 388.94 W, 91 %, 31916 MiB
2026/10/01 03:01:15.031, 2902 MHz, 13801 MHz, 0x0000000000000000, 375.66 W, 59 %, 31916 MiB
2026/10/01 03:01:15.543, 2895 MHz, 13801 MHz, 0x0000000000000000, 364.34 W, 68 %, 31916 MiB
2026/10/01 03:01:16.053, 2902 MHz, 13801 MHz, 0x0000000000000000, 363.42 W, 91 %, 31916 MiB
2026/10/01 03:01:16.562, 2895 MHz, 13801 MHz, 0x0000000000000004, 384.87 W, 92 %, 31916 MiB
2026/10/01 03:01:17.070, 2887 MHz, 13801 MHz, 0x0000000000000000, 410.33 W, 99 %, 31916 MiB
2026/10/01 03:01:17.581, 2887 MHz, 13801 MHz, 0x0000000000000000, 427.91 W, 99 %, 31916 MiB
2026/10/01 03:01:18.088, 2887 MHz, 13801 MHz, 0x0000000000000000, 431.10 W, 99 %, 31916 MiB
2026/10/01 03:01:18.601, 2895 MHz, 13801 MHz, 0x0000000000000000, 430.01 W, 99 %, 31916 MiB
2026/10/01 03:01:19.110, 2902 MHz, 13801 MHz, 0x0000000000000000, 424.35 W, 99 %, 31916 MiB
2026/10/01 03:01:19.618, 2902 MHz, 13801 MHz, 0x0000000000000000, 415.40 W, 98 %, 31916 MiB
2026/10/01 03:01:20.124, 2910 MHz, 13801 MHz, 0x0000000000000000, 398.65 W, 99 %, 31916 MiB
2026/10/01 03:01:20.632, 2902 MHz, 13801 MHz, 0x0000000000000000, 385.26 W, 98 %, 31916 MiB
2026/10/01 03:01:21.139, 2910 MHz, 13801 MHz, 0x0000000000000000, 375.44 W, 98 %, 31916 MiB
2026/10/01 03:01:21.645, 2917 MHz, 13801 MHz, 0x0000000000000000, 314.59 W, 35 %, 31918 MiB
2026/10/01 03:01:22.155, 2880 MHz, 13801 MHz, 0x0000000000000000, 265.74 W, 35 %, 31916 MiB
2026/10/01 03:01:22.669, 2872 MHz, 13801 MHz, 0x0000000000000000, 279.10 W, 64 %, 31916 MiB
2026/10/01 03:01:23.179, 2865 MHz, 13801 MHz, 0x0000000000000000, 331.65 W, 71 %, 31916 MiB
2026/10/01 03:01:23.685, 2887 MHz, 13801 MHz, 0x0000000000000000, 363.49 W, 99 %, 31916 MiB
2026/10/01 03:01:24.194, 2880 MHz, 13801 MHz, 0x0000000000000004, 408.10 W, 99 %, 31916 MiB
2026/10/01 03:01:24.701, 2880 MHz, 13801 MHz, 0x0000000000000000, 434.19 W, 99 %, 31916 MiB
2026/10/01 03:01:25.212, 2887 MHz, 13801 MHz, 0x0000000000000000, 433.23 W, 99 %, 31916 MiB
2026/10/01 03:01:25.720, 2872 MHz, 13801 MHz, 0x0000000000000000, 430.50 W, 97 %, 31916 MiB
2026/10/01 03:01:26.230, 2895 MHz, 13801 MHz, 0x0000000000000000, 412.94 W, 99 %, 31916 MiB
2026/10/01 03:01:26.741, 2895 MHz, 13801 MHz, 0x0000000000000000, 399.48 W, 94 %, 31916 MiB
2026/10/01 03:01:27.249, 2895 MHz, 13801 MHz, 0x0000000000000000, 400.71 W, 99 %, 31916 MiB
2026/10/01 03:01:27.757, 2895 MHz, 13801 MHz, 0x0000000000000000, 368.86 W, 76 %, 31916 MiB
2026/10/01 03:01:28.268, 2895 MHz, 13801 MHz, 0x0000000000000000, 330.60 W, 46 %, 31916 MiB
2026/10/01 03:01:28.778, 2902 MHz, 13801 MHz, 0x0000000000000000, 325.72 W, 44 %, 31916 MiB
2026/10/01 03:01:29.289, 2895 MHz, 13801 MHz, 0x0000000000000000, 344.96 W, 86 %, 31916 MiB
2026/10/01 03:01:29.798, 2895 MHz, 13801 MHz, 0x0000000000000000, 360.73 W, 79 %, 31916 MiB
2026/10/01 03:01:30.309, 2895 MHz, 13801 MHz, 0x0000000000000000, 355.19 W, 67 %, 31916 MiB
2026/10/01 03:01:30.823, 2895 MHz, 13801 MHz, 0x0000000000000000, 331.66 W, 66 %, 31916 MiB
2026/10/01 03:01:31.336, 2902 MHz, 13801 MHz, 0x0000000000000000, 315.17 W, 89 %, 31916 MiB
2026/10/01 03:01:31.849, 2895 MHz, 13801 MHz, 0x0000000000000000, 331.39 W, 91 %, 31916 MiB
2026/10/01 03:01:32.358, 2902 MHz, 13801 MHz, 0x0000000000000000, 350.11 W, 88 %, 31916 MiB
2026/10/01 03:01:32.869, 2887 MHz, 13801 MHz, 0x0000000000000000, 345.52 W, 56 %, 31916 MiB
2026/10/01 03:01:33.379, 2887 MHz, 13801 MHz, 0x0000000000000000, 374.48 W, 75 %, 31916 MiB
2026/10/01 03:01:33.888, 2887 MHz, 13801 MHz, 0x0000000000000000, 385.77 W, 68 %, 31916 MiB
2026/10/01 03:01:34.401, 2895 MHz, 13801 MHz, 0x0000000000000000, 375.63 W, 97 %, 31916 MiB
2026/10/01 03:01:34.911, 2887 MHz, 13801 MHz, 0x0000000000000000, 381.94 W, 99 %, 31916 MiB
2026/10/01 03:01:35.420, 2880 MHz, 13801 MHz, 0x0000000000000000, 396.12 W, 84 %, 31916 MiB
2026/10/01 03:01:35.930, 2895 MHz, 13801 MHz, 0x0000000000000000, 388.61 W, 87 %, 31916 MiB
2026/10/01 03:01:36.444, 2887 MHz, 13801 MHz, 0x0000000000000000, 377.94 W, 76 %, 31918 MiB
2026/10/01 03:01:36.959, 2895 MHz, 13801 MHz, 0x0000000000000000, 373.46 W, 85 %, 31916 MiB
2026/10/01 03:01:37.472, 2902 MHz, 13801 MHz, 0x0000000000000000, 337.76 W, 55 %, 31916 MiB
2026/10/01 03:01:37.982, 2887 MHz, 13801 MHz, 0x0000000000000000, 330.54 W, 86 %, 31916 MiB
2026/10/01 03:01:38.489, 2895 MHz, 13801 MHz, 0x0000000000000000, 369.72 W, 76 %, 31916 MiB
2026/10/01 03:01:39.000, 2887 MHz, 13801 MHz, 0x0000000000000000, 371.60 W, 69 %, 31918 MiB
2026/10/01 03:01:39.509, 2895 MHz, 13801 MHz, 0x0000000000000000, 349.92 W, 61 %, 31916 MiB
2026/10/01 03:01:40.019, 2895 MHz, 13801 MHz, 0x0000000000000000, 355.91 W, 81 %, 31916 MiB
2026/10/01 03:01:40.534, 2880 MHz, 13801 MHz, 0x0000000000000000, 381.90 W, 68 %, 31916 MiB
2026/10/01 03:01:41.042, 2895 MHz, 13801 MHz, 0x0000000000000000, 364.53 W, 63 %, 31916 MiB
2026/10/01 03:01:41.553, 2880 MHz, 13801 MHz, 0x0000000000000000, 348.78 W, 89 %, 31916 MiB
2026/10/01 03:01:42.064, 2895 MHz, 13801 MHz, 0x0000000000000000, 371.33 W, 85 %, 31916 MiB
2026/10/01 03:01:42.573, 2887 MHz, 13801 MHz, 0x0000000000000000, 378.11 W, 85 %, 31916 MiB
2026/10/01 03:01:43.084, 2895 MHz, 13801 MHz, 0x0000000000000000, 343.14 W, 37 %, 31921 MiB
2026/10/01 03:01:43.590, 2887 MHz, 13801 MHz, 0x0000000000000000, 354.68 W, 91 %, 31916 MiB
2026/10/01 03:01:44.102, 2887 MHz, 13801 MHz, 0x0000000000000000, 361.44 W, 87 %, 31916 MiB
2026/10/01 03:01:44.612, 2895 MHz, 13801 MHz, 0x0000000000000000, 361.39 W, 64 %, 31916 MiB
2026/10/01 03:01:45.126, 2895 MHz, 13801 MHz, 0x0000000000000000, 358.67 W, 80 %, 31916 MiB
2026/10/01 03:01:45.635, 2887 MHz, 13801 MHz, 0x0000000000000000, 388.61 W, 91 %, 31916 MiB
2026/10/01 03:01:46.142, 2895 MHz, 13801 MHz, 0x0000000000000004, 397.82 W, 93 %, 31916 MiB
2026/10/01 03:01:46.650, 2902 MHz, 13801 MHz, 0x0000000000000000, 372.38 W, 88 %, 31916 MiB
2026/10/01 03:01:47.158, 2895 MHz, 13801 MHz, 0x0000000000000000, 349.83 W, 41 %, 31916 MiB
2026/10/01 03:01:47.668, 2887 MHz, 13801 MHz, 0x0000000000000000, 350.30 W, 77 %, 31916 MiB
2026/10/01 03:01:48.181, 2895 MHz, 13801 MHz, 0x0000000000000000, 354.75 W, 60 %, 31916 MiB
2026/10/01 03:01:48.691, 2880 MHz, 13801 MHz, 0x0000000000000000, 361.99 W, 64 %, 31916 MiB
2026/10/01 03:01:49.199, 2887 MHz, 13801 MHz, 0x0000000000000000, 356.80 W, 85 %, 31916 MiB
2026/10/01 03:01:49.711, 2895 MHz, 13801 MHz, 0x0000000000000000, 352.98 W, 78 %, 31916 MiB
2026/10/01 03:01:50.217, 2895 MHz, 13801 MHz, 0x0000000000000004, 369.12 W, 87 %, 31916 MiB
2026/10/01 03:01:50.725, 2880 MHz, 13801 MHz, 0x0000000000000000, 372.26 W, 92 %, 31916 MiB
2026/10/01 03:01:51.232, 2887 MHz, 13801 MHz, 0x0000000000000000, 360.14 W, 92 %, 31916 MiB
2026/10/01 03:01:51.741, 2887 MHz, 13801 MHz, 0x0000000000000000, 363.82 W, 66 %, 31916 MiB
2026/10/01 03:01:52.248, 2872 MHz, 13801 MHz, 0x0000000000000004, 378.73 W, 90 %, 31916 MiB
2026/10/01 03:01:52.758, 2895 MHz, 13801 MHz, 0x0000000000000000, 363.27 W, 79 %, 31916 MiB
2026/10/01 03:01:53.265, 2895 MHz, 13801 MHz, 0x0000000000000000, 341.92 W, 78 %, 31916 MiB
2026/10/01 03:01:53.773, 2880 MHz, 13801 MHz, 0x0000000000000000, 352.34 W, 80 %, 31916 MiB
2026/10/01 03:01:54.282, 2887 MHz, 13801 MHz, 0x0000000000000000, 380.10 W, 85 %, 31916 MiB
2026/10/01 03:01:54.789, 2902 MHz, 13801 MHz, 0x0000000000000000, 345.42 W, 72 %, 31916 MiB
2026/10/01 03:01:55.295, 2895 MHz, 13801 MHz, 0x0000000000000000, 327.63 W, 66 %, 31916 MiB
2026/10/01 03:01:55.802, 2895 MHz, 13801 MHz, 0x0000000000000000, 351.32 W, 57 %, 31916 MiB
2026/10/01 03:01:56.310, 2887 MHz, 13801 MHz, 0x0000000000000000, 384.02 W, 96 %, 31916 MiB
2026/10/01 03:01:56.823, 2895 MHz, 13801 MHz, 0x0000000000000000, 367.53 W, 76 %, 31916 MiB
2026/10/01 03:01:57.338, 2895 MHz, 13801 MHz, 0x0000000000000000, 350.01 W, 99 %, 31916 MiB
2026/10/01 03:01:57.846, 2887 MHz, 13801 MHz, 0x0000000000000000, 378.06 W, 95 %, 31916 MiB
2026/10/01 03:01:58.358, 2895 MHz, 13801 MHz, 0x0000000000000000, 377.95 W, 65 %, 31916 MiB
2026/10/01 03:01:58.864, 2887 MHz, 13801 MHz, 0x0000000000000000, 356.62 W, 56 %, 31916 MiB
2026/10/01 03:01:59.375, 2895 MHz, 13801 MHz, 0x0000000000000000, 352.78 W, 52 %, 31916 MiB
2026/10/01 03:01:59.884, 2895 MHz, 13801 MHz, 0x0000000000000000, 348.32 W, 79 %, 31916 MiB
2026/10/01 03:02:00.394, 2887 MHz, 13801 MHz, 0x0000000000000000, 366.43 W, 76 %, 31916 MiB
2026/10/01 03:02:00.909, 2895 MHz, 13801 MHz, 0x0000000000000000, 352.89 W, 39 %, 31916 MiB
2026/10/01 03:02:01.423, 2895 MHz, 13801 MHz, 0x0000000000000000, 325.36 W, 44 %, 31918 MiB
2026/10/01 03:02:01.934, 2895 MHz, 13801 MHz, 0x0000000000000000, 349.28 W, 99 %, 31916 MiB
2026/10/01 03:02:02.443, 2902 MHz, 13801 MHz, 0x0000000000000000, 362.18 W, 87 %, 31916 MiB
2026/10/01 03:02:02.956, 2887 MHz, 13801 MHz, 0x0000000000000000, 357.85 W, 92 %, 31916 MiB
2026/10/01 03:02:03.468, 2895 MHz, 13801 MHz, 0x0000000000000000, 353.01 W, 73 %, 31916 MiB
2026/10/01 03:02:03.981, 2887 MHz, 13801 MHz, 0x0000000000000000, 363.45 W, 73 %, 31921 MiB
2026/10/01 03:02:04.491, 2902 MHz, 13801 MHz, 0x0000000000000000, 341.62 W, 51 %, 31921 MiB
2026/10/01 03:02:05.001, 2887 MHz, 13801 MHz, 0x0000000000000000, 344.23 W, 81 %, 31916 MiB
2026/10/01 03:02:05.511, 2887 MHz, 13801 MHz, 0x0000000000000000, 358.18 W, 93 %, 31916 MiB
2026/10/01 03:02:06.019, 2887 MHz, 13801 MHz, 0x0000000000000000, 357.27 W, 85 %, 31916 MiB
2026/10/01 03:02:06.528, 2880 MHz, 13801 MHz, 0x0000000000000000, 387.06 W, 82 %, 31916 MiB
2026/10/01 03:02:07.040, 2887 MHz, 13801 MHz, 0x0000000000000000, 382.06 W, 82 %, 31916 MiB
2026/10/01 03:02:07.548, 2887 MHz, 13801 MHz, 0x0000000000000000, 366.07 W, 70 %, 31916 MiB
2026/10/01 03:02:08.062, 2872 MHz, 13801 MHz, 0x0000000000000000, 378.25 W, 48 %, 31916 MiB
2026/10/01 03:02:08.575, 2887 MHz, 13801 MHz, 0x0000000000000000, 375.08 W, 57 %, 31916 MiB
2026/10/01 03:02:09.086, 2887 MHz, 13801 MHz, 0x0000000000000000, 356.99 W, 75 %, 31916 MiB
2026/10/01 03:02:09.600, 2887 MHz, 13801 MHz, 0x0000000000000000, 385.73 W, 99 %, 31916 MiB
2026/10/01 03:02:10.112, 2887 MHz, 13801 MHz, 0x0000000000000000, 393.21 W, 75 %, 31916 MiB
2026/10/01 03:02:10.624, 2880 MHz, 13801 MHz, 0x0000000000000000, 385.96 W, 87 %, 31916 MiB
2026/10/01 03:02:11.136, 2887 MHz, 13801 MHz, 0x0000000000000000, 357.45 W, 57 %, 31916 MiB
2026/10/01 03:02:11.650, 2887 MHz, 13801 MHz, 0x0000000000000000, 363.58 W, 93 %, 31916 MiB
2026/10/01 03:02:12.160, 2887 MHz, 13801 MHz, 0x0000000000000000, 372.65 W, 55 %, 31916 MiB
2026/10/01 03:02:12.672, 2887 MHz, 13801 MHz, 0x0000000000000000, 374.60 W, 87 %, 31916 MiB
2026/10/01 03:02:13.179, 2895 MHz, 13801 MHz, 0x0000000000000000, 359.56 W, 68 %, 31916 MiB
2026/10/01 03:02:13.687, 2895 MHz, 13801 MHz, 0x0000000000000000, 363.25 W, 91 %, 31916 MiB
2026/10/01 03:02:14.199, 2895 MHz, 13801 MHz, 0x0000000000000000, 350.25 W, 86 %, 31916 MiB
2026/10/01 03:02:14.710, 2887 MHz, 13801 MHz, 0x0000000000000000, 348.14 W, 85 %, 31916 MiB
2026/10/01 03:02:15.220, 2887 MHz, 13801 MHz, 0x0000000000000000, 385.92 W, 66 %, 31916 MiB
2026/10/01 03:02:15.731, 2887 MHz, 13801 MHz, 0x0000000000000000, 382.81 W, 89 %, 31916 MiB
2026/10/01 03:02:16.243, 2887 MHz, 13801 MHz, 0x0000000000000000, 343.77 W, 47 %, 31916 MiB
2026/10/01 03:02:16.753, 2887 MHz, 13801 MHz, 0x0000000000000000, 357.69 W, 89 %, 31916 MiB
2026/10/01 03:02:17.264, 2887 MHz, 13801 MHz, 0x0000000000000004, 384.53 W, 74 %, 31916 MiB
2026/10/01 03:02:17.774, 2887 MHz, 13801 MHz, 0x0000000000000000, 376.30 W, 79 %, 31916 MiB
2026/10/01 03:02:18.286, 2887 MHz, 13801 MHz, 0x0000000000000000, 364.12 W, 58 %, 31916 MiB
2026/10/01 03:02:18.801, 2887 MHz, 13801 MHz, 0x0000000000000000, 360.21 W, 86 %, 31916 MiB
2026/10/01 03:02:19.312, 2880 MHz, 13801 MHz, 0x0000000000000000, 366.98 W, 44 %, 31916 MiB
2026/10/01 03:02:19.821, 2872 MHz, 13801 MHz, 0x0000000000000000, 377.39 W, 68 %, 31916 MiB
2026/10/01 03:02:20.332, 2887 MHz, 13801 MHz, 0x0000000000000000, 372.12 W, 81 %, 31916 MiB
2026/10/01 03:02:20.841, 2895 MHz, 13801 MHz, 0x0000000000000000, 375.98 W, 53 %, 31916 MiB
2026/10/01 03:02:21.355, 2887 MHz, 13801 MHz, 0x0000000000000000, 369.36 W, 46 %, 31916 MiB
2026/10/01 03:02:21.866, 2887 MHz, 13801 MHz, 0x0000000000000004, 353.22 W, 87 %, 31916 MiB
2026/10/01 03:02:22.373, 2895 MHz, 13801 MHz, 0x0000000000000000, 332.11 W, 58 %, 31916 MiB
2026/10/01 03:02:22.884, 2880 MHz, 13801 MHz, 0x0000000000000000, 336.10 W, 65 %, 31916 MiB
2026/10/01 03:02:23.393, 2895 MHz, 13801 MHz, 0x0000000000000004, 366.27 W, 85 %, 31918 MiB
2026/10/01 03:02:23.900, 2895 MHz, 13801 MHz, 0x0000000000000000, 353.78 W, 62 %, 31918 MiB
2026/10/01 03:02:24.411, 2895 MHz, 13801 MHz, 0x0000000000000004, 344.75 W, 73 %, 31916 MiB
2026/10/01 03:02:24.920, 2902 MHz, 13801 MHz, 0x0000000000000000, 313.34 W, 39 %, 31916 MiB
2026/10/01 03:02:25.433, 2887 MHz, 13801 MHz, 0x0000000000000000, 335.96 W, 56 %, 31921 MiB
2026/10/01 03:02:25.948, 2902 MHz, 13801 MHz, 0x0000000000000000, 337.99 W, 86 %, 31921 MiB
2026/10/01 03:02:26.463, 2887 MHz, 13801 MHz, 0x0000000000000000, 324.29 W, 92 %, 31916 MiB
2026/10/01 03:02:26.974, 2895 MHz, 13801 MHz, 0x0000000000000000, 354.28 W, 92 %, 31916 MiB
2026/10/01 03:02:27.485, 2872 MHz, 13801 MHz, 0x0000000000000000, 362.18 W, 73 %, 31916 MiB
2026/10/01 03:02:27.999, 2887 MHz, 13801 MHz, 0x0000000000000000, 375.52 W, 83 %, 31916 MiB
2026/10/01 03:02:28.512, 2880 MHz, 13801 MHz, 0x0000000000000000, 354.96 W, 75 %, 31916 MiB
2026/10/01 03:02:29.021, 2887 MHz, 13801 MHz, 0x0000000000000000, 364.39 W, 92 %, 31916 MiB
2026/10/01 03:02:29.532, 2880 MHz, 13801 MHz, 0x0000000000000000, 369.10 W, 83 %, 31916 MiB
2026/10/01 03:02:30.040, 2887 MHz, 13801 MHz, 0x0000000000000000, 358.15 W, 47 %, 31916 MiB
2026/10/01 03:02:30.549, 2887 MHz, 13801 MHz, 0x0000000000000000, 364.82 W, 82 %, 31916 MiB
2026/10/01 03:02:31.059, 2887 MHz, 13801 MHz, 0x0000000000000000, 376.17 W, 88 %, 31916 MiB
2026/10/01 03:02:31.569, 2880 MHz, 13801 MHz, 0x0000000000000000, 373.91 W, 52 %, 31916 MiB
2026/10/01 03:02:32.080, 2880 MHz, 13801 MHz, 0x0000000000000000, 381.46 W, 88 %, 31916 MiB
2026/10/01 03:02:32.587, 2880 MHz, 13801 MHz, 0x0000000000000000, 366.69 W, 70 %, 31916 MiB
2026/10/01 03:02:33.099, 2880 MHz, 13801 MHz, 0x0000000000000000, 383.14 W, 79 %, 31916 MiB
2026/10/01 03:02:33.610, 2887 MHz, 13801 MHz, 0x0000000000000000, 378.16 W, 86 %, 31916 MiB
2026/10/01 03:02:34.121, 2887 MHz, 13801 MHz, 0x0000000000000000, 358.21 W, 49 %, 31916 MiB
2026/10/01 03:02:34.633, 2895 MHz, 13801 MHz, 0x0000000000000000, 354.13 W, 93 %, 31916 MiB
2026/10/01 03:02:35.140, 2895 MHz, 13801 MHz, 0x0000000000000000, 351.54 W, 55 %, 31916 MiB
2026/10/01 03:02:35.649, 2887 MHz, 13801 MHz, 0x0000000000000000, 381.07 W, 87 %, 31916 MiB
2026/10/01 03:02:36.156, 2887 MHz, 13801 MHz, 0x0000000000000000, 355.16 W, 53 %, 31916 MiB
2026/10/01 03:02:36.667, 2887 MHz, 13801 MHz, 0x0000000000000000, 358.87 W, 74 %, 31916 MiB
2026/10/01 03:02:37.176, 2887 MHz, 13801 MHz, 0x0000000000000000, 385.02 W, 89 %, 31916 MiB
2026/10/01 03:02:37.686, 2895 MHz, 13801 MHz, 0x0000000000000000, 375.59 W, 82 %, 31916 MiB
2026/10/01 03:02:38.196, 2887 MHz, 13801 MHz, 0x0000000000000000, 363.57 W, 73 %, 31916 MiB
2026/10/01 03:02:38.706, 2895 MHz, 13801 MHz, 0x0000000000000000, 361.41 W, 99 %, 31916 MiB
2026/10/01 03:02:39.218, 2887 MHz, 13801 MHz, 0x0000000000000000, 361.18 W, 81 %, 31916 MiB
2026/10/01 03:02:39.730, 2895 MHz, 13801 MHz, 0x0000000000000000, 362.85 W, 73 %, 31916 MiB
2026/10/01 03:02:40.238, 2880 MHz, 13801 MHz, 0x0000000000000000, 361.14 W, 73 %, 31916 MiB
2026/10/01 03:02:40.746, 2895 MHz, 13801 MHz, 0x0000000000000000, 364.75 W, 98 %, 31916 MiB
2026/10/01 03:02:41.255, 2895 MHz, 13801 MHz, 0x0000000000000000, 337.44 W, 77 %, 31916 MiB
2026/10/01 03:02:41.766, 2887 MHz, 13801 MHz, 0x0000000000000000, 342.51 W, 54 %, 31916 MiB
2026/10/01 03:02:42.277, 2887 MHz, 13801 MHz, 0x0000000000000000, 344.24 W, 79 %, 31916 MiB
2026/10/01 03:02:42.789, 2887 MHz, 13801 MHz, 0x0000000000000000, 361.08 W, 66 %, 31916 MiB
2026/10/01 03:02:43.299, 2880 MHz, 13801 MHz, 0x0000000000000004, 385.46 W, 87 %, 31916 MiB
2026/10/01 03:02:43.811, 2895 MHz, 13801 MHz, 0x0000000000000000, 356.93 W, 85 %, 31916 MiB
2026/10/01 03:02:44.323, 2887 MHz, 13801 MHz, 0x0000000000000000, 359.28 W, 93 %, 31916 MiB
2026/10/01 03:02:44.830, 2887 MHz, 13801 MHz, 0x0000000000000000, 370.16 W, 95 %, 31916 MiB
2026/10/01 03:02:45.339, 2895 MHz, 13801 MHz, 0x0000000000000000, 356.82 W, 39 %, 31918 MiB
2026/10/01 03:02:45.853, 2887 MHz, 13801 MHz, 0x0000000000000000, 338.78 W, 72 %, 31918 MiB
2026/10/01 03:02:46.360, 2895 MHz, 13801 MHz, 0x0000000000000004, 328.59 W, 85 %, 31916 MiB
2026/10/01 03:02:46.872, 2887 MHz, 13801 MHz, 0x0000000000000000, 332.22 W, 47 %, 31918 MiB
2026/10/01 03:02:47.385, 2880 MHz, 13801 MHz, 0x0000000000000000, 340.96 W, 54 %, 31916 MiB
2026/10/01 03:02:47.897, 2887 MHz, 13801 MHz, 0x0000000000000000, 354.55 W, 60 %, 31916 MiB
2026/10/01 03:02:48.407, 2887 MHz, 13801 MHz, 0x0000000000000000, 355.20 W, 61 %, 31916 MiB
2026/10/01 03:02:48.914, 2872 MHz, 13801 MHz, 0x0000000000000000, 371.56 W, 70 %, 31916 MiB
2026/10/01 03:02:49.426, 2887 MHz, 13801 MHz, 0x0000000000000000, 368.04 W, 85 %, 31916 MiB
2026/10/01 03:02:49.937, 2887 MHz, 13801 MHz, 0x0000000000000000, 364.28 W, 85 %, 31916 MiB
2026/10/01 03:02:50.445, 2880 MHz, 13801 MHz, 0x0000000000000000, 377.60 W, 98 %, 31916 MiB
2026/10/01 03:02:50.954, 2887 MHz, 13801 MHz, 0x0000000000000004, 385.68 W, 98 %, 31916 MiB
2026/10/01 03:02:51.467, 2880 MHz, 13801 MHz, 0x0000000000000000, 378.59 W, 81 %, 31916 MiB
2026/10/01 03:02:51.976, 2887 MHz, 13801 MHz, 0x0000000000000004, 366.50 W, 81 %, 31916 MiB
2026/10/01 03:02:52.485, 2880 MHz, 13801 MHz, 0x0000000000000004, 381.10 W, 94 %, 31916 MiB
2026/10/01 03:02:52.998, 2895 MHz, 13801 MHz, 0x0000000000000000, 392.26 W, 93 %, 31916 MiB
2026/10/01 03:02:53.510, 2887 MHz, 13801 MHz, 0x0000000000000000, 372.54 W, 71 %, 31916 MiB
2026/10/01 03:02:54.022, 2880 MHz, 13801 MHz, 0x0000000000000000, 344.33 W, 45 %, 31916 MiB
2026/10/01 03:02:54.533, 2895 MHz, 13801 MHz, 0x0000000000000000, 338.61 W, 92 %, 31916 MiB
2026/10/01 03:02:55.044, 2887 MHz, 13801 MHz, 0x0000000000000000, 336.04 W, 51 %, 31916 MiB
2026/10/01 03:02:55.555, 2880 MHz, 13801 MHz, 0x0000000000000000, 339.56 W, 62 %, 31916 MiB
2026/10/01 03:02:56.068, 2887 MHz, 13801 MHz, 0x0000000000000000, 350.66 W, 58 %, 31916 MiB
2026/10/01 03:02:56.577, 2872 MHz, 13801 MHz, 0x0000000000000000, 370.69 W, 92 %, 31916 MiB
2026/10/01 03:02:57.085, 2880 MHz, 13801 MHz, 0x0000000000000000, 376.23 W, 82 %, 31916 MiB
2026/10/01 03:02:57.595, 2880 MHz, 13801 MHz, 0x0000000000000000, 357.56 W, 47 %, 31916 MiB
2026/10/01 03:02:58.101, 2887 MHz, 13801 MHz, 0x0000000000000000, 347.41 W, 88 %, 31916 MiB
2026/10/01 03:02:58.609, 2887 MHz, 13801 MHz, 0x0000000000000000, 359.17 W, 87 %, 31916 MiB
2026/10/01 03:02:59.118, 2887 MHz, 13801 MHz, 0x0000000000000000, 367.11 W, 93 %, 31916 MiB
2026/10/01 03:02:59.626, 2887 MHz, 13801 MHz, 0x0000000000000004, 356.54 W, 84 %, 31916 MiB
2026/10/01 03:03:00.133, 2895 MHz, 13801 MHz, 0x0000000000000000, 358.26 W, 64 %, 31916 MiB
2026/10/01 03:03:00.640, 2887 MHz, 13801 MHz, 0x0000000000000000, 367.80 W, 91 %, 31916 MiB
2026/10/01 03:03:01.151, 2895 MHz, 13801 MHz, 0x0000000000000000, 370.53 W, 89 %, 31916 MiB
2026/10/01 03:03:01.659, 2895 MHz, 13801 MHz, 0x0000000000000000, 364.18 W, 92 %, 31916 MiB
2026/10/01 03:03:02.166, 2895 MHz, 13801 MHz, 0x0000000000000000, 359.39 W, 88 %, 31916 MiB
2026/10/01 03:03:02.674, 2887 MHz, 13801 MHz, 0x0000000000000000, 370.55 W, 58 %, 31916 MiB
2026/10/01 03:03:03.181, 2887 MHz, 13801 MHz, 0x0000000000000000, 378.44 W, 89 %, 31916 MiB
2026/10/01 03:03:03.692, 2880 MHz, 13801 MHz, 0x0000000000000000, 350.40 W, 45 %, 31916 MiB
2026/10/01 03:03:04.205, 2887 MHz, 13801 MHz, 0x0000000000000000, 355.16 W, 99 %, 31916 MiB
2026/10/01 03:03:04.716, 2887 MHz, 13801 MHz, 0x0000000000000000, 349.02 W, 59 %, 31916 MiB
2026/10/01 03:03:05.226, 2895 MHz, 13801 MHz, 0x0000000000000000, 357.70 W, 53 %, 31916 MiB
2026/10/01 03:03:05.737, 2887 MHz, 13801 MHz, 0x0000000000000000, 344.90 W, 63 %, 31916 MiB
2026/10/01 03:03:06.250, 2887 MHz, 13801 MHz, 0x0000000000000000, 359.08 W, 98 %, 31916 MiB
2026/10/01 03:03:06.763, 2895 MHz, 13801 MHz, 0x0000000000000000, 359.36 W, 99 %, 31916 MiB
2026/10/01 03:03:07.275, 2895 MHz, 13801 MHz, 0x0000000000000000, 339.26 W, 78 %, 31918 MiB
2026/10/01 03:03:07.787, 2895 MHz, 13801 MHz, 0x0000000000000000, 317.90 W, 75 %, 31918 MiB
2026/10/01 03:03:08.295, 2887 MHz, 13801 MHz, 0x0000000000000000, 334.11 W, 92 %, 31921 MiB
2026/10/01 03:03:08.803, 2880 MHz, 13801 MHz, 0x0000000000000000, 370.04 W, 81 %, 31916 MiB
2026/10/01 03:03:09.312, 2887 MHz, 13801 MHz, 0x0000000000000000, 362.45 W, 73 %, 31916 MiB
2026/10/01 03:03:09.825, 2895 MHz, 13801 MHz, 0x0000000000000000, 351.93 W, 92 %, 31916 MiB
2026/10/01 03:03:10.339, 2880 MHz, 13801 MHz, 0x0000000000000000, 357.91 W, 56 %, 31916 MiB
2026/10/01 03:03:10.850, 2887 MHz, 13801 MHz, 0x0000000000000000, 377.59 W, 91 %, 31916 MiB
2026/10/01 03:03:11.361, 2887 MHz, 13801 MHz, 0x0000000000000000, 373.45 W, 60 %, 31916 MiB
2026/10/01 03:03:11.871, 2887 MHz, 13801 MHz, 0x0000000000000000, 368.17 W, 58 %, 31916 MiB
2026/10/01 03:03:12.381, 2887 MHz, 13801 MHz, 0x0000000000000000, 381.39 W, 83 %, 31916 MiB
2026/10/01 03:03:12.890, 2880 MHz, 13801 MHz, 0x0000000000000004, 394.50 W, 88 %, 31916 MiB
2026/10/01 03:03:13.402, 2887 MHz, 13801 MHz, 0x0000000000000000, 365.76 W, 63 %, 31916 MiB
2026/10/01 03:03:13.913, 2895 MHz, 13801 MHz, 0x0000000000000000, 376.18 W, 93 %, 31916 MiB
2026/10/01 03:03:14.422, 2887 MHz, 13801 MHz, 0x0000000000000000, 387.47 W, 93 %, 31916 MiB
2026/10/01 03:03:14.933, 2887 MHz, 13801 MHz, 0x0000000000000000, 384.03 W, 99 %, 31916 MiB
2026/10/01 03:03:15.442, 2887 MHz, 13801 MHz, 0x0000000000000000, 358.70 W, 44 %, 31916 MiB
2026/10/01 03:03:15.954, 2887 MHz, 13801 MHz, 0x0000000000000004, 365.23 W, 98 %, 31916 MiB
2026/10/01 03:03:16.467, 2887 MHz, 13801 MHz, 0x0000000000000004, 381.12 W, 90 %, 31916 MiB
2026/10/01 03:03:16.982, 2887 MHz, 13801 MHz, 0x0000000000000000, 378.79 W, 57 %, 31916 MiB
2026/10/01 03:03:17.493, 2887 MHz, 13801 MHz, 0x0000000000000000, 357.28 W, 86 %, 31916 MiB
2026/10/01 03:03:18.005, 2895 MHz, 13801 MHz, 0x0000000000000004, 369.11 W, 94 %, 31916 MiB
2026/10/01 03:03:18.515, 2887 MHz, 13801 MHz, 0x0000000000000000, 371.56 W, 91 %, 31916 MiB
2026/10/01 03:03:19.030, 2880 MHz, 13801 MHz, 0x0000000000000000, 370.23 W, 81 %, 31916 MiB
2026/10/01 03:03:19.541, 2895 MHz, 13801 MHz, 0x0000000000000000, 373.09 W, 94 %, 31916 MiB
2026/10/01 03:03:20.054, 2887 MHz, 13801 MHz, 0x0000000000000000, 376.30 W, 60 %, 31916 MiB
2026/10/01 03:03:20.564, 2880 MHz, 13801 MHz, 0x0000000000000000, 391.44 W, 67 %, 31916 MiB
2026/10/01 03:03:21.073, 2872 MHz, 13801 MHz, 0x0000000000000004, 364.38 W, 79 %, 31916 MiB
2026/10/01 03:03:21.585, 2887 MHz, 13801 MHz, 0x0000000000000004, 352.40 W, 89 %, 31916 MiB
2026/10/01 03:03:22.098, 2887 MHz, 13801 MHz, 0x0000000000000000, 369.74 W, 99 %, 31916 MiB
2026/10/01 03:03:22.610, 2887 MHz, 13801 MHz, 0x0000000000000000, 362.26 W, 61 %, 31916 MiB
2026/10/01 03:03:23.121, 2887 MHz, 13801 MHz, 0x0000000000000000, 348.98 W, 55 %, 31916 MiB
2026/10/01 03:03:23.630, 2895 MHz, 13801 MHz, 0x0000000000000000, 344.65 W, 82 %, 31916 MiB
2026/10/01 03:03:24.141, 2887 MHz, 13801 MHz, 0x0000000000000000, 358.64 W, 50 %, 31916 MiB
2026/10/01 03:03:24.652, 2872 MHz, 13801 MHz, 0x0000000000000000, 382.89 W, 85 %, 31916 MiB
2026/10/01 03:03:25.164, 2880 MHz, 13801 MHz, 0x0000000000000000, 374.99 W, 52 %, 31916 MiB
2026/10/01 03:03:25.674, 2880 MHz, 13801 MHz, 0x0000000000000000, 384.69 W, 88 %, 31916 MiB
2026/10/01 03:03:26.188, 2887 MHz, 13801 MHz, 0x0000000000000000, 372.30 W, 54 %, 31916 MiB
2026/10/01 03:03:26.700, 2895 MHz, 13801 MHz, 0x0000000000000000, 371.24 W, 91 %, 31916 MiB
2026/10/01 03:03:27.210, 2887 MHz, 13801 MHz, 0x0000000000000000, 353.47 W, 93 %, 31916 MiB
2026/10/01 03:03:27.720, 2887 MHz, 13801 MHz, 0x0000000000000000, 359.37 W, 97 %, 31916 MiB
2026/10/01 03:03:28.232, 2895 MHz, 13801 MHz, 0x0000000000000000, 350.42 W, 64 %, 31916 MiB
2026/10/01 03:03:28.741, 2895 MHz, 13801 MHz, 0x0000000000000000, 334.18 W, 80 %, 31916 MiB
2026/10/01 03:03:29.248, 2895 MHz, 13801 MHz, 0x0000000000000000, 337.01 W, 99 %, 31923 MiB
2026/10/01 03:03:29.756, 2887 MHz, 13801 MHz, 0x0000000000000000, 359.80 W, 92 %, 31923 MiB
2026/10/01 03:03:30.267, 2887 MHz, 13801 MHz, 0x0000000000000000, 362.57 W, 67 %, 31916 MiB
2026/10/01 03:03:30.779, 2887 MHz, 13801 MHz, 0x0000000000000000, 363.21 W, 88 %, 31916 MiB
2026/10/01 03:03:31.292, 2887 MHz, 13801 MHz, 0x0000000000000000, 375.12 W, 63 %, 31916 MiB
2026/10/01 03:03:31.797, 2887 MHz, 13801 MHz, 0x0000000000000000, 383.56 W, 99 %, 31916 MiB
2026/10/01 03:03:32.307, 2887 MHz, 13801 MHz, 0x0000000000000000, 366.02 W, 64 %, 31916 MiB
2026/10/01 03:03:32.816, 2887 MHz, 13801 MHz, 0x0000000000000000, 377.48 W, 92 %, 31916 MiB
2026/10/01 03:03:33.325, 2887 MHz, 13801 MHz, 0x0000000000000000, 380.17 W, 71 %, 31916 MiB
2026/10/01 03:03:33.836, 2872 MHz, 13801 MHz, 0x0000000000000000, 365.82 W, 58 %, 31916 MiB
2026/10/01 03:03:34.346, 2887 MHz, 13801 MHz, 0x0000000000000000, 348.06 W, 63 %, 31916 MiB
2026/10/01 03:03:34.860, 2887 MHz, 13801 MHz, 0x0000000000000000, 325.61 W, 39 %, 31916 MiB
2026/10/01 03:03:35.370, 2887 MHz, 13801 MHz, 0x0000000000000000, 362.54 W, 91 %, 31916 MiB
2026/10/01 03:03:35.880, 2880 MHz, 13801 MHz, 0x0000000000000000, 393.12 W, 82 %, 31916 MiB
2026/10/01 03:03:36.392, 2887 MHz, 13801 MHz, 0x0000000000000000, 362.75 W, 59 %, 31916 MiB
2026/10/01 03:03:36.902, 2880 MHz, 13801 MHz, 0x0000000000000004, 369.24 W, 97 %, 31916 MiB
2026/10/01 03:03:37.413, 2887 MHz, 13801 MHz, 0x0000000000000000, 388.58 W, 99 %, 31916 MiB
2026/10/01 03:03:37.924, 2895 MHz, 13801 MHz, 0x0000000000000000, 361.60 W, 47 %, 31916 MiB
2026/10/01 03:03:38.437, 2880 MHz, 13801 MHz, 0x0000000000000000, 348.64 W, 79 %, 31916 MiB
2026/10/01 03:03:38.951, 2880 MHz, 13801 MHz, 0x0000000000000004, 358.37 W, 79 %, 31916 MiB
2026/10/01 03:03:39.451, 2887 MHz, 13801 MHz, 0x0000000000000000, 369.74 W, 56 %, 31916 MiB
2026/10/01 03:03:39.962, 2895 MHz, 13801 MHz, 0x0000000000000000, 363.86 W, 90 %, 31916 MiB
2026/10/01 03:03:40.474, 2887 MHz, 13801 MHz, 0x0000000000000000, 355.57 W, 90 %, 31916 MiB
2026/10/01 03:03:40.986, 2880 MHz, 13801 MHz, 0x0000000000000004, 359.78 W, 99 %, 31916 MiB
2026/10/01 03:03:41.498, 2880 MHz, 13801 MHz, 0x0000000000000000, 365.22 W, 52 %, 31916 MiB
2026/10/01 03:03:42.010, 2887 MHz, 13801 MHz, 0x0000000000000000, 367.83 W, 83 %, 31916 MiB
2026/10/01 03:03:42.522, 2887 MHz, 13801 MHz, 0x0000000000000000, 347.63 W, 49 %, 31916 MiB
2026/10/01 03:03:43.032, 2880 MHz, 13801 MHz, 0x0000000000000004, 358.65 W, 92 %, 31916 MiB
2026/10/01 03:03:43.541, 2887 MHz, 13801 MHz, 0x0000000000000000, 371.30 W, 56 %, 31916 MiB
2026/10/01 03:03:44.051, 2895 MHz, 13801 MHz, 0x0000000000000000, 368.12 W, 86 %, 31916 MiB
2026/10/01 03:03:44.562, 2887 MHz, 13801 MHz, 0x0000000000000000, 358.30 W, 83 %, 31916 MiB
2026/10/01 03:03:45.073, 2887 MHz, 13801 MHz, 0x0000000000000000, 371.08 W, 81 %, 31916 MiB
2026/10/01 03:03:45.580, 2887 MHz, 13801 MHz, 0x0000000000000000, 379.36 W, 85 %, 31916 MiB
2026/10/01 03:03:46.093, 2887 MHz, 13801 MHz, 0x0000000000000000, 365.85 W, 72 %, 31916 MiB
2026/10/01 03:03:46.602, 2887 MHz, 13801 MHz, 0x0000000000000000, 342.95 W, 44 %, 31916 MiB
2026/10/01 03:03:47.113, 2880 MHz, 13801 MHz, 0x0000000000000000, 366.14 W, 91 %, 31916 MiB
2026/10/01 03:03:47.625, 2895 MHz, 13801 MHz, 0x0000000000000000, 380.34 W, 95 %, 31916 MiB
2026/10/01 03:03:48.137, 2895 MHz, 13801 MHz, 0x0000000000000000, 364.68 W, 60 %, 31916 MiB
2026/10/01 03:03:48.650, 2902 MHz, 13801 MHz, 0x0000000000000004, 361.60 W, 91 %, 31916 MiB
2026/10/01 03:03:49.162, 2887 MHz, 13801 MHz, 0x0000000000000000, 360.79 W, 65 %, 31916 MiB
2026/10/01 03:03:49.671, 2872 MHz, 13801 MHz, 0x0000000000000000, 385.75 W, 69 %, 31916 MiB
2026/10/01 03:03:50.182, 2887 MHz, 13801 MHz, 0x0000000000000000, 357.79 W, 67 %, 31916 MiB
2026/10/01 03:03:50.694, 2895 MHz, 13801 MHz, 0x0000000000000000, 352.86 W, 75 %, 31921 MiB
2026/10/01 03:03:51.207, 2880 MHz, 13801 MHz, 0x0000000000000000, 341.15 W, 52 %, 31921 MiB
2026/10/01 03:03:51.717, 2880 MHz, 13801 MHz, 0x0000000000000000, 343.59 W, 55 %, 31916 MiB
2026/10/01 03:03:52.229, 2887 MHz, 13801 MHz, 0x0000000000000000, 364.77 W, 65 %, 31918 MiB
2026/10/01 03:03:52.743, 2895 MHz, 13801 MHz, 0x0000000000000000, 357.08 W, 82 %, 31918 MiB
2026/10/01 03:03:53.253, 2895 MHz, 13801 MHz, 0x0000000000000000, 358.42 W, 88 %, 31916 MiB
2026/10/01 03:03:53.764, 2887 MHz, 13801 MHz, 0x0000000000000004, 331.76 W, 89 %, 31916 MiB
2026/10/01 03:03:54.272, 2895 MHz, 13801 MHz, 0x0000000000000000, 329.89 W, 82 %, 31918 MiB
2026/10/01 03:03:54.782, 2887 MHz, 13801 MHz, 0x0000000000000000, 358.34 W, 86 %, 31916 MiB
2026/10/01 03:03:55.294, 2887 MHz, 13801 MHz, 0x0000000000000000, 369.77 W, 98 %, 31916 MiB
2026/10/01 03:03:55.804, 2887 MHz, 13801 MHz, 0x0000000000000000, 347.52 W, 48 %, 31916 MiB
2026/10/01 03:03:56.313, 2880 MHz, 13801 MHz, 0x0000000000000000, 367.08 W, 99 %, 31916 MiB
2026/10/01 03:03:56.825, 2887 MHz, 13801 MHz, 0x0000000000000000, 354.68 W, 50 %, 31916 MiB
2026/10/01 03:03:57.333, 2880 MHz, 13801 MHz, 0x0000000000000000, 356.88 W, 74 %, 31916 MiB
2026/10/01 03:03:57.841, 2887 MHz, 13801 MHz, 0x0000000000000000, 358.68 W, 75 %, 31918 MiB
2026/10/01 03:03:58.354, 2887 MHz, 13801 MHz, 0x0000000000000000, 336.95 W, 54 %, 31918 MiB
2026/10/01 03:03:58.862, 2895 MHz, 13801 MHz, 0x0000000000000000, 356.21 W, 86 %, 31916 MiB
2026/10/01 03:03:59.373, 2895 MHz, 13801 MHz, 0x0000000000000000, 368.30 W, 92 %, 31916 MiB
2026/10/01 03:03:59.883, 2887 MHz, 13801 MHz, 0x0000000000000000, 365.76 W, 91 %, 31916 MiB
2026/10/01 03:04:00.393, 2887 MHz, 13801 MHz, 0x0000000000000000, 386.37 W, 99 %, 31916 MiB
2026/10/01 03:04:00.901, 2887 MHz, 13801 MHz, 0x0000000000000004, 384.51 W, 90 %, 31916 MiB
2026/10/01 03:04:01.408, 2880 MHz, 13801 MHz, 0x0000000000000000, 366.03 W, 47 %, 31916 MiB
2026/10/01 03:04:01.916, 2887 MHz, 13801 MHz, 0x0000000000000000, 356.02 W, 47 %, 31916 MiB
2026/10/01 03:04:02.426, 2887 MHz, 13801 MHz, 0x0000000000000000, 347.03 W, 51 %, 31916 MiB
2026/10/01 03:04:02.939, 2895 MHz, 13801 MHz, 0x0000000000000000, 362.02 W, 99 %, 31916 MiB
2026/10/01 03:04:03.452, 2887 MHz, 13801 MHz, 0x0000000000000000, 345.63 W, 47 %, 31916 MiB
2026/10/01 03:04:03.958, 2887 MHz, 13801 MHz, 0x0000000000000000, 344.22 W, 71 %, 31916 MiB
2026/10/01 03:04:04.467, 2895 MHz, 13801 MHz, 0x0000000000000000, 338.63 W, 87 %, 31916 MiB
2026/10/01 03:04:04.975, 2887 MHz, 13801 MHz, 0x0000000000000000, 362.43 W, 54 %, 31916 MiB
2026/10/01 03:04:05.485, 2887 MHz, 13801 MHz, 0x0000000000000000, 381.29 W, 82 %, 31916 MiB
2026/10/01 03:04:05.994, 2887 MHz, 13801 MHz, 0x0000000000000000, 369.14 W, 50 %, 31916 MiB
2026/10/01 03:04:06.501, 2872 MHz, 13801 MHz, 0x0000000000000000, 382.02 W, 71 %, 31916 MiB
2026/10/01 03:04:07.007, 2887 MHz, 13801 MHz, 0x0000000000000000, 369.83 W, 86 %, 31916 MiB
2026/10/01 03:04:07.517, 2880 MHz, 13801 MHz, 0x0000000000000000, 352.93 W, 87 %, 31916 MiB
2026/10/01 03:04:08.026, 2895 MHz, 13801 MHz, 0x0000000000000004, 354.54 W, 77 %, 31916 MiB
2026/10/01 03:04:08.533, 2887 MHz, 13801 MHz, 0x0000000000000000, 369.90 W, 80 %, 31916 MiB
2026/10/01 03:04:09.041, 2887 MHz, 13801 MHz, 0x0000000000000000, 372.36 W, 91 %, 31916 MiB
2026/10/01 03:04:09.547, 2887 MHz, 13801 MHz, 0x0000000000000000, 362.17 W, 79 %, 31916 MiB
2026/10/01 03:04:10.054, 2895 MHz, 13801 MHz, 0x0000000000000000, 363.02 W, 80 %, 31916 MiB
2026/10/01 03:04:10.560, 2895 MHz, 13801 MHz, 0x0000000000000000, 359.00 W, 92 %, 31916 MiB
2026/10/01 03:04:11.066, 2887 MHz, 13801 MHz, 0x0000000000000000, 356.09 W, 87 %, 31916 MiB
2026/10/01 03:04:11.578, 2895 MHz, 13801 MHz, 0x0000000000000000, 347.47 W, 49 %, 31916 MiB
2026/10/01 03:04:12.086, 2887 MHz, 13801 MHz, 0x0000000000000000, 326.54 W, 44 %, 31921 MiB
2026/10/01 03:04:12.598, 2880 MHz, 13801 MHz, 0x0000000000000000, 363.82 W, 88 %, 31921 MiB
2026/10/01 03:04:13.109, 2880 MHz, 13801 MHz, 0x0000000000000000, 367.89 W, 53 %, 31916 MiB
2026/10/01 03:04:13.621, 2887 MHz, 13801 MHz, 0x0000000000000000, 359.95 W, 95 %, 31916 MiB
2026/10/01 03:04:14.128, 2887 MHz, 13801 MHz, 0x0000000000000000, 350.58 W, 86 %, 31916 MiB
2026/10/01 03:04:14.643, 2887 MHz, 13801 MHz, 0x0000000000000000, 340.27 W, 13 %, 31916 MiB
2026/10/01 03:04:15.158, 2925 MHz, 13801 MHz, 0x0000000000000000, 221.77 W, 0 %, 31916 MiB
2026/10/01 03:04:15.671, 2925 MHz, 13801 MHz, 0x0000000000000000, 102.71 W, 0 %, 31916 MiB
2026/10/01 03:04:16.183, 2925 MHz, 13801 MHz, 0x0000000000000000, 98.43 W, 0 %, 31916 MiB
2026/10/01 03:04:16.697, 690 MHz, 7001 MHz, 0x0000000000000000, 78.29 W, 0 %, 31916 MiB
2026/10/01 03:04:17.212, 547 MHz, 7001 MHz, 0x0000000000000000, 47.81 W, 0 %, 31916 MiB
2026/10/01 03:04:17.714, 427 MHz, 7001 MHz, 0x0000000000000000, 38.08 W, 0 %, 31916 MiB
2026/10/01 03:04:18.227, 427 MHz, 7001 MHz, 0x0000000000000000, 38.08 W, 0 %, 31916 MiB
2026/10/01 03:04:18.742, 270 MHz, 7001 MHz, 0x0000000000000000, 36.77 W, 0 %, 31916 MiB
2026/10/01 03:04:19.254, 180 MHz, 7001 MHz, 0x0000000000000000, 36.77 W, 0 %, 31916 MiB
2026/10/01 03:04:19.755, 180 MHz, 7001 MHz, 0x0000000000000000, 36.77 W, 0 %, 31916 MiB
2026/10/01 03:04:20.270, 187 MHz, 810 MHz, 0x0000000000000000, 30.15 W, 0 %, 31916 MiB
2026/10/01 03:04:20.784, 187 MHz, 810 MHz, 0x0000000000000000, 30.15 W, 0 %, 31916 MiB
2026/10/01 03:04:21.295, 180 MHz, 405 MHz, 0x0000000000000000, 22.27 W, 0 %, 31916 MiB
2026/10/01 03:04:21.796, 180 MHz, 405 MHz, 0x0000000000000000, 22.27 W, 0 %, 31916 MiB
2026/10/01 03:04:22.309, 180 MHz, 405 MHz, 0x0000000000000000, 12.47 W, 0 %, 31916 MiB
2026/10/01 03:04:22.812, 180 MHz, 405 MHz, 0x0000000000000000, 12.47 W, 0 %, 31916 MiB
2026/10/01 03:04:23.326, 180 MHz, 405 MHz, 0x0000000000000000, 12.89 W, 0 %, 31916 MiB
2026/10/01 03:04:23.836, 180 MHz, 405 MHz, 0x0000000000000000, 12.89 W, 0 %, 31916 MiB
2026/10/01 03:04:24.350, 180 MHz, 405 MHz, 0x0000000000000000, 12.43 W, 0 %, 31916 MiB
2026/10/01 03:04:24.861, 180 MHz, 405 MHz, 0x0000000000000000, 12.43 W, 0 %, 31916 MiB
2026/10/01 03:04:25.362, 180 MHz, 405 MHz, 0x0000000000000000, 12.25 W, 0 %, 31916 MiB
2026/10/01 03:04:25.864, 180 MHz, 405 MHz, 0x0000000000000000, 12.25 W, 0 %, 31916 MiB
2026/10/01 03:04:26.376, 180 MHz, 405 MHz, 0x0000000000000000, 12.73 W, 0 %, 31916 MiB
2026/10/01 03:04:26.890, 180 MHz, 405 MHz, 0x0000000000000000, 12.73 W, 0 %, 31916 MiB
2026/10/01 03:04:27.405, 180 MHz, 405 MHz, 0x0000000000000000, 12.45 W, 0 %, 31916 MiB
2026/10/01 03:04:27.906, 180 MHz, 405 MHz, 0x0000000000000000, 12.45 W, 0 %, 31916 MiB
2026/10/01 03:04:28.420, 180 MHz, 405 MHz, 0x0000000000000000, 12.15 W, 0 %, 31916 MiB
2026/10/01 03:04:28.921, 180 MHz, 405 MHz, 0x0000000000000000, 12.15 W, 0 %, 31916 MiB
2026/10/01 03:04:29.434, 180 MHz, 405 MHz, 0x0000000000000000, 12.12 W, 0 %, 31916 MiB
2026/10/01 03:04:29.950, 180 MHz, 405 MHz, 0x0000000000000000, 12.12 W, 0 %, 31916 MiB
2026/10/01 03:04:30.451, 180 MHz, 405 MHz, 0x0000000000000000, 12.03 W, 0 %, 31916 MiB
2026/10/01 03:04:30.963, 202 MHz, 405 MHz, 0x0000000000000000, 21.19 W, 100 %, 31916 MiB
2026/10/01 03:04:31.464, 2910 MHz, 13801 MHz, 0x0000000000000000, 89.27 W, 95 %, 31918 MiB
2026/10/01 03:04:31.978, 2910 MHz, 13801 MHz, 0x0000000000000000, 302.27 W, 95 %, 31916 MiB
2026/10/01 03:04:32.481, 2910 MHz, 13801 MHz, 0x0000000000000000, 343.68 W, 87 %, 31916 MiB
2026/10/01 03:04:32.997, 2910 MHz, 13801 MHz, 0x0000000000000000, 341.16 W, 96 %, 31921 MiB
2026/10/01 03:04:33.512, 2910 MHz, 13801 MHz, 0x0000000000000000, 341.78 W, 96 %, 31921 MiB
2026/10/01 03:04:34.026, 2910 MHz, 13801 MHz, 0x0000000000000000, 340.50 W, 80 %, 31916 MiB
2026/10/01 03:04:34.540, 2910 MHz, 13801 MHz, 0x0000000000000000, 341.19 W, 96 %, 31916 MiB
2026/10/01 03:04:35.041, 2910 MHz, 13801 MHz, 0x0000000000000000, 340.86 W, 96 %, 31916 MiB
2026/10/01 03:04:35.557, 2910 MHz, 13801 MHz, 0x0000000000000000, 341.98 W, 96 %, 31916 MiB
2026/10/01 03:04:36.058, 2910 MHz, 13801 MHz, 0x0000000000000000, 342.73 W, 96 %, 31916 MiB
2026/10/01 03:04:36.573, 2910 MHz, 13801 MHz, 0x0000000000000000, 346.54 W, 95 %, 31916 MiB
2026/10/01 03:04:37.088, 2910 MHz, 13801 MHz, 0x0000000000000000, 339.05 W, 96 %, 31916 MiB
2026/10/01 03:04:37.603, 2910 MHz, 13801 MHz, 0x0000000000000000, 340.38 W, 94 %, 31916 MiB
2026/10/01 03:04:38.116, 2910 MHz, 13801 MHz, 0x0000000000000000, 350.17 W, 95 %, 31916 MiB
2026/10/01 03:04:38.619, 2910 MHz, 13801 MHz, 0x0000000000000000, 339.60 W, 95 %, 31916 MiB
2026/10/01 03:04:39.133, 2910 MHz, 13801 MHz, 0x0000000000000000, 338.50 W, 95 %, 31916 MiB
2026/10/01 03:04:39.648, 2910 MHz, 13801 MHz, 0x0000000000000000, 347.20 W, 96 %, 31916 MiB
2026/10/01 03:04:40.160, 2910 MHz, 13801 MHz, 0x0000000000000000, 344.81 W, 96 %, 31916 MiB
2026/10/01 03:04:40.675, 2910 MHz, 13801 MHz, 0x0000000000000000, 344.94 W, 96 %, 31916 MiB
2026/10/01 03:04:41.185, 2910 MHz, 13801 MHz, 0x0000000000000000, 333.50 W, 32 %, 31916 MiB
2026/10/01 03:04:41.699, 2925 MHz, 13801 MHz, 0x0000000000000000, 220.08 W, 0 %, 467 MiB
2026/10/01 03:04:42.211, 2925 MHz, 14001 MHz, 0x0000000000000000, 105.23 W, 1 %, 467 MiB
2026/10/01 03:04:42.723, 2925 MHz, 14001 MHz, 0x0000000000000000, 95.47 W, 0 %, 467 MiB
2026/10/01 03:04:43.238, 1552 MHz, 7001 MHz, 0x0000000000000000, 86.09 W, 0 %, 467 MiB
2026/10/01 03:04:43.754, 457 MHz, 7001 MHz, 0x0000000000000000, 36.54 W, 0 %, 467 MiB
2026/10/01 03:04:44.255, 457 MHz, 7001 MHz, 0x0000000000000000, 36.54 W, 0 %, 467 MiB
2026/10/01 03:04:44.768, 285 MHz, 7001 MHz, 0x0000000000000000, 36.29 W, 0 %, 467 MiB
2026/10/01 03:04:45.268, 285 MHz, 7001 MHz, 0x0000000000000000, 36.29 W, 0 %, 467 MiB
2026/10/01 03:04:45.770, 180 MHz, 7001 MHz, 0x0000000000000000, 36.22 W, 0 %, 467 MiB
2026/10/01 03:04:46.272, 180 MHz, 7001 MHz, 0x0000000000000000, 36.22 W, 0 %, 467 MiB
2026/10/01 03:04:46.774, 180 MHz, 7001 MHz, 0x0000000000000000, 36.11 W, 0 %, 467 MiB
2026/10/01 03:04:47.290, 180 MHz, 7001 MHz, 0x0000000000000000, 36.11 W, 0 %, 467 MiB
2026/10/01 03:04:47.806, 172 MHz, 810 MHz, 0x0000000000000000, 33.69 W, 0 %, 467 MiB
2026/10/01 03:04:48.307, 172 MHz, 810 MHz, 0x0000000000000000, 33.69 W, 0 %, 467 MiB
2026/10/01 03:04:48.822, 180 MHz, 810 MHz, 0x0000000000000000, 24.15 W, 0 %, 467 MiB
2026/10/01 03:04:49.323, 180 MHz, 810 MHz, 0x0000000000000000, 24.15 W, 0 %, 467 MiB
2026/10/01 03:04:49.837, 180 MHz, 405 MHz, 0x0000000000000000, 13.19 W, 0 %, 467 MiB
2026/10/01 03:04:50.353, 180 MHz, 405 MHz, 0x0000000000000000, 13.19 W, 0 %, 467 MiB
