2026/10/01 03:04:50.430, 180 MHz, 405 MHz, 0x0000000000000000, 13.19 W, 0 %, 467 MiB
2026/10/01 03:04:50.946, 195 MHz, 405 MHz, 0x0000000000000000, 12.85 W, 0 %, 467 MiB
2026/10/01 03:04:51.460, 180 MHz, 405 MHz, 0x0000000000000000, 13.34 W, 0 %, 467 MiB
2026/10/01 03:04:51.976, 180 MHz, 405 MHz, 0x0000000000000000, 13.38 W, 0 %, 467 MiB
2026/10/01 03:04:52.491, 180 MHz, 405 MHz, 0x0000000000000000, 13.38 W, 0 %, 467 MiB
2026/10/01 03:04:53.006, 180 MHz, 405 MHz, 0x0000000000000000, 11.92 W, 0 %, 467 MiB
2026/10/01 03:04:53.507, 180 MHz, 405 MHz, 0x0000000000000000, 11.92 W, 0 %, 467 MiB
2026/10/01 03:04:54.015, 180 MHz, 405 MHz, 0x0000000000000000, 11.94 W, 0 %, 472 MiB
2026/10/01 03:04:54.520, 180 MHz, 405 MHz, 0x0000000000000000, 12.52 W, 0 %, 472 MiB
2026/10/01 03:04:55.032, 180 MHz, 405 MHz, 0x0000000000000000, 14.01 W, 0 %, 467 MiB
2026/10/01 03:04:55.546, 180 MHz, 405 MHz, 0x0000000000000000, 13.77 W, 0 %, 469 MiB
2026/10/01 03:04:56.059, 187 MHz, 405 MHz, 0x0000000000000000, 13.85 W, 0 %, 469 MiB
2026/10/01 03:04:56.572, 180 MHz, 405 MHz, 0x0000000000000000, 13.92 W, 0 %, 467 MiB
2026/10/01 03:04:57.086, 180 MHz, 405 MHz, 0x0000000000000000, 14.03 W, 0 %, 467 MiB
2026/10/01 03:04:57.586, 180 MHz, 405 MHz, 0x0000000000000000, 13.96 W, 0 %, 467 MiB
2026/10/01 03:04:58.101, 180 MHz, 405 MHz, 0x0000000000000000, 13.96 W, 0 %, 467 MiB
2026/10/01 03:04:58.615, 180 MHz, 405 MHz, 0x0000000000000000, 11.16 W, 0 %, 467 MiB
2026/10/01 03:04:59.130, 180 MHz, 405 MHz, 0x0000000000000000, 11.16 W, 0 %, 467 MiB
2026/10/01 03:04:59.642, 180 MHz, 405 MHz, 0x0000000000000000, 11.10 W, 0 %, 467 MiB
2026/10/01 03:05:00.155, 180 MHz, 405 MHz, 0x0000000000000000, 11.10 W, 0 %, 467 MiB
2026/10/01 03:05:00.668, 180 MHz, 405 MHz, 0x0000000000000000, 11.14 W, 0 %, 467 MiB
2026/10/01 03:05:01.177, 180 MHz, 405 MHz, 0x0000000000000000, 11.14 W, 0 %, 467 MiB
2026/10/01 03:05:01.691, 180 MHz, 405 MHz, 0x0000000000000000, 11.10 W, 0 %, 467 MiB
2026/10/01 03:05:02.192, 180 MHz, 405 MHz, 0x0000000000000000, 11.10 W, 0 %, 467 MiB
2026/10/01 03:05:02.705, 180 MHz, 405 MHz, 0x0000000000000000, 11.04 W, 0 %, 467 MiB
2026/10/01 03:05:03.220, 180 MHz, 405 MHz, 0x0000000000000000, 11.14 W, 0 %, 467 MiB
2026/10/01 03:05:03.735, 180 MHz, 405 MHz, 0x0000000000000000, 12.10 W, 0 %, 467 MiB
2026/10/01 03:05:04.248, 180 MHz, 405 MHz, 0x0000000000000000, 12.45 W, 0 %, 467 MiB
2026/10/01 03:05:04.749, 180 MHz, 405 MHz, 0x0000000000000000, 12.45 W, 0 %, 467 MiB
2026/10/01 03:05:05.263, 180 MHz, 405 MHz, 0x0000000000000000, 11.10 W, 0 %, 467 MiB
2026/10/01 03:05:05.775, 180 MHz, 405 MHz, 0x0000000000000000, 10.91 W, 0 %, 467 MiB
2026/10/01 03:05:06.290, 180 MHz, 405 MHz, 0x0000000000000000, 10.91 W, 0 %, 467 MiB
2026/10/01 03:05:06.804, 180 MHz, 405 MHz, 0x0000000000000000, 11.00 W, 0 %, 467 MiB
2026/10/01 03:05:07.307, 180 MHz, 405 MHz, 0x0000000000000000, 11.00 W, 0 %, 467 MiB
2026/10/01 03:05:07.808, 180 MHz, 405 MHz, 0x0000000000000000, 10.95 W, 0 %, 467 MiB
2026/10/01 03:05:08.309, 180 MHz, 405 MHz, 0x0000000000000000, 10.95 W, 0 %, 467 MiB
2026/10/01 03:05:08.812, 180 MHz, 405 MHz, 0x0000000000000000, 10.85 W, 0 %, 467 MiB
2026/10/01 03:05:09.314, 180 MHz, 405 MHz, 0x0000000000000000, 10.85 W, 0 %, 467 MiB
2026/10/01 03:05:09.826, 180 MHz, 405 MHz, 0x0000000000000000, 10.87 W, 0 %, 467 MiB
2026/10/01 03:05:10.337, 180 MHz, 405 MHz, 0x0000000000000000, 10.87 W, 0 %, 467 MiB
2026/10/01 03:05:10.839, 180 MHz, 405 MHz, 0x0000000000000000, 10.52 W, 0 %, 467 MiB
2026/10/01 03:05:11.351, 180 MHz, 405 MHz, 0x0000000000000000, 10.52 W, 0 %, 475 MiB
2026/10/01 03:05:11.863, 450 MHz, 405 MHz, 0x0000000000000000, 13.10 W, 0 %, 615 MiB
2026/10/01 03:05:12.376, 180 MHz, 405 MHz, 0x0000000000000000, 13.07 W, 0 %, 615 MiB
2026/10/01 03:05:12.884, 210 MHz, 405 MHz, 0x0000000000000000, 12.98 W, 1 %, 619 MiB
2026/10/01 03:05:13.396, 180 MHz, 405 MHz, 0x0000000000000000, 12.81 W, 0 %, 619 MiB
2026/10/01 03:05:13.905, 202 MHz, 405 MHz, 0x0000000000000000, 12.85 W, 0 %, 620 MiB
2026/10/01 03:05:14.410, 180 MHz, 405 MHz, 0x0000000000000000, 12.82 W, 0 %, 620 MiB
2026/10/01 03:05:14.922, 180 MHz, 405 MHz, 0x0000000000000000, 12.66 W, 0 %, 623 MiB
2026/10/01 03:05:15.432, 172 MHz, 405 MHz, 0x0000000000000000, 12.63 W, 0 %, 623 MiB
2026/10/01 03:05:15.940, 180 MHz, 405 MHz, 0x0000000000000000, 12.58 W, 0 %, 620 MiB
2026/10/01 03:05:16.454, 180 MHz, 405 MHz, 0x0000000000000000, 12.50 W, 0 %, 620 MiB
2026/10/01 03:05:16.969, 180 MHz, 405 MHz, 0x0000000000000000, 12.44 W, 0 %, 620 MiB
2026/10/01 03:05:17.485, 180 MHz, 405 MHz, 0x0000000000000000, 11.52 W, 0 %, 623 MiB
2026/10/01 03:05:17.998, 180 MHz, 405 MHz, 0x0000000000000000, 11.76 W, 1 %, 620 MiB
2026/10/01 03:05:18.500, 180 MHz, 405 MHz, 0x0000000000000000, 12.37 W, 0 %, 656 MiB
2026/10/01 03:05:19.016, 225 MHz, 405 MHz, 0x0000000000000000, 12.61 W, 0 %, 656 MiB
2026/10/01 03:05:19.518, 180 MHz, 405 MHz, 0x0000000000000000, 12.74 W, 0 %, 657 MiB
2026/10/01 03:05:20.032, 195 MHz, 405 MHz, 0x0000000000000000, 12.46 W, 0 %, 657 MiB
2026/10/01 03:05:20.546, 180 MHz, 405 MHz, 0x0000000000000000, 12.45 W, 0 %, 657 MiB
2026/10/01 03:05:21.059, 180 MHz, 405 MHz, 0x0000000000000000, 12.32 W, 0 %, 657 MiB
2026/10/01 03:05:21.560, 180 MHz, 405 MHz, 0x0000000000000000, 12.27 W, 0 %, 657 MiB
2026/10/01 03:05:22.063, 180 MHz, 405 MHz, 0x0000000000000000, 12.40 W, 0 %, 657 MiB
2026/10/01 03:05:22.564, 172 MHz, 405 MHz, 0x0000000000000000, 12.37 W, 0 %, 657 MiB
2026/10/01 03:05:23.065, 180 MHz, 405 MHz, 0x0000000000000000, 12.38 W, 0 %, 657 MiB
2026/10/01 03:05:23.565, 180 MHz, 405 MHz, 0x0000000000000000, 12.47 W, 0 %, 488 MiB
2026/10/01 03:05:24.079, 180 MHz, 405 MHz, 0x0000000000000000, 12.59 W, 0 %, 488 MiB
2026/10/01 03:05:24.590, 180 MHz, 405 MHz, 0x0000000000000000, 12.55 W, 0 %, 488 MiB
2026/10/01 03:05:25.101, 180 MHz, 405 MHz, 0x0000000000000000, 12.52 W, 0 %, 488 MiB
2026/10/01 03:05:25.613, 180 MHz, 405 MHz, 0x0000000000000000, 12.52 W, 0 %, 488 MiB
2026/10/01 03:05:26.121, 180 MHz, 405 MHz, 0x0000000000000000, 10.73 W, 0 %, 488 MiB
2026/10/01 03:05:26.634, 180 MHz, 405 MHz, 0x0000000000000000, 10.73 W, 0 %, 488 MiB
2026/10/01 03:05:27.150, 180 MHz, 405 MHz, 0x0000000000000000, 10.59 W, 0 %, 488 MiB
2026/10/01 03:05:27.650, 180 MHz, 405 MHz, 0x0000000000000000, 10.59 W, 0 %, 488 MiB
2026/10/01 03:05:28.164, 180 MHz, 405 MHz, 0x0000000000000000, 10.52 W, 0 %, 488 MiB
2026/10/01 03:05:28.678, 180 MHz, 405 MHz, 0x0000000000000000, 10.52 W, 0 %, 488 MiB
2026/10/01 03:05:29.181, 180 MHz, 405 MHz, 0x0000000000000000, 10.54 W, 0 %, 488 MiB
2026/10/01 03:05:29.682, 180 MHz, 405 MHz, 0x0000000000000000, 10.54 W, 0 %, 488 MiB
2026/10/01 03:05:30.194, 180 MHz, 405 MHz, 0x0000000000000000, 10.33 W, 0 %, 488 MiB
2026/10/01 03:05:30.706, 180 MHz, 405 MHz, 0x0000000000000000, 10.33 W, 0 %, 488 MiB
2026/10/01 03:05:31.220, 180 MHz, 405 MHz, 0x0000000000000000, 10.34 W, 0 %, 488 MiB
2026/10/01 03:05:31.735, 180 MHz, 405 MHz, 0x0000000000000000, 10.34 W, 0 %, 488 MiB
2026/10/01 03:05:32.250, 180 MHz, 405 MHz, 0x0000000000000000, 10.56 W, 0 %, 488 MiB
2026/10/01 03:05:32.766, 180 MHz, 405 MHz, 0x0000000000000000, 10.48 W, 0 %, 488 MiB
2026/10/01 03:05:33.279, 180 MHz, 405 MHz, 0x0000000000000000, 10.48 W, 0 %, 488 MiB
2026/10/01 03:05:33.781, 180 MHz, 405 MHz, 0x0000000000000000, 10.41 W, 0 %, 488 MiB
2026/10/01 03:05:34.283, 180 MHz, 405 MHz, 0x0000000000000000, 10.41 W, 0 %, 488 MiB
2026/10/01 03:05:34.796, 180 MHz, 405 MHz, 0x0000000000000000, 10.46 W, 0 %, 488 MiB
2026/10/01 03:05:35.308, 180 MHz, 405 MHz, 0x0000000000000000, 10.46 W, 0 %, 488 MiB
2026/10/01 03:05:35.820, 180 MHz, 405 MHz, 0x0000000000000000, 10.46 W, 0 %, 488 MiB
2026/10/01 03:05:36.330, 195 MHz, 405 MHz, 0x0000000000000000, 10.74 W, 0 %, 493 MiB
2026/10/01 03:05:36.845, 180 MHz, 405 MHz, 0x0000000000000000, 11.36 W, 0 %, 493 MiB
2026/10/01 03:05:37.350, 180 MHz, 405 MHz, 0x0000000000000000, 12.04 W, 0 %, 488 MiB
2026/10/01 03:05:37.862, 180 MHz, 405 MHz, 0x0000000000000000, 12.09 W, 0 %, 488 MiB
2026/10/01 03:05:38.364, 180 MHz, 405 MHz, 0x0000000000000000, 12.11 W, 0 %, 488 MiB
2026/10/01 03:05:38.878, 180 MHz, 405 MHz, 0x0000000000000000, 12.11 W, 0 %, 488 MiB
2026/10/01 03:05:39.389, 180 MHz, 405 MHz, 0x0000000000000000, 10.61 W, 0 %, 488 MiB
2026/10/01 03:05:39.902, 180 MHz, 405 MHz, 0x0000000000000000, 10.56 W, 0 %, 490 MiB
2026/10/01 03:05:40.417, 180 MHz, 405 MHz, 0x0000000000000000, 11.12 W, 0 %, 490 MiB
2026/10/01 03:05:40.918, 180 MHz, 405 MHz, 0x0000000000000000, 11.33 W, 0 %, 488 MiB
2026/10/01 03:05:41.432, 180 MHz, 405 MHz, 0x0000000000000000, 11.90 W, 0 %, 488 MiB
2026/10/01 03:05:41.945, 180 MHz, 405 MHz, 0x0000000000000000, 11.86 W, 0 %, 488 MiB
2026/10/01 03:05:42.446, 180 MHz, 405 MHz, 0x0000000000000000, 11.86 W, 0 %, 488 MiB
2026/10/01 03:05:42.962, 180 MHz, 405 MHz, 0x0000000000000000, 10.37 W, 0 %, 488 MiB
2026/10/01 03:05:43.475, 180 MHz, 405 MHz, 0x0000000000000000, 10.37 W, 0 %, 488 MiB
2026/10/01 03:05:43.976, 180 MHz, 405 MHz, 0x0000000000000000, 10.43 W, 0 %, 488 MiB
2026/10/01 03:05:44.489, 180 MHz, 405 MHz, 0x0000000000000000, 10.43 W, 0 %, 488 MiB
2026/10/01 03:05:44.990, 180 MHz, 405 MHz, 0x0000000000000000, 10.57 W, 0 %, 488 MiB
2026/10/01 03:05:45.491, 180 MHz, 405 MHz, 0x0000000000000000, 10.92 W, 0 %, 488 MiB
2026/10/01 03:05:45.994, 180 MHz, 405 MHz, 0x0000000000000000, 11.60 W, 0 %, 488 MiB
2026/10/01 03:05:46.495, 180 MHz, 405 MHz, 0x0000000000000000, 11.60 W, 0 %, 488 MiB
2026/10/01 03:05:47.010, 180 MHz, 405 MHz, 0x0000000000000000, 10.60 W, 0 %, 488 MiB
2026/10/01 03:05:47.524, 180 MHz, 405 MHz, 0x0000000000000000, 10.60 W, 0 %, 488 MiB
2026/10/01 03:05:48.038, 180 MHz, 405 MHz, 0x0000000000000000, 10.37 W, 0 %, 488 MiB
2026/10/01 03:05:48.552, 180 MHz, 405 MHz, 0x0000000000000000, 10.37 W, 0 %, 488 MiB
2026/10/01 03:05:49.066, 180 MHz, 405 MHz, 0x0000000000000000, 10.29 W, 0 %, 488 MiB
2026/10/01 03:05:49.581, 180 MHz, 405 MHz, 0x0000000000000000, 10.29 W, 0 %, 488 MiB
2026/10/01 03:05:50.095, 180 MHz, 405 MHz, 0x0000000000000000, 10.48 W, 0 %, 488 MiB
2026/10/01 03:05:50.610, 180 MHz, 405 MHz, 0x0000000000000000, 10.48 W, 0 %, 488 MiB
2026/10/01 03:05:51.111, 180 MHz, 405 MHz, 0x0000000000000000, 10.42 W, 0 %, 488 MiB
2026/10/01 03:05:51.626, 180 MHz, 405 MHz, 0x0000000000000000, 10.42 W, 0 %, 488 MiB
2026/10/01 03:05:52.128, 180 MHz, 405 MHz, 0x0000000000000000, 10.36 W, 0 %, 488 MiB
2026/10/01 03:05:52.643, 180 MHz, 405 MHz, 0x0000000000000000, 10.36 W, 0 %, 488 MiB
2026/10/01 03:05:53.144, 180 MHz, 405 MHz, 0x0000000000000000, 10.48 W, 0 %, 488 MiB
2026/10/01 03:05:53.646, 180 MHz, 405 MHz, 0x0000000000000000, 10.48 W, 0 %, 488 MiB
2026/10/01 03:05:54.161, 180 MHz, 405 MHz, 0x0000000000000000, 10.41 W, 0 %, 488 MiB
2026/10/01 03:05:54.673, 180 MHz, 405 MHz, 0x0000000000000000, 10.41 W, 0 %, 488 MiB
2026/10/01 03:05:55.174, 180 MHz, 405 MHz, 0x0000000000000000, 10.38 W, 0 %, 488 MiB
2026/10/01 03:05:55.688, 180 MHz, 405 MHz, 0x0000000000000000, 10.38 W, 0 %, 488 MiB
2026/10/01 03:05:56.203, 180 MHz, 405 MHz, 0x0000000000000000, 10.61 W, 0 %, 488 MiB
2026/10/01 03:05:56.716, 180 MHz, 405 MHz, 0x0000000000000000, 10.61 W, 0 %, 488 MiB
2026/10/01 03:05:57.230, 180 MHz, 405 MHz, 0x0000000000000000, 10.52 W, 0 %, 493 MiB
2026/10/01 03:05:57.744, 202 MHz, 405 MHz, 0x0000000000000000, 10.75 W, 0 %, 493 MiB
2026/10/01 03:05:58.257, 180 MHz, 405 MHz, 0x0000000000000000, 11.52 W, 0 %, 488 MiB
2026/10/01 03:05:58.772, 180 MHz, 405 MHz, 0x0000000000000000, 11.81 W, 0 %, 488 MiB
2026/10/01 03:05:59.287, 180 MHz, 405 MHz, 0x0000000000000000, 11.82 W, 0 %, 488 MiB
2026/10/01 03:05:59.790, 180 MHz, 405 MHz, 0x0000000000000000, 11.82 W, 0 %, 488 MiB
2026/10/01 03:06:00.303, 180 MHz, 405 MHz, 0x0000000000000000, 10.61 W, 0 %, 488 MiB
2026/10/01 03:06:00.818, 180 MHz, 405 MHz, 0x0000000000000000, 10.61 W, 0 %, 488 MiB
2026/10/01 03:06:01.330, 180 MHz, 405 MHz, 0x0000000000000000, 10.48 W, 0 %, 488 MiB
2026/10/01 03:06:01.830, 180 MHz, 405 MHz, 0x0000000000000000, 10.48 W, 0 %, 488 MiB
2026/10/01 03:06:02.344, 180 MHz, 405 MHz, 0x0000000000000000, 10.69 W, 0 %, 490 MiB
2026/10/01 03:06:02.857, 180 MHz, 405 MHz, 0x0000000000000000, 10.90 W, 0 %, 488 MiB
2026/10/01 03:06:03.361, 180 MHz, 405 MHz, 0x0000000000000000, 11.49 W, 0 %, 488 MiB
2026/10/01 03:06:03.863, 180 MHz, 405 MHz, 0x0000000000000000, 11.50 W, 0 %, 488 MiB
2026/10/01 03:06:04.365, 180 MHz, 13801 MHz, 0x0000000000000000, 13.12 W, 7 %, 983 MiB
2026/10/01 03:06:04.880, 2415 MHz, 13801 MHz, 0x0000000000000000, 37.62 W, 14 %, 11663 MiB
2026/10/01 03:06:05.382, 2572 MHz, 13801 MHz, 0x0000000000000000, 71.46 W, 0 %, 19767 MiB
2026/10/01 03:06:05.883, 2940 MHz, 13801 MHz, 0x0000000000000000, 85.24 W, 0 %, 19767 MiB
2026/10/01 03:06:06.386, 2940 MHz, 13801 MHz, 0x0000000000000000, 92.30 W, 0 %, 19767 MiB
2026/10/01 03:06:06.887, 2940 MHz, 13801 MHz, 0x0000000000000000, 92.35 W, 0 %, 19767 MiB
2026/10/01 03:06:07.390, 2400 MHz, 13801 MHz, 0x0000000000000000, 78.92 W, 0 %, 19767 MiB
2026/10/01 03:06:07.901, 2400 MHz, 13801 MHz, 0x0000000000000000, 64.67 W, 1 %, 19767 MiB
2026/10/01 03:06:08.413, 2400 MHz, 13801 MHz, 0x0000000000000000, 58.33 W, 0 %, 19767 MiB
2026/10/01 03:06:08.914, 2400 MHz, 13801 MHz, 0x0000000000000000, 58.32 W, 0 %, 19767 MiB
2026/10/01 03:06:09.428, 2437 MHz, 13801 MHz, 0x0000000000000000, 59.24 W, 0 %, 19767 MiB
2026/10/01 03:06:09.940, 2415 MHz, 13801 MHz, 0x0000000000000000, 59.67 W, 0 %, 19767 MiB
2026/10/01 03:06:10.441, 2437 MHz, 13801 MHz, 0x0000000000000000, 59.94 W, 1 %, 19767 MiB
2026/10/01 03:06:10.955, 2445 MHz, 13801 MHz, 0x0000000000000000, 60.89 W, 1 %, 19767 MiB
2026/10/01 03:06:11.470, 1147 MHz, 810 MHz, 0x0000000000000000, 52.51 W, 1 %, 19767 MiB
2026/10/01 03:06:11.984, 727 MHz, 810 MHz, 0x0000000000000000, 36.58 W, 4 %, 19767 MiB
2026/10/01 03:06:12.500, 697 MHz, 810 MHz, 0x0000000000000000, 31.45 W, 4 %, 19767 MiB
2026/10/01 03:06:13.012, 592 MHz, 405 MHz, 0x0000000000000000, 30.76 W, 5 %, 19767 MiB
2026/10/01 03:06:13.527, 570 MHz, 405 MHz, 0x0000000000000000, 28.93 W, 8 %, 19767 MiB
2026/10/01 03:06:14.028, 315 MHz, 405 MHz, 0x0000000000000000, 26.33 W, 9 %, 19767 MiB
2026/10/01 03:06:14.543, 495 MHz, 405 MHz, 0x0000000000000000, 26.11 W, 5 %, 19767 MiB
2026/10/01 03:06:15.044, 450 MHz, 405 MHz, 0x0000000000000000, 27.29 W, 8 %, 19767 MiB
2026/10/01 03:06:15.557, 502 MHz, 405 MHz, 0x0000000000000000, 27.91 W, 5 %, 19767 MiB
2026/10/01 03:06:16.070, 457 MHz, 405 MHz, 0x0000000000000000, 28.39 W, 5 %, 19767 MiB
2026/10/01 03:06:16.572, 315 MHz, 405 MHz, 0x0000000000000000, 26.13 W, 1 %, 19767 MiB
2026/10/01 03:06:17.086, 232 MHz, 405 MHz, 0x0000000000000000, 24.02 W, 2 %, 19767 MiB
2026/10/01 03:06:17.597, 255 MHz, 405 MHz, 0x0000000000000000, 23.43 W, 5 %, 19767 MiB
2026/10/01 03:06:18.106, 210 MHz, 405 MHz, 0x0000000000000000, 20.33 W, 7 %, 19772 MiB
2026/10/01 03:06:18.618, 435 MHz, 405 MHz, 0x0000000000000000, 22.17 W, 7 %, 19772 MiB
2026/10/01 03:06:19.127, 292 MHz, 405 MHz, 0x0000000000000000, 22.94 W, 3 %, 19767 MiB
2026/10/01 03:06:19.641, 352 MHz, 405 MHz, 0x0000000000000000, 22.20 W, 1 %, 19767 MiB
2026/10/01 03:06:20.154, 277 MHz, 405 MHz, 0x0000000000000000, 23.11 W, 2 %, 19767 MiB
2026/10/01 03:06:20.665, 277 MHz, 405 MHz, 0x0000000000000000, 23.87 W, 2 %, 19767 MiB
2026/10/01 03:06:21.178, 262 MHz, 405 MHz, 0x0000000000000000, 23.55 W, 1 %, 19767 MiB
2026/10/01 03:06:21.690, 277 MHz, 405 MHz, 0x0000000000000000, 23.56 W, 1 %, 19767 MiB
2026/10/01 03:06:22.200, 270 MHz, 405 MHz, 0x0000000000000000, 23.39 W, 2 %, 19767 MiB
2026/10/01 03:06:22.712, 322 MHz, 405 MHz, 0x0000000000000000, 24.03 W, 4 %, 19767 MiB
2026/10/01 03:06:23.222, 300 MHz, 405 MHz, 0x0000000000000000, 25.53 W, 5 %, 19767 MiB
2026/10/01 03:06:23.731, 405 MHz, 405 MHz, 0x0000000000000000, 26.54 W, 6 %, 19767 MiB
2026/10/01 03:06:24.246, 315 MHz, 405 MHz, 0x0000000000000000, 26.50 W, 4 %, 19767 MiB
2026/10/01 03:06:24.760, 495 MHz, 405 MHz, 0x0000000000000000, 26.83 W, 8 %, 19770 MiB
2026/10/01 03:06:25.273, 360 MHz, 405 MHz, 0x0000000000000000, 27.01 W, 5 %, 19770 MiB
2026/10/01 03:06:25.787, 412 MHz, 405 MHz, 0x0000000000000000, 25.89 W, 3 %, 19767 MiB
2026/10/01 03:06:26.301, 202 MHz, 405 MHz, 0x0000000000000000, 20.89 W, 9 %, 19767 MiB
2026/10/01 03:06:26.814, 285 MHz, 405 MHz, 0x0000000000000000, 17.85 W, 4 %, 19770 MiB
2026/10/01 03:06:27.329, 180 MHz, 405 MHz, 0x0000000000000000, 15.83 W, 9 %, 19767 MiB
2026/10/01 03:06:27.829, 180 MHz, 405 MHz, 0x0000000000000000, 11.98 W, 5 %, 19767 MiB
2026/10/01 03:06:28.344, 180 MHz, 405 MHz, 0x0000000000000000, 12.07 W, 10 %, 19767 MiB
2026/10/01 03:06:28.854, 180 MHz, 405 MHz, 0x0000000000000000, 12.08 W, 2 %, 19767 MiB
2026/10/01 03:06:29.368, 555 MHz, 405 MHz, 0x0000000000000000, 16.85 W, 10 %, 19767 MiB
2026/10/01 03:06:29.872, 457 MHz, 405 MHz, 0x0000000000000000, 23.30 W, 8 %, 19767 MiB
2026/10/01 03:06:30.387, 540 MHz, 405 MHz, 0x0000000000000000, 27.07 W, 5 %, 19767 MiB
2026/10/01 03:06:30.888, 450 MHz, 405 MHz, 0x0000000000000000, 27.48 W, 5 %, 19767 MiB
2026/10/01 03:06:31.393, 352 MHz, 405 MHz, 0x0000000000000000, 26.56 W, 6 %, 19767 MiB
2026/10/01 03:06:31.905, 420 MHz, 405 MHz, 0x0000000000000000, 26.63 W, 7 %, 19770 MiB
2026/10/01 03:06:32.420, 322 MHz, 405 MHz, 0x0000000000000000, 26.46 W, 6 %, 19767 MiB
2026/10/01 03:06:32.920, 255 MHz, 405 MHz, 0x0000000000000000, 23.18 W, 5 %, 19767 MiB
2026/10/01 03:06:33.420, 225 MHz, 405 MHz, 0x0000000000000000, 18.18 W, 5 %, 19767 MiB
2026/10/01 03:06:33.935, 435 MHz, 405 MHz, 0x0000000000000000, 18.42 W, 7 %, 19767 MiB
2026/10/01 03:06:34.448, 480 MHz, 405 MHz, 0x0000000000000000, 23.66 W, 7 %, 19767 MiB
2026/10/01 03:06:34.960, 472 MHz, 405 MHz, 0x0000000000000000, 27.56 W, 7 %, 19767 MiB
2026/10/01 03:06:35.472, 472 MHz, 405 MHz, 0x0000000000000000, 27.80 W, 7 %, 19767 MiB
2026/10/01 03:06:35.985, 390 MHz, 405 MHz, 0x0000000000000000, 26.99 W, 4 %, 19767 MiB
2026/10/01 03:06:36.501, 510 MHz, 405 MHz, 0x0000000000000000, 26.75 W, 10 %, 19767 MiB
2026/10/01 03:06:37.012, 442 MHz, 405 MHz, 0x0000000000000000, 27.47 W, 8 %, 19767 MiB
2026/10/01 03:06:37.515, 540 MHz, 405 MHz, 0x0000000000000000, 28.27 W, 5 %, 19767 MiB
2026/10/01 03:06:38.016, 300 MHz, 405 MHz, 0x0000000000000000, 25.76 W, 2 %, 19767 MiB
2026/10/01 03:06:38.528, 427 MHz, 405 MHz, 0x0000000000000000, 24.67 W, 6 %, 19767 MiB
2026/10/01 03:06:39.040, 420 MHz, 405 MHz, 0x0000000000000000, 26.09 W, 6 %, 19772 MiB
2026/10/01 03:06:39.554, 450 MHz, 405 MHz, 0x0000000000000000, 26.95 W, 7 %, 19772 MiB
2026/10/01 03:06:40.056, 375 MHz, 405 MHz, 0x0000000000000000, 26.53 W, 4 %, 19767 MiB
2026/10/01 03:06:40.567, 412 MHz, 405 MHz, 0x0000000000000000, 25.85 W, 9 %, 19767 MiB
2026/10/01 03:06:41.070, 337 MHz, 405 MHz, 0x0000000000000000, 25.42 W, 4 %, 19767 MiB
2026/10/01 03:06:41.571, 420 MHz, 405 MHz, 0x0000000000000000, 25.89 W, 10 %, 19767 MiB
2026/10/01 03:06:42.071, 435 MHz, 405 MHz, 0x0000000000000000, 26.14 W, 7 %, 19767 MiB
2026/10/01 03:06:42.583, 382 MHz, 405 MHz, 0x0000000000000000, 26.19 W, 6 %, 19767 MiB
2026/10/01 03:06:43.085, 330 MHz, 405 MHz, 0x0000000000000000, 25.36 W, 2 %, 19767 MiB
2026/10/01 03:06:43.588, 277 MHz, 405 MHz, 0x0000000000000000, 24.14 W, 4 %, 19767 MiB
2026/10/01 03:06:44.101, 502 MHz, 405 MHz, 0x0000000000000000, 25.13 W, 8 %, 19767 MiB
2026/10/01 03:06:44.603, 285 MHz, 405 MHz, 0x0000000000000000, 25.06 W, 4 %, 19767 MiB
2026/10/01 03:06:45.118, 405 MHz, 405 MHz, 0x0000000000000000, 24.61 W, 5 %, 19767 MiB
2026/10/01 03:06:45.632, 337 MHz, 405 MHz, 0x0000000000000000, 23.07 W, 8 %, 19767 MiB
2026/10/01 03:06:46.147, 285 MHz, 405 MHz, 0x0000000000000000, 21.42 W, 6 %, 19767 MiB
2026/10/01 03:06:46.659, 412 MHz, 405 MHz, 0x0000000000000000, 22.94 W, 4 %, 19767 MiB
2026/10/01 03:06:47.160, 225 MHz, 405 MHz, 0x0000000000000000, 24.36 W, 6 %, 19767 MiB
2026/10/01 03:06:47.674, 300 MHz, 405 MHz, 0x0000000000000000, 23.34 W, 1 %, 19767 MiB
2026/10/01 03:06:48.189, 405 MHz, 405 MHz, 0x0000000000000000, 24.83 W, 8 %, 19767 MiB
2026/10/01 03:06:48.690, 397 MHz, 405 MHz, 0x0000000000000000, 25.74 W, 3 %, 19770 MiB
2026/10/01 03:06:49.204, 450 MHz, 405 MHz, 0x0000000000000000, 26.51 W, 7 %, 19767 MiB
2026/10/01 03:06:49.705, 397 MHz, 405 MHz, 0x0000000000000000, 26.41 W, 4 %, 19767 MiB
2026/10/01 03:06:50.219, 382 MHz, 405 MHz, 0x0000000000000000, 25.64 W, 1 %, 19767 MiB
2026/10/01 03:06:50.734, 330 MHz, 405 MHz, 0x0000000000000000, 24.85 W, 8 %, 19767 MiB
2026/10/01 03:06:51.238, 240 MHz, 405 MHz, 0x0000000000000000, 23.18 W, 5 %, 19767 MiB
2026/10/01 03:06:51.751, 397 MHz, 405 MHz, 0x0000000000000000, 24.23 W, 6 %, 19770 MiB
2026/10/01 03:06:52.267, 472 MHz, 405 MHz, 0x0000000000000000, 27.06 W, 8 %, 19767 MiB
2026/10/01 03:06:52.782, 360 MHz, 405 MHz, 0x0000000000000000, 26.94 W, 6 %, 19767 MiB
2026/10/01 03:06:53.297, 375 MHz, 405 MHz, 0x0000000000000000, 26.03 W, 8 %, 19767 MiB
2026/10/01 03:06:53.811, 367 MHz, 405 MHz, 0x0000000000000000, 26.82 W, 7 %, 19767 MiB
2026/10/01 03:06:54.312, 442 MHz, 405 MHz, 0x0000000000000000, 27.13 W, 6 %, 19767 MiB
2026/10/01 03:06:54.825, 292 MHz, 405 MHz, 0x0000000000000000, 25.77 W, 5 %, 19767 MiB
2026/10/01 03:06:55.339, 405 MHz, 405 MHz, 0x0000000000000000, 25.66 W, 7 %, 19767 MiB
2026/10/01 03:06:55.854, 405 MHz, 405 MHz, 0x0000000000000000, 26.82 W, 6 %, 19767 MiB
2026/10/01 03:06:56.369, 375 MHz, 405 MHz, 0x0000000000000000, 26.23 W, 6 %, 19767 MiB
2026/10/01 03:06:56.870, 360 MHz, 405 MHz, 0x0000000000000000, 25.63 W, 5 %, 19767 MiB
2026/10/01 03:06:57.371, 382 MHz, 405 MHz, 0x0000000000000000, 25.51 W, 7 %, 19767 MiB
2026/10/01 03:06:57.871, 465 MHz, 405 MHz, 0x0000000000000000, 26.34 W, 7 %, 19767 MiB
2026/10/01 03:06:58.383, 457 MHz, 405 MHz, 0x0000000000000000, 27.23 W, 7 %, 19767 MiB
2026/10/01 03:06:58.895, 465 MHz, 405 MHz, 0x0000000000000000, 27.14 W, 7 %, 19767 MiB
2026/10/01 03:06:59.408, 457 MHz, 405 MHz, 0x0000000000000000, 26.59 W, 5 %, 19767 MiB
2026/10/01 03:06:59.920, 435 MHz, 405 MHz, 0x0000000000000000, 25.98 W, 6 %, 19767 MiB
2026/10/01 03:07:00.436, 435 MHz, 405 MHz, 0x0000000000000000, 26.16 W, 5 %, 19772 MiB
2026/10/01 03:07:00.951, 397 MHz, 405 MHz, 0x0000000000000000, 24.86 W, 6 %, 19767 MiB
2026/10/01 03:07:01.452, 210 MHz, 405 MHz, 0x0000000000000000, 19.80 W, 2 %, 19767 MiB
2026/10/01 03:07:01.965, 367 MHz, 405 MHz, 0x0000000000000000, 20.51 W, 9 %, 19767 MiB
2026/10/01 03:07:02.478, 465 MHz, 405 MHz, 0x0000000000000000, 25.56 W, 5 %, 19767 MiB
2026/10/01 03:07:02.991, 525 MHz, 405 MHz, 0x0000000000000000, 27.00 W, 8 %, 19767 MiB
2026/10/01 03:07:03.504, 322 MHz, 405 MHz, 0x0000000000000000, 26.21 W, 5 %, 19767 MiB
2026/10/01 03:07:04.016, 540 MHz, 405 MHz, 0x0000000000000000, 26.61 W, 8 %, 19767 MiB
2026/10/01 03:07:04.531, 510 MHz, 405 MHz, 0x0000000000000000, 26.85 W, 5 %, 19767 MiB
2026/10/01 03:07:05.045, 390 MHz, 405 MHz, 0x0000000000000000, 25.83 W, 5 %, 19767 MiB
2026/10/01 03:07:05.557, 465 MHz, 405 MHz, 0x0000000000000000, 25.80 W, 5 %, 19767 MiB
2026/10/01 03:07:06.059, 292 MHz, 405 MHz, 0x0000000000000000, 24.76 W, 1 %, 19767 MiB
2026/10/01 03:07:06.560, 397 MHz, 405 MHz, 0x0000000000000000, 23.80 W, 2 %, 19767 MiB
2026/10/01 03:07:07.076, 435 MHz, 405 MHz, 0x0000000000000000, 24.80 W, 5 %, 19767 MiB
2026/10/01 03:07:07.591, 412 MHz, 405 MHz, 0x0000000000000000, 25.70 W, 6 %, 19767 MiB
2026/10/01 03:07:08.103, 435 MHz, 405 MHz, 0x0000000000000000, 26.22 W, 5 %, 19770 MiB
2026/10/01 03:07:08.615, 435 MHz, 405 MHz, 0x0000000000000000, 26.89 W, 6 %, 19767 MiB
2026/10/01 03:07:09.131, 427 MHz, 405 MHz, 0x0000000000000000, 26.87 W, 7 %, 19767 MiB
2026/10/01 03:07:09.647, 427 MHz, 405 MHz, 0x0000000000000000, 26.15 W, 1 %, 19767 MiB
2026/10/01 03:07:10.160, 352 MHz, 405 MHz, 0x0000000000000000, 25.19 W, 6 %, 19767 MiB
2026/10/01 03:07:10.672, 412 MHz, 405 MHz, 0x0000000000000000, 25.33 W, 5 %, 19770 MiB
2026/10/01 03:07:11.172, 412 MHz, 405 MHz, 0x0000000000000000, 25.67 W, 6 %, 19767 MiB
2026/10/01 03:07:11.676, 427 MHz, 405 MHz, 0x0000000000000000, 25.34 W, 1 %, 19767 MiB
2026/10/01 03:07:12.190, 502 MHz, 405 MHz, 0x0000000000000000, 24.90 W, 7 %, 19767 MiB
2026/10/01 03:07:12.692, 277 MHz, 405 MHz, 0x0000000000000000, 22.19 W, 4 %, 19767 MiB
2026/10/01 03:07:13.195, 322 MHz, 405 MHz, 0x0000000000000000, 21.17 W, 2 %, 19767 MiB
2026/10/01 03:07:13.710, 292 MHz, 405 MHz, 0x0000000000000000, 22.75 W, 7 %, 19767 MiB
2026/10/01 03:07:14.210, 450 MHz, 405 MHz, 0x0000000000000000, 24.84 W, 5 %, 19767 MiB
2026/10/01 03:07:14.723, 187 MHz, 405 MHz, 0x0000000000000000, 21.68 W, 6 %, 19767 MiB
2026/10/01 03:07:15.223, 292 MHz, 405 MHz, 0x0000000000000000, 14.47 W, 6 %, 19767 MiB
2026/10/01 03:07:15.738, 465 MHz, 405 MHz, 0x0000000000000000, 17.34 W, 0 %, 19767 MiB
2026/10/01 03:07:16.254, 390 MHz, 405 MHz, 0x0000000000000000, 21.95 W, 5 %, 19767 MiB
2026/10/01 03:07:16.754, 412 MHz, 405 MHz, 0x0000000000000000, 24.96 W, 3 %, 19767 MiB
2026/10/01 03:07:17.256, 382 MHz, 405 MHz, 0x0000000000000000, 25.56 W, 4 %, 19767 MiB
2026/10/01 03:07:17.759, 382 MHz, 405 MHz, 0x0000000000000000, 25.44 W, 4 %, 19767 MiB
2026/10/01 03:07:18.262, 360 MHz, 405 MHz, 0x0000000000000000, 25.06 W, 3 %, 19767 MiB
2026/10/01 03:07:18.775, 382 MHz, 405 MHz, 0x0000000000000000, 24.85 W, 4 %, 19767 MiB
2026/10/01 03:07:19.290, 367 MHz, 405 MHz, 0x0000000000000000, 24.68 W, 2 %, 19767 MiB
2026/10/01 03:07:19.790, 412 MHz, 405 MHz, 0x0000000000000000, 24.20 W, 5 %, 19767 MiB
2026/10/01 03:07:20.305, 435 MHz, 405 MHz, 0x0000000000000000, 25.87 W, 4 %, 19767 MiB
2026/10/01 03:07:20.818, 435 MHz, 405 MHz, 0x0000000000000000, 25.90 W, 6 %, 19767 MiB
2026/10/01 03:07:21.332, 427 MHz, 405 MHz, 0x0000000000000000, 26.17 W, 7 %, 19772 MiB
2026/10/01 03:07:21.833, 427 MHz, 405 MHz, 0x0000000000000000, 25.98 W, 6 %, 19772 MiB
2026/10/01 03:07:22.336, 510 MHz, 405 MHz, 0x0000000000000000, 26.08 W, 7 %, 19767 MiB
2026/10/01 03:07:22.836, 435 MHz, 405 MHz, 0x0000000000000000, 25.77 W, 7 %, 19767 MiB
2026/10/01 03:07:23.338, 352 MHz, 405 MHz, 0x0000000000000000, 24.26 W, 4 %, 19767 MiB
2026/10/01 03:07:23.841, 427 MHz, 405 MHz, 0x0000000000000000, 23.25 W, 1 %, 19767 MiB
2026/10/01 03:07:24.354, 300 MHz, 405 MHz, 0x0000000000000000, 22.81 W, 1 %, 19767 MiB
2026/10/01 03:07:24.863, 352 MHz, 405 MHz, 0x0000000000000000, 22.41 W, 2 %, 19767 MiB
2026/10/01 03:07:25.375, 262 MHz, 405 MHz, 0x0000000000000000, 22.39 W, 2 %, 19767 MiB
2026/10/01 03:07:25.890, 307 MHz, 405 MHz, 0x0000000000000000, 22.56 W, 2 %, 19767 MiB
2026/10/01 03:07:26.393, 262 MHz, 405 MHz, 0x0000000000000000, 22.31 W, 1 %, 19767 MiB
2026/10/01 03:07:26.905, 277 MHz, 405 MHz, 0x0000000000000000, 21.56 W, 2 %, 19767 MiB
2026/10/01 03:07:27.418, 270 MHz, 405 MHz, 0x0000000000000000, 21.74 W, 1 %, 19767 MiB
2026/10/01 03:07:27.931, 277 MHz, 405 MHz, 0x0000000000000000, 22.29 W, 2 %, 19767 MiB
2026/10/01 03:07:28.443, 315 MHz, 405 MHz, 0x0000000000000000, 22.60 W, 2 %, 19767 MiB
2026/10/01 03:07:28.956, 262 MHz, 405 MHz, 0x0000000000000000, 22.50 W, 1 %, 19767 MiB
2026/10/01 03:07:29.467, 315 MHz, 405 MHz, 0x0000000000000000, 22.37 W, 1 %, 19767 MiB
2026/10/01 03:07:29.981, 307 MHz, 405 MHz, 0x0000000000000000, 22.56 W, 2 %, 19767 MiB
2026/10/01 03:07:30.488, 285 MHz, 405 MHz, 0x0000000000000000, 22.62 W, 2 %, 19767 MiB
2026/10/01 03:07:30.996, 390 MHz, 405 MHz, 0x0000000000000000, 23.56 W, 4 %, 19767 MiB
2026/10/01 03:07:31.506, 397 MHz, 405 MHz, 0x0000000000000000, 23.51 W, 5 %, 19767 MiB
2026/10/01 03:07:32.018, 300 MHz, 405 MHz, 0x0000000000000000, 22.45 W, 2 %, 19767 MiB
2026/10/01 03:07:32.528, 285 MHz, 405 MHz, 0x0000000000000000, 21.08 W, 2 %, 19770 MiB
2026/10/01 03:07:33.031, 510 MHz, 405 MHz, 0x0000000000000000, 24.16 W, 7 %, 19770 MiB
2026/10/01 03:07:33.533, 472 MHz, 405 MHz, 0x0000000000000000, 26.08 W, 5 %, 19767 MiB
2026/10/01 03:07:34.035, 480 MHz, 405 MHz, 0x0000000000000000, 25.74 W, 7 %, 19767 MiB
2026/10/01 03:07:34.547, 420 MHz, 405 MHz, 0x0000000000000000, 25.37 W, 6 %, 19767 MiB
2026/10/01 03:07:35.048, 390 MHz, 405 MHz, 0x0000000000000000, 24.94 W, 8 %, 19767 MiB
2026/10/01 03:07:35.561, 427 MHz, 405 MHz, 0x0000000000000000, 25.52 W, 10 %, 19767 MiB
2026/10/01 03:07:36.063, 247 MHz, 405 MHz, 0x0000000000000000, 21.93 W, 6 %, 19767 MiB
2026/10/01 03:07:36.577, 285 MHz, 405 MHz, 0x0000000000000000, 20.14 W, 8 %, 19767 MiB
2026/10/01 03:07:37.092, 442 MHz, 405 MHz, 0x0000000000000000, 23.83 W, 4 %, 19767 MiB
2026/10/01 03:07:37.592, 487 MHz, 405 MHz, 0x0000000000000000, 25.44 W, 2 %, 19767 MiB
2026/10/01 03:07:38.106, 285 MHz, 405 MHz, 0x0000000000000000, 24.45 W, 8 %, 19767 MiB
2026/10/01 03:07:38.607, 262 MHz, 405 MHz, 0x0000000000000000, 21.77 W, 5 %, 19767 MiB
2026/10/01 03:07:39.109, 382 MHz, 405 MHz, 0x0000000000000000, 22.18 W, 4 %, 19767 MiB
2026/10/01 03:07:39.611, 435 MHz, 405 MHz, 0x0000000000000000, 24.08 W, 6 %, 19767 MiB
2026/10/01 03:07:40.122, 375 MHz, 405 MHz, 0x0000000000000000, 24.21 W, 5 %, 19767 MiB
2026/10/01 03:07:40.624, 382 MHz, 405 MHz, 0x0000000000000000, 23.81 W, 6 %, 19767 MiB
2026/10/01 03:07:41.136, 367 MHz, 405 MHz, 0x0000000000000000, 23.91 W, 7 %, 19767 MiB
2026/10/01 03:07:41.638, 397 MHz, 405 MHz, 0x0000000000000000, 24.58 W, 7 %, 19767 MiB
2026/10/01 03:07:42.152, 457 MHz, 405 MHz, 0x0000000000000000, 25.53 W, 7 %, 19772 MiB
2026/10/01 03:07:42.665, 472 MHz, 405 MHz, 0x0000000000000000, 25.65 W, 5 %, 19772 MiB
2026/10/01 03:07:43.180, 427 MHz, 405 MHz, 0x0000000000000000, 25.05 W, 5 %, 19767 MiB
2026/10/01 03:07:43.681, 420 MHz, 405 MHz, 0x0000000000000000, 24.35 W, 4 %, 19767 MiB
2026/10/01 03:07:44.183, 435 MHz, 405 MHz, 0x0000000000000000, 23.94 W, 3 %, 19767 MiB
2026/10/01 03:07:44.698, 345 MHz, 405 MHz, 0x0000000000000000, 23.44 W, 3 %, 19767 MiB
2026/10/01 03:07:45.212, 382 MHz, 405 MHz, 0x0000000000000000, 23.41 W, 4 %, 19767 MiB
2026/10/01 03:07:45.713, 352 MHz, 405 MHz, 0x0000000000000000, 23.76 W, 5 %, 19767 MiB
2026/10/01 03:07:46.225, 390 MHz, 405 MHz, 0x0000000000000000, 23.80 W, 5 %, 19767 MiB
2026/10/01 03:07:46.735, 412 MHz, 405 MHz, 0x0000000000000000, 23.90 W, 4 %, 19767 MiB
2026/10/01 03:07:47.250, 337 MHz, 405 MHz, 0x0000000000000000, 23.16 W, 6 %, 19767 MiB
2026/10/01 03:07:47.752, 465 MHz, 405 MHz, 0x0000000000000000, 24.07 W, 6 %, 19767 MiB
2026/10/01 03:07:48.254, 472 MHz, 405 MHz, 0x0000000000000000, 25.78 W, 7 %, 19767 MiB
2026/10/01 03:07:48.769, 390 MHz, 405 MHz, 0x0000000000000000, 25.10 W, 6 %, 19767 MiB
2026/10/01 03:07:49.269, 465 MHz, 405 MHz, 0x0000000000000000, 24.80 W, 6 %, 19767 MiB
2026/10/01 03:07:49.783, 450 MHz, 405 MHz, 0x0000000000000000, 24.90 W, 3 %, 19767 MiB
2026/10/01 03:07:50.294, 382 MHz, 405 MHz, 0x0000000000000000, 24.48 W, 6 %, 19767 MiB
2026/10/01 03:07:50.809, 435 MHz, 405 MHz, 0x0000000000000000, 24.33 W, 4 %, 19767 MiB
2026/10/01 03:07:51.324, 420 MHz, 405 MHz, 0x0000000000000000, 24.23 W, 9 %, 19767 MiB
2026/10/01 03:07:51.837, 540 MHz, 405 MHz, 0x0000000000000000, 25.88 W, 7 %, 19767 MiB
2026/10/01 03:07:52.349, 450 MHz, 405 MHz, 0x0000000000000000, 25.90 W, 9 %, 19767 MiB
2026/10/01 03:07:52.858, 502 MHz, 405 MHz, 0x0000000000000000, 26.01 W, 7 %, 19767 MiB
2026/10/01 03:07:53.363, 420 MHz, 405 MHz, 0x0000000000000000, 25.48 W, 6 %, 19767 MiB
2026/10/01 03:07:53.878, 397 MHz, 405 MHz, 0x0000000000000000, 25.04 W, 4 %, 19767 MiB
2026/10/01 03:07:54.391, 502 MHz, 405 MHz, 0x0000000000000000, 25.54 W, 8 %, 19770 MiB
2026/10/01 03:07:54.906, 412 MHz, 405 MHz, 0x0000000000000000, 24.94 W, 3 %, 19767 MiB
2026/10/01 03:07:55.410, 555 MHz, 405 MHz, 0x0000000000000000, 24.68 W, 19 %, 21193 MiB
2026/10/01 03:07:55.924, 2895 MHz, 13801 MHz, 0x0000000000000000, 73.74 W, 100 %, 31686 MiB
2026/10/01 03:07:56.439, 2940 MHz, 13801 MHz, 0x0000000000000000, 114.90 W, 76 %, 32102 MiB
2026/10/01 03:07:56.940, 2940 MHz, 13801 MHz, 0x0000000000000000, 107.70 W, 37 %, 32102 MiB
2026/10/01 03:07:57.453, 2940 MHz, 13801 MHz, 0x0000000000000000, 105.09 W, 0 %, 17864 MiB
2026/10/01 03:07:57.957, 2940 MHz, 13801 MHz, 0x0000000000000000, 100.29 W, 0 %, 17864 MiB
2026/10/01 03:07:58.458, 2482 MHz, 13801 MHz, 0x0000000000000000, 89.96 W, 0 %, 17864 MiB
2026/10/01 03:07:58.974, 1552 MHz, 7001 MHz, 0x0000000000000000, 65.26 W, 0 %, 17864 MiB
2026/10/01 03:07:59.489, 1230 MHz, 7001 MHz, 0x0000000000000000, 41.61 W, 0 %, 17864 MiB
2026/10/01 03:07:59.991, 1095 MHz, 7001 MHz, 0x0000000000000000, 35.40 W, 0 %, 17864 MiB
2026/10/01 03:08:00.504, 1095 MHz, 7001 MHz, 0x0000000000000000, 35.40 W, 0 %, 17864 MiB
2026/10/01 03:08:01.019, 682 MHz, 7001 MHz, 0x0000000000000000, 33.19 W, 0 %, 17864 MiB
2026/10/01 03:08:01.533, 682 MHz, 7001 MHz, 0x0000000000000000, 33.19 W, 0 %, 17864 MiB
2026/10/01 03:08:02.034, 435 MHz, 7001 MHz, 0x0000000000000000, 31.86 W, 0 %, 17864 MiB
2026/10/01 03:08:02.544, 435 MHz, 810 MHz, 0x0000000000000000, 26.17 W, 0 %, 17864 MiB
2026/10/01 03:08:03.058, 240 MHz, 810 MHz, 0x0000000000000000, 18.01 W, 0 %, 18616 MiB
2026/10/01 03:08:03.559, 345 MHz, 810 MHz, 0x0000000000000000, 18.74 W, 0 %, 18640 MiB
2026/10/01 03:08:04.069, 180 MHz, 405 MHz, 0x0000000000000000, 14.34 W, 0 %, 18734 MiB
2026/10/01 03:08:04.584, 2940 MHz, 13801 MHz, 0x0000000000000000, 56.49 W, 0 %, 18734 MiB
2026/10/01 03:08:05.085, 2932 MHz, 13801 MHz, 0x0000000000000000, 96.01 W, 15 %, 18734 MiB
2026/10/01 03:08:05.587, 2940 MHz, 13801 MHz, 0x0000000000000000, 99.19 W, 0 %, 18734 MiB
2026/10/01 03:08:06.102, 2910 MHz, 7001 MHz, 0x0000000000000000, 94.84 W, 0 %, 18734 MiB
2026/10/01 03:08:06.617, 930 MHz, 7001 MHz, 0x0000000000000000, 63.20 W, 0 %, 18734 MiB
2026/10/01 03:08:07.118, 802 MHz, 7001 MHz, 0x0000000000000000, 44.96 W, 0 %, 18734 MiB
2026/10/01 03:08:07.620, 652 MHz, 7001 MHz, 0x0000000000000000, 42.56 W, 0 %, 18734 MiB
2026/10/01 03:08:08.120, 510 MHz, 7001 MHz, 0x0000000000000000, 32.05 W, 0 %, 18734 MiB
2026/10/01 03:08:08.635, 405 MHz, 7001 MHz, 0x0000000000000000, 31.18 W, 0 %, 18734 MiB
2026/10/01 03:08:09.147, 405 MHz, 7001 MHz, 0x0000000000000000, 31.08 W, 0 %, 18734 MiB
2026/10/01 03:08:09.649, 405 MHz, 7001 MHz, 0x0000000000000000, 31.08 W, 0 %, 18734 MiB
2026/10/01 03:08:10.150, 262 MHz, 810 MHz, 0x0000000000000000, 24.06 W, 0 %, 18734 MiB
2026/10/01 03:08:10.652, 262 MHz, 810 MHz, 0x0000000000000000, 24.06 W, 0 %, 18734 MiB
2026/10/01 03:08:11.167, 2925 MHz, 13801 MHz, 0x0000000000000000, 56.42 W, 19 %, 18734 MiB
2026/10/01 03:08:11.683, 2940 MHz, 13801 MHz, 0x0000000000000000, 65.54 W, 0 %, 18734 MiB
2026/10/01 03:08:12.184, 2932 MHz, 13801 MHz, 0x0000000000000000, 102.80 W, 24 %, 18734 MiB
2026/10/01 03:08:12.688, 2940 MHz, 13801 MHz, 0x0000000000000000, 96.53 W, 0 %, 18734 MiB
2026/10/01 03:08:13.198, 1837 MHz, 7001 MHz, 0x0000000000000000, 97.43 W, 28 %, 17942 MiB
2026/10/01 03:08:13.701, 1065 MHz, 7001 MHz, 0x0000000000000000, 64.31 W, 0 %, 17942 MiB
2026/10/01 03:08:14.214, 967 MHz, 7001 MHz, 0x0000000000000000, 40.91 W, 0 %, 17942 MiB
2026/10/01 03:08:14.728, 675 MHz, 7001 MHz, 0x0000000000000000, 33.42 W, 0 %, 17942 MiB
2026/10/01 03:08:15.237, 532 MHz, 7001 MHz, 0x0000000000000000, 32.22 W, 0 %, 17942 MiB
2026/10/01 03:08:15.751, 532 MHz, 7001 MHz, 0x0000000000000000, 32.22 W, 0 %, 17942 MiB
2026/10/01 03:08:16.265, 532 MHz, 7001 MHz, 0x0000000000000000, 30.06 W, 0 %, 17942 MiB
2026/10/01 03:08:16.778, 277 MHz, 810 MHz, 0x0000000000000000, 28.68 W, 0 %, 17944 MiB
2026/10/01 03:08:17.294, 210 MHz, 810 MHz, 0x0000000000000000, 26.30 W, 0 %, 17942 MiB
2026/10/01 03:08:17.797, 210 MHz, 810 MHz, 0x0000000000000000, 20.42 W, 0 %, 17942 MiB
2026/10/01 03:08:18.298, 180 MHz, 810 MHz, 0x0000000000000000, 14.01 W, 0 %, 18198 MiB
2026/10/01 03:08:18.798, 2647 MHz, 13801 MHz, 0x0000000000000000, 46.65 W, 81 %, 18198 MiB
2026/10/01 03:08:19.301, 2940 MHz, 13801 MHz, 0x0000000000000000, 115.45 W, 0 %, 18198 MiB
2026/10/01 03:08:19.802, 2940 MHz, 13801 MHz, 0x0000000000000000, 129.64 W, 0 %, 18198 MiB
2026/10/01 03:08:20.316, 2940 MHz, 13801 MHz, 0x0000000000000000, 90.77 W, 0 %, 18198 MiB
2026/10/01 03:08:20.818, 2010 MHz, 7001 MHz, 0x0000000000000000, 85.51 W, 0 %, 18198 MiB
2026/10/01 03:08:21.332, 457 MHz, 7001 MHz, 0x0000000000000000, 32.23 W, 0 %, 18198 MiB
2026/10/01 03:08:21.833, 360 MHz, 7001 MHz, 0x0000000000000000, 31.26 W, 0 %, 18198 MiB
2026/10/01 03:08:22.335, 285 MHz, 7001 MHz, 0x0000000000000000, 30.61 W, 0 %, 18198 MiB
2026/10/01 03:08:22.837, 1935 MHz, 13801 MHz, 0x0000000000000000, 51.44 W, 0 %, 18198 MiB
2026/10/01 03:08:23.351, 1695 MHz, 13801 MHz, 0x0000000000000000, 59.47 W, 0 %, 18198 MiB
2026/10/01 03:08:23.861, 1695 MHz, 13801 MHz, 0x0000000000000000, 48.16 W, 0 %, 18198 MiB
2026/10/01 03:08:24.377, 1702 MHz, 13801 MHz, 0x0000000000000000, 48.07 W, 0 %, 18200 MiB
2026/10/01 03:08:24.892, 315 MHz, 7001 MHz, 0x0000000000000000, 40.91 W, 0 %, 18198 MiB
2026/10/01 03:08:25.407, 930 MHz, 7001 MHz, 0x0000000000000000, 44.03 W, 29 %, 18198 MiB
2026/10/01 03:08:25.921, 330 MHz, 7001 MHz, 0x0000000000000000, 41.09 W, 0 %, 18198 MiB
2026/10/01 03:08:26.436, 277 MHz, 7001 MHz, 0x0000000000000000, 36.71 W, 0 %, 18198 MiB
2026/10/01 03:08:26.939, 210 MHz, 7001 MHz, 0x0000000000000000, 29.71 W, 0 %, 18198 MiB
2026/10/01 03:08:27.452, 187 MHz, 7001 MHz, 0x0000000000000000, 29.70 W, 0 %, 18198 MiB
2026/10/01 03:08:27.953, 187 MHz, 810 MHz, 0x0000000000000000, 26.98 W, 0 %, 18198 MiB
2026/10/01 03:08:28.456, 187 MHz, 810 MHz, 0x0000000000000000, 22.10 W, 0 %, 18198 MiB
2026/10/01 03:08:28.959, 2932 MHz, 13801 MHz, 0x0000000000000000, 45.68 W, 100 %, 18198 MiB
2026/10/01 03:08:29.464, 2940 MHz, 13801 MHz, 0x0000000000000000, 86.64 W, 0 %, 18198 MiB
2026/10/01 03:08:29.966, 2940 MHz, 13801 MHz, 0x0000000000000000, 104.30 W, 0 %, 18198 MiB
2026/10/01 03:08:30.481, 2940 MHz, 13801 MHz, 0x0000000000000000, 91.03 W, 0 %, 18198 MiB
2026/10/01 03:08:30.995, 1147 MHz, 7001 MHz, 0x0000000000000000, 80.40 W, 0 %, 18198 MiB
2026/10/01 03:08:31.497, 577 MHz, 7001 MHz, 0x0000000000000000, 51.20 W, 0 %, 18198 MiB
2026/10/01 03:08:32.012, 510 MHz, 7001 MHz, 0x0000000000000000, 33.02 W, 0 %, 18198 MiB
2026/10/01 03:08:32.514, 510 MHz, 7001 MHz, 0x0000000000000000, 33.02 W, 0 %, 18198 MiB
2026/10/01 03:08:33.029, 330 MHz, 7001 MHz, 0x0000000000000000, 30.23 W, 0 %, 18198 MiB
2026/10/01 03:08:33.541, 255 MHz, 7001 MHz, 0x0000000000000000, 29.95 W, 0 %, 18200 MiB
2026/10/01 03:08:34.053, 195 MHz, 810 MHz, 0x0000000000000000, 28.12 W, 0 %, 18200 MiB
2026/10/01 03:08:34.562, 180 MHz, 810 MHz, 0x0000000000000000, 19.39 W, 0 %, 18328 MiB
2026/10/01 03:08:35.075, 1702 MHz, 13801 MHz, 0x0000000000000000, 28.37 W, 0 %, 18520 MiB
2026/10/01 03:08:35.576, 1770 MHz, 13801 MHz, 0x0000000000000000, 47.94 W, 0 %, 18520 MiB
2026/10/01 03:08:36.088, 1770 MHz, 13801 MHz, 0x0000000000000000, 49.90 W, 0 %, 18520 MiB
2026/10/01 03:08:36.597, 2700 MHz, 13801 MHz, 0x0000000000000000, 75.71 W, 0 %, 18520 MiB
2026/10/01 03:08:37.108, 2805 MHz, 13801 MHz, 0x0000000000000000, 86.79 W, 0 %, 18520 MiB
2026/10/01 03:08:37.620, 2940 MHz, 13801 MHz, 0x0000000000000000, 100.60 W, 0 %, 18520 MiB
2026/10/01 03:08:38.131, 2940 MHz, 13801 MHz, 0x0000000000000000, 111.85 W, 0 %, 18520 MiB
2026/10/01 03:08:38.641, 2940 MHz, 13801 MHz, 0x0000000000000000, 113.49 W, 0 %, 18522 MiB
2026/10/01 03:08:39.153, 2940 MHz, 13801 MHz, 0x0000000000000000, 111.58 W, 0 %, 18520 MiB
2026/10/01 03:08:39.666, 2940 MHz, 13801 MHz, 0x0000000000000000, 91.69 W, 0 %, 18520 MiB
2026/10/01 03:08:40.179, 2925 MHz, 13801 MHz, 0x0000000000000000, 107.61 W, 0 %, 18520 MiB
2026/10/01 03:08:40.694, 1942 MHz, 13801 MHz, 0x0000000000000000, 90.61 W, 0 %, 18520 MiB
2026/10/01 03:08:41.205, 1545 MHz, 7001 MHz, 0x0000000000000000, 49.92 W, 0 %, 18520 MiB
2026/10/01 03:08:41.705, 2737 MHz, 13801 MHz, 0x0000000000000000, 71.35 W, 0 %, 18520 MiB
2026/10/01 03:08:42.211, 2737 MHz, 13801 MHz, 0x0000000000000000, 109.79 W, 0 %, 18520 MiB
2026/10/01 03:08:42.723, 2760 MHz, 13801 MHz, 0x0000000000000000, 118.92 W, 0 %, 18520 MiB
2026/10/01 03:08:43.237, 2820 MHz, 13801 MHz, 0x0000000000000000, 118.51 W, 0 %, 18520 MiB
2026/10/01 03:08:43.753, 2317 MHz, 13801 MHz, 0x0000000000000000, 90.74 W, 0 %, 18520 MiB
2026/10/01 03:08:44.265, 2940 MHz, 13801 MHz, 0x0000000000000000, 95.92 W, 0 %, 18522 MiB
2026/10/01 03:08:44.775, 2932 MHz, 13801 MHz, 0x0000000000000000, 129.37 W, 0 %, 18522 MiB
2026/10/01 03:08:45.286, 2940 MHz, 13801 MHz, 0x0000000000000000, 112.30 W, 0 %, 18527 MiB
2026/10/01 03:08:45.787, 2940 MHz, 13801 MHz, 0x0000000000000000, 91.25 W, 0 %, 18527 MiB
2026/10/01 03:08:46.298, 2932 MHz, 13801 MHz, 0x0000000000000000, 113.70 W, 0 %, 18522 MiB
2026/10/01 03:08:46.799, 2190 MHz, 13801 MHz, 0x0000000000000000, 103.10 W, 0 %, 18522 MiB
2026/10/01 03:08:47.300, 2745 MHz, 13801 MHz, 0x0000000000000000, 95.68 W, 0 %, 18522 MiB
2026/10/01 03:08:47.801, 2932 MHz, 13801 MHz, 0x0000000000000000, 118.75 W, 57 %, 18522 MiB
2026/10/01 03:08:48.306, 2940 MHz, 13801 MHz, 0x0000000000000000, 111.80 W, 0 %, 18522 MiB
2026/10/01 03:08:48.820, 2940 MHz, 13801 MHz, 0x0000000000000000, 131.80 W, 0 %, 18522 MiB
2026/10/01 03:08:49.335, 2932 MHz, 13801 MHz, 0x0000000000000000, 132.20 W, 84 %, 18522 MiB
2026/10/01 03:08:49.835, 2940 MHz, 13801 MHz, 0x0000000000000000, 111.82 W, 0 %, 18522 MiB
2026/10/01 03:08:50.338, 2932 MHz, 13801 MHz, 0x0000000000000000, 132.75 W, 0 %, 18522 MiB
2026/10/01 03:08:50.839, 2940 MHz, 13801 MHz, 0x0000000000000000, 112.31 W, 0 %, 18522 MiB
2026/10/01 03:08:51.340, 2940 MHz, 13801 MHz, 0x0000000000000000, 111.97 W, 0 %, 18522 MiB
2026/10/01 03:08:51.854, 2932 MHz, 13801 MHz, 0x0000000000000000, 136.16 W, 0 %, 18522 MiB
2026/10/01 03:08:52.369, 2790 MHz, 13801 MHz, 0x0000000000000000, 132.61 W, 2 %, 18522 MiB
2026/10/01 03:08:52.883, 2940 MHz, 13801 MHz, 0x0000000000000000, 109.03 W, 0 %, 18522 MiB
2026/10/01 03:08:53.383, 2940 MHz, 13801 MHz, 0x0000000000000000, 114.29 W, 0 %, 18522 MiB
2026/10/01 03:08:53.896, 2940 MHz, 13801 MHz, 0x0000000000000000, 137.46 W, 0 %, 18522 MiB
2026/10/01 03:08:54.411, 2940 MHz, 13801 MHz, 0x0000000000000000, 139.69 W, 16 %, 18522 MiB
2026/10/01 03:08:54.921, 2940 MHz, 13801 MHz, 0x0000000000000000, 132.78 W, 0 %, 18522 MiB
2026/10/01 03:08:55.421, 2940 MHz, 13801 MHz, 0x0000000000000000, 132.96 W, 0 %, 18522 MiB
2026/10/01 03:08:55.936, 2932 MHz, 13801 MHz, 0x0000000000000000, 122.17 W, 52 %, 18586 MiB
2026/10/01 03:08:56.437, 2940 MHz, 13801 MHz, 0x0000000000000000, 106.49 W, 0 %, 18586 MiB
2026/10/01 03:08:56.939, 2940 MHz, 13801 MHz, 0x0000000000000000, 125.57 W, 0 %, 18586 MiB
2026/10/01 03:08:57.440, 2940 MHz, 13801 MHz, 0x0000000000000000, 135.52 W, 0 %, 18586 MiB
2026/10/01 03:08:57.956, 2940 MHz, 13801 MHz, 0x0000000000000000, 114.45 W, 0 %, 18586 MiB
2026/10/01 03:08:58.460, 2940 MHz, 13801 MHz, 0x0000000000000000, 113.91 W, 0 %, 18586 MiB
2026/10/01 03:08:58.975, 2940 MHz, 13801 MHz, 0x0000000000000000, 132.13 W, 0 %, 18586 MiB
2026/10/01 03:08:59.490, 2932 MHz, 13801 MHz, 0x0000000000000000, 132.52 W, 3 %, 18586 MiB
2026/10/01 03:09:00.003, 2940 MHz, 13801 MHz, 0x0000000000000000, 119.33 W, 27 %, 18588 MiB
2026/10/01 03:09:00.507, 2940 MHz, 13801 MHz, 0x0000000000000000, 116.10 W, 13 %, 18586 MiB
2026/10/01 03:09:01.008, 2940 MHz, 13801 MHz, 0x0000000000000000, 133.19 W, 0 %, 18586 MiB
2026/10/01 03:09:01.510, 2940 MHz, 13801 MHz, 0x0000000000000000, 134.10 W, 0 %, 18588 MiB
2026/10/01 03:09:02.023, 2932 MHz, 13801 MHz, 0x0000000000000000, 139.32 W, 0 %, 18588 MiB
2026/10/01 03:09:02.525, 2940 MHz, 13801 MHz, 0x0000000000000000, 117.56 W, 13 %, 18586 MiB
2026/10/01 03:09:03.037, 2940 MHz, 13801 MHz, 0x0000000000000000, 113.87 W, 0 %, 18586 MiB
2026/10/01 03:09:03.551, 2932 MHz, 13801 MHz, 0x0000000000000000, 130.51 W, 0 %, 18586 MiB
2026/10/01 03:09:04.052, 2940 MHz, 13801 MHz, 0x0000000000000000, 108.92 W, 0 %, 18586 MiB
2026/10/01 03:09:04.562, 2940 MHz, 13801 MHz, 0x0000000000000000, 115.46 W, 0 %, 18586 MiB
2026/10/01 03:09:05.073, 2932 MHz, 13801 MHz, 0x0000000000000000, 133.97 W, 0 %, 18586 MiB
2026/10/01 03:09:05.583, 2940 MHz, 13801 MHz, 0x0000000000000000, 115.58 W, 18 %, 18586 MiB
2026/10/01 03:09:06.093, 2940 MHz, 13801 MHz, 0x0000000000000000, 114.80 W, 0 %, 18593 MiB
2026/10/01 03:09:06.606, 2932 MHz, 13801 MHz, 0x0000000000000000, 134.88 W, 15 %, 18591 MiB
2026/10/01 03:09:07.121, 2940 MHz, 13801 MHz, 0x0000000000000000, 113.13 W, 0 %, 18650 MiB
2026/10/01 03:09:07.624, 2940 MHz, 13801 MHz, 0x0000000000000000, 94.94 W, 0 %, 18650 MiB
2026/10/01 03:09:08.125, 2932 MHz, 13801 MHz, 0x0000000000000000, 106.60 W, 56 %, 18650 MiB
2026/10/01 03:09:08.626, 2092 MHz, 13801 MHz, 0x0000000000000000, 103.14 W, 0 %, 18650 MiB
2026/10/01 03:09:09.128, 2235 MHz, 13801 MHz, 0x0000000000000000, 110.53 W, 0 %, 18650 MiB
2026/10/01 03:09:09.644, 1777 MHz, 7001 MHz, 0x0000000000000000, 84.61 W, 35 %, 18650 MiB
2026/10/01 03:09:10.157, 2767 MHz, 13801 MHz, 0x0000000000000000, 75.86 W, 0 %, 18650 MiB
2026/10/01 03:09:10.657, 2767 MHz, 13801 MHz, 0x0000000000000000, 86.34 W, 0 %, 18650 MiB
2026/10/01 03:09:11.171, 2767 MHz, 13801 MHz, 0x0000000000000000, 74.44 W, 0 %, 18650 MiB
2026/10/01 03:09:11.682, 1845 MHz, 7001 MHz, 0x0000000000000000, 71.05 W, 0 %, 18650 MiB
2026/10/01 03:09:12.182, 465 MHz, 7001 MHz, 0x0000000000000000, 50.11 W, 0 %, 18650 MiB
2026/10/01 03:09:12.698, 405 MHz, 7001 MHz, 0x0000000000000000, 33.37 W, 0 %, 18650 MiB
2026/10/01 03:09:13.199, 1222 MHz, 7001 MHz, 0x0000000000000000, 47.60 W, 0 %, 18650 MiB
2026/10/01 03:09:13.701, 1057 MHz, 7001 MHz, 0x0000000000000000, 47.52 W, 0 %, 18650 MiB
2026/10/01 03:09:14.215, 1125 MHz, 7001 MHz, 0x0000000000000000, 37.83 W, 99 %, 18650 MiB
2026/10/01 03:09:14.728, 1770 MHz, 13801 MHz, 0x0000000000000000, 57.16 W, 0 %, 18650 MiB
2026/10/01 03:09:15.229, 1770 MHz, 13801 MHz, 0x0000000000000000, 64.55 W, 0 %, 18650 MiB
2026/10/01 03:09:15.742, 2925 MHz, 13801 MHz, 0x0000000000000000, 87.09 W, 0 %, 18650 MiB
2026/10/01 03:09:16.243, 2925 MHz, 13801 MHz, 0x0000000000000000, 110.50 W, 0 %, 18650 MiB
2026/10/01 03:09:16.758, 2932 MHz, 13801 MHz, 0x0000000000000000, 115.69 W, 0 %, 18650 MiB
2026/10/01 03:09:17.267, 2940 MHz, 13801 MHz, 0x0000000000000000, 113.85 W, 0 %, 18650 MiB
2026/10/01 03:09:17.779, 2940 MHz, 13801 MHz, 0x0000000000000000, 92.48 W, 0 %, 18694 MiB
2026/10/01 03:09:18.293, 2940 MHz, 13801 MHz, 0x0000000000000000, 92.60 W, 0 %, 18694 MiB
2026/10/01 03:09:18.807, 682 MHz, 7001 MHz, 0x0000000000000000, 77.29 W, 0 %, 18694 MiB
2026/10/01 03:09:19.322, 555 MHz, 7001 MHz, 0x0000000000000000, 50.75 W, 0 %, 18694 MiB
2026/10/01 03:09:19.834, 2310 MHz, 13801 MHz, 0x0000000000000000, 58.36 W, 0 %, 18700 MiB
2026/10/01 03:09:20.334, 2752 MHz, 13801 MHz, 0x0000000000000000, 76.25 W, 0 %, 18700 MiB
2026/10/01 03:09:20.848, 2940 MHz, 13801 MHz, 0x0000000000000000, 110.56 W, 0 %, 18700 MiB
2026/10/01 03:09:21.362, 2940 MHz, 13801 MHz, 0x0000000000000000, 112.95 W, 0 %, 18700 MiB
2026/10/01 03:09:21.865, 2940 MHz, 13801 MHz, 0x0000000000000000, 115.01 W, 0 %, 18700 MiB
2026/10/01 03:09:22.367, 2932 MHz, 13801 MHz, 0x0000000000000000, 115.61 W, 19 %, 18702 MiB
2026/10/01 03:09:22.882, 2932 MHz, 13801 MHz, 0x0000000000000000, 138.37 W, 17 %, 18702 MiB
2026/10/01 03:09:23.397, 2932 MHz, 13801 MHz, 0x0000000000000000, 139.35 W, 5 %, 18764 MiB
2026/10/01 03:09:23.898, 2932 MHz, 13801 MHz, 0x0000000000000000, 139.01 W, 0 %, 18764 MiB
2026/10/01 03:09:24.413, 2932 MHz, 13801 MHz, 0x0000000000000000, 134.21 W, 51 %, 18766 MiB
2026/10/01 03:09:24.924, 2940 MHz, 13801 MHz, 0x0000000000000000, 113.00 W, 0 %, 18764 MiB
2026/10/01 03:09:25.427, 2940 MHz, 13801 MHz, 0x0000000000000000, 115.87 W, 0 %, 18764 MiB
2026/10/01 03:09:25.939, 2932 MHz, 13801 MHz, 0x0000000000000000, 138.46 W, 49 %, 18764 MiB
2026/10/01 03:09:26.454, 2940 MHz, 13801 MHz, 0x0000000000000000, 112.98 W, 0 %, 18764 MiB
2026/10/01 03:09:26.954, 2932 MHz, 13801 MHz, 0x0000000000000000, 116.32 W, 0 %, 18764 MiB
2026/10/01 03:09:27.455, 2940 MHz, 13801 MHz, 0x0000000000000000, 117.16 W, 19 %, 18769 MiB
2026/10/01 03:09:27.967, 2940 MHz, 13801 MHz, 0x0000000000000000, 104.00 W, 0 %, 18764 MiB
2026/10/01 03:09:28.468, 2932 MHz, 13801 MHz, 0x0000000000000000, 124.38 W, 0 %, 18828 MiB
2026/10/01 03:09:28.972, 2932 MHz, 13801 MHz, 0x0000000000000000, 135.61 W, 21 %, 18828 MiB
2026/10/01 03:09:29.474, 2940 MHz, 13801 MHz, 0x0000000000000000, 116.24 W, 0 %, 18828 MiB
2026/10/01 03:09:29.989, 2940 MHz, 13801 MHz, 0x0000000000000000, 116.30 W, 0 %, 18828 MiB
2026/10/01 03:09:30.504, 2932 MHz, 13801 MHz, 0x0000000000000000, 139.31 W, 92 %, 18828 MiB
2026/10/01 03:09:31.008, 2940 MHz, 13801 MHz, 0x0000000000000000, 113.45 W, 0 %, 18828 MiB
2026/10/01 03:09:31.522, 2932 MHz, 13801 MHz, 0x0000000000000000, 133.74 W, 0 %, 18828 MiB
2026/10/01 03:09:32.023, 2940 MHz, 13801 MHz, 0x0000000000000000, 115.27 W, 0 %, 18828 MiB
2026/10/01 03:09:32.524, 2940 MHz, 13801 MHz, 0x0000000000000000, 112.39 W, 0 %, 18828 MiB
2026/10/01 03:09:33.027, 2940 MHz, 13801 MHz, 0x0000000000000000, 112.37 W, 0 %, 18828 MiB
2026/10/01 03:09:33.528, 2940 MHz, 13801 MHz, 0x0000000000000000, 102.79 W, 0 %, 18828 MiB
2026/10/01 03:09:34.030, 2917 MHz, 7001 MHz, 0x0000000000000000, 102.74 W, 0 %, 18828 MiB
2026/10/01 03:09:34.541, 2805 MHz, 13801 MHz, 0x0000000000000000, 97.11 W, 0 %, 18828 MiB
2026/10/01 03:09:35.056, 2857 MHz, 13801 MHz, 0x0000000000000000, 114.14 W, 93 %, 18828 MiB
2026/10/01 03:09:35.569, 2940 MHz, 13801 MHz, 0x0000000000000000, 108.96 W, 0 %, 18828 MiB
2026/10/01 03:09:36.082, 2940 MHz, 13801 MHz, 0x0000000000000000, 134.36 W, 0 %, 18828 MiB
2026/10/01 03:09:36.596, 2940 MHz, 13801 MHz, 0x0000000000000000, 115.95 W, 0 %, 18828 MiB
2026/10/01 03:09:37.111, 2940 MHz, 13801 MHz, 0x0000000000000000, 92.45 W, 0 %, 18828 MiB
2026/10/01 03:09:37.624, 2940 MHz, 13801 MHz, 0x0000000000000000, 92.39 W, 0 %, 18828 MiB
2026/10/01 03:09:38.125, 532 MHz, 7001 MHz, 0x0000000000000000, 71.63 W, 0 %, 18828 MiB
2026/10/01 03:09:38.637, 427 MHz, 7001 MHz, 0x0000000000000000, 44.73 W, 0 %, 18828 MiB
2026/10/01 03:09:39.151, 427 MHz, 7001 MHz, 0x0000000000000000, 34.01 W, 0 %, 18828 MiB
2026/10/01 03:09:39.667, 427 MHz, 7001 MHz, 0x0000000000000000, 34.01 W, 0 %, 18828 MiB
2026/10/01 03:09:40.170, 1275 MHz, 7001 MHz, 0x0000000000000000, 48.31 W, 0 %, 18828 MiB
2026/10/01 03:09:40.674, 1507 MHz, 7001 MHz, 0x0000000000000000, 45.36 W, 0 %, 18828 MiB
2026/10/01 03:09:41.190, 2047 MHz, 7001 MHz, 0x0000000000000000, 57.92 W, 0 %, 18828 MiB
2026/10/01 03:09:41.702, 1507 MHz, 7001 MHz, 0x0000000000000000, 58.07 W, 0 %, 18828 MiB
2026/10/01 03:09:42.216, 1200 MHz, 7001 MHz, 0x0000000000000000, 56.96 W, 0 %, 18828 MiB
2026/10/01 03:09:42.730, 975 MHz, 7001 MHz, 0x0000000000000000, 38.49 W, 92 %, 18828 MiB
2026/10/01 03:09:43.244, 2340 MHz, 13801 MHz, 0x0000000000000000, 59.35 W, 0 %, 18828 MiB
2026/10/01 03:09:43.756, 2332 MHz, 13801 MHz, 0x0000000000000000, 73.78 W, 0 %, 18828 MiB
2026/10/01 03:09:44.271, 2340 MHz, 13801 MHz, 0x0000000000000000, 55.92 W, 0 %, 18828 MiB
2026/10/01 03:09:44.782, 1560 MHz, 7001 MHz, 0x0000000000000000, 53.83 W, 0 %, 18828 MiB
2026/10/01 03:09:45.297, 390 MHz, 7001 MHz, 0x0000000000000000, 42.31 W, 0 %, 18828 MiB
2026/10/01 03:09:45.805, 352 MHz, 7001 MHz, 0x0000000000000000, 35.09 W, 0 %, 18830 MiB
2026/10/01 03:09:46.319, 270 MHz, 7001 MHz, 0x0000000000000000, 32.34 W, 0 %, 18830 MiB
2026/10/01 03:09:46.830, 195 MHz, 7001 MHz, 0x0000000000000000, 31.90 W, 0 %, 18828 MiB
2026/10/01 03:09:47.342, 180 MHz, 7001 MHz, 0x0000000000000000, 31.75 W, 0 %, 18828 MiB
2026/10/01 03:09:47.853, 750 MHz, 7001 MHz, 0x0000000000000000, 53.69 W, 0 %, 18828 MiB
2026/10/01 03:09:48.361, 1897 MHz, 13801 MHz, 0x0000000000000000, 57.55 W, 0 %, 18833 MiB
2026/10/01 03:09:48.873, 2325 MHz, 13801 MHz, 0x0000000000000000, 68.18 W, 0 %, 18828 MiB
2026/10/01 03:09:49.389, 2325 MHz, 13801 MHz, 0x0000000000000000, 55.74 W, 0 %, 18828 MiB
2026/10/01 03:09:49.904, 2325 MHz, 13801 MHz, 0x0000000000000000, 80.79 W, 0 %, 18828 MiB
2026/10/01 03:09:50.415, 1732 MHz, 13801 MHz, 0x0000000000000000, 77.46 W, 0 %, 18828 MiB
2026/10/01 03:09:50.916, 2640 MHz, 13801 MHz, 0x0000000000000000, 74.91 W, 0 %, 18582 MiB
2026/10/01 03:09:51.430, 2872 MHz, 13801 MHz, 0x0000000000000000, 91.36 W, 0 %, 18582 MiB
2026/10/01 03:09:51.930, 2880 MHz, 13801 MHz, 0x0000000000000000, 90.04 W, 0 %, 18694 MiB
2026/10/01 03:09:52.431, 2872 MHz, 13801 MHz, 0x0000000000000000, 91.55 W, 0 %, 18594 MiB
2026/10/01 03:09:52.945, 1140 MHz, 7001 MHz, 0x0000000000000000, 66.09 W, 6 %, 18924 MiB
2026/10/01 03:09:53.460, 1215 MHz, 7001 MHz, 0x0000000000000000, 51.12 W, 27 %, 19056 MiB
2026/10/01 03:09:53.962, 2835 MHz, 13801 MHz, 0x0000000000000000, 82.00 W, 0 %, 19314 MiB
2026/10/01 03:09:54.476, 2940 MHz, 13801 MHz, 0x0000000000000000, 101.80 W, 0 %, 19314 MiB
2026/10/01 03:09:54.991, 2940 MHz, 13801 MHz, 0x0000000000000000, 92.19 W, 0 %, 19314 MiB
2026/10/01 03:09:55.505, 2940 MHz, 13801 MHz, 0x0000000000000000, 92.30 W, 0 %, 19314 MiB
2026/10/01 03:09:56.018, 532 MHz, 7001 MHz, 0x0000000000000000, 69.35 W, 0 %, 19314 MiB
2026/10/01 03:09:56.519, 427 MHz, 7001 MHz, 0x0000000000000000, 44.53 W, 0 %, 19314 MiB
2026/10/01 03:09:57.031, 427 MHz, 7001 MHz, 0x0000000000000000, 39.17 W, 0 %, 19314 MiB
2026/10/01 03:09:57.545, 427 MHz, 7001 MHz, 0x0000000000000000, 39.17 W, 0 %, 19314 MiB
2026/10/01 03:09:58.048, 210 MHz, 810 MHz, 0x0000000000000000, 23.02 W, 1 %, 19506 MiB
2026/10/01 03:09:58.563, 487 MHz, 810 MHz, 0x0000000000000000, 24.65 W, 0 %, 20482 MiB
2026/10/01 03:09:59.063, 1102 MHz, 405 MHz, 0x0000000000000000, 26.81 W, 0 %, 22158 MiB
2026/10/01 03:09:59.564, 2932 MHz, 13801 MHz, 0x0000000000000000, 71.90 W, 4 %, 22226 MiB
2026/10/01 03:10:00.066, 2940 MHz, 13801 MHz, 0x0000000000000000, 106.92 W, 3 %, 22620 MiB
2026/10/01 03:10:00.567, 2940 MHz, 13801 MHz, 0x0000000000000000, 92.55 W, 0 %, 22620 MiB
2026/10/01 03:10:01.082, 2932 MHz, 13801 MHz, 0x0000000000000000, 96.68 W, 22 %, 22664 MiB
2026/10/01 03:10:01.583, 1620 MHz, 7001 MHz, 0x0000000000000000, 88.39 W, 15 %, 22646 MiB
2026/10/01 03:10:02.097, 960 MHz, 7001 MHz, 0x0000000000000000, 62.21 W, 0 %, 28430 MiB
2026/10/01 03:10:02.600, 1440 MHz, 7001 MHz, 0x0000000000000000, 40.83 W, 0 %, 28430 MiB
2026/10/01 03:10:03.102, 1447 MHz, 7001 MHz, 0x0000000000000000, 41.65 W, 0 %, 28434 MiB
2026/10/01 03:10:03.604, 2932 MHz, 13801 MHz, 0x0000000000000000, 82.76 W, 65 %, 28434 MiB
2026/10/01 03:10:04.105, 2805 MHz, 13801 MHz, 0x0000000000000004, 238.38 W, 81 %, 28502 MiB
2026/10/01 03:10:04.618, 2925 MHz, 13801 MHz, 0x0000000000000000, 323.99 W, 58 %, 28502 MiB
2026/10/01 03:10:05.120, 2932 MHz, 13801 MHz, 0x0000000000000000, 280.37 W, 54 %, 28502 MiB
2026/10/01 03:10:05.621, 2895 MHz, 13801 MHz, 0x0000000000000000, 287.30 W, 55 %, 28502 MiB
2026/10/01 03:10:06.136, 2880 MHz, 13801 MHz, 0x0000000000000000, 271.63 W, 69 %, 28504 MiB
2026/10/01 03:10:06.648, 2932 MHz, 13801 MHz, 0x0000000000000000, 216.51 W, 83 %, 28504 MiB
2026/10/01 03:10:07.150, 2910 MHz, 13801 MHz, 0x0000000000000000, 214.34 W, 86 %, 28504 MiB
2026/10/01 03:10:07.663, 2910 MHz, 13801 MHz, 0x0000000000000000, 269.81 W, 89 %, 28504 MiB
2026/10/01 03:10:08.172, 2902 MHz, 13801 MHz, 0x0000000000000000, 302.37 W, 89 %, 28506 MiB
2026/10/01 03:10:08.687, 2887 MHz, 13801 MHz, 0x0000000000000000, 319.03 W, 90 %, 28568 MiB
2026/10/01 03:10:09.188, 2865 MHz, 13801 MHz, 0x0000000000000000, 344.33 W, 86 %, 29173 MiB
2026/10/01 03:10:09.701, 2827 MHz, 13801 MHz, 0x0000000000000000, 372.50 W, 89 %, 29949 MiB
2026/10/01 03:10:10.215, 2932 MHz, 13801 MHz, 0x0000000000000000, 331.89 W, 76 %, 30260 MiB
2026/10/01 03:10:10.719, 2932 MHz, 13801 MHz, 0x0000000000000000, 230.70 W, 83 %, 30260 MiB
2026/10/01 03:10:11.233, 2925 MHz, 13801 MHz, 0x0000000000000000, 179.45 W, 83 %, 30260 MiB
2026/10/01 03:10:11.746, 2910 MHz, 13801 MHz, 0x0000000000000000, 234.64 W, 91 %, 30260 MiB
2026/10/01 03:10:12.249, 2910 MHz, 13801 MHz, 0x0000000000000000, 281.04 W, 86 %, 30260 MiB
2026/10/01 03:10:12.751, 2902 MHz, 13801 MHz, 0x0000000000000000, 291.96 W, 85 %, 30260 MiB
2026/10/01 03:10:13.262, 2895 MHz, 13801 MHz, 0x0000000000000000, 296.11 W, 83 %, 30260 MiB
2026/10/01 03:10:13.763, 2895 MHz, 13801 MHz, 0x0000000000000000, 304.32 W, 89 %, 30260 MiB
2026/10/01 03:10:14.266, 2880 MHz, 13801 MHz, 0x0000000000000000, 311.69 W, 84 %, 30260 MiB
2026/10/01 03:10:14.780, 2872 MHz, 13801 MHz, 0x0000000000000000, 317.17 W, 89 %, 30260 MiB
2026/10/01 03:10:15.295, 2850 MHz, 13801 MHz, 0x0000000000000000, 332.90 W, 84 %, 30260 MiB
2026/10/01 03:10:15.796, 2842 MHz, 13801 MHz, 0x0000000000000000, 364.59 W, 91 %, 30260 MiB
2026/10/01 03:10:16.296, 2820 MHz, 13801 MHz, 0x0000000000000000, 383.36 W, 92 %, 30786 MiB
2026/10/01 03:10:16.812, 2790 MHz, 13801 MHz, 0x0000000000000004, 413.73 W, 91 %, 30786 MiB
2026/10/01 03:10:17.326, 2932 MHz, 13801 MHz, 0x0000000000000000, 333.57 W, 0 %, 29868 MiB
2026/10/01 03:10:17.827, 2925 MHz, 13801 MHz, 0x0000000000000000, 199.73 W, 19 %, 29814 MiB
2026/10/01 03:10:18.336, 2925 MHz, 13801 MHz, 0x0000000000000000, 144.83 W, 18 %, 29846 MiB
2026/10/01 03:10:18.837, 2752 MHz, 13801 MHz, 0x0000000000000000, 149.88 W, 15 %, 29898 MiB
2026/10/01 03:10:19.337, 2550 MHz, 13801 MHz, 0x0000000000000000, 132.75 W, 14 %, 29932 MiB
2026/10/01 03:10:19.839, 2497 MHz, 7001 MHz, 0x0000000000000000, 111.95 W, 16 %, 30036 MiB
2026/10/01 03:10:20.339, 2437 MHz, 7001 MHz, 0x0000000000000000, 105.48 W, 16 %, 30032 MiB
2026/10/01 03:10:20.854, 2527 MHz, 7001 MHz, 0x0000000000000000, 105.34 W, 17 %, 30046 MiB
2026/10/01 03:10:21.369, 2407 MHz, 7001 MHz, 0x0000000000000000, 98.09 W, 10 %, 30084 MiB
2026/10/01 03:10:21.871, 2392 MHz, 7001 MHz, 0x0000000000000000, 88.98 W, 7 %, 30118 MiB
2026/10/01 03:10:22.387, 1267 MHz, 7001 MHz, 0x0000000000000000, 74.72 W, 0 %, 30158 MiB
2026/10/01 03:10:22.901, 937 MHz, 7001 MHz, 0x0000000000000000, 49.35 W, 0 %, 30158 MiB
2026/10/01 03:10:23.404, 750 MHz, 7001 MHz, 0x0000000000000000, 35.73 W, 0 %, 30254 MiB
2026/10/01 03:10:23.905, 1920 MHz, 7001 MHz, 0x0000000000000000, 69.25 W, 13 %, 30652 MiB
2026/10/01 03:10:24.406, 2122 MHz, 7001 MHz, 0x0000000000000000, 111.32 W, 13 %, 30692 MiB
2026/10/01 03:10:24.920, 2070 MHz, 7001 MHz, 0x0000000000000000, 107.52 W, 11 %, 30774 MiB
2026/10/01 03:10:25.434, 1867 MHz, 7001 MHz, 0x0000000000000000, 98.43 W, 8 %, 30858 MiB
2026/10/01 03:10:25.936, 1920 MHz, 7001 MHz, 0x0000000000000000, 91.69 W, 11 %, 30914 MiB
2026/10/01 03:10:26.436, 2032 MHz, 7001 MHz, 0x0000000000000000, 88.19 W, 7 %, 30994 MiB
2026/10/01 03:10:26.949, 1470 MHz, 7001 MHz, 0x0000000000000000, 76.23 W, 0 %, 31042 MiB
2026/10/01 03:10:27.461, 1125 MHz, 7001 MHz, 0x0000000000000000, 56.71 W, 5 %, 31046 MiB
2026/10/01 03:10:27.970, 1012 MHz, 7001 MHz, 0x0000000000000000, 44.49 W, 0 %, 31514 MiB
2026/10/01 03:10:28.472, 450 MHz, 7001 MHz, 0x0000000000000000, 41.20 W, 0 %, 31514 MiB
2026/10/01 03:10:28.973, 405 MHz, 7001 MHz, 0x0000000000000000, 40.43 W, 0 %, 31514 MiB
2026/10/01 03:10:29.486, 285 MHz, 810 MHz, 0x0000000000000000, 25.32 W, 0 %, 31516 MiB
2026/10/01 03:10:29.999, 217 MHz, 810 MHz, 0x0000000000000000, 20.83 W, 0 %, 31521 MiB
2026/10/01 03:10:30.514, 180 MHz, 810 MHz, 0x0000000000000000, 19.17 W, 0 %, 31519 MiB
2026/10/01 03:10:31.026, 180 MHz, 405 MHz, 0x0000000000000000, 13.89 W, 0 %, 31514 MiB
2026/10/01 03:10:31.541, 180 MHz, 405 MHz, 0x0000000000000000, 12.15 W, 0 %, 31514 MiB
2026/10/01 03:10:32.056, 180 MHz, 405 MHz, 0x0000000000000000, 11.89 W, 0 %, 31514 MiB
2026/10/01 03:10:32.568, 180 MHz, 405 MHz, 0x0000000000000000, 11.89 W, 0 %, 31514 MiB
2026/10/01 03:10:33.082, 180 MHz, 405 MHz, 0x0000000000000000, 10.64 W, 0 %, 31514 MiB
2026/10/01 03:10:33.585, 180 MHz, 405 MHz, 0x0000000000000000, 10.64 W, 0 %, 31514 MiB
2026/10/01 03:10:34.095, 180 MHz, 405 MHz, 0x0000000000000000, 10.63 W, 0 %, 31514 MiB
2026/10/01 03:10:34.608, 180 MHz, 405 MHz, 0x0000000000000000, 10.63 W, 0 %, 31514 MiB
2026/10/01 03:10:35.121, 180 MHz, 405 MHz, 0x0000000000000000, 10.62 W, 0 %, 31514 MiB
2026/10/01 03:10:35.637, 180 MHz, 405 MHz, 0x0000000000000000, 10.62 W, 0 %, 31514 MiB
2026/10/01 03:10:36.137, 180 MHz, 405 MHz, 0x0000000000000000, 10.53 W, 0 %, 31514 MiB
2026/10/01 03:10:36.639, 180 MHz, 405 MHz, 0x0000000000000000, 10.53 W, 0 %, 31514 MiB
2026/10/01 03:10:37.140, 180 MHz, 405 MHz, 0x0000000000000000, 10.55 W, 0 %, 31514 MiB
2026/10/01 03:10:37.655, 180 MHz, 405 MHz, 0x0000000000000000, 10.55 W, 0 %, 31514 MiB
2026/10/01 03:10:38.156, 180 MHz, 405 MHz, 0x0000000000000000, 10.67 W, 0 %, 31514 MiB
2026/10/01 03:10:38.657, 180 MHz, 405 MHz, 0x0000000000000000, 10.67 W, 0 %, 31514 MiB
2026/10/01 03:10:39.171, 180 MHz, 405 MHz, 0x0000000000000000, 10.60 W, 0 %, 31514 MiB
2026/10/01 03:10:39.682, 180 MHz, 405 MHz, 0x0000000000000000, 10.60 W, 0 %, 31514 MiB
2026/10/01 03:10:40.183, 180 MHz, 405 MHz, 0x0000000000000000, 10.54 W, 0 %, 31514 MiB
2026/10/01 03:10:40.697, 180 MHz, 405 MHz, 0x0000000000000000, 10.54 W, 0 %, 31514 MiB
2026/10/01 03:10:41.210, 180 MHz, 405 MHz, 0x0000000000000000, 10.51 W, 0 %, 31514 MiB
2026/10/01 03:10:41.725, 180 MHz, 405 MHz, 0x0000000000000000, 10.51 W, 0 %, 31514 MiB
2026/10/01 03:10:42.228, 180 MHz, 405 MHz, 0x0000000000000000, 10.55 W, 0 %, 31514 MiB
2026/10/01 03:10:42.743, 180 MHz, 405 MHz, 0x0000000000000000, 10.55 W, 0 %, 31514 MiB
2026/10/01 03:10:43.256, 180 MHz, 405 MHz, 0x0000000000000000, 10.55 W, 0 %, 31514 MiB
2026/10/01 03:10:43.771, 180 MHz, 405 MHz, 0x0000000000000000, 10.97 W, 0 %, 31514 MiB
2026/10/01 03:10:44.286, 180 MHz, 405 MHz, 0x0000000000000000, 11.71 W, 0 %, 31514 MiB
2026/10/01 03:10:44.801, 180 MHz, 405 MHz, 0x0000000000000000, 11.71 W, 0 %, 31514 MiB
2026/10/01 03:10:45.316, 180 MHz, 405 MHz, 0x0000000000000000, 10.69 W, 0 %, 31514 MiB
2026/10/01 03:10:45.831, 180 MHz, 405 MHz, 0x0000000000000000, 10.69 W, 0 %, 31514 MiB
2026/10/01 03:10:46.345, 180 MHz, 405 MHz, 0x0000000000000000, 10.65 W, 0 %, 31514 MiB
2026/10/01 03:10:46.859, 180 MHz, 405 MHz, 0x0000000000000000, 10.65 W, 0 %, 31514 MiB
2026/10/01 03:10:47.371, 180 MHz, 405 MHz, 0x0000000000000000, 10.59 W, 0 %, 31514 MiB
2026/10/01 03:10:47.875, 180 MHz, 405 MHz, 0x0000000000000000, 10.56 W, 0 %, 31514 MiB
2026/10/01 03:10:48.376, 180 MHz, 405 MHz, 0x0000000000000000, 11.06 W, 0 %, 31514 MiB
2026/10/01 03:10:48.890, 2932 MHz, 13801 MHz, 0x0000000000000000, 60.58 W, 0 %, 31514 MiB
2026/10/01 03:10:49.406, 2940 MHz, 13801 MHz, 0x0000000000000000, 92.57 W, 0 %, 31514 MiB
2026/10/01 03:10:49.918, 2940 MHz, 13801 MHz, 0x0000000000000000, 92.26 W, 0 %, 31514 MiB
2026/10/01 03:10:50.427, 2940 MHz, 13801 MHz, 0x0000000000000000, 92.15 W, 0 %, 31514 MiB
2026/10/01 03:10:50.937, 757 MHz, 7001 MHz, 0x0000000000000000, 69.70 W, 0 %, 31519 MiB
2026/10/01 03:10:51.447, 592 MHz, 7001 MHz, 0x0000000000000000, 41.04 W, 0 %, 31521 MiB
2026/10/01 03:10:51.956, 472 MHz, 7001 MHz, 0x0000000000000000, 34.47 W, 0 %, 31514 MiB
2026/10/01 03:10:52.468, 375 MHz, 7001 MHz, 0x0000000000000000, 33.75 W, 0 %, 31514 MiB
2026/10/01 03:10:52.978, 337 MHz, 7001 MHz, 0x0000000000000000, 33.41 W, 0 %, 31514 MiB
2026/10/01 03:10:53.486, 337 MHz, 7001 MHz, 0x0000000000000000, 33.41 W, 0 %, 31514 MiB
2026/10/01 03:10:53.994, 225 MHz, 810 MHz, 0x0000000000000000, 28.45 W, 0 %, 31514 MiB
2026/10/01 03:10:54.500, 225 MHz, 810 MHz, 0x0000000000000000, 28.45 W, 0 %, 31514 MiB
2026/10/01 03:10:55.009, 180 MHz, 810 MHz, 0x0000000000000000, 12.21 W, 0 %, 31514 MiB
2026/10/01 03:10:55.522, 180 MHz, 810 MHz, 0x0000000000000000, 12.21 W, 0 %, 31514 MiB
2026/10/01 03:10:56.035, 180 MHz, 405 MHz, 0x0000000000000000, 11.27 W, 0 %, 31514 MiB
2026/10/01 03:10:56.546, 1485 MHz, 405 MHz, 0x0000000000000000, 18.17 W, 99 %, 31648 MiB
2026/10/01 03:10:57.055, 2925 MHz, 13801 MHz, 0x0000000000000000, 163.31 W, 95 %, 31648 MiB
2026/10/01 03:10:57.563, 2925 MHz, 13801 MHz, 0x0000000000000000, 323.08 W, 95 %, 31648 MiB
2026/10/01 03:10:58.072, 2925 MHz, 13801 MHz, 0x0000000000000000, 358.81 W, 94 %, 31648 MiB
2026/10/01 03:10:58.576, 2887 MHz, 13801 MHz, 0x0000000000000000, 351.88 W, 95 %, 31648 MiB
2026/10/01 03:10:59.084, 2910 MHz, 13801 MHz, 0x0000000000000000, 351.78 W, 94 %, 31648 MiB
2026/10/01 03:10:59.590, 2910 MHz, 13801 MHz, 0x0000000000000000, 359.25 W, 95 %, 31648 MiB
2026/10/01 03:11:00.099, 2910 MHz, 13801 MHz, 0x0000000000000000, 360.18 W, 94 %, 31648 MiB
2026/10/01 03:11:00.608, 2910 MHz, 13801 MHz, 0x0000000000000000, 357.39 W, 95 %, 31648 MiB
2026/10/01 03:11:01.114, 2910 MHz, 13801 MHz, 0x0000000000000000, 357.30 W, 94 %, 31648 MiB
2026/10/01 03:11:01.621, 2910 MHz, 13801 MHz, 0x0000000000000000, 361.23 W, 95 %, 31648 MiB
2026/10/01 03:11:02.129, 2910 MHz, 13801 MHz, 0x0000000000000000, 357.80 W, 95 %, 31648 MiB
2026/10/01 03:11:02.636, 2910 MHz, 13801 MHz, 0x0000000000000000, 358.34 W, 94 %, 31648 MiB
2026/10/01 03:11:03.145, 2910 MHz, 13801 MHz, 0x0000000000000000, 362.20 W, 94 %, 31648 MiB
2026/10/01 03:11:03.656, 2887 MHz, 13801 MHz, 0x0000000000000000, 360.30 W, 58 %, 31648 MiB
2026/10/01 03:11:04.165, 2910 MHz, 13801 MHz, 0x0000000000000000, 360.40 W, 95 %, 31648 MiB
2026/10/01 03:11:04.672, 2910 MHz, 13801 MHz, 0x0000000000000000, 365.18 W, 95 %, 31648 MiB
2026/10/01 03:11:05.182, 2910 MHz, 13801 MHz, 0x0000000000000000, 362.34 W, 94 %, 31648 MiB
2026/10/01 03:11:05.689, 2910 MHz, 13801 MHz, 0x0000000000000000, 358.90 W, 95 %, 31648 MiB
2026/10/01 03:11:06.197, 2910 MHz, 13801 MHz, 0x0000000000000000, 359.04 W, 95 %, 31648 MiB
2026/10/01 03:11:06.710, 2910 MHz, 13801 MHz, 0x0000000000000000, 362.09 W, 94 %, 31648 MiB
2026/10/01 03:11:07.216, 2910 MHz, 13801 MHz, 0x0000000000000000, 358.51 W, 95 %, 31648 MiB
2026/10/01 03:11:07.722, 2910 MHz, 13801 MHz, 0x0000000000000000, 359.24 W, 95 %, 31648 MiB
2026/10/01 03:11:08.231, 2910 MHz, 13801 MHz, 0x0000000000000000, 363.93 W, 95 %, 31648 MiB
2026/10/01 03:11:08.737, 2887 MHz, 13801 MHz, 0x0000000000000000, 359.39 W, 63 %, 31648 MiB
2026/10/01 03:11:09.246, 2910 MHz, 13801 MHz, 0x0000000000000000, 359.33 W, 95 %, 31648 MiB
2026/10/01 03:11:09.757, 2910 MHz, 13801 MHz, 0x0000000000000000, 361.01 W, 95 %, 31648 MiB
2026/10/01 03:11:10.266, 2887 MHz, 13801 MHz, 0x0000000000000000, 361.79 W, 58 %, 31648 MiB
2026/10/01 03:11:10.777, 2910 MHz, 13801 MHz, 0x0000000000000000, 362.20 W, 95 %, 31648 MiB
2026/10/01 03:11:11.286, 2910 MHz, 13801 MHz, 0x0000000000000000, 364.96 W, 95 %, 31648 MiB
2026/10/01 03:11:11.790, 2910 MHz, 13801 MHz, 0x0000000000000000, 365.18 W, 95 %, 31648 MiB
2026/10/01 03:11:12.297, 2902 MHz, 13801 MHz, 0x0000000000000000, 366.38 W, 95 %, 31653 MiB
2026/10/01 03:11:12.804, 2910 MHz, 13801 MHz, 0x0000000000000000, 367.71 W, 95 %, 31648 MiB
2026/10/01 03:11:13.314, 2910 MHz, 13801 MHz, 0x0000000000000000, 366.92 W, 94 %, 31650 MiB
2026/10/01 03:11:13.821, 2887 MHz, 13801 MHz, 0x0000000000000000, 361.52 W, 51 %, 31648 MiB
2026/10/01 03:11:14.328, 2910 MHz, 13801 MHz, 0x0000000000000000, 361.67 W, 95 %, 31648 MiB
2026/10/01 03:11:14.833, 2910 MHz, 13801 MHz, 0x0000000000000000, 366.32 W, 94 %, 31648 MiB
2026/10/01 03:11:15.341, 2910 MHz, 13801 MHz, 0x0000000000000000, 367.11 W, 95 %, 31650 MiB
2026/10/01 03:11:15.848, 2910 MHz, 13801 MHz, 0x0000000000000000, 357.79 W, 95 %, 31648 MiB
2026/10/01 03:11:16.358, 2910 MHz, 13801 MHz, 0x0000000000000000, 357.99 W, 94 %, 31648 MiB
2026/10/01 03:11:16.864, 2910 MHz, 13801 MHz, 0x0000000000000000, 367.50 W, 95 %, 31648 MiB
2026/10/01 03:11:17.373, 2910 MHz, 13801 MHz, 0x0000000000000000, 366.65 W, 95 %, 31648 MiB
2026/10/01 03:11:17.882, 2910 MHz, 13801 MHz, 0x0000000000000000, 368.51 W, 94 %, 31648 MiB
2026/10/01 03:11:18.394, 2902 MHz, 13801 MHz, 0x0000000000000000, 365.56 W, 63 %, 31648 MiB
2026/10/01 03:11:18.900, 2910 MHz, 13801 MHz, 0x0000000000000000, 364.37 W, 95 %, 31648 MiB
2026/10/01 03:11:19.407, 2910 MHz, 13801 MHz, 0x0000000000000000, 364.97 W, 95 %, 31650 MiB
2026/10/01 03:11:19.914, 2910 MHz, 13801 MHz, 0x0000000000000000, 368.23 W, 94 %, 31648 MiB
2026/10/01 03:11:20.424, 2895 MHz, 13801 MHz, 0x0000000000000000, 358.11 W, 43 %, 31648 MiB
2026/10/01 03:11:20.932, 2910 MHz, 13801 MHz, 0x0000000000000000, 356.72 W, 94 %, 31648 MiB
2026/10/01 03:11:21.439, 2910 MHz, 13801 MHz, 0x0000000000000000, 361.91 W, 94 %, 31648 MiB
2026/10/01 03:11:21.946, 2910 MHz, 13801 MHz, 0x0000000000000000, 369.13 W, 95 %, 31648 MiB
2026/10/01 03:11:22.453, 2902 MHz, 13801 MHz, 0x0000000000000000, 364.72 W, 67 %, 31648 MiB
2026/10/01 03:11:22.961, 2910 MHz, 13801 MHz, 0x0000000000000000, 363.25 W, 94 %, 31648 MiB
2026/10/01 03:11:23.469, 2910 MHz, 13801 MHz, 0x0000000000000000, 364.66 W, 95 %, 31648 MiB
2026/10/01 03:11:23.979, 2910 MHz, 13801 MHz, 0x0000000000000000, 364.82 W, 68 %, 31648 MiB
2026/10/01 03:11:24.487, 2910 MHz, 13801 MHz, 0x0000000000000000, 361.39 W, 95 %, 31648 MiB
2026/10/01 03:11:24.995, 2910 MHz, 13801 MHz, 0x0000000000000000, 362.17 W, 95 %, 31648 MiB
2026/10/01 03:11:25.504, 2910 MHz, 13801 MHz, 0x0000000000000000, 370.32 W, 94 %, 31648 MiB
2026/10/01 03:11:26.013, 2895 MHz, 13801 MHz, 0x0000000000000000, 360.77 W, 95 %, 31648 MiB
2026/10/01 03:11:26.519, 2910 MHz, 13801 MHz, 0x0000000000000000, 359.51 W, 93 %, 31648 MiB
2026/10/01 03:11:27.027, 2910 MHz, 13801 MHz, 0x0000000000000000, 369.73 W, 95 %, 31648 MiB
2026/10/01 03:11:27.538, 2910 MHz, 13801 MHz, 0x0000000000000000, 366.48 W, 76 %, 31648 MiB
2026/10/01 03:11:28.046, 2910 MHz, 13801 MHz, 0x0000000000000000, 368.25 W, 95 %, 31648 MiB
2026/10/01 03:11:28.554, 2910 MHz, 13801 MHz, 0x0000000000000000, 369.33 W, 95 %, 31648 MiB
2026/10/01 03:11:29.064, 2887 MHz, 13801 MHz, 0x0000000000000000, 369.80 W, 48 %, 31648 MiB
2026/10/01 03:11:29.571, 2910 MHz, 13801 MHz, 0x0000000000000000, 369.89 W, 95 %, 31648 MiB
2026/10/01 03:11:30.078, 2910 MHz, 13801 MHz, 0x0000000000000000, 369.64 W, 95 %, 31648 MiB
2026/10/01 03:11:30.587, 2910 MHz, 13801 MHz, 0x0000000000000000, 371.52 W, 95 %, 31648 MiB
2026/10/01 03:11:31.094, 2902 MHz, 13801 MHz, 0x0000000000000000, 366.16 W, 93 %, 31648 MiB
2026/10/01 03:11:31.601, 2910 MHz, 13801 MHz, 0x0000000000000000, 366.52 W, 95 %, 31648 MiB
2026/10/01 03:11:32.108, 2910 MHz, 13801 MHz, 0x0000000000000000, 372.16 W, 95 %, 31648 MiB
2026/10/01 03:11:32.615, 2887 MHz, 13801 MHz, 0x0000000000000000, 362.05 W, 45 %, 31648 MiB
2026/10/01 03:11:33.123, 2910 MHz, 13801 MHz, 0x0000000000000000, 360.00 W, 94 %, 31653 MiB
2026/10/01 03:11:33.631, 2910 MHz, 13801 MHz, 0x0000000000000000, 370.34 W, 95 %, 31653 MiB
2026/10/01 03:11:34.140, 2895 MHz, 13801 MHz, 0x0000000000000000, 369.08 W, 53 %, 31648 MiB
2026/10/01 03:11:34.644, 2910 MHz, 13801 MHz, 0x0000000000000000, 365.67 W, 94 %, 31648 MiB
2026/10/01 03:11:35.150, 2910 MHz, 13801 MHz, 0x0000000000000000, 365.98 W, 95 %, 31648 MiB
2026/10/01 03:11:35.658, 2910 MHz, 13801 MHz, 0x0000000000000000, 372.35 W, 95 %, 31648 MiB
2026/10/01 03:11:36.165, 2902 MHz, 13801 MHz, 0x0000000000000000, 367.41 W, 95 %, 31648 MiB
2026/10/01 03:11:36.672, 2910 MHz, 13801 MHz, 0x0000000000000000, 367.70 W, 95 %, 31648 MiB
2026/10/01 03:11:37.182, 2910 MHz, 13801 MHz, 0x0000000000000000, 373.73 W, 95 %, 31648 MiB
2026/10/01 03:11:37.689, 2910 MHz, 13801 MHz, 0x0000000000000000, 371.03 W, 95 %, 31648 MiB
2026/10/01 03:11:38.197, 2910 MHz, 13801 MHz, 0x0000000000000000, 370.67 W, 95 %, 31648 MiB
2026/10/01 03:11:38.705, 2910 MHz, 13801 MHz, 0x0000000000000000, 373.87 W, 95 %, 31648 MiB
2026/10/01 03:11:39.213, 2895 MHz, 13801 MHz, 0x0000000000000000, 370.45 W, 46 %, 31648 MiB
2026/10/01 03:11:39.721, 2910 MHz, 13801 MHz, 0x0000000000000000, 369.22 W, 95 %, 31648 MiB
2026/10/01 03:11:40.228, 2910 MHz, 13801 MHz, 0x0000000000000000, 368.99 W, 95 %, 31648 MiB
2026/10/01 03:11:40.738, 2910 MHz, 13801 MHz, 0x0000000000000000, 373.99 W, 95 %, 31648 MiB
2026/10/01 03:11:41.245, 2910 MHz, 13801 MHz, 0x0000000000000000, 370.20 W, 94 %, 31650 MiB
2026/10/01 03:11:41.750, 2910 MHz, 13801 MHz, 0x0000000000000000, 369.91 W, 95 %, 31650 MiB
2026/10/01 03:11:42.256, 2910 MHz, 13801 MHz, 0x0000000000000000, 373.36 W, 95 %, 31648 MiB
2026/10/01 03:11:42.765, 2902 MHz, 13801 MHz, 0x0000000000000000, 361.85 W, 43 %, 31650 MiB
2026/10/01 03:11:43.272, 2910 MHz, 13801 MHz, 0x0000000000000000, 355.75 W, 95 %, 31650 MiB
2026/10/01 03:11:43.776, 2910 MHz, 13801 MHz, 0x0000000000000000, 359.72 W, 95 %, 31648 MiB
2026/10/01 03:11:44.286, 2910 MHz, 13801 MHz, 0x0000000000000000, 371.42 W, 84 %, 31648 MiB
2026/10/01 03:11:44.795, 2910 MHz, 13801 MHz, 0x0000000000000000, 369.83 W, 95 %, 31648 MiB
2026/10/01 03:11:45.301, 2910 MHz, 13801 MHz, 0x0000000000000000, 371.64 W, 95 %, 31648 MiB
2026/10/01 03:11:45.808, 2910 MHz, 13801 MHz, 0x0000000000000000, 374.41 W, 95 %, 31648 MiB
2026/10/01 03:11:46.316, 2910 MHz, 13801 MHz, 0x0000000000000000, 373.87 W, 92 %, 31648 MiB
2026/10/01 03:11:46.821, 2910 MHz, 13801 MHz, 0x0000000000000000, 367.88 W, 94 %, 31648 MiB
2026/10/01 03:11:47.330, 2910 MHz, 13801 MHz, 0x0000000000000000, 367.37 W, 94 %, 31648 MiB
2026/10/01 03:11:47.838, 2895 MHz, 13801 MHz, 0x0000000000000000, 369.53 W, 45 %, 31648 MiB
2026/10/01 03:11:48.346, 2910 MHz, 13801 MHz, 0x0000000000000000, 359.73 W, 95 %, 31648 MiB
2026/10/01 03:11:48.853, 2910 MHz, 13801 MHz, 0x0000000000000000, 360.92 W, 94 %, 31648 MiB
2026/10/01 03:11:49.362, 2910 MHz, 13801 MHz, 0x0000000000000000, 374.48 W, 95 %, 31648 MiB
2026/10/01 03:11:49.869, 2910 MHz, 13801 MHz, 0x0000000000000000, 367.39 W, 95 %, 31648 MiB
2026/10/01 03:11:50.375, 2910 MHz, 13801 MHz, 0x0000000000000000, 374.36 W, 95 %, 31648 MiB
2026/10/01 03:11:50.886, 2895 MHz, 13801 MHz, 0x0000000000000000, 372.31 W, 56 %, 31648 MiB
2026/10/01 03:11:51.391, 2910 MHz, 13801 MHz, 0x0000000000000000, 369.58 W, 95 %, 31648 MiB
2026/10/01 03:11:51.898, 2910 MHz, 13801 MHz, 0x0000000000000000, 369.57 W, 95 %, 31648 MiB
2026/10/01 03:11:52.405, 2910 MHz, 13801 MHz, 0x0000000000000000, 374.46 W, 95 %, 31648 MiB
2026/10/01 03:11:52.914, 2910 MHz, 13801 MHz, 0x0000000000000000, 368.94 W, 95 %, 31648 MiB
2026/10/01 03:11:53.419, 2910 MHz, 13801 MHz, 0x0000000000000000, 368.49 W, 95 %, 31648 MiB
2026/10/01 03:11:53.928, 2910 MHz, 13801 MHz, 0x0000000000000000, 374.79 W, 95 %, 31648 MiB
2026/10/01 03:11:54.438, 2887 MHz, 13801 MHz, 0x0000000000000000, 360.46 W, 36 %, 31653 MiB
2026/10/01 03:11:54.943, 2910 MHz, 13801 MHz, 0x0000000000000000, 355.80 W, 95 %, 31653 MiB
2026/10/01 03:11:55.453, 2910 MHz, 13801 MHz, 0x0000000000000000, 361.05 W, 95 %, 31648 MiB
2026/10/01 03:11:55.962, 2910 MHz, 13801 MHz, 0x0000000000000000, 374.94 W, 95 %, 31648 MiB
2026/10/01 03:11:56.475, 2895 MHz, 13801 MHz, 0x0000000000000000, 369.80 W, 95 %, 31648 MiB
2026/10/01 03:11:56.985, 2910 MHz, 13801 MHz, 0x0000000000000000, 370.34 W, 95 %, 31648 MiB
2026/10/01 03:11:57.495, 2910 MHz, 13801 MHz, 0x0000000000000000, 375.88 W, 95 %, 31648 MiB
2026/10/01 03:11:58.001, 2910 MHz, 13801 MHz, 0x0000000000000000, 375.57 W, 95 %, 31648 MiB
2026/10/01 03:11:58.510, 2887 MHz, 13801 MHz, 0x0000000000000000, 367.98 W, 94 %, 31648 MiB
2026/10/01 03:11:59.017, 2910 MHz, 13801 MHz, 0x0000000000000000, 368.40 W, 94 %, 31648 MiB
2026/10/01 03:11:59.525, 2910 MHz, 13801 MHz, 0x0000000000000000, 375.02 W, 94 %, 31648 MiB
2026/10/01 03:12:00.034, 2910 MHz, 13801 MHz, 0x0000000000000000, 375.47 W, 95 %, 31648 MiB
2026/10/01 03:12:00.541, 2880 MHz, 13801 MHz, 0x0000000000000000, 368.28 W, 95 %, 31648 MiB
2026/10/01 03:12:01.050, 2910 MHz, 13801 MHz, 0x0000000000000000, 368.70 W, 95 %, 31648 MiB
2026/10/01 03:12:01.555, 2910 MHz, 13801 MHz, 0x0000000000000000, 375.38 W, 95 %, 31648 MiB
2026/10/01 03:12:02.062, 2880 MHz, 13801 MHz, 0x0000000000000000, 369.22 W, 59 %, 31648 MiB
2026/10/01 03:12:02.570, 2902 MHz, 13801 MHz, 0x0000000000000000, 370.44 W, 95 %, 31648 MiB
2026/10/01 03:12:03.077, 2902 MHz, 13801 MHz, 0x0000000000000000, 374.24 W, 95 %, 31648 MiB
2026/10/01 03:12:03.583, 2902 MHz, 13801 MHz, 0x0000000000000000, 375.48 W, 89 %, 31648 MiB
2026/10/01 03:12:04.090, 2910 MHz, 13801 MHz, 0x0000000000000000, 364.70 W, 95 %, 31648 MiB
2026/10/01 03:12:04.598, 2910 MHz, 13801 MHz, 0x0000000000000000, 365.54 W, 95 %, 31648 MiB
2026/10/01 03:12:05.106, 2910 MHz, 13801 MHz, 0x0000000000000000, 376.33 W, 95 %, 31650 MiB
2026/10/01 03:12:05.616, 2872 MHz, 13801 MHz, 0x0000000000000000, 367.59 W, 44 %, 31648 MiB
2026/10/01 03:12:06.123, 2910 MHz, 13801 MHz, 0x0000000000000000, 368.27 W, 95 %, 31648 MiB
2026/10/01 03:12:06.630, 2910 MHz, 13801 MHz, 0x0000000000000000, 372.51 W, 95 %, 31650 MiB
2026/10/01 03:12:07.137, 2910 MHz, 13801 MHz, 0x0000000000000000, 376.85 W, 94 %, 31648 MiB
2026/10/01 03:12:07.645, 2880 MHz, 13801 MHz, 0x0000000000000000, 371.00 W, 94 %, 31648 MiB
2026/10/01 03:12:08.155, 2910 MHz, 13801 MHz, 0x0000000000000000, 371.68 W, 95 %, 31648 MiB
2026/10/01 03:12:08.660, 2910 MHz, 13801 MHz, 0x0000000000000000, 376.84 W, 94 %, 31648 MiB
2026/10/01 03:12:09.167, 2910 MHz, 13801 MHz, 0x0000000000000000, 376.51 W, 95 %, 31648 MiB
2026/10/01 03:12:09.674, 2895 MHz, 13801 MHz, 0x0000000000000000, 372.77 W, 95 %, 31648 MiB
2026/10/01 03:12:10.178, 2902 MHz, 13801 MHz, 0x0000000000000000, 373.06 W, 94 %, 31648 MiB
2026/10/01 03:12:10.683, 2902 MHz, 13801 MHz, 0x0000000000000000, 376.24 W, 95 %, 31648 MiB
2026/10/01 03:12:11.190, 2872 MHz, 13801 MHz, 0x0000000000000000, 372.47 W, 95 %, 31648 MiB
2026/10/01 03:12:11.701, 2902 MHz, 13801 MHz, 0x0000000000000000, 372.23 W, 95 %, 31648 MiB
2026/10/01 03:12:12.208, 2902 MHz, 13801 MHz, 0x0000000000000000, 376.01 W, 95 %, 31648 MiB
2026/10/01 03:12:12.716, 2902 MHz, 13801 MHz, 0x0000000000000000, 376.83 W, 90 %, 31648 MiB
2026/10/01 03:12:13.225, 2902 MHz, 13801 MHz, 0x0000000000000000, 370.69 W, 95 %, 31648 MiB
2026/10/01 03:12:13.732, 2902 MHz, 13801 MHz, 0x0000000000000000, 369.84 W, 95 %, 31648 MiB
2026/10/01 03:12:14.243, 2895 MHz, 13801 MHz, 0x0000000000000000, 375.80 W, 95 %, 31648 MiB
2026/10/01 03:12:14.749, 2880 MHz, 13801 MHz, 0x0000000000000000, 368.27 W, 95 %, 31648 MiB
2026/10/01 03:12:15.256, 2902 MHz, 13801 MHz, 0x0000000000000000, 365.71 W, 89 %, 31648 MiB
2026/10/01 03:12:15.767, 2902 MHz, 13801 MHz, 0x0000000000000000, 372.42 W, 95 %, 31653 MiB
2026/10/01 03:12:16.275, 2880 MHz, 13801 MHz, 0x0000000000000000, 355.47 W, 82 %, 31653 MiB
2026/10/01 03:12:16.781, 2902 MHz, 13801 MHz, 0x0000000000000000, 358.21 W, 95 %, 31648 MiB
2026/10/01 03:12:17.287, 2895 MHz, 13801 MHz, 0x0000000000000000, 372.26 W, 93 %, 31648 MiB
2026/10/01 03:12:17.798, 2895 MHz, 13801 MHz, 0x0000000000000000, 373.73 W, 95 %, 31648 MiB
2026/10/01 03:12:18.302, 2910 MHz, 13801 MHz, 0x0000000000000000, 366.49 W, 92 %, 31648 MiB
2026/10/01 03:12:18.809, 2910 MHz, 13801 MHz, 0x0000000000000000, 367.71 W, 94 %, 31648 MiB
2026/10/01 03:12:19.317, 2910 MHz, 13801 MHz, 0x0000000000000000, 375.40 W, 95 %, 31648 MiB
2026/10/01 03:12:19.822, 2887 MHz, 13801 MHz, 0x0000000000000000, 373.63 W, 95 %, 31648 MiB
2026/10/01 03:12:20.331, 2895 MHz, 13801 MHz, 0x0000000000000000, 372.34 W, 95 %, 31648 MiB
2026/10/01 03:12:20.840, 2895 MHz, 13801 MHz, 0x0000000000000000, 374.46 W, 95 %, 31648 MiB
2026/10/01 03:12:21.347, 2895 MHz, 13801 MHz, 0x0000000000000000, 372.87 W, 67 %, 31648 MiB
2026/10/01 03:12:21.854, 2902 MHz, 13801 MHz, 0x0000000000000000, 371.69 W, 95 %, 31648 MiB
2026/10/01 03:12:22.363, 2902 MHz, 13801 MHz, 0x0000000000000000, 371.53 W, 95 %, 31648 MiB
2026/10/01 03:12:22.868, 2895 MHz, 13801 MHz, 0x0000000000000000, 377.05 W, 95 %, 31648 MiB
2026/10/01 03:12:23.377, 2902 MHz, 13801 MHz, 0x0000000000000000, 374.61 W, 95 %, 31648 MiB
2026/10/01 03:12:23.883, 2902 MHz, 13801 MHz, 0x0000000000000000, 376.56 W, 95 %, 31648 MiB
2026/10/01 03:12:24.389, 2880 MHz, 13801 MHz, 0x0000000000000000, 365.61 W, 95 %, 31648 MiB
2026/10/01 03:12:24.896, 2895 MHz, 13801 MHz, 0x0000000000000000, 367.06 W, 95 %, 31648 MiB
2026/10/01 03:12:25.406, 2895 MHz, 13801 MHz, 0x0000000000000000, 376.72 W, 94 %, 31648 MiB
2026/10/01 03:12:25.915, 2895 MHz, 13801 MHz, 0x0000000000000000, 376.46 W, 95 %, 31648 MiB
2026/10/01 03:12:26.422, 2872 MHz, 13801 MHz, 0x0000000000000000, 371.14 W, 76 %, 31648 MiB
2026/10/01 03:12:26.931, 2895 MHz, 13801 MHz, 0x0000000000000000, 372.01 W, 95 %, 31648 MiB
2026/10/01 03:12:27.438, 2895 MHz, 13801 MHz, 0x0000000000000000, 376.03 W, 95 %, 31648 MiB
2026/10/01 03:12:27.946, 2895 MHz, 13801 MHz, 0x0000000000000000, 376.81 W, 95 %, 31648 MiB
2026/10/01 03:12:28.453, 2902 MHz, 13801 MHz, 0x0000000000000000, 372.73 W, 94 %, 31650 MiB
2026/10/01 03:12:28.961, 2895 MHz, 13801 MHz, 0x0000000000000000, 372.77 W, 95 %, 31650 MiB
2026/10/01 03:12:29.466, 2895 MHz, 13801 MHz, 0x0000000000000000, 371.92 W, 72 %, 31648 MiB
2026/10/01 03:12:29.973, 2910 MHz, 13801 MHz, 0x0000000000000000, 363.37 W, 95 %, 31650 MiB
2026/10/01 03:12:30.481, 2910 MHz, 13801 MHz, 0x0000000000000000, 364.65 W, 94 %, 31650 MiB
2026/10/01 03:12:30.988, 2910 MHz, 13801 MHz, 0x0000000000000000, 376.76 W, 95 %, 31648 MiB
2026/10/01 03:12:31.496, 2872 MHz, 13801 MHz, 0x0000000000000000, 369.76 W, 74 %, 31648 MiB
2026/10/01 03:12:32.002, 2902 MHz, 13801 MHz, 0x0000000000000000, 369.71 W, 95 %, 31660 MiB
2026/10/01 03:12:32.509, 2895 MHz, 13801 MHz, 0x0000000000000000, 374.55 W, 95 %, 31660 MiB
2026/10/01 03:12:33.019, 2887 MHz, 13801 MHz, 0x0000000000000000, 372.98 W, 67 %, 31660 MiB
2026/10/01 03:12:33.528, 2902 MHz, 13801 MHz, 0x0000000000000000, 368.93 W, 94 %, 31660 MiB
2026/10/01 03:12:34.035, 2895 MHz, 13801 MHz, 0x0000000000000000, 369.56 W, 95 %, 31660 MiB
2026/10/01 03:12:34.543, 2880 MHz, 13801 MHz, 0x0000000000000000, 372.85 W, 46 %, 31660 MiB
2026/10/01 03:12:35.049, 2902 MHz, 13801 MHz, 0x0000000000000000, 373.61 W, 95 %, 31660 MiB
2026/10/01 03:12:35.556, 2895 MHz, 13801 MHz, 0x0000000000000000, 374.19 W, 95 %, 31660 MiB
2026/10/01 03:12:36.068, 2880 MHz, 13801 MHz, 0x0000000000000000, 367.00 W, 42 %, 31660 MiB
2026/10/01 03:12:36.578, 2910 MHz, 13801 MHz, 0x0000000000000000, 361.10 W, 95 %, 31660 MiB
2026/10/01 03:12:37.087, 2910 MHz, 13801 MHz, 0x0000000000000000, 372.02 W, 95 %, 31663 MiB
2026/10/01 03:12:37.598, 2910 MHz, 13801 MHz, 0x0000000000000000, 377.28 W, 95 %, 31663 MiB
2026/10/01 03:12:38.107, 2895 MHz, 13801 MHz, 0x0000000000000000, 371.99 W, 94 %, 31660 MiB
2026/10/01 03:12:38.615, 2895 MHz, 13801 MHz, 0x0000000000000000, 371.05 W, 94 %, 31660 MiB
2026/10/01 03:12:39.127, 2895 MHz, 13801 MHz, 0x0000000000000000, 376.62 W, 95 %, 31660 MiB
2026/10/01 03:12:39.634, 2880 MHz, 13801 MHz, 0x0000000000000000, 369.29 W, 76 %, 31660 MiB
2026/10/01 03:12:40.143, 2895 MHz, 13801 MHz, 0x0000000000000000, 369.92 W, 94 %, 31660 MiB
2026/10/01 03:12:40.648, 2895 MHz, 13801 MHz, 0x0000000000000000, 375.90 W, 94 %, 31660 MiB
2026/10/01 03:12:41.157, 2880 MHz, 13801 MHz, 0x0000000000000000, 372.19 W, 48 %, 31660 MiB
2026/10/01 03:12:41.665, 2902 MHz, 13801 MHz, 0x0000000000000000, 373.11 W, 95 %, 31660 MiB
2026/10/01 03:12:42.172, 2895 MHz, 13801 MHz, 0x0000000000000000, 373.44 W, 95 %, 31660 MiB
2026/10/01 03:12:42.677, 2902 MHz, 13801 MHz, 0x0000000000000000, 370.18 W, 92 %, 31660 MiB
2026/10/01 03:12:43.187, 2872 MHz, 13801 MHz, 0x0000000000000000, 364.52 W, 66 %, 31660 MiB
2026/10/01 03:12:43.693, 2902 MHz, 13801 MHz, 0x0000000000000000, 371.66 W, 94 %, 31660 MiB
2026/10/01 03:12:44.203, 2895 MHz, 13801 MHz, 0x0000000000000000, 374.95 W, 94 %, 31660 MiB
2026/10/01 03:12:44.710, 2895 MHz, 13801 MHz, 0x0000000000000000, 375.92 W, 95 %, 31660 MiB
2026/10/01 03:12:45.218, 2902 MHz, 13801 MHz, 0x0000000000000000, 371.34 W, 95 %, 31660 MiB
2026/10/01 03:12:45.724, 2895 MHz, 13801 MHz, 0x0000000000000000, 372.04 W, 94 %, 31660 MiB
2026/10/01 03:12:46.232, 2902 MHz, 13801 MHz, 0x0000000000000000, 376.49 W, 94 %, 31660 MiB
2026/10/01 03:12:46.738, 2872 MHz, 13801 MHz, 0x0000000000000000, 373.56 W, 75 %, 31660 MiB
2026/10/01 03:12:47.246, 2902 MHz, 13801 MHz, 0x0000000000000000, 374.57 W, 95 %, 31660 MiB
2026/10/01 03:12:47.752, 2895 MHz, 13801 MHz, 0x0000000000000000, 377.62 W, 94 %, 31660 MiB
2026/10/01 03:12:48.259, 2895 MHz, 13801 MHz, 0x0000000000000000, 376.59 W, 94 %, 31660 MiB
2026/10/01 03:12:48.766, 2902 MHz, 13801 MHz, 0x0000000000000000, 374.07 W, 95 %, 31660 MiB
2026/10/01 03:12:49.274, 2902 MHz, 13801 MHz, 0x0000000000000000, 375.20 W, 95 %, 31660 MiB
2026/10/01 03:12:49.782, 2902 MHz, 13801 MHz, 0x0000000000000000, 378.05 W, 95 %, 31660 MiB
2026/10/01 03:12:50.292, 2902 MHz, 13801 MHz, 0x0000000000000000, 376.96 W, 95 %, 31660 MiB
2026/10/01 03:12:50.798, 2895 MHz, 13801 MHz, 0x0000000000000000, 369.98 W, 95 %, 31660 MiB
2026/10/01 03:12:51.306, 2902 MHz, 13801 MHz, 0x0000000000000000, 370.94 W, 95 %, 31660 MiB
2026/10/01 03:12:51.813, 2902 MHz, 13801 MHz, 0x0000000000000000, 378.12 W, 95 %, 31660 MiB
2026/10/01 03:12:52.322, 2872 MHz, 13801 MHz, 0x0000000000000000, 375.20 W, 95 %, 31663 MiB
2026/10/01 03:12:52.831, 2902 MHz, 13801 MHz, 0x0000000000000000, 375.26 W, 95 %, 31663 MiB
2026/10/01 03:12:53.337, 2902 MHz, 13801 MHz, 0x0000000000000000, 378.34 W, 95 %, 31660 MiB
2026/10/01 03:12:53.845, 2902 MHz, 13801 MHz, 0x0000000000000000, 377.96 W, 95 %, 31663 MiB
2026/10/01 03:12:54.353, 2880 MHz, 13801 MHz, 0x0000000000000000, 364.85 W, 95 %, 31663 MiB
2026/10/01 03:12:54.857, 2902 MHz, 13801 MHz, 0x0000000000000000, 365.08 W, 95 %, 31660 MiB
2026/10/01 03:12:55.365, 2902 MHz, 13801 MHz, 0x0000000000000000, 377.86 W, 95 %, 31660 MiB
2026/10/01 03:12:55.872, 2880 MHz, 13801 MHz, 0x0000000000000000, 372.93 W, 45 %, 31660 MiB
2026/10/01 03:12:56.380, 2902 MHz, 13801 MHz, 0x0000000000000000, 373.76 W, 95 %, 31660 MiB
2026/10/01 03:12:56.887, 2895 MHz, 13801 MHz, 0x0000000000000000, 377.97 W, 95 %, 31660 MiB
2026/10/01 03:12:57.398, 2880 MHz, 13801 MHz, 0x0000000000000000, 365.56 W, 40 %, 31660 MiB
2026/10/01 03:12:57.903, 2910 MHz, 13801 MHz, 0x0000000000000000, 360.02 W, 95 %, 31660 MiB
2026/10/01 03:12:58.414, 2925 MHz, 13801 MHz, 0x0000000000000000, 306.99 W, 0 %, 31665 MiB
2026/10/01 03:12:58.929, 2925 MHz, 13801 MHz, 0x0000000000000000, 189.93 W, 0 %, 31660 MiB
2026/10/01 03:12:59.430, 2925 MHz, 13801 MHz, 0x0000000000000000, 97.93 W, 0 %, 31660 MiB
2026/10/01 03:12:59.943, 2887 MHz, 13801 MHz, 0x0000000000000000, 97.56 W, 0 %, 31660 MiB
2026/10/01 03:13:00.457, 660 MHz, 13801 MHz, 0x0000000000000000, 75.46 W, 0 %, 31660 MiB
2026/10/01 03:13:00.970, 540 MHz, 810 MHz, 0x0000000000000000, 42.91 W, 0 %, 31660 MiB
2026/10/01 03:13:01.485, 405 MHz, 810 MHz, 0x0000000000000000, 31.57 W, 0 %, 31660 MiB
2026/10/01 03:13:01.999, 352 MHz, 810 MHz, 0x0000000000000000, 25.71 W, 0 %, 31660 MiB
2026/10/01 03:13:02.501, 352 MHz, 810 MHz, 0x0000000000000000, 25.71 W, 0 %, 31660 MiB
2026/10/01 03:13:03.015, 202 MHz, 405 MHz, 0x0000000000000000, 13.21 W, 0 %, 31660 MiB
2026/10/01 03:13:03.527, 202 MHz, 405 MHz, 0x0000000000000000, 13.21 W, 0 %, 31660 MiB
2026/10/01 03:13:04.041, 180 MHz, 405 MHz, 0x0000000000000000, 12.90 W, 0 %, 31660 MiB
2026/10/01 03:13:04.544, 180 MHz, 405 MHz, 0x0000000000000000, 12.90 W, 0 %, 31660 MiB
2026/10/01 03:13:05.058, 180 MHz, 405 MHz, 0x0000000000000000, 12.47 W, 0 %, 31660 MiB
2026/10/01 03:13:05.559, 180 MHz, 405 MHz, 0x0000000000000000, 12.47 W, 0 %, 31660 MiB
2026/10/01 03:13:06.071, 180 MHz, 405 MHz, 0x0000000000000000, 12.38 W, 0 %, 31660 MiB
2026/10/01 03:13:06.585, 180 MHz, 405 MHz, 0x0000000000000000, 12.38 W, 0 %, 31660 MiB
2026/10/01 03:13:07.100, 180 MHz, 405 MHz, 0x0000000000000000, 12.40 W, 0 %, 31660 MiB
2026/10/01 03:13:07.614, 180 MHz, 405 MHz, 0x0000000000000000, 12.40 W, 0 %, 31660 MiB
2026/10/01 03:13:08.128, 180 MHz, 405 MHz, 0x0000000000000000, 12.28 W, 0 %, 31660 MiB
2026/10/01 03:13:08.641, 180 MHz, 405 MHz, 0x0000000000000000, 12.28 W, 0 %, 31660 MiB
2026/10/01 03:13:09.155, 180 MHz, 405 MHz, 0x0000000000000000, 12.13 W, 0 %, 31660 MiB
2026/10/01 03:13:09.668, 180 MHz, 405 MHz, 0x0000000000000000, 12.13 W, 0 %, 31660 MiB
2026/10/01 03:13:10.182, 180 MHz, 405 MHz, 0x0000000000000000, 12.23 W, 0 %, 31660 MiB
2026/10/01 03:13:10.692, 180 MHz, 405 MHz, 0x0000000000000000, 12.23 W, 0 %, 31660 MiB
2026/10/01 03:13:11.206, 180 MHz, 405 MHz, 0x0000000000000000, 12.15 W, 0 %, 31660 MiB
2026/10/01 03:13:11.721, 2902 MHz, 13801 MHz, 0x0000000000000000, 52.95 W, 52 %, 31660 MiB
2026/10/01 03:13:12.225, 2910 MHz, 13801 MHz, 0x0000000000000000, 219.49 W, 95 %, 31660 MiB
2026/10/01 03:13:12.739, 2910 MHz, 13801 MHz, 0x0000000000000000, 365.17 W, 95 %, 31660 MiB
2026/10/01 03:13:13.253, 2910 MHz, 13801 MHz, 0x0000000000000000, 371.63 W, 95 %, 31660 MiB
2026/10/01 03:13:13.764, 2910 MHz, 13801 MHz, 0x0000000000000000, 365.01 W, 95 %, 31660 MiB
2026/10/01 03:13:14.264, 2910 MHz, 13801 MHz, 0x0000000000000000, 366.11 W, 95 %, 31660 MiB
2026/10/01 03:13:14.776, 2910 MHz, 13801 MHz, 0x0000000000000000, 373.56 W, 95 %, 31660 MiB
2026/10/01 03:13:15.288, 2887 MHz, 13801 MHz, 0x0000000000000000, 361.76 W, 95 %, 31660 MiB
2026/10/01 03:13:15.802, 2910 MHz, 13801 MHz, 0x0000000000000000, 363.35 W, 95 %, 31663 MiB
2026/10/01 03:13:16.305, 2910 MHz, 13801 MHz, 0x0000000000000000, 374.00 W, 95 %, 31660 MiB
2026/10/01 03:13:16.818, 2902 MHz, 13801 MHz, 0x0000000000000000, 365.72 W, 60 %, 31663 MiB
2026/10/01 03:13:17.319, 2910 MHz, 13801 MHz, 0x0000000000000000, 362.52 W, 95 %, 31663 MiB
2026/10/01 03:13:17.819, 2910 MHz, 13801 MHz, 0x0000000000000000, 369.20 W, 95 %, 31660 MiB
2026/10/01 03:13:18.333, 2910 MHz, 13801 MHz, 0x0000000000000000, 371.27 W, 92 %, 31660 MiB
2026/10/01 03:13:18.849, 2895 MHz, 13801 MHz, 0x0000000000000000, 359.25 W, 95 %, 31660 MiB
2026/10/01 03:13:19.364, 2910 MHz, 13801 MHz, 0x0000000000000000, 360.56 W, 95 %, 31665 MiB
2026/10/01 03:13:19.879, 2910 MHz, 13801 MHz, 0x0000000000000000, 374.11 W, 96 %, 31660 MiB
2026/10/01 03:13:20.393, 2910 MHz, 13801 MHz, 0x0000000000000000, 364.79 W, 94 %, 31660 MiB
2026/10/01 03:13:20.908, 2910 MHz, 13801 MHz, 0x0000000000000000, 365.99 W, 95 %, 31660 MiB
2026/10/01 03:13:21.421, 2910 MHz, 13801 MHz, 0x0000000000000000, 372.50 W, 94 %, 31660 MiB
2026/10/01 03:13:21.933, 2910 MHz, 13801 MHz, 0x0000000000000000, 364.80 W, 95 %, 31660 MiB
2026/10/01 03:13:22.435, 2910 MHz, 13801 MHz, 0x0000000000000000, 366.61 W, 95 %, 31660 MiB
2026/10/01 03:13:22.936, 2910 MHz, 13801 MHz, 0x0000000000000000, 374.61 W, 95 %, 31660 MiB
2026/10/01 03:13:23.450, 2887 MHz, 13801 MHz, 0x0000000000000000, 360.39 W, 63 %, 31660 MiB
2026/10/01 03:13:23.952, 2910 MHz, 13801 MHz, 0x0000000000000000, 361.81 W, 95 %, 31660 MiB
2026/10/01 03:13:24.467, 2910 MHz, 13801 MHz, 0x0000000000000000, 369.56 W, 94 %, 31660 MiB
2026/10/01 03:13:24.979, 2910 MHz, 13801 MHz, 0x0000000000000000, 373.51 W, 95 %, 31660 MiB
2026/10/01 03:13:25.492, 2910 MHz, 13801 MHz, 0x0000000000000000, 361.37 W, 95 %, 31660 MiB
2026/10/01 03:13:26.005, 2910 MHz, 13801 MHz, 0x0000000000000000, 363.36 W, 95 %, 31660 MiB
2026/10/01 03:13:26.505, 2910 MHz, 13801 MHz, 0x0000000000000000, 373.61 W, 90 %, 31660 MiB
2026/10/01 03:13:27.006, 2887 MHz, 13801 MHz, 0x0000000000000000, 365.11 W, 95 %, 31660 MiB
2026/10/01 03:13:27.519, 2910 MHz, 13801 MHz, 0x0000000000000000, 366.10 W, 95 %, 31660 MiB
2026/10/01 03:13:28.034, 2910 MHz, 13801 MHz, 0x0000000000000000, 374.10 W, 95 %, 31660 MiB
2026/10/01 03:13:28.535, 2895 MHz, 13801 MHz, 0x0000000000000000, 371.55 W, 66 %, 31660 MiB
2026/10/01 03:13:29.050, 2910 MHz, 13801 MHz, 0x0000000000000000, 367.61 W, 95 %, 31660 MiB
2026/10/01 03:13:29.562, 2910 MHz, 13801 MHz, 0x0000000000000000, 368.11 W, 96 %, 31660 MiB
2026/10/01 03:13:30.064, 2910 MHz, 13801 MHz, 0x0000000000000000, 375.28 W, 96 %, 31660 MiB
2026/10/01 03:13:30.579, 2925 MHz, 13801 MHz, 0x0000000000000000, 277.40 W, 0 %, 31660 MiB
2026/10/01 03:13:31.093, 2925 MHz, 13801 MHz, 0x0000000000000000, 158.89 W, 0 %, 31660 MiB
2026/10/01 03:13:31.594, 2925 MHz, 13801 MHz, 0x0000000000000000, 95.47 W, 0 %, 31660 MiB
2026/10/01 03:13:32.107, 2887 MHz, 13801 MHz, 0x0000000000000000, 95.09 W, 0 %, 31660 MiB
2026/10/01 03:13:32.622, 510 MHz, 13801 MHz, 0x0000000000000000, 71.10 W, 0 %, 31660 MiB
2026/10/01 03:13:33.125, 412 MHz, 810 MHz, 0x0000000000000000, 35.85 W, 0 %, 31660 MiB
2026/10/01 03:13:33.628, 315 MHz, 810 MHz, 0x0000000000000000, 26.74 W, 0 %, 31660 MiB
2026/10/01 03:13:34.129, 315 MHz, 810 MHz, 0x0000000000000000, 25.47 W, 0 %, 31660 MiB
2026/10/01 03:13:34.632, 315 MHz, 810 MHz, 0x0000000000000000, 25.47 W, 0 %, 31660 MiB
2026/10/01 03:13:35.147, 187 MHz, 405 MHz, 0x0000000000000000, 13.00 W, 0 %, 31660 MiB
2026/10/01 03:13:35.656, 187 MHz, 405 MHz, 0x0000000000000000, 13.00 W, 0 %, 31660 MiB
2026/10/01 03:13:36.169, 180 MHz, 405 MHz, 0x0000000000000000, 11.68 W, 0 %, 31660 MiB
2026/10/01 03:13:36.670, 180 MHz, 405 MHz, 0x0000000000000000, 11.68 W, 0 %, 31660 MiB
2026/10/01 03:13:37.172, 180 MHz, 405 MHz, 0x0000000000000000, 11.64 W, 0 %, 31660 MiB
2026/10/01 03:13:37.672, 2130 MHz, 810 MHz, 0x0000000000000000, 24.33 W, 100 %, 31660 MiB
2026/10/01 03:13:38.178, 2910 MHz, 13801 MHz, 0x0000000000000000, 142.49 W, 95 %, 31660 MiB
2026/10/01 03:13:38.686, 2910 MHz, 13801 MHz, 0x0000000000000000, 332.67 W, 95 %, 31660 MiB
2026/10/01 03:13:39.196, 2910 MHz, 13801 MHz, 0x0000000000000000, 369.24 W, 95 %, 31663 MiB
2026/10/01 03:13:39.702, 2887 MHz, 13801 MHz, 0x0000000000000000, 360.92 W, 95 %, 31663 MiB
2026/10/01 03:13:40.209, 2910 MHz, 13801 MHz, 0x0000000000000000, 360.26 W, 95 %, 31665 MiB
2026/10/01 03:13:40.717, 2910 MHz, 13801 MHz, 0x0000000000000000, 370.44 W, 95 %, 31663 MiB
2026/10/01 03:13:41.226, 2910 MHz, 13801 MHz, 0x0000000000000000, 370.77 W, 95 %, 31660 MiB
2026/10/01 03:13:41.734, 2910 MHz, 13801 MHz, 0x0000000000000000, 367.23 W, 95 %, 31663 MiB
2026/10/01 03:13:42.240, 2910 MHz, 13801 MHz, 0x0000000000000000, 367.28 W, 95 %, 31660 MiB
2026/10/01 03:13:42.752, 2910 MHz, 13801 MHz, 0x0000000000000000, 368.78 W, 94 %, 31660 MiB
2026/10/01 03:13:43.260, 2910 MHz, 13801 MHz, 0x0000000000000000, 356.68 W, 95 %, 31660 MiB
2026/10/01 03:13:43.766, 2910 MHz, 13801 MHz, 0x0000000000000000, 359.40 W, 95 %, 31660 MiB
2026/10/01 03:13:44.274, 2910 MHz, 13801 MHz, 0x0000000000000000, 372.53 W, 95 %, 31660 MiB
2026/10/01 03:13:44.782, 2895 MHz, 13801 MHz, 0x0000000000000000, 367.62 W, 46 %, 31660 MiB
2026/10/01 03:13:45.291, 2910 MHz, 13801 MHz, 0x0000000000000000, 369.12 W, 95 %, 31660 MiB
2026/10/01 03:13:45.796, 2910 MHz, 13801 MHz, 0x0000000000000000, 368.79 W, 94 %, 31660 MiB
2026/10/01 03:13:46.305, 2910 MHz, 13801 MHz, 0x0000000000000000, 372.53 W, 95 %, 31660 MiB
2026/10/01 03:13:46.812, 2910 MHz, 13801 MHz, 0x0000000000000000, 367.32 W, 93 %, 31660 MiB
2026/10/01 03:13:47.318, 2910 MHz, 13801 MHz, 0x0000000000000000, 367.55 W, 95 %, 31660 MiB
2026/10/01 03:13:47.825, 2910 MHz, 13801 MHz, 0x0000000000000000, 372.31 W, 93 %, 31660 MiB
2026/10/01 03:13:48.333, 2902 MHz, 13801 MHz, 0x0000000000000000, 365.03 W, 95 %, 31660 MiB
2026/10/01 03:13:48.841, 2910 MHz, 13801 MHz, 0x0000000000000000, 365.40 W, 95 %, 31660 MiB
2026/10/01 03:13:49.351, 2910 MHz, 13801 MHz, 0x0000000000000000, 372.69 W, 95 %, 31660 MiB
2026/10/01 03:13:49.858, 2895 MHz, 13801 MHz, 0x0000000000000000, 364.25 W, 45 %, 31660 MiB
2026/10/01 03:13:50.364, 2910 MHz, 13801 MHz, 0x0000000000000000, 359.74 W, 95 %, 31660 MiB
2026/10/01 03:13:50.873, 2910 MHz, 13801 MHz, 0x0000000000000000, 363.67 W, 94 %, 31660 MiB
2026/10/01 03:13:51.382, 2895 MHz, 13801 MHz, 0x0000000000000000, 368.75 W, 59 %, 31660 MiB
2026/10/01 03:13:51.887, 2910 MHz, 13801 MHz, 0x0000000000000000, 367.61 W, 95 %, 31660 MiB
2026/10/01 03:13:52.395, 2910 MHz, 13801 MHz, 0x0000000000000000, 374.02 W, 95 %, 31660 MiB
2026/10/01 03:13:52.904, 2880 MHz, 13801 MHz, 0x0000000000000000, 368.67 W, 81 %, 31660 MiB
2026/10/01 03:13:53.426, 2910 MHz, 13801 MHz, 0x0000000000000000, 368.92 W, 95 %, 31660 MiB
2026/10/01 03:13:53.934, 2910 MHz, 13801 MHz, 0x0000000000000000, 373.91 W, 95 %, 31660 MiB
2026/10/01 03:13:54.443, 2910 MHz, 13801 MHz, 0x0000000000000000, 371.94 W, 82 %, 31660 MiB
2026/10/01 03:13:54.948, 2910 MHz, 13801 MHz, 0x0000000000000000, 370.67 W, 95 %, 31660 MiB
2026/10/01 03:13:55.456, 2910 MHz, 13801 MHz, 0x0000000000000000, 371.79 W, 95 %, 31660 MiB
2026/10/01 03:13:55.963, 2910 MHz, 13801 MHz, 0x0000000000000000, 373.72 W, 95 %, 31660 MiB
2026/10/01 03:13:56.471, 2910 MHz, 13801 MHz, 0x0000000000000000, 365.15 W, 95 %, 31660 MiB
2026/10/01 03:13:56.979, 2910 MHz, 13801 MHz, 0x0000000000000000, 364.58 W, 95 %, 31660 MiB
2026/10/01 03:13:57.485, 2910 MHz, 13801 MHz, 0x0000000000000000, 374.30 W, 95 %, 31660 MiB
2026/10/01 03:13:57.993, 2887 MHz, 13801 MHz, 0x0000000000000000, 372.70 W, 57 %, 31660 MiB
2026/10/01 03:13:58.501, 2910 MHz, 13801 MHz, 0x0000000000000000, 373.35 W, 95 %, 31660 MiB
2026/10/01 03:13:59.008, 2910 MHz, 13801 MHz, 0x0000000000000000, 374.96 W, 95 %, 31660 MiB
2026/10/01 03:13:59.514, 2910 MHz, 13801 MHz, 0x0000000000000000, 374.52 W, 95 %, 31660 MiB
2026/10/01 03:14:00.021, 2910 MHz, 13801 MHz, 0x0000000000000000, 368.12 W, 95 %, 31660 MiB
2026/10/01 03:14:00.528, 2910 MHz, 13801 MHz, 0x0000000000000000, 367.21 W, 95 %, 31660 MiB
2026/10/01 03:14:01.037, 2910 MHz, 13801 MHz, 0x0000000000000000, 373.26 W, 95 %, 31660 MiB
2026/10/01 03:14:01.547, 2910 MHz, 13801 MHz, 0x0000000000000000, 365.32 W, 70 %, 31663 MiB
2026/10/01 03:14:02.054, 2910 MHz, 13801 MHz, 0x0000000000000000, 359.44 W, 95 %, 31660 MiB
2026/10/01 03:14:02.560, 2910 MHz, 13801 MHz, 0x0000000000000000, 361.60 W, 95 %, 31660 MiB
2026/10/01 03:14:03.067, 2910 MHz, 13801 MHz, 0x0000000000000000, 374.02 W, 95 %, 31660 MiB
2026/10/01 03:14:03.574, 2910 MHz, 13801 MHz, 0x0000000000000000, 372.87 W, 94 %, 31660 MiB
2026/10/01 03:14:04.082, 2910 MHz, 13801 MHz, 0x0000000000000000, 366.40 W, 94 %, 31663 MiB
2026/10/01 03:14:04.585, 2910 MHz, 13801 MHz, 0x0000000000000000, 367.62 W, 95 %, 31663 MiB
2026/10/01 03:14:05.090, 2910 MHz, 13801 MHz, 0x0000000000000000, 373.27 W, 95 %, 31660 MiB
2026/10/01 03:14:05.596, 2910 MHz, 13801 MHz, 0x0000000000000000, 366.43 W, 94 %, 31663 MiB
2026/10/01 03:14:06.102, 2910 MHz, 13801 MHz, 0x0000000000000000, 366.60 W, 95 %, 31663 MiB
2026/10/01 03:14:06.609, 2910 MHz, 13801 MHz, 0x0000000000000000, 371.99 W, 92 %, 31660 MiB
2026/10/01 03:14:07.116, 2887 MHz, 13801 MHz, 0x0000000000000000, 364.02 W, 54 %, 31660 MiB
2026/10/01 03:14:07.623, 2910 MHz, 13801 MHz, 0x0000000000000000, 365.23 W, 94 %, 31660 MiB
2026/10/01 03:14:08.130, 2910 MHz, 13801 MHz, 0x0000000000000000, 368.70 W, 95 %, 31660 MiB
2026/10/01 03:14:08.638, 2910 MHz, 13801 MHz, 0x0000000000000000, 373.82 W, 95 %, 31660 MiB
2026/10/01 03:14:09.148, 2910 MHz, 13801 MHz, 0x0000000000000000, 372.02 W, 94 %, 31660 MiB
2026/10/01 03:14:09.660, 2925 MHz, 13801 MHz, 0x0000000000000000, 297.48 W, 0 %, 31660 MiB
2026/10/01 03:14:10.175, 2925 MHz, 13801 MHz, 0x0000000000000000, 161.12 W, 0 %, 31660 MiB
2026/10/01 03:14:10.689, 2925 MHz, 13801 MHz, 0x0000000000000000, 95.98 W, 0 %, 31660 MiB
2026/10/01 03:14:11.191, 2887 MHz, 13801 MHz, 0x0000000000000000, 95.51 W, 0 %, 31660 MiB
2026/10/01 03:14:11.703, 585 MHz, 13801 MHz, 0x0000000000000000, 70.43 W, 0 %, 31660 MiB
2026/10/01 03:14:12.204, 465 MHz, 7001 MHz, 0x0000000000000000, 41.66 W, 0 %, 31660 MiB
2026/10/01 03:14:12.719, 367 MHz, 7001 MHz, 0x0000000000000000, 37.54 W, 0 %, 31660 MiB
2026/10/01 03:14:13.234, 367 MHz, 7001 MHz, 0x0000000000000000, 36.40 W, 0 %, 31660 MiB
2026/10/01 03:14:13.747, 367 MHz, 7001 MHz, 0x0000000000000000, 36.40 W, 0 %, 31660 MiB
2026/10/01 03:14:14.259, 225 MHz, 810 MHz, 0x0000000000000000, 22.99 W, 0 %, 31660 MiB
2026/10/01 03:14:14.774, 225 MHz, 810 MHz, 0x0000000000000000, 22.99 W, 0 %, 31660 MiB
2026/10/01 03:14:15.287, 180 MHz, 810 MHz, 0x0000000000000000, 15.17 W, 0 %, 31660 MiB
2026/10/01 03:14:15.801, 180 MHz, 810 MHz, 0x0000000000000000, 15.17 W, 0 %, 31660 MiB
2026/10/01 03:14:16.316, 180 MHz, 405 MHz, 0x0000000000000000, 11.81 W, 0 %, 31660 MiB
2026/10/01 03:14:16.827, 180 MHz, 405 MHz, 0x0000000000000000, 11.81 W, 0 %, 31660 MiB
2026/10/01 03:14:17.341, 180 MHz, 405 MHz, 0x0000000000000000, 11.79 W, 0 %, 31660 MiB
2026/10/01 03:14:17.843, 180 MHz, 405 MHz, 0x0000000000000000, 11.79 W, 0 %, 31660 MiB
2026/10/01 03:14:18.356, 180 MHz, 405 MHz, 0x0000000000000000, 11.95 W, 0 %, 31660 MiB
2026/10/01 03:14:18.858, 180 MHz, 405 MHz, 0x0000000000000000, 11.95 W, 0 %, 31660 MiB
2026/10/01 03:14:19.368, 180 MHz, 405 MHz, 0x0000000000000000, 11.87 W, 0 %, 31660 MiB
2026/10/01 03:14:19.883, 180 MHz, 405 MHz, 0x0000000000000000, 11.87 W, 0 %, 31660 MiB
2026/10/01 03:14:20.396, 180 MHz, 405 MHz, 0x0000000000000000, 11.64 W, 0 %, 31660 MiB
2026/10/01 03:14:20.910, 180 MHz, 405 MHz, 0x0000000000000000, 11.73 W, 0 %, 31660 MiB
2026/10/01 03:14:21.423, 180 MHz, 405 MHz, 0x0000000000000000, 11.69 W, 0 %, 31660 MiB
2026/10/01 03:14:21.934, 180 MHz, 405 MHz, 0x0000000000000000, 11.69 W, 0 %, 31660 MiB
2026/10/01 03:14:22.446, 202 MHz, 405 MHz, 0x0000000000000000, 12.46 W, 0 %, 31663 MiB
2026/10/01 03:14:22.958, 180 MHz, 405 MHz, 0x0000000000000000, 12.97 W, 0 %, 31660 MiB
2026/10/01 03:14:23.474, 180 MHz, 405 MHz, 0x0000000000000000, 14.19 W, 0 %, 31660 MiB
2026/10/01 03:14:23.978, 180 MHz, 405 MHz, 0x0000000000000000, 14.36 W, 0 %, 31660 MiB
2026/10/01 03:14:24.479, 180 MHz, 405 MHz, 0x0000000000000000, 14.36 W, 0 %, 31660 MiB
2026/10/01 03:14:24.979, 180 MHz, 405 MHz, 0x0000000000000000, 11.46 W, 0 %, 31660 MiB
2026/10/01 03:14:25.480, 180 MHz, 405 MHz, 0x0000000000000000, 11.46 W, 0 %, 31660 MiB
2026/10/01 03:14:25.980, 180 MHz, 405 MHz, 0x0000000000000000, 11.75 W, 0 %, 31660 MiB
2026/10/01 03:14:26.493, 180 MHz, 405 MHz, 0x0000000000000000, 11.75 W, 0 %, 31660 MiB
2026/10/01 03:14:27.008, 180 MHz, 405 MHz, 0x0000000000000000, 11.80 W, 0 %, 31660 MiB
2026/10/01 03:14:27.523, 180 MHz, 405 MHz, 0x0000000000000000, 11.80 W, 0 %, 31663 MiB
2026/10/01 03:14:28.037, 180 MHz, 405 MHz, 0x0000000000000000, 12.39 W, 0 %, 31663 MiB
2026/10/01 03:14:28.550, 180 MHz, 405 MHz, 0x0000000000000000, 13.31 W, 0 %, 31660 MiB
2026/10/01 03:14:29.063, 180 MHz, 405 MHz, 0x0000000000000000, 13.95 W, 0 %, 31660 MiB
2026/10/01 03:14:29.564, 180 MHz, 405 MHz, 0x0000000000000000, 13.85 W, 0 %, 31660 MiB
2026/10/01 03:14:30.073, 180 MHz, 405 MHz, 0x0000000000000000, 12.88 W, 0 %, 31663 MiB
2026/10/01 03:14:30.583, 180 MHz, 405 MHz, 0x0000000000000000, 12.81 W, 0 %, 31663 MiB
2026/10/01 03:14:31.085, 180 MHz, 405 MHz, 0x0000000000000000, 13.58 W, 0 %, 31660 MiB
2026/10/01 03:14:31.597, 1702 MHz, 405 MHz, 0x0000000000000000, 37.02 W, 100 %, 31660 MiB
2026/10/01 03:14:32.111, 2940 MHz, 13801 MHz, 0x0000000000000000, 101.61 W, 0 %, 31660 MiB
2026/10/01 03:14:32.618, 2865 MHz, 13801 MHz, 0x0000000000000000, 251.38 W, 49 %, 31660 MiB
2026/10/01 03:14:33.133, 2865 MHz, 13801 MHz, 0x0000000000000000, 363.02 W, 51 %, 31660 MiB
2026/10/01 03:14:33.640, 2790 MHz, 13801 MHz, 0x0000000000000004, 425.13 W, 99 %, 31660 MiB
2026/10/01 03:14:34.149, 2797 MHz, 13801 MHz, 0x0000000000000004, 466.19 W, 99 %, 31660 MiB
2026/10/01 03:14:34.653, 2797 MHz, 13801 MHz, 0x0000000000000004, 481.70 W, 96 %, 31660 MiB
2026/10/01 03:14:35.164, 2797 MHz, 13801 MHz, 0x0000000000000004, 481.42 W, 99 %, 31660 MiB
2026/10/01 03:14:35.672, 2797 MHz, 13801 MHz, 0x0000000000000004, 481.52 W, 99 %, 31660 MiB
2026/10/01 03:14:36.178, 2797 MHz, 13801 MHz, 0x0000000000000004, 481.68 W, 99 %, 31660 MiB
2026/10/01 03:14:36.685, 2805 MHz, 13801 MHz, 0x0000000000000004, 480.24 W, 98 %, 31660 MiB
2026/10/01 03:14:37.191, 2812 MHz, 13801 MHz, 0x0000000000000004, 474.97 W, 98 %, 31660 MiB
2026/10/01 03:14:37.697, 2857 MHz, 13801 MHz, 0x0000000000000000, 461.80 W, 97 %, 31660 MiB
2026/10/01 03:14:38.209, 2917 MHz, 13801 MHz, 0x0000000000000000, 385.88 W, 27 %, 31660 MiB
2026/10/01 03:14:38.718, 2857 MHz, 13801 MHz, 0x0000000000000000, 349.69 W, 53 %, 31660 MiB
2026/10/01 03:14:39.228, 2857 MHz, 13801 MHz, 0x0000000000000000, 368.36 W, 53 %, 31660 MiB
2026/10/01 03:14:39.741, 2790 MHz, 13801 MHz, 0x0000000000000004, 438.90 W, 99 %, 31660 MiB
2026/10/01 03:14:40.251, 2790 MHz, 13801 MHz, 0x0000000000000004, 484.75 W, 99 %, 31660 MiB
2026/10/01 03:14:40.764, 2812 MHz, 13801 MHz, 0x0000000000000004, 482.11 W, 90 %, 31660 MiB
2026/10/01 03:14:41.274, 2805 MHz, 13801 MHz, 0x0000000000000004, 475.05 W, 99 %, 31660 MiB
2026/10/01 03:14:41.783, 2842 MHz, 13801 MHz, 0x0000000000000004, 469.03 W, 89 %, 31660 MiB
2026/10/01 03:14:42.296, 2835 MHz, 13801 MHz, 0x0000000000000004, 461.46 W, 88 %, 31660 MiB
2026/10/01 03:14:42.807, 2872 MHz, 13801 MHz, 0x0000000000000000, 414.24 W, 54 %, 31660 MiB
2026/10/01 03:14:43.317, 2902 MHz, 13801 MHz, 0x0000000000000000, 330.62 W, 68 %, 31660 MiB
2026/10/01 03:14:43.824, 2902 MHz, 13801 MHz, 0x0000000000000000, 281.41 W, 68 %, 31665 MiB
2026/10/01 03:14:44.333, 2880 MHz, 13801 MHz, 0x0000000000000000, 292.24 W, 34 %, 31665 MiB
2026/10/01 03:14:44.843, 2880 MHz, 13801 MHz, 0x0000000000000000, 325.83 W, 33 %, 31660 MiB
2026/10/01 03:14:45.344, 2880 MHz, 13801 MHz, 0x0000000000000000, 366.74 W, 36 %, 31660 MiB
2026/10/01 03:14:45.855, 2887 MHz, 13801 MHz, 0x0000000000000000, 338.12 W, 40 %, 31660 MiB
2026/10/01 03:14:46.367, 2842 MHz, 13801 MHz, 0x0000000000000000, 349.63 W, 46 %, 31660 MiB
2026/10/01 03:14:46.880, 2857 MHz, 13801 MHz, 0x0000000000000000, 418.90 W, 68 %, 31660 MiB
2026/10/01 03:14:47.388, 2887 MHz, 13801 MHz, 0x0000000000000004, 387.59 W, 84 %, 31660 MiB
2026/10/01 03:14:47.900, 2850 MHz, 13801 MHz, 0x0000000000000004, 390.00 W, 76 %, 31660 MiB
2026/10/01 03:14:48.409, 2872 MHz, 13801 MHz, 0x0000000000000000, 431.98 W, 88 %, 31660 MiB
2026/10/01 03:14:48.916, 2842 MHz, 13801 MHz, 0x0000000000000004, 441.78 W, 82 %, 31660 MiB
2026/10/01 03:14:49.429, 2880 MHz, 13801 MHz, 0x0000000000000004, 415.52 W, 83 %, 31660 MiB
2026/10/01 03:14:49.941, 2880 MHz, 13801 MHz, 0x0000000000000000, 374.16 W, 88 %, 31660 MiB
2026/10/01 03:14:50.449, 2865 MHz, 13801 MHz, 0x0000000000000000, 395.51 W, 58 %, 31660 MiB
2026/10/01 03:14:50.959, 2880 MHz, 13801 MHz, 0x0000000000000000, 385.09 W, 38 %, 31660 MiB
2026/10/01 03:14:51.470, 2880 MHz, 13801 MHz, 0x0000000000000000, 358.42 W, 65 %, 31660 MiB
2026/10/01 03:14:51.983, 2887 MHz, 13801 MHz, 0x0000000000000000, 340.73 W, 49 %, 31663 MiB
2026/10/01 03:14:52.493, 2857 MHz, 13801 MHz, 0x0000000000000004, 366.60 W, 72 %, 31663 MiB
2026/10/01 03:14:53.003, 2857 MHz, 13801 MHz, 0x0000000000000000, 414.20 W, 56 %, 31660 MiB
2026/10/01 03:14:53.515, 2872 MHz, 13801 MHz, 0x0000000000000000, 382.31 W, 36 %, 31663 MiB
2026/10/01 03:14:54.029, 2812 MHz, 13801 MHz, 0x0000000000000000, 367.54 W, 54 %, 31663 MiB
2026/10/01 03:14:54.540, 2895 MHz, 13801 MHz, 0x0000000000000000, 355.48 W, 56 %, 31660 MiB
2026/10/01 03:14:55.054, 2880 MHz, 13801 MHz, 0x0000000000000004, 363.10 W, 80 %, 31660 MiB
2026/10/01 03:14:55.564, 2857 MHz, 13801 MHz, 0x0000000000000004, 415.23 W, 92 %, 31660 MiB
2026/10/01 03:14:56.072, 2842 MHz, 13801 MHz, 0x0000000000000004, 411.36 W, 63 %, 31660 MiB
2026/10/01 03:14:56.585, 2865 MHz, 13801 MHz, 0x0000000000000000, 402.36 W, 68 %, 31660 MiB
2026/10/01 03:14:57.097, 2880 MHz, 13801 MHz, 0x0000000000000000, 378.45 W, 67 %, 31660 MiB
2026/10/01 03:14:57.611, 2887 MHz, 13801 MHz, 0x0000000000000000, 360.71 W, 75 %, 31660 MiB
2026/10/01 03:14:58.123, 2887 MHz, 13801 MHz, 0x0000000000000000, 366.33 W, 88 %, 31660 MiB
2026/10/01 03:14:58.633, 2842 MHz, 13801 MHz, 0x0000000000000000, 413.38 W, 85 %, 31660 MiB
2026/10/01 03:14:59.141, 2880 MHz, 13801 MHz, 0x0000000000000000, 407.08 W, 57 %, 31660 MiB
2026/10/01 03:14:59.655, 2865 MHz, 13801 MHz, 0x0000000000000000, 363.77 W, 53 %, 31660 MiB
2026/10/01 03:15:00.166, 2872 MHz, 13801 MHz, 0x0000000000000000, 361.03 W, 48 %, 31660 MiB
2026/10/01 03:15:00.677, 2887 MHz, 13801 MHz, 0x0000000000000004, 374.93 W, 95 %, 31660 MiB
2026/10/01 03:15:01.185, 2872 MHz, 13801 MHz, 0x0000000000000000, 412.66 W, 54 %, 31660 MiB
2026/10/01 03:15:01.691, 2842 MHz, 13801 MHz, 0x0000000000000004, 441.92 W, 84 %, 31660 MiB
2026/10/01 03:15:02.200, 2827 MHz, 13801 MHz, 0x0000000000000000, 432.89 W, 88 %, 31660 MiB
2026/10/01 03:15:02.710, 2872 MHz, 13801 MHz, 0x0000000000000000, 394.00 W, 59 %, 31660 MiB
2026/10/01 03:15:03.220, 2880 MHz, 13801 MHz, 0x0000000000000000, 389.60 W, 78 %, 31660 MiB
2026/10/01 03:15:03.731, 2835 MHz, 13801 MHz, 0x0000000000000004, 397.01 W, 89 %, 31660 MiB
2026/10/01 03:15:04.245, 2865 MHz, 13801 MHz, 0x0000000000000000, 405.87 W, 35 %, 31660 MiB
2026/10/01 03:15:04.753, 2857 MHz, 13801 MHz, 0x0000000000000000, 373.63 W, 79 %, 31660 MiB
2026/10/01 03:15:05.265, 2880 MHz, 13801 MHz, 0x0000000000000000, 348.14 W, 51 %, 31663 MiB
2026/10/01 03:15:05.773, 2865 MHz, 13801 MHz, 0x0000000000000000, 361.99 W, 49 %, 31660 MiB
2026/10/01 03:15:06.283, 2850 MHz, 13801 MHz, 0x0000000000000000, 407.94 W, 78 %, 31660 MiB
2026/10/01 03:15:06.791, 2865 MHz, 13801 MHz, 0x0000000000000000, 420.84 W, 63 %, 31660 MiB
2026/10/01 03:15:07.300, 2842 MHz, 13801 MHz, 0x0000000000000004, 398.66 W, 69 %, 31660 MiB
2026/10/01 03:15:07.811, 2872 MHz, 13801 MHz, 0x0000000000000000, 390.60 W, 45 %, 31660 MiB
2026/10/01 03:15:08.325, 2880 MHz, 13801 MHz, 0x0000000000000000, 347.08 W, 0 %, 31660 MiB
2026/10/01 03:15:08.840, 2925 MHz, 13801 MHz, 0x0000000000000000, 211.88 W, 0 %, 31660 MiB
2026/10/01 03:15:09.354, 2925 MHz, 13801 MHz, 0x0000000000000000, 97.61 W, 0 %, 31660 MiB
2026/10/01 03:15:09.870, 2925 MHz, 13801 MHz, 0x0000000000000000, 96.66 W, 0 %, 31660 MiB
2026/10/01 03:15:10.371, 1012 MHz, 13801 MHz, 0x0000000000000000, 82.85 W, 0 %, 31660 MiB
2026/10/01 03:15:10.887, 465 MHz, 810 MHz, 0x0000000000000000, 56.67 W, 0 %, 31660 MiB
2026/10/01 03:15:11.387, 367 MHz, 810 MHz, 0x0000000000000000, 31.23 W, 0 %, 31660 MiB
2026/10/01 03:15:11.904, 322 MHz, 810 MHz, 0x0000000000000000, 23.14 W, 0 %, 31660 MiB
2026/10/01 03:15:12.417, 180 MHz, 405 MHz, 0x0000000000000000, 12.79 W, 0 %, 31660 MiB
2026/10/01 03:15:12.931, 180 MHz, 405 MHz, 0x0000000000000000, 12.79 W, 0 %, 31660 MiB
2026/10/01 03:15:13.445, 180 MHz, 405 MHz, 0x0000000000000000, 12.31 W, 0 %, 31660 MiB
2026/10/01 03:15:13.960, 180 MHz, 405 MHz, 0x0000000000000000, 12.31 W, 0 %, 31660 MiB
2026/10/01 03:15:14.472, 180 MHz, 405 MHz, 0x0000000000000000, 11.81 W, 0 %, 31660 MiB
2026/10/01 03:15:14.973, 180 MHz, 405 MHz, 0x0000000000000000, 11.81 W, 0 %, 31660 MiB
2026/10/01 03:15:15.487, 180 MHz, 405 MHz, 0x0000000000000000, 13.27 W, 0 %, 31663 MiB
2026/10/01 03:15:16.000, 180 MHz, 405 MHz, 0x0000000000000000, 13.98 W, 0 %, 31660 MiB
2026/10/01 03:15:16.502, 180 MHz, 405 MHz, 0x0000000000000000, 15.85 W, 0 %, 31663 MiB
2026/10/01 03:15:17.017, 180 MHz, 405 MHz, 0x0000000000000000, 15.83 W, 0 %, 31663 MiB
2026/10/01 03:15:17.533, 180 MHz, 405 MHz, 0x0000000000000000, 15.35 W, 0 %, 31660 MiB
2026/10/01 03:15:18.048, 180 MHz, 405 MHz, 0x0000000000000000, 15.24 W, 0 %, 31660 MiB
2026/10/01 03:15:18.562, 180 MHz, 405 MHz, 0x0000000000000000, 15.24 W, 0 %, 31660 MiB
2026/10/01 03:15:19.076, 180 MHz, 405 MHz, 0x0000000000000000, 15.24 W, 0 %, 31660 MiB
2026/10/01 03:15:19.589, 180 MHz, 405 MHz, 0x0000000000000000, 12.37 W, 0 %, 31660 MiB
2026/10/01 03:15:20.103, 180 MHz, 405 MHz, 0x0000000000000000, 12.37 W, 0 %, 31660 MiB
2026/10/01 03:15:31.170, 180 MHz, 405 MHz, 0x0000000000000000, 11.46 W, 0 %, 31660 MiB
2026/10/01 03:15:31.686, 1680 MHz, 405 MHz, 0x0000000000000000, 26.15 W, 100 %, 31660 MiB
2026/10/01 03:15:32.200, 2910 MHz, 13801 MHz, 0x0000000000000000, 162.99 W, 94 %, 31660 MiB
2026/10/01 03:15:32.712, 2910 MHz, 13801 MHz, 0x0000000000000000, 358.76 W, 94 %, 31660 MiB
2026/10/01 03:15:33.226, 2910 MHz, 13801 MHz, 0x0000000000000000, 357.06 W, 95 %, 31660 MiB
2026/10/01 03:15:33.740, 2910 MHz, 13801 MHz, 0x0000000000000000, 357.58 W, 95 %, 31660 MiB
2026/10/01 03:15:34.245, 2910 MHz, 13801 MHz, 0x0000000000000000, 366.66 W, 95 %, 31660 MiB
2026/10/01 03:15:34.745, 2910 MHz, 13801 MHz, 0x0000000000000000, 361.97 W, 95 %, 31660 MiB
2026/10/01 03:15:35.259, 2910 MHz, 13801 MHz, 0x0000000000000000, 362.67 W, 95 %, 31660 MiB
2026/10/01 03:15:35.772, 2910 MHz, 13801 MHz, 0x0000000000000000, 363.49 W, 94 %, 31660 MiB
2026/10/01 03:15:36.288, 2910 MHz, 13801 MHz, 0x0000000000000000, 364.15 W, 95 %, 31660 MiB
2026/10/01 03:15:36.791, 2910 MHz, 13801 MHz, 0x0000000000000000, 368.73 W, 95 %, 31660 MiB
2026/10/01 03:15:37.293, 2910 MHz, 13801 MHz, 0x0000000000000000, 357.90 W, 95 %, 31660 MiB
2026/10/01 03:15:37.806, 2910 MHz, 13801 MHz, 0x0000000000000000, 358.48 W, 95 %, 31660 MiB
2026/10/01 03:15:38.310, 2910 MHz, 13801 MHz, 0x0000000000000000, 358.83 W, 52 %, 31660 MiB
2026/10/01 03:15:38.823, 2910 MHz, 13801 MHz, 0x0000000000000000, 357.36 W, 95 %, 31663 MiB
2026/10/01 03:15:39.336, 2910 MHz, 13801 MHz, 0x0000000000000000, 355.96 W, 95 %, 31663 MiB
2026/10/01 03:15:39.847, 2910 MHz, 13801 MHz, 0x0000000000000000, 357.42 W, 95 %, 31663 MiB
2026/10/01 03:15:40.358, 2910 MHz, 13801 MHz, 0x0000000000000000, 359.95 W, 95 %, 31663 MiB
2026/10/01 03:15:40.873, 2910 MHz, 13801 MHz, 0x0000000000000000, 368.76 W, 95 %, 31660 MiB
2026/10/01 03:15:41.384, 2910 MHz, 13801 MHz, 0x0000000000000000, 363.68 W, 95 %, 31660 MiB
2026/10/01 03:15:41.899, 2910 MHz, 13801 MHz, 0x0000000000000000, 365.02 W, 95 %, 31660 MiB
2026/10/01 03:15:42.415, 2917 MHz, 13801 MHz, 0x0000000000000000, 319.56 W, 0 %, 31660 MiB
2026/10/01 03:15:42.929, 2925 MHz, 13801 MHz, 0x0000000000000000, 94.18 W, 0 %, 31660 MiB
2026/10/01 03:15:43.444, 2925 MHz, 13801 MHz, 0x0000000000000000, 93.36 W, 0 %, 31660 MiB
2026/10/01 03:15:43.958, 1012 MHz, 7001 MHz, 0x0000000000000000, 77.30 W, 0 %, 31660 MiB
2026/10/01 03:15:44.473, 465 MHz, 7001 MHz, 0x0000000000000000, 52.62 W, 0 %, 31660 MiB
2026/10/01 03:15:44.987, 375 MHz, 7001 MHz, 0x0000000000000000, 35.84 W, 0 %, 31660 MiB
2026/10/01 03:15:45.501, 292 MHz, 7001 MHz, 0x0000000000000000, 35.76 W, 0 %, 31660 MiB
2026/10/01 03:15:46.015, 232 MHz, 7001 MHz, 0x0000000000000000, 35.53 W, 0 %, 31660 MiB
2026/10/01 03:15:46.529, 232 MHz, 7001 MHz, 0x0000000000000000, 35.53 W, 0 %, 31660 MiB
2026/10/01 03:15:47.044, 187 MHz, 7001 MHz, 0x0000000000000000, 34.99 W, 0 %, 31663 MiB
2026/10/01 03:15:47.557, 180 MHz, 7001 MHz, 0x0000000000000000, 35.06 W, 0 %, 31663 MiB
2026/10/01 03:15:48.058, 180 MHz, 7001 MHz, 0x0000000000000000, 35.20 W, 0 %, 31660 MiB
2026/10/01 03:15:48.572, 187 MHz, 810 MHz, 0x0000000000000000, 29.22 W, 0 %, 31660 MiB
2026/10/01 03:15:49.073, 187 MHz, 810 MHz, 0x0000000000000000, 27.97 W, 0 %, 31660 MiB
2026/10/01 03:15:49.586, 187 MHz, 810 MHz, 0x0000000000000000, 27.97 W, 0 %, 31660 MiB
2026/10/01 03:15:50.100, 180 MHz, 810 MHz, 0x0000000000000000, 12.87 W, 0 %, 31660 MiB
2026/10/01 03:15:50.615, 180 MHz, 810 MHz, 0x0000000000000000, 12.87 W, 0 %, 31660 MiB
2026/10/01 03:15:51.131, 180 MHz, 405 MHz, 0x0000000000000000, 12.22 W, 0 %, 31660 MiB
2026/10/01 03:15:51.646, 180 MHz, 405 MHz, 0x0000000000000000, 12.22 W, 0 %, 31660 MiB
2026/10/01 03:15:52.160, 180 MHz, 405 MHz, 0x0000000000000000, 11.05 W, 0 %, 31660 MiB
2026/10/01 03:15:52.668, 2910 MHz, 13801 MHz, 0x0000000000000000, 59.92 W, 83 %, 31660 MiB
2026/10/01 03:15:53.177, 2910 MHz, 13801 MHz, 0x0000000000000000, 203.16 W, 95 %, 31660 MiB
2026/10/01 03:15:53.685, 2910 MHz, 13801 MHz, 0x0000000000000000, 364.94 W, 95 %, 31660 MiB
2026/10/01 03:15:54.197, 2910 MHz, 13801 MHz, 0x0000000000000000, 358.93 W, 61 %, 31660 MiB
2026/10/01 03:15:54.705, 2910 MHz, 13801 MHz, 0x0000000000000000, 358.76 W, 95 %, 31660 MiB
2026/10/01 03:15:55.211, 2910 MHz, 13801 MHz, 0x0000000000000000, 359.56 W, 95 %, 31660 MiB
2026/10/01 03:15:55.716, 2910 MHz, 13801 MHz, 0x0000000000000000, 368.70 W, 95 %, 31660 MiB
2026/10/01 03:15:56.225, 2887 MHz, 13801 MHz, 0x0000000000000000, 364.30 W, 95 %, 31660 MiB
2026/10/01 03:15:56.731, 2910 MHz, 13801 MHz, 0x0000000000000000, 365.07 W, 95 %, 31660 MiB
2026/10/01 03:15:57.243, 2910 MHz, 13801 MHz, 0x0000000000000000, 369.32 W, 95 %, 31660 MiB
2026/10/01 03:15:57.750, 2887 MHz, 13801 MHz, 0x0000000000000000, 366.20 W, 95 %, 31660 MiB
2026/10/01 03:15:58.257, 2910 MHz, 13801 MHz, 0x0000000000000000, 365.41 W, 94 %, 31660 MiB
2026/10/01 03:15:58.762, 2910 MHz, 13801 MHz, 0x0000000000000000, 368.74 W, 95 %, 31660 MiB
2026/10/01 03:15:59.272, 2910 MHz, 13801 MHz, 0x0000000000000000, 369.55 W, 95 %, 31660 MiB
2026/10/01 03:15:59.776, 2902 MHz, 13801 MHz, 0x0000000000000000, 367.94 W, 95 %, 31660 MiB
2026/10/01 03:16:00.287, 2910 MHz, 13801 MHz, 0x0000000000000000, 368.12 W, 94 %, 31660 MiB
2026/10/01 03:16:00.796, 2910 MHz, 13801 MHz, 0x0000000000000000, 370.13 W, 95 %, 31660 MiB
2026/10/01 03:16:01.304, 2887 MHz, 13801 MHz, 0x0000000000000000, 364.44 W, 95 %, 31660 MiB
2026/10/01 03:16:01.811, 2910 MHz, 13801 MHz, 0x0000000000000000, 365.12 W, 95 %, 31663 MiB
2026/10/01 03:16:02.320, 2910 MHz, 13801 MHz, 0x0000000000000000, 370.65 W, 95 %, 31663 MiB
2026/10/01 03:16:02.824, 2902 MHz, 13801 MHz, 0x0000000000000000, 365.28 W, 52 %, 31660 MiB
2026/10/01 03:16:03.332, 2910 MHz, 13801 MHz, 0x0000000000000000, 365.82 W, 95 %, 31660 MiB
2026/10/01 03:16:03.841, 2910 MHz, 13801 MHz, 0x0000000000000000, 367.96 W, 95 %, 31660 MiB
2026/10/01 03:16:04.349, 2910 MHz, 13801 MHz, 0x0000000000000000, 369.96 W, 95 %, 31660 MiB
2026/10/01 03:16:04.855, 2910 MHz, 13801 MHz, 0x0000000000000000, 364.03 W, 95 %, 31660 MiB
2026/10/01 03:16:05.362, 2910 MHz, 13801 MHz, 0x0000000000000000, 364.42 W, 95 %, 31660 MiB
2026/10/01 03:16:05.875, 2910 MHz, 13801 MHz, 0x0000000000000000, 370.31 W, 95 %, 31660 MiB
2026/10/01 03:16:06.380, 2902 MHz, 13801 MHz, 0x0000000000000000, 365.50 W, 95 %, 31663 MiB
2026/10/01 03:16:06.887, 2910 MHz, 13801 MHz, 0x0000000000000000, 365.90 W, 95 %, 31660 MiB
2026/10/01 03:16:07.398, 2910 MHz, 13801 MHz, 0x0000000000000000, 370.52 W, 95 %, 31660 MiB
2026/10/01 03:16:07.907, 2910 MHz, 13801 MHz, 0x0000000000000000, 363.36 W, 50 %, 31665 MiB
2026/10/01 03:16:08.418, 2910 MHz, 13801 MHz, 0x0000000000000000, 361.28 W, 94 %, 31665 MiB
2026/10/01 03:16:08.923, 2910 MHz, 13801 MHz, 0x0000000000000000, 366.09 W, 94 %, 31660 MiB
2026/10/01 03:16:09.434, 2880 MHz, 13801 MHz, 0x0000000000000000, 367.12 W, 95 %, 31660 MiB
2026/10/01 03:16:09.940, 2910 MHz, 13801 MHz, 0x0000000000000000, 368.15 W, 95 %, 31660 MiB
2026/10/01 03:16:10.447, 2910 MHz, 13801 MHz, 0x0000000000000000, 371.54 W, 95 %, 31660 MiB
2026/10/01 03:16:10.955, 2880 MHz, 13801 MHz, 0x0000000000000000, 367.90 W, 93 %, 31660 MiB
2026/10/01 03:16:11.463, 2910 MHz, 13801 MHz, 0x0000000000000000, 367.66 W, 95 %, 31660 MiB
2026/10/01 03:16:11.970, 2910 MHz, 13801 MHz, 0x0000000000000000, 371.75 W, 95 %, 31660 MiB
2026/10/01 03:16:12.477, 2910 MHz, 13801 MHz, 0x0000000000000000, 372.09 W, 95 %, 31660 MiB
2026/10/01 03:16:12.982, 2910 MHz, 13801 MHz, 0x0000000000000000, 371.60 W, 95 %, 31660 MiB
2026/10/01 03:16:13.491, 2910 MHz, 13801 MHz, 0x0000000000000000, 371.83 W, 95 %, 31660 MiB
2026/10/01 03:16:13.997, 2910 MHz, 13801 MHz, 0x0000000000000000, 373.16 W, 94 %, 31660 MiB
2026/10/01 03:16:14.508, 2887 MHz, 13801 MHz, 0x0000000000000000, 368.24 W, 95 %, 31660 MiB
2026/10/01 03:16:15.011, 2910 MHz, 13801 MHz, 0x0000000000000000, 368.04 W, 95 %, 31660 MiB
2026/10/01 03:16:15.517, 2910 MHz, 13801 MHz, 0x0000000000000000, 372.65 W, 95 %, 31660 MiB
2026/10/01 03:16:16.025, 2910 MHz, 13801 MHz, 0x0000000000000000, 372.44 W, 95 %, 31660 MiB
2026/10/01 03:16:16.535, 2895 MHz, 13801 MHz, 0x0000000000000000, 365.51 W, 94 %, 31660 MiB
2026/10/01 03:16:17.040, 2910 MHz, 13801 MHz, 0x0000000000000000, 364.75 W, 95 %, 31660 MiB
2026/10/01 03:16:17.548, 2910 MHz, 13801 MHz, 0x0000000000000000, 372.61 W, 94 %, 31660 MiB
2026/10/01 03:16:18.055, 2910 MHz, 13801 MHz, 0x0000000000000000, 373.36 W, 95 %, 31660 MiB
2026/10/01 03:16:18.567, 2887 MHz, 13801 MHz, 0x0000000000000000, 368.08 W, 94 %, 31660 MiB
2026/10/01 03:16:19.075, 2910 MHz, 13801 MHz, 0x0000000000000000, 367.49 W, 95 %, 31660 MiB
2026/10/01 03:16:19.586, 2910 MHz, 13801 MHz, 0x0000000000000000, 372.83 W, 95 %, 31660 MiB
2026/10/01 03:16:20.093, 2887 MHz, 13801 MHz, 0x0000000000000000, 368.74 W, 95 %, 31660 MiB
2026/10/01 03:16:20.601, 2910 MHz, 13801 MHz, 0x0000000000000000, 368.87 W, 95 %, 31660 MiB
2026/10/01 03:16:21.108, 2910 MHz, 13801 MHz, 0x0000000000000000, 372.80 W, 93 %, 31660 MiB
2026/10/01 03:16:21.617, 2910 MHz, 13801 MHz, 0x0000000000000000, 369.07 W, 48 %, 31660 MiB
2026/10/01 03:16:22.123, 2910 MHz, 13801 MHz, 0x0000000000000000, 365.44 W, 95 %, 31660 MiB
2026/10/01 03:16:22.630, 2910 MHz, 13801 MHz, 0x0000000000000000, 366.37 W, 95 %, 31660 MiB
2026/10/01 03:16:23.137, 2910 MHz, 13801 MHz, 0x0000000000000000, 373.48 W, 95 %, 31660 MiB
2026/10/01 03:16:23.646, 2880 MHz, 13801 MHz, 0x0000000000000000, 362.72 W, 95 %, 31660 MiB
2026/10/01 03:16:24.152, 2910 MHz, 13801 MHz, 0x0000000000000000, 362.38 W, 95 %, 31660 MiB
2026/10/01 03:16:24.661, 2910 MHz, 13801 MHz, 0x0000000000000000, 375.76 W, 95 %, 31660 MiB
2026/10/01 03:16:25.168, 2887 MHz, 13801 MHz, 0x0000000000000000, 374.10 W, 95 %, 31660 MiB
2026/10/01 03:16:25.676, 2910 MHz, 13801 MHz, 0x0000000000000000, 373.25 W, 94 %, 31660 MiB
2026/10/01 03:16:26.185, 2910 MHz, 13801 MHz, 0x0000000000000000, 374.39 W, 95 %, 31660 MiB
2026/10/01 03:16:26.695, 2910 MHz, 13801 MHz, 0x0000000000000000, 367.78 W, 49 %, 31660 MiB
2026/10/01 03:16:27.204, 2910 MHz, 13801 MHz, 0x0000000000000000, 365.01 W, 94 %, 31660 MiB
2026/10/01 03:16:27.710, 2910 MHz, 13801 MHz, 0x0000000000000000, 370.70 W, 95 %, 31660 MiB
2026/10/01 03:16:28.219, 2910 MHz, 13801 MHz, 0x0000000000000000, 375.11 W, 95 %, 31663 MiB
2026/10/01 03:16:28.723, 2895 MHz, 13801 MHz, 0x0000000000000000, 361.68 W, 95 %, 31663 MiB
2026/10/01 03:16:29.231, 2910 MHz, 13801 MHz, 0x0000000000000000, 361.51 W, 95 %, 31665 MiB
2026/10/01 03:16:29.736, 2910 MHz, 13801 MHz, 0x0000000000000000, 371.74 W, 95 %, 31665 MiB
2026/10/01 03:16:30.243, 2880 MHz, 13801 MHz, 0x0000000000000000, 361.24 W, 95 %, 31663 MiB
2026/10/01 03:16:30.752, 2910 MHz, 13801 MHz, 0x0000000000000000, 365.24 W, 95 %, 31660 MiB
2026/10/01 03:16:31.260, 2910 MHz, 13801 MHz, 0x0000000000000000, 374.94 W, 95 %, 31660 MiB
2026/10/01 03:16:31.772, 2910 MHz, 13801 MHz, 0x0000000000000000, 372.95 W, 49 %, 31660 MiB
2026/10/01 03:16:32.284, 2910 MHz, 13801 MHz, 0x0000000000000000, 369.26 W, 95 %, 31660 MiB
2026/10/01 03:16:32.793, 2910 MHz, 13801 MHz, 0x0000000000000000, 369.35 W, 95 %, 31660 MiB
2026/10/01 03:16:33.304, 2887 MHz, 13801 MHz, 0x0000000000000000, 372.85 W, 74 %, 31660 MiB
2026/10/01 03:16:33.812, 2910 MHz, 13801 MHz, 0x0000000000000000, 373.22 W, 94 %, 31660 MiB
2026/10/01 03:16:34.323, 2910 MHz, 13801 MHz, 0x0000000000000000, 376.88 W, 95 %, 31660 MiB
2026/10/01 03:16:34.836, 2910 MHz, 13801 MHz, 0x0000000000000000, 377.18 W, 95 %, 31660 MiB
2026/10/01 03:16:35.344, 2887 MHz, 13801 MHz, 0x0000000000000000, 369.25 W, 95 %, 31660 MiB
2026/10/01 03:16:35.854, 2910 MHz, 13801 MHz, 0x0000000000000000, 367.95 W, 95 %, 31660 MiB
2026/10/01 03:16:36.365, 2910 MHz, 13801 MHz, 0x0000000000000000, 377.25 W, 95 %, 31660 MiB
2026/10/01 03:16:36.872, 2910 MHz, 13801 MHz, 0x0000000000000000, 372.58 W, 52 %, 31660 MiB
2026/10/01 03:16:37.382, 2910 MHz, 13801 MHz, 0x0000000000000000, 372.04 W, 95 %, 31660 MiB
2026/10/01 03:16:37.891, 2910 MHz, 13801 MHz, 0x0000000000000000, 376.66 W, 95 %, 31660 MiB
2026/10/01 03:16:38.404, 2910 MHz, 13801 MHz, 0x0000000000000000, 376.36 W, 95 %, 31660 MiB
2026/10/01 03:16:38.912, 2872 MHz, 13801 MHz, 0x0000000000000000, 373.54 W, 95 %, 31660 MiB
2026/10/01 03:16:39.419, 2902 MHz, 13801 MHz, 0x0000000000000000, 374.83 W, 95 %, 31660 MiB
2026/10/01 03:16:39.931, 2872 MHz, 13801 MHz, 0x0000000000000000, 373.45 W, 95 %, 31660 MiB
2026/10/01 03:16:40.440, 2910 MHz, 13801 MHz, 0x0000000000000000, 374.40 W, 95 %, 31660 MiB
2026/10/01 03:16:40.949, 2910 MHz, 13801 MHz, 0x0000000000000000, 379.12 W, 95 %, 31660 MiB
2026/10/01 03:16:41.459, 2910 MHz, 13801 MHz, 0x0000000000000000, 379.09 W, 95 %, 31660 MiB
2026/10/01 03:16:41.970, 2880 MHz, 13801 MHz, 0x0000000000000000, 371.27 W, 95 %, 31660 MiB
2026/10/01 03:16:42.476, 2910 MHz, 13801 MHz, 0x0000000000000000, 367.69 W, 94 %, 31660 MiB
2026/10/01 03:16:42.983, 2910 MHz, 13801 MHz, 0x0000000000000000, 374.91 W, 93 %, 31660 MiB
2026/10/01 03:16:43.490, 2887 MHz, 13801 MHz, 0x0000000000000000, 365.97 W, 95 %, 31660 MiB
2026/10/01 03:16:43.998, 2910 MHz, 13801 MHz, 0x0000000000000000, 366.50 W, 95 %, 31660 MiB
2026/10/01 03:16:44.504, 2910 MHz, 13801 MHz, 0x0000000000000000, 377.87 W, 95 %, 31660 MiB
2026/10/01 03:16:45.013, 2887 MHz, 13801 MHz, 0x0000000000000000, 368.28 W, 47 %, 31660 MiB
2026/10/01 03:16:45.520, 2902 MHz, 13801 MHz, 0x0000000000000000, 367.32 W, 95 %, 31660 MiB
2026/10/01 03:16:46.030, 2895 MHz, 13801 MHz, 0x0000000000000000, 377.16 W, 95 %, 31660 MiB
2026/10/01 03:16:46.537, 2895 MHz, 13801 MHz, 0x0000000000000000, 377.18 W, 95 %, 31660 MiB
2026/10/01 03:16:47.046, 2872 MHz, 13801 MHz, 0x0000000000000000, 372.15 W, 95 %, 31660 MiB
2026/10/01 03:16:47.553, 2895 MHz, 13801 MHz, 0x0000000000000000, 371.14 W, 95 %, 31660 MiB
2026/10/01 03:16:48.063, 2895 MHz, 13801 MHz, 0x0000000000000000, 377.53 W, 95 %, 31660 MiB
2026/10/01 03:16:48.570, 2880 MHz, 13801 MHz, 0x0000000000000000, 371.32 W, 76 %, 31660 MiB
2026/10/01 03:16:49.076, 2902 MHz, 13801 MHz, 0x0000000000000000, 371.59 W, 93 %, 31660 MiB
2026/10/01 03:16:49.585, 2895 MHz, 13801 MHz, 0x0000000000000000, 375.34 W, 95 %, 31660 MiB
2026/10/01 03:16:50.094, 2895 MHz, 13801 MHz, 0x0000000000000000, 377.18 W, 95 %, 31660 MiB
2026/10/01 03:16:50.600, 2895 MHz, 13801 MHz, 0x0000000000000000, 358.70 W, 90 %, 31663 MiB
2026/10/01 03:16:51.108, 2895 MHz, 13801 MHz, 0x0000000000000000, 358.80 W, 95 %, 31663 MiB
2026/10/01 03:16:51.615, 2895 MHz, 13801 MHz, 0x0000000000000000, 376.73 W, 94 %, 31660 MiB
2026/10/01 03:16:52.130, 2895 MHz, 13801 MHz, 0x0000000000000000, 374.74 W, 56 %, 31663 MiB
2026/10/01 03:16:52.635, 2902 MHz, 13801 MHz, 0x0000000000000000, 373.03 W, 95 %, 31663 MiB
2026/10/01 03:16:53.141, 2895 MHz, 13801 MHz, 0x0000000000000000, 372.90 W, 94 %, 31660 MiB
2026/10/01 03:16:53.652, 2895 MHz, 13801 MHz, 0x0000000000000000, 376.77 W, 94 %, 31660 MiB
2026/10/01 03:16:54.163, 2895 MHz, 13801 MHz, 0x0000000000000000, 368.60 W, 48 %, 31663 MiB
2026/10/01 03:16:54.679, 2925 MHz, 13801 MHz, 0x0000000000000000, 252.45 W, 0 %, 31660 MiB
2026/10/01 03:16:55.194, 2925 MHz, 13801 MHz, 0x0000000000000000, 126.44 W, 0 %, 31660 MiB
2026/10/01 03:16:55.708, 2925 MHz, 13801 MHz, 0x0000000000000000, 98.78 W, 0 %, 31660 MiB
2026/10/01 03:16:56.209, 1177 MHz, 13801 MHz, 0x0000000000000000, 85.73 W, 0 %, 31660 MiB
2026/10/01 03:16:56.721, 630 MHz, 810 MHz, 0x0000000000000000, 62.65 W, 0 %, 31660 MiB
2026/10/01 03:16:57.222, 510 MHz, 810 MHz, 0x0000000000000000, 38.74 W, 0 %, 31660 MiB
2026/10/01 03:16:57.737, 382 MHz, 810 MHz, 0x0000000000000000, 25.21 W, 0 %, 31660 MiB
2026/10/01 03:16:58.239, 382 MHz, 810 MHz, 0x0000000000000000, 25.21 W, 0 %, 31660 MiB
2026/10/01 03:16:58.752, 217 MHz, 405 MHz, 0x0000000000000000, 13.82 W, 0 %, 31660 MiB
2026/10/01 03:16:59.255, 217 MHz, 405 MHz, 0x0000000000000000, 13.82 W, 0 %, 31660 MiB
2026/10/01 03:16:59.769, 172 MHz, 405 MHz, 0x0000000000000000, 13.36 W, 0 %, 31660 MiB
2026/10/01 03:17:00.271, 172 MHz, 405 MHz, 0x0000000000000000, 13.36 W, 0 %, 31660 MiB
2026/10/01 03:17:00.786, 180 MHz, 405 MHz, 0x0000000000000000, 12.33 W, 0 %, 31660 MiB
2026/10/01 03:17:01.287, 180 MHz, 405 MHz, 0x0000000000000000, 12.33 W, 0 %, 31660 MiB
2026/10/01 03:17:01.799, 180 MHz, 405 MHz, 0x0000000000000000, 12.43 W, 0 %, 31660 MiB
2026/10/01 03:17:02.312, 180 MHz, 405 MHz, 0x0000000000000000, 12.43 W, 0 %, 31660 MiB
2026/10/01 03:17:02.826, 180 MHz, 405 MHz, 0x0000000000000000, 12.28 W, 0 %, 31660 MiB
2026/10/01 03:17:03.341, 180 MHz, 405 MHz, 0x0000000000000000, 12.28 W, 0 %, 31660 MiB
2026/10/01 03:17:03.856, 180 MHz, 405 MHz, 0x0000000000000000, 12.23 W, 0 %, 31660 MiB
2026/10/01 03:17:04.371, 180 MHz, 405 MHz, 0x0000000000000000, 12.23 W, 0 %, 31660 MiB
2026/10/01 03:17:04.872, 180 MHz, 405 MHz, 0x0000000000000000, 12.23 W, 0 %, 31660 MiB
2026/10/01 03:17:05.374, 180 MHz, 405 MHz, 0x0000000000000000, 12.23 W, 0 %, 31660 MiB
2026/10/01 03:17:05.888, 180 MHz, 405 MHz, 0x0000000000000000, 12.10 W, 0 %, 31660 MiB
2026/10/01 03:17:06.389, 180 MHz, 405 MHz, 0x0000000000000000, 12.10 W, 0 %, 31660 MiB
2026/10/01 03:17:06.902, 180 MHz, 405 MHz, 0x0000000000000000, 12.06 W, 0 %, 31660 MiB
2026/10/01 03:17:07.403, 180 MHz, 405 MHz, 0x0000000000000000, 12.06 W, 0 %, 31660 MiB
2026/10/01 03:17:07.918, 180 MHz, 405 MHz, 0x0000000000000000, 12.07 W, 0 %, 31660 MiB
2026/10/01 03:17:08.433, 180 MHz, 405 MHz, 0x0000000000000000, 12.07 W, 0 %, 31660 MiB
2026/10/01 03:17:08.933, 180 MHz, 405 MHz, 0x0000000000000000, 11.73 W, 0 %, 31660 MiB
2026/10/01 03:17:09.448, 180 MHz, 405 MHz, 0x0000000000000000, 11.72 W, 0 %, 31660 MiB
2026/10/01 03:17:09.961, 180 MHz, 405 MHz, 0x0000000000000000, 11.72 W, 0 %, 31660 MiB
2026/10/01 03:17:10.462, 2925 MHz, 13801 MHz, 0x0000000000000000, 55.74 W, 92 %, 31660 MiB
2026/10/01 03:17:10.974, 2910 MHz, 13801 MHz, 0x0000000000000000, 188.56 W, 95 %, 31660 MiB
2026/10/01 03:17:11.475, 2910 MHz, 13801 MHz, 0x0000000000000000, 367.75 W, 95 %, 31663 MiB
2026/10/01 03:17:11.986, 2910 MHz, 13801 MHz, 0x0000000000000000, 364.20 W, 94 %, 31663 MiB
2026/10/01 03:17:12.501, 2910 MHz, 13801 MHz, 0x0000000000000000, 363.33 W, 94 %, 31660 MiB
2026/10/01 03:17:13.017, 2910 MHz, 13801 MHz, 0x0000000000000000, 363.74 W, 95 %, 31660 MiB
2026/10/01 03:17:13.530, 2910 MHz, 13801 MHz, 0x0000000000000000, 364.08 W, 94 %, 31660 MiB
2026/10/01 03:17:14.030, 2910 MHz, 13801 MHz, 0x0000000000000000, 369.02 W, 95 %, 31660 MiB
2026/10/01 03:17:14.534, 2910 MHz, 13801 MHz, 0x0000000000000000, 357.87 W, 95 %, 31660 MiB
2026/10/01 03:17:15.049, 2910 MHz, 13801 MHz, 0x0000000000000000, 359.98 W, 95 %, 31660 MiB
2026/10/01 03:17:15.563, 2910 MHz, 13801 MHz, 0x0000000000000000, 360.48 W, 57 %, 31660 MiB
2026/10/01 03:17:16.078, 2910 MHz, 13801 MHz, 0x0000000000000000, 360.77 W, 95 %, 31663 MiB
2026/10/01 03:17:16.578, 2910 MHz, 13801 MHz, 0x0000000000000000, 361.84 W, 95 %, 31660 MiB
2026/10/01 03:17:17.079, 2910 MHz, 13801 MHz, 0x0000000000000000, 366.53 W, 94 %, 31660 MiB
2026/10/01 03:17:17.594, 2910 MHz, 13801 MHz, 0x0000000000000000, 364.37 W, 93 %, 31663 MiB
2026/10/01 03:17:18.104, 2910 MHz, 13801 MHz, 0x0000000000000000, 368.99 W, 95 %, 31660 MiB
2026/10/01 03:17:18.605, 2910 MHz, 13801 MHz, 0x0000000000000000, 366.23 W, 95 %, 31660 MiB
2026/10/01 03:17:19.107, 2910 MHz, 13801 MHz, 0x0000000000000000, 365.96 W, 94 %, 31660 MiB
2026/10/01 03:17:19.622, 2910 MHz, 13801 MHz, 0x0000000000000000, 365.76 W, 95 %, 31660 MiB
2026/10/01 03:17:20.136, 2910 MHz, 13801 MHz, 0x0000000000000000, 366.46 W, 95 %, 31660 MiB
2026/10/01 03:17:20.649, 2910 MHz, 13801 MHz, 0x0000000000000000, 369.96 W, 94 %, 31660 MiB
2026/10/01 03:17:31.625, 180 MHz, 405 MHz, 0x0000000000000000, 11.45 W, 0 %, 31660 MiB
2026/10/01 03:17:32.139, 2220 MHz, 13801 MHz, 0x0000000000000000, 58.67 W, 95 %, 31660 MiB
2026/10/01 03:17:32.640, 2910 MHz, 13801 MHz, 0x0000000000000000, 154.37 W, 94 %, 31665 MiB
2026/10/01 03:17:33.143, 2910 MHz, 13801 MHz, 0x0000000000000000, 361.66 W, 95 %, 31665 MiB
2026/10/01 03:17:33.655, 2910 MHz, 13801 MHz, 0x0000000000000000, 361.82 W, 95 %, 31660 MiB
2026/10/01 03:17:34.156, 2910 MHz, 13801 MHz, 0x0000000000000000, 362.42 W, 95 %, 31660 MiB
2026/10/01 03:17:34.666, 2910 MHz, 13801 MHz, 0x0000000000000000, 357.25 W, 53 %, 31660 MiB
2026/10/01 03:17:35.179, 2910 MHz, 13801 MHz, 0x0000000000000000, 358.30 W, 95 %, 31660 MiB
2026/10/01 03:17:35.692, 2910 MHz, 13801 MHz, 0x0000000000000000, 358.54 W, 95 %, 31660 MiB
2026/10/01 03:17:36.194, 2910 MHz, 13801 MHz, 0x0000000000000000, 357.85 W, 95 %, 31660 MiB
2026/10/01 03:17:36.706, 2910 MHz, 13801 MHz, 0x0000000000000000, 357.56 W, 95 %, 31660 MiB
2026/10/01 03:17:37.221, 2910 MHz, 13801 MHz, 0x0000000000000000, 368.86 W, 95 %, 31660 MiB
2026/10/01 03:17:37.736, 2910 MHz, 13801 MHz, 0x0000000000000000, 365.01 W, 95 %, 31660 MiB
2026/10/01 03:17:38.252, 2910 MHz, 13801 MHz, 0x0000000000000000, 364.44 W, 95 %, 31660 MiB
2026/10/01 03:17:38.766, 2910 MHz, 13801 MHz, 0x0000000000000000, 364.67 W, 95 %, 31660 MiB
2026/10/01 03:17:39.280, 2910 MHz, 13801 MHz, 0x0000000000000000, 365.01 W, 95 %, 31663 MiB
2026/10/01 03:17:39.795, 2910 MHz, 13801 MHz, 0x0000000000000000, 369.78 W, 94 %, 31660 MiB
2026/10/01 03:17:40.308, 2910 MHz, 13801 MHz, 0x0000000000000000, 358.29 W, 93 %, 31663 MiB
2026/10/01 03:17:40.823, 2910 MHz, 13801 MHz, 0x0000000000000000, 359.10 W, 95 %, 31663 MiB
2026/10/01 03:17:41.337, 2910 MHz, 13801 MHz, 0x0000000000000000, 361.74 W, 68 %, 31660 MiB
2026/10/01 03:17:41.839, 2910 MHz, 13801 MHz, 0x0000000000000000, 362.73 W, 95 %, 31660 MiB
2026/10/01 03:17:42.353, 2910 MHz, 13801 MHz, 0x0000000000000000, 364.35 W, 95 %, 31660 MiB
2026/10/01 03:17:42.868, 2925 MHz, 13801 MHz, 0x0000000000000000, 293.09 W, 0 %, 31660 MiB
2026/10/01 03:17:43.380, 2925 MHz, 13801 MHz, 0x0000000000000000, 167.47 W, 0 %, 31660 MiB
2026/10/01 03:17:43.892, 2925 MHz, 13801 MHz, 0x0000000000000000, 94.23 W, 0 %, 31660 MiB
2026/10/01 03:17:44.407, 2887 MHz, 13801 MHz, 0x0000000000000000, 89.32 W, 0 %, 31660 MiB
2026/10/01 03:17:44.922, 735 MHz, 7001 MHz, 0x0000000000000000, 63.79 W, 0 %, 31660 MiB
2026/10/01 03:17:45.436, 592 MHz, 7001 MHz, 0x0000000000000000, 39.58 W, 0 %, 31660 MiB
2026/10/01 03:17:45.946, 367 MHz, 7001 MHz, 0x0000000000000000, 36.08 W, 0 %, 31660 MiB
2026/10/01 03:17:46.456, 330 MHz, 7001 MHz, 0x0000000000000000, 35.95 W, 0 %, 31660 MiB
2026/10/01 03:17:46.969, 330 MHz, 7001 MHz, 0x0000000000000000, 35.95 W, 0 %, 31660 MiB
2026/10/01 03:17:47.481, 217 MHz, 810 MHz, 0x0000000000000000, 28.98 W, 0 %, 31660 MiB
2026/10/01 03:17:47.989, 217 MHz, 810 MHz, 0x0000000000000000, 28.98 W, 0 %, 31660 MiB
2026/10/01 03:17:48.501, 180 MHz, 405 MHz, 0x0000000000000000, 21.00 W, 0 %, 31660 MiB
2026/10/01 03:17:49.014, 180 MHz, 405 MHz, 0x0000000000000000, 21.00 W, 0 %, 31660 MiB
2026/10/01 03:17:49.524, 180 MHz, 405 MHz, 0x0000000000000000, 12.24 W, 0 %, 31660 MiB
2026/10/01 03:17:50.037, 180 MHz, 405 MHz, 0x0000000000000000, 12.24 W, 0 %, 31660 MiB
2026/10/01 03:17:50.548, 180 MHz, 405 MHz, 0x0000000000000000, 11.19 W, 0 %, 31660 MiB
2026/10/01 03:17:51.061, 180 MHz, 405 MHz, 0x0000000000000000, 11.19 W, 0 %, 31660 MiB
2026/10/01 03:17:51.576, 180 MHz, 405 MHz, 0x0000000000000000, 11.28 W, 0 %, 31660 MiB
2026/10/01 03:17:52.077, 180 MHz, 405 MHz, 0x0000000000000000, 11.28 W, 0 %, 31660 MiB
2026/10/01 03:17:52.587, 2302 MHz, 13801 MHz, 0x0000000000000000, 85.15 W, 77 %, 31660 MiB
2026/10/01 03:17:53.094, 2910 MHz, 13801 MHz, 0x0000000000000000, 161.24 W, 95 %, 31660 MiB
2026/10/01 03:17:53.601, 2910 MHz, 13801 MHz, 0x0000000000000000, 343.88 W, 96 %, 31665 MiB
2026/10/01 03:17:54.109, 2910 MHz, 13801 MHz, 0x0000000000000000, 344.54 W, 96 %, 31665 MiB
2026/10/01 03:17:54.613, 2910 MHz, 13801 MHz, 0x0000000000000000, 347.10 W, 93 %, 31660 MiB
2026/10/01 03:17:55.124, 2865 MHz, 13801 MHz, 0x0000000000000000, 352.61 W, 75 %, 31660 MiB
2026/10/01 03:17:55.631, 2910 MHz, 13801 MHz, 0x0000000000000000, 349.67 W, 96 %, 31660 MiB
2026/10/01 03:17:56.137, 2910 MHz, 13801 MHz, 0x0000000000000000, 342.80 W, 95 %, 31660 MiB
2026/10/01 03:17:56.645, 2910 MHz, 13801 MHz, 0x0000000000000000, 346.23 W, 96 %, 31660 MiB
2026/10/01 03:17:57.157, 2910 MHz, 13801 MHz, 0x0000000000000000, 347.59 W, 60 %, 31660 MiB
2026/10/01 03:17:57.664, 2880 MHz, 13801 MHz, 0x0000000000000000, 350.02 W, 96 %, 31660 MiB
2026/10/01 03:17:58.175, 2910 MHz, 13801 MHz, 0x0000000000000000, 349.15 W, 96 %, 31660 MiB
2026/10/01 03:17:58.678, 2910 MHz, 13801 MHz, 0x0000000000000000, 346.44 W, 95 %, 31660 MiB
2026/10/01 03:17:59.186, 2910 MHz, 13801 MHz, 0x0000000000000000, 350.54 W, 55 %, 31660 MiB
2026/10/01 03:17:59.697, 2910 MHz, 13801 MHz, 0x0000000000000000, 351.39 W, 96 %, 31660 MiB
2026/10/01 03:18:00.208, 2887 MHz, 13801 MHz, 0x0000000000000000, 347.30 W, 96 %, 31660 MiB
2026/10/01 03:18:00.716, 2910 MHz, 13801 MHz, 0x0000000000000000, 346.61 W, 96 %, 31660 MiB
2026/10/01 03:18:01.226, 2910 MHz, 13801 MHz, 0x0000000000000000, 347.57 W, 96 %, 31660 MiB
2026/10/01 03:18:01.732, 2902 MHz, 13801 MHz, 0x0000000000000000, 343.58 W, 96 %, 31660 MiB
2026/10/01 03:18:02.239, 2910 MHz, 13801 MHz, 0x0000000000000000, 343.01 W, 94 %, 31663 MiB
2026/10/01 03:18:02.751, 2895 MHz, 13801 MHz, 0x0000000000000000, 336.42 W, 50 %, 31663 MiB
2026/10/01 03:18:03.259, 2910 MHz, 13801 MHz, 0x0000000000000000, 336.48 W, 96 %, 31660 MiB
2026/10/01 03:18:03.768, 2902 MHz, 13801 MHz, 0x0000000000000000, 339.03 W, 45 %, 31663 MiB
2026/10/01 03:18:04.277, 2910 MHz, 13801 MHz, 0x0000000000000000, 345.40 W, 96 %, 31663 MiB
2026/10/01 03:18:04.786, 2910 MHz, 13801 MHz, 0x0000000000000000, 346.78 W, 95 %, 31660 MiB
2026/10/01 03:18:05.294, 2880 MHz, 13801 MHz, 0x0000000000000000, 349.13 W, 95 %, 31660 MiB
2026/10/01 03:18:05.804, 2910 MHz, 13801 MHz, 0x0000000000000000, 349.15 W, 95 %, 31660 MiB
2026/10/01 03:18:06.311, 2902 MHz, 13801 MHz, 0x0000000000000000, 347.89 W, 95 %, 31660 MiB
2026/10/01 03:18:06.819, 2917 MHz, 13801 MHz, 0x0000000000000000, 348.02 W, 96 %, 31660 MiB
2026/10/01 03:18:07.328, 2910 MHz, 13801 MHz, 0x0000000000000000, 345.44 W, 42 %, 31660 MiB
2026/10/01 03:18:07.835, 2910 MHz, 13801 MHz, 0x0000000000000000, 343.65 W, 95 %, 31660 MiB
2026/10/01 03:18:08.343, 2917 MHz, 13801 MHz, 0x0000000000000000, 343.75 W, 50 %, 31660 MiB
2026/10/01 03:18:08.849, 2910 MHz, 13801 MHz, 0x0000000000000000, 346.27 W, 96 %, 31660 MiB
2026/10/01 03:18:09.362, 2910 MHz, 13801 MHz, 0x0000000000000000, 346.02 W, 96 %, 31660 MiB
2026/10/01 03:18:09.867, 2910 MHz, 13801 MHz, 0x0000000000000000, 342.06 W, 96 %, 31660 MiB
2026/10/01 03:18:10.372, 2910 MHz, 13801 MHz, 0x0000000000000000, 342.36 W, 95 %, 31660 MiB
2026/10/01 03:18:10.881, 2910 MHz, 13801 MHz, 0x0000000000000000, 349.83 W, 63 %, 31660 MiB
2026/10/01 03:18:11.389, 2910 MHz, 13801 MHz, 0x0000000000000000, 345.18 W, 96 %, 31660 MiB
2026/10/01 03:18:11.896, 2895 MHz, 13801 MHz, 0x0000000000000000, 338.66 W, 48 %, 31660 MiB
2026/10/01 03:18:12.402, 2917 MHz, 13801 MHz, 0x0000000000000000, 342.80 W, 95 %, 31660 MiB
2026/10/01 03:18:12.907, 2917 MHz, 13801 MHz, 0x0000000000000000, 341.48 W, 96 %, 31660 MiB
2026/10/01 03:18:13.413, 2880 MHz, 13801 MHz, 0x0000000000000000, 347.29 W, 92 %, 31660 MiB
2026/10/01 03:18:13.922, 2910 MHz, 13801 MHz, 0x0000000000000000, 348.20 W, 96 %, 31660 MiB
2026/10/01 03:18:14.429, 2895 MHz, 13801 MHz, 0x0000000000000000, 340.90 W, 61 %, 31660 MiB
2026/10/01 03:18:14.936, 2917 MHz, 13801 MHz, 0x0000000000000000, 340.47 W, 96 %, 31665 MiB
2026/10/01 03:18:15.444, 2910 MHz, 13801 MHz, 0x0000000000000000, 345.29 W, 96 %, 31660 MiB
2026/10/01 03:18:15.954, 2910 MHz, 13801 MHz, 0x0000000000000000, 343.16 W, 45 %, 31660 MiB
2026/10/01 03:18:16.460, 2917 MHz, 13801 MHz, 0x0000000000000000, 343.60 W, 96 %, 31660 MiB
2026/10/01 03:18:16.969, 2917 MHz, 13801 MHz, 0x0000000000000000, 343.26 W, 96 %, 31660 MiB
2026/10/01 03:18:17.475, 2910 MHz, 13801 MHz, 0x0000000000000000, 349.54 W, 96 %, 31660 MiB
2026/10/01 03:18:17.988, 2880 MHz, 13801 MHz, 0x0000000000000000, 352.00 W, 75 %, 31660 MiB
2026/10/01 03:18:18.496, 2917 MHz, 13801 MHz, 0x0000000000000000, 347.44 W, 96 %, 31660 MiB
2026/10/01 03:18:19.002, 2917 MHz, 13801 MHz, 0x0000000000000000, 346.07 W, 95 %, 31660 MiB
2026/10/01 03:18:19.509, 2910 MHz, 13801 MHz, 0x0000000000000000, 349.33 W, 96 %, 31660 MiB
2026/10/01 03:18:20.019, 2902 MHz, 13801 MHz, 0x0000000000000000, 348.92 W, 46 %, 31660 MiB
2026/10/01 03:18:20.526, 2910 MHz, 13801 MHz, 0x0000000000000000, 347.47 W, 96 %, 31660 MiB
2026/10/01 03:18:21.032, 2910 MHz, 13801 MHz, 0x0000000000000000, 346.43 W, 95 %, 31660 MiB
2026/10/01 03:18:21.541, 2917 MHz, 13801 MHz, 0x0000000000000000, 349.72 W, 96 %, 31660 MiB
2026/10/01 03:18:22.050, 2910 MHz, 13801 MHz, 0x0000000000000000, 351.07 W, 95 %, 31660 MiB
2026/10/01 03:18:22.564, 2910 MHz, 13801 MHz, 0x0000000000000000, 348.47 W, 82 %, 31660 MiB
2026/10/01 03:18:23.072, 2917 MHz, 13801 MHz, 0x0000000000000000, 346.39 W, 96 %, 31660 MiB
2026/10/01 03:18:23.579, 2910 MHz, 13801 MHz, 0x0000000000000000, 348.71 W, 96 %, 31660 MiB
2026/10/01 03:18:24.087, 2910 MHz, 13801 MHz, 0x0000000000000000, 350.33 W, 96 %, 31660 MiB
2026/10/01 03:18:24.599, 2902 MHz, 13801 MHz, 0x0000000000000000, 345.53 W, 38 %, 31660 MiB
2026/10/01 03:18:25.109, 2887 MHz, 13801 MHz, 0x0000000000000000, 336.67 W, 96 %, 31660 MiB
2026/10/01 03:18:25.618, 2917 MHz, 13801 MHz, 0x0000000000000000, 337.80 W, 96 %, 31663 MiB
2026/10/01 03:18:26.128, 2917 MHz, 13801 MHz, 0x0000000000000000, 350.64 W, 96 %, 31663 MiB
2026/10/01 03:18:26.638, 2917 MHz, 13801 MHz, 0x0000000000000000, 351.01 W, 96 %, 31660 MiB
2026/10/01 03:18:27.148, 2872 MHz, 13801 MHz, 0x0000000000000000, 343.55 W, 60 %, 31660 MiB
2026/10/01 03:18:27.652, 2910 MHz, 13801 MHz, 0x0000000000000000, 343.29 W, 96 %, 31660 MiB
2026/10/01 03:18:28.159, 2910 MHz, 13801 MHz, 0x0000000000000000, 346.97 W, 96 %, 31660 MiB
2026/10/01 03:18:28.667, 2910 MHz, 13801 MHz, 0x0000000000000000, 350.39 W, 95 %, 31660 MiB
2026/10/01 03:18:29.179, 2910 MHz, 13801 MHz, 0x0000000000000000, 351.67 W, 64 %, 31660 MiB
2026/10/01 03:18:29.685, 2880 MHz, 13801 MHz, 0x0000000000000000, 347.95 W, 96 %, 31660 MiB
2026/10/01 03:18:30.192, 2917 MHz, 13801 MHz, 0x0000000000000000, 348.35 W, 96 %, 31663 MiB
2026/10/01 03:18:30.698, 2910 MHz, 13801 MHz, 0x0000000000000000, 350.93 W, 96 %, 31660 MiB
2026/10/01 03:18:31.207, 2910 MHz, 13801 MHz, 0x0000000000000000, 351.05 W, 96 %, 31660 MiB
2026/10/01 03:18:31.714, 2887 MHz, 13801 MHz, 0x0000000000000000, 346.84 W, 96 %, 31660 MiB
2026/10/01 03:18:32.223, 2902 MHz, 13801 MHz, 0x0000000000000000, 341.17 W, 95 %, 31660 MiB
2026/10/01 03:18:32.729, 2910 MHz, 13801 MHz, 0x0000000000000000, 345.38 W, 96 %, 31660 MiB
2026/10/01 03:18:33.236, 2910 MHz, 13801 MHz, 0x0000000000000000, 350.72 W, 95 %, 31660 MiB
2026/10/01 03:18:33.746, 2910 MHz, 13801 MHz, 0x0000000000000000, 351.35 W, 96 %, 31660 MiB
2026/10/01 03:18:34.256, 2887 MHz, 13801 MHz, 0x0000000000000000, 345.03 W, 95 %, 31660 MiB
2026/10/01 03:18:34.763, 2910 MHz, 13801 MHz, 0x0000000000000000, 345.14 W, 96 %, 31660 MiB
2026/10/01 03:18:35.269, 2910 MHz, 13801 MHz, 0x0000000000000000, 351.15 W, 96 %, 31660 MiB
2026/10/01 03:18:35.780, 2910 MHz, 13801 MHz, 0x0000000000000000, 350.99 W, 76 %, 31663 MiB
2026/10/01 03:18:36.288, 2910 MHz, 13801 MHz, 0x0000000000000000, 341.64 W, 66 %, 31663 MiB
2026/10/01 03:18:36.797, 2910 MHz, 13801 MHz, 0x0000000000000000, 335.21 W, 96 %, 31660 MiB
2026/10/01 03:18:37.307, 2917 MHz, 13801 MHz, 0x0000000000000000, 344.98 W, 96 %, 31660 MiB
2026/10/01 03:18:37.817, 2910 MHz, 13801 MHz, 0x0000000000000000, 352.59 W, 96 %, 31660 MiB
2026/10/01 03:18:38.324, 2880 MHz, 13801 MHz, 0x0000000000000000, 351.20 W, 54 %, 31660 MiB
2026/10/01 03:18:38.834, 2910 MHz, 13801 MHz, 0x0000000000000000, 350.46 W, 96 %, 31660 MiB
2026/10/01 03:18:39.342, 2910 MHz, 13801 MHz, 0x0000000000000000, 352.02 W, 96 %, 31660 MiB
2026/10/01 03:18:39.850, 2910 MHz, 13801 MHz, 0x0000000000000000, 352.62 W, 96 %, 31660 MiB
2026/10/01 03:18:40.357, 2872 MHz, 13801 MHz, 0x0000000000000000, 353.87 W, 50 %, 31660 MiB
2026/10/01 03:18:40.863, 2910 MHz, 13801 MHz, 0x0000000000000000, 350.03 W, 95 %, 31660 MiB
2026/10/01 03:18:41.370, 2910 MHz, 13801 MHz, 0x0000000000000000, 348.45 W, 95 %, 31660 MiB
2026/10/01 03:18:41.876, 2910 MHz, 13801 MHz, 0x0000000000000000, 353.65 W, 96 %, 31660 MiB
2026/10/01 03:18:42.388, 2910 MHz, 13801 MHz, 0x0000000000000000, 354.62 W, 96 %, 31660 MiB
2026/10/01 03:18:42.898, 2887 MHz, 13801 MHz, 0x0000000000000000, 327.03 W, 49 %, 31660 MiB
2026/10/01 03:18:43.407, 2910 MHz, 13801 MHz, 0x0000000000000000, 322.53 W, 96 %, 31660 MiB
2026/10/01 03:18:43.916, 2910 MHz, 13801 MHz, 0x0000000000000000, 344.27 W, 96 %, 31660 MiB
2026/10/01 03:18:44.426, 2910 MHz, 13801 MHz, 0x0000000000000000, 353.16 W, 96 %, 31660 MiB
2026/10/01 03:18:44.936, 2887 MHz, 13801 MHz, 0x0000000000000000, 347.21 W, 95 %, 31660 MiB
2026/10/01 03:18:45.443, 2910 MHz, 13801 MHz, 0x0000000000000000, 345.33 W, 45 %, 31660 MiB
2026/10/01 03:18:45.949, 2910 MHz, 13801 MHz, 0x0000000000000000, 348.15 W, 96 %, 31660 MiB
2026/10/01 03:18:46.457, 2910 MHz, 13801 MHz, 0x0000000000000000, 353.27 W, 96 %, 31660 MiB
2026/10/01 03:18:46.967, 2902 MHz, 13801 MHz, 0x0000000000000000, 349.46 W, 96 %, 31660 MiB
2026/10/01 03:18:47.475, 2910 MHz, 13801 MHz, 0x0000000000000000, 350.85 W, 48 %, 31660 MiB
2026/10/01 03:18:47.982, 2910 MHz, 13801 MHz, 0x0000000000000000, 354.56 W, 95 %, 31660 MiB
2026/10/01 03:18:48.490, 2910 MHz, 13801 MHz, 0x0000000000000000, 354.64 W, 96 %, 31660 MiB
2026/10/01 03:18:48.997, 2910 MHz, 13801 MHz, 0x0000000000000000, 354.08 W, 96 %, 31660 MiB
2026/10/01 03:18:49.507, 2887 MHz, 13801 MHz, 0x0000000000000000, 348.75 W, 96 %, 31660 MiB
2026/10/01 03:18:50.017, 2880 MHz, 13801 MHz, 0x0000000000000000, 345.77 W, 96 %, 31660 MiB
2026/10/01 03:18:50.523, 2910 MHz, 13801 MHz, 0x0000000000000000, 351.51 W, 96 %, 31660 MiB
2026/10/01 03:18:51.029, 2910 MHz, 13801 MHz, 0x0000000000000000, 354.43 W, 96 %, 31660 MiB
2026/10/01 03:18:51.538, 2910 MHz, 13801 MHz, 0x0000000000000000, 353.96 W, 79 %, 31660 MiB
2026/10/01 03:18:52.048, 2910 MHz, 13801 MHz, 0x0000000000000000, 344.24 W, 96 %, 31663 MiB
2026/10/01 03:18:52.556, 2910 MHz, 13801 MHz, 0x0000000000000000, 333.31 W, 96 %, 31660 MiB
2026/10/01 03:18:53.062, 2910 MHz, 13801 MHz, 0x0000000000000000, 343.56 W, 96 %, 31660 MiB
2026/10/01 03:18:53.569, 2910 MHz, 13801 MHz, 0x0000000000000000, 353.14 W, 96 %, 31663 MiB
2026/10/01 03:18:54.075, 2887 MHz, 13801 MHz, 0x0000000000000000, 343.65 W, 96 %, 31660 MiB
2026/10/01 03:18:54.587, 2902 MHz, 13801 MHz, 0x0000000000000000, 342.75 W, 46 %, 31660 MiB
2026/10/01 03:18:55.099, 2925 MHz, 13801 MHz, 0x0000000000000000, 275.03 W, 0 %, 31660 MiB
2026/10/01 03:18:55.612, 2925 MHz, 13801 MHz, 0x0000000000000000, 159.09 W, 0 %, 31660 MiB
2026/10/01 03:18:56.125, 2925 MHz, 13801 MHz, 0x0000000000000000, 97.47 W, 0 %, 31660 MiB
2026/10/01 03:18:56.640, 2925 MHz, 13801 MHz, 0x0000000000000000, 97.56 W, 0 %, 31660 MiB
2026/10/01 03:18:57.155, 540 MHz, 13801 MHz, 0x0000000000000000, 71.82 W, 0 %, 31665 MiB
2026/10/01 03:18:57.664, 435 MHz, 810 MHz, 0x0000000000000000, 38.57 W, 0 %, 31660 MiB
2026/10/01 03:18:58.176, 345 MHz, 810 MHz, 0x0000000000000000, 30.15 W, 0 %, 31660 MiB
2026/10/01 03:18:58.687, 255 MHz, 810 MHz, 0x0000000000000000, 21.65 W, 0 %, 31660 MiB
2026/10/01 03:18:59.201, 225 MHz, 810 MHz, 0x0000000000000000, 20.13 W, 0 %, 31660 MiB
2026/10/01 03:18:59.716, 225 MHz, 810 MHz, 0x0000000000000000, 20.13 W, 0 %, 31660 MiB
2026/10/01 03:19:00.230, 180 MHz, 405 MHz, 0x0000000000000000, 12.74 W, 0 %, 31660 MiB
2026/10/01 03:19:00.741, 180 MHz, 405 MHz, 0x0000000000000000, 12.74 W, 0 %, 31660 MiB
2026/10/01 03:19:01.253, 180 MHz, 405 MHz, 0x0000000000000000, 12.09 W, 0 %, 31660 MiB
2026/10/01 03:19:01.766, 180 MHz, 405 MHz, 0x0000000000000000, 12.09 W, 0 %, 31660 MiB
2026/10/01 03:19:02.280, 180 MHz, 405 MHz, 0x0000000000000000, 12.03 W, 0 %, 31660 MiB
2026/10/01 03:19:02.795, 180 MHz, 405 MHz, 0x0000000000000000, 12.03 W, 0 %, 31660 MiB
2026/10/01 03:19:03.310, 180 MHz, 405 MHz, 0x0000000000000000, 11.98 W, 0 %, 31660 MiB
2026/10/01 03:19:03.825, 180 MHz, 405 MHz, 0x0000000000000000, 11.98 W, 0 %, 31660 MiB
2026/10/01 03:19:04.325, 180 MHz, 405 MHz, 0x0000000000000000, 11.95 W, 0 %, 31660 MiB
2026/10/01 03:19:04.839, 180 MHz, 405 MHz, 0x0000000000000000, 11.95 W, 0 %, 31660 MiB
2026/10/01 03:19:05.355, 180 MHz, 405 MHz, 0x0000000000000000, 11.89 W, 0 %, 31660 MiB
2026/10/01 03:19:05.867, 180 MHz, 405 MHz, 0x0000000000000000, 11.89 W, 0 %, 31660 MiB
2026/10/01 03:19:06.368, 180 MHz, 405 MHz, 0x0000000000000000, 11.98 W, 0 %, 31660 MiB
2026/10/01 03:19:06.883, 180 MHz, 405 MHz, 0x0000000000000000, 11.98 W, 0 %, 31660 MiB
2026/10/01 03:19:07.384, 180 MHz, 405 MHz, 0x0000000000000000, 11.73 W, 0 %, 31660 MiB
2026/10/01 03:19:07.897, 180 MHz, 405 MHz, 0x0000000000000000, 11.73 W, 0 %, 31660 MiB
2026/10/01 03:19:08.401, 180 MHz, 405 MHz, 0x0000000000000000, 11.91 W, 0 %, 31660 MiB
2026/10/01 03:19:08.915, 180 MHz, 405 MHz, 0x0000000000000000, 11.91 W, 0 %, 31660 MiB
2026/10/01 03:19:09.428, 180 MHz, 405 MHz, 0x0000000000000000, 11.83 W, 0 %, 31660 MiB
2026/10/01 03:19:09.943, 180 MHz, 405 MHz, 0x0000000000000000, 11.83 W, 0 %, 31660 MiB
2026/10/01 03:19:10.455, 180 MHz, 405 MHz, 0x0000000000000000, 11.71 W, 0 %, 31660 MiB
2026/10/01 03:19:10.970, 1905 MHz, 13801 MHz, 0x0000000000000000, 48.57 W, 94 %, 31660 MiB
2026/10/01 03:19:11.471, 2910 MHz, 13801 MHz, 0x0000000000000000, 136.91 W, 95 %, 31660 MiB
2026/10/01 03:19:11.984, 2910 MHz, 13801 MHz, 0x0000000000000000, 366.83 W, 94 %, 31660 MiB
2026/10/01 03:19:12.486, 2910 MHz, 13801 MHz, 0x0000000000000000, 360.73 W, 95 %, 31660 MiB
2026/10/01 03:19:13.001, 2910 MHz, 13801 MHz, 0x0000000000000000, 361.54 W, 94 %, 31660 MiB
2026/10/01 03:19:13.503, 2910 MHz, 13801 MHz, 0x0000000000000000, 364.98 W, 75 %, 31660 MiB
2026/10/01 03:19:14.018, 2910 MHz, 13801 MHz, 0x0000000000000000, 366.08 W, 95 %, 31660 MiB
2026/10/01 03:19:14.533, 2910 MHz, 13801 MHz, 0x0000000000000000, 366.93 W, 95 %, 31660 MiB
2026/10/01 03:19:15.034, 2910 MHz, 13801 MHz, 0x0000000000000000, 364.18 W, 95 %, 31660 MiB
2026/10/01 03:19:15.548, 2910 MHz, 13801 MHz, 0x0000000000000000, 363.91 W, 95 %, 31663 MiB
2026/10/01 03:19:16.062, 2910 MHz, 13801 MHz, 0x0000000000000000, 371.33 W, 95 %, 31663 MiB
2026/10/01 03:19:16.577, 2910 MHz, 13801 MHz, 0x0000000000000000, 361.45 W, 95 %, 31660 MiB
2026/10/01 03:19:17.092, 2910 MHz, 13801 MHz, 0x0000000000000000, 360.65 W, 95 %, 31663 MiB
2026/10/01 03:19:17.604, 2910 MHz, 13801 MHz, 0x0000000000000000, 365.99 W, 95 %, 31660 MiB
2026/10/01 03:19:18.119, 2910 MHz, 13801 MHz, 0x0000000000000000, 366.24 W, 95 %, 31665 MiB
2026/10/01 03:19:18.633, 2910 MHz, 13801 MHz, 0x0000000000000000, 371.10 W, 94 %, 31660 MiB
2026/10/01 03:19:19.137, 2910 MHz, 13801 MHz, 0x0000000000000000, 361.85 W, 95 %, 31660 MiB
2026/10/01 03:19:19.638, 2910 MHz, 13801 MHz, 0x0000000000000000, 361.52 W, 95 %, 31660 MiB
2026/10/01 03:19:20.151, 2910 MHz, 13801 MHz, 0x0000000000000000, 360.51 W, 62 %, 31660 MiB
2026/10/01 03:19:20.666, 2910 MHz, 13801 MHz, 0x0000000000000000, 361.89 W, 95 %, 31660 MiB
2026/10/01 03:19:21.166, 2910 MHz, 13801 MHz, 0x0000000000000000, 361.48 W, 95 %, 31660 MiB
2026/10/01 03:19:32.177, 180 MHz, 405 MHz, 0x0000000000000000, 11.44 W, 0 %, 31660 MiB
2026/10/01 03:19:32.679, 1890 MHz, 13801 MHz, 0x0000000000000000, 25.63 W, 100 %, 31660 MiB
2026/10/01 03:19:33.193, 2910 MHz, 13801 MHz, 0x0000000000000000, 145.70 W, 95 %, 31660 MiB
2026/10/01 03:19:33.707, 2910 MHz, 13801 MHz, 0x0000000000000000, 360.94 W, 94 %, 31660 MiB
2026/10/01 03:19:34.209, 2910 MHz, 13801 MHz, 0x0000000000000000, 356.49 W, 94 %, 31660 MiB
2026/10/01 03:19:34.724, 2910 MHz, 13801 MHz, 0x0000000000000000, 357.16 W, 95 %, 31660 MiB
2026/10/01 03:19:35.236, 2910 MHz, 13801 MHz, 0x0000000000000000, 366.80 W, 94 %, 31660 MiB
2026/10/01 03:19:35.750, 2910 MHz, 13801 MHz, 0x0000000000000000, 362.12 W, 95 %, 31660 MiB
2026/10/01 03:19:36.262, 2910 MHz, 13801 MHz, 0x0000000000000000, 363.70 W, 95 %, 31660 MiB
2026/10/01 03:19:36.776, 2910 MHz, 13801 MHz, 0x0000000000000000, 364.53 W, 95 %, 31660 MiB
2026/10/01 03:19:37.276, 2910 MHz, 13801 MHz, 0x0000000000000000, 364.36 W, 95 %, 31660 MiB
2026/10/01 03:19:37.777, 2910 MHz, 13801 MHz, 0x0000000000000000, 370.09 W, 95 %, 31660 MiB
2026/10/01 03:19:38.277, 2910 MHz, 13801 MHz, 0x0000000000000000, 365.27 W, 95 %, 31660 MiB
2026/10/01 03:19:38.789, 2910 MHz, 13801 MHz, 0x0000000000000000, 365.26 W, 95 %, 31663 MiB
2026/10/01 03:19:39.303, 2910 MHz, 13801 MHz, 0x0000000000000000, 363.83 W, 70 %, 31665 MiB
2026/10/01 03:19:39.818, 2910 MHz, 13801 MHz, 0x0000000000000000, 364.80 W, 94 %, 31663 MiB
2026/10/01 03:19:40.330, 2910 MHz, 13801 MHz, 0x0000000000000000, 365.13 W, 95 %, 31663 MiB
2026/10/01 03:19:40.844, 2910 MHz, 13801 MHz, 0x0000000000000000, 362.07 W, 95 %, 31660 MiB
2026/10/01 03:19:41.359, 2910 MHz, 13801 MHz, 0x0000000000000000, 361.80 W, 95 %, 31660 MiB
2026/10/01 03:19:41.872, 2910 MHz, 13801 MHz, 0x0000000000000000, 368.69 W, 82 %, 31660 MiB
2026/10/01 03:19:42.386, 2910 MHz, 13801 MHz, 0x0000000000000000, 366.86 W, 95 %, 31660 MiB
2026/10/01 03:19:42.886, 2910 MHz, 13801 MHz, 0x0000000000000000, 368.69 W, 95 %, 31660 MiB
2026/10/01 03:19:43.401, 2917 MHz, 13801 MHz, 0x0000000000000000, 312.08 W, 0 %, 31660 MiB
2026/10/01 03:19:43.902, 2925 MHz, 13801 MHz, 0x0000000000000000, 186.89 W, 0 %, 31660 MiB
2026/10/01 03:19:44.417, 2925 MHz, 13801 MHz, 0x0000000000000000, 94.40 W, 0 %, 31660 MiB
2026/10/01 03:19:44.931, 2925 MHz, 13801 MHz, 0x0000000000000000, 93.91 W, 0 %, 31660 MiB
2026/10/01 03:19:45.446, 712 MHz, 13801 MHz, 0x0000000000000000, 68.51 W, 0 %, 31660 MiB
2026/10/01 03:19:45.959, 555 MHz, 7001 MHz, 0x0000000000000000, 40.30 W, 0 %, 31660 MiB
2026/10/01 03:19:46.461, 442 MHz, 7001 MHz, 0x0000000000000000, 37.06 W, 0 %, 31660 MiB
2026/10/01 03:19:46.972, 277 MHz, 810 MHz, 0x0000000000000000, 35.76 W, 0 %, 31660 MiB
2026/10/01 03:19:47.472, 277 MHz, 810 MHz, 0x0000000000000000, 35.76 W, 0 %, 31660 MiB
2026/10/01 03:19:47.977, 180 MHz, 810 MHz, 0x0000000000000000, 20.38 W, 0 %, 31660 MiB
2026/10/01 03:19:48.478, 180 MHz, 810 MHz, 0x0000000000000000, 20.38 W, 0 %, 31660 MiB
2026/10/01 03:19:48.980, 180 MHz, 405 MHz, 0x0000000000000000, 11.84 W, 0 %, 31660 MiB
2026/10/01 03:19:49.495, 180 MHz, 405 MHz, 0x0000000000000000, 11.84 W, 0 %, 31660 MiB
2026/10/01 03:19:50.010, 180 MHz, 405 MHz, 0x0000000000000000, 11.30 W, 0 %, 31660 MiB
2026/10/01 03:19:50.510, 180 MHz, 405 MHz, 0x0000000000000000, 11.30 W, 0 %, 31660 MiB
2026/10/01 03:19:51.022, 180 MHz, 405 MHz, 0x0000000000000000, 11.25 W, 0 %, 31660 MiB
2026/10/01 03:19:51.537, 180 MHz, 405 MHz, 0x0000000000000000, 11.25 W, 0 %, 31660 MiB
2026/10/01 03:19:52.051, 180 MHz, 405 MHz, 0x0000000000000000, 11.28 W, 0 %, 31660 MiB
2026/10/01 03:19:52.564, 180 MHz, 405 MHz, 0x0000000000000000, 11.28 W, 0 %, 31660 MiB
2026/10/01 03:19:53.078, 600 MHz, 405 MHz, 0x0000000000000000, 26.04 W, 100 %, 31660 MiB
2026/10/01 03:19:53.589, 2857 MHz, 13801 MHz, 0x0000000000000000, 114.40 W, 43 %, 31660 MiB
2026/10/01 03:19:54.098, 2910 MHz, 13801 MHz, 0x0000000000000000, 315.02 W, 97 %, 31660 MiB
2026/10/01 03:19:54.604, 2910 MHz, 13801 MHz, 0x0000000000000000, 358.95 W, 95 %, 31660 MiB
2026/10/01 03:19:55.111, 2910 MHz, 13801 MHz, 0x0000000000000000, 369.23 W, 96 %, 31660 MiB
2026/10/01 03:19:55.618, 2910 MHz, 13801 MHz, 0x0000000000000000, 369.74 W, 97 %, 31660 MiB
2026/10/01 03:19:56.124, 2910 MHz, 13801 MHz, 0x0000000000000000, 369.08 W, 97 %, 31660 MiB
2026/10/01 03:19:56.636, 2857 MHz, 13801 MHz, 0x0000000000000000, 359.06 W, 47 %, 31660 MiB
2026/10/01 03:19:57.147, 2910 MHz, 13801 MHz, 0x0000000000000000, 357.38 W, 97 %, 31660 MiB
2026/10/01 03:19:57.654, 2910 MHz, 13801 MHz, 0x0000000000000000, 365.00 W, 97 %, 31660 MiB
2026/10/01 03:19:58.161, 2910 MHz, 13801 MHz, 0x0000000000000000, 369.23 W, 96 %, 31660 MiB
2026/10/01 03:19:58.667, 2910 MHz, 13801 MHz, 0x0000000000000000, 370.73 W, 97 %, 31660 MiB
2026/10/01 03:19:59.177, 2910 MHz, 13801 MHz, 0x0000000000000000, 370.57 W, 87 %, 31660 MiB
2026/10/01 03:19:59.684, 2895 MHz, 13801 MHz, 0x0000000000000000, 346.73 W, 63 %, 31660 MiB
2026/10/01 03:20:00.195, 2880 MHz, 13801 MHz, 0x0000000000000000, 335.95 W, 97 %, 31665 MiB
2026/10/01 03:20:00.701, 2902 MHz, 13801 MHz, 0x0000000000000000, 351.30 W, 97 %, 31665 MiB
2026/10/01 03:20:01.207, 2910 MHz, 13801 MHz, 0x0000000000000000, 363.73 W, 97 %, 31660 MiB
2026/10/01 03:20:01.713, 2910 MHz, 13801 MHz, 0x0000000000000000, 373.40 W, 97 %, 31663 MiB
2026/10/01 03:20:02.220, 2910 MHz, 13801 MHz, 0x0000000000000000, 372.31 W, 97 %, 31663 MiB
2026/10/01 03:20:02.727, 2895 MHz, 13801 MHz, 0x0000000000000000, 345.40 W, 34 %, 31660 MiB
2026/10/01 03:20:03.233, 2910 MHz, 13801 MHz, 0x0000000000000000, 336.59 W, 67 %, 31660 MiB
2026/10/01 03:20:03.743, 2910 MHz, 13801 MHz, 0x0000000000000000, 352.33 W, 57 %, 31663 MiB
2026/10/01 03:20:04.249, 2910 MHz, 13801 MHz, 0x0000000000000000, 340.52 W, 97 %, 31660 MiB
2026/10/01 03:20:04.758, 2910 MHz, 13801 MHz, 0x0000000000000000, 350.45 W, 97 %, 31660 MiB
2026/10/01 03:20:05.266, 2910 MHz, 13801 MHz, 0x0000000000000000, 373.85 W, 97 %, 31660 MiB
2026/10/01 03:20:05.778, 2910 MHz, 13801 MHz, 0x0000000000000000, 374.17 W, 97 %, 31660 MiB
2026/10/01 03:20:06.287, 2880 MHz, 13801 MHz, 0x0000000000000000, 367.14 W, 97 %, 31660 MiB
2026/10/01 03:20:06.797, 2895 MHz, 13801 MHz, 0x0000000000000000, 359.93 W, 96 %, 31660 MiB
2026/10/01 03:20:07.308, 2880 MHz, 13801 MHz, 0x0000000000000000, 353.49 W, 51 %, 31660 MiB
2026/10/01 03:20:07.816, 2910 MHz, 13801 MHz, 0x0000000000000000, 361.88 W, 97 %, 31660 MiB
2026/10/01 03:20:08.326, 2910 MHz, 13801 MHz, 0x0000000000000000, 370.93 W, 96 %, 31660 MiB
2026/10/01 03:20:08.837, 2910 MHz, 13801 MHz, 0x0000000000000000, 368.28 W, 46 %, 31660 MiB
2026/10/01 03:20:09.344, 2887 MHz, 13801 MHz, 0x0000000000000000, 357.08 W, 91 %, 31660 MiB
2026/10/01 03:20:09.852, 2910 MHz, 13801 MHz, 0x0000000000000000, 358.96 W, 96 %, 31660 MiB
2026/10/01 03:20:10.361, 2880 MHz, 13801 MHz, 0x0000000000000000, 365.75 W, 92 %, 31660 MiB
2026/10/01 03:20:10.867, 2902 MHz, 13801 MHz, 0x0000000000000000, 359.95 W, 97 %, 31660 MiB
2026/10/01 03:20:11.374, 2910 MHz, 13801 MHz, 0x0000000000000000, 366.02 W, 97 %, 31660 MiB
2026/10/01 03:20:11.884, 2887 MHz, 13801 MHz, 0x0000000000000000, 371.22 W, 97 %, 31660 MiB
2026/10/01 03:20:12.388, 2895 MHz, 13801 MHz, 0x0000000000000000, 367.78 W, 67 %, 31660 MiB
2026/10/01 03:20:12.899, 2910 MHz, 13801 MHz, 0x0000000000000000, 370.03 W, 96 %, 31660 MiB
2026/10/01 03:20:13.412, 2910 MHz, 13801 MHz, 0x0000000000000000, 372.54 W, 74 %, 31660 MiB
2026/10/01 03:20:13.919, 2887 MHz, 13801 MHz, 0x0000000000000000, 356.32 W, 97 %, 31660 MiB
2026/10/01 03:20:14.425, 2910 MHz, 13801 MHz, 0x0000000000000000, 356.55 W, 97 %, 31660 MiB
2026/10/01 03:20:14.934, 2910 MHz, 13801 MHz, 0x0000000000000000, 372.83 W, 81 %, 31660 MiB
2026/10/01 03:20:15.441, 2910 MHz, 13801 MHz, 0x0000000000000000, 366.69 W, 50 %, 31660 MiB
2026/10/01 03:20:15.948, 2910 MHz, 13801 MHz, 0x0000000000000000, 363.53 W, 96 %, 31660 MiB
2026/10/01 03:20:16.460, 2910 MHz, 13801 MHz, 0x0000000000000000, 367.70 W, 92 %, 31660 MiB
2026/10/01 03:20:16.970, 2880 MHz, 13801 MHz, 0x0000000000000000, 364.78 W, 96 %, 31660 MiB
2026/10/01 03:20:17.479, 2910 MHz, 13801 MHz, 0x0000000000000000, 374.13 W, 97 %, 31660 MiB
2026/10/01 03:20:17.990, 2910 MHz, 13801 MHz, 0x0000000000000000, 370.46 W, 46 %, 31660 MiB
2026/10/01 03:20:18.501, 2880 MHz, 13801 MHz, 0x0000000000000000, 361.34 W, 97 %, 31660 MiB
2026/10/01 03:20:19.009, 2910 MHz, 13801 MHz, 0x0000000000000000, 365.77 W, 97 %, 31660 MiB
2026/10/01 03:20:19.520, 2887 MHz, 13801 MHz, 0x0000000000000000, 366.35 W, 79 %, 31660 MiB
2026/10/01 03:20:20.027, 2910 MHz, 13801 MHz, 0x0000000000000000, 365.27 W, 97 %, 31660 MiB
2026/10/01 03:20:20.535, 2910 MHz, 13801 MHz, 0x0000000000000000, 373.46 W, 97 %, 31660 MiB
2026/10/01 03:20:21.045, 2910 MHz, 13801 MHz, 0x0000000000000000, 375.73 W, 97 %, 31665 MiB
2026/10/01 03:20:21.551, 2910 MHz, 13801 MHz, 0x0000000000000000, 375.42 W, 96 %, 31665 MiB
2026/10/01 03:20:22.062, 2887 MHz, 13801 MHz, 0x0000000000000000, 366.48 W, 77 %, 31660 MiB
2026/10/01 03:20:22.575, 2880 MHz, 13801 MHz, 0x0000000000000000, 358.52 W, 82 %, 31660 MiB
2026/10/01 03:20:23.079, 2910 MHz, 13801 MHz, 0x0000000000000000, 359.27 W, 97 %, 31660 MiB
2026/10/01 03:20:23.586, 2910 MHz, 13801 MHz, 0x0000000000000000, 365.94 W, 97 %, 31660 MiB
2026/10/01 03:20:24.094, 2910 MHz, 13801 MHz, 0x0000000000000000, 374.35 W, 96 %, 31660 MiB
2026/10/01 03:20:24.599, 2910 MHz, 13801 MHz, 0x0000000000000000, 375.16 W, 97 %, 31660 MiB
2026/10/01 03:20:25.111, 2910 MHz, 13801 MHz, 0x0000000000000000, 374.87 W, 71 %, 31660 MiB
2026/10/01 03:20:25.621, 2880 MHz, 13801 MHz, 0x0000000000000000, 364.21 W, 97 %, 31660 MiB
2026/10/01 03:20:26.131, 2880 MHz, 13801 MHz, 0x0000000000000000, 341.87 W, 70 %, 31663 MiB
2026/10/01 03:20:26.637, 2910 MHz, 13801 MHz, 0x0000000000000000, 355.92 W, 97 %, 31660 MiB
2026/10/01 03:20:27.146, 2910 MHz, 13801 MHz, 0x0000000000000000, 376.51 W, 97 %, 31660 MiB
2026/10/01 03:20:27.653, 2910 MHz, 13801 MHz, 0x0000000000000000, 377.19 W, 97 %, 31660 MiB
2026/10/01 03:20:28.159, 2910 MHz, 13801 MHz, 0x0000000000000000, 375.91 W, 97 %, 31663 MiB
2026/10/01 03:20:28.671, 2887 MHz, 13801 MHz, 0x0000000000000000, 367.62 W, 70 %, 31663 MiB
2026/10/01 03:20:29.180, 2887 MHz, 13801 MHz, 0x0000000000000000, 356.51 W, 70 %, 31660 MiB
2026/10/01 03:20:29.688, 2880 MHz, 13801 MHz, 0x0000000000000000, 357.81 W, 97 %, 31660 MiB
2026/10/01 03:20:30.196, 2910 MHz, 13801 MHz, 0x0000000000000000, 367.04 W, 97 %, 31660 MiB
2026/10/01 03:20:30.706, 2910 MHz, 13801 MHz, 0x0000000000000000, 376.79 W, 97 %, 31660 MiB
2026/10/01 03:20:31.215, 2910 MHz, 13801 MHz, 0x0000000000000000, 376.67 W, 97 %, 31660 MiB
2026/10/01 03:20:31.725, 2895 MHz, 13801 MHz, 0x0000000000000000, 367.32 W, 52 %, 31660 MiB
2026/10/01 03:20:32.234, 2895 MHz, 13801 MHz, 0x0000000000000000, 359.94 W, 95 %, 31660 MiB
2026/10/01 03:20:32.742, 2887 MHz, 13801 MHz, 0x0000000000000000, 365.97 W, 74 %, 31660 MiB
2026/10/01 03:20:33.252, 2902 MHz, 13801 MHz, 0x0000000000000000, 368.78 W, 45 %, 31660 MiB
2026/10/01 03:20:33.761, 2910 MHz, 13801 MHz, 0x0000000000000000, 367.39 W, 97 %, 31660 MiB
2026/10/01 03:20:34.270, 2910 MHz, 13801 MHz, 0x0000000000000000, 373.07 W, 97 %, 31660 MiB
2026/10/01 03:20:34.782, 2902 MHz, 13801 MHz, 0x0000000000000000, 375.57 W, 48 %, 31660 MiB
2026/10/01 03:20:35.288, 2895 MHz, 13801 MHz, 0x0000000000000000, 368.57 W, 97 %, 31660 MiB
2026/10/01 03:20:35.797, 2895 MHz, 13801 MHz, 0x0000000000000000, 364.84 W, 48 %, 31660 MiB
2026/10/01 03:20:36.304, 2902 MHz, 13801 MHz, 0x0000000000000000, 369.07 W, 46 %, 31660 MiB
2026/10/01 03:20:36.811, 2910 MHz, 13801 MHz, 0x0000000000000000, 366.17 W, 97 %, 31660 MiB
2026/10/01 03:20:37.319, 2910 MHz, 13801 MHz, 0x0000000000000000, 375.77 W, 97 %, 31660 MiB
2026/10/01 03:20:37.826, 2880 MHz, 13801 MHz, 0x0000000000000000, 374.89 W, 97 %, 31660 MiB
2026/10/01 03:20:38.341, 2910 MHz, 13801 MHz, 0x0000000000000000, 372.55 W, 54 %, 31660 MiB
2026/10/01 03:20:38.853, 2872 MHz, 13801 MHz, 0x0000000000000000, 368.63 W, 97 %, 31660 MiB
2026/10/01 03:20:39.362, 2887 MHz, 13801 MHz, 0x0000000000000000, 363.97 W, 82 %, 31660 MiB
2026/10/01 03:20:39.872, 2910 MHz, 13801 MHz, 0x0000000000000000, 370.68 W, 96 %, 31660 MiB
2026/10/01 03:20:40.379, 2910 MHz, 13801 MHz, 0x0000000000000000, 374.89 W, 97 %, 31660 MiB
2026/10/01 03:20:40.887, 2910 MHz, 13801 MHz, 0x0000000000000000, 377.73 W, 66 %, 31660 MiB
2026/10/01 03:20:41.400, 2910 MHz, 13801 MHz, 0x0000000000000000, 371.51 W, 72 %, 31660 MiB
2026/10/01 03:20:41.910, 2910 MHz, 13801 MHz, 0x0000000000000000, 360.55 W, 38 %, 31660 MiB
2026/10/01 03:20:42.415, 2910 MHz, 13801 MHz, 0x0000000000000000, 361.35 W, 97 %, 31665 MiB
2026/10/01 03:20:42.923, 2910 MHz, 13801 MHz, 0x0000000000000000, 352.74 W, 27 %, 31665 MiB
2026/10/01 03:20:43.431, 2910 MHz, 13801 MHz, 0x0000000000000000, 345.90 W, 97 %, 31660 MiB
2026/10/01 03:20:43.940, 2910 MHz, 13801 MHz, 0x0000000000000000, 347.52 W, 97 %, 31660 MiB
2026/10/01 03:20:44.446, 2910 MHz, 13801 MHz, 0x0000000000000000, 379.02 W, 97 %, 31660 MiB
2026/10/01 03:20:44.955, 2902 MHz, 13801 MHz, 0x0000000000000000, 371.62 W, 97 %, 31660 MiB
2026/10/01 03:20:45.465, 2880 MHz, 13801 MHz, 0x0000000000000000, 352.26 W, 45 %, 31660 MiB
2026/10/01 03:20:45.971, 2910 MHz, 13801 MHz, 0x0000000000000000, 356.93 W, 97 %, 31660 MiB
2026/10/01 03:20:46.476, 2910 MHz, 13801 MHz, 0x0000000000000000, 371.64 W, 96 %, 31660 MiB
2026/10/01 03:20:46.984, 2910 MHz, 13801 MHz, 0x0000000000000000, 378.63 W, 96 %, 31660 MiB
2026/10/01 03:20:47.493, 2887 MHz, 13801 MHz, 0x0000000000000000, 374.29 W, 73 %, 31660 MiB
2026/10/01 03:20:48.001, 2880 MHz, 13801 MHz, 0x0000000000000000, 365.69 W, 41 %, 31660 MiB
2026/10/01 03:20:48.511, 2910 MHz, 13801 MHz, 0x0000000000000000, 361.86 W, 83 %, 31660 MiB
2026/10/01 03:20:49.021, 2910 MHz, 13801 MHz, 0x0000000000000000, 357.89 W, 97 %, 31660 MiB
2026/10/01 03:20:49.525, 2910 MHz, 13801 MHz, 0x0000000000000000, 369.90 W, 97 %, 31660 MiB
2026/10/01 03:20:50.034, 2910 MHz, 13801 MHz, 0x0000000000000000, 379.26 W, 97 %, 31663 MiB
2026/10/01 03:20:50.544, 2902 MHz, 13801 MHz, 0x0000000000000000, 376.34 W, 48 %, 31660 MiB
2026/10/01 03:20:51.053, 2910 MHz, 13801 MHz, 0x0000000000000000, 364.80 W, 47 %, 31660 MiB
2026/10/01 03:20:51.563, 2872 MHz, 13801 MHz, 0x0000000000000000, 358.77 W, 48 %, 31660 MiB
2026/10/01 03:20:52.068, 2902 MHz, 13801 MHz, 0x0000000000000000, 366.74 W, 97 %, 31660 MiB
2026/10/01 03:20:52.578, 2902 MHz, 13801 MHz, 0x0000000000000000, 371.75 W, 97 %, 31663 MiB
2026/10/01 03:20:53.086, 2902 MHz, 13801 MHz, 0x0000000000000000, 377.09 W, 96 %, 31663 MiB
2026/10/01 03:20:53.595, 2902 MHz, 13801 MHz, 0x0000000000000000, 377.86 W, 77 %, 31660 MiB
2026/10/01 03:20:54.107, 2902 MHz, 13801 MHz, 0x0000000000000000, 361.29 W, 43 %, 31660 MiB
2026/10/01 03:20:54.618, 2850 MHz, 13801 MHz, 0x0000000000000000, 342.05 W, 47 %, 31660 MiB
2026/10/01 03:20:55.126, 2910 MHz, 13801 MHz, 0x0000000000000000, 353.01 W, 96 %, 31660 MiB
2026/10/01 03:20:55.632, 2910 MHz, 13801 MHz, 0x0000000000000000, 378.00 W, 97 %, 31660 MiB
2026/10/01 03:20:56.140, 2910 MHz, 13801 MHz, 0x0000000000000000, 378.63 W, 96 %, 31660 MiB
2026/10/01 03:20:56.643, 2925 MHz, 13801 MHz, 0x0000000000000000, 277.00 W, 0 %, 31660 MiB
2026/10/01 03:20:57.143, 2925 MHz, 13801 MHz, 0x0000000000000000, 158.96 W, 0 %, 31660 MiB
2026/10/01 03:20:57.655, 2925 MHz, 13801 MHz, 0x0000000000000000, 98.69 W, 0 %, 31660 MiB
2026/10/01 03:20:58.157, 2887 MHz, 13801 MHz, 0x0000000000000000, 93.67 W, 0 %, 31660 MiB
2026/10/01 03:20:58.671, 585 MHz, 7001 MHz, 0x0000000000000000, 65.95 W, 0 %, 31660 MiB
2026/10/01 03:20:59.185, 465 MHz, 7001 MHz, 0x0000000000000000, 40.99 W, 0 %, 31660 MiB
2026/10/01 03:20:59.700, 412 MHz, 7001 MHz, 0x0000000000000000, 36.75 W, 0 %, 31660 MiB
2026/10/01 03:21:00.213, 412 MHz, 7001 MHz, 0x0000000000000000, 36.75 W, 0 %, 31660 MiB
2026/10/01 03:21:00.724, 262 MHz, 7001 MHz, 0x0000000000000000, 36.35 W, 0 %, 31660 MiB
2026/10/01 03:21:01.226, 262 MHz, 7001 MHz, 0x0000000000000000, 36.35 W, 0 %, 31660 MiB
2026/10/01 03:21:01.740, 180 MHz, 7001 MHz, 0x0000000000000000, 36.29 W, 0 %, 31660 MiB
2026/10/01 03:21:02.254, 180 MHz, 7001 MHz, 0x0000000000000000, 36.29 W, 0 %, 31660 MiB
2026/10/01 03:21:02.766, 187 MHz, 810 MHz, 0x0000000000000000, 32.97 W, 0 %, 31660 MiB
2026/10/01 03:21:03.280, 187 MHz, 810 MHz, 0x0000000000000000, 32.97 W, 0 %, 31663 MiB
2026/10/01 03:21:03.793, 187 MHz, 810 MHz, 0x0000000000000000, 13.56 W, 0 %, 31663 MiB
2026/10/01 03:21:04.305, 180 MHz, 405 MHz, 0x0000000000000000, 14.59 W, 0 %, 31660 MiB
2026/10/01 03:21:04.807, 180 MHz, 405 MHz, 0x0000000000000000, 16.49 W, 0 %, 31660 MiB
2026/10/01 03:21:05.320, 180 MHz, 405 MHz, 0x0000000000000000, 15.87 W, 0 %, 31660 MiB
2026/10/01 03:21:05.831, 180 MHz, 405 MHz, 0x0000000000000000, 15.81 W, 0 %, 31660 MiB
2026/10/01 03:21:06.344, 180 MHz, 405 MHz, 0x0000000000000000, 15.81 W, 0 %, 31660 MiB
2026/10/01 03:21:06.859, 180 MHz, 405 MHz, 0x0000000000000000, 12.78 W, 0 %, 31660 MiB
2026/10/01 03:21:07.373, 180 MHz, 405 MHz, 0x0000000000000000, 12.78 W, 0 %, 31660 MiB
2026/10/01 03:21:07.888, 180 MHz, 405 MHz, 0x0000000000000000, 12.05 W, 0 %, 31660 MiB
2026/10/01 03:21:08.388, 180 MHz, 405 MHz, 0x0000000000000000, 12.05 W, 0 %, 31660 MiB
2026/10/01 03:21:08.903, 180 MHz, 405 MHz, 0x0000000000000000, 12.12 W, 0 %, 31660 MiB
2026/10/01 03:21:09.404, 180 MHz, 405 MHz, 0x0000000000000000, 12.12 W, 0 %, 31660 MiB
2026/10/01 03:21:09.916, 180 MHz, 405 MHz, 0x0000000000000000, 12.29 W, 0 %, 31660 MiB
2026/10/01 03:21:10.428, 180 MHz, 405 MHz, 0x0000000000000000, 12.29 W, 0 %, 31660 MiB
2026/10/01 03:21:10.939, 180 MHz, 405 MHz, 0x0000000000000000, 12.24 W, 0 %, 31660 MiB
2026/10/01 03:21:11.440, 180 MHz, 405 MHz, 0x0000000000000000, 12.24 W, 0 %, 31660 MiB
2026/10/01 03:21:11.954, 180 MHz, 405 MHz, 0x0000000000000000, 12.00 W, 0 %, 31660 MiB
2026/10/01 03:21:12.465, 180 MHz, 405 MHz, 0x0000000000000000, 12.00 W, 0 %, 31660 MiB
2026/10/01 03:21:12.974, 2460 MHz, 13801 MHz, 0x0000000000000000, 65.69 W, 95 %, 31660 MiB
2026/10/01 03:21:13.484, 2910 MHz, 13801 MHz, 0x0000000000000000, 366.86 W, 95 %, 31660 MiB
2026/10/01 03:21:13.992, 2910 MHz, 13801 MHz, 0x0000000000000000, 360.42 W, 94 %, 31660 MiB
2026/10/01 03:21:14.501, 2910 MHz, 13801 MHz, 0x0000000000000000, 361.63 W, 95 %, 31663 MiB
2026/10/01 03:21:15.015, 2910 MHz, 13801 MHz, 0x0000000000000000, 365.60 W, 89 %, 31663 MiB
2026/10/01 03:21:15.529, 2910 MHz, 13801 MHz, 0x0000000000000000, 366.51 W, 95 %, 31660 MiB
2026/10/01 03:21:16.045, 2910 MHz, 13801 MHz, 0x0000000000000000, 368.50 W, 95 %, 31663 MiB
2026/10/01 03:21:16.556, 2910 MHz, 13801 MHz, 0x0000000000000000, 364.94 W, 95 %, 31660 MiB
2026/10/01 03:21:17.056, 2910 MHz, 13801 MHz, 0x0000000000000000, 365.20 W, 95 %, 31660 MiB
2026/10/01 03:21:17.558, 2910 MHz, 13801 MHz, 0x0000000000000000, 361.75 W, 61 %, 31660 MiB
2026/10/01 03:21:18.073, 2910 MHz, 13801 MHz, 0x0000000000000000, 361.79 W, 95 %, 31660 MiB
2026/10/01 03:21:18.587, 2910 MHz, 13801 MHz, 0x0000000000000000, 361.99 W, 94 %, 31660 MiB
2026/10/01 03:21:19.101, 2910 MHz, 13801 MHz, 0x0000000000000000, 366.97 W, 95 %, 31660 MiB
2026/10/01 03:21:19.602, 2910 MHz, 13801 MHz, 0x0000000000000000, 367.07 W, 95 %, 31660 MiB
2026/10/01 03:21:20.102, 2910 MHz, 13801 MHz, 0x0000000000000000, 371.81 W, 95 %, 31660 MiB
2026/10/01 03:21:20.603, 2910 MHz, 13801 MHz, 0x0000000000000000, 366.99 W, 95 %, 31660 MiB
2026/10/01 03:21:21.103, 2910 MHz, 13801 MHz, 0x0000000000000000, 367.02 W, 95 %, 31660 MiB
2026/10/01 03:21:21.604, 2910 MHz, 13801 MHz, 0x0000000000000000, 359.27 W, 95 %, 31660 MiB
2026/10/01 03:21:22.119, 2910 MHz, 13801 MHz, 0x0000000000000000, 360.06 W, 95 %, 31660 MiB
2026/10/01 03:21:22.634, 2910 MHz, 13801 MHz, 0x0000000000000000, 370.63 W, 95 %, 31660 MiB
2026/10/01 03:21:33.547, 180 MHz, 405 MHz, 0x0000000000000000, 11.47 W, 0 %, 31660 MiB
2026/10/01 03:21:34.060, 2932 MHz, 13801 MHz, 0x0000000000000000, 45.53 W, 94 %, 31660 MiB
2026/10/01 03:21:34.561, 2910 MHz, 13801 MHz, 0x0000000000000000, 182.93 W, 91 %, 31660 MiB
2026/10/01 03:21:35.074, 2910 MHz, 13801 MHz, 0x0000000000000000, 361.11 W, 93 %, 31660 MiB
2026/10/01 03:21:35.589, 2910 MHz, 13801 MHz, 0x0000000000000000, 360.63 W, 95 %, 31660 MiB
2026/10/01 03:21:36.090, 2910 MHz, 13801 MHz, 0x0000000000000000, 362.31 W, 95 %, 31660 MiB
2026/10/01 03:21:36.592, 2910 MHz, 13801 MHz, 0x0000000000000000, 363.85 W, 75 %, 31660 MiB
2026/10/01 03:21:37.104, 2910 MHz, 13801 MHz, 0x0000000000000000, 363.47 W, 95 %, 31660 MiB
2026/10/01 03:21:37.608, 2910 MHz, 13801 MHz, 0x0000000000000000, 367.80 W, 94 %, 31660 MiB
2026/10/01 03:21:38.123, 2910 MHz, 13801 MHz, 0x0000000000000000, 360.24 W, 95 %, 31663 MiB
2026/10/01 03:21:38.638, 2910 MHz, 13801 MHz, 0x0000000000000000, 361.47 W, 95 %, 31660 MiB
2026/10/01 03:21:39.153, 2910 MHz, 13801 MHz, 0x0000000000000000, 369.84 W, 95 %, 31663 MiB
2026/10/01 03:21:39.657, 2910 MHz, 13801 MHz, 0x0000000000000000, 359.51 W, 95 %, 31663 MiB
2026/10/01 03:21:40.157, 2910 MHz, 13801 MHz, 0x0000000000000000, 359.67 W, 95 %, 31660 MiB
2026/10/01 03:21:40.659, 2910 MHz, 13801 MHz, 0x0000000000000000, 365.04 W, 95 %, 31660 MiB
2026/10/01 03:21:41.171, 2910 MHz, 13801 MHz, 0x0000000000000000, 364.93 W, 95 %, 31660 MiB
2026/10/01 03:21:41.686, 2910 MHz, 13801 MHz, 0x0000000000000000, 369.59 W, 95 %, 31660 MiB
2026/10/01 03:21:42.200, 2910 MHz, 13801 MHz, 0x0000000000000000, 364.56 W, 96 %, 31660 MiB
2026/10/01 03:21:42.714, 2910 MHz, 13801 MHz, 0x0000000000000000, 364.59 W, 95 %, 31660 MiB
2026/10/01 03:21:43.229, 2910 MHz, 13801 MHz, 0x0000000000000000, 364.83 W, 95 %, 31660 MiB
2026/10/01 03:21:43.734, 2910 MHz, 13801 MHz, 0x0000000000000000, 365.17 W, 95 %, 31660 MiB
2026/10/01 03:21:44.248, 2910 MHz, 13801 MHz, 0x0000000000000000, 370.37 W, 95 %, 31660 MiB
2026/10/01 03:21:44.763, 2925 MHz, 13801 MHz, 0x0000000000000000, 280.89 W, 0 %, 31660 MiB
2026/10/01 03:21:45.276, 2925 MHz, 13801 MHz, 0x0000000000000000, 133.91 W, 0 %, 31665 MiB
2026/10/01 03:21:45.789, 2925 MHz, 13801 MHz, 0x0000000000000000, 94.35 W, 0 %, 31665 MiB
2026/10/01 03:21:46.292, 2887 MHz, 13801 MHz, 0x0000000000000000, 89.71 W, 0 %, 31660 MiB
2026/10/01 03:21:46.793, 615 MHz, 7001 MHz, 0x0000000000000000, 64.67 W, 0 %, 31660 MiB
2026/10/01 03:21:47.305, 487 MHz, 7001 MHz, 0x0000000000000000, 37.61 W, 0 %, 31660 MiB
2026/10/01 03:21:47.821, 397 MHz, 7001 MHz, 0x0000000000000000, 35.85 W, 0 %, 31660 MiB
2026/10/01 03:21:48.335, 307 MHz, 7001 MHz, 0x0000000000000000, 35.65 W, 0 %, 31660 MiB
2026/10/01 03:21:48.850, 270 MHz, 7001 MHz, 0x0000000000000000, 35.50 W, 0 %, 31660 MiB
2026/10/01 03:21:49.363, 270 MHz, 7001 MHz, 0x0000000000000000, 35.50 W, 0 %, 31660 MiB
2026/10/01 03:21:49.866, 180 MHz, 7001 MHz, 0x0000000000000000, 35.38 W, 0 %, 31660 MiB
2026/10/01 03:21:50.380, 180 MHz, 7001 MHz, 0x0000000000000000, 35.38 W, 0 %, 31660 MiB
2026/10/01 03:21:50.881, 187 MHz, 810 MHz, 0x0000000000000000, 27.16 W, 0 %, 31660 MiB
2026/10/01 03:21:51.381, 187 MHz, 810 MHz, 0x0000000000000000, 27.16 W, 0 %, 31660 MiB
2026/10/01 03:21:51.882, 180 MHz, 810 MHz, 0x0000000000000000, 20.07 W, 0 %, 31660 MiB
2026/10/01 03:21:52.383, 180 MHz, 810 MHz, 0x0000000000000000, 20.07 W, 0 %, 31660 MiB
2026/10/01 03:21:52.884, 180 MHz, 405 MHz, 0x0000000000000000, 11.56 W, 0 %, 31660 MiB
2026/10/01 03:21:53.385, 180 MHz, 405 MHz, 0x0000000000000000, 11.56 W, 0 %, 31660 MiB
2026/10/01 03:21:53.888, 180 MHz, 405 MHz, 0x0000000000000000, 11.29 W, 0 %, 31660 MiB
2026/10/01 03:21:54.401, 180 MHz, 405 MHz, 0x0000000000000000, 11.29 W, 0 %, 31660 MiB
2026/10/01 03:21:54.914, 180 MHz, 405 MHz, 0x0000000000000000, 11.79 W, 0 %, 31660 MiB
2026/10/01 03:21:55.426, 2872 MHz, 13801 MHz, 0x0000000000000000, 83.29 W, 52 %, 31660 MiB
2026/10/01 03:21:55.936, 2857 MHz, 13801 MHz, 0x0000000000000000, 258.90 W, 47 %, 31660 MiB
2026/10/01 03:21:56.442, 2902 MHz, 13801 MHz, 0x0000000000000000, 365.25 W, 96 %, 31660 MiB
2026/10/01 03:21:56.950, 2910 MHz, 13801 MHz, 0x0000000000000000, 385.04 W, 95 %, 31660 MiB
2026/10/01 03:21:57.457, 2910 MHz, 13801 MHz, 0x0000000000000000, 401.91 W, 96 %, 31660 MiB
2026/10/01 03:21:57.965, 2910 MHz, 13801 MHz, 0x0000000000000000, 403.39 W, 95 %, 31660 MiB
2026/10/01 03:21:58.472, 2910 MHz, 13801 MHz, 0x0000000000000000, 404.62 W, 97 %, 31660 MiB
2026/10/01 03:21:58.979, 2910 MHz, 13801 MHz, 0x0000000000000000, 406.07 W, 96 %, 31660 MiB
2026/10/01 03:21:59.489, 2910 MHz, 13801 MHz, 0x0000000000000000, 398.22 W, 92 %, 31660 MiB
2026/10/01 03:22:00.002, 2857 MHz, 13801 MHz, 0x0000000000000000, 360.99 W, 50 %, 31660 MiB
2026/10/01 03:22:00.516, 2872 MHz, 13801 MHz, 0x0000000000000000, 372.51 W, 96 %, 31660 MiB
2026/10/01 03:22:01.026, 2910 MHz, 13801 MHz, 0x0000000000000000, 385.78 W, 97 %, 31660 MiB
2026/10/01 03:22:01.533, 2910 MHz, 13801 MHz, 0x0000000000000000, 402.80 W, 97 %, 31663 MiB
2026/10/01 03:22:02.042, 2910 MHz, 13801 MHz, 0x0000000000000000, 406.10 W, 96 %, 31660 MiB
2026/10/01 03:22:02.548, 2910 MHz, 13801 MHz, 0x0000000000000000, 406.47 W, 97 %, 31663 MiB
2026/10/01 03:22:03.057, 2910 MHz, 13801 MHz, 0x0000000000000000, 406.20 W, 97 %, 31663 MiB
2026/10/01 03:22:03.562, 2880 MHz, 13801 MHz, 0x0000000000000000, 376.32 W, 73 %, 31660 MiB
2026/10/01 03:22:04.075, 2895 MHz, 13801 MHz, 0x0000000000000000, 361.96 W, 79 %, 31660 MiB
2026/10/01 03:22:04.586, 2887 MHz, 13801 MHz, 0x0000000000000000, 362.37 W, 96 %, 31660 MiB
2026/10/01 03:22:05.097, 2865 MHz, 13801 MHz, 0x0000000000000000, 362.02 W, 96 %, 31660 MiB
2026/10/01 03:22:05.603, 2910 MHz, 13801 MHz, 0x0000000000000000, 377.86 W, 96 %, 31660 MiB
2026/10/01 03:22:06.111, 2910 MHz, 13801 MHz, 0x0000000000000000, 394.30 W, 97 %, 31660 MiB
2026/10/01 03:22:06.618, 2910 MHz, 13801 MHz, 0x0000000000000000, 408.37 W, 96 %, 31665 MiB
2026/10/01 03:22:07.127, 2910 MHz, 13801 MHz, 0x0000000000000000, 408.69 W, 97 %, 31665 MiB
2026/10/01 03:22:07.634, 2910 MHz, 13801 MHz, 0x0000000000000000, 406.95 W, 86 %, 31660 MiB
2026/10/01 03:22:08.144, 2880 MHz, 13801 MHz, 0x0000000000000000, 390.48 W, 85 %, 31660 MiB
2026/10/01 03:22:08.656, 2902 MHz, 13801 MHz, 0x0000000000000000, 375.79 W, 51 %, 31660 MiB
2026/10/01 03:22:09.168, 2895 MHz, 13801 MHz, 0x0000000000000000, 374.95 W, 42 %, 31660 MiB
2026/10/01 03:22:09.678, 2895 MHz, 13801 MHz, 0x0000000000000000, 371.86 W, 48 %, 31660 MiB
2026/10/01 03:22:10.189, 2910 MHz, 13801 MHz, 0x0000000000000000, 380.87 W, 68 %, 31660 MiB
2026/10/01 03:22:10.696, 2910 MHz, 13801 MHz, 0x0000000000000000, 400.38 W, 96 %, 31660 MiB
2026/10/01 03:22:11.207, 2910 MHz, 13801 MHz, 0x0000000000000000, 402.37 W, 96 %, 31660 MiB
2026/10/01 03:22:11.716, 2910 MHz, 13801 MHz, 0x0000000000000000, 410.29 W, 96 %, 31660 MiB
2026/10/01 03:22:12.227, 2887 MHz, 13801 MHz, 0x0000000000000000, 390.04 W, 59 %, 31660 MiB
2026/10/01 03:22:12.739, 2910 MHz, 13801 MHz, 0x0000000000000000, 384.82 W, 96 %, 31660 MiB
2026/10/01 03:22:13.250, 2880 MHz, 13801 MHz, 0x0000000000000000, 380.36 W, 97 %, 31660 MiB
2026/10/01 03:22:13.765, 2895 MHz, 13801 MHz, 0x0000000000000000, 371.99 W, 45 %, 31660 MiB
2026/10/01 03:22:14.275, 2887 MHz, 13801 MHz, 0x0000000000000000, 381.44 W, 97 %, 31660 MiB
2026/10/01 03:22:14.785, 2887 MHz, 13801 MHz, 0x0000000000000000, 383.64 W, 77 %, 31660 MiB
2026/10/01 03:22:15.293, 2910 MHz, 13801 MHz, 0x0000000000000000, 400.24 W, 97 %, 31660 MiB
2026/10/01 03:22:15.801, 2910 MHz, 13801 MHz, 0x0000000000000000, 406.51 W, 97 %, 31660 MiB
2026/10/01 03:22:16.311, 2895 MHz, 13801 MHz, 0x0000000000000000, 400.40 W, 54 %, 31660 MiB
2026/10/01 03:22:16.819, 2880 MHz, 13801 MHz, 0x0000000000000000, 375.40 W, 47 %, 31660 MiB
2026/10/01 03:22:17.327, 2902 MHz, 13801 MHz, 0x0000000000000000, 373.36 W, 39 %, 31660 MiB
2026/10/01 03:22:17.834, 2887 MHz, 13801 MHz, 0x0000000000000000, 364.70 W, 61 %, 31660 MiB
2026/10/01 03:22:18.345, 2887 MHz, 13801 MHz, 0x0000000000000000, 356.74 W, 89 %, 31660 MiB
2026/10/01 03:22:18.859, 2887 MHz, 13801 MHz, 0x0000000000000000, 373.09 W, 79 %, 31660 MiB
2026/10/01 03:22:19.366, 2902 MHz, 13801 MHz, 0x0000000000000000, 386.41 W, 97 %, 31660 MiB
2026/10/01 03:22:19.877, 2910 MHz, 13801 MHz, 0x0000000000000000, 399.46 W, 97 %, 31660 MiB
2026/10/01 03:22:20.384, 2887 MHz, 13801 MHz, 0x0000000000000000, 401.05 W, 97 %, 31660 MiB
2026/10/01 03:22:20.892, 2910 MHz, 13801 MHz, 0x0000000000000000, 394.08 W, 46 %, 31660 MiB
2026/10/01 03:22:21.398, 2910 MHz, 13801 MHz, 0x0000000000000000, 394.55 W, 60 %, 31660 MiB
2026/10/01 03:22:21.908, 2910 MHz, 13801 MHz, 0x0000000000000000, 383.76 W, 51 %, 31660 MiB
2026/10/01 03:22:22.417, 2910 MHz, 13801 MHz, 0x0000000000000000, 382.50 W, 96 %, 31660 MiB
2026/10/01 03:22:22.922, 2910 MHz, 13801 MHz, 0x0000000000000000, 394.64 W, 68 %, 31660 MiB
2026/10/01 03:22:23.429, 2910 MHz, 13801 MHz, 0x0000000000000000, 400.57 W, 97 %, 31660 MiB
2026/10/01 03:22:23.941, 2902 MHz, 13801 MHz, 0x0000000000000000, 381.27 W, 96 %, 31660 MiB
2026/10/01 03:22:24.451, 2880 MHz, 13801 MHz, 0x0000000000000000, 379.98 W, 97 %, 31660 MiB
2026/10/01 03:22:24.965, 2895 MHz, 13801 MHz, 0x0000000000000000, 389.30 W, 45 %, 31663 MiB
2026/10/01 03:22:25.477, 2902 MHz, 13801 MHz, 0x0000000000000000, 386.39 W, 33 %, 31663 MiB
2026/10/01 03:22:25.988, 2895 MHz, 13801 MHz, 0x0000000000000000, 346.76 W, 34 %, 31660 MiB
2026/10/01 03:22:26.499, 2910 MHz, 13801 MHz, 0x0000000000000000, 363.30 W, 97 %, 31660 MiB
2026/10/01 03:22:27.010, 2895 MHz, 13801 MHz, 0x0000000000000000, 382.60 W, 37 %, 31663 MiB
2026/10/01 03:22:27.516, 2910 MHz, 13801 MHz, 0x0000000000000000, 393.62 W, 96 %, 31660 MiB
2026/10/01 03:22:28.027, 2872 MHz, 13801 MHz, 0x0000000000000000, 378.79 W, 50 %, 31663 MiB
2026/10/01 03:22:28.537, 2910 MHz, 13801 MHz, 0x0000000000000000, 391.26 W, 97 %, 31660 MiB
2026/10/01 03:22:29.048, 2880 MHz, 13801 MHz, 0x0000000000000000, 399.00 W, 97 %, 31660 MiB
2026/10/01 03:22:29.555, 2902 MHz, 13801 MHz, 0x0000000000000000, 393.65 W, 97 %, 31660 MiB
2026/10/01 03:22:30.066, 2865 MHz, 13801 MHz, 0x0000000000000000, 380.33 W, 44 %, 31661 MiB
2026/10/01 03:22:30.574, 2910 MHz, 13801 MHz, 0x0000000000000000, 379.95 W, 96 %, 31661 MiB
2026/10/01 03:22:31.085, 2910 MHz, 13801 MHz, 0x0000000000000000, 398.48 W, 97 %, 31661 MiB
2026/10/01 03:22:31.592, 2895 MHz, 13801 MHz, 0x0000000000000000, 398.24 W, 97 %, 31661 MiB
2026/10/01 03:22:32.103, 2910 MHz, 13801 MHz, 0x0000000000000000, 398.60 W, 96 %, 31661 MiB
2026/10/01 03:22:32.611, 2880 MHz, 13801 MHz, 0x0000000000000000, 397.82 W, 53 %, 31661 MiB
2026/10/01 03:22:33.119, 2910 MHz, 13801 MHz, 0x0000000000000000, 392.19 W, 96 %, 31661 MiB
2026/10/01 03:22:33.633, 2902 MHz, 13801 MHz, 0x0000000000000000, 400.16 W, 48 %, 31661 MiB
2026/10/01 03:22:34.140, 2910 MHz, 13801 MHz, 0x0000000000000000, 388.74 W, 96 %, 31661 MiB
2026/10/01 03:22:34.650, 2872 MHz, 13801 MHz, 0x0000000000000000, 380.96 W, 95 %, 31661 MiB
2026/10/01 03:22:35.155, 2880 MHz, 13801 MHz, 0x0000000000000000, 383.06 W, 97 %, 31661 MiB
2026/10/01 03:22:35.662, 2910 MHz, 13801 MHz, 0x0000000000000000, 392.05 W, 97 %, 31661 MiB
2026/10/01 03:22:36.173, 2910 MHz, 13801 MHz, 0x0000000000000000, 413.03 W, 76 %, 31661 MiB
2026/10/01 03:22:36.681, 2895 MHz, 13801 MHz, 0x0000000000000000, 397.14 W, 47 %, 31661 MiB
2026/10/01 03:22:37.189, 2910 MHz, 13801 MHz, 0x0000000000000000, 392.40 W, 96 %, 31661 MiB
2026/10/01 03:22:37.699, 2880 MHz, 13801 MHz, 0x0000000000000000, 392.05 W, 97 %, 31661 MiB
2026/10/01 03:22:38.211, 2895 MHz, 13801 MHz, 0x0000000000000000, 402.75 W, 64 %, 31661 MiB
2026/10/01 03:22:38.720, 2887 MHz, 13801 MHz, 0x0000000000000000, 393.07 W, 96 %, 31661 MiB
2026/10/01 03:22:39.232, 2880 MHz, 13801 MHz, 0x0000000000000000, 382.41 W, 97 %, 31661 MiB
2026/10/01 03:22:39.741, 2880 MHz, 13801 MHz, 0x0000000000000000, 388.74 W, 81 %, 31661 MiB
2026/10/01 03:22:40.250, 2880 MHz, 13801 MHz, 0x0000000000000000, 376.95 W, 96 %, 31661 MiB
2026/10/01 03:22:40.757, 2910 MHz, 13801 MHz, 0x0000000000000000, 389.93 W, 96 %, 31661 MiB
2026/10/01 03:22:41.272, 2910 MHz, 13801 MHz, 0x0000000000000000, 413.41 W, 96 %, 31661 MiB
2026/10/01 03:22:41.783, 2872 MHz, 13801 MHz, 0x0000000000000000, 395.56 W, 74 %, 31661 MiB
2026/10/01 03:22:42.293, 2880 MHz, 13801 MHz, 0x0000000000000000, 379.24 W, 61 %, 31661 MiB
2026/10/01 03:22:42.801, 2895 MHz, 13801 MHz, 0x0000000000000000, 399.87 W, 96 %, 31661 MiB
2026/10/01 03:22:43.315, 2887 MHz, 13801 MHz, 0x0000000000000000, 383.23 W, 48 %, 31661 MiB
2026/10/01 03:22:43.825, 2865 MHz, 13801 MHz, 0x0000000000000000, 379.36 W, 92 %, 31661 MiB
2026/10/01 03:22:44.338, 2895 MHz, 13801 MHz, 0x0000000000000000, 386.70 W, 96 %, 31661 MiB
2026/10/01 03:22:44.843, 2895 MHz, 13801 MHz, 0x0000000000000000, 387.35 W, 96 %, 31661 MiB
2026/10/01 03:22:45.353, 2895 MHz, 13801 MHz, 0x0000000000000000, 400.74 W, 96 %, 31661 MiB
2026/10/01 03:22:45.865, 2895 MHz, 13801 MHz, 0x0000000000000000, 413.78 W, 77 %, 31661 MiB
2026/10/01 03:22:46.377, 2887 MHz, 13801 MHz, 0x0000000000000000, 396.00 W, 45 %, 31661 MiB
2026/10/01 03:22:46.885, 2872 MHz, 13801 MHz, 0x0000000000000000, 389.07 W, 82 %, 31661 MiB
2026/10/01 03:22:47.398, 2895 MHz, 13801 MHz, 0x0000000000000000, 397.66 W, 43 %, 31661 MiB
2026/10/01 03:22:47.908, 2880 MHz, 13801 MHz, 0x0000000000000000, 379.68 W, 73 %, 31661 MiB
2026/10/01 03:22:48.417, 2887 MHz, 13801 MHz, 0x0000000000000000, 364.01 W, 96 %, 31661 MiB
2026/10/01 03:22:48.928, 2880 MHz, 13801 MHz, 0x0000000000000000, 369.46 W, 97 %, 31666 MiB
2026/10/01 03:22:49.436, 2872 MHz, 13801 MHz, 0x0000000000000000, 363.02 W, 96 %, 31666 MiB
2026/10/01 03:22:49.944, 2902 MHz, 13801 MHz, 0x0000000000000000, 388.49 W, 96 %, 31661 MiB
2026/10/01 03:22:50.452, 2902 MHz, 13801 MHz, 0x0000000000000000, 414.43 W, 67 %, 31663 MiB
2026/10/01 03:22:50.963, 2895 MHz, 13801 MHz, 0x0000000000000000, 408.28 W, 97 %, 31663 MiB
2026/10/01 03:22:51.472, 2857 MHz, 13801 MHz, 0x0000000000000000, 390.82 W, 95 %, 31661 MiB
2026/10/01 03:22:51.984, 2902 MHz, 13801 MHz, 0x0000000000000000, 398.04 W, 97 %, 31661 MiB
2026/10/01 03:22:52.492, 2887 MHz, 13801 MHz, 0x0000000000000000, 398.83 W, 79 %, 31661 MiB
2026/10/01 03:22:53.002, 2880 MHz, 13801 MHz, 0x0000000000000000, 382.55 W, 48 %, 31661 MiB
2026/10/01 03:22:53.511, 2902 MHz, 13801 MHz, 0x0000000000000000, 390.25 W, 96 %, 31661 MiB
2026/10/01 03:22:54.021, 2895 MHz, 13801 MHz, 0x0000000000000000, 401.26 W, 44 %, 31661 MiB
2026/10/01 03:22:54.532, 2895 MHz, 13801 MHz, 0x0000000000000000, 400.82 W, 97 %, 31661 MiB
2026/10/01 03:22:55.044, 2872 MHz, 13801 MHz, 0x0000000000000000, 393.29 W, 97 %, 31661 MiB
2026/10/01 03:22:55.551, 2880 MHz, 13801 MHz, 0x0000000000000000, 388.97 W, 48 %, 31661 MiB
2026/10/01 03:22:56.060, 2895 MHz, 13801 MHz, 0x0000000000000000, 400.54 W, 96 %, 31661 MiB
2026/10/01 03:22:56.570, 2880 MHz, 13801 MHz, 0x0000000000000000, 399.33 W, 49 %, 31661 MiB
2026/10/01 03:22:57.079, 2872 MHz, 13801 MHz, 0x0000000000000000, 389.81 W, 97 %, 31661 MiB
2026/10/01 03:22:57.589, 2895 MHz, 13801 MHz, 0x0000000000000000, 401.25 W, 89 %, 31661 MiB
2026/10/01 03:22:58.099, 2865 MHz, 13801 MHz, 0x0000000000000000, 373.03 W, 47 %, 31661 MiB
2026/10/01 03:22:58.611, 2895 MHz, 13801 MHz, 0x0000000000000000, 371.13 W, 97 %, 31661 MiB
2026/10/01 03:22:59.116, 2895 MHz, 13801 MHz, 0x0000000000000000, 404.92 W, 97 %, 31661 MiB
2026/10/01 03:22:59.629, 2902 MHz, 13801 MHz, 0x0000000000000000, 361.39 W, 0 %, 31661 MiB
2026/10/01 03:23:00.141, 2925 MHz, 13801 MHz, 0x0000000000000000, 203.25 W, 0 %, 31661 MiB
2026/10/01 03:23:00.658, 2925 MHz, 13801 MHz, 0x0000000000000000, 100.41 W, 0 %, 31661 MiB
2026/10/01 03:23:01.170, 2925 MHz, 13801 MHz, 0x0000000000000000, 99.24 W, 0 %, 31661 MiB
2026/10/01 03:23:01.685, 615 MHz, 13801 MHz, 0x0000000000000000, 79.18 W, 0 %, 31661 MiB
2026/10/01 03:23:02.200, 495 MHz, 810 MHz, 0x0000000000000000, 51.57 W, 0 %, 31661 MiB
2026/10/01 03:23:02.713, 382 MHz, 810 MHz, 0x0000000000000000, 34.66 W, 0 %, 31661 MiB
2026/10/01 03:23:03.215, 337 MHz, 810 MHz, 0x0000000000000000, 22.58 W, 0 %, 31661 MiB
2026/10/01 03:23:03.718, 337 MHz, 810 MHz, 0x0000000000000000, 22.58 W, 0 %, 31661 MiB
2026/10/01 03:23:04.219, 195 MHz, 405 MHz, 0x0000000000000000, 13.61 W, 0 %, 31661 MiB
2026/10/01 03:23:04.731, 195 MHz, 405 MHz, 0x0000000000000000, 13.61 W, 0 %, 31661 MiB
2026/10/01 03:23:05.244, 180 MHz, 405 MHz, 0x0000000000000000, 13.13 W, 0 %, 31661 MiB
2026/10/01 03:23:05.756, 180 MHz, 405 MHz, 0x0000000000000000, 13.13 W, 0 %, 31661 MiB
2026/10/01 03:23:06.272, 180 MHz, 405 MHz, 0x0000000000000000, 12.60 W, 0 %, 31661 MiB
2026/10/01 03:23:06.784, 180 MHz, 405 MHz, 0x0000000000000000, 12.60 W, 0 %, 31661 MiB
2026/10/01 03:23:07.285, 180 MHz, 405 MHz, 0x0000000000000000, 12.63 W, 0 %, 31661 MiB
2026/10/01 03:23:07.800, 180 MHz, 405 MHz, 0x0000000000000000, 12.63 W, 0 %, 31661 MiB
2026/10/01 03:23:08.314, 180 MHz, 405 MHz, 0x0000000000000000, 12.76 W, 0 %, 31661 MiB
2026/10/01 03:23:08.830, 180 MHz, 405 MHz, 0x0000000000000000, 12.76 W, 0 %, 31661 MiB
2026/10/01 03:23:09.345, 180 MHz, 405 MHz, 0x0000000000000000, 12.55 W, 0 %, 31661 MiB
2026/10/01 03:23:09.846, 180 MHz, 405 MHz, 0x0000000000000000, 12.55 W, 0 %, 31666 MiB
2026/10/01 03:23:10.357, 195 MHz, 405 MHz, 0x0000000000000000, 13.60 W, 0 %, 31666 MiB
2026/10/01 03:23:10.873, 180 MHz, 405 MHz, 0x0000000000000000, 14.41 W, 0 %, 31661 MiB
2026/10/01 03:23:11.387, 180 MHz, 405 MHz, 0x0000000000000000, 16.06 W, 0 %, 31661 MiB
2026/10/01 03:23:11.900, 180 MHz, 405 MHz, 0x0000000000000000, 15.75 W, 0 %, 31661 MiB
2026/10/01 03:23:12.415, 180 MHz, 405 MHz, 0x0000000000000000, 15.70 W, 0 %, 31661 MiB
2026/10/01 03:23:12.930, 180 MHz, 405 MHz, 0x0000000000000000, 15.70 W, 0 %, 31661 MiB
2026/10/01 03:23:13.430, 180 MHz, 405 MHz, 0x0000000000000000, 12.43 W, 0 %, 31661 MiB
2026/10/01 03:23:13.945, 180 MHz, 405 MHz, 0x0000000000000000, 12.43 W, 0 %, 31661 MiB
2026/10/01 03:23:14.461, 180 MHz, 405 MHz, 0x0000000000000000, 12.04 W, 0 %, 31661 MiB
2026/10/01 03:23:14.975, 180 MHz, 405 MHz, 0x0000000000000000, 12.19 W, 0 %, 31661 MiB
2026/10/01 03:23:15.488, 180 MHz, 405 MHz, 0x0000000000000000, 12.19 W, 0 %, 31661 MiB
2026/10/01 03:23:16.003, 187 MHz, 7001 MHz, 0x0000000000000000, 44.58 W, 87 %, 31661 MiB
2026/10/01 03:23:16.517, 2910 MHz, 13801 MHz, 0x0000000000000000, 343.11 W, 95 %, 31661 MiB
2026/10/01 03:23:17.031, 2910 MHz, 13801 MHz, 0x0000000000000000, 355.14 W, 84 %, 31661 MiB
2026/10/01 03:23:17.533, 2910 MHz, 13801 MHz, 0x0000000000000000, 357.60 W, 95 %, 31661 MiB
2026/10/01 03:23:18.035, 2910 MHz, 13801 MHz, 0x0000000000000000, 368.05 W, 93 %, 31661 MiB
2026/10/01 03:23:18.551, 2910 MHz, 13801 MHz, 0x0000000000000000, 364.59 W, 95 %, 31661 MiB
2026/10/01 03:23:19.065, 2910 MHz, 13801 MHz, 0x0000000000000000, 366.84 W, 94 %, 31661 MiB
2026/10/01 03:23:19.581, 2910 MHz, 13801 MHz, 0x0000000000000000, 365.18 W, 73 %, 31661 MiB
2026/10/01 03:23:20.096, 2910 MHz, 13801 MHz, 0x0000000000000000, 366.11 W, 95 %, 31661 MiB
2026/10/01 03:23:20.611, 2910 MHz, 13801 MHz, 0x0000000000000000, 370.83 W, 95 %, 31661 MiB
2026/10/01 03:23:21.125, 2910 MHz, 13801 MHz, 0x0000000000000000, 358.27 W, 91 %, 31661 MiB
2026/10/01 03:23:21.626, 2910 MHz, 13801 MHz, 0x0000000000000000, 358.80 W, 95 %, 31661 MiB
2026/10/01 03:23:22.127, 2910 MHz, 13801 MHz, 0x0000000000000000, 358.67 W, 95 %, 31661 MiB
2026/10/01 03:23:22.628, 2910 MHz, 13801 MHz, 0x0000000000000000, 357.59 W, 96 %, 31661 MiB
2026/10/01 03:23:23.129, 2910 MHz, 13801 MHz, 0x0000000000000000, 359.41 W, 93 %, 31661 MiB
2026/10/01 03:23:23.645, 2910 MHz, 13801 MHz, 0x0000000000000000, 362.71 W, 93 %, 31661 MiB
2026/10/01 03:23:24.155, 2910 MHz, 13801 MHz, 0x0000000000000000, 363.74 W, 95 %, 31661 MiB
2026/10/01 03:23:24.666, 2910 MHz, 13801 MHz, 0x0000000000000000, 372.95 W, 95 %, 31661 MiB
2026/10/01 03:23:25.178, 2910 MHz, 13801 MHz, 0x0000000000000000, 368.28 W, 95 %, 31661 MiB
2026/10/01 03:23:25.690, 2910 MHz, 13801 MHz, 0x0000000000000000, 368.35 W, 95 %, 31661 MiB
2026/10/01 03:23:36.907, 180 MHz, 405 MHz, 0x0000000000000000, 11.83 W, 0 %, 31661 MiB
2026/10/01 03:23:37.423, 180 MHz, 405 MHz, 0x0000000000000000, 20.36 W, 100 %, 31661 MiB
2026/10/01 03:23:37.937, 2910 MHz, 13801 MHz, 0x0000000000000000, 107.04 W, 93 %, 31661 MiB
2026/10/01 03:23:38.439, 2910 MHz, 13801 MHz, 0x0000000000000000, 338.11 W, 95 %, 31661 MiB
2026/10/01 03:23:38.952, 2910 MHz, 13801 MHz, 0x0000000000000000, 356.78 W, 95 %, 31661 MiB
2026/10/01 03:23:39.467, 2910 MHz, 13801 MHz, 0x0000000000000000, 358.65 W, 95 %, 31661 MiB
2026/10/01 03:23:39.968, 2910 MHz, 13801 MHz, 0x0000000000000000, 368.87 W, 95 %, 31661 MiB
2026/10/01 03:23:40.482, 2910 MHz, 13801 MHz, 0x0000000000000000, 363.99 W, 95 %, 31661 MiB
2026/10/01 03:23:40.985, 2910 MHz, 13801 MHz, 0x0000000000000000, 363.83 W, 95 %, 31661 MiB
2026/10/01 03:23:41.499, 2910 MHz, 13801 MHz, 0x0000000000000000, 363.54 W, 95 %, 31661 MiB
2026/10/01 03:23:42.014, 2910 MHz, 13801 MHz, 0x0000000000000000, 369.16 W, 95 %, 31661 MiB
2026/10/01 03:23:42.529, 2910 MHz, 13801 MHz, 0x0000000000000000, 357.80 W, 95 %, 31661 MiB
2026/10/01 03:23:43.043, 2910 MHz, 13801 MHz, 0x0000000000000000, 358.32 W, 95 %, 31661 MiB
2026/10/01 03:23:43.544, 2910 MHz, 13801 MHz, 0x0000000000000000, 361.61 W, 60 %, 31661 MiB
2026/10/01 03:23:44.059, 2910 MHz, 13801 MHz, 0x0000000000000000, 360.76 W, 95 %, 31661 MiB
2026/10/01 03:23:44.573, 2910 MHz, 13801 MHz, 0x0000000000000000, 367.88 W, 95 %, 31661 MiB
2026/10/01 03:23:45.087, 2910 MHz, 13801 MHz, 0x0000000000000000, 361.03 W, 94 %, 31661 MiB
2026/10/01 03:23:45.601, 2910 MHz, 13801 MHz, 0x0000000000000000, 362.82 W, 94 %, 31661 MiB
2026/10/01 03:23:46.114, 2910 MHz, 13801 MHz, 0x0000000000000000, 369.39 W, 95 %, 31661 MiB
2026/10/01 03:23:46.625, 2910 MHz, 13801 MHz, 0x0000000000000000, 365.08 W, 95 %, 31661 MiB
2026/10/01 03:23:47.135, 2910 MHz, 13801 MHz, 0x0000000000000000, 366.25 W, 95 %, 31661 MiB
2026/10/01 03:23:47.649, 2910 MHz, 13801 MHz, 0x0000000000000000, 322.80 W, 0 %, 31661 MiB
2026/10/01 03:23:48.163, 2925 MHz, 13801 MHz, 0x0000000000000000, 179.98 W, 0 %, 31661 MiB
2026/10/01 03:23:48.679, 2925 MHz, 13801 MHz, 0x0000000000000000, 94.35 W, 0 %, 31661 MiB
2026/10/01 03:23:49.193, 2925 MHz, 13801 MHz, 0x0000000000000000, 93.86 W, 0 %, 31661 MiB
2026/10/01 03:23:49.706, 1950 MHz, 13801 MHz, 0x0000000000000000, 78.18 W, 0 %, 31661 MiB
2026/10/01 03:23:50.207, 487 MHz, 810 MHz, 0x0000000000000000, 52.76 W, 0 %, 31661 MiB
2026/10/01 03:23:50.708, 382 MHz, 810 MHz, 0x0000000000000000, 29.07 W, 0 %, 31663 MiB
2026/10/01 03:23:51.219, 300 MHz, 810 MHz, 0x0000000000000000, 19.55 W, 0 %, 31661 MiB
2026/10/01 03:23:51.734, 225 MHz, 810 MHz, 0x0000000000000000, 16.31 W, 0 %, 31666 MiB
2026/10/01 03:23:52.236, 210 MHz, 405 MHz, 0x0000000000000000, 15.47 W, 0 %, 31668 MiB
2026/10/01 03:23:52.738, 187 MHz, 405 MHz, 0x0000000000000000, 14.71 W, 0 %, 31663 MiB
2026/10/01 03:23:53.242, 180 MHz, 405 MHz, 0x0000000000000000, 14.37 W, 0 %, 31661 MiB
2026/10/01 03:23:53.757, 180 MHz, 405 MHz, 0x0000000000000000, 14.27 W, 0 %, 31661 MiB
2026/10/01 03:23:54.272, 180 MHz, 405 MHz, 0x0000000000000000, 13.98 W, 0 %, 31661 MiB
2026/10/01 03:23:54.786, 180 MHz, 405 MHz, 0x0000000000000000, 13.98 W, 0 %, 31661 MiB
2026/10/01 03:23:55.297, 180 MHz, 405 MHz, 0x0000000000000000, 11.59 W, 0 %, 31661 MiB
2026/10/01 03:23:55.800, 180 MHz, 405 MHz, 0x0000000000000000, 11.59 W, 0 %, 31661 MiB
2026/10/01 03:23:56.302, 180 MHz, 405 MHz, 0x0000000000000000, 11.51 W, 0 %, 31661 MiB
2026/10/01 03:23:56.815, 180 MHz, 405 MHz, 0x0000000000000000, 11.51 W, 0 %, 31661 MiB
2026/10/01 03:23:57.331, 180 MHz, 405 MHz, 0x0000000000000000, 11.37 W, 0 %, 31661 MiB
2026/10/01 03:23:57.834, 180 MHz, 405 MHz, 0x0000000000000000, 11.37 W, 0 %, 31661 MiB
2026/10/01 03:23:58.349, 180 MHz, 405 MHz, 0x0000000000000000, 11.30 W, 0 %, 31661 MiB
2026/10/01 03:23:58.864, 180 MHz, 405 MHz, 0x0000000000000000, 11.30 W, 0 %, 31661 MiB
2026/10/01 03:23:59.377, 862 MHz, 405 MHz, 0x0000000000000000, 39.66 W, 100 %, 31661 MiB
2026/10/01 03:23:59.891, 2865 MHz, 13801 MHz, 0x0000000000000000, 137.34 W, 52 %, 31661 MiB
2026/10/01 03:24:00.404, 2872 MHz, 13801 MHz, 0x0000000000000000, 328.12 W, 49 %, 31661 MiB
2026/10/01 03:24:00.917, 2857 MHz, 13801 MHz, 0x0000000000000000, 357.34 W, 48 %, 31661 MiB
2026/10/01 03:24:01.425, 2857 MHz, 13801 MHz, 0x0000000000000000, 372.16 W, 49 %, 31661 MiB
2026/10/01 03:24:01.935, 2910 MHz, 13801 MHz, 0x0000000000000000, 398.32 W, 98 %, 31661 MiB
2026/10/01 03:24:02.444, 2910 MHz, 13801 MHz, 0x0000000000000000, 434.87 W, 98 %, 31661 MiB
2026/10/01 03:24:02.954, 2910 MHz, 13801 MHz, 0x0000000000000000, 454.23 W, 97 %, 31661 MiB
2026/10/01 03:24:03.461, 2910 MHz, 13801 MHz, 0x0000000000000000, 455.51 W, 98 %, 31661 MiB
2026/10/01 03:24:03.968, 2910 MHz, 13801 MHz, 0x0000000000000000, 456.47 W, 98 %, 31661 MiB
2026/10/01 03:24:04.477, 2910 MHz, 13801 MHz, 0x0000000000000000, 456.79 W, 97 %, 31661 MiB
2026/10/01 03:24:04.986, 2910 MHz, 13801 MHz, 0x0000000000000000, 456.95 W, 98 %, 31661 MiB
2026/10/01 03:24:05.493, 2910 MHz, 13801 MHz, 0x0000000000000000, 455.54 W, 97 %, 31661 MiB
2026/10/01 03:24:05.999, 2910 MHz, 13801 MHz, 0x0000000000000000, 432.55 W, 95 %, 31661 MiB
2026/10/01 03:24:06.510, 2872 MHz, 13801 MHz, 0x0000000000000000, 385.29 W, 49 %, 31661 MiB
2026/10/01 03:24:07.021, 2857 MHz, 13801 MHz, 0x0000000000000000, 356.91 W, 51 %, 31661 MiB
2026/10/01 03:24:07.535, 2857 MHz, 13801 MHz, 0x0000000000000000, 356.87 W, 49 %, 31661 MiB
2026/10/01 03:24:08.049, 2872 MHz, 13801 MHz, 0x0000000000000000, 365.49 W, 97 %, 31661 MiB
2026/10/01 03:24:08.553, 2910 MHz, 13801 MHz, 0x0000000000000000, 407.13 W, 97 %, 31661 MiB
2026/10/01 03:24:09.061, 2910 MHz, 13801 MHz, 0x0000000000000000, 452.53 W, 97 %, 31661 MiB
2026/10/01 03:24:09.567, 2910 MHz, 13801 MHz, 0x0000000000000000, 454.51 W, 98 %, 31661 MiB
2026/10/01 03:24:10.075, 2910 MHz, 13801 MHz, 0x0000000000000000, 456.16 W, 98 %, 31661 MiB
2026/10/01 03:24:10.584, 2910 MHz, 13801 MHz, 0x0000000000000000, 457.21 W, 98 %, 31661 MiB
2026/10/01 03:24:11.094, 2910 MHz, 13801 MHz, 0x0000000000000000, 457.37 W, 97 %, 31661 MiB
2026/10/01 03:24:11.604, 2910 MHz, 13801 MHz, 0x0000000000000000, 440.12 W, 48 %, 31661 MiB
2026/10/01 03:24:12.116, 2902 MHz, 13801 MHz, 0x0000000000000000, 405.05 W, 42 %, 31661 MiB
2026/10/01 03:24:12.631, 2887 MHz, 13801 MHz, 0x0000000000000000, 360.35 W, 97 %, 31661 MiB
2026/10/01 03:24:13.143, 2872 MHz, 13801 MHz, 0x0000000000000000, 316.91 W, 36 %, 31666 MiB
2026/10/01 03:24:13.654, 2865 MHz, 13801 MHz, 0x0000000000000000, 325.36 W, 43 %, 31666 MiB
2026/10/01 03:24:14.162, 2865 MHz, 13801 MHz, 0x0000000000000000, 342.70 W, 52 %, 31663 MiB
2026/10/01 03:24:14.675, 2880 MHz, 13801 MHz, 0x0000000000000000, 359.28 W, 49 %, 31663 MiB
2026/10/01 03:24:15.184, 2895 MHz, 13801 MHz, 0x0000000000000000, 378.35 W, 97 %, 31661 MiB
2026/10/01 03:24:15.691, 2910 MHz, 13801 MHz, 0x0000000000000000, 424.51 W, 98 %, 31661 MiB
2026/10/01 03:24:16.198, 2910 MHz, 13801 MHz, 0x0000000000000000, 456.16 W, 97 %, 31661 MiB
2026/10/01 03:24:16.705, 2910 MHz, 13801 MHz, 0x0000000000000004, 457.70 W, 98 %, 31661 MiB
2026/10/01 03:24:17.213, 2910 MHz, 13801 MHz, 0x0000000000000004, 459.48 W, 98 %, 31661 MiB
2026/10/01 03:24:17.719, 2910 MHz, 13801 MHz, 0x0000000000000000, 459.64 W, 98 %, 31661 MiB
2026/10/01 03:24:18.230, 2902 MHz, 13801 MHz, 0x0000000000000000, 427.06 W, 70 %, 31661 MiB
2026/10/01 03:24:18.741, 2887 MHz, 13801 MHz, 0x0000000000000000, 397.56 W, 62 %, 31661 MiB
2026/10/01 03:24:19.250, 2880 MHz, 13801 MHz, 0x0000000000000000, 379.57 W, 48 %, 31661 MiB
2026/10/01 03:24:19.764, 2880 MHz, 13801 MHz, 0x0000000000000000, 381.21 W, 54 %, 31661 MiB
2026/10/01 03:24:20.275, 2880 MHz, 13801 MHz, 0x0000000000000000, 376.96 W, 50 %, 31661 MiB
2026/10/01 03:24:20.790, 2865 MHz, 13801 MHz, 0x0000000000000000, 361.17 W, 48 %, 31661 MiB
2026/10/01 03:24:21.303, 2872 MHz, 13801 MHz, 0x0000000000000000, 359.76 W, 44 %, 31661 MiB
2026/10/01 03:24:21.812, 2910 MHz, 13801 MHz, 0x0000000000000000, 390.93 W, 98 %, 31661 MiB
2026/10/01 03:24:22.322, 2910 MHz, 13801 MHz, 0x0000000000000000, 434.19 W, 98 %, 31661 MiB
2026/10/01 03:24:22.826, 2910 MHz, 13801 MHz, 0x0000000000000000, 460.08 W, 98 %, 31661 MiB
2026/10/01 03:24:23.333, 2910 MHz, 13801 MHz, 0x0000000000000000, 461.22 W, 98 %, 31661 MiB
2026/10/01 03:24:23.840, 2910 MHz, 13801 MHz, 0x0000000000000000, 461.53 W, 97 %, 31661 MiB
2026/10/01 03:24:24.349, 2910 MHz, 13801 MHz, 0x0000000000000000, 448.06 W, 44 %, 31661 MiB
2026/10/01 03:24:24.857, 2887 MHz, 13801 MHz, 0x0000000000000000, 406.88 W, 42 %, 31661 MiB
2026/10/01 03:24:25.370, 2910 MHz, 13801 MHz, 0x0000000000000000, 392.63 W, 46 %, 31661 MiB
2026/10/01 03:24:25.883, 2880 MHz, 13801 MHz, 0x0000000000000000, 398.21 W, 46 %, 31661 MiB
2026/10/01 03:24:26.398, 2872 MHz, 13801 MHz, 0x0000000000000000, 364.34 W, 48 %, 31661 MiB
2026/10/01 03:24:26.910, 2902 MHz, 13801 MHz, 0x0000000000000000, 367.21 W, 61 %, 31661 MiB
2026/10/01 03:24:27.418, 2872 MHz, 13801 MHz, 0x0000000000000000, 369.77 W, 60 %, 31661 MiB
2026/10/01 03:24:27.926, 2887 MHz, 13801 MHz, 0x0000000000000000, 381.35 W, 48 %, 31661 MiB
2026/10/01 03:24:28.435, 2910 MHz, 13801 MHz, 0x0000000000000000, 414.91 W, 98 %, 31661 MiB
2026/10/01 03:24:28.948, 2910 MHz, 13801 MHz, 0x0000000000000000, 442.32 W, 98 %, 31661 MiB
2026/10/01 03:24:29.458, 2910 MHz, 13801 MHz, 0x0000000000000000, 459.36 W, 98 %, 31661 MiB
2026/10/01 03:24:29.966, 2910 MHz, 13801 MHz, 0x0000000000000000, 459.98 W, 98 %, 31661 MiB
2026/10/01 03:24:30.475, 2880 MHz, 13801 MHz, 0x0000000000000004, 442.93 W, 97 %, 31661 MiB
2026/10/01 03:24:30.986, 2902 MHz, 13801 MHz, 0x0000000000000000, 441.74 W, 98 %, 31661 MiB
2026/10/01 03:24:31.500, 2872 MHz, 13801 MHz, 0x0000000000000000, 437.17 W, 56 %, 31661 MiB
2026/10/01 03:24:32.015, 2872 MHz, 13801 MHz, 0x0000000000000000, 382.47 W, 71 %, 31661 MiB
2026/10/01 03:24:32.526, 2880 MHz, 13801 MHz, 0x0000000000000000, 341.55 W, 46 %, 31661 MiB
2026/10/01 03:24:33.039, 2887 MHz, 13801 MHz, 0x0000000000000000, 342.37 W, 31 %, 31661 MiB
2026/10/01 03:24:33.550, 2880 MHz, 13801 MHz, 0x0000000000000000, 348.31 W, 61 %, 31661 MiB
2026/10/01 03:24:34.057, 2895 MHz, 13801 MHz, 0x0000000000000000, 355.39 W, 48 %, 31661 MiB
2026/10/01 03:24:34.562, 2902 MHz, 13801 MHz, 0x0000000000000000, 379.58 W, 97 %, 31666 MiB
2026/10/01 03:24:35.067, 2902 MHz, 13801 MHz, 0x0000000000000000, 413.19 W, 97 %, 31661 MiB
2026/10/01 03:24:35.572, 2902 MHz, 13801 MHz, 0x0000000000000000, 461.64 W, 97 %, 31661 MiB
2026/10/01 03:24:36.078, 2902 MHz, 13801 MHz, 0x0000000000000000, 463.71 W, 97 %, 31663 MiB
2026/10/01 03:24:36.584, 2902 MHz, 13801 MHz, 0x0000000000000000, 464.11 W, 98 %, 31663 MiB
2026/10/01 03:24:37.093, 2880 MHz, 13801 MHz, 0x0000000000000000, 440.54 W, 98 %, 31661 MiB
2026/10/01 03:24:37.601, 2865 MHz, 13801 MHz, 0x0000000000000000, 400.07 W, 42 %, 31661 MiB
2026/10/01 03:24:38.113, 2857 MHz, 13801 MHz, 0x0000000000000000, 397.13 W, 98 %, 31661 MiB
2026/10/01 03:24:38.626, 2865 MHz, 13801 MHz, 0x0000000000000000, 391.66 W, 80 %, 31661 MiB
2026/10/01 03:24:39.138, 2850 MHz, 13801 MHz, 0x0000000000000000, 361.68 W, 45 %, 31661 MiB
2026/10/01 03:24:39.644, 2880 MHz, 13801 MHz, 0x0000000000000000, 341.37 W, 46 %, 31661 MiB
2026/10/01 03:24:40.154, 2902 MHz, 13801 MHz, 0x0000000000000000, 379.96 W, 98 %, 31661 MiB
2026/10/01 03:24:40.662, 2880 MHz, 13801 MHz, 0x0000000000000000, 397.98 W, 46 %, 31661 MiB
2026/10/01 03:24:41.169, 2895 MHz, 13801 MHz, 0x0000000000000000, 400.39 W, 98 %, 31661 MiB
2026/10/01 03:24:41.678, 2895 MHz, 13801 MHz, 0x0000000000000000, 436.79 W, 97 %, 31661 MiB
2026/10/01 03:24:42.190, 2895 MHz, 13801 MHz, 0x0000000000000000, 464.44 W, 98 %, 31661 MiB
2026/10/01 03:24:42.694, 2902 MHz, 13801 MHz, 0x0000000000000000, 463.36 W, 97 %, 31661 MiB
2026/10/01 03:24:43.206, 2902 MHz, 13801 MHz, 0x0000000000000000, 459.21 W, 74 %, 31661 MiB
2026/10/01 03:24:43.715, 2872 MHz, 13801 MHz, 0x0000000000000000, 431.18 W, 97 %, 31661 MiB
2026/10/01 03:24:44.225, 2902 MHz, 13801 MHz, 0x0000000000000000, 426.78 W, 60 %, 31661 MiB
2026/10/01 03:24:44.740, 2857 MHz, 13801 MHz, 0x0000000000000000, 411.97 W, 87 %, 31661 MiB
2026/10/01 03:24:45.247, 2887 MHz, 13801 MHz, 0x0000000000000000, 364.71 W, 33 %, 31661 MiB
2026/10/01 03:24:45.758, 2887 MHz, 13801 MHz, 0x0000000000000000, 348.50 W, 39 %, 31661 MiB
2026/10/01 03:24:46.269, 2857 MHz, 13801 MHz, 0x0000000000000000, 327.96 W, 40 %, 31661 MiB
2026/10/01 03:24:46.778, 2887 MHz, 13801 MHz, 0x0000000000000000, 361.90 W, 98 %, 31661 MiB
2026/10/01 03:24:47.290, 2872 MHz, 13801 MHz, 0x0000000000000000, 409.58 W, 97 %, 31661 MiB
2026/10/01 03:24:47.801, 2872 MHz, 13801 MHz, 0x0000000000000000, 425.49 W, 69 %, 31661 MiB
2026/10/01 03:24:48.309, 2887 MHz, 13801 MHz, 0x0000000000000000, 431.42 W, 98 %, 31661 MiB
2026/10/01 03:24:48.822, 2902 MHz, 13801 MHz, 0x0000000000000000, 449.74 W, 98 %, 31661 MiB
2026/10/01 03:24:49.330, 2902 MHz, 13801 MHz, 0x0000000000000000, 464.52 W, 98 %, 31661 MiB
2026/10/01 03:24:49.841, 2902 MHz, 13801 MHz, 0x0000000000000000, 465.39 W, 97 %, 31661 MiB
2026/10/01 03:24:50.351, 2872 MHz, 13801 MHz, 0x0000000000000000, 445.79 W, 97 %, 31661 MiB
2026/10/01 03:24:50.863, 2887 MHz, 13801 MHz, 0x0000000000000000, 424.11 W, 88 %, 31661 MiB
2026/10/01 03:24:51.378, 2887 MHz, 13801 MHz, 0x0000000000000000, 411.36 W, 64 %, 31661 MiB
2026/10/01 03:24:51.891, 2842 MHz, 13801 MHz, 0x0000000000000000, 386.26 W, 74 %, 31661 MiB
2026/10/01 03:24:52.401, 2872 MHz, 13801 MHz, 0x0000000000000000, 378.02 W, 98 %, 31661 MiB
2026/10/01 03:24:52.914, 2872 MHz, 13801 MHz, 0x0000000000000000, 370.41 W, 79 %, 31661 MiB
2026/10/01 03:24:53.423, 2887 MHz, 13801 MHz, 0x0000000000000000, 368.11 W, 63 %, 31661 MiB
2026/10/01 03:24:53.929, 2880 MHz, 13801 MHz, 0x0000000000000000, 395.38 W, 97 %, 31661 MiB
2026/10/01 03:24:54.437, 2880 MHz, 13801 MHz, 0x0000000000000000, 401.19 W, 57 %, 31661 MiB
2026/10/01 03:24:54.946, 2887 MHz, 13801 MHz, 0x0000000000000000, 417.12 W, 97 %, 31661 MiB
2026/10/01 03:24:55.452, 2902 MHz, 13801 MHz, 0x0000000000000000, 437.82 W, 97 %, 31666 MiB
2026/10/01 03:24:55.963, 2902 MHz, 13801 MHz, 0x0000000000000000, 462.70 W, 97 %, 31666 MiB
2026/10/01 03:24:56.469, 2872 MHz, 13801 MHz, 0x0000000000000000, 440.54 W, 98 %, 31661 MiB
2026/10/01 03:24:56.979, 2902 MHz, 13801 MHz, 0x0000000000000000, 443.39 W, 97 %, 31661 MiB
2026/10/01 03:24:57.489, 2880 MHz, 13801 MHz, 0x0000000000000000, 434.60 W, 70 %, 31661 MiB
2026/10/01 03:24:58.003, 2887 MHz, 13801 MHz, 0x0000000000000000, 420.08 W, 55 %, 31661 MiB
2026/10/01 03:24:58.510, 2865 MHz, 13801 MHz, 0x0000000000000000, 396.17 W, 60 %, 31663 MiB
2026/10/01 03:24:59.024, 2872 MHz, 13801 MHz, 0x0000000000000000, 358.56 W, 76 %, 31663 MiB
2026/10/01 03:24:59.535, 2887 MHz, 13801 MHz, 0x0000000000000000, 366.96 W, 42 %, 31661 MiB
2026/10/01 03:25:00.045, 2887 MHz, 13801 MHz, 0x0000000000000000, 390.25 W, 73 %, 31661 MiB
2026/10/01 03:25:00.560, 2895 MHz, 13801 MHz, 0x0000000000000000, 395.10 W, 43 %, 31661 MiB
2026/10/01 03:25:01.071, 2880 MHz, 13801 MHz, 0x0000000000000000, 403.67 W, 97 %, 31661 MiB
2026/10/01 03:25:01.580, 2902 MHz, 13801 MHz, 0x0000000000000000, 427.08 W, 97 %, 31661 MiB
2026/10/01 03:25:02.089, 2872 MHz, 13801 MHz, 0x0000000000000000, 450.23 W, 97 %, 31661 MiB
2026/10/01 03:25:02.596, 2887 MHz, 13801 MHz, 0x0000000000000000, 427.71 W, 97 %, 31661 MiB
2026/10/01 03:25:03.103, 2902 MHz, 13801 MHz, 0x0000000000000000, 443.82 W, 98 %, 31661 MiB
2026/10/01 03:25:03.610, 2895 MHz, 13801 MHz, 0x0000000000000004, 445.44 W, 67 %, 31661 MiB
2026/10/01 03:25:04.125, 2880 MHz, 13801 MHz, 0x0000000000000000, 412.71 W, 47 %, 31661 MiB
2026/10/01 03:25:04.637, 2872 MHz, 13801 MHz, 0x0000000000000000, 395.71 W, 48 %, 31661 MiB
2026/10/01 03:25:05.150, 2872 MHz, 13801 MHz, 0x0000000000000000, 375.69 W, 41 %, 31661 MiB
2026/10/01 03:25:05.662, 2865 MHz, 13801 MHz, 0x0000000000000000, 391.32 W, 69 %, 31661 MiB
2026/10/01 03:25:06.163, 2910 MHz, 13801 MHz, 0x0000000000000000, 282.76 W, 0 %, 31661 MiB
2026/10/01 03:25:06.676, 2925 MHz, 13801 MHz, 0x0000000000000000, 122.80 W, 0 %, 31661 MiB
2026/10/01 03:25:07.190, 2925 MHz, 13801 MHz, 0x0000000000000000, 100.05 W, 0 %, 31661 MiB
2026/10/01 03:25:07.705, 2925 MHz, 13801 MHz, 0x0000000000000000, 95.30 W, 0 %, 31661 MiB
2026/10/01 03:25:08.216, 540 MHz, 7001 MHz, 0x0000000000000000, 69.78 W, 0 %, 31661 MiB
2026/10/01 03:25:08.718, 427 MHz, 7001 MHz, 0x0000000000000000, 41.63 W, 0 %, 31661 MiB
2026/10/01 03:25:09.220, 382 MHz, 7001 MHz, 0x0000000000000000, 38.15 W, 0 %, 31661 MiB
2026/10/01 03:25:09.722, 382 MHz, 7001 MHz, 0x0000000000000000, 38.15 W, 0 %, 31661 MiB
2026/10/01 03:25:10.237, 247 MHz, 7001 MHz, 0x0000000000000000, 36.81 W, 0 %, 31661 MiB
2026/10/01 03:25:10.752, 247 MHz, 7001 MHz, 0x0000000000000000, 36.81 W, 0 %, 31661 MiB
2026/10/01 03:25:11.264, 180 MHz, 810 MHz, 0x0000000000000000, 31.91 W, 0 %, 31661 MiB
2026/10/01 03:25:11.777, 180 MHz, 810 MHz, 0x0000000000000000, 31.91 W, 0 %, 31661 MiB
2026/10/01 03:25:12.291, 180 MHz, 810 MHz, 0x0000000000000000, 13.17 W, 0 %, 31661 MiB
2026/10/01 03:25:12.795, 180 MHz, 810 MHz, 0x0000000000000000, 13.17 W, 0 %, 31661 MiB
2026/10/01 03:25:13.296, 180 MHz, 405 MHz, 0x0000000000000000, 13.12 W, 0 %, 31661 MiB
2026/10/01 03:25:13.812, 180 MHz, 405 MHz, 0x0000000000000000, 13.12 W, 0 %, 31661 MiB
2026/10/01 03:25:14.314, 180 MHz, 405 MHz, 0x0000000000000000, 13.00 W, 0 %, 31661 MiB
2026/10/01 03:25:14.815, 180 MHz, 405 MHz, 0x0000000000000000, 13.00 W, 0 %, 31661 MiB
2026/10/01 03:25:15.328, 180 MHz, 405 MHz, 0x0000000000000000, 12.45 W, 0 %, 31661 MiB
2026/10/01 03:25:15.839, 180 MHz, 405 MHz, 0x0000000000000000, 12.45 W, 0 %, 31661 MiB
2026/10/01 03:25:16.353, 180 MHz, 405 MHz, 0x0000000000000000, 12.67 W, 0 %, 31663 MiB
2026/10/01 03:25:16.866, 195 MHz, 405 MHz, 0x0000000000000000, 13.46 W, 0 %, 31663 MiB
2026/10/01 03:25:17.367, 180 MHz, 405 MHz, 0x0000000000000000, 15.25 W, 0 %, 31661 MiB
2026/10/01 03:25:17.880, 180 MHz, 405 MHz, 0x0000000000000000, 15.96 W, 0 %, 31661 MiB
2026/10/01 03:25:18.391, 180 MHz, 405 MHz, 0x0000000000000000, 15.65 W, 0 %, 31661 MiB
2026/10/01 03:25:18.906, 180 MHz, 405 MHz, 0x0000000000000000, 15.61 W, 0 %, 31661 MiB
2026/10/01 03:25:19.422, 180 MHz, 405 MHz, 0x0000000000000000, 15.61 W, 0 %, 31661 MiB
2026/10/01 03:25:19.937, 180 MHz, 405 MHz, 0x0000000000000000, 12.39 W, 0 %, 31663 MiB
2026/10/01 03:25:20.451, 195 MHz, 405 MHz, 0x0000000000000000, 13.06 W, 0 %, 31661 MiB
2026/10/01 03:25:20.952, 180 MHz, 405 MHz, 0x0000000000000000, 14.39 W, 0 %, 31661 MiB
2026/10/01 03:25:21.466, 180 MHz, 405 MHz, 0x0000000000000000, 15.38 W, 0 %, 31661 MiB
2026/10/01 03:25:21.967, 180 MHz, 405 MHz, 0x0000000000000000, 15.23 W, 0 %, 31661 MiB
2026/10/01 03:25:22.469, 1815 MHz, 13801 MHz, 0x0000000000000000, 91.20 W, 94 %, 31661 MiB
2026/10/01 03:25:22.972, 2910 MHz, 13801 MHz, 0x0000000000000000, 243.41 W, 94 %, 31661 MiB
2026/10/01 03:25:23.475, 2910 MHz, 13801 MHz, 0x0000000000000000, 365.38 W, 89 %, 31661 MiB
2026/10/01 03:25:23.975, 2910 MHz, 13801 MHz, 0x0000000000000000, 362.14 W, 95 %, 31661 MiB
2026/10/01 03:25:24.476, 2910 MHz, 13801 MHz, 0x0000000000000000, 364.98 W, 95 %, 31661 MiB
2026/10/01 03:25:24.979, 2910 MHz, 13801 MHz, 0x0000000000000000, 365.98 W, 90 %, 31661 MiB
2026/10/01 03:25:25.491, 2910 MHz, 13801 MHz, 0x0000000000000000, 365.62 W, 95 %, 31661 MiB
2026/10/01 03:25:26.006, 2910 MHz, 13801 MHz, 0x0000000000000000, 370.68 W, 95 %, 31661 MiB
2026/10/01 03:25:26.520, 2910 MHz, 13801 MHz, 0x0000000000000000, 366.34 W, 95 %, 31661 MiB
2026/10/01 03:25:27.020, 2910 MHz, 13801 MHz, 0x0000000000000000, 366.02 W, 95 %, 31661 MiB
2026/10/01 03:25:27.534, 2910 MHz, 13801 MHz, 0x0000000000000000, 366.32 W, 95 %, 31661 MiB
2026/10/01 03:25:28.034, 2910 MHz, 13801 MHz, 0x0000000000000000, 366.65 W, 95 %, 31661 MiB
2026/10/01 03:25:28.549, 2910 MHz, 13801 MHz, 0x0000000000000000, 364.09 W, 95 %, 31661 MiB
2026/10/01 03:25:29.063, 2910 MHz, 13801 MHz, 0x0000000000000000, 363.47 W, 94 %, 31661 MiB
2026/10/01 03:25:29.577, 2910 MHz, 13801 MHz, 0x0000000000000000, 371.04 W, 95 %, 31661 MiB
2026/10/01 03:25:30.090, 2910 MHz, 13801 MHz, 0x0000000000000000, 362.19 W, 95 %, 31661 MiB
2026/10/01 03:25:30.593, 2910 MHz, 13801 MHz, 0x0000000000000000, 363.75 W, 95 %, 31661 MiB
2026/10/01 03:25:31.107, 2910 MHz, 13801 MHz, 0x0000000000000000, 366.44 W, 95 %, 31661 MiB
2026/10/01 03:25:31.620, 2910 MHz, 13801 MHz, 0x0000000000000000, 366.17 W, 95 %, 31661 MiB
2026/10/01 03:25:32.121, 2910 MHz, 13801 MHz, 0x0000000000000000, 372.82 W, 95 %, 31661 MiB
2026/10/01 03:25:43.087, 180 MHz, 405 MHz, 0x0000000000000000, 14.55 W, 0 %, 31661 MiB
2026/10/01 03:25:43.598, 2872 MHz, 13801 MHz, 0x0000000000000000, 120.61 W, 95 %, 31663 MiB
2026/10/01 03:25:44.111, 2910 MHz, 13801 MHz, 0x0000000000000000, 280.31 W, 95 %, 31663 MiB
2026/10/01 03:25:44.623, 2910 MHz, 13801 MHz, 0x0000000000000000, 361.76 W, 76 %, 31661 MiB
2026/10/01 03:25:45.137, 2910 MHz, 13801 MHz, 0x0000000000000000, 362.25 W, 95 %, 31661 MiB
2026/10/01 03:25:45.651, 2910 MHz, 13801 MHz, 0x0000000000000000, 367.01 W, 95 %, 31661 MiB
2026/10/01 03:25:46.164, 2910 MHz, 13801 MHz, 0x0000000000000000, 363.35 W, 95 %, 31661 MiB
2026/10/01 03:25:46.678, 2910 MHz, 13801 MHz, 0x0000000000000000, 364.42 W, 95 %, 31661 MiB
2026/10/01 03:25:47.190, 2910 MHz, 13801 MHz, 0x0000000000000000, 368.70 W, 93 %, 31661 MiB
2026/10/01 03:25:47.699, 2910 MHz, 13801 MHz, 0x0000000000000000, 364.47 W, 95 %, 31663 MiB
2026/10/01 03:25:48.211, 2910 MHz, 13801 MHz, 0x0000000000000000, 364.14 W, 95 %, 31663 MiB
2026/10/01 03:25:48.722, 2910 MHz, 13801 MHz, 0x0000000000000000, 361.81 W, 95 %, 31661 MiB
2026/10/01 03:25:49.225, 2910 MHz, 13801 MHz, 0x0000000000000000, 363.31 W, 95 %, 31661 MiB
2026/10/01 03:25:49.738, 2910 MHz, 13801 MHz, 0x0000000000000000, 369.01 W, 95 %, 31661 MiB
2026/10/01 03:25:50.239, 2910 MHz, 13801 MHz, 0x0000000000000000, 357.77 W, 95 %, 31661 MiB
2026/10/01 03:25:50.753, 2910 MHz, 13801 MHz, 0x0000000000000000, 359.93 W, 95 %, 31661 MiB
2026/10/01 03:25:51.265, 2910 MHz, 13801 MHz, 0x0000000000000000, 363.31 W, 85 %, 31661 MiB
2026/10/01 03:25:51.780, 2910 MHz, 13801 MHz, 0x0000000000000000, 363.60 W, 95 %, 31661 MiB
2026/10/01 03:25:52.283, 2910 MHz, 13801 MHz, 0x0000000000000000, 367.14 W, 95 %, 31661 MiB
2026/10/01 03:25:52.798, 2910 MHz, 13801 MHz, 0x0000000000000000, 365.32 W, 95 %, 31661 MiB
2026/10/01 03:25:53.313, 2910 MHz, 13801 MHz, 0x0000000000000000, 365.45 W, 95 %, 31661 MiB
2026/10/01 03:25:53.813, 2910 MHz, 13801 MHz, 0x0000000000000000, 353.70 W, 32 %, 31661 MiB
2026/10/01 03:25:54.329, 2925 MHz, 13801 MHz, 0x0000000000000000, 230.12 W, 0 %, 31661 MiB
2026/10/01 03:25:54.829, 2925 MHz, 13801 MHz, 0x0000000000000000, 104.50 W, 0 %, 31661 MiB
2026/10/01 03:25:55.343, 2925 MHz, 13801 MHz, 0x0000000000000000, 93.84 W, 0 %, 31661 MiB
2026/10/01 03:25:55.858, 1987 MHz, 13801 MHz, 0x0000000000000000, 79.78 W, 0 %, 31661 MiB
2026/10/01 03:25:56.372, 585 MHz, 7001 MHz, 0x0000000000000000, 50.88 W, 0 %, 31661 MiB
2026/10/01 03:25:56.887, 457 MHz, 7001 MHz, 0x0000000000000000, 37.52 W, 0 %, 31661 MiB
2026/10/01 03:25:57.402, 382 MHz, 810 MHz, 0x0000000000000000, 35.79 W, 0 %, 31661 MiB
2026/10/01 03:25:57.902, 300 MHz, 810 MHz, 0x0000000000000000, 30.56 W, 0 %, 31661 MiB
2026/10/01 03:25:58.416, 255 MHz, 810 MHz, 0x0000000000000000, 28.69 W, 0 %, 31663 MiB
2026/10/01 03:25:58.930, 202 MHz, 810 MHz, 0x0000000000000000, 18.33 W, 0 %, 31663 MiB
2026/10/01 03:25:59.445, 180 MHz, 405 MHz, 0x0000000000000000, 17.26 W, 0 %, 31661 MiB
2026/10/01 03:25:59.960, 180 MHz, 405 MHz, 0x0000000000000000, 14.48 W, 0 %, 31661 MiB
2026/10/01 03:26:00.473, 180 MHz, 405 MHz, 0x0000000000000000, 13.96 W, 0 %, 31661 MiB
2026/10/01 03:26:00.987, 180 MHz, 405 MHz, 0x0000000000000000, 13.96 W, 0 %, 31661 MiB
2026/10/01 03:26:01.502, 180 MHz, 405 MHz, 0x0000000000000000, 11.54 W, 0 %, 31661 MiB
2026/10/01 03:26:02.015, 180 MHz, 405 MHz, 0x0000000000000000, 11.54 W, 0 %, 31661 MiB
2026/10/01 03:26:02.531, 180 MHz, 405 MHz, 0x0000000000000000, 11.41 W, 0 %, 31661 MiB
2026/10/01 03:26:03.046, 180 MHz, 405 MHz, 0x0000000000000000, 12.58 W, 0 %, 31661 MiB
2026/10/01 03:26:03.555, 180 MHz, 405 MHz, 0x0000000000000000, 12.94 W, 0 %, 31661 MiB
2026/10/01 03:26:04.064, 180 MHz, 405 MHz, 0x0000000000000000, 12.98 W, 0 %, 31661 MiB
2026/10/01 03:26:04.564, 180 MHz, 405 MHz, 0x0000000000000000, 12.98 W, 0 %, 31661 MiB
2026/10/01 03:26:05.077, 180 MHz, 405 MHz, 0x0000000000000000, 11.54 W, 0 %, 31661 MiB
2026/10/01 03:26:05.590, 180 MHz, 405 MHz, 0x0000000000000000, 11.54 W, 0 %, 31661 MiB
2026/10/01 03:26:06.099, 180 MHz, 405 MHz, 0x0000000000000000, 18.50 W, 100 %, 31661 MiB
2026/10/01 03:26:06.612, 2872 MHz, 13801 MHz, 0x0000000000000000, 109.41 W, 50 %, 31661 MiB
2026/10/01 03:26:07.126, 2857 MHz, 13801 MHz, 0x0000000000000000, 349.04 W, 50 %, 31661 MiB
2026/10/01 03:26:07.641, 2857 MHz, 13801 MHz, 0x0000000000000000, 369.70 W, 54 %, 31661 MiB
2026/10/01 03:26:08.154, 2857 MHz, 13801 MHz, 0x0000000000000000, 373.08 W, 53 %, 31661 MiB
2026/10/01 03:26:08.669, 2857 MHz, 13801 MHz, 0x0000000000000000, 374.26 W, 54 %, 31661 MiB
2026/10/01 03:26:09.183, 2857 MHz, 13801 MHz, 0x0000000000000000, 374.89 W, 54 %, 31661 MiB
2026/10/01 03:26:09.696, 2857 MHz, 13801 MHz, 0x0000000000000000, 379.14 W, 54 %, 31661 MiB
2026/10/01 03:26:10.206, 2857 MHz, 13801 MHz, 0x0000000000000000, 382.39 W, 53 %, 31661 MiB
2026/10/01 03:26:10.712, 2850 MHz, 13801 MHz, 0x0000000000000004, 412.25 W, 98 %, 31661 MiB
2026/10/01 03:26:11.220, 2835 MHz, 13801 MHz, 0x0000000000000004, 447.62 W, 98 %, 31661 MiB
2026/10/01 03:26:11.729, 2827 MHz, 13801 MHz, 0x0000000000000004, 459.34 W, 98 %, 31661 MiB
2026/10/01 03:26:12.242, 2827 MHz, 13801 MHz, 0x0000000000000004, 459.35 W, 98 %, 31661 MiB
2026/10/01 03:26:12.750, 2827 MHz, 13801 MHz, 0x0000000000000004, 460.01 W, 98 %, 31661 MiB
2026/10/01 03:26:13.258, 2827 MHz, 13801 MHz, 0x0000000000000004, 460.41 W, 98 %, 31661 MiB
2026/10/01 03:26:13.765, 2827 MHz, 13801 MHz, 0x0000000000000004, 460.33 W, 98 %, 31661 MiB
2026/10/01 03:26:14.271, 2827 MHz, 13801 MHz, 0x0000000000000004, 460.79 W, 98 %, 31661 MiB
2026/10/01 03:26:14.780, 2827 MHz, 13801 MHz, 0x0000000000000004, 460.84 W, 98 %, 31661 MiB
2026/10/01 03:26:15.286, 2827 MHz, 13801 MHz, 0x0000000000000004, 461.71 W, 98 %, 31661 MiB
2026/10/01 03:26:15.791, 2857 MHz, 13801 MHz, 0x0000000000000000, 461.26 W, 97 %, 31661 MiB
2026/10/01 03:26:16.297, 2910 MHz, 13801 MHz, 0x0000000000000000, 434.54 W, 96 %, 31663 MiB
2026/10/01 03:26:16.808, 2872 MHz, 13801 MHz, 0x0000000000000000, 357.33 W, 42 %, 31663 MiB
2026/10/01 03:26:17.323, 2865 MHz, 13801 MHz, 0x0000000000000000, 311.91 W, 43 %, 31661 MiB
2026/10/01 03:26:17.837, 2857 MHz, 13801 MHz, 0x0000000000000000, 341.48 W, 45 %, 31661 MiB
2026/10/01 03:26:18.349, 2857 MHz, 13801 MHz, 0x0000000000000000, 353.88 W, 51 %, 31663 MiB
2026/10/01 03:26:18.861, 2872 MHz, 13801 MHz, 0x0000000000000000, 316.87 W, 36 %, 31663 MiB
2026/10/01 03:26:19.371, 2872 MHz, 13801 MHz, 0x0000000000000000, 291.24 W, 41 %, 31661 MiB
2026/10/01 03:26:19.885, 2872 MHz, 13801 MHz, 0x0000000000000000, 293.36 W, 32 %, 31666 MiB
2026/10/01 03:26:20.397, 2865 MHz, 13801 MHz, 0x0000000000000000, 322.37 W, 51 %, 31661 MiB
2026/10/01 03:26:20.906, 2857 MHz, 13801 MHz, 0x0000000000000000, 350.68 W, 47 %, 31661 MiB
2026/10/01 03:26:21.417, 2857 MHz, 13801 MHz, 0x0000000000000000, 359.62 W, 52 %, 31661 MiB
2026/10/01 03:26:21.924, 2850 MHz, 13801 MHz, 0x0000000000000004, 401.61 W, 98 %, 31661 MiB
2026/10/01 03:26:22.435, 2842 MHz, 13801 MHz, 0x0000000000000004, 449.60 W, 98 %, 31661 MiB
2026/10/01 03:26:22.945, 2835 MHz, 13801 MHz, 0x0000000000000004, 463.18 W, 98 %, 31661 MiB
2026/10/01 03:26:23.454, 2827 MHz, 13801 MHz, 0x0000000000000004, 461.67 W, 98 %, 31661 MiB
2026/10/01 03:26:23.963, 2827 MHz, 13801 MHz, 0x0000000000000004, 461.32 W, 98 %, 31661 MiB
2026/10/01 03:26:24.469, 2827 MHz, 13801 MHz, 0x0000000000000004, 461.52 W, 98 %, 31661 MiB
2026/10/01 03:26:24.977, 2820 MHz, 13801 MHz, 0x0000000000000004, 461.43 W, 98 %, 31661 MiB
2026/10/01 03:26:25.487, 2820 MHz, 13801 MHz, 0x0000000000000004, 461.49 W, 98 %, 31661 MiB
2026/10/01 03:26:25.997, 2827 MHz, 13801 MHz, 0x0000000000000000, 434.85 W, 66 %, 31661 MiB
2026/10/01 03:26:26.507, 2865 MHz, 13801 MHz, 0x0000000000000000, 409.47 W, 69 %, 31661 MiB
2026/10/01 03:26:27.007, 2850 MHz, 13801 MHz, 0x0000000000000000, 396.39 W, 67 %, 31661 MiB
2026/10/01 03:26:27.518, 2865 MHz, 13801 MHz, 0x0000000000000000, 378.20 W, 51 %, 31661 MiB
2026/10/01 03:26:28.031, 2865 MHz, 13801 MHz, 0x0000000000000000, 367.17 W, 48 %, 31661 MiB
2026/10/01 03:26:28.541, 2865 MHz, 13801 MHz, 0x0000000000000000, 364.46 W, 45 %, 31661 MiB
2026/10/01 03:26:29.054, 2857 MHz, 13801 MHz, 0x0000000000000000, 375.97 W, 48 %, 31661 MiB
2026/10/01 03:26:29.568, 2857 MHz, 13801 MHz, 0x0000000000000000, 365.11 W, 65 %, 31661 MiB
2026/10/01 03:26:30.068, 2865 MHz, 13801 MHz, 0x0000000000000000, 363.61 W, 50 %, 31661 MiB
2026/10/01 03:26:30.578, 2865 MHz, 13801 MHz, 0x0000000000000000, 366.50 W, 50 %, 31661 MiB
2026/10/01 03:26:31.087, 2857 MHz, 13801 MHz, 0x0000000000000004, 362.42 W, 83 %, 31661 MiB
2026/10/01 03:26:31.598, 2842 MHz, 13801 MHz, 0x0000000000000000, 385.35 W, 46 %, 31661 MiB
2026/10/01 03:26:32.105, 2827 MHz, 13801 MHz, 0x0000000000000004, 427.32 W, 98 %, 31661 MiB
2026/10/01 03:26:32.615, 2827 MHz, 13801 MHz, 0x0000000000000004, 448.10 W, 98 %, 31661 MiB
2026/10/01 03:26:33.123, 2820 MHz, 13801 MHz, 0x0000000000000004, 463.61 W, 98 %, 31661 MiB
2026/10/01 03:26:33.634, 2820 MHz, 13801 MHz, 0x0000000000000004, 463.89 W, 98 %, 31661 MiB
2026/10/01 03:26:34.141, 2820 MHz, 13801 MHz, 0x0000000000000004, 464.64 W, 98 %, 31661 MiB
2026/10/01 03:26:34.650, 2820 MHz, 13801 MHz, 0x0000000000000000, 450.73 W, 49 %, 31661 MiB
2026/10/01 03:26:35.162, 2820 MHz, 13801 MHz, 0x0000000000000004, 426.59 W, 81 %, 31661 MiB
2026/10/01 03:26:35.673, 2857 MHz, 13801 MHz, 0x0000000000000000, 394.21 W, 59 %, 31661 MiB
2026/10/01 03:26:36.181, 2857 MHz, 13801 MHz, 0x0000000000000000, 390.41 W, 50 %, 31661 MiB
2026/10/01 03:26:36.693, 2857 MHz, 13801 MHz, 0x0000000000000000, 387.41 W, 50 %, 31661 MiB
2026/10/01 03:26:37.203, 2872 MHz, 13801 MHz, 0x0000000000000000, 370.54 W, 40 %, 31661 MiB
2026/10/01 03:26:37.717, 2865 MHz, 13801 MHz, 0x0000000000000004, 366.50 W, 69 %, 31661 MiB
2026/10/01 03:26:38.229, 2857 MHz, 13801 MHz, 0x0000000000000000, 359.24 W, 42 %, 31661 MiB
2026/10/01 03:26:38.729, 2850 MHz, 13801 MHz, 0x0000000000000000, 360.56 W, 67 %, 31661 MiB
2026/10/01 03:26:39.239, 2850 MHz, 13801 MHz, 0x0000000000000000, 368.64 W, 46 %, 31661 MiB
2026/10/01 03:26:39.746, 2865 MHz, 13801 MHz, 0x0000000000000000, 373.71 W, 76 %, 31661 MiB
2026/10/01 03:26:40.254, 2857 MHz, 13801 MHz, 0x0000000000000000, 361.21 W, 31 %, 31663 MiB
2026/10/01 03:26:40.764, 2857 MHz, 13801 MHz, 0x0000000000000000, 368.34 W, 49 %, 31668 MiB
2026/10/01 03:26:41.276, 2865 MHz, 13801 MHz, 0x0000000000000000, 366.01 W, 69 %, 31666 MiB
2026/10/01 03:26:41.784, 2850 MHz, 13801 MHz, 0x0000000000000000, 365.61 W, 48 %, 31661 MiB
2026/10/01 03:26:42.292, 2842 MHz, 13801 MHz, 0x0000000000000004, 392.73 W, 91 %, 31661 MiB
2026/10/01 03:26:42.799, 2857 MHz, 13801 MHz, 0x0000000000000004, 414.08 W, 98 %, 31661 MiB
2026/10/01 03:26:43.307, 2827 MHz, 13801 MHz, 0x0000000000000004, 450.47 W, 98 %, 31661 MiB
2026/10/01 03:26:43.815, 2820 MHz, 13801 MHz, 0x0000000000000004, 468.24 W, 98 %, 31661 MiB
2026/10/01 03:26:44.323, 2820 MHz, 13801 MHz, 0x0000000000000004, 451.93 W, 86 %, 31661 MiB
2026/10/01 03:26:44.835, 2820 MHz, 13801 MHz, 0x0000000000000004, 453.79 W, 98 %, 31661 MiB
2026/10/01 03:26:45.342, 2827 MHz, 13801 MHz, 0x0000000000000004, 450.30 W, 98 %, 31661 MiB
2026/10/01 03:26:45.852, 2850 MHz, 13801 MHz, 0x0000000000000000, 401.88 W, 33 %, 31661 MiB
2026/10/01 03:26:46.360, 2865 MHz, 13801 MHz, 0x0000000000000000, 380.17 W, 76 %, 31661 MiB
2026/10/01 03:26:46.871, 2842 MHz, 13801 MHz, 0x0000000000000004, 380.31 W, 67 %, 31661 MiB
2026/10/01 03:26:47.381, 2857 MHz, 13801 MHz, 0x0000000000000000, 387.30 W, 52 %, 31661 MiB
2026/10/01 03:26:47.891, 2857 MHz, 13801 MHz, 0x0000000000000000, 382.14 W, 57 %, 31661 MiB
2026/10/01 03:26:48.403, 2857 MHz, 13801 MHz, 0x0000000000000000, 366.37 W, 47 %, 31661 MiB
2026/10/01 03:26:48.913, 2827 MHz, 13801 MHz, 0x0000000000000000, 388.73 W, 69 %, 31661 MiB
2026/10/01 03:26:49.423, 2850 MHz, 13801 MHz, 0x0000000000000000, 387.79 W, 39 %, 31661 MiB
2026/10/01 03:26:49.931, 2850 MHz, 13801 MHz, 0x0000000000000000, 362.14 W, 37 %, 31661 MiB
2026/10/01 03:26:50.441, 2857 MHz, 13801 MHz, 0x0000000000000004, 370.07 W, 84 %, 31661 MiB
2026/10/01 03:26:50.953, 2857 MHz, 13801 MHz, 0x0000000000000000, 359.54 W, 42 %, 31661 MiB
2026/10/01 03:26:51.462, 2835 MHz, 13801 MHz, 0x0000000000000004, 378.89 W, 79 %, 31661 MiB
2026/10/01 03:26:51.972, 2850 MHz, 13801 MHz, 0x0000000000000004, 393.10 W, 98 %, 31661 MiB
2026/10/01 03:26:52.479, 2857 MHz, 13801 MHz, 0x0000000000000004, 411.66 W, 98 %, 31661 MiB
2026/10/01 03:26:52.989, 2827 MHz, 13801 MHz, 0x0000000000000000, 421.37 W, 48 %, 31661 MiB
2026/10/01 03:26:53.494, 2835 MHz, 13801 MHz, 0x0000000000000004, 434.13 W, 98 %, 31661 MiB
2026/10/01 03:26:54.002, 2827 MHz, 13801 MHz, 0x0000000000000004, 430.33 W, 98 %, 31661 MiB
2026/10/01 03:26:54.510, 2820 MHz, 13801 MHz, 0x0000000000000004, 445.72 W, 98 %, 31661 MiB
2026/10/01 03:26:55.021, 2820 MHz, 13801 MHz, 0x0000000000000000, 449.31 W, 44 %, 31661 MiB
2026/10/01 03:26:55.531, 2857 MHz, 13801 MHz, 0x0000000000000004, 417.34 W, 98 %, 31661 MiB
2026/10/01 03:26:56.039, 2820 MHz, 13801 MHz, 0x0000000000000000, 421.17 W, 70 %, 31661 MiB
2026/10/01 03:26:56.548, 2842 MHz, 13801 MHz, 0x0000000000000004, 398.46 W, 98 %, 31661 MiB
2026/10/01 03:26:57.057, 2850 MHz, 13801 MHz, 0x0000000000000000, 403.35 W, 40 %, 31661 MiB
2026/10/01 03:26:57.566, 2842 MHz, 13801 MHz, 0x0000000000000000, 375.76 W, 46 %, 31661 MiB
2026/10/01 03:26:58.077, 2842 MHz, 13801 MHz, 0x0000000000000000, 368.54 W, 50 %, 31661 MiB
2026/10/01 03:26:58.587, 2865 MHz, 13801 MHz, 0x0000000000000000, 369.58 W, 77 %, 31661 MiB
2026/10/01 03:26:59.099, 2850 MHz, 13801 MHz, 0x0000000000000000, 362.50 W, 43 %, 31661 MiB
2026/10/01 03:26:59.609, 2835 MHz, 13801 MHz, 0x0000000000000000, 376.21 W, 51 %, 31661 MiB
2026/10/01 03:27:00.117, 2857 MHz, 13801 MHz, 0x0000000000000000, 363.57 W, 39 %, 31661 MiB
2026/10/01 03:27:00.632, 2842 MHz, 13801 MHz, 0x0000000000000000, 356.37 W, 42 %, 31661 MiB
2026/10/01 03:27:01.140, 2857 MHz, 13801 MHz, 0x0000000000000000, 374.65 W, 63 %, 31661 MiB
2026/10/01 03:27:01.653, 2857 MHz, 13801 MHz, 0x0000000000000000, 372.87 W, 51 %, 31661 MiB
2026/10/01 03:27:02.161, 2865 MHz, 13801 MHz, 0x0000000000000000, 365.43 W, 58 %, 31666 MiB
2026/10/01 03:27:02.668, 2850 MHz, 13801 MHz, 0x0000000000000000, 400.90 W, 67 %, 31666 MiB
2026/10/01 03:27:03.179, 2835 MHz, 13801 MHz, 0x0000000000000004, 421.54 W, 98 %, 31661 MiB
2026/10/01 03:27:03.690, 2842 MHz, 13801 MHz, 0x0000000000000004, 434.55 W, 98 %, 31661 MiB
2026/10/01 03:27:04.202, 2820 MHz, 13801 MHz, 0x0000000000000004, 453.08 W, 98 %, 31661 MiB
2026/10/01 03:27:04.711, 2835 MHz, 13801 MHz, 0x0000000000000000, 444.65 W, 47 %, 31661 MiB
2026/10/01 03:27:05.220, 2827 MHz, 13801 MHz, 0x0000000000000000, 429.61 W, 72 %, 31661 MiB
2026/10/01 03:27:05.729, 2842 MHz, 13801 MHz, 0x0000000000000004, 434.77 W, 88 %, 31661 MiB
2026/10/01 03:27:06.240, 2850 MHz, 13801 MHz, 0x0000000000000000, 415.21 W, 77 %, 31661 MiB
2026/10/01 03:27:06.749, 2850 MHz, 13801 MHz, 0x0000000000000000, 381.17 W, 48 %, 31661 MiB
2026/10/01 03:27:07.260, 2842 MHz, 13801 MHz, 0x0000000000000000, 396.53 W, 75 %, 31661 MiB
2026/10/01 03:27:07.771, 2865 MHz, 13801 MHz, 0x0000000000000000, 390.96 W, 71 %, 31661 MiB
2026/10/01 03:27:08.271, 2835 MHz, 13801 MHz, 0x0000000000000000, 389.49 W, 51 %, 31661 MiB
2026/10/01 03:27:08.782, 2850 MHz, 13801 MHz, 0x0000000000000000, 397.44 W, 47 %, 31661 MiB
2026/10/01 03:27:09.296, 2850 MHz, 13801 MHz, 0x0000000000000000, 391.36 W, 71 %, 31661 MiB
2026/10/01 03:27:09.808, 2857 MHz, 13801 MHz, 0x0000000000000000, 379.76 W, 52 %, 31661 MiB
2026/10/01 03:27:10.320, 2842 MHz, 13801 MHz, 0x0000000000000000, 375.89 W, 48 %, 31661 MiB
2026/10/01 03:27:10.830, 2850 MHz, 13801 MHz, 0x0000000000000004, 401.19 W, 88 %, 31661 MiB
2026/10/01 03:27:11.343, 2835 MHz, 13801 MHz, 0x0000000000000004, 410.11 W, 72 %, 31661 MiB
2026/10/01 03:27:11.854, 2827 MHz, 13801 MHz, 0x0000000000000004, 439.55 W, 98 %, 31661 MiB
2026/10/01 03:27:12.365, 2857 MHz, 13801 MHz, 0x0000000000000004, 431.88 W, 98 %, 31661 MiB
2026/10/01 03:27:12.875, 2827 MHz, 13801 MHz, 0x0000000000000004, 420.67 W, 98 %, 31661 MiB
2026/10/01 03:27:13.384, 2827 MHz, 13801 MHz, 0x0000000000000000, 419.91 W, 61 %, 31661 MiB
2026/10/01 03:27:13.892, 2850 MHz, 13801 MHz, 0x0000000000000004, 414.16 W, 98 %, 31661 MiB
2026/10/01 03:27:14.403, 2820 MHz, 13801 MHz, 0x0000000000000004, 438.09 W, 98 %, 31661 MiB
2026/10/01 03:27:14.912, 2842 MHz, 13801 MHz, 0x0000000000000004, 437.06 W, 73 %, 31661 MiB
2026/10/01 03:27:15.422, 2827 MHz, 13801 MHz, 0x0000000000000000, 404.05 W, 41 %, 31661 MiB
2026/10/01 03:27:15.930, 2827 MHz, 13801 MHz, 0x0000000000000000, 407.34 W, 37 %, 31661 MiB
2026/10/01 03:27:16.441, 2850 MHz, 13801 MHz, 0x0000000000000000, 406.90 W, 50 %, 31661 MiB
2026/10/01 03:27:16.950, 2842 MHz, 13801 MHz, 0x0000000000000000, 388.32 W, 66 %, 31661 MiB
2026/10/01 03:27:17.461, 2842 MHz, 13801 MHz, 0x0000000000000004, 408.89 W, 98 %, 31661 MiB
2026/10/01 03:27:17.973, 2835 MHz, 13801 MHz, 0x0000000000000000, 418.68 W, 50 %, 31661 MiB
2026/10/01 03:27:18.486, 2842 MHz, 13801 MHz, 0x0000000000000000, 398.80 W, 50 %, 31661 MiB
2026/10/01 03:27:18.997, 2842 MHz, 13801 MHz, 0x0000000000000004, 383.32 W, 83 %, 31661 MiB
2026/10/01 03:27:19.504, 2850 MHz, 13801 MHz, 0x0000000000000004, 366.08 W, 61 %, 31661 MiB
2026/10/01 03:27:20.013, 2820 MHz, 13801 MHz, 0x0000000000000000, 399.42 W, 64 %, 31661 MiB
2026/10/01 03:27:20.525, 2827 MHz, 13801 MHz, 0x0000000000000000, 430.81 W, 52 %, 31661 MiB
2026/10/01 03:27:21.038, 2850 MHz, 13801 MHz, 0x0000000000000004, 417.04 W, 85 %, 31661 MiB
2026/10/01 03:27:21.552, 2857 MHz, 13801 MHz, 0x0000000000000000, 375.63 W, 48 %, 31661 MiB
2026/10/01 03:27:22.062, 2850 MHz, 13801 MHz, 0x0000000000000004, 395.21 W, 98 %, 31661 MiB
2026/10/01 03:27:22.571, 2820 MHz, 13801 MHz, 0x0000000000000004, 435.89 W, 80 %, 31661 MiB
2026/10/01 03:27:23.081, 2865 MHz, 13801 MHz, 0x0000000000000004, 393.79 W, 73 %, 31661 MiB
2026/10/01 03:27:23.590, 2820 MHz, 13801 MHz, 0x0000000000000000, 372.83 W, 41 %, 31666 MiB
2026/10/01 03:27:24.098, 2820 MHz, 13801 MHz, 0x0000000000000004, 436.98 W, 98 %, 31668 MiB
2026/10/01 03:27:24.609, 2842 MHz, 13801 MHz, 0x0000000000000000, 414.85 W, 42 %, 31663 MiB
2026/10/01 03:27:25.118, 2827 MHz, 13801 MHz, 0x0000000000000000, 405.03 W, 46 %, 31661 MiB
2026/10/01 03:27:25.627, 2925 MHz, 13801 MHz, 0x0000000000000000, 278.89 W, 0 %, 31661 MiB
2026/10/01 03:27:26.142, 2925 MHz, 13801 MHz, 0x0000000000000000, 112.54 W, 0 %, 31661 MiB
2026/10/01 03:27:26.657, 2925 MHz, 13801 MHz, 0x0000000000000000, 100.51 W, 0 %, 31661 MiB
2026/10/01 03:27:27.171, 2887 MHz, 7001 MHz, 0x0000000000000000, 91.15 W, 0 %, 31661 MiB
2026/10/01 03:27:27.686, 562 MHz, 7001 MHz, 0x0000000000000000, 63.01 W, 0 %, 31661 MiB
2026/10/01 03:27:28.201, 450 MHz, 7001 MHz, 0x0000000000000000, 38.94 W, 0 %, 31661 MiB
2026/10/01 03:27:28.716, 450 MHz, 7001 MHz, 0x0000000000000000, 38.94 W, 0 %, 31661 MiB
2026/10/01 03:27:29.231, 285 MHz, 7001 MHz, 0x0000000000000000, 37.11 W, 0 %, 31661 MiB
2026/10/01 03:27:29.746, 285 MHz, 7001 MHz, 0x0000000000000000, 37.11 W, 0 %, 31661 MiB
2026/10/01 03:27:30.247, 180 MHz, 7001 MHz, 0x0000000000000000, 37.04 W, 0 %, 31661 MiB
2026/10/01 03:27:30.762, 180 MHz, 7001 MHz, 0x0000000000000000, 37.04 W, 0 %, 31661 MiB
2026/10/01 03:27:31.278, 180 MHz, 7001 MHz, 0x0000000000000000, 36.90 W, 0 %, 31661 MiB
2026/10/01 03:27:31.791, 180 MHz, 7001 MHz, 0x0000000000000000, 36.90 W, 0 %, 31661 MiB
2026/10/01 03:27:32.305, 180 MHz, 810 MHz, 0x0000000000000000, 35.30 W, 0 %, 31661 MiB
2026/10/01 03:27:32.820, 180 MHz, 810 MHz, 0x0000000000000000, 35.30 W, 0 %, 31661 MiB
2026/10/01 03:27:33.332, 180 MHz, 810 MHz, 0x0000000000000000, 24.85 W, 0 %, 31661 MiB
2026/10/01 03:27:33.846, 180 MHz, 810 MHz, 0x0000000000000000, 24.85 W, 0 %, 31661 MiB
2026/10/01 03:27:34.356, 180 MHz, 405 MHz, 0x0000000000000000, 13.19 W, 0 %, 31661 MiB
2026/10/01 03:27:34.869, 180 MHz, 405 MHz, 0x0000000000000000, 13.19 W, 0 %, 31661 MiB
2026/10/01 03:27:35.379, 180 MHz, 405 MHz, 0x0000000000000000, 13.22 W, 0 %, 31661 MiB
2026/10/01 03:27:35.892, 180 MHz, 405 MHz, 0x0000000000000000, 13.22 W, 0 %, 31661 MiB
2026/10/01 03:27:36.406, 180 MHz, 405 MHz, 0x0000000000000000, 12.71 W, 0 %, 31661 MiB
2026/10/01 03:27:36.922, 180 MHz, 405 MHz, 0x0000000000000000, 12.71 W, 0 %, 31661 MiB
2026/10/01 03:27:37.422, 180 MHz, 405 MHz, 0x0000000000000000, 12.61 W, 0 %, 31661 MiB
2026/10/01 03:27:37.924, 180 MHz, 405 MHz, 0x0000000000000000, 12.61 W, 0 %, 31661 MiB
2026/10/01 03:27:38.427, 180 MHz, 405 MHz, 0x0000000000000000, 12.72 W, 0 %, 31661 MiB
2026/10/01 03:27:38.940, 180 MHz, 405 MHz, 0x0000000000000000, 12.72 W, 0 %, 31661 MiB
2026/10/01 03:27:39.454, 180 MHz, 405 MHz, 0x0000000000000000, 12.42 W, 0 %, 31661 MiB
2026/10/01 03:27:39.968, 180 MHz, 405 MHz, 0x0000000000000000, 12.42 W, 0 %, 31661 MiB
2026/10/01 03:27:40.468, 180 MHz, 405 MHz, 0x0000000000000000, 12.28 W, 0 %, 31661 MiB
2026/10/01 03:27:40.982, 180 MHz, 405 MHz, 0x0000000000000000, 12.28 W, 0 %, 31661 MiB
2026/10/01 03:27:41.484, 180 MHz, 405 MHz, 0x0000000000000000, 12.15 W, 0 %, 31661 MiB
2026/10/01 03:27:41.997, 1605 MHz, 13801 MHz, 0x0000000000000000, 50.41 W, 94 %, 31661 MiB
2026/10/01 03:27:42.512, 2910 MHz, 13801 MHz, 0x0000000000000000, 129.42 W, 94 %, 31661 MiB
2026/10/01 03:27:43.026, 2910 MHz, 13801 MHz, 0x0000000000000000, 361.14 W, 94 %, 31661 MiB
2026/10/01 03:27:43.530, 2910 MHz, 13801 MHz, 0x0000000000000000, 359.44 W, 94 %, 31661 MiB
2026/10/01 03:27:44.042, 2910 MHz, 13801 MHz, 0x0000000000000000, 361.98 W, 94 %, 31661 MiB
2026/10/01 03:27:44.557, 2910 MHz, 13801 MHz, 0x0000000000000000, 360.07 W, 95 %, 31663 MiB
2026/10/01 03:27:45.072, 2910 MHz, 13801 MHz, 0x0000000000000000, 365.85 W, 95 %, 31663 MiB
2026/10/01 03:27:45.574, 2910 MHz, 13801 MHz, 0x0000000000000000, 367.11 W, 95 %, 31661 MiB
2026/10/01 03:27:46.087, 2910 MHz, 13801 MHz, 0x0000000000000000, 366.71 W, 95 %, 31663 MiB
2026/10/01 03:27:46.600, 2910 MHz, 13801 MHz, 0x0000000000000000, 371.74 W, 95 %, 31661 MiB
2026/10/01 03:27:47.101, 2910 MHz, 13801 MHz, 0x0000000000000000, 362.28 W, 95 %, 31661 MiB
2026/10/01 03:27:47.613, 2910 MHz, 13801 MHz, 0x0000000000000000, 363.33 W, 95 %, 31661 MiB
2026/10/01 03:27:48.113, 2910 MHz, 13801 MHz, 0x0000000000000000, 362.13 W, 95 %, 31661 MiB
2026/10/01 03:27:48.629, 2910 MHz, 13801 MHz, 0x0000000000000000, 360.83 W, 95 %, 31661 MiB
2026/10/01 03:27:49.144, 2910 MHz, 13801 MHz, 0x0000000000000000, 372.21 W, 95 %, 31661 MiB
2026/10/01 03:27:49.645, 2910 MHz, 13801 MHz, 0x0000000000000000, 367.14 W, 94 %, 31661 MiB
2026/10/01 03:27:50.145, 2910 MHz, 13801 MHz, 0x0000000000000000, 367.19 W, 95 %, 31661 MiB
2026/10/01 03:27:50.658, 2910 MHz, 13801 MHz, 0x0000000000000000, 361.45 W, 53 %, 31661 MiB
2026/10/01 03:27:51.160, 2910 MHz, 13801 MHz, 0x0000000000000000, 360.60 W, 95 %, 31661 MiB
2026/10/01 03:27:51.674, 2910 MHz, 13801 MHz, 0x0000000000000000, 371.66 W, 95 %, 31661 MiB
2026/10/01 03:28:02.836, 180 MHz, 405 MHz, 0x0000000000000000, 11.59 W, 0 %, 31661 MiB
2026/10/01 03:28:03.351, 180 MHz, 13801 MHz, 0x0000000000000000, 33.32 W, 100 %, 31661 MiB
2026/10/01 03:28:03.863, 2910 MHz, 13801 MHz, 0x0000000000000000, 138.98 W, 94 %, 31661 MiB
2026/10/01 03:28:04.375, 2910 MHz, 13801 MHz, 0x0000000000000000, 337.24 W, 94 %, 31661 MiB
2026/10/01 03:28:04.884, 2910 MHz, 13801 MHz, 0x0000000000000000, 357.95 W, 95 %, 31661 MiB
2026/10/01 03:28:05.394, 2910 MHz, 13801 MHz, 0x0000000000000000, 359.07 W, 94 %, 31666 MiB
2026/10/01 03:28:05.901, 2910 MHz, 13801 MHz, 0x0000000000000000, 368.27 W, 95 %, 31666 MiB
2026/10/01 03:28:06.413, 2910 MHz, 13801 MHz, 0x0000000000000000, 364.81 W, 95 %, 31661 MiB
2026/10/01 03:28:06.926, 2910 MHz, 13801 MHz, 0x0000000000000000, 365.24 W, 95 %, 31661 MiB
2026/10/01 03:28:07.427, 2910 MHz, 13801 MHz, 0x0000000000000000, 358.58 W, 87 %, 31661 MiB
2026/10/01 03:28:07.943, 2910 MHz, 13801 MHz, 0x0000000000000000, 357.35 W, 95 %, 31663 MiB
2026/10/01 03:28:08.445, 2910 MHz, 13801 MHz, 0x0000000000000000, 369.76 W, 95 %, 31663 MiB
2026/10/01 03:28:08.960, 2910 MHz, 13801 MHz, 0x0000000000000000, 365.70 W, 95 %, 31661 MiB
2026/10/01 03:28:09.465, 2910 MHz, 13801 MHz, 0x0000000000000000, 365.62 W, 95 %, 31661 MiB
2026/10/01 03:28:09.967, 2910 MHz, 13801 MHz, 0x0000000000000000, 365.72 W, 76 %, 31663 MiB
2026/10/01 03:28:10.482, 2910 MHz, 13801 MHz, 0x0000000000000000, 365.84 W, 95 %, 31663 MiB
2026/10/01 03:28:10.996, 2910 MHz, 13801 MHz, 0x0000000000000000, 366.46 W, 95 %, 31661 MiB
2026/10/01 03:28:11.501, 2910 MHz, 13801 MHz, 0x0000000000000000, 365.85 W, 95 %, 31661 MiB
2026/10/01 03:28:12.001, 2910 MHz, 13801 MHz, 0x0000000000000000, 365.73 W, 94 %, 31661 MiB
2026/10/01 03:28:12.515, 2910 MHz, 13801 MHz, 0x0000000000000000, 369.80 W, 86 %, 31663 MiB
2026/10/01 03:28:13.030, 2910 MHz, 13801 MHz, 0x0000000000000000, 363.47 W, 95 %, 31661 MiB
2026/10/01 03:28:13.534, 2910 MHz, 13801 MHz, 0x0000000000000000, 362.56 W, 94 %, 31661 MiB
2026/10/01 03:28:14.046, 2910 MHz, 13801 MHz, 0x0000000000000000, 311.33 W, 0 %, 31661 MiB
2026/10/01 03:28:14.560, 2925 MHz, 13801 MHz, 0x0000000000000000, 94.84 W, 0 %, 31661 MiB
2026/10/01 03:28:15.073, 2925 MHz, 13801 MHz, 0x0000000000000000, 94.23 W, 0 %, 31661 MiB
2026/10/01 03:28:15.584, 1950 MHz, 13801 MHz, 0x0000000000000000, 78.83 W, 0 %, 31661 MiB
2026/10/01 03:28:16.086, 487 MHz, 7001 MHz, 0x0000000000000000, 50.37 W, 0 %, 31661 MiB
2026/10/01 03:28:16.597, 390 MHz, 7001 MHz, 0x0000000000000000, 37.08 W, 0 %, 31661 MiB
2026/10/01 03:28:17.097, 307 MHz, 7001 MHz, 0x0000000000000000, 36.12 W, 0 %, 31661 MiB
2026/10/01 03:28:17.609, 240 MHz, 7001 MHz, 0x0000000000000000, 35.98 W, 0 %, 31661 MiB
2026/10/01 03:28:18.110, 240 MHz, 7001 MHz, 0x0000000000000000, 35.98 W, 0 %, 31661 MiB
2026/10/01 03:28:18.625, 187 MHz, 810 MHz, 0x0000000000000000, 29.15 W, 0 %, 31661 MiB
2026/10/01 03:28:19.140, 187 MHz, 810 MHz, 0x0000000000000000, 29.15 W, 0 %, 31661 MiB
2026/10/01 03:28:19.642, 180 MHz, 405 MHz, 0x0000000000000000, 21.62 W, 0 %, 31661 MiB
2026/10/01 03:28:20.156, 180 MHz, 405 MHz, 0x0000000000000000, 21.62 W, 0 %, 31661 MiB
2026/10/01 03:28:20.667, 180 MHz, 405 MHz, 0x0000000000000000, 11.40 W, 0 %, 31661 MiB
2026/10/01 03:28:21.169, 180 MHz, 405 MHz, 0x0000000000000000, 11.40 W, 0 %, 31661 MiB
2026/10/01 03:28:21.684, 180 MHz, 405 MHz, 0x0000000000000000, 11.48 W, 0 %, 31661 MiB
2026/10/01 03:28:22.188, 180 MHz, 405 MHz, 0x0000000000000000, 11.48 W, 0 %, 31661 MiB
2026/10/01 03:28:22.702, 180 MHz, 405 MHz, 0x0000000000000000, 11.48 W, 0 %, 31661 MiB
2026/10/01 03:28:23.217, 180 MHz, 405 MHz, 0x0000000000000000, 11.48 W, 0 %, 31661 MiB
2026/10/01 03:28:23.732, 172 MHz, 405 MHz, 0x0000000000000000, 11.50 W, 0 %, 31661 MiB
2026/10/01 03:28:24.246, 172 MHz, 405 MHz, 0x0000000000000000, 11.50 W, 0 %, 31661 MiB
2026/10/01 03:28:24.759, 180 MHz, 405 MHz, 0x0000000000000000, 11.30 W, 0 %, 31661 MiB
2026/10/01 03:28:25.273, 180 MHz, 405 MHz, 0x0000000000000000, 11.30 W, 0 %, 31661 MiB
2026/10/01 03:28:25.785, 180 MHz, 405 MHz, 0x0000000000000000, 11.32 W, 0 %, 31661 MiB
2026/10/01 03:28:26.297, 2115 MHz, 13801 MHz, 0x0000000000000000, 65.85 W, 44 %, 31663 MiB
2026/10/01 03:28:26.799, 2872 MHz, 13801 MHz, 0x0000000000000000, 216.19 W, 31 %, 31668 MiB
2026/10/01 03:28:27.311, 2865 MHz, 13801 MHz, 0x0000000000000000, 302.71 W, 46 %, 31663 MiB
2026/10/01 03:28:27.823, 2857 MHz, 13801 MHz, 0x0000000000000000, 340.32 W, 49 %, 31661 MiB
2026/10/01 03:28:28.333, 2857 MHz, 13801 MHz, 0x0000000000000000, 356.81 W, 48 %, 31663 MiB
2026/10/01 03:28:28.847, 2857 MHz, 13801 MHz, 0x0000000000000000, 361.05 W, 50 %, 31661 MiB
2026/10/01 03:28:29.361, 2857 MHz, 13801 MHz, 0x0000000000000000, 371.54 W, 49 %, 31661 MiB
2026/10/01 03:28:29.872, 2857 MHz, 13801 MHz, 0x0000000000000000, 368.44 W, 52 %, 31661 MiB
2026/10/01 03:28:30.386, 2857 MHz, 13801 MHz, 0x0000000000000000, 368.96 W, 53 %, 31661 MiB
2026/10/01 03:28:30.901, 2857 MHz, 13801 MHz, 0x0000000000000000, 376.97 W, 51 %, 31661 MiB
2026/10/01 03:28:31.416, 2857 MHz, 13801 MHz, 0x0000000000000000, 380.69 W, 50 %, 31661 MiB
2026/10/01 03:28:31.931, 2857 MHz, 13801 MHz, 0x0000000000000000, 382.42 W, 56 %, 31661 MiB
2026/10/01 03:28:32.443, 2857 MHz, 13801 MHz, 0x0000000000000000, 377.46 W, 51 %, 31661 MiB
2026/10/01 03:28:32.958, 2857 MHz, 13801 MHz, 0x0000000000000000, 375.25 W, 56 %, 31661 MiB
2026/10/01 03:28:33.470, 2857 MHz, 13801 MHz, 0x0000000000000000, 376.25 W, 55 %, 31661 MiB
2026/10/01 03:28:33.980, 2857 MHz, 13801 MHz, 0x0000000000000000, 382.71 W, 51 %, 31661 MiB
2026/10/01 03:28:34.480, 2857 MHz, 13801 MHz, 0x0000000000000000, 386.33 W, 55 %, 31661 MiB
2026/10/01 03:28:34.987, 2857 MHz, 13801 MHz, 0x0000000000000004, 390.38 W, 99 %, 31661 MiB
2026/10/01 03:28:35.494, 2812 MHz, 13801 MHz, 0x0000000000000004, 428.55 W, 99 %, 31661 MiB
2026/10/01 03:28:35.999, 2812 MHz, 13801 MHz, 0x0000000000000004, 471.19 W, 98 %, 31661 MiB
2026/10/01 03:28:36.508, 2812 MHz, 13801 MHz, 0x0000000000000004, 470.46 W, 99 %, 31661 MiB
2026/10/01 03:28:37.013, 2812 MHz, 13801 MHz, 0x0000000000000004, 469.73 W, 99 %, 31661 MiB
2026/10/01 03:28:37.523, 2805 MHz, 13801 MHz, 0x0000000000000004, 469.16 W, 98 %, 31661 MiB
2026/10/01 03:28:38.033, 2805 MHz, 13801 MHz, 0x0000000000000004, 469.08 W, 99 %, 31661 MiB
2026/10/01 03:28:38.545, 2805 MHz, 13801 MHz, 0x0000000000000004, 469.48 W, 98 %, 31661 MiB
2026/10/01 03:28:39.056, 2797 MHz, 13801 MHz, 0x0000000000000004, 468.35 W, 99 %, 31661 MiB
2026/10/01 03:28:39.569, 2812 MHz, 13801 MHz, 0x0000000000000004, 469.08 W, 98 %, 31661 MiB
2026/10/01 03:28:40.077, 2805 MHz, 13801 MHz, 0x0000000000000004, 469.60 W, 97 %, 31661 MiB
2026/10/01 03:28:40.584, 2805 MHz, 13801 MHz, 0x0000000000000004, 468.86 W, 98 %, 31661 MiB
2026/10/01 03:28:41.091, 2812 MHz, 13801 MHz, 0x0000000000000004, 466.51 W, 98 %, 31661 MiB
2026/10/01 03:28:41.598, 2865 MHz, 13801 MHz, 0x0000000000000000, 457.54 W, 97 %, 31661 MiB
2026/10/01 03:28:42.105, 2895 MHz, 13801 MHz, 0x0000000000000000, 381.81 W, 43 %, 31661 MiB
2026/10/01 03:28:42.620, 2865 MHz, 13801 MHz, 0x0000000000000000, 322.68 W, 32 %, 31661 MiB
2026/10/01 03:28:43.135, 2865 MHz, 13801 MHz, 0x0000000000000000, 325.30 W, 47 %, 31661 MiB
2026/10/01 03:28:43.639, 2857 MHz, 13801 MHz, 0x0000000000000000, 346.40 W, 48 %, 31661 MiB
2026/10/01 03:28:44.150, 2857 MHz, 13801 MHz, 0x0000000000000000, 357.85 W, 50 %, 31661 MiB
2026/10/01 03:28:44.661, 2857 MHz, 13801 MHz, 0x0000000000000000, 361.10 W, 51 %, 31661 MiB
2026/10/01 03:28:45.161, 2857 MHz, 13801 MHz, 0x0000000000000000, 364.28 W, 51 %, 31661 MiB
2026/10/01 03:28:45.673, 2857 MHz, 13801 MHz, 0x0000000000000000, 356.59 W, 39 %, 31661 MiB
2026/10/01 03:28:46.185, 2872 MHz, 13801 MHz, 0x0000000000000000, 333.47 W, 43 %, 31661 MiB
2026/10/01 03:28:46.698, 2865 MHz, 13801 MHz, 0x0000000000000000, 327.24 W, 42 %, 31661 MiB
2026/10/01 03:28:47.208, 2872 MHz, 13801 MHz, 0x0000000000000000, 327.48 W, 40 %, 31661 MiB
2026/10/01 03:28:47.722, 2865 MHz, 13801 MHz, 0x0000000000000000, 320.87 W, 42 %, 31666 MiB
2026/10/01 03:28:48.232, 2872 MHz, 13801 MHz, 0x0000000000000000, 320.42 W, 43 %, 31666 MiB
2026/10/01 03:28:48.743, 2865 MHz, 13801 MHz, 0x0000000000000000, 325.97 W, 48 %, 31661 MiB
2026/10/01 03:28:49.253, 2865 MHz, 13801 MHz, 0x0000000000000000, 344.97 W, 51 %, 31661 MiB
2026/10/01 03:28:49.763, 2857 MHz, 13801 MHz, 0x0000000000000000, 357.17 W, 50 %, 31661 MiB
2026/10/01 03:28:50.274, 2857 MHz, 13801 MHz, 0x0000000000000000, 367.48 W, 51 %, 31663 MiB
2026/10/01 03:28:50.789, 2865 MHz, 13801 MHz, 0x0000000000000000, 362.21 W, 52 %, 31663 MiB
2026/10/01 03:28:51.300, 2865 MHz, 13801 MHz, 0x0000000000000000, 362.38 W, 50 %, 31661 MiB
2026/10/01 03:28:51.809, 2842 MHz, 13801 MHz, 0x0000000000000004, 402.96 W, 98 %, 31661 MiB
2026/10/01 03:28:52.318, 2812 MHz, 13801 MHz, 0x0000000000000004, 449.61 W, 98 %, 31661 MiB
2026/10/01 03:28:52.826, 2805 MHz, 13801 MHz, 0x0000000000000004, 473.44 W, 99 %, 31667 MiB
2026/10/01 03:28:53.329, 2812 MHz, 13801 MHz, 0x0000000000000004, 472.74 W, 98 %, 31667 MiB
2026/10/01 03:28:53.838, 2812 MHz, 13801 MHz, 0x0000000000000004, 474.11 W, 98 %, 31667 MiB
2026/10/01 03:28:54.347, 2805 MHz, 13801 MHz, 0x0000000000000004, 474.95 W, 98 %, 31668 MiB
2026/10/01 03:28:54.857, 2805 MHz, 13801 MHz, 0x0000000000000004, 475.17 W, 99 %, 31668 MiB
2026/10/01 03:28:55.372, 2805 MHz, 13801 MHz, 0x0000000000000004, 475.93 W, 98 %, 31668 MiB
2026/10/01 03:28:55.881, 2805 MHz, 13801 MHz, 0x0000000000000004, 475.99 W, 98 %, 31668 MiB
2026/10/01 03:28:56.391, 2850 MHz, 13801 MHz, 0x0000000000000004, 455.72 W, 96 %, 31668 MiB
2026/10/01 03:28:56.900, 2835 MHz, 13801 MHz, 0x0000000000000004, 442.18 W, 99 %, 31668 MiB
2026/10/01 03:28:57.412, 2835 MHz, 13801 MHz, 0x0000000000000000, 421.16 W, 51 %, 31668 MiB
2026/10/01 03:28:57.925, 2865 MHz, 13801 MHz, 0x0000000000000000, 390.80 W, 56 %, 31668 MiB
2026/10/01 03:28:58.427, 2812 MHz, 13801 MHz, 0x0000000000000000, 401.66 W, 46 %, 31668 MiB
2026/10/01 03:28:58.941, 2842 MHz, 13801 MHz, 0x0000000000000004, 403.30 W, 78 %, 31668 MiB
2026/10/01 03:28:59.453, 2857 MHz, 13801 MHz, 0x0000000000000004, 380.92 W, 76 %, 31668 MiB
2026/10/01 03:28:59.965, 2865 MHz, 13801 MHz, 0x0000000000000000, 357.30 W, 39 %, 31668 MiB
2026/10/01 03:29:00.478, 2857 MHz, 13801 MHz, 0x0000000000000000, 339.47 W, 49 %, 31668 MiB
2026/10/01 03:29:00.989, 2865 MHz, 13801 MHz, 0x0000000000000000, 354.81 W, 49 %, 31668 MiB
2026/10/01 03:29:01.502, 2842 MHz, 13801 MHz, 0x0000000000000000, 372.46 W, 48 %, 31668 MiB
2026/10/01 03:29:02.016, 2850 MHz, 13801 MHz, 0x0000000000000000, 383.43 W, 54 %, 31668 MiB
2026/10/01 03:29:02.529, 2857 MHz, 13801 MHz, 0x0000000000000000, 376.87 W, 51 %, 31668 MiB
2026/10/01 03:29:03.043, 2850 MHz, 13801 MHz, 0x0000000000000000, 367.68 W, 48 %, 31668 MiB
2026/10/01 03:29:03.556, 2850 MHz, 13801 MHz, 0x0000000000000000, 362.99 W, 70 %, 31668 MiB
2026/10/01 03:29:04.069, 2850 MHz, 13801 MHz, 0x0000000000000000, 373.60 W, 54 %, 31668 MiB
2026/10/01 03:29:04.579, 2850 MHz, 13801 MHz, 0x0000000000000000, 371.45 W, 47 %, 31668 MiB
2026/10/01 03:29:05.091, 2857 MHz, 13801 MHz, 0x0000000000000004, 372.14 W, 69 %, 31668 MiB
2026/10/01 03:29:05.600, 2857 MHz, 13801 MHz, 0x0000000000000000, 373.54 W, 51 %, 31668 MiB
2026/10/01 03:29:06.110, 2857 MHz, 13801 MHz, 0x0000000000000000, 375.97 W, 50 %, 31668 MiB
2026/10/01 03:29:06.621, 2850 MHz, 13801 MHz, 0x0000000000000000, 367.77 W, 48 %, 31668 MiB
2026/10/01 03:29:07.128, 2850 MHz, 13801 MHz, 0x0000000000000000, 374.02 W, 42 %, 31668 MiB
2026/10/01 03:29:07.638, 2812 MHz, 13801 MHz, 0x0000000000000000, 406.55 W, 49 %, 31668 MiB
2026/10/01 03:29:08.144, 2812 MHz, 13801 MHz, 0x0000000000000004, 452.22 W, 98 %, 31668 MiB
2026/10/01 03:29:08.650, 2812 MHz, 13801 MHz, 0x0000000000000004, 473.63 W, 98 %, 31668 MiB
2026/10/01 03:29:09.158, 2805 MHz, 13801 MHz, 0x0000000000000004, 477.32 W, 98 %, 31673 MiB
2026/10/01 03:29:09.664, 2805 MHz, 13801 MHz, 0x0000000000000004, 476.86 W, 98 %, 31673 MiB
2026/10/01 03:29:10.170, 2805 MHz, 13801 MHz, 0x0000000000000004, 476.94 W, 98 %, 31668 MiB
2026/10/01 03:29:10.677, 2805 MHz, 13801 MHz, 0x0000000000000000, 470.76 W, 75 %, 31668 MiB
2026/10/01 03:29:11.184, 2850 MHz, 13801 MHz, 0x0000000000000004, 442.58 W, 81 %, 31668 MiB
2026/10/01 03:29:11.692, 2835 MHz, 13801 MHz, 0x0000000000000000, 422.79 W, 81 %, 31668 MiB
2026/10/01 03:29:12.200, 2827 MHz, 13801 MHz, 0x0000000000000000, 426.64 W, 72 %, 31671 MiB
2026/10/01 03:29:12.707, 2842 MHz, 13801 MHz, 0x0000000000000004, 410.05 W, 73 %, 31671 MiB
2026/10/01 03:29:13.217, 2805 MHz, 13801 MHz, 0x0000000000000000, 405.12 W, 43 %, 31668 MiB
2026/10/01 03:29:13.724, 2857 MHz, 13801 MHz, 0x0000000000000000, 394.17 W, 47 %, 31668 MiB
2026/10/01 03:29:14.231, 2857 MHz, 13801 MHz, 0x0000000000000000, 350.30 W, 44 %, 31668 MiB
2026/10/01 03:29:14.743, 2857 MHz, 13801 MHz, 0x0000000000000000, 347.04 W, 51 %, 31668 MiB
2026/10/01 03:29:15.254, 2857 MHz, 13801 MHz, 0x0000000000000000, 356.31 W, 51 %, 31668 MiB
2026/10/01 03:29:15.765, 2865 MHz, 13801 MHz, 0x0000000000000000, 365.06 W, 52 %, 31668 MiB
2026/10/01 03:29:16.278, 2842 MHz, 13801 MHz, 0x0000000000000000, 372.91 W, 50 %, 31668 MiB
2026/10/01 03:29:16.778, 2857 MHz, 13801 MHz, 0x0000000000000000, 376.47 W, 54 %, 31668 MiB
2026/10/01 03:29:17.278, 2865 MHz, 13801 MHz, 0x0000000000000000, 370.34 W, 46 %, 31668 MiB
2026/10/01 03:29:17.792, 2842 MHz, 13801 MHz, 0x0000000000000004, 366.18 W, 62 %, 31668 MiB
2026/10/01 03:29:18.305, 2850 MHz, 13801 MHz, 0x0000000000000000, 364.62 W, 55 %, 31668 MiB
2026/10/01 03:29:18.805, 2850 MHz, 13801 MHz, 0x0000000000000000, 377.90 W, 55 %, 31668 MiB
2026/10/01 03:29:19.319, 2850 MHz, 13801 MHz, 0x0000000000000000, 375.52 W, 52 %, 31668 MiB
2026/10/01 03:29:19.832, 2850 MHz, 13801 MHz, 0x0000000000000000, 372.39 W, 51 %, 31668 MiB
2026/10/01 03:29:20.343, 2850 MHz, 13801 MHz, 0x0000000000000000, 374.51 W, 51 %, 31668 MiB
2026/10/01 03:29:20.856, 2850 MHz, 13801 MHz, 0x0000000000000000, 375.85 W, 55 %, 31668 MiB
2026/10/01 03:29:21.367, 2842 MHz, 13801 MHz, 0x0000000000000000, 378.48 W, 51 %, 31668 MiB
2026/10/01 03:29:21.877, 2842 MHz, 13801 MHz, 0x0000000000000000, 379.88 W, 49 %, 31668 MiB
2026/10/01 03:29:22.389, 2827 MHz, 13801 MHz, 0x0000000000000000, 399.80 W, 47 %, 31668 MiB
2026/10/01 03:29:22.900, 2842 MHz, 13801 MHz, 0x0000000000000000, 420.43 W, 56 %, 31668 MiB
2026/10/01 03:29:23.410, 2865 MHz, 13801 MHz, 0x0000000000000000, 390.77 W, 45 %, 31668 MiB
2026/10/01 03:29:23.913, 2812 MHz, 13801 MHz, 0x0000000000000000, 396.45 W, 47 %, 31668 MiB
2026/10/01 03:29:24.420, 2850 MHz, 13801 MHz, 0x0000000000000004, 418.51 W, 98 %, 31668 MiB
2026/10/01 03:29:24.928, 2835 MHz, 13801 MHz, 0x0000000000000000, 418.99 W, 60 %, 31668 MiB
2026/10/01 03:29:25.434, 2820 MHz, 13801 MHz, 0x0000000000000004, 438.45 W, 99 %, 31668 MiB
2026/10/01 03:29:25.944, 2797 MHz, 13801 MHz, 0x0000000000000004, 461.74 W, 99 %, 31668 MiB
2026/10/01 03:29:26.449, 2812 MHz, 13801 MHz, 0x0000000000000004, 453.39 W, 98 %, 31668 MiB
2026/10/01 03:29:26.958, 2805 MHz, 13801 MHz, 0x0000000000000004, 451.98 W, 99 %, 31668 MiB
2026/10/01 03:29:27.468, 2805 MHz, 13801 MHz, 0x0000000000000000, 446.30 W, 44 %, 31668 MiB
2026/10/01 03:29:27.977, 2865 MHz, 13801 MHz, 0x0000000000000004, 406.25 W, 99 %, 31668 MiB
2026/10/01 03:29:28.486, 2842 MHz, 13801 MHz, 0x0000000000000004, 401.98 W, 98 %, 31668 MiB
2026/10/01 03:29:28.997, 2827 MHz, 13801 MHz, 0x0000000000000000, 418.75 W, 37 %, 31668 MiB
2026/10/01 03:29:29.507, 2842 MHz, 13801 MHz, 0x0000000000000000, 400.39 W, 52 %, 31668 MiB
2026/10/01 03:29:30.018, 2865 MHz, 13801 MHz, 0x0000000000000000, 361.15 W, 71 %, 31668 MiB
2026/10/01 03:29:30.531, 2842 MHz, 13801 MHz, 0x0000000000000000, 371.97 W, 54 %, 31673 MiB
2026/10/01 03:29:31.043, 2857 MHz, 13801 MHz, 0x0000000000000000, 367.27 W, 46 %, 31668 MiB
2026/10/01 03:29:31.556, 2827 MHz, 13801 MHz, 0x0000000000000000, 363.86 W, 46 %, 31668 MiB
2026/10/01 03:29:32.069, 2850 MHz, 13801 MHz, 0x0000000000000000, 391.62 W, 48 %, 31668 MiB
2026/10/01 03:29:32.570, 2850 MHz, 13801 MHz, 0x0000000000000000, 370.70 W, 47 %, 31668 MiB
2026/10/01 03:29:33.080, 2850 MHz, 13801 MHz, 0x0000000000000000, 351.32 W, 43 %, 31668 MiB
2026/10/01 03:29:33.581, 2842 MHz, 13801 MHz, 0x0000000000000000, 367.42 W, 51 %, 31668 MiB
2026/10/01 03:29:34.095, 2857 MHz, 13801 MHz, 0x0000000000000000, 377.57 W, 50 %, 31668 MiB
2026/10/01 03:29:34.605, 2842 MHz, 13801 MHz, 0x0000000000000000, 369.84 W, 44 %, 31671 MiB
2026/10/01 03:29:35.117, 2857 MHz, 13801 MHz, 0x0000000000000004, 370.62 W, 98 %, 31668 MiB
2026/10/01 03:29:35.628, 2857 MHz, 13801 MHz, 0x0000000000000000, 365.61 W, 73 %, 31668 MiB
2026/10/01 03:29:36.139, 2850 MHz, 13801 MHz, 0x0000000000000000, 380.64 W, 50 %, 31668 MiB
2026/10/01 03:29:36.648, 2857 MHz, 13801 MHz, 0x0000000000000004, 370.80 W, 89 %, 31671 MiB
2026/10/01 03:29:37.160, 2850 MHz, 13801 MHz, 0x0000000000000004, 368.75 W, 65 %, 31668 MiB
2026/10/01 03:29:37.670, 2857 MHz, 13801 MHz, 0x0000000000000000, 366.60 W, 67 %, 31668 MiB
2026/10/01 03:29:38.179, 2835 MHz, 13801 MHz, 0x0000000000000000, 384.39 W, 46 %, 31668 MiB
2026/10/01 03:29:38.689, 2842 MHz, 13801 MHz, 0x0000000000000000, 402.40 W, 55 %, 31668 MiB
2026/10/01 03:29:39.200, 2835 MHz, 13801 MHz, 0x0000000000000000, 393.64 W, 65 %, 31671 MiB
2026/10/01 03:29:39.710, 2872 MHz, 13801 MHz, 0x0000000000000000, 379.41 W, 47 %, 31671 MiB
2026/10/01 03:29:40.220, 2850 MHz, 13801 MHz, 0x0000000000000000, 351.58 W, 38 %, 31668 MiB
2026/10/01 03:29:40.730, 2835 MHz, 13801 MHz, 0x0000000000000000, 365.36 W, 39 %, 31668 MiB
2026/10/01 03:29:41.236, 2805 MHz, 13801 MHz, 0x0000000000000004, 419.04 W, 98 %, 31668 MiB
2026/10/01 03:29:41.744, 2805 MHz, 13801 MHz, 0x0000000000000000, 445.92 W, 49 %, 31668 MiB
2026/10/01 03:29:42.253, 2797 MHz, 13801 MHz, 0x0000000000000004, 434.95 W, 66 %, 31668 MiB
2026/10/01 03:29:42.761, 2797 MHz, 13801 MHz, 0x0000000000000004, 451.28 W, 98 %, 31668 MiB
2026/10/01 03:29:43.272, 2805 MHz, 13801 MHz, 0x0000000000000000, 461.18 W, 45 %, 31668 MiB
2026/10/01 03:29:43.779, 2812 MHz, 13801 MHz, 0x0000000000000000, 426.79 W, 53 %, 31668 MiB
2026/10/01 03:29:44.292, 2827 MHz, 13801 MHz, 0x0000000000000004, 412.73 W, 98 %, 31668 MiB
2026/10/01 03:29:44.803, 2820 MHz, 13801 MHz, 0x0000000000000004, 428.35 W, 99 %, 31668 MiB
2026/10/01 03:29:45.317, 2842 MHz, 13801 MHz, 0x0000000000000000, 421.62 W, 48 %, 31668 MiB
2026/10/01 03:29:45.832, 2835 MHz, 13801 MHz, 0x0000000000000004, 414.40 W, 87 %, 31668 MiB
2026/10/01 03:29:46.339, 2850 MHz, 13801 MHz, 0x0000000000000004, 395.84 W, 83 %, 31668 MiB
2026/10/01 03:29:46.850, 2850 MHz, 13801 MHz, 0x0000000000000000, 387.03 W, 45 %, 31668 MiB
2026/10/01 03:29:47.361, 2850 MHz, 13801 MHz, 0x0000000000000004, 382.73 W, 92 %, 31668 MiB
2026/10/01 03:29:47.869, 2850 MHz, 13801 MHz, 0x0000000000000000, 375.83 W, 49 %, 31668 MiB
2026/10/01 03:29:48.381, 2850 MHz, 13801 MHz, 0x0000000000000000, 391.32 W, 71 %, 31668 MiB
2026/10/01 03:29:48.894, 2857 MHz, 13801 MHz, 0x0000000000000000, 390.35 W, 58 %, 31668 MiB
2026/10/01 03:29:49.407, 2850 MHz, 13801 MHz, 0x0000000000000000, 391.72 W, 52 %, 31668 MiB
2026/10/01 03:29:49.920, 2857 MHz, 13801 MHz, 0x0000000000000000, 376.08 W, 48 %, 31668 MiB
2026/10/01 03:29:50.430, 2835 MHz, 13801 MHz, 0x0000000000000000, 403.08 W, 51 %, 31668 MiB
2026/10/01 03:29:50.943, 2857 MHz, 13801 MHz, 0x0000000000000000, 387.32 W, 43 %, 31668 MiB
2026/10/01 03:29:51.456, 2857 MHz, 13801 MHz, 0x0000000000000000, 336.57 W, 39 %, 31673 MiB
2026/10/01 03:29:51.969, 2857 MHz, 13801 MHz, 0x0000000000000004, 329.85 W, 74 %, 31673 MiB
2026/10/01 03:29:52.480, 2850 MHz, 13801 MHz, 0x0000000000000000, 366.53 W, 52 %, 31668 MiB
2026/10/01 03:29:52.991, 2827 MHz, 13801 MHz, 0x0000000000000000, 404.71 W, 53 %, 31668 MiB
2026/10/01 03:29:53.502, 2835 MHz, 13801 MHz, 0x0000000000000004, 393.18 W, 98 %, 31668 MiB
2026/10/01 03:29:54.014, 2865 MHz, 13801 MHz, 0x0000000000000000, 368.10 W, 36 %, 31668 MiB
2026/10/01 03:29:54.525, 2872 MHz, 13801 MHz, 0x0000000000000000, 335.57 W, 37 %, 31668 MiB
2026/10/01 03:29:55.039, 2857 MHz, 13801 MHz, 0x0000000000000000, 322.24 W, 47 %, 31668 MiB
2026/10/01 03:29:55.548, 2857 MHz, 13801 MHz, 0x0000000000000000, 374.18 W, 52 %, 31668 MiB
2026/10/01 03:29:56.060, 2857 MHz, 13801 MHz, 0x0000000000000000, 389.18 W, 40 %, 31668 MiB
2026/10/01 03:29:56.571, 2850 MHz, 13801 MHz, 0x0000000000000000, 382.16 W, 81 %, 31668 MiB
2026/10/01 03:29:57.083, 2842 MHz, 13801 MHz, 0x0000000000000000, 383.84 W, 51 %, 31668 MiB
2026/10/01 03:29:57.588, 2805 MHz, 13801 MHz, 0x0000000000000004, 404.93 W, 99 %, 31668 MiB
2026/10/01 03:29:58.098, 2835 MHz, 13801 MHz, 0x0000000000000000, 466.27 W, 50 %, 31668 MiB
2026/10/01 03:29:58.606, 2805 MHz, 13801 MHz, 0x0000000000000004, 461.99 W, 98 %, 31668 MiB
2026/10/01 03:29:59.117, 2850 MHz, 13801 MHz, 0x0000000000000000, 440.27 W, 54 %, 31668 MiB
2026/10/01 03:29:59.622, 2805 MHz, 13801 MHz, 0x0000000000000004, 439.73 W, 99 %, 31668 MiB
2026/10/01 03:30:00.131, 2797 MHz, 13801 MHz, 0x0000000000000004, 447.90 W, 98 %, 31668 MiB
2026/10/01 03:30:00.640, 2857 MHz, 13801 MHz, 0x0000000000000000, 425.61 W, 73 %, 31668 MiB
2026/10/01 03:30:01.146, 2842 MHz, 13801 MHz, 0x0000000000000004, 385.36 W, 85 %, 31668 MiB
2026/10/01 03:30:01.656, 2850 MHz, 13801 MHz, 0x0000000000000000, 401.57 W, 72 %, 31668 MiB
2026/10/01 03:30:02.168, 2850 MHz, 13801 MHz, 0x0000000000000000, 412.60 W, 57 %, 31668 MiB
2026/10/01 03:30:02.676, 2842 MHz, 13801 MHz, 0x0000000000000004, 400.76 W, 93 %, 31668 MiB
2026/10/01 03:30:03.185, 2835 MHz, 13801 MHz, 0x0000000000000004, 403.93 W, 90 %, 31668 MiB
2026/10/01 03:30:03.697, 2850 MHz, 13801 MHz, 0x0000000000000000, 393.95 W, 52 %, 31668 MiB
2026/10/01 03:30:04.209, 2835 MHz, 13801 MHz, 0x0000000000000004, 402.21 W, 99 %, 31668 MiB
2026/10/01 03:30:04.718, 2842 MHz, 13801 MHz, 0x0000000000000000, 398.97 W, 55 %, 31668 MiB
2026/10/01 03:30:05.233, 2850 MHz, 13801 MHz, 0x0000000000000000, 373.69 W, 46 %, 31668 MiB
2026/10/01 03:30:05.746, 2842 MHz, 13801 MHz, 0x0000000000000000, 358.67 W, 46 %, 31668 MiB
2026/10/01 03:30:06.257, 2850 MHz, 13801 MHz, 0x0000000000000000, 362.85 W, 48 %, 31668 MiB
2026/10/01 03:30:06.768, 2850 MHz, 13801 MHz, 0x0000000000000000, 387.59 W, 55 %, 31668 MiB
2026/10/01 03:30:07.282, 2872 MHz, 13801 MHz, 0x0000000000000000, 379.19 W, 32 %, 31668 MiB
2026/10/01 03:30:07.788, 2857 MHz, 13801 MHz, 0x0000000000000000, 350.68 W, 44 %, 31668 MiB
2026/10/01 03:30:08.297, 2835 MHz, 13801 MHz, 0x0000000000000000, 353.55 W, 70 %, 31668 MiB
2026/10/01 03:30:08.808, 2857 MHz, 13801 MHz, 0x0000000000000000, 377.10 W, 75 %, 31668 MiB
2026/10/01 03:30:09.319, 2850 MHz, 13801 MHz, 0x0000000000000000, 388.63 W, 54 %, 31671 MiB
2026/10/01 03:30:09.832, 2857 MHz, 13801 MHz, 0x0000000000000000, 372.66 W, 42 %, 31671 MiB
2026/10/01 03:30:10.339, 2850 MHz, 13801 MHz, 0x0000000000000000, 359.41 W, 74 %, 31668 MiB
2026/10/01 03:30:10.854, 2857 MHz, 13801 MHz, 0x0000000000000000, 359.30 W, 55 %, 31668 MiB
2026/10/01 03:30:11.367, 2865 MHz, 13801 MHz, 0x0000000000000000, 372.51 W, 53 %, 31671 MiB
2026/10/01 03:30:11.878, 2850 MHz, 13801 MHz, 0x0000000000000004, 388.42 W, 93 %, 31668 MiB
2026/10/01 03:30:12.390, 2880 MHz, 13801 MHz, 0x0000000000000000, 374.89 W, 31 %, 31668 MiB
2026/10/01 03:30:12.899, 2850 MHz, 13801 MHz, 0x0000000000000000, 360.54 W, 54 %, 31673 MiB
2026/10/01 03:30:13.409, 2812 MHz, 13801 MHz, 0x0000000000000004, 369.51 W, 99 %, 31668 MiB
2026/10/01 03:30:13.915, 2842 MHz, 13801 MHz, 0x0000000000000004, 415.47 W, 99 %, 31668 MiB
2026/10/01 03:30:14.428, 2842 MHz, 13801 MHz, 0x0000000000000000, 421.02 W, 68 %, 31668 MiB
2026/10/01 03:30:14.936, 2805 MHz, 13801 MHz, 0x0000000000000004, 446.93 W, 99 %, 31668 MiB
2026/10/01 03:30:15.443, 2842 MHz, 13801 MHz, 0x0000000000000000, 463.42 W, 54 %, 31668 MiB
2026/10/01 03:30:15.947, 2805 MHz, 13801 MHz, 0x0000000000000004, 455.74 W, 98 %, 31668 MiB
2026/10/01 03:30:16.455, 2842 MHz, 13801 MHz, 0x0000000000000004, 436.71 W, 89 %, 31668 MiB
2026/10/01 03:30:16.963, 2827 MHz, 13801 MHz, 0x0000000000000004, 409.98 W, 91 %, 31668 MiB
2026/10/01 03:30:17.472, 2827 MHz, 13801 MHz, 0x0000000000000000, 395.56 W, 50 %, 31668 MiB
2026/10/01 03:30:17.981, 2820 MHz, 13801 MHz, 0x0000000000000000, 404.86 W, 81 %, 31668 MiB
2026/10/01 03:30:18.493, 2850 MHz, 13801 MHz, 0x0000000000000000, 383.76 W, 47 %, 31668 MiB
2026/10/01 03:30:19.003, 2850 MHz, 13801 MHz, 0x0000000000000004, 382.29 W, 99 %, 31668 MiB
2026/10/01 03:30:19.514, 2835 MHz, 13801 MHz, 0x0000000000000004, 383.47 W, 98 %, 31668 MiB
2026/10/01 03:30:20.023, 2850 MHz, 13801 MHz, 0x0000000000000000, 384.21 W, 47 %, 31668 MiB
2026/10/01 03:30:20.533, 2857 MHz, 13801 MHz, 0x0000000000000000, 371.77 W, 63 %, 31668 MiB
2026/10/01 03:30:21.042, 2850 MHz, 13801 MHz, 0x0000000000000000, 356.88 W, 56 %, 31668 MiB
2026/10/01 03:30:21.550, 2857 MHz, 13801 MHz, 0x0000000000000000, 384.30 W, 45 %, 31668 MiB
2026/10/01 03:30:22.058, 2842 MHz, 13801 MHz, 0x0000000000000004, 394.69 W, 79 %, 31668 MiB
2026/10/01 03:30:22.568, 2857 MHz, 13801 MHz, 0x0000000000000000, 370.66 W, 46 %, 31668 MiB
2026/10/01 03:30:23.076, 2850 MHz, 13801 MHz, 0x0000000000000000, 360.68 W, 51 %, 31668 MiB
2026/10/01 03:30:23.584, 2850 MHz, 13801 MHz, 0x0000000000000000, 361.04 W, 45 %, 31668 MiB
2026/10/01 03:30:24.097, 2857 MHz, 13801 MHz, 0x0000000000000000, 360.14 W, 48 %, 31668 MiB
2026/10/01 03:30:24.610, 2850 MHz, 13801 MHz, 0x0000000000000000, 353.38 W, 46 %, 31668 MiB
2026/10/01 03:30:25.121, 2820 MHz, 13801 MHz, 0x0000000000000000, 382.27 W, 58 %, 31668 MiB
2026/10/01 03:30:25.629, 2850 MHz, 13801 MHz, 0x0000000000000000, 404.69 W, 54 %, 31668 MiB
2026/10/01 03:30:26.139, 2842 MHz, 13801 MHz, 0x0000000000000004, 390.09 W, 95 %, 31668 MiB
2026/10/01 03:30:26.652, 2857 MHz, 13801 MHz, 0x0000000000000000, 391.15 W, 74 %, 31668 MiB
2026/10/01 03:30:27.161, 2827 MHz, 13801 MHz, 0x0000000000000000, 421.64 W, 53 %, 31668 MiB
2026/10/01 03:30:27.674, 2835 MHz, 13801 MHz, 0x0000000000000004, 421.57 W, 99 %, 31668 MiB
2026/10/01 03:30:28.187, 2850 MHz, 13801 MHz, 0x0000000000000000, 406.02 W, 52 %, 31668 MiB
2026/10/01 03:30:28.699, 2842 MHz, 13801 MHz, 0x0000000000000004, 406.01 W, 91 %, 31668 MiB
2026/10/01 03:30:29.215, 2842 MHz, 13801 MHz, 0x0000000000000000, 412.92 W, 52 %, 31668 MiB
2026/10/01 03:30:29.720, 2805 MHz, 13801 MHz, 0x0000000000000004, 446.52 W, 99 %, 31668 MiB
2026/10/01 03:30:30.229, 2850 MHz, 13801 MHz, 0x0000000000000000, 452.44 W, 73 %, 31668 MiB
2026/10/01 03:30:30.740, 2842 MHz, 13801 MHz, 0x0000000000000000, 421.30 W, 44 %, 31668 MiB
2026/10/01 03:30:31.250, 2857 MHz, 13801 MHz, 0x0000000000000004, 415.86 W, 77 %, 31668 MiB
2026/10/01 03:30:31.763, 2842 MHz, 13801 MHz, 0x0000000000000004, 393.29 W, 85 %, 31668 MiB
2026/10/01 03:30:32.267, 2797 MHz, 13801 MHz, 0x0000000000000004, 409.54 W, 99 %, 31668 MiB
2026/10/01 03:30:32.777, 2842 MHz, 13801 MHz, 0x0000000000000000, 423.88 W, 47 %, 31671 MiB
2026/10/01 03:30:33.286, 2850 MHz, 13801 MHz, 0x0000000000000000, 422.88 W, 38 %, 31671 MiB
2026/10/01 03:30:33.795, 2872 MHz, 13801 MHz, 0x0000000000000000, 382.44 W, 31 %, 31668 MiB
2026/10/01 03:30:34.307, 2865 MHz, 13801 MHz, 0x0000000000000004, 345.43 W, 64 %, 31671 MiB
2026/10/01 03:30:34.815, 2827 MHz, 13801 MHz, 0x0000000000000004, 354.68 W, 98 %, 31668 MiB
2026/10/01 03:30:35.324, 2850 MHz, 13801 MHz, 0x0000000000000004, 372.00 W, 79 %, 31668 MiB
2026/10/01 03:30:35.836, 2835 MHz, 13801 MHz, 0x0000000000000004, 402.03 W, 86 %, 31668 MiB
2026/10/01 03:30:36.345, 2857 MHz, 13801 MHz, 0x0000000000000000, 396.17 W, 41 %, 31668 MiB
2026/10/01 03:30:36.859, 2850 MHz, 13801 MHz, 0x0000000000000000, 372.94 W, 50 %, 31668 MiB
2026/10/01 03:30:37.369, 2850 MHz, 13801 MHz, 0x0000000000000000, 368.90 W, 53 %, 31668 MiB
2026/10/01 03:30:37.880, 2835 MHz, 13801 MHz, 0x0000000000000004, 383.38 W, 77 %, 31668 MiB
2026/10/01 03:30:38.391, 2857 MHz, 13801 MHz, 0x0000000000000000, 400.19 W, 51 %, 31668 MiB
2026/10/01 03:30:38.905, 2842 MHz, 13801 MHz, 0x0000000000000000, 388.94 W, 41 %, 31668 MiB
2026/10/01 03:30:39.407, 2925 MHz, 13801 MHz, 0x0000000000000000, 285.79 W, 0 %, 31668 MiB
2026/10/01 03:30:39.921, 2925 MHz, 13801 MHz, 0x0000000000000000, 159.25 W, 0 %, 31668 MiB
2026/10/01 03:30:40.436, 2925 MHz, 13801 MHz, 0x0000000000000000, 100.44 W, 0 %, 31668 MiB
2026/10/01 03:30:40.950, 1537 MHz, 7001 MHz, 0x0000000000000000, 94.82 W, 0 %, 31668 MiB
2026/10/01 03:30:41.466, 555 MHz, 7001 MHz, 0x0000000000000000, 66.85 W, 0 %, 31668 MiB
2026/10/01 03:30:41.981, 495 MHz, 7001 MHz, 0x0000000000000000, 44.30 W, 0 %, 31668 MiB
2026/10/01 03:30:42.493, 495 MHz, 7001 MHz, 0x0000000000000000, 44.30 W, 0 %, 31668 MiB
2026/10/01 03:30:43.007, 307 MHz, 7001 MHz, 0x0000000000000000, 37.36 W, 0 %, 31668 MiB
2026/10/01 03:30:43.508, 307 MHz, 7001 MHz, 0x0000000000000000, 37.36 W, 0 %, 31668 MiB
2026/10/01 03:30:44.022, 195 MHz, 7001 MHz, 0x0000000000000000, 37.21 W, 0 %, 31668 MiB
2026/10/01 03:30:44.524, 195 MHz, 7001 MHz, 0x0000000000000000, 37.21 W, 0 %, 31668 MiB
2026/10/01 03:30:45.035, 180 MHz, 7001 MHz, 0x0000000000000000, 36.93 W, 0 %, 31668 MiB
2026/10/01 03:30:45.546, 180 MHz, 7001 MHz, 0x0000000000000000, 36.93 W, 0 %, 31668 MiB
2026/10/01 03:30:46.058, 180 MHz, 7001 MHz, 0x0000000000000000, 36.87 W, 0 %, 31668 MiB
2026/10/01 03:30:46.572, 180 MHz, 7001 MHz, 0x0000000000000000, 36.87 W, 0 %, 31668 MiB
2026/10/01 03:30:47.084, 180 MHz, 810 MHz, 0x0000000000000000, 29.57 W, 0 %, 31668 MiB
2026/10/01 03:30:47.597, 180 MHz, 810 MHz, 0x0000000000000000, 13.79 W, 0 %, 31668 MiB
2026/10/01 03:30:48.110, 180 MHz, 810 MHz, 0x0000000000000000, 13.79 W, 0 %, 31668 MiB
2026/10/01 03:30:48.613, 180 MHz, 405 MHz, 0x0000000000000000, 13.11 W, 0 %, 31668 MiB
2026/10/01 03:30:49.115, 180 MHz, 405 MHz, 0x0000000000000000, 13.11 W, 0 %, 31668 MiB
2026/10/01 03:30:49.618, 180 MHz, 405 MHz, 0x0000000000000000, 13.00 W, 0 %, 31668 MiB
2026/10/01 03:30:50.120, 180 MHz, 405 MHz, 0x0000000000000000, 13.00 W, 0 %, 31668 MiB
2026/10/01 03:30:50.636, 180 MHz, 405 MHz, 0x0000000000000000, 13.03 W, 0 %, 31668 MiB
2026/10/01 03:30:51.149, 180 MHz, 405 MHz, 0x0000000000000000, 13.03 W, 0 %, 31668 MiB
2026/10/01 03:30:51.661, 180 MHz, 405 MHz, 0x0000000000000000, 12.64 W, 0 %, 31668 MiB
2026/10/01 03:30:52.164, 180 MHz, 405 MHz, 0x0000000000000000, 12.64 W, 0 %, 31668 MiB
2026/10/01 03:30:52.679, 180 MHz, 405 MHz, 0x0000000000000000, 12.54 W, 0 %, 31668 MiB
2026/10/01 03:30:53.180, 180 MHz, 405 MHz, 0x0000000000000000, 12.54 W, 0 %, 31668 MiB
2026/10/01 03:30:53.681, 180 MHz, 405 MHz, 0x0000000000000000, 12.82 W, 0 %, 31668 MiB
2026/10/01 03:30:54.193, 180 MHz, 405 MHz, 0x0000000000000000, 12.82 W, 0 %, 31668 MiB
2026/10/01 03:30:54.705, 180 MHz, 405 MHz, 0x0000000000000000, 12.33 W, 0 %, 31671 MiB
2026/10/01 03:30:55.207, 2925 MHz, 13801 MHz, 0x0000000000000000, 28.15 W, 100 %, 31676 MiB
2026/10/01 03:30:55.720, 2910 MHz, 13801 MHz, 0x0000000000000000, 193.58 W, 95 %, 31668 MiB
2026/10/01 03:30:56.220, 2910 MHz, 13801 MHz, 0x0000000000000000, 342.69 W, 94 %, 31668 MiB
2026/10/01 03:30:56.736, 2910 MHz, 13801 MHz, 0x0000000000000000, 364.39 W, 95 %, 31668 MiB
2026/10/01 03:30:57.236, 2910 MHz, 13801 MHz, 0x0000000000000000, 365.32 W, 95 %, 31668 MiB
2026/10/01 03:30:57.749, 2910 MHz, 13801 MHz, 0x0000000000000000, 371.20 W, 95 %, 31668 MiB
2026/10/01 03:30:58.264, 2910 MHz, 13801 MHz, 0x0000000000000000, 361.43 W, 95 %, 31668 MiB
2026/10/01 03:30:58.776, 2910 MHz, 13801 MHz, 0x0000000000000000, 361.82 W, 94 %, 31668 MiB
2026/10/01 03:30:59.276, 2910 MHz, 13801 MHz, 0x0000000000000000, 367.34 W, 96 %, 31668 MiB
2026/10/01 03:30:59.791, 2910 MHz, 13801 MHz, 0x0000000000000000, 368.52 W, 95 %, 31668 MiB
2026/10/01 03:31:00.305, 2910 MHz, 13801 MHz, 0x0000000000000000, 372.46 W, 94 %, 31668 MiB
2026/10/01 03:31:00.819, 2910 MHz, 13801 MHz, 0x0000000000000000, 365.07 W, 95 %, 31668 MiB
2026/10/01 03:31:01.332, 2910 MHz, 13801 MHz, 0x0000000000000000, 365.02 W, 95 %, 31668 MiB
2026/10/01 03:31:01.845, 2910 MHz, 13801 MHz, 0x0000000000000000, 367.02 W, 74 %, 31668 MiB
2026/10/01 03:31:02.358, 2910 MHz, 13801 MHz, 0x0000000000000000, 367.33 W, 95 %, 31668 MiB
2026/10/01 03:31:02.861, 2910 MHz, 13801 MHz, 0x0000000000000000, 367.37 W, 95 %, 31668 MiB
2026/10/01 03:31:03.366, 2910 MHz, 13801 MHz, 0x0000000000000000, 363.85 W, 95 %, 31668 MiB
2026/10/01 03:31:03.867, 2910 MHz, 13801 MHz, 0x0000000000000000, 364.63 W, 95 %, 31668 MiB
2026/10/01 03:31:04.369, 2910 MHz, 13801 MHz, 0x0000000000000000, 369.45 W, 76 %, 31668 MiB
2026/10/01 03:31:04.882, 2910 MHz, 13801 MHz, 0x0000000000000000, 363.27 W, 95 %, 31668 MiB
2026/10/01 03:31:05.395, 2910 MHz, 13801 MHz, 0x0000000000000000, 364.28 W, 93 %, 31668 MiB
2026/10/01 03:31:05.909, 2925 MHz, 13801 MHz, 0x0000000000000000, 317.35 W, 0 %, 31668 MiB
2026/10/01 03:31:06.424, 2925 MHz, 13801 MHz, 0x0000000000000000, 173.83 W, 0 %, 31668 MiB
2026/10/01 03:31:17.165, 180 MHz, 405 MHz, 0x0000000000000000, 14.63 W, 0 %, 31668 MiB
2026/10/01 03:31:17.677, 2925 MHz, 13801 MHz, 0x0000000000000000, 67.67 W, 95 %, 31668 MiB
2026/10/01 03:31:18.180, 2910 MHz, 13801 MHz, 0x0000000000000000, 226.07 W, 92 %, 31668 MiB
2026/10/01 03:31:18.695, 2910 MHz, 13801 MHz, 0x0000000000000000, 360.46 W, 94 %, 31668 MiB
2026/10/01 03:31:19.197, 2910 MHz, 13801 MHz, 0x0000000000000000, 355.37 W, 94 %, 31668 MiB
2026/10/01 03:31:19.697, 2910 MHz, 13801 MHz, 0x0000000000000000, 355.58 W, 95 %, 31668 MiB
2026/10/01 03:31:20.209, 2910 MHz, 13801 MHz, 0x0000000000000000, 364.30 W, 84 %, 31668 MiB
2026/10/01 03:31:20.710, 2910 MHz, 13801 MHz, 0x0000000000000000, 362.20 W, 94 %, 31668 MiB
2026/10/01 03:31:21.225, 2910 MHz, 13801 MHz, 0x0000000000000000, 363.43 W, 93 %, 31668 MiB
2026/10/01 03:31:21.739, 2910 MHz, 13801 MHz, 0x0000000000000000, 360.48 W, 95 %, 31668 MiB
2026/10/01 03:31:22.240, 2910 MHz, 13801 MHz, 0x0000000000000000, 361.55 W, 95 %, 31668 MiB
2026/10/01 03:31:22.755, 2910 MHz, 13801 MHz, 0x0000000000000000, 369.74 W, 95 %, 31668 MiB
2026/10/01 03:31:23.258, 2910 MHz, 13801 MHz, 0x0000000000000000, 364.78 W, 95 %, 31668 MiB
2026/10/01 03:31:23.759, 2910 MHz, 13801 MHz, 0x0000000000000000, 366.08 W, 96 %, 31668 MiB
2026/10/01 03:31:24.272, 2910 MHz, 13801 MHz, 0x0000000000000000, 363.94 W, 95 %, 31668 MiB
2026/10/01 03:31:24.786, 2910 MHz, 13801 MHz, 0x0000000000000000, 363.75 W, 95 %, 31668 MiB
2026/10/01 03:31:25.286, 2910 MHz, 13801 MHz, 0x0000000000000000, 370.88 W, 96 %, 31668 MiB
2026/10/01 03:31:25.798, 2910 MHz, 13801 MHz, 0x0000000000000000, 361.63 W, 96 %, 31668 MiB
2026/10/01 03:31:26.300, 2910 MHz, 13801 MHz, 0x0000000000000000, 361.89 W, 95 %, 31668 MiB
2026/10/01 03:31:26.814, 2910 MHz, 13801 MHz, 0x0000000000000000, 365.28 W, 67 %, 31668 MiB
2026/10/01 03:31:27.328, 2910 MHz, 13801 MHz, 0x0000000000000000, 364.52 W, 95 %, 31668 MiB
2026/10/01 03:31:27.843, 2910 MHz, 13801 MHz, 0x0000000000000000, 364.81 W, 95 %, 31668 MiB
2026/10/01 03:31:28.355, 2925 MHz, 13801 MHz, 0x0000000000000000, 298.10 W, 0 %, 31668 MiB
2026/10/01 03:31:28.867, 2925 MHz, 13801 MHz, 0x0000000000000000, 152.34 W, 0 %, 31668 MiB
2026/10/01 03:31:29.379, 2925 MHz, 13801 MHz, 0x0000000000000000, 94.47 W, 0 %, 31668 MiB
2026/10/01 03:31:29.889, 2925 MHz, 13801 MHz, 0x0000000000000000, 94.03 W, 0 %, 31668 MiB
2026/10/01 03:31:30.402, 517 MHz, 7001 MHz, 0x0000000000000000, 75.18 W, 0 %, 31668 MiB
2026/10/01 03:31:30.914, 420 MHz, 7001 MHz, 0x0000000000000000, 44.46 W, 0 %, 31668 MiB
2026/10/01 03:31:31.426, 375 MHz, 7001 MHz, 0x0000000000000000, 36.07 W, 0 %, 31668 MiB
2026/10/01 03:31:31.938, 262 MHz, 7001 MHz, 0x0000000000000000, 36.07 W, 0 %, 31668 MiB
2026/10/01 03:31:32.447, 210 MHz, 7001 MHz, 0x0000000000000000, 35.96 W, 0 %, 31668 MiB
2026/10/01 03:31:32.947, 210 MHz, 7001 MHz, 0x0000000000000000, 35.90 W, 0 %, 31668 MiB
2026/10/01 03:31:33.451, 210 MHz, 7001 MHz, 0x0000000000000000, 35.90 W, 0 %, 31668 MiB
2026/10/01 03:31:33.965, 180 MHz, 810 MHz, 0x0000000000000000, 19.59 W, 0 %, 31668 MiB
2026/10/01 03:31:34.480, 180 MHz, 810 MHz, 0x0000000000000000, 19.59 W, 0 %, 31668 MiB
2026/10/01 03:31:34.991, 180 MHz, 405 MHz, 0x0000000000000000, 11.83 W, 0 %, 31668 MiB
2026/10/01 03:31:35.503, 180 MHz, 405 MHz, 0x0000000000000000, 11.83 W, 0 %, 31668 MiB
2026/10/01 03:31:36.012, 180 MHz, 405 MHz, 0x0000000000000000, 11.70 W, 0 %, 31668 MiB
2026/10/01 03:31:36.527, 180 MHz, 405 MHz, 0x0000000000000000, 11.70 W, 0 %, 31668 MiB
2026/10/01 03:31:37.042, 180 MHz, 405 MHz, 0x0000000000000000, 11.64 W, 0 %, 31673 MiB
2026/10/01 03:31:37.542, 195 MHz, 405 MHz, 0x0000000000000000, 12.04 W, 0 %, 31673 MiB
2026/10/01 03:31:38.057, 180 MHz, 405 MHz, 0x0000000000000000, 13.23 W, 0 %, 31668 MiB
2026/10/01 03:31:38.571, 180 MHz, 405 MHz, 0x0000000000000000, 14.49 W, 0 %, 31671 MiB
2026/10/01 03:31:39.085, 187 MHz, 405 MHz, 0x0000000000000000, 14.34 W, 0 %, 31671 MiB
2026/10/01 03:31:39.601, 180 MHz, 405 MHz, 0x0000000000000000, 14.09 W, 0 %, 31668 MiB
2026/10/01 03:31:40.116, 180 MHz, 405 MHz, 0x0000000000000000, 13.96 W, 0 %, 31668 MiB
2026/10/01 03:31:40.616, 180 MHz, 405 MHz, 0x0000000000000000, 14.02 W, 0 %, 31668 MiB
2026/10/01 03:31:41.127, 2917 MHz, 13801 MHz, 0x0000000000000000, 51.24 W, 100 %, 31668 MiB
2026/10/01 03:31:41.638, 2865 MHz, 13801 MHz, 0x0000000000000000, 165.85 W, 37 %, 31668 MiB
2026/10/01 03:31:42.151, 2865 MHz, 13801 MHz, 0x0000000000000000, 303.84 W, 42 %, 31668 MiB
2026/10/01 03:31:42.665, 2872 MHz, 13801 MHz, 0x0000000000000000, 318.28 W, 36 %, 31668 MiB
2026/10/01 03:31:43.179, 2865 MHz, 13801 MHz, 0x0000000000000000, 325.59 W, 39 %, 31668 MiB
2026/10/01 03:31:43.692, 2865 MHz, 13801 MHz, 0x0000000000000000, 334.89 W, 44 %, 31668 MiB
2026/10/01 03:31:44.204, 2865 MHz, 13801 MHz, 0x0000000000000000, 328.93 W, 44 %, 31668 MiB
2026/10/01 03:31:44.705, 2857 MHz, 13801 MHz, 0x0000000000000000, 335.70 W, 50 %, 31668 MiB
2026/10/01 03:31:45.208, 2865 MHz, 13801 MHz, 0x0000000000000000, 342.80 W, 43 %, 31668 MiB
2026/10/01 03:31:45.719, 2865 MHz, 13801 MHz, 0x0000000000000000, 342.08 W, 44 %, 31668 MiB
2026/10/01 03:31:46.233, 2865 MHz, 13801 MHz, 0x0000000000000000, 344.46 W, 42 %, 31668 MiB
2026/10/01 03:31:46.747, 2865 MHz, 13801 MHz, 0x0000000000000000, 343.61 W, 43 %, 31668 MiB
2026/10/01 03:31:47.259, 2865 MHz, 13801 MHz, 0x0000000000000000, 349.18 W, 52 %, 31668 MiB
2026/10/01 03:31:47.771, 2865 MHz, 13801 MHz, 0x0000000000000000, 355.51 W, 51 %, 31668 MiB
2026/10/01 03:31:48.286, 2865 MHz, 13801 MHz, 0x0000000000000000, 356.55 W, 49 %, 31668 MiB
2026/10/01 03:31:48.787, 2865 MHz, 13801 MHz, 0x0000000000000000, 356.80 W, 52 %, 31668 MiB
2026/10/01 03:31:49.300, 2865 MHz, 13801 MHz, 0x0000000000000000, 360.69 W, 56 %, 31668 MiB
2026/10/01 03:31:49.814, 2857 MHz, 13801 MHz, 0x0000000000000000, 378.84 W, 58 %, 31668 MiB
2026/10/01 03:31:50.328, 2857 MHz, 13801 MHz, 0x0000000000000000, 391.22 W, 58 %, 31668 MiB
2026/10/01 03:31:50.841, 2865 MHz, 13801 MHz, 0x0000000000000000, 386.13 W, 58 %, 31668 MiB
2026/10/01 03:31:51.354, 2865 MHz, 13801 MHz, 0x0000000000000000, 379.98 W, 59 %, 31668 MiB
2026/10/01 03:31:51.864, 2857 MHz, 13801 MHz, 0x0000000000000000, 387.55 W, 55 %, 31668 MiB
2026/10/01 03:31:52.379, 2865 MHz, 13801 MHz, 0x0000000000000000, 386.29 W, 48 %, 31668 MiB
2026/10/01 03:31:52.891, 2857 MHz, 13801 MHz, 0x0000000000000000, 389.85 W, 56 %, 31668 MiB
2026/10/01 03:31:53.406, 2857 MHz, 13801 MHz, 0x0000000000000000, 403.30 W, 57 %, 31668 MiB
2026/10/01 03:31:53.918, 2865 MHz, 13801 MHz, 0x0000000000000000, 392.23 W, 57 %, 31668 MiB
2026/10/01 03:31:54.433, 2865 MHz, 13801 MHz, 0x0000000000000000, 373.09 W, 45 %, 31668 MiB
2026/10/01 03:31:54.944, 2865 MHz, 13801 MHz, 0x0000000000000000, 364.68 W, 56 %, 31668 MiB
2026/10/01 03:31:55.456, 2865 MHz, 13801 MHz, 0x0000000000000000, 370.83 W, 48 %, 31668 MiB
2026/10/01 03:31:55.969, 2865 MHz, 13801 MHz, 0x0000000000000000, 384.58 W, 61 %, 31668 MiB
2026/10/01 03:31:56.479, 2865 MHz, 13801 MHz, 0x0000000000000000, 383.36 W, 58 %, 31668 MiB
2026/10/01 03:31:56.990, 2865 MHz, 13801 MHz, 0x0000000000000000, 393.85 W, 55 %, 31668 MiB
2026/10/01 03:31:57.506, 2865 MHz, 13801 MHz, 0x0000000000000000, 387.01 W, 43 %, 31668 MiB
2026/10/01 03:31:58.021, 2865 MHz, 13801 MHz, 0x0000000000000000, 371.42 W, 54 %, 31671 MiB
2026/10/01 03:31:58.533, 2872 MHz, 13801 MHz, 0x0000000000000000, 353.80 W, 45 %, 31671 MiB
2026/10/01 03:31:59.045, 2857 MHz, 13801 MHz, 0x0000000000000000, 376.97 W, 65 %, 31668 MiB
2026/10/01 03:31:59.553, 2865 MHz, 13801 MHz, 0x0000000000000000, 392.33 W, 55 %, 31668 MiB
2026/10/01 03:32:00.063, 2782 MHz, 13801 MHz, 0x0000000000000004, 410.59 W, 99 %, 31668 MiB
2026/10/01 03:32:00.571, 2782 MHz, 13801 MHz, 0x0000000000000004, 452.42 W, 99 %, 31671 MiB
2026/10/01 03:32:01.077, 2782 MHz, 13801 MHz, 0x0000000000000004, 483.01 W, 99 %, 31668 MiB
2026/10/01 03:32:01.586, 2790 MHz, 13801 MHz, 0x0000000000000004, 483.24 W, 98 %, 31668 MiB
2026/10/01 03:32:02.095, 2782 MHz, 13801 MHz, 0x0000000000000004, 483.71 W, 99 %, 31668 MiB
2026/10/01 03:32:02.608, 2782 MHz, 13801 MHz, 0x0000000000000004, 483.93 W, 99 %, 31668 MiB
2026/10/01 03:32:03.118, 2782 MHz, 13801 MHz, 0x0000000000000004, 484.02 W, 99 %, 31668 MiB
2026/10/01 03:32:03.626, 2782 MHz, 13801 MHz, 0x0000000000000004, 484.31 W, 99 %, 31668 MiB
2026/10/01 03:32:04.136, 2782 MHz, 13801 MHz, 0x0000000000000004, 484.48 W, 99 %, 31668 MiB
2026/10/01 03:32:04.644, 2782 MHz, 13801 MHz, 0x0000000000000004, 484.63 W, 99 %, 31668 MiB
2026/10/01 03:32:05.153, 2782 MHz, 13801 MHz, 0x0000000000000004, 485.42 W, 99 %, 31668 MiB
2026/10/01 03:32:05.662, 2782 MHz, 13801 MHz, 0x0000000000000004, 485.15 W, 99 %, 31668 MiB
2026/10/01 03:32:06.169, 2790 MHz, 13801 MHz, 0x0000000000000004, 485.01 W, 98 %, 31668 MiB
2026/10/01 03:32:06.678, 2790 MHz, 13801 MHz, 0x0000000000000004, 485.21 W, 99 %, 31668 MiB
2026/10/01 03:32:07.185, 2797 MHz, 13801 MHz, 0x0000000000000004, 484.02 W, 98 %, 31668 MiB
2026/10/01 03:32:07.690, 2812 MHz, 13801 MHz, 0x0000000000000004, 481.07 W, 98 %, 31668 MiB
2026/10/01 03:32:08.195, 2812 MHz, 13801 MHz, 0x0000000000000004, 475.29 W, 98 %, 31668 MiB
2026/10/01 03:32:08.703, 2902 MHz, 13801 MHz, 0x0000000000000000, 467.81 W, 97 %, 31668 MiB
2026/10/01 03:32:09.210, 2910 MHz, 13801 MHz, 0x0000000000000000, 436.13 W, 96 %, 31668 MiB
2026/10/01 03:32:09.715, 2872 MHz, 13801 MHz, 0x0000000000000000, 348.04 W, 36 %, 31668 MiB
2026/10/01 03:32:10.225, 2850 MHz, 13801 MHz, 0x0000000000000000, 316.16 W, 49 %, 31668 MiB
2026/10/01 03:32:10.740, 2850 MHz, 13801 MHz, 0x0000000000000000, 346.76 W, 52 %, 31668 MiB
2026/10/01 03:32:11.255, 2850 MHz, 13801 MHz, 0x0000000000000000, 363.86 W, 47 %, 31668 MiB
2026/10/01 03:32:11.770, 2850 MHz, 13801 MHz, 0x0000000000000000, 362.16 W, 51 %, 31668 MiB
2026/10/01 03:32:12.285, 2850 MHz, 13801 MHz, 0x0000000000000000, 361.74 W, 49 %, 31668 MiB
2026/10/01 03:32:12.798, 2850 MHz, 13801 MHz, 0x0000000000000000, 363.23 W, 48 %, 31668 MiB
2026/10/01 03:32:13.309, 2850 MHz, 13801 MHz, 0x0000000000000000, 367.06 W, 49 %, 31668 MiB
2026/10/01 03:32:13.822, 2850 MHz, 13801 MHz, 0x0000000000000000, 366.60 W, 46 %, 31668 MiB
2026/10/01 03:32:14.323, 2850 MHz, 13801 MHz, 0x0000000000000000, 369.38 W, 51 %, 31668 MiB
2026/10/01 03:32:14.836, 2850 MHz, 13801 MHz, 0x0000000000000000, 372.98 W, 48 %, 31668 MiB
2026/10/01 03:32:15.349, 2850 MHz, 13801 MHz, 0x0000000000000000, 374.41 W, 52 %, 31668 MiB
2026/10/01 03:32:15.859, 2850 MHz, 13801 MHz, 0x0000000000000000, 374.20 W, 51 %, 31668 MiB
2026/10/01 03:32:16.373, 2850 MHz, 13801 MHz, 0x0000000000000000, 369.11 W, 50 %, 31668 MiB
2026/10/01 03:32:16.881, 2850 MHz, 13801 MHz, 0x0000000000000000, 368.11 W, 53 %, 31668 MiB
2026/10/01 03:32:17.394, 2850 MHz, 13801 MHz, 0x0000000000000000, 374.83 W, 51 %, 31668 MiB
2026/10/01 03:32:17.905, 2857 MHz, 13801 MHz, 0x0000000000000000, 377.61 W, 52 %, 31668 MiB
2026/10/01 03:32:18.416, 2850 MHz, 13801 MHz, 0x0000000000000000, 380.61 W, 53 %, 31668 MiB
2026/10/01 03:32:18.932, 2857 MHz, 13801 MHz, 0x0000000000000000, 360.83 W, 42 %, 31668 MiB
2026/10/01 03:32:19.443, 2857 MHz, 13801 MHz, 0x0000000000000000, 340.93 W, 45 %, 31673 MiB
2026/10/01 03:32:19.953, 2857 MHz, 13801 MHz, 0x0000000000000000, 337.52 W, 54 %, 31673 MiB
2026/10/01 03:32:20.465, 2857 MHz, 13801 MHz, 0x0000000000000000, 351.22 W, 47 %, 31668 MiB
2026/10/01 03:32:20.975, 2865 MHz, 13801 MHz, 0x0000000000000000, 346.28 W, 41 %, 31668 MiB
2026/10/01 03:32:21.475, 2865 MHz, 13801 MHz, 0x0000000000000000, 327.35 W, 45 %, 31668 MiB
2026/10/01 03:32:21.988, 2857 MHz, 13801 MHz, 0x0000000000000000, 346.29 W, 54 %, 31668 MiB
2026/10/01 03:32:22.499, 2850 MHz, 13801 MHz, 0x0000000000000000, 371.28 W, 53 %, 31671 MiB
2026/10/01 03:32:23.012, 2865 MHz, 13801 MHz, 0x0000000000000000, 371.09 W, 46 %, 31671 MiB
2026/10/01 03:32:23.522, 2857 MHz, 13801 MHz, 0x0000000000000000, 360.76 W, 52 %, 31668 MiB
2026/10/01 03:32:24.036, 2865 MHz, 13801 MHz, 0x0000000000000000, 347.22 W, 42 %, 31668 MiB
2026/10/01 03:32:24.548, 2857 MHz, 13801 MHz, 0x0000000000000000, 346.61 W, 46 %, 31668 MiB
2026/10/01 03:32:25.058, 2857 MHz, 13801 MHz, 0x0000000000000000, 361.43 W, 51 %, 31671 MiB
2026/10/01 03:32:25.572, 2865 MHz, 13801 MHz, 0x0000000000000000, 356.75 W, 43 %, 31671 MiB
2026/10/01 03:32:26.082, 2872 MHz, 13801 MHz, 0x0000000000000000, 318.05 W, 35 %, 31668 MiB
2026/10/01 03:32:26.593, 2857 MHz, 13801 MHz, 0x0000000000000000, 308.09 W, 54 %, 31668 MiB
2026/10/01 03:32:27.107, 2850 MHz, 13801 MHz, 0x0000000000000000, 391.13 W, 54 %, 31668 MiB
2026/10/01 03:32:27.619, 2857 MHz, 13801 MHz, 0x0000000000000000, 392.26 W, 54 %, 31668 MiB
2026/10/01 03:32:28.130, 2805 MHz, 13801 MHz, 0x0000000000000004, 410.48 W, 99 %, 31671 MiB
2026/10/01 03:32:28.638, 2790 MHz, 13801 MHz, 0x0000000000000004, 462.81 W, 99 %, 31671 MiB
2026/10/01 03:32:29.151, 2790 MHz, 13801 MHz, 0x0000000000000004, 491.50 W, 99 %, 31668 MiB
2026/10/01 03:32:29.660, 2790 MHz, 13801 MHz, 0x0000000000000004, 491.79 W, 99 %, 31668 MiB
2026/10/01 03:32:30.170, 2782 MHz, 13801 MHz, 0x0000000000000004, 492.23 W, 99 %, 31668 MiB
2026/10/01 03:32:30.677, 2790 MHz, 13801 MHz, 0x0000000000000004, 492.34 W, 99 %, 31668 MiB
2026/10/01 03:32:31.188, 2782 MHz, 13801 MHz, 0x0000000000000004, 492.11 W, 99 %, 31671 MiB
2026/10/01 03:32:31.700, 2782 MHz, 13801 MHz, 0x0000000000000004, 492.05 W, 99 %, 31671 MiB
2026/10/01 03:32:32.211, 2827 MHz, 13801 MHz, 0x0000000000000000, 480.79 W, 58 %, 31668 MiB
2026/10/01 03:32:32.724, 2790 MHz, 13801 MHz, 0x0000000000000004, 472.73 W, 99 %, 31668 MiB
2026/10/01 03:32:33.234, 2790 MHz, 13801 MHz, 0x0000000000000004, 475.54 W, 99 %, 31671 MiB
2026/10/01 03:32:33.742, 2865 MHz, 13801 MHz, 0x0000000000000004, 434.51 W, 51 %, 31671 MiB
2026/10/01 03:32:34.250, 2842 MHz, 13801 MHz, 0x0000000000000000, 373.62 W, 62 %, 31668 MiB
2026/10/01 03:32:34.760, 2842 MHz, 13801 MHz, 0x0000000000000000, 380.31 W, 75 %, 31668 MiB
2026/10/01 03:32:35.270, 2857 MHz, 13801 MHz, 0x0000000000000004, 385.16 W, 51 %, 31668 MiB
2026/10/01 03:32:35.777, 2842 MHz, 13801 MHz, 0x0000000000000000, 416.94 W, 75 %, 31668 MiB
2026/10/01 03:32:36.284, 2857 MHz, 13801 MHz, 0x0000000000000000, 404.85 W, 47 %, 31668 MiB
2026/10/01 03:32:36.795, 2857 MHz, 13801 MHz, 0x0000000000000000, 371.29 W, 53 %, 31668 MiB
2026/10/01 03:32:37.304, 2850 MHz, 13801 MHz, 0x0000000000000000, 371.51 W, 51 %, 31668 MiB
2026/10/01 03:32:37.811, 2857 MHz, 13801 MHz, 0x0000000000000000, 372.28 W, 52 %, 31668 MiB
2026/10/01 03:32:38.320, 2850 MHz, 13801 MHz, 0x0000000000000000, 365.00 W, 54 %, 31668 MiB
2026/10/01 03:32:38.832, 2857 MHz, 13801 MHz, 0x0000000000000000, 369.64 W, 50 %, 31668 MiB
2026/10/01 03:32:39.345, 2857 MHz, 13801 MHz, 0x0000000000000000, 378.44 W, 54 %, 31668 MiB
2026/10/01 03:32:39.854, 2865 MHz, 13801 MHz, 0x0000000000000000, 361.07 W, 44 %, 31668 MiB
2026/10/01 03:32:40.366, 2850 MHz, 13801 MHz, 0x0000000000000000, 356.39 W, 82 %, 31668 MiB
2026/10/01 03:32:40.876, 2872 MHz, 13801 MHz, 0x0000000000000000, 354.94 W, 37 %, 31671 MiB
2026/10/01 03:32:41.385, 2857 MHz, 13801 MHz, 0x0000000000000000, 358.23 W, 51 %, 31671 MiB
2026/10/01 03:32:41.897, 2857 MHz, 13801 MHz, 0x0000000000000000, 370.04 W, 54 %, 31668 MiB
2026/10/01 03:32:42.398, 2850 MHz, 13801 MHz, 0x0000000000000000, 383.57 W, 54 %, 31668 MiB
2026/10/01 03:32:42.899, 2872 MHz, 13801 MHz, 0x0000000000000000, 368.76 W, 41 %, 31668 MiB
2026/10/01 03:32:43.401, 2850 MHz, 13801 MHz, 0x0000000000000000, 360.45 W, 58 %, 31668 MiB
2026/10/01 03:32:43.914, 2857 MHz, 13801 MHz, 0x0000000000000000, 372.00 W, 53 %, 31668 MiB
2026/10/01 03:32:44.428, 2850 MHz, 13801 MHz, 0x0000000000000000, 385.21 W, 55 %, 31668 MiB
2026/10/01 03:32:44.936, 2857 MHz, 13801 MHz, 0x0000000000000000, 384.46 W, 49 %, 31668 MiB
2026/10/01 03:32:45.452, 2850 MHz, 13801 MHz, 0x0000000000000000, 382.64 W, 53 %, 31668 MiB
2026/10/01 03:32:45.959, 2850 MHz, 13801 MHz, 0x0000000000000000, 385.08 W, 51 %, 31668 MiB
2026/10/01 03:32:46.474, 2850 MHz, 13801 MHz, 0x0000000000000000, 379.08 W, 54 %, 31668 MiB
2026/10/01 03:32:46.988, 2850 MHz, 13801 MHz, 0x0000000000000000, 385.19 W, 58 %, 31668 MiB
2026/10/01 03:32:47.488, 2850 MHz, 13801 MHz, 0x0000000000000000, 396.01 W, 53 %, 31668 MiB
2026/10/01 03:32:47.989, 2857 MHz, 13801 MHz, 0x0000000000000000, 368.14 W, 47 %, 31668 MiB
2026/10/01 03:32:48.497, 2857 MHz, 13801 MHz, 0x0000000000000000, 342.92 W, 52 %, 31668 MiB
2026/10/01 03:32:49.007, 2850 MHz, 13801 MHz, 0x0000000000000000, 360.19 W, 52 %, 31668 MiB
2026/10/01 03:32:49.520, 2865 MHz, 13801 MHz, 0x0000000000000000, 385.32 W, 51 %, 31668 MiB
2026/10/01 03:32:50.033, 2850 MHz, 13801 MHz, 0x0000000000000000, 384.47 W, 55 %, 31668 MiB
2026/10/01 03:32:50.545, 2857 MHz, 13801 MHz, 0x0000000000000000, 382.71 W, 53 %, 31668 MiB
2026/10/01 03:32:51.058, 2857 MHz, 13801 MHz, 0x0000000000000000, 387.31 W, 53 %, 31668 MiB
2026/10/01 03:32:51.573, 2857 MHz, 13801 MHz, 0x0000000000000000, 379.03 W, 48 %, 31668 MiB
2026/10/01 03:32:52.085, 2842 MHz, 13801 MHz, 0x0000000000000000, 387.72 W, 53 %, 31668 MiB
2026/10/01 03:32:52.598, 2857 MHz, 13801 MHz, 0x0000000000000000, 396.27 W, 55 %, 31668 MiB
2026/10/01 03:32:53.110, 2857 MHz, 13801 MHz, 0x0000000000000004, 412.88 W, 57 %, 31668 MiB
2026/10/01 03:32:53.618, 2857 MHz, 13801 MHz, 0x0000000000000000, 410.94 W, 43 %, 31668 MiB
2026/10/01 03:32:54.127, 2865 MHz, 13801 MHz, 0x0000000000000000, 376.13 W, 44 %, 31668 MiB
2026/10/01 03:32:54.640, 2835 MHz, 13801 MHz, 0x0000000000000000, 360.98 W, 51 %, 31668 MiB
2026/10/01 03:32:55.150, 2850 MHz, 13801 MHz, 0x0000000000000000, 389.37 W, 58 %, 31668 MiB
2026/10/01 03:32:55.660, 2827 MHz, 13801 MHz, 0x0000000000000000, 415.67 W, 73 %, 31671 MiB
2026/10/01 03:32:56.168, 2790 MHz, 13801 MHz, 0x0000000000000004, 441.12 W, 99 %, 31668 MiB
2026/10/01 03:32:56.678, 2790 MHz, 13801 MHz, 0x0000000000000004, 474.02 W, 99 %, 31668 MiB
2026/10/01 03:32:57.187, 2782 MHz, 13801 MHz, 0x0000000000000004, 493.80 W, 99 %, 31668 MiB
2026/10/01 03:32:57.700, 2782 MHz, 13801 MHz, 0x0000000000000004, 493.55 W, 99 %, 31668 MiB
2026/10/01 03:32:58.212, 2827 MHz, 13801 MHz, 0x0000000000000004, 479.46 W, 55 %, 31668 MiB
2026/10/01 03:32:58.724, 2835 MHz, 13801 MHz, 0x0000000000000004, 465.65 W, 85 %, 31668 MiB
2026/10/01 03:32:59.238, 2782 MHz, 13801 MHz, 0x0000000000000004, 468.58 W, 99 %, 31668 MiB
2026/10/01 03:32:59.753, 2797 MHz, 13801 MHz, 0x0000000000000004, 472.60 W, 94 %, 31668 MiB
2026/10/01 03:33:00.267, 2850 MHz, 13801 MHz, 0x0000000000000000, 429.91 W, 56 %, 31668 MiB
2026/10/01 03:33:00.780, 2842 MHz, 13801 MHz, 0x0000000000000000, 406.45 W, 63 %, 31668 MiB
2026/10/01 03:33:01.294, 2850 MHz, 13801 MHz, 0x0000000000000004, 379.36 W, 61 %, 31668 MiB
2026/10/01 03:33:01.805, 2857 MHz, 13801 MHz, 0x0000000000000000, 377.61 W, 49 %, 31673 MiB
2026/10/01 03:33:02.315, 2857 MHz, 13801 MHz, 0x0000000000000004, 386.76 W, 36 %, 31673 MiB
2026/10/01 03:33:02.825, 2850 MHz, 13801 MHz, 0x0000000000000000, 402.84 W, 59 %, 31668 MiB
2026/10/01 03:33:03.336, 2857 MHz, 13801 MHz, 0x0000000000000004, 403.78 W, 49 %, 31668 MiB
2026/10/01 03:33:03.848, 2850 MHz, 13801 MHz, 0x0000000000000000, 396.20 W, 53 %, 31668 MiB
2026/10/01 03:33:04.359, 2857 MHz, 13801 MHz, 0x0000000000000000, 393.39 W, 51 %, 31668 MiB
2026/10/01 03:33:04.867, 2835 MHz, 13801 MHz, 0x0000000000000000, 395.96 W, 65 %, 31668 MiB
2026/10/01 03:33:05.381, 2850 MHz, 13801 MHz, 0x0000000000000000, 404.86 W, 58 %, 31668 MiB
2026/10/01 03:33:05.881, 2850 MHz, 13801 MHz, 0x0000000000000000, 404.60 W, 57 %, 31668 MiB
2026/10/01 03:33:06.396, 2850 MHz, 13801 MHz, 0x0000000000000000, 382.07 W, 57 %, 31668 MiB
2026/10/01 03:33:06.909, 2850 MHz, 13801 MHz, 0x0000000000000000, 387.52 W, 60 %, 31668 MiB
2026/10/01 03:33:07.417, 2850 MHz, 13801 MHz, 0x0000000000000000, 394.60 W, 58 %, 31668 MiB
2026/10/01 03:33:07.931, 2842 MHz, 13801 MHz, 0x0000000000000000, 396.14 W, 54 %, 31668 MiB
2026/10/01 03:33:08.446, 2857 MHz, 13801 MHz, 0x0000000000000000, 397.38 W, 53 %, 31668 MiB
2026/10/01 03:33:08.958, 2850 MHz, 13801 MHz, 0x0000000000000000, 392.49 W, 56 %, 31668 MiB
2026/10/01 03:33:09.470, 2850 MHz, 13801 MHz, 0x0000000000000000, 393.55 W, 59 %, 31668 MiB
2026/10/01 03:33:09.984, 2850 MHz, 13801 MHz, 0x0000000000000000, 400.84 W, 55 %, 31668 MiB
2026/10/01 03:33:10.496, 2872 MHz, 13801 MHz, 0x0000000000000000, 396.51 W, 45 %, 31668 MiB
2026/10/01 03:33:11.008, 2850 MHz, 13801 MHz, 0x0000000000000000, 394.73 W, 58 %, 31668 MiB
2026/10/01 03:33:11.521, 2850 MHz, 13801 MHz, 0x0000000000000000, 398.22 W, 58 %, 31668 MiB
2026/10/01 03:33:12.031, 2850 MHz, 13801 MHz, 0x0000000000000000, 394.60 W, 58 %, 31668 MiB
2026/10/01 03:33:12.543, 2850 MHz, 13801 MHz, 0x0000000000000000, 394.13 W, 58 %, 31668 MiB
2026/10/01 03:33:13.051, 2850 MHz, 13801 MHz, 0x0000000000000000, 400.58 W, 53 %, 31668 MiB
2026/10/01 03:33:13.565, 2850 MHz, 13801 MHz, 0x0000000000000000, 400.67 W, 55 %, 31668 MiB
2026/10/01 03:33:14.073, 2850 MHz, 13801 MHz, 0x0000000000000000, 389.55 W, 52 %, 31668 MiB
2026/10/01 03:33:14.586, 2850 MHz, 13801 MHz, 0x0000000000000000, 387.54 W, 53 %, 31668 MiB
2026/10/01 03:33:15.101, 2857 MHz, 13801 MHz, 0x0000000000000000, 385.91 W, 48 %, 31668 MiB
2026/10/01 03:33:15.616, 2857 MHz, 13801 MHz, 0x0000000000000000, 345.95 W, 42 %, 31668 MiB
2026/10/01 03:33:16.129, 2865 MHz, 13801 MHz, 0x0000000000000004, 343.68 W, 42 %, 31668 MiB
2026/10/01 03:33:16.640, 2850 MHz, 13801 MHz, 0x0000000000000000, 371.04 W, 58 %, 31668 MiB
2026/10/01 03:33:17.153, 2865 MHz, 13801 MHz, 0x0000000000000004, 392.39 W, 53 %, 31671 MiB
2026/10/01 03:33:17.663, 2812 MHz, 13801 MHz, 0x0000000000000000, 407.08 W, 60 %, 31671 MiB
2026/10/01 03:33:18.175, 2857 MHz, 13801 MHz, 0x0000000000000000, 399.05 W, 47 %, 31668 MiB
2026/10/01 03:33:18.677, 2850 MHz, 13801 MHz, 0x0000000000000000, 386.50 W, 57 %, 31668 MiB
2026/10/01 03:33:19.187, 2850 MHz, 13801 MHz, 0x0000000000000000, 404.75 W, 56 %, 31668 MiB
2026/10/01 03:33:19.700, 2857 MHz, 13801 MHz, 0x0000000000000000, 392.03 W, 57 %, 31668 MiB
2026/10/01 03:33:20.212, 2872 MHz, 13801 MHz, 0x0000000000000004, 385.44 W, 42 %, 31668 MiB
2026/10/01 03:33:20.721, 2812 MHz, 13801 MHz, 0x0000000000000000, 424.94 W, 99 %, 31668 MiB
2026/10/01 03:33:21.236, 2850 MHz, 13801 MHz, 0x0000000000000000, 424.67 W, 59 %, 31668 MiB
2026/10/01 03:33:21.747, 2812 MHz, 13801 MHz, 0x0000000000000000, 412.54 W, 99 %, 31668 MiB
2026/10/01 03:33:22.261, 2790 MHz, 13801 MHz, 0x0000000000000000, 429.82 W, 99 %, 31668 MiB
2026/10/01 03:33:22.771, 2782 MHz, 13801 MHz, 0x0000000000000004, 441.16 W, 99 %, 31668 MiB
2026/10/01 03:33:23.280, 2790 MHz, 13801 MHz, 0x0000000000000004, 468.49 W, 99 %, 31673 MiB
2026/10/01 03:33:23.789, 2857 MHz, 13801 MHz, 0x0000000000000004, 468.63 W, 57 %, 31673 MiB
2026/10/01 03:33:24.300, 2790 MHz, 13801 MHz, 0x0000000000000004, 468.54 W, 99 %, 31668 MiB
2026/10/01 03:33:24.809, 2805 MHz, 13801 MHz, 0x0000000000000000, 479.79 W, 79 %, 31668 MiB
2026/10/01 03:33:25.319, 2820 MHz, 13801 MHz, 0x0000000000000004, 466.74 W, 99 %, 31668 MiB
2026/10/01 03:33:25.830, 2790 MHz, 13801 MHz, 0x0000000000000004, 456.09 W, 99 %, 31668 MiB
2026/10/01 03:33:26.343, 2850 MHz, 13801 MHz, 0x0000000000000000, 419.49 W, 54 %, 31668 MiB
2026/10/01 03:33:26.854, 2850 MHz, 13801 MHz, 0x0000000000000004, 395.89 W, 57 %, 31668 MiB
2026/10/01 03:33:27.367, 2842 MHz, 13801 MHz, 0x0000000000000004, 430.18 W, 79 %, 31668 MiB
2026/10/01 03:33:27.882, 2850 MHz, 13801 MHz, 0x0000000000000000, 441.39 W, 55 %, 31668 MiB
2026/10/01 03:33:28.393, 2820 MHz, 13801 MHz, 0x0000000000000000, 427.03 W, 53 %, 31668 MiB
2026/10/01 03:33:28.907, 2857 MHz, 13801 MHz, 0x0000000000000000, 411.35 W, 52 %, 31668 MiB
2026/10/01 03:33:29.421, 2842 MHz, 13801 MHz, 0x0000000000000000, 412.48 W, 76 %, 31668 MiB
2026/10/01 03:33:29.933, 2850 MHz, 13801 MHz, 0x0000000000000000, 387.44 W, 53 %, 31668 MiB
2026/10/01 03:33:30.443, 2835 MHz, 13801 MHz, 0x0000000000000000, 391.55 W, 99 %, 31668 MiB
2026/10/01 03:33:30.956, 2850 MHz, 13801 MHz, 0x0000000000000000, 402.96 W, 52 %, 31668 MiB
2026/10/01 03:33:31.466, 2850 MHz, 13801 MHz, 0x0000000000000000, 391.17 W, 58 %, 31668 MiB
2026/10/01 03:33:31.976, 2850 MHz, 13801 MHz, 0x0000000000000000, 391.60 W, 58 %, 31668 MiB
2026/10/01 03:33:32.488, 2857 MHz, 13801 MHz, 0x0000000000000000, 388.85 W, 53 %, 31668 MiB
2026/10/01 03:33:33.002, 2857 MHz, 13801 MHz, 0x0000000000000000, 388.75 W, 52 %, 31668 MiB
2026/10/01 03:33:33.514, 2850 MHz, 13801 MHz, 0x0000000000000000, 392.79 W, 57 %, 31668 MiB
2026/10/01 03:33:34.025, 2812 MHz, 13801 MHz, 0x0000000000000000, 410.46 W, 91 %, 31668 MiB
2026/10/01 03:33:34.538, 2850 MHz, 13801 MHz, 0x0000000000000000, 406.66 W, 51 %, 31668 MiB
2026/10/01 03:33:35.049, 2850 MHz, 13801 MHz, 0x0000000000000000, 386.67 W, 57 %, 31668 MiB
2026/10/01 03:33:35.562, 2850 MHz, 13801 MHz, 0x0000000000000000, 389.04 W, 53 %, 31668 MiB
2026/10/01 03:33:36.074, 2850 MHz, 13801 MHz, 0x0000000000000000, 395.68 W, 57 %, 31668 MiB
2026/10/01 03:33:36.583, 2850 MHz, 13801 MHz, 0x0000000000000000, 386.06 W, 52 %, 31668 MiB
2026/10/01 03:33:37.094, 2857 MHz, 13801 MHz, 0x0000000000000000, 374.74 W, 49 %, 31668 MiB
2026/10/01 03:33:37.609, 2857 MHz, 13801 MHz, 0x0000000000000000, 374.18 W, 44 %, 31668 MiB
2026/10/01 03:33:38.121, 2857 MHz, 13801 MHz, 0x0000000000000000, 359.03 W, 45 %, 31668 MiB
2026/10/01 03:33:38.631, 2850 MHz, 13801 MHz, 0x0000000000000004, 394.47 W, 58 %, 31668 MiB
2026/10/01 03:33:39.144, 2827 MHz, 13801 MHz, 0x0000000000000000, 422.59 W, 59 %, 31668 MiB
2026/10/01 03:33:39.656, 2842 MHz, 13801 MHz, 0x0000000000000000, 405.74 W, 81 %, 31671 MiB
2026/10/01 03:33:40.167, 2850 MHz, 13801 MHz, 0x0000000000000000, 384.78 W, 54 %, 31668 MiB
2026/10/01 03:33:40.679, 2850 MHz, 13801 MHz, 0x0000000000000000, 387.83 W, 59 %, 31668 MiB
2026/10/01 03:33:41.189, 2850 MHz, 13801 MHz, 0x0000000000000000, 392.62 W, 54 %, 31668 MiB
2026/10/01 03:33:41.697, 2850 MHz, 13801 MHz, 0x0000000000000000, 379.57 W, 53 %, 31668 MiB
2026/10/01 03:33:42.207, 2857 MHz, 13801 MHz, 0x0000000000000000, 352.59 W, 43 %, 31668 MiB
2026/10/01 03:33:42.716, 2880 MHz, 13801 MHz, 0x0000000000000000, 311.42 W, 26 %, 31668 MiB
2026/10/01 03:33:43.224, 2857 MHz, 13801 MHz, 0x0000000000000000, 310.77 W, 51 %, 31668 MiB
2026/10/01 03:33:43.734, 2865 MHz, 13801 MHz, 0x0000000000000000, 324.70 W, 41 %, 31668 MiB
2026/10/01 03:33:44.244, 2857 MHz, 13801 MHz, 0x0000000000000000, 324.44 W, 40 %, 31673 MiB
2026/10/01 03:33:44.753, 2850 MHz, 13801 MHz, 0x0000000000000000, 339.58 W, 76 %, 31673 MiB
2026/10/01 03:33:45.259, 2820 MHz, 13801 MHz, 0x0000000000000004, 387.82 W, 99 %, 31668 MiB
2026/10/01 03:33:45.770, 2827 MHz, 13801 MHz, 0x0000000000000000, 413.82 W, 51 %, 31668 MiB
2026/10/01 03:33:46.282, 2857 MHz, 13801 MHz, 0x0000000000000000, 380.89 W, 53 %, 31668 MiB
2026/10/01 03:33:46.789, 2835 MHz, 13801 MHz, 0x0000000000000000, 376.34 W, 56 %, 31668 MiB
2026/10/01 03:33:47.298, 2842 MHz, 13801 MHz, 0x0000000000000004, 404.39 W, 46 %, 31668 MiB
2026/10/01 03:33:47.805, 2857 MHz, 13801 MHz, 0x0000000000000000, 411.58 W, 52 %, 31668 MiB
2026/10/01 03:33:48.313, 2842 MHz, 13801 MHz, 0x0000000000000004, 417.90 W, 66 %, 31668 MiB
2026/10/01 03:33:48.821, 2842 MHz, 13801 MHz, 0x0000000000000000, 428.04 W, 49 %, 31668 MiB
2026/10/01 03:33:49.327, 2820 MHz, 13801 MHz, 0x0000000000000000, 437.96 W, 63 %, 31668 MiB
2026/10/01 03:33:49.834, 2827 MHz, 13801 MHz, 0x0000000000000000, 434.27 W, 85 %, 31668 MiB
2026/10/01 03:33:50.344, 2835 MHz, 13801 MHz, 0x0000000000000004, 426.09 W, 85 %, 31668 MiB
2026/10/01 03:33:50.853, 2842 MHz, 13801 MHz, 0x0000000000000004, 432.33 W, 55 %, 31668 MiB
2026/10/01 03:33:51.365, 2797 MHz, 13801 MHz, 0x0000000000000004, 449.49 W, 99 %, 31668 MiB
2026/10/01 03:33:51.879, 2850 MHz, 13801 MHz, 0x0000000000000000, 446.43 W, 69 %, 31668 MiB
2026/10/01 03:33:52.392, 2857 MHz, 13801 MHz, 0x0000000000000000, 425.49 W, 58 %, 31668 MiB
2026/10/01 03:33:52.905, 2842 MHz, 13801 MHz, 0x0000000000000004, 432.14 W, 74 %, 31668 MiB
2026/10/01 03:33:53.414, 2850 MHz, 13801 MHz, 0x0000000000000004, 439.02 W, 54 %, 31668 MiB
2026/10/01 03:33:53.923, 2782 MHz, 13801 MHz, 0x0000000000000004, 458.46 W, 99 %, 31668 MiB
2026/10/01 03:33:54.436, 2835 MHz, 13801 MHz, 0x0000000000000000, 463.04 W, 50 %, 31668 MiB
2026/10/01 03:33:54.949, 2857 MHz, 13801 MHz, 0x0000000000000000, 404.84 W, 53 %, 31668 MiB
2026/10/01 03:33:55.463, 2812 MHz, 13801 MHz, 0x0000000000000000, 390.89 W, 64 %, 31668 MiB
2026/10/01 03:33:55.977, 2857 MHz, 13801 MHz, 0x0000000000000000, 385.04 W, 54 %, 31668 MiB
2026/10/01 03:33:56.488, 2857 MHz, 13801 MHz, 0x0000000000000000, 377.26 W, 52 %, 31668 MiB
2026/10/01 03:33:57.000, 2865 MHz, 13801 MHz, 0x0000000000000000, 381.32 W, 51 %, 31668 MiB
2026/10/01 03:33:57.500, 2857 MHz, 13801 MHz, 0x0000000000000000, 387.40 W, 54 %, 31668 MiB
2026/10/01 03:33:58.013, 2850 MHz, 13801 MHz, 0x0000000000000000, 406.62 W, 58 %, 31668 MiB
2026/10/01 03:33:58.527, 2835 MHz, 13801 MHz, 0x0000000000000000, 406.06 W, 56 %, 31668 MiB
2026/10/01 03:33:59.041, 2842 MHz, 13801 MHz, 0x0000000000000000, 400.48 W, 59 %, 31668 MiB
2026/10/01 03:33:59.555, 2850 MHz, 13801 MHz, 0x0000000000000000, 399.47 W, 56 %, 31668 MiB
2026/10/01 03:34:00.067, 2857 MHz, 13801 MHz, 0x0000000000000000, 390.17 W, 50 %, 31668 MiB
2026/10/01 03:34:00.578, 2842 MHz, 13801 MHz, 0x0000000000000000, 380.48 W, 53 %, 31668 MiB
2026/10/01 03:34:01.092, 2850 MHz, 13801 MHz, 0x0000000000000000, 380.49 W, 59 %, 31668 MiB
2026/10/01 03:34:01.605, 2857 MHz, 13801 MHz, 0x0000000000000000, 393.64 W, 56 %, 31671 MiB
2026/10/01 03:34:02.118, 2850 MHz, 13801 MHz, 0x0000000000000000, 401.14 W, 54 %, 31671 MiB
2026/10/01 03:34:02.631, 2850 MHz, 13801 MHz, 0x0000000000000000, 385.64 W, 58 %, 31668 MiB
2026/10/01 03:34:03.143, 2850 MHz, 13801 MHz, 0x0000000000000000, 387.34 W, 56 %, 31668 MiB
2026/10/01 03:34:03.657, 2857 MHz, 13801 MHz, 0x0000000000000000, 389.89 W, 55 %, 31668 MiB
2026/10/01 03:34:04.171, 2850 MHz, 13801 MHz, 0x0000000000000000, 388.80 W, 56 %, 31668 MiB
2026/10/01 03:34:04.681, 2857 MHz, 13801 MHz, 0x0000000000000000, 370.04 W, 44 %, 31668 MiB
2026/10/01 03:34:05.195, 2857 MHz, 13801 MHz, 0x0000000000000000, 350.41 W, 49 %, 31668 MiB
2026/10/01 03:34:05.708, 2865 MHz, 13801 MHz, 0x0000000000000000, 339.20 W, 38 %, 31671 MiB
2026/10/01 03:34:06.219, 2857 MHz, 13801 MHz, 0x0000000000000000, 352.15 W, 53 %, 31671 MiB
2026/10/01 03:34:06.733, 2857 MHz, 13801 MHz, 0x0000000000000000, 382.09 W, 57 %, 31668 MiB
2026/10/01 03:34:07.241, 2850 MHz, 13801 MHz, 0x0000000000000000, 391.66 W, 50 %, 31668 MiB
2026/10/01 03:34:07.753, 2865 MHz, 13801 MHz, 0x0000000000000000, 390.82 W, 45 %, 31668 MiB
2026/10/01 03:34:08.262, 2835 MHz, 13801 MHz, 0x0000000000000000, 387.80 W, 57 %, 31668 MiB
2026/10/01 03:34:08.775, 2827 MHz, 13801 MHz, 0x0000000000000000, 402.92 W, 56 %, 31668 MiB
2026/10/01 03:34:09.285, 2857 MHz, 13801 MHz, 0x0000000000000000, 392.67 W, 43 %, 31668 MiB
2026/10/01 03:34:09.798, 2865 MHz, 13801 MHz, 0x0000000000000004, 381.22 W, 78 %, 31668 MiB
2026/10/01 03:34:10.305, 2827 MHz, 13801 MHz, 0x0000000000000000, 396.70 W, 50 %, 31668 MiB
2026/10/01 03:34:10.819, 2850 MHz, 13801 MHz, 0x0000000000000000, 403.18 W, 54 %, 31668 MiB
2026/10/01 03:34:11.331, 2842 MHz, 13801 MHz, 0x0000000000000000, 398.08 W, 51 %, 31668 MiB
2026/10/01 03:34:11.845, 2850 MHz, 13801 MHz, 0x0000000000000000, 384.76 W, 53 %, 31668 MiB
2026/10/01 03:34:12.357, 2835 MHz, 13801 MHz, 0x0000000000000000, 400.52 W, 52 %, 31668 MiB
2026/10/01 03:34:12.869, 2857 MHz, 13801 MHz, 0x0000000000000004, 414.03 W, 82 %, 31668 MiB
2026/10/01 03:34:13.385, 2850 MHz, 13801 MHz, 0x0000000000000000, 403.31 W, 56 %, 31668 MiB
2026/10/01 03:34:13.897, 2857 MHz, 13801 MHz, 0x0000000000000000, 404.63 W, 59 %, 31668 MiB
2026/10/01 03:34:14.407, 2850 MHz, 13801 MHz, 0x0000000000000000, 405.53 W, 50 %, 31668 MiB
2026/10/01 03:34:14.919, 2805 MHz, 13801 MHz, 0x0000000000000000, 422.35 W, 56 %, 31668 MiB
2026/10/01 03:34:15.433, 2812 MHz, 13801 MHz, 0x0000000000000004, 437.22 W, 99 %, 31668 MiB
2026/10/01 03:34:15.943, 2835 MHz, 13801 MHz, 0x0000000000000004, 452.26 W, 89 %, 31668 MiB
2026/10/01 03:34:16.458, 2820 MHz, 13801 MHz, 0x0000000000000000, 426.64 W, 53 %, 31668 MiB
2026/10/01 03:34:16.969, 2805 MHz, 13801 MHz, 0x0000000000000000, 428.10 W, 57 %, 31668 MiB
2026/10/01 03:34:17.481, 2850 MHz, 13801 MHz, 0x0000000000000004, 428.95 W, 87 %, 31668 MiB
2026/10/01 03:34:17.990, 2842 MHz, 13801 MHz, 0x0000000000000004, 420.40 W, 90 %, 31668 MiB
2026/10/01 03:34:18.500, 2805 MHz, 13801 MHz, 0x0000000000000000, 426.71 W, 57 %, 31668 MiB
2026/10/01 03:34:19.008, 2842 MHz, 13801 MHz, 0x0000000000000004, 446.89 W, 99 %, 31668 MiB
2026/10/01 03:34:19.520, 2797 MHz, 13801 MHz, 0x0000000000000004, 452.61 W, 90 %, 31668 MiB
2026/10/01 03:34:20.029, 2850 MHz, 13801 MHz, 0x0000000000000004, 444.45 W, 99 %, 31668 MiB
2026/10/01 03:34:20.540, 2842 MHz, 13801 MHz, 0x0000000000000004, 425.51 W, 87 %, 31668 MiB
2026/10/01 03:34:21.052, 2857 MHz, 13801 MHz, 0x0000000000000000, 431.76 W, 59 %, 31668 MiB
2026/10/01 03:34:21.562, 2850 MHz, 13801 MHz, 0x0000000000000000, 431.16 W, 59 %, 31668 MiB
2026/10/01 03:34:22.076, 2865 MHz, 13801 MHz, 0x0000000000000000, 388.42 W, 36 %, 31668 MiB
2026/10/01 03:34:22.586, 2827 MHz, 13801 MHz, 0x0000000000000000, 375.84 W, 70 %, 31668 MiB
2026/10/01 03:34:23.087, 2827 MHz, 13801 MHz, 0x0000000000000000, 385.58 W, 74 %, 31668 MiB
2026/10/01 03:34:23.601, 2857 MHz, 13801 MHz, 0x0000000000000000, 386.83 W, 45 %, 31668 MiB
2026/10/01 03:34:24.111, 2805 MHz, 13801 MHz, 0x0000000000000000, 408.63 W, 46 %, 31671 MiB
2026/10/01 03:34:24.621, 2857 MHz, 13801 MHz, 0x0000000000000000, 345.26 W, 47 %, 31671 MiB
2026/10/01 03:34:25.130, 2850 MHz, 13801 MHz, 0x0000000000000000, 356.78 W, 57 %, 31668 MiB
2026/10/01 03:34:25.639, 2842 MHz, 13801 MHz, 0x0000000000000000, 373.66 W, 35 %, 31671 MiB
2026/10/01 03:34:26.151, 2872 MHz, 13801 MHz, 0x0000000000000004, 353.55 W, 88 %, 31671 MiB
2026/10/01 03:34:26.664, 2842 MHz, 13801 MHz, 0x0000000000000000, 344.52 W, 45 %, 31668 MiB
2026/10/01 03:34:27.177, 2865 MHz, 13801 MHz, 0x0000000000000000, 345.46 W, 48 %, 31673 MiB
2026/10/01 03:34:27.686, 2850 MHz, 13801 MHz, 0x0000000000000000, 350.70 W, 56 %, 31671 MiB
2026/10/01 03:34:28.199, 2857 MHz, 13801 MHz, 0x0000000000000000, 382.00 W, 54 %, 31668 MiB
2026/10/01 03:34:28.699, 2857 MHz, 13801 MHz, 0x0000000000000000, 370.14 W, 47 %, 31671 MiB
2026/10/01 03:34:29.211, 2842 MHz, 13801 MHz, 0x0000000000000000, 377.90 W, 57 %, 31671 MiB
2026/10/01 03:34:29.725, 2842 MHz, 13801 MHz, 0x0000000000000000, 397.74 W, 60 %, 31668 MiB
2026/10/01 03:34:30.238, 2850 MHz, 13801 MHz, 0x0000000000000000, 396.77 W, 57 %, 31668 MiB
2026/10/01 03:34:30.750, 2850 MHz, 13801 MHz, 0x0000000000000000, 386.17 W, 52 %, 31668 MiB
2026/10/01 03:34:31.264, 2850 MHz, 13801 MHz, 0x0000000000000000, 404.58 W, 55 %, 31668 MiB
2026/10/01 03:34:31.775, 2842 MHz, 13801 MHz, 0x0000000000000000, 409.80 W, 59 %, 31668 MiB
2026/10/01 03:34:32.284, 2850 MHz, 13801 MHz, 0x0000000000000000, 395.57 W, 51 %, 31668 MiB
2026/10/01 03:34:32.793, 2850 MHz, 13801 MHz, 0x0000000000000000, 404.66 W, 74 %, 31668 MiB
2026/10/01 03:34:33.304, 2850 MHz, 13801 MHz, 0x0000000000000000, 405.89 W, 52 %, 31668 MiB
2026/10/01 03:34:33.815, 2857 MHz, 13801 MHz, 0x0000000000000000, 404.88 W, 57 %, 31668 MiB
2026/10/01 03:34:34.328, 2850 MHz, 13801 MHz, 0x0000000000000000, 405.65 W, 57 %, 31668 MiB
2026/10/01 03:34:34.837, 2850 MHz, 13801 MHz, 0x0000000000000004, 406.35 W, 89 %, 31668 MiB
2026/10/01 03:34:35.348, 2850 MHz, 13801 MHz, 0x0000000000000000, 399.44 W, 57 %, 31668 MiB
2026/10/01 03:34:35.861, 2842 MHz, 13801 MHz, 0x0000000000000000, 409.61 W, 60 %, 31668 MiB
2026/10/01 03:34:36.369, 2857 MHz, 13801 MHz, 0x0000000000000000, 374.59 W, 50 %, 31668 MiB
2026/10/01 03:34:36.878, 2857 MHz, 13801 MHz, 0x0000000000000004, 360.69 W, 88 %, 31668 MiB
2026/10/01 03:34:37.391, 2850 MHz, 13801 MHz, 0x0000000000000000, 386.27 W, 55 %, 31668 MiB
2026/10/01 03:34:37.904, 2857 MHz, 13801 MHz, 0x0000000000000000, 383.43 W, 53 %, 31668 MiB
2026/10/01 03:34:38.412, 2857 MHz, 13801 MHz, 0x0000000000000000, 384.24 W, 47 %, 31668 MiB
2026/10/01 03:34:38.923, 2865 MHz, 13801 MHz, 0x0000000000000004, 402.00 W, 71 %, 31668 MiB
2026/10/01 03:34:39.438, 2850 MHz, 13801 MHz, 0x0000000000000000, 419.14 W, 57 %, 31668 MiB
2026/10/01 03:34:39.947, 2842 MHz, 13801 MHz, 0x0000000000000000, 415.07 W, 76 %, 31668 MiB
2026/10/01 03:34:40.457, 2842 MHz, 13801 MHz, 0x0000000000000000, 410.08 W, 76 %, 31668 MiB
2026/10/01 03:34:40.972, 2827 MHz, 13801 MHz, 0x0000000000000004, 433.00 W, 99 %, 31668 MiB
2026/10/01 03:34:41.484, 2857 MHz, 13801 MHz, 0x0000000000000004, 422.56 W, 87 %, 31668 MiB
2026/10/01 03:34:41.999, 2842 MHz, 13801 MHz, 0x0000000000000000, 407.38 W, 54 %, 31668 MiB
2026/10/01 03:34:42.507, 2857 MHz, 13801 MHz, 0x0000000000000000, 402.53 W, 60 %, 31668 MiB
2026/10/01 03:34:43.017, 2827 MHz, 13801 MHz, 0x0000000000000000, 411.67 W, 36 %, 31668 MiB
2026/10/01 03:34:43.527, 2857 MHz, 13801 MHz, 0x0000000000000000, 418.89 W, 68 %, 31668 MiB
2026/10/01 03:34:44.041, 2835 MHz, 13801 MHz, 0x0000000000000000, 428.64 W, 72 %, 31668 MiB
2026/10/01 03:34:44.554, 2842 MHz, 13801 MHz, 0x0000000000000000, 428.18 W, 58 %, 31668 MiB
2026/10/01 03:34:45.061, 2827 MHz, 13801 MHz, 0x0000000000000004, 428.00 W, 99 %, 31668 MiB
2026/10/01 03:34:45.574, 2857 MHz, 13801 MHz, 0x0000000000000004, 434.05 W, 80 %, 31668 MiB
2026/10/01 03:34:46.083, 2827 MHz, 13801 MHz, 0x0000000000000004, 427.30 W, 99 %, 31668 MiB
2026/10/01 03:34:46.595, 2782 MHz, 13801 MHz, 0x0000000000000004, 453.10 W, 90 %, 31668 MiB
2026/10/01 03:34:47.108, 2827 MHz, 13801 MHz, 0x0000000000000004, 464.62 W, 86 %, 31668 MiB
2026/10/01 03:34:47.622, 2857 MHz, 13801 MHz, 0x0000000000000000, 361.15 W, 50 %, 31668 MiB
2026/10/01 03:34:48.131, 2865 MHz, 13801 MHz, 0x0000000000000000, 345.56 W, 36 %, 31673 MiB
2026/10/01 03:34:48.645, 2842 MHz, 13801 MHz, 0x0000000000000004, 368.92 W, 88 %, 31673 MiB
2026/10/01 03:34:49.156, 2857 MHz, 13801 MHz, 0x0000000000000000, 370.00 W, 45 %, 31668 MiB
2026/10/01 03:34:49.669, 2827 MHz, 13801 MHz, 0x0000000000000004, 369.29 W, 87 %, 31668 MiB
2026/10/01 03:34:50.175, 2820 MHz, 13801 MHz, 0x0000000000000000, 375.85 W, 42 %, 31668 MiB
2026/10/01 03:34:50.686, 2865 MHz, 13801 MHz, 0x0000000000000004, 383.57 W, 90 %, 31668 MiB
2026/10/01 03:34:51.194, 2820 MHz, 13801 MHz, 0x0000000000000000, 410.83 W, 56 %, 31668 MiB
2026/10/01 03:34:51.703, 2850 MHz, 13801 MHz, 0x0000000000000000, 404.82 W, 47 %, 31671 MiB
2026/10/01 03:34:52.211, 2865 MHz, 13801 MHz, 0x0000000000000000, 363.52 W, 47 %, 31668 MiB
2026/10/01 03:34:52.722, 2857 MHz, 13801 MHz, 0x0000000000000000, 353.72 W, 48 %, 31668 MiB
2026/10/01 03:34:53.231, 2835 MHz, 13801 MHz, 0x0000000000000000, 375.69 W, 53 %, 31668 MiB
2026/10/01 03:34:53.738, 2865 MHz, 13801 MHz, 0x0000000000000004, 400.51 W, 98 %, 31671 MiB
2026/10/01 03:34:54.243, 2857 MHz, 13801 MHz, 0x0000000000000000, 375.33 W, 44 %, 31668 MiB
2026/10/01 03:34:54.751, 2857 MHz, 13801 MHz, 0x0000000000000000, 363.56 W, 51 %, 31668 MiB
2026/10/01 03:34:55.259, 2857 MHz, 13801 MHz, 0x0000000000000000, 363.02 W, 53 %, 31668 MiB
2026/10/01 03:34:55.774, 2857 MHz, 13801 MHz, 0x0000000000000000, 384.43 W, 52 %, 31668 MiB
2026/10/01 03:34:56.285, 2857 MHz, 13801 MHz, 0x0000000000000000, 368.29 W, 51 %, 31668 MiB
2026/10/01 03:34:56.797, 2857 MHz, 13801 MHz, 0x0000000000000000, 367.33 W, 56 %, 31668 MiB
2026/10/01 03:34:57.304, 2850 MHz, 13801 MHz, 0x0000000000000004, 392.91 W, 89 %, 31668 MiB
2026/10/01 03:34:57.811, 2857 MHz, 13801 MHz, 0x0000000000000000, 395.98 W, 50 %, 31668 MiB
2026/10/01 03:34:58.321, 2857 MHz, 13801 MHz, 0x0000000000000000, 392.01 W, 53 %, 31668 MiB
2026/10/01 03:34:58.834, 2850 MHz, 13801 MHz, 0x0000000000000000, 383.39 W, 57 %, 31668 MiB
2026/10/01 03:34:59.347, 2850 MHz, 13801 MHz, 0x0000000000000000, 390.70 W, 56 %, 31668 MiB
2026/10/01 03:34:59.860, 2850 MHz, 13801 MHz, 0x0000000000000000, 393.79 W, 55 %, 31668 MiB
2026/10/01 03:35:00.369, 2850 MHz, 13801 MHz, 0x0000000000000004, 403.62 W, 76 %, 31668 MiB
2026/10/01 03:35:00.879, 2850 MHz, 13801 MHz, 0x0000000000000000, 407.34 W, 58 %, 31668 MiB
2026/10/01 03:35:01.394, 2850 MHz, 13801 MHz, 0x0000000000000000, 394.01 W, 51 %, 31668 MiB
2026/10/01 03:35:01.905, 2850 MHz, 13801 MHz, 0x0000000000000000, 390.39 W, 57 %, 31668 MiB
2026/10/01 03:35:02.414, 2820 MHz, 13801 MHz, 0x0000000000000000, 402.99 W, 63 %, 31668 MiB
2026/10/01 03:35:02.926, 2865 MHz, 13801 MHz, 0x0000000000000004, 392.01 W, 72 %, 31668 MiB
2026/10/01 03:35:03.439, 2857 MHz, 13801 MHz, 0x0000000000000000, 377.06 W, 50 %, 31668 MiB
2026/10/01 03:35:03.950, 2842 MHz, 13801 MHz, 0x0000000000000000, 384.06 W, 52 %, 31668 MiB
2026/10/01 03:35:04.463, 2857 MHz, 13801 MHz, 0x0000000000000000, 394.65 W, 54 %, 31668 MiB
2026/10/01 03:35:04.974, 2850 MHz, 13801 MHz, 0x0000000000000000, 399.61 W, 55 %, 31668 MiB
2026/10/01 03:35:05.487, 2865 MHz, 13801 MHz, 0x0000000000000000, 377.63 W, 51 %, 31668 MiB
2026/10/01 03:35:05.997, 2835 MHz, 13801 MHz, 0x0000000000000000, 397.30 W, 81 %, 31668 MiB
2026/10/01 03:35:06.510, 2842 MHz, 13801 MHz, 0x0000000000000000, 404.39 W, 59 %, 31668 MiB
2026/10/01 03:35:07.020, 2835 MHz, 13801 MHz, 0x0000000000000000, 417.62 W, 57 %, 31668 MiB
2026/10/01 03:35:07.531, 2850 MHz, 13801 MHz, 0x0000000000000000, 413.22 W, 58 %, 31668 MiB
2026/10/01 03:35:08.043, 2857 MHz, 13801 MHz, 0x0000000000000004, 400.34 W, 99 %, 31668 MiB
2026/10/01 03:35:08.555, 2850 MHz, 13801 MHz, 0x0000000000000000, 415.52 W, 72 %, 31668 MiB
2026/10/01 03:35:09.069, 2857 MHz, 13801 MHz, 0x0000000000000000, 377.45 W, 45 %, 31668 MiB
2026/10/01 03:35:09.579, 2850 MHz, 13801 MHz, 0x0000000000000000, 356.50 W, 51 %, 31673 MiB
2026/10/01 03:35:10.090, 2790 MHz, 13801 MHz, 0x0000000000000000, 409.68 W, 56 %, 31673 MiB
2026/10/01 03:35:10.600, 2835 MHz, 13801 MHz, 0x0000000000000000, 453.88 W, 50 %, 31668 MiB
2026/10/01 03:35:11.113, 2820 MHz, 13801 MHz, 0x0000000000000004, 424.53 W, 99 %, 31668 MiB
2026/10/01 03:35:11.625, 2842 MHz, 13801 MHz, 0x0000000000000004, 453.58 W, 75 %, 31668 MiB
2026/10/01 03:35:12.139, 2850 MHz, 13801 MHz, 0x0000000000000000, 403.34 W, 55 %, 31668 MiB
2026/10/01 03:35:12.654, 2850 MHz, 13801 MHz, 0x0000000000000000, 399.86 W, 53 %, 31668 MiB
2026/10/01 03:35:13.167, 2835 MHz, 13801 MHz, 0x0000000000000000, 418.89 W, 86 %, 31668 MiB
2026/10/01 03:35:13.680, 2827 MHz, 13801 MHz, 0x0000000000000000, 431.67 W, 53 %, 31668 MiB
2026/10/01 03:35:14.191, 2865 MHz, 13801 MHz, 0x0000000000000000, 389.76 W, 61 %, 31668 MiB
2026/10/01 03:35:14.703, 2835 MHz, 13801 MHz, 0x0000000000000000, 384.04 W, 52 %, 31668 MiB
2026/10/01 03:35:15.213, 2835 MHz, 13801 MHz, 0x0000000000000000, 400.30 W, 62 %, 31668 MiB
2026/10/01 03:35:15.725, 2850 MHz, 13801 MHz, 0x0000000000000000, 397.51 W, 78 %, 31671 MiB
2026/10/01 03:35:16.232, 2857 MHz, 13801 MHz, 0x0000000000000000, 369.96 W, 42 %, 31668 MiB
2026/10/01 03:35:16.745, 2835 MHz, 13801 MHz, 0x0000000000000000, 378.35 W, 66 %, 31668 MiB
2026/10/01 03:35:17.260, 2842 MHz, 13801 MHz, 0x0000000000000000, 391.91 W, 58 %, 31671 MiB
2026/10/01 03:35:17.767, 2842 MHz, 13801 MHz, 0x0000000000000004, 380.26 W, 89 %, 31671 MiB
2026/10/01 03:35:18.282, 2857 MHz, 13801 MHz, 0x0000000000000000, 379.49 W, 61 %, 31668 MiB
2026/10/01 03:35:18.793, 2857 MHz, 13801 MHz, 0x0000000000000004, 408.44 W, 81 %, 31668 MiB
2026/10/01 03:35:19.306, 2835 MHz, 13801 MHz, 0x0000000000000000, 415.64 W, 71 %, 31668 MiB
2026/10/01 03:35:19.818, 2850 MHz, 13801 MHz, 0x0000000000000000, 401.28 W, 52 %, 31668 MiB
2026/10/01 03:35:20.332, 2857 MHz, 13801 MHz, 0x0000000000000000, 398.82 W, 82 %, 31668 MiB
2026/10/01 03:35:20.843, 2857 MHz, 13801 MHz, 0x0000000000000000, 388.27 W, 57 %, 31668 MiB
2026/10/01 03:35:21.355, 2850 MHz, 13801 MHz, 0x0000000000000000, 393.98 W, 47 %, 31668 MiB
2026/10/01 03:35:21.869, 2925 MHz, 13801 MHz, 0x0000000000000000, 270.64 W, 0 %, 31668 MiB
2026/10/01 03:35:22.381, 2925 MHz, 13801 MHz, 0x0000000000000000, 146.40 W, 0 %, 31668 MiB
2026/10/01 03:35:22.884, 2925 MHz, 13801 MHz, 0x0000000000000000, 100.43 W, 0 %, 31668 MiB
2026/10/01 03:35:23.385, 2422 MHz, 7001 MHz, 0x0000000000000000, 94.47 W, 0 %, 31668 MiB
2026/10/01 03:35:23.898, 502 MHz, 7001 MHz, 0x0000000000000000, 66.31 W, 0 %, 31668 MiB
2026/10/01 03:35:24.399, 450 MHz, 7001 MHz, 0x0000000000000000, 43.85 W, 0 %, 31668 MiB
2026/10/01 03:35:24.912, 450 MHz, 7001 MHz, 0x0000000000000000, 43.85 W, 0 %, 31668 MiB
2026/10/01 03:35:25.427, 285 MHz, 7001 MHz, 0x0000000000000000, 37.33 W, 0 %, 31668 MiB
2026/10/01 03:35:25.938, 285 MHz, 7001 MHz, 0x0000000000000000, 37.33 W, 0 %, 31668 MiB
2026/10/01 03:35:26.438, 180 MHz, 7001 MHz, 0x0000000000000000, 37.26 W, 0 %, 31668 MiB
2026/10/01 03:35:26.939, 180 MHz, 7001 MHz, 0x0000000000000000, 37.26 W, 0 %, 31668 MiB
2026/10/01 03:35:27.454, 180 MHz, 7001 MHz, 0x0000000000000000, 37.12 W, 0 %, 31668 MiB
2026/10/01 03:35:27.955, 180 MHz, 7001 MHz, 0x0000000000000000, 37.12 W, 0 %, 31668 MiB
2026/10/01 03:35:28.456, 180 MHz, 7001 MHz, 0x0000000000000000, 37.11 W, 0 %, 31668 MiB
2026/10/01 03:35:28.968, 180 MHz, 7001 MHz, 0x0000000000000000, 37.11 W, 0 %, 31668 MiB
2026/10/01 03:35:29.481, 180 MHz, 810 MHz, 0x0000000000000000, 33.92 W, 0 %, 31668 MiB
2026/10/01 03:35:29.996, 180 MHz, 810 MHz, 0x0000000000000000, 33.92 W, 0 %, 31668 MiB
2026/10/01 03:35:30.511, 180 MHz, 810 MHz, 0x0000000000000000, 16.24 W, 0 %, 31671 MiB
2026/10/01 03:35:31.024, 180 MHz, 405 MHz, 0x0000000000000000, 16.30 W, 0 %, 31671 MiB
2026/10/01 03:35:31.526, 187 MHz, 405 MHz, 0x0000000000000000, 16.72 W, 0 %, 31668 MiB
2026/10/01 03:35:32.028, 180 MHz, 405 MHz, 0x0000000000000000, 17.19 W, 0 %, 31668 MiB
2026/10/01 03:35:32.542, 180 MHz, 405 MHz, 0x0000000000000000, 17.27 W, 0 %, 31668 MiB
2026/10/01 03:35:33.054, 180 MHz, 405 MHz, 0x0000000000000000, 17.27 W, 0 %, 31668 MiB
2026/10/01 03:35:33.557, 180 MHz, 405 MHz, 0x0000000000000000, 13.06 W, 0 %, 31668 MiB
2026/10/01 03:35:34.057, 180 MHz, 405 MHz, 0x0000000000000000, 13.06 W, 0 %, 31668 MiB
2026/10/01 03:35:34.558, 180 MHz, 405 MHz, 0x0000000000000000, 12.59 W, 0 %, 31668 MiB
2026/10/01 03:35:35.072, 180 MHz, 405 MHz, 0x0000000000000000, 12.59 W, 0 %, 31668 MiB
2026/10/01 03:35:35.587, 180 MHz, 405 MHz, 0x0000000000000000, 12.75 W, 0 %, 31668 MiB
2026/10/01 03:35:36.098, 180 MHz, 405 MHz, 0x0000000000000000, 12.75 W, 0 %, 31668 MiB
2026/10/01 03:35:36.613, 180 MHz, 405 MHz, 0x0000000000000000, 12.78 W, 0 %, 31668 MiB
2026/10/01 03:35:37.125, 180 MHz, 405 MHz, 0x0000000000000000, 12.78 W, 0 %, 31668 MiB
2026/10/01 03:35:37.640, 2917 MHz, 13801 MHz, 0x0000000000000000, 67.26 W, 93 %, 31668 MiB
2026/10/01 03:35:38.141, 2910 MHz, 13801 MHz, 0x0000000000000000, 252.22 W, 95 %, 31668 MiB
2026/10/01 03:35:38.654, 2910 MHz, 13801 MHz, 0x0000000000000000, 367.09 W, 95 %, 31668 MiB
2026/10/01 03:35:39.155, 2910 MHz, 13801 MHz, 0x0000000000000000, 355.52 W, 95 %, 31668 MiB
2026/10/01 03:35:39.669, 2910 MHz, 13801 MHz, 0x0000000000000000, 356.96 W, 95 %, 31671 MiB
2026/10/01 03:35:40.170, 2910 MHz, 13801 MHz, 0x0000000000000000, 358.69 W, 62 %, 31668 MiB
2026/10/01 03:35:40.670, 2910 MHz, 13801 MHz, 0x0000000000000000, 359.35 W, 95 %, 31668 MiB
2026/10/01 03:35:41.171, 2910 MHz, 13801 MHz, 0x0000000000000000, 362.13 W, 95 %, 31668 MiB
2026/10/01 03:35:41.673, 2910 MHz, 13801 MHz, 0x0000000000000000, 367.11 W, 94 %, 31671 MiB
2026/10/01 03:35:42.187, 2910 MHz, 13801 MHz, 0x0000000000000000, 365.69 W, 95 %, 31668 MiB
2026/10/01 03:35:42.702, 2910 MHz, 13801 MHz, 0x0000000000000000, 364.70 W, 70 %, 31668 MiB
2026/10/01 03:35:43.216, 2910 MHz, 13801 MHz, 0x0000000000000000, 362.11 W, 95 %, 31668 MiB
2026/10/01 03:35:43.731, 2910 MHz, 13801 MHz, 0x0000000000000000, 363.73 W, 95 %, 31668 MiB
2026/10/01 03:35:44.245, 2910 MHz, 13801 MHz, 0x0000000000000000, 367.24 W, 95 %, 31668 MiB
2026/10/01 03:35:44.759, 2910 MHz, 13801 MHz, 0x0000000000000000, 366.98 W, 96 %, 31668 MiB
2026/10/01 03:35:45.274, 2910 MHz, 13801 MHz, 0x0000000000000000, 372.14 W, 94 %, 31668 MiB
2026/10/01 03:35:45.788, 2910 MHz, 13801 MHz, 0x0000000000000000, 362.90 W, 95 %, 31668 MiB
2026/10/01 03:35:46.303, 2910 MHz, 13801 MHz, 0x0000000000000000, 362.67 W, 96 %, 31668 MiB
2026/10/01 03:35:46.816, 2910 MHz, 13801 MHz, 0x0000000000000000, 362.78 W, 95 %, 31668 MiB
2026/10/01 03:35:47.328, 2910 MHz, 13801 MHz, 0x0000000000000000, 362.37 W, 95 %, 31668 MiB
2026/10/01 03:35:47.828, 2910 MHz, 13801 MHz, 0x0000000000000000, 371.85 W, 95 %, 31668 MiB
2026/10/01 03:35:58.766, 180 MHz, 405 MHz, 0x0000000000000000, 11.89 W, 0 %, 31668 MiB
2026/10/01 03:35:59.279, 2932 MHz, 13801 MHz, 0x0000000000000000, 66.02 W, 95 %, 31668 MiB
2026/10/01 03:35:59.793, 2910 MHz, 13801 MHz, 0x0000000000000000, 159.99 W, 95 %, 31668 MiB
2026/10/01 03:36:00.301, 2910 MHz, 13801 MHz, 0x0000000000000000, 363.52 W, 95 %, 31668 MiB
2026/10/01 03:36:00.804, 2910 MHz, 13801 MHz, 0x0000000000000000, 363.29 W, 95 %, 31668 MiB
2026/10/01 03:36:01.309, 2910 MHz, 13801 MHz, 0x0000000000000000, 363.63 W, 95 %, 31668 MiB
2026/10/01 03:36:01.824, 2910 MHz, 13801 MHz, 0x0000000000000000, 359.39 W, 54 %, 31668 MiB
2026/10/01 03:36:02.325, 2910 MHz, 13801 MHz, 0x0000000000000000, 359.23 W, 95 %, 31668 MiB
2026/10/01 03:36:02.838, 2910 MHz, 13801 MHz, 0x0000000000000000, 370.15 W, 95 %, 31668 MiB
2026/10/01 03:36:03.343, 2910 MHz, 13801 MHz, 0x0000000000000000, 363.30 W, 95 %, 31668 MiB
2026/10/01 03:36:03.847, 2910 MHz, 13801 MHz, 0x0000000000000000, 362.50 W, 95 %, 31671 MiB
2026/10/01 03:36:04.354, 2910 MHz, 13801 MHz, 0x0000000000000000, 370.12 W, 95 %, 31668 MiB
2026/10/01 03:36:04.869, 2910 MHz, 13801 MHz, 0x0000000000000000, 365.25 W, 94 %, 31668 MiB
2026/10/01 03:36:05.383, 2910 MHz, 13801 MHz, 0x0000000000000000, 365.45 W, 95 %, 31671 MiB
2026/10/01 03:36:05.896, 2910 MHz, 13801 MHz, 0x0000000000000000, 365.59 W, 95 %, 31668 MiB
2026/10/01 03:36:06.410, 2910 MHz, 13801 MHz, 0x0000000000000000, 366.17 W, 95 %, 31668 MiB
2026/10/01 03:36:06.925, 2910 MHz, 13801 MHz, 0x0000000000000000, 371.02 W, 95 %, 31668 MiB
2026/10/01 03:36:07.425, 2910 MHz, 13801 MHz, 0x0000000000000000, 362.71 W, 95 %, 31668 MiB
2026/10/01 03:36:07.925, 2910 MHz, 13801 MHz, 0x0000000000000000, 363.57 W, 95 %, 31668 MiB
2026/10/01 03:36:08.440, 2910 MHz, 13801 MHz, 0x0000000000000000, 359.41 W, 85 %, 31668 MiB
2026/10/01 03:36:08.954, 2910 MHz, 13801 MHz, 0x0000000000000000, 359.52 W, 95 %, 31668 MiB
2026/10/01 03:36:09.469, 2910 MHz, 13801 MHz, 0x0000000000000000, 368.25 W, 95 %, 31668 MiB
2026/10/01 03:36:09.982, 2925 MHz, 13801 MHz, 0x0000000000000000, 281.00 W, 0 %, 31668 MiB
2026/10/01 03:36:10.498, 2925 MHz, 13801 MHz, 0x0000000000000000, 142.62 W, 0 %, 31668 MiB
2026/10/01 03:36:11.000, 2925 MHz, 13801 MHz, 0x0000000000000000, 94.77 W, 0 %, 31668 MiB
2026/10/01 03:36:11.502, 2452 MHz, 13801 MHz, 0x0000000000000000, 89.78 W, 0 %, 31668 MiB
2026/10/01 03:36:12.004, 675 MHz, 7001 MHz, 0x0000000000000000, 63.41 W, 0 %, 31668 MiB
2026/10/01 03:36:12.518, 525 MHz, 7001 MHz, 0x0000000000000000, 39.87 W, 0 %, 31673 MiB
2026/10/01 03:36:13.032, 435 MHz, 7001 MHz, 0x0000000000000000, 36.31 W, 0 %, 31668 MiB
2026/10/01 03:36:13.546, 337 MHz, 7001 MHz, 0x0000000000000000, 36.19 W, 0 %, 31668 MiB
2026/10/01 03:36:14.060, 270 MHz, 7001 MHz, 0x0000000000000000, 35.89 W, 0 %, 31668 MiB
2026/10/01 03:36:14.562, 240 MHz, 7001 MHz, 0x0000000000000000, 35.85 W, 0 %, 31668 MiB
2026/10/01 03:36:15.075, 240 MHz, 7001 MHz, 0x0000000000000000, 35.85 W, 0 %, 31668 MiB
2026/10/01 03:36:15.576, 180 MHz, 7001 MHz, 0x0000000000000000, 35.74 W, 0 %, 31668 MiB
2026/10/01 03:36:16.089, 180 MHz, 7001 MHz, 0x0000000000000000, 35.74 W, 0 %, 31668 MiB
2026/10/01 03:36:16.602, 187 MHz, 810 MHz, 0x0000000000000000, 29.93 W, 0 %, 31668 MiB
2026/10/01 03:36:17.117, 187 MHz, 810 MHz, 0x0000000000000000, 29.93 W, 0 %, 31668 MiB
2026/10/01 03:36:17.633, 180 MHz, 405 MHz, 0x0000000000000000, 15.63 W, 0 %, 31668 MiB
2026/10/01 03:36:18.145, 180 MHz, 405 MHz, 0x0000000000000000, 11.74 W, 0 %, 31668 MiB
2026/10/01 03:36:18.656, 180 MHz, 405 MHz, 0x0000000000000000, 11.74 W, 0 %, 31668 MiB
2026/10/01 03:36:19.159, 180 MHz, 405 MHz, 0x0000000000000000, 11.59 W, 0 %, 31668 MiB
2026/10/01 03:36:19.673, 180 MHz, 405 MHz, 0x0000000000000000, 11.59 W, 0 %, 31668 MiB
2026/10/01 03:36:20.187, 180 MHz, 405 MHz, 0x0000000000000000, 11.49 W, 0 %, 31668 MiB
2026/10/01 03:36:20.702, 180 MHz, 405 MHz, 0x0000000000000000, 11.49 W, 0 %, 31668 MiB
2026/10/01 03:36:21.215, 172 MHz, 405 MHz, 0x0000000000000000, 11.50 W, 0 %, 31668 MiB
2026/10/01 03:36:21.716, 172 MHz, 405 MHz, 0x0000000000000000, 11.50 W, 0 %, 31668 MiB
2026/10/01 03:36:22.221, 2917 MHz, 13801 MHz, 0x0000000000000000, 71.59 W, 51 %, 31668 MiB
2026/10/01 03:36:22.728, 2872 MHz, 13801 MHz, 0x0000000000000000, 137.81 W, 38 %, 31668 MiB
2026/10/01 03:36:23.237, 2865 MHz, 13801 MHz, 0x0000000000000000, 310.60 W, 38 %, 31668 MiB
2026/10/01 03:36:23.751, 2865 MHz, 13801 MHz, 0x0000000000000000, 314.28 W, 41 %, 31668 MiB
2026/10/01 03:36:24.264, 2865 MHz, 13801 MHz, 0x0000000000000000, 321.74 W, 44 %, 31668 MiB
2026/10/01 03:36:24.779, 2857 MHz, 13801 MHz, 0x0000000000000000, 345.34 W, 52 %, 31668 MiB
2026/10/01 03:36:25.294, 2857 MHz, 13801 MHz, 0x0000000000000000, 359.29 W, 45 %, 31668 MiB
2026/10/01 03:36:25.804, 2865 MHz, 13801 MHz, 0x0000000000000000, 360.32 W, 51 %, 31668 MiB
2026/10/01 03:36:26.318, 2865 MHz, 13801 MHz, 0x0000000000000000, 342.07 W, 48 %, 31668 MiB
2026/10/01 03:36:26.831, 2857 MHz, 13801 MHz, 0x0000000000000000, 354.90 W, 53 %, 31668 MiB
2026/10/01 03:36:27.345, 2857 MHz, 13801 MHz, 0x0000000000000000, 375.78 W, 54 %, 31668 MiB
2026/10/01 03:36:27.857, 2865 MHz, 13801 MHz, 0x0000000000000000, 365.05 W, 46 %, 31671 MiB
2026/10/01 03:36:28.369, 2857 MHz, 13801 MHz, 0x0000000000000000, 357.70 W, 45 %, 31668 MiB
2026/10/01 03:36:28.879, 2857 MHz, 13801 MHz, 0x0000000000000000, 360.49 W, 55 %, 31668 MiB
2026/10/01 03:36:29.380, 2857 MHz, 13801 MHz, 0x0000000000000000, 372.29 W, 50 %, 31668 MiB
2026/10/01 03:36:29.881, 2857 MHz, 13801 MHz, 0x0000000000000000, 385.72 W, 54 %, 31668 MiB
2026/10/01 03:36:30.391, 2865 MHz, 13801 MHz, 0x0000000000000000, 378.92 W, 44 %, 31671 MiB
2026/10/01 03:36:30.898, 2865 MHz, 13801 MHz, 0x0000000000000000, 360.15 W, 52 %, 31668 MiB
2026/10/01 03:36:31.412, 2857 MHz, 13801 MHz, 0x0000000000000000, 365.70 W, 53 %, 31668 MiB
2026/10/01 03:36:31.924, 2857 MHz, 13801 MHz, 0x0000000000000000, 388.83 W, 59 %, 31668 MiB
2026/10/01 03:36:32.436, 2857 MHz, 13801 MHz, 0x0000000000000000, 392.54 W, 56 %, 31668 MiB
2026/10/01 03:36:32.946, 2865 MHz, 13801 MHz, 0x0000000000000000, 374.03 W, 47 %, 31668 MiB
2026/10/01 03:36:33.456, 2865 MHz, 13801 MHz, 0x0000000000000000, 351.86 W, 48 %, 31673 MiB
2026/10/01 03:36:33.966, 2865 MHz, 13801 MHz, 0x0000000000000000, 345.61 W, 60 %, 31673 MiB
2026/10/01 03:36:34.477, 2857 MHz, 13801 MHz, 0x0000000000000000, 377.24 W, 61 %, 31668 MiB
2026/10/01 03:36:34.989, 2857 MHz, 13801 MHz, 0x0000000000000000, 403.06 W, 59 %, 31668 MiB
2026/10/01 03:36:35.504, 2857 MHz, 13801 MHz, 0x0000000000000000, 402.89 W, 55 %, 31668 MiB
2026/10/01 03:36:36.012, 2865 MHz, 13801 MHz, 0x0000000000000000, 406.23 W, 62 %, 31668 MiB
2026/10/01 03:36:36.526, 2865 MHz, 13801 MHz, 0x0000000000000000, 401.76 W, 58 %, 31668 MiB
2026/10/01 03:36:37.038, 2865 MHz, 13801 MHz, 0x0000000000000000, 383.35 W, 49 %, 31668 MiB
2026/10/01 03:36:37.548, 2865 MHz, 13801 MHz, 0x0000000000000000, 369.82 W, 54 %, 31668 MiB
2026/10/01 03:36:38.056, 2865 MHz, 13801 MHz, 0x0000000000000000, 382.28 W, 58 %, 31668 MiB
2026/10/01 03:36:38.568, 2857 MHz, 13801 MHz, 0x0000000000000000, 405.20 W, 56 %, 31668 MiB
2026/10/01 03:36:39.082, 2865 MHz, 13801 MHz, 0x0000000000000000, 409.37 W, 62 %, 31668 MiB
2026/10/01 03:36:39.595, 2865 MHz, 13801 MHz, 0x0000000000000000, 408.90 W, 55 %, 31668 MiB
2026/10/01 03:36:40.108, 2857 MHz, 13801 MHz, 0x0000000000000000, 415.34 W, 63 %, 31668 MiB
2026/10/01 03:36:40.618, 2857 MHz, 13801 MHz, 0x0000000000000000, 414.56 W, 64 %, 31668 MiB
2026/10/01 03:36:41.130, 2857 MHz, 13801 MHz, 0x0000000000000000, 416.51 W, 58 %, 31668 MiB
2026/10/01 03:36:41.642, 2857 MHz, 13801 MHz, 0x0000000000000000, 423.62 W, 66 %, 31668 MiB
2026/10/01 03:36:42.154, 2872 MHz, 13801 MHz, 0x0000000000000004, 423.03 W, 94 %, 31668 MiB
2026/10/01 03:36:42.664, 2805 MHz, 13801 MHz, 0x0000000000000004, 458.24 W, 98 %, 31668 MiB
2026/10/01 03:36:43.173, 2805 MHz, 13801 MHz, 0x0000000000000004, 498.26 W, 99 %, 31668 MiB
2026/10/01 03:36:43.683, 2805 MHz, 13801 MHz, 0x0000000000000004, 498.02 W, 99 %, 31668 MiB
2026/10/01 03:36:44.192, 2805 MHz, 13801 MHz, 0x0000000000000004, 498.27 W, 99 %, 31668 MiB
2026/10/01 03:36:44.701, 2805 MHz, 13801 MHz, 0x0000000000000004, 499.19 W, 99 %, 31668 MiB
2026/10/01 03:36:45.208, 2805 MHz, 13801 MHz, 0x0000000000000004, 499.33 W, 99 %, 31668 MiB
2026/10/01 03:36:45.717, 2805 MHz, 13801 MHz, 0x0000000000000000, 491.22 W, 61 %, 31668 MiB
2026/10/01 03:36:46.227, 2812 MHz, 13801 MHz, 0x0000000000000000, 476.84 W, 65 %, 31668 MiB
2026/10/01 03:36:46.737, 2805 MHz, 13801 MHz, 0x0000000000000004, 477.29 W, 99 %, 31668 MiB
2026/10/01 03:36:47.247, 2805 MHz, 13801 MHz, 0x0000000000000004, 491.06 W, 92 %, 31668 MiB
2026/10/01 03:36:47.757, 2842 MHz, 13801 MHz, 0x0000000000000004, 472.36 W, 99 %, 31668 MiB
2026/10/01 03:36:48.270, 2842 MHz, 13801 MHz, 0x0000000000000000, 449.72 W, 63 %, 31668 MiB
2026/10/01 03:36:48.779, 2820 MHz, 13801 MHz, 0x0000000000000000, 446.27 W, 67 %, 31668 MiB
2026/10/01 03:36:49.288, 2835 MHz, 13801 MHz, 0x0000000000000000, 443.77 W, 75 %, 31668 MiB
2026/10/01 03:36:49.800, 2865 MHz, 13801 MHz, 0x0000000000000004, 427.12 W, 78 %, 31668 MiB
2026/10/01 03:36:50.314, 2857 MHz, 13801 MHz, 0x0000000000000000, 397.65 W, 51 %, 31668 MiB
2026/10/01 03:36:50.826, 2857 MHz, 13801 MHz, 0x0000000000000000, 384.73 W, 60 %, 31668 MiB
2026/10/01 03:36:51.339, 2850 MHz, 13801 MHz, 0x0000000000000000, 395.59 W, 57 %, 31668 MiB
2026/10/01 03:36:51.851, 2865 MHz, 13801 MHz, 0x0000000000000000, 404.61 W, 60 %, 31668 MiB
2026/10/01 03:36:52.362, 2850 MHz, 13801 MHz, 0x0000000000000000, 406.04 W, 61 %, 31668 MiB
2026/10/01 03:36:52.875, 2850 MHz, 13801 MHz, 0x0000000000000000, 414.77 W, 58 %, 31668 MiB
2026/10/01 03:36:53.387, 2850 MHz, 13801 MHz, 0x0000000000000000, 417.05 W, 64 %, 31668 MiB
2026/10/01 03:36:53.901, 2865 MHz, 13801 MHz, 0x0000000000000000, 391.50 W, 43 %, 31668 MiB
2026/10/01 03:36:54.411, 2857 MHz, 13801 MHz, 0x0000000000000000, 349.83 W, 45 %, 31668 MiB
2026/10/01 03:36:54.924, 2872 MHz, 13801 MHz, 0x0000000000000000, 332.54 W, 38 %, 31673 MiB
2026/10/01 03:36:55.435, 2850 MHz, 13801 MHz, 0x0000000000000000, 361.76 W, 63 %, 31668 MiB
2026/10/01 03:36:55.950, 2850 MHz, 13801 MHz, 0x0000000000000000, 413.98 W, 62 %, 31668 MiB
2026/10/01 03:36:56.464, 2857 MHz, 13801 MHz, 0x0000000000000000, 403.82 W, 56 %, 31668 MiB
2026/10/01 03:36:56.976, 2857 MHz, 13801 MHz, 0x0000000000000000, 393.69 W, 61 %, 31668 MiB
2026/10/01 03:36:57.486, 2850 MHz, 13801 MHz, 0x0000000000000000, 401.02 W, 55 %, 31668 MiB
2026/10/01 03:36:58.000, 2850 MHz, 13801 MHz, 0x0000000000000000, 417.11 W, 62 %, 31668 MiB
2026/10/01 03:36:58.512, 2850 MHz, 13801 MHz, 0x0000000000000000, 418.74 W, 62 %, 31668 MiB
2026/10/01 03:36:59.027, 2850 MHz, 13801 MHz, 0x0000000000000000, 422.62 W, 62 %, 31668 MiB
2026/10/01 03:36:59.540, 2857 MHz, 13801 MHz, 0x0000000000000000, 412.17 W, 56 %, 31668 MiB
2026/10/01 03:37:00.050, 2850 MHz, 13801 MHz, 0x0000000000000000, 406.53 W, 60 %, 31668 MiB
2026/10/01 03:37:00.564, 2850 MHz, 13801 MHz, 0x0000000000000000, 396.78 W, 60 %, 31668 MiB
2026/10/01 03:37:01.078, 2850 MHz, 13801 MHz, 0x0000000000000000, 406.11 W, 60 %, 31668 MiB
2026/10/01 03:37:01.590, 2850 MHz, 13801 MHz, 0x0000000000000000, 422.27 W, 65 %, 31668 MiB
2026/10/01 03:37:02.103, 2850 MHz, 13801 MHz, 0x0000000000000000, 420.13 W, 59 %, 31668 MiB
2026/10/01 03:37:02.615, 2850 MHz, 13801 MHz, 0x0000000000000000, 417.86 W, 60 %, 31668 MiB
2026/10/01 03:37:03.128, 2850 MHz, 13801 MHz, 0x0000000000000000, 417.06 W, 59 %, 31668 MiB
2026/10/01 03:37:03.643, 2850 MHz, 13801 MHz, 0x0000000000000000, 389.82 W, 59 %, 31668 MiB
2026/10/01 03:37:04.155, 2850 MHz, 13801 MHz, 0x0000000000000000, 393.40 W, 57 %, 31668 MiB
2026/10/01 03:37:04.669, 2850 MHz, 13801 MHz, 0x0000000000000000, 402.14 W, 58 %, 31668 MiB
2026/10/01 03:37:05.181, 2835 MHz, 13801 MHz, 0x0000000000000004, 435.92 W, 99 %, 31668 MiB
2026/10/01 03:37:05.689, 2790 MHz, 13801 MHz, 0x0000000000000004, 472.40 W, 99 %, 31668 MiB
2026/10/01 03:37:06.200, 2782 MHz, 13801 MHz, 0x0000000000000004, 494.88 W, 98 %, 31668 MiB
2026/10/01 03:37:06.708, 2790 MHz, 13801 MHz, 0x0000000000000004, 492.52 W, 99 %, 31668 MiB
2026/10/01 03:37:07.215, 2782 MHz, 13801 MHz, 0x0000000000000004, 492.46 W, 98 %, 31668 MiB
2026/10/01 03:37:07.721, 2790 MHz, 13801 MHz, 0x0000000000000004, 492.38 W, 99 %, 31668 MiB
2026/10/01 03:37:08.228, 2790 MHz, 13801 MHz, 0x0000000000000004, 492.61 W, 99 %, 31668 MiB
2026/10/01 03:37:08.735, 2782 MHz, 13801 MHz, 0x0000000000000004, 492.23 W, 99 %, 31668 MiB
2026/10/01 03:37:09.243, 2782 MHz, 13801 MHz, 0x0000000000000004, 491.84 W, 99 %, 31668 MiB
2026/10/01 03:37:09.750, 2790 MHz, 13801 MHz, 0x0000000000000004, 491.50 W, 99 %, 31668 MiB
2026/10/01 03:37:10.258, 2790 MHz, 13801 MHz, 0x0000000000000004, 491.70 W, 99 %, 31668 MiB
2026/10/01 03:37:10.767, 2790 MHz, 13801 MHz, 0x0000000000000004, 491.77 W, 99 %, 31668 MiB
2026/10/01 03:37:11.273, 2782 MHz, 13801 MHz, 0x0000000000000004, 491.01 W, 99 %, 31668 MiB
2026/10/01 03:37:11.779, 2790 MHz, 13801 MHz, 0x0000000000000004, 490.04 W, 98 %, 31668 MiB
2026/10/01 03:37:12.288, 2790 MHz, 13801 MHz, 0x0000000000000004, 488.75 W, 99 %, 31668 MiB
2026/10/01 03:37:12.794, 2790 MHz, 13801 MHz, 0x0000000000000004, 487.84 W, 98 %, 31668 MiB
2026/10/01 03:37:13.301, 2812 MHz, 13801 MHz, 0x0000000000000004, 482.94 W, 97 %, 31668 MiB
2026/10/01 03:37:13.808, 2820 MHz, 13801 MHz, 0x0000000000000004, 476.40 W, 97 %, 31668 MiB
2026/10/01 03:37:14.313, 2895 MHz, 13801 MHz, 0x0000000000000000, 461.94 W, 97 %, 31668 MiB
2026/10/01 03:37:14.819, 2872 MHz, 13801 MHz, 0x0000000000000000, 373.76 W, 30 %, 31668 MiB
2026/10/01 03:37:15.326, 2880 MHz, 13801 MHz, 0x0000000000000000, 272.49 W, 25 %, 31668 MiB
2026/10/01 03:37:15.832, 2872 MHz, 13801 MHz, 0x0000000000000000, 259.80 W, 29 %, 31673 MiB
2026/10/01 03:37:16.345, 2865 MHz, 13801 MHz, 0x0000000000000000, 281.79 W, 43 %, 31673 MiB
2026/10/01 03:37:16.856, 2857 MHz, 13801 MHz, 0x0000000000000000, 311.68 W, 39 %, 31668 MiB
2026/10/01 03:37:17.357, 2857 MHz, 13801 MHz, 0x0000000000000000, 330.02 W, 45 %, 31668 MiB
2026/10/01 03:37:17.870, 2850 MHz, 13801 MHz, 0x0000000000000000, 332.76 W, 48 %, 31668 MiB
2026/10/01 03:37:18.371, 2850 MHz, 13801 MHz, 0x0000000000000000, 355.83 W, 49 %, 31668 MiB
2026/10/01 03:37:18.883, 2850 MHz, 13801 MHz, 0x0000000000000000, 364.36 W, 48 %, 31668 MiB
2026/10/01 03:37:19.395, 2850 MHz, 13801 MHz, 0x0000000000000000, 359.89 W, 48 %, 31668 MiB
2026/10/01 03:37:19.906, 2850 MHz, 13801 MHz, 0x0000000000000000, 364.72 W, 50 %, 31668 MiB
2026/10/01 03:37:20.416, 2842 MHz, 13801 MHz, 0x0000000000000000, 371.48 W, 50 %, 31668 MiB
2026/10/01 03:37:20.923, 2850 MHz, 13801 MHz, 0x0000000000000000, 371.91 W, 51 %, 31668 MiB
2026/10/01 03:37:21.434, 2850 MHz, 13801 MHz, 0x0000000000000000, 369.30 W, 52 %, 31668 MiB
2026/10/01 03:37:21.945, 2850 MHz, 13801 MHz, 0x0000000000000000, 370.12 W, 48 %, 31668 MiB
2026/10/01 03:37:22.459, 2850 MHz, 13801 MHz, 0x0000000000000000, 372.30 W, 53 %, 31668 MiB
2026/10/01 03:37:22.972, 2850 MHz, 13801 MHz, 0x0000000000000000, 373.89 W, 52 %, 31668 MiB
2026/10/01 03:37:23.483, 2850 MHz, 13801 MHz, 0x0000000000000000, 372.55 W, 55 %, 31668 MiB
2026/10/01 03:37:23.998, 2857 MHz, 13801 MHz, 0x0000000000000000, 366.86 W, 47 %, 31668 MiB
2026/10/01 03:37:24.512, 2850 MHz, 13801 MHz, 0x0000000000000000, 362.47 W, 50 %, 31668 MiB
2026/10/01 03:37:25.023, 2850 MHz, 13801 MHz, 0x0000000000000000, 356.56 W, 42 %, 31668 MiB
2026/10/01 03:37:25.538, 2850 MHz, 13801 MHz, 0x0000000000000000, 351.92 W, 45 %, 31668 MiB
2026/10/01 03:37:26.051, 2850 MHz, 13801 MHz, 0x0000000000000000, 357.59 W, 46 %, 31668 MiB
2026/10/01 03:37:26.560, 2857 MHz, 13801 MHz, 0x0000000000000000, 357.96 W, 55 %, 31668 MiB
2026/10/01 03:37:27.074, 2850 MHz, 13801 MHz, 0x0000000000000000, 362.38 W, 54 %, 31668 MiB
2026/10/01 03:37:27.588, 2850 MHz, 13801 MHz, 0x0000000000000000, 382.02 W, 56 %, 31668 MiB
2026/10/01 03:37:28.100, 2850 MHz, 13801 MHz, 0x0000000000000000, 384.22 W, 51 %, 31668 MiB
2026/10/01 03:37:28.611, 2850 MHz, 13801 MHz, 0x0000000000000000, 384.10 W, 53 %, 31668 MiB
2026/10/01 03:37:29.121, 2850 MHz, 13801 MHz, 0x0000000000000000, 383.23 W, 56 %, 31668 MiB
2026/10/01 03:37:29.631, 2850 MHz, 13801 MHz, 0x0000000000000000, 381.38 W, 58 %, 31668 MiB
2026/10/01 03:37:30.144, 2857 MHz, 13801 MHz, 0x0000000000000000, 376.03 W, 48 %, 31668 MiB
2026/10/01 03:37:30.657, 2857 MHz, 13801 MHz, 0x0000000000000000, 364.88 W, 51 %, 31668 MiB
2026/10/01 03:37:31.171, 2857 MHz, 13801 MHz, 0x0000000000000000, 371.49 W, 52 %, 31668 MiB
2026/10/01 03:37:31.683, 2850 MHz, 13801 MHz, 0x0000000000000000, 371.65 W, 58 %, 31668 MiB
2026/10/01 03:37:32.195, 2857 MHz, 13801 MHz, 0x0000000000000000, 382.73 W, 49 %, 31668 MiB
2026/10/01 03:37:32.707, 2850 MHz, 13801 MHz, 0x0000000000000000, 388.53 W, 58 %, 31668 MiB
2026/10/01 03:37:33.221, 2850 MHz, 13801 MHz, 0x0000000000000000, 385.80 W, 58 %, 31668 MiB
2026/10/01 03:37:33.723, 2850 MHz, 13801 MHz, 0x0000000000000000, 395.69 W, 59 %, 31668 MiB
2026/10/01 03:37:34.235, 2850 MHz, 13801 MHz, 0x0000000000000000, 388.63 W, 58 %, 31668 MiB
2026/10/01 03:37:34.747, 2857 MHz, 13801 MHz, 0x0000000000000000, 374.65 W, 50 %, 31668 MiB
2026/10/01 03:37:35.250, 2857 MHz, 13801 MHz, 0x0000000000000000, 370.54 W, 55 %, 31668 MiB
2026/10/01 03:37:35.760, 2857 MHz, 13801 MHz, 0x0000000000000000, 370.88 W, 50 %, 31668 MiB
2026/10/01 03:37:36.269, 2880 MHz, 13801 MHz, 0x0000000000000004, 372.45 W, 97 %, 31668 MiB
2026/10/01 03:37:36.781, 2805 MHz, 13801 MHz, 0x0000000000000004, 426.90 W, 99 %, 31668 MiB
2026/10/01 03:37:37.292, 2805 MHz, 13801 MHz, 0x0000000000000004, 504.01 W, 98 %, 31673 MiB
2026/10/01 03:37:37.798, 2797 MHz, 13801 MHz, 0x0000000000000004, 503.99 W, 99 %, 31673 MiB
2026/10/01 03:37:38.312, 2797 MHz, 13801 MHz, 0x0000000000000004, 503.59 W, 99 %, 31668 MiB
2026/10/01 03:37:38.823, 2797 MHz, 13801 MHz, 0x0000000000000004, 503.45 W, 99 %, 31668 MiB
2026/10/01 03:37:39.331, 2797 MHz, 13801 MHz, 0x0000000000000004, 503.18 W, 99 %, 31668 MiB
2026/10/01 03:37:39.841, 2842 MHz, 13801 MHz, 0x0000000000000004, 481.94 W, 99 %, 31668 MiB
2026/10/01 03:37:40.354, 2805 MHz, 13801 MHz, 0x0000000000000004, 482.43 W, 99 %, 31668 MiB
2026/10/01 03:37:40.868, 2797 MHz, 13801 MHz, 0x0000000000000004, 503.47 W, 99 %, 31668 MiB
2026/10/01 03:37:41.381, 2827 MHz, 13801 MHz, 0x0000000000000000, 483.51 W, 53 %, 31668 MiB
2026/10/01 03:37:41.891, 2842 MHz, 13801 MHz, 0x0000000000000000, 456.57 W, 57 %, 31668 MiB
2026/10/01 03:37:42.405, 2812 MHz, 13801 MHz, 0x0000000000000000, 450.83 W, 57 %, 31668 MiB
2026/10/01 03:37:42.917, 2865 MHz, 13801 MHz, 0x0000000000000000, 406.40 W, 41 %, 31668 MiB
2026/10/01 03:37:43.431, 2850 MHz, 13801 MHz, 0x0000000000000000, 374.61 W, 57 %, 31668 MiB
2026/10/01 03:37:43.943, 2865 MHz, 13801 MHz, 0x0000000000000000, 390.74 W, 49 %, 31668 MiB
2026/10/01 03:37:44.444, 2857 MHz, 13801 MHz, 0x0000000000000000, 367.81 W, 44 %, 31668 MiB
2026/10/01 03:37:44.957, 2850 MHz, 13801 MHz, 0x0000000000000000, 368.15 W, 72 %, 31668 MiB
2026/10/01 03:37:45.469, 2865 MHz, 13801 MHz, 0x0000000000000000, 379.74 W, 50 %, 31668 MiB
2026/10/01 03:37:45.982, 2857 MHz, 13801 MHz, 0x0000000000000000, 390.66 W, 48 %, 31668 MiB
2026/10/01 03:37:46.497, 2857 MHz, 13801 MHz, 0x0000000000000000, 373.94 W, 44 %, 31668 MiB
2026/10/01 03:37:47.009, 2850 MHz, 13801 MHz, 0x0000000000000000, 375.39 W, 58 %, 31668 MiB
2026/10/01 03:37:47.523, 2850 MHz, 13801 MHz, 0x0000000000000000, 392.17 W, 54 %, 31668 MiB
2026/10/01 03:37:48.037, 2857 MHz, 13801 MHz, 0x0000000000000000, 385.54 W, 50 %, 31668 MiB
2026/10/01 03:37:48.550, 2857 MHz, 13801 MHz, 0x0000000000000000, 379.17 W, 52 %, 31668 MiB
2026/10/01 03:37:49.060, 2857 MHz, 13801 MHz, 0x0000000000000000, 369.72 W, 57 %, 31668 MiB
2026/10/01 03:37:49.561, 2857 MHz, 13801 MHz, 0x0000000000000000, 374.85 W, 58 %, 31668 MiB
2026/10/01 03:37:50.074, 2857 MHz, 13801 MHz, 0x0000000000000000, 388.71 W, 53 %, 31668 MiB
2026/10/01 03:37:50.589, 2857 MHz, 13801 MHz, 0x0000000000000000, 390.80 W, 52 %, 31668 MiB
2026/10/01 03:37:51.101, 2850 MHz, 13801 MHz, 0x0000000000000000, 393.60 W, 54 %, 31668 MiB
2026/10/01 03:37:51.613, 2850 MHz, 13801 MHz, 0x0000000000000000, 391.93 W, 54 %, 31668 MiB
2026/10/01 03:37:52.127, 2857 MHz, 13801 MHz, 0x0000000000000000, 391.30 W, 48 %, 31668 MiB
2026/10/01 03:37:52.637, 2850 MHz, 13801 MHz, 0x0000000000000000, 392.09 W, 55 %, 31668 MiB
2026/10/01 03:37:53.148, 2857 MHz, 13801 MHz, 0x0000000000000000, 387.01 W, 55 %, 31668 MiB
2026/10/01 03:37:53.662, 2857 MHz, 13801 MHz, 0x0000000000000000, 382.94 W, 65 %, 31668 MiB
2026/10/01 03:37:54.173, 2850 MHz, 13801 MHz, 0x0000000000000000, 381.10 W, 46 %, 31668 MiB
2026/10/01 03:37:54.685, 2857 MHz, 13801 MHz, 0x0000000000000000, 371.63 W, 55 %, 31668 MiB
2026/10/01 03:37:55.192, 2850 MHz, 13801 MHz, 0x0000000000000000, 377.05 W, 56 %, 31668 MiB
2026/10/01 03:37:55.704, 2850 MHz, 13801 MHz, 0x0000000000000000, 393.61 W, 60 %, 31668 MiB
2026/10/01 03:37:56.216, 2857 MHz, 13801 MHz, 0x0000000000000000, 389.95 W, 56 %, 31668 MiB
2026/10/01 03:37:56.728, 2850 MHz, 13801 MHz, 0x0000000000000000, 385.90 W, 47 %, 31668 MiB
2026/10/01 03:37:57.238, 2857 MHz, 13801 MHz, 0x0000000000000000, 376.24 W, 53 %, 31668 MiB
2026/10/01 03:37:57.752, 2865 MHz, 13801 MHz, 0x0000000000000000, 345.80 W, 41 %, 31668 MiB
2026/10/01 03:37:58.262, 2857 MHz, 13801 MHz, 0x0000000000000000, 332.07 W, 45 %, 31668 MiB
2026/10/01 03:37:58.775, 2857 MHz, 13801 MHz, 0x0000000000000000, 340.14 W, 55 %, 31671 MiB
2026/10/01 03:37:59.285, 2857 MHz, 13801 MHz, 0x0000000000000000, 362.12 W, 54 %, 31668 MiB
2026/10/01 03:37:59.796, 2857 MHz, 13801 MHz, 0x0000000000000000, 384.08 W, 55 %, 31668 MiB
2026/10/01 03:38:00.304, 2857 MHz, 13801 MHz, 0x0000000000000004, 388.90 W, 71 %, 31668 MiB
2026/10/01 03:38:00.817, 2850 MHz, 13801 MHz, 0x0000000000000000, 393.89 W, 55 %, 31668 MiB
2026/10/01 03:38:01.332, 2857 MHz, 13801 MHz, 0x0000000000000000, 392.98 W, 55 %, 31668 MiB
2026/10/01 03:38:01.841, 2857 MHz, 13801 MHz, 0x0000000000000000, 388.11 W, 56 %, 31668 MiB
2026/10/01 03:38:02.355, 2850 MHz, 13801 MHz, 0x0000000000000000, 386.43 W, 56 %, 31668 MiB
2026/10/01 03:38:02.867, 2850 MHz, 13801 MHz, 0x0000000000000000, 395.75 W, 58 %, 31668 MiB
2026/10/01 03:38:03.379, 2835 MHz, 13801 MHz, 0x0000000000000000, 416.41 W, 84 %, 31668 MiB
2026/10/01 03:38:03.889, 2842 MHz, 13801 MHz, 0x0000000000000000, 420.80 W, 55 %, 31668 MiB
2026/10/01 03:38:04.402, 2865 MHz, 13801 MHz, 0x0000000000000000, 410.51 W, 70 %, 31668 MiB
2026/10/01 03:38:04.912, 2850 MHz, 13801 MHz, 0x0000000000000004, 414.76 W, 84 %, 31668 MiB
2026/10/01 03:38:05.424, 2842 MHz, 13801 MHz, 0x0000000000000000, 426.42 W, 61 %, 31668 MiB
2026/10/01 03:38:05.932, 2850 MHz, 13801 MHz, 0x0000000000000000, 426.25 W, 61 %, 31668 MiB
2026/10/01 03:38:06.444, 2857 MHz, 13801 MHz, 0x0000000000000004, 407.74 W, 99 %, 31668 MiB
2026/10/01 03:38:06.954, 2850 MHz, 13801 MHz, 0x0000000000000000, 412.62 W, 59 %, 31668 MiB
2026/10/01 03:38:07.464, 2812 MHz, 13801 MHz, 0x0000000000000004, 451.43 W, 99 %, 31668 MiB
2026/10/01 03:38:07.978, 2812 MHz, 13801 MHz, 0x0000000000000004, 459.80 W, 99 %, 31668 MiB
2026/10/01 03:38:08.490, 2797 MHz, 13801 MHz, 0x0000000000000004, 487.87 W, 99 %, 31668 MiB
2026/10/01 03:38:09.001, 2835 MHz, 13801 MHz, 0x0000000000000000, 474.50 W, 45 %, 31668 MiB
2026/10/01 03:38:09.510, 2805 MHz, 13801 MHz, 0x0000000000000004, 474.45 W, 99 %, 31668 MiB
2026/10/01 03:38:10.021, 2827 MHz, 13801 MHz, 0x0000000000000004, 468.50 W, 99 %, 31668 MiB
2026/10/01 03:38:10.533, 2805 MHz, 13801 MHz, 0x0000000000000000, 478.83 W, 62 %, 31668 MiB
2026/10/01 03:38:11.044, 2857 MHz, 13801 MHz, 0x0000000000000000, 440.15 W, 49 %, 31668 MiB
2026/10/01 03:38:11.555, 2835 MHz, 13801 MHz, 0x0000000000000000, 386.34 W, 69 %, 31668 MiB
2026/10/01 03:38:12.064, 2857 MHz, 13801 MHz, 0x0000000000000000, 381.67 W, 56 %, 31668 MiB
2026/10/01 03:38:12.574, 2842 MHz, 13801 MHz, 0x0000000000000004, 412.14 W, 99 %, 31668 MiB
2026/10/01 03:38:13.083, 2857 MHz, 13801 MHz, 0x0000000000000000, 428.15 W, 52 %, 31668 MiB
2026/10/01 03:38:13.598, 2835 MHz, 13801 MHz, 0x0000000000000004, 434.64 W, 88 %, 31668 MiB
2026/10/01 03:38:14.110, 2835 MHz, 13801 MHz, 0x0000000000000000, 421.13 W, 53 %, 31668 MiB
2026/10/01 03:38:14.622, 2857 MHz, 13801 MHz, 0x0000000000000000, 411.71 W, 56 %, 31668 MiB
2026/10/01 03:38:15.134, 2850 MHz, 13801 MHz, 0x0000000000000000, 391.09 W, 58 %, 31668 MiB
2026/10/01 03:38:15.649, 2850 MHz, 13801 MHz, 0x0000000000000000, 405.35 W, 58 %, 31668 MiB
2026/10/01 03:38:16.159, 2857 MHz, 13801 MHz, 0x0000000000000004, 411.56 W, 99 %, 31668 MiB
2026/10/01 03:38:16.670, 2850 MHz, 13801 MHz, 0x0000000000000000, 408.55 W, 50 %, 31668 MiB
2026/10/01 03:38:17.178, 2857 MHz, 13801 MHz, 0x0000000000000000, 388.16 W, 50 %, 31668 MiB
2026/10/01 03:38:17.688, 2857 MHz, 13801 MHz, 0x0000000000000000, 365.60 W, 52 %, 31668 MiB
2026/10/01 03:38:18.196, 2850 MHz, 13801 MHz, 0x0000000000000000, 370.40 W, 53 %, 31668 MiB
2026/10/01 03:38:18.706, 2857 MHz, 13801 MHz, 0x0000000000000000, 364.58 W, 44 %, 31668 MiB
2026/10/01 03:38:19.217, 2857 MHz, 13801 MHz, 0x0000000000000000, 346.27 W, 44 %, 31668 MiB
2026/10/01 03:38:19.727, 2865 MHz, 13801 MHz, 0x0000000000000000, 328.34 W, 42 %, 31673 MiB
2026/10/01 03:38:20.235, 2857 MHz, 13801 MHz, 0x0000000000000000, 336.93 W, 50 %, 31673 MiB
2026/10/01 03:38:20.746, 2857 MHz, 13801 MHz, 0x0000000000000000, 352.17 W, 54 %, 31668 MiB
2026/10/01 03:38:21.252, 2872 MHz, 13801 MHz, 0x0000000000000004, 373.14 W, 83 %, 31668 MiB
2026/10/01 03:38:21.762, 2857 MHz, 13801 MHz, 0x0000000000000000, 389.36 W, 55 %, 31668 MiB
2026/10/01 03:38:22.272, 2857 MHz, 13801 MHz, 0x0000000000000000, 388.12 W, 54 %, 31668 MiB
2026/10/01 03:38:22.779, 2850 MHz, 13801 MHz, 0x0000000000000000, 378.25 W, 50 %, 31668 MiB
2026/10/01 03:38:23.290, 2857 MHz, 13801 MHz, 0x0000000000000000, 377.72 W, 50 %, 31668 MiB
2026/10/01 03:38:23.796, 2865 MHz, 13801 MHz, 0x0000000000000000, 358.82 W, 43 %, 31668 MiB
2026/10/01 03:38:24.309, 2857 MHz, 13801 MHz, 0x0000000000000000, 344.87 W, 45 %, 31668 MiB
2026/10/01 03:38:24.809, 2857 MHz, 13801 MHz, 0x0000000000000000, 336.06 W, 48 %, 31668 MiB
2026/10/01 03:38:25.320, 2857 MHz, 13801 MHz, 0x0000000000000000, 334.95 W, 47 %, 31668 MiB
2026/10/01 03:38:25.833, 2857 MHz, 13801 MHz, 0x0000000000000000, 345.38 W, 50 %, 31668 MiB
2026/10/01 03:38:26.344, 2857 MHz, 13801 MHz, 0x0000000000000000, 362.33 W, 57 %, 31668 MiB
2026/10/01 03:38:26.853, 2850 MHz, 13801 MHz, 0x0000000000000000, 382.32 W, 60 %, 31668 MiB
2026/10/01 03:38:27.363, 2857 MHz, 13801 MHz, 0x0000000000000000, 387.50 W, 55 %, 31668 MiB
2026/10/01 03:38:27.873, 2850 MHz, 13801 MHz, 0x0000000000000000, 390.50 W, 57 %, 31668 MiB
2026/10/01 03:38:28.385, 2850 MHz, 13801 MHz, 0x0000000000000000, 392.39 W, 54 %, 31668 MiB
2026/10/01 03:38:28.899, 2857 MHz, 13801 MHz, 0x0000000000000000, 392.75 W, 53 %, 31668 MiB
2026/10/01 03:38:29.413, 2857 MHz, 13801 MHz, 0x0000000000000000, 392.02 W, 50 %, 31668 MiB
2026/10/01 03:38:29.923, 2850 MHz, 13801 MHz, 0x0000000000000000, 394.15 W, 53 %, 31668 MiB
2026/10/01 03:38:30.435, 2857 MHz, 13801 MHz, 0x0000000000000000, 392.62 W, 50 %, 31668 MiB
2026/10/01 03:38:30.946, 2857 MHz, 13801 MHz, 0x0000000000000000, 387.06 W, 56 %, 31668 MiB
2026/10/01 03:38:31.460, 2850 MHz, 13801 MHz, 0x0000000000000000, 392.95 W, 52 %, 31668 MiB
2026/10/01 03:38:31.972, 2857 MHz, 13801 MHz, 0x0000000000000000, 402.06 W, 57 %, 31668 MiB
2026/10/01 03:38:32.485, 2857 MHz, 13801 MHz, 0x0000000000000000, 385.86 W, 56 %, 31668 MiB
2026/10/01 03:38:32.996, 2865 MHz, 13801 MHz, 0x0000000000000000, 376.99 W, 59 %, 31668 MiB
2026/10/01 03:38:33.508, 2850 MHz, 13801 MHz, 0x0000000000000000, 390.00 W, 57 %, 31668 MiB
2026/10/01 03:38:34.021, 2842 MHz, 13801 MHz, 0x0000000000000000, 409.82 W, 59 %, 31668 MiB
2026/10/01 03:38:34.534, 2857 MHz, 13801 MHz, 0x0000000000000000, 393.76 W, 54 %, 31668 MiB
2026/10/01 03:38:35.045, 2865 MHz, 13801 MHz, 0x0000000000000000, 386.80 W, 55 %, 31668 MiB
2026/10/01 03:38:35.556, 2850 MHz, 13801 MHz, 0x0000000000000000, 410.67 W, 67 %, 31668 MiB
2026/10/01 03:38:36.065, 2842 MHz, 13801 MHz, 0x0000000000000004, 422.52 W, 86 %, 31668 MiB
2026/10/01 03:38:36.573, 2835 MHz, 13801 MHz, 0x0000000000000000, 434.41 W, 59 %, 31668 MiB
2026/10/01 03:38:37.084, 2850 MHz, 13801 MHz, 0x0000000000000004, 444.81 W, 83 %, 31668 MiB
2026/10/01 03:38:37.594, 2850 MHz, 13801 MHz, 0x0000000000000004, 445.69 W, 86 %, 31668 MiB
2026/10/01 03:38:38.105, 2805 MHz, 13801 MHz, 0x0000000000000004, 479.11 W, 99 %, 31668 MiB
2026/10/01 03:38:38.618, 2835 MHz, 13801 MHz, 0x0000000000000004, 479.92 W, 77 %, 31668 MiB
2026/10/01 03:38:39.132, 2835 MHz, 13801 MHz, 0x0000000000000000, 435.95 W, 60 %, 31668 MiB
2026/10/01 03:38:39.646, 2835 MHz, 13801 MHz, 0x0000000000000000, 419.19 W, 56 %, 31668 MiB
2026/10/01 03:38:40.158, 2827 MHz, 13801 MHz, 0x0000000000000000, 446.73 W, 45 %, 31668 MiB
2026/10/01 03:38:40.666, 2797 MHz, 13801 MHz, 0x0000000000000004, 466.37 W, 79 %, 31668 MiB
2026/10/01 03:38:41.178, 2857 MHz, 13801 MHz, 0x0000000000000000, 403.94 W, 52 %, 31671 MiB
2026/10/01 03:38:41.689, 2850 MHz, 13801 MHz, 0x0000000000000004, 395.91 W, 99 %, 31671 MiB
2026/10/01 03:38:42.201, 2820 MHz, 13801 MHz, 0x0000000000000000, 443.25 W, 73 %, 31668 MiB
2026/10/01 03:38:42.714, 2872 MHz, 13801 MHz, 0x0000000000000000, 415.33 W, 35 %, 31668 MiB
2026/10/01 03:38:43.225, 2850 MHz, 13801 MHz, 0x0000000000000004, 367.96 W, 75 %, 31668 MiB
2026/10/01 03:38:43.739, 2820 MHz, 13801 MHz, 0x0000000000000000, 406.08 W, 53 %, 31668 MiB
2026/10/01 03:38:44.252, 2850 MHz, 13801 MHz, 0x0000000000000000, 411.53 W, 52 %, 31668 MiB
2026/10/01 03:38:44.753, 2857 MHz, 13801 MHz, 0x0000000000000004, 396.27 W, 75 %, 31668 MiB
2026/10/01 03:38:45.265, 2820 MHz, 13801 MHz, 0x0000000000000000, 407.03 W, 49 %, 31668 MiB
2026/10/01 03:38:45.776, 2902 MHz, 13801 MHz, 0x0000000000000000, 364.90 W, 0 %, 31668 MiB
2026/10/01 03:38:46.285, 2895 MHz, 13801 MHz, 0x0000000000000000, 245.51 W, 49 %, 31848 MiB
2026/10/01 03:38:46.792, 2857 MHz, 13801 MHz, 0x0000000000000000, 265.51 W, 49 %, 31848 MiB
2026/10/01 03:38:47.300, 2857 MHz, 13801 MHz, 0x0000000000000000, 366.04 W, 55 %, 31848 MiB
2026/10/01 03:38:47.808, 2865 MHz, 13801 MHz, 0x0000000000000000, 384.20 W, 47 %, 31848 MiB
2026/10/01 03:38:48.319, 2865 MHz, 13801 MHz, 0x0000000000000000, 368.65 W, 46 %, 31996 MiB
2026/10/01 03:38:48.829, 2865 MHz, 13801 MHz, 0x0000000000000000, 335.04 W, 54 %, 31996 MiB
2026/10/01 03:38:49.341, 2857 MHz, 13801 MHz, 0x0000000000000000, 353.88 W, 56 %, 31996 MiB
2026/10/01 03:38:49.851, 2857 MHz, 13801 MHz, 0x0000000000000000, 374.04 W, 59 %, 31996 MiB
2026/10/01 03:38:50.358, 2857 MHz, 13801 MHz, 0x0000000000000000, 374.05 W, 54 %, 32012 MiB
2026/10/01 03:38:50.866, 2857 MHz, 13801 MHz, 0x0000000000000000, 378.75 W, 58 %, 32012 MiB
2026/10/01 03:38:51.376, 2865 MHz, 13801 MHz, 0x0000000000000000, 366.10 W, 51 %, 31999 MiB
2026/10/01 03:38:51.889, 2857 MHz, 13801 MHz, 0x0000000000000000, 340.23 W, 52 %, 31999 MiB
2026/10/01 03:38:52.401, 2857 MHz, 13801 MHz, 0x0000000000000000, 352.70 W, 58 %, 32043 MiB
2026/10/01 03:38:52.914, 2857 MHz, 13801 MHz, 0x0000000000000000, 384.70 W, 57 %, 32043 MiB
2026/10/01 03:38:53.429, 2857 MHz, 13801 MHz, 0x0000000000000000, 380.65 W, 51 %, 32043 MiB
2026/10/01 03:38:53.939, 2865 MHz, 13801 MHz, 0x0000000000000004, 371.43 W, 69 %, 32043 MiB
2026/10/01 03:38:54.452, 2857 MHz, 13801 MHz, 0x0000000000000000, 369.85 W, 44 %, 32043 MiB
2026/10/01 03:38:54.963, 2857 MHz, 13801 MHz, 0x0000000000000000, 362.58 W, 52 %, 32043 MiB
2026/10/01 03:38:55.477, 2857 MHz, 13801 MHz, 0x0000000000000000, 364.09 W, 56 %, 32043 MiB
2026/10/01 03:38:55.988, 2850 MHz, 13801 MHz, 0x0000000000000000, 386.79 W, 63 %, 32043 MiB
2026/10/01 03:38:56.495, 2857 MHz, 13801 MHz, 0x0000000000000000, 380.26 W, 50 %, 32078 MiB
2026/10/01 03:38:57.003, 2865 MHz, 13801 MHz, 0x0000000000000004, 373.82 W, 83 %, 32078 MiB
2026/10/01 03:38:57.514, 2857 MHz, 13801 MHz, 0x0000000000000000, 368.87 W, 50 %, 32078 MiB
2026/10/01 03:38:58.022, 2850 MHz, 13801 MHz, 0x0000000000000000, 372.48 W, 56 %, 32078 MiB
2026/10/01 03:38:58.533, 2857 MHz, 13801 MHz, 0x0000000000000000, 381.56 W, 54 %, 32078 MiB
2026/10/01 03:38:59.046, 2850 MHz, 13801 MHz, 0x0000000000000000, 381.06 W, 60 %, 32078 MiB
2026/10/01 03:38:59.556, 2857 MHz, 13801 MHz, 0x0000000000000000, 381.94 W, 54 %, 32083 MiB
2026/10/01 03:39:00.069, 2850 MHz, 13801 MHz, 0x0000000000000000, 388.07 W, 59 %, 32083 MiB
2026/10/01 03:39:00.582, 2850 MHz, 13801 MHz, 0x0000000000000000, 382.08 W, 53 %, 31880 MiB
2026/10/01 03:39:01.094, 2850 MHz, 13801 MHz, 0x0000000000000000, 382.36 W, 57 %, 31880 MiB
2026/10/01 03:39:01.605, 2865 MHz, 13801 MHz, 0x0000000000000000, 361.05 W, 41 %, 31909 MiB
2026/10/01 03:39:02.117, 2865 MHz, 13801 MHz, 0x0000000000000000, 329.07 W, 45 %, 31912 MiB
2026/10/01 03:39:02.626, 2865 MHz, 13801 MHz, 0x0000000000000000, 320.64 W, 47 %, 31917 MiB
2026/10/01 03:39:03.137, 2857 MHz, 13801 MHz, 0x0000000000000004, 358.30 W, 99 %, 31912 MiB
2026/10/01 03:39:03.649, 2857 MHz, 13801 MHz, 0x0000000000000000, 382.50 W, 53 %, 31912 MiB
2026/10/01 03:39:04.162, 2857 MHz, 13801 MHz, 0x0000000000000000, 397.40 W, 73 %, 31912 MiB
2026/10/01 03:39:04.673, 2857 MHz, 13801 MHz, 0x0000000000000000, 382.55 W, 43 %, 31912 MiB
2026/10/01 03:39:05.183, 2865 MHz, 13801 MHz, 0x0000000000000000, 359.82 W, 39 %, 31912 MiB
2026/10/01 03:39:05.693, 2857 MHz, 13801 MHz, 0x0000000000000000, 379.34 W, 54 %, 31912 MiB
2026/10/01 03:39:06.204, 2850 MHz, 13801 MHz, 0x0000000000000000, 408.75 W, 55 %, 31912 MiB
2026/10/01 03:39:06.715, 2857 MHz, 13801 MHz, 0x0000000000000004, 408.73 W, 89 %, 31908 MiB
2026/10/01 03:39:07.227, 2842 MHz, 13801 MHz, 0x0000000000000004, 431.88 W, 99 %, 31899 MiB
2026/10/01 03:39:07.736, 2850 MHz, 13801 MHz, 0x0000000000000000, 441.27 W, 55 %, 31899 MiB
2026/10/01 03:39:08.244, 2857 MHz, 13801 MHz, 0x0000000000000004, 422.89 W, 99 %, 31883 MiB
2026/10/01 03:39:08.755, 2857 MHz, 13801 MHz, 0x0000000000000004, 443.67 W, 98 %, 31883 MiB
2026/10/01 03:39:09.267, 2842 MHz, 13801 MHz, 0x0000000000000004, 464.89 W, 99 %, 31883 MiB
2026/10/01 03:39:09.778, 2850 MHz, 13801 MHz, 0x0000000000000000, 436.76 W, 57 %, 31883 MiB
2026/10/01 03:39:10.290, 2865 MHz, 13801 MHz, 0x0000000000000000, 405.32 W, 59 %, 31883 MiB
2026/10/01 03:39:10.805, 2850 MHz, 13801 MHz, 0x0000000000000000, 418.91 W, 49 %, 31883 MiB
2026/10/01 03:39:11.318, 2842 MHz, 13801 MHz, 0x0000000000000000, 433.82 W, 66 %, 31883 MiB
2026/10/01 03:39:11.832, 2865 MHz, 13801 MHz, 0x0000000000000004, 420.75 W, 94 %, 31883 MiB
2026/10/01 03:39:12.340, 2857 MHz, 13801 MHz, 0x0000000000000004, 453.90 W, 99 %, 31883 MiB
2026/10/01 03:39:12.851, 2835 MHz, 13801 MHz, 0x0000000000000000, 463.08 W, 53 %, 31883 MiB
2026/10/01 03:39:13.363, 2857 MHz, 13801 MHz, 0x0000000000000004, 446.81 W, 97 %, 31883 MiB
2026/10/01 03:39:13.875, 2850 MHz, 13801 MHz, 0x0000000000000000, 427.87 W, 66 %, 31883 MiB
2026/10/01 03:39:14.385, 2850 MHz, 13801 MHz, 0x0000000000000000, 425.60 W, 61 %, 31883 MiB
2026/10/01 03:39:14.894, 2857 MHz, 13801 MHz, 0x0000000000000000, 395.67 W, 55 %, 31883 MiB
2026/10/01 03:39:15.406, 2857 MHz, 13801 MHz, 0x0000000000000000, 406.66 W, 53 %, 31883 MiB
2026/10/01 03:39:15.919, 2850 MHz, 13801 MHz, 0x0000000000000000, 394.52 W, 59 %, 31883 MiB
2026/10/01 03:39:16.431, 2857 MHz, 13801 MHz, 0x0000000000000000, 383.16 W, 57 %, 31883 MiB
2026/10/01 03:39:16.942, 2865 MHz, 13801 MHz, 0x0000000000000004, 397.31 W, 99 %, 31883 MiB
2026/10/01 03:39:17.453, 2850 MHz, 13801 MHz, 0x0000000000000000, 419.64 W, 66 %, 31899 MiB
2026/10/01 03:39:17.967, 2850 MHz, 13801 MHz, 0x0000000000000000, 412.88 W, 61 %, 31908 MiB
2026/10/01 03:39:18.476, 2857 MHz, 13801 MHz, 0x0000000000000000, 390.20 W, 82 %, 31908 MiB
2026/10/01 03:39:18.987, 2850 MHz, 13801 MHz, 0x0000000000000000, 387.98 W, 53 %, 31908 MiB
2026/10/01 03:39:19.497, 2857 MHz, 13801 MHz, 0x0000000000000000, 374.93 W, 55 %, 31908 MiB
2026/10/01 03:39:20.010, 2865 MHz, 13801 MHz, 0x0000000000000004, 371.20 W, 67 %, 31908 MiB
2026/10/01 03:39:20.523, 2865 MHz, 13801 MHz, 0x0000000000000000, 383.09 W, 51 %, 31908 MiB
2026/10/01 03:39:21.035, 2857 MHz, 13801 MHz, 0x0000000000000000, 393.02 W, 60 %, 31908 MiB
2026/10/01 03:39:21.543, 2850 MHz, 13801 MHz, 0x0000000000000000, 384.05 W, 55 %, 31900 MiB
2026/10/01 03:39:22.057, 2857 MHz, 13801 MHz, 0x0000000000000000, 389.47 W, 58 %, 31908 MiB
2026/10/01 03:39:22.571, 2857 MHz, 13801 MHz, 0x0000000000000000, 394.17 W, 58 %, 31908 MiB
2026/10/01 03:39:23.081, 2865 MHz, 13801 MHz, 0x0000000000000000, 366.78 W, 49 %, 31908 MiB
2026/10/01 03:39:23.591, 2857 MHz, 13801 MHz, 0x0000000000000000, 345.73 W, 50 %, 31913 MiB
2026/10/01 03:39:24.099, 2872 MHz, 13801 MHz, 0x0000000000000000, 327.22 W, 40 %, 31905 MiB
2026/10/01 03:39:24.605, 2865 MHz, 13801 MHz, 0x0000000000000000, 306.50 W, 49 %, 31900 MiB
2026/10/01 03:39:25.115, 2865 MHz, 13801 MHz, 0x0000000000000000, 333.55 W, 49 %, 31900 MiB
2026/10/01 03:39:25.630, 2857 MHz, 13801 MHz, 0x0000000000000000, 365.63 W, 53 %, 31900 MiB
2026/10/01 03:39:26.139, 2857 MHz, 13801 MHz, 0x0000000000000000, 362.81 W, 55 %, 31900 MiB
2026/10/01 03:39:26.650, 2857 MHz, 13801 MHz, 0x0000000000000000, 362.61 W, 55 %, 31900 MiB
2026/10/01 03:39:27.160, 2857 MHz, 13801 MHz, 0x0000000000000000, 379.37 W, 53 %, 31897 MiB
2026/10/01 03:39:27.666, 2865 MHz, 13801 MHz, 0x0000000000000000, 368.98 W, 53 %, 31886 MiB
2026/10/01 03:39:28.176, 2857 MHz, 13801 MHz, 0x0000000000000000, 369.31 W, 55 %, 31886 MiB
2026/10/01 03:39:28.686, 2857 MHz, 13801 MHz, 0x0000000000000000, 374.21 W, 52 %, 31886 MiB
2026/10/01 03:39:29.196, 2857 MHz, 13801 MHz, 0x0000000000000000, 373.01 W, 52 %, 31886 MiB
2026/10/01 03:39:29.706, 2857 MHz, 13801 MHz, 0x0000000000000000, 366.67 W, 54 %, 31886 MiB
2026/10/01 03:39:30.216, 2857 MHz, 13801 MHz, 0x0000000000000000, 369.14 W, 56 %, 31886 MiB
2026/10/01 03:39:30.726, 2857 MHz, 13801 MHz, 0x0000000000000000, 374.08 W, 56 %, 31886 MiB
2026/10/01 03:39:31.232, 2857 MHz, 13801 MHz, 0x0000000000000000, 370.66 W, 53 %, 31886 MiB
2026/10/01 03:39:31.740, 2857 MHz, 13801 MHz, 0x0000000000000000, 369.45 W, 51 %, 31886 MiB
2026/10/01 03:39:32.249, 2857 MHz, 13801 MHz, 0x0000000000000000, 359.82 W, 50 %, 31886 MiB
2026/10/01 03:39:32.756, 2865 MHz, 13801 MHz, 0x0000000000000000, 354.14 W, 63 %, 31886 MiB
2026/10/01 03:39:33.269, 2857 MHz, 13801 MHz, 0x0000000000000000, 365.99 W, 54 %, 31886 MiB
2026/10/01 03:39:33.782, 2857 MHz, 13801 MHz, 0x0000000000000000, 384.59 W, 59 %, 31886 MiB
2026/10/01 03:39:34.295, 2857 MHz, 13801 MHz, 0x0000000000000000, 394.12 W, 53 %, 31901 MiB
2026/10/01 03:39:34.801, 2857 MHz, 13801 MHz, 0x0000000000000004, 400.08 W, 99 %, 31901 MiB
2026/10/01 03:39:35.314, 2835 MHz, 13801 MHz, 0x0000000000000000, 424.95 W, 70 %, 31901 MiB
2026/10/01 03:39:35.827, 2850 MHz, 13801 MHz, 0x0000000000000000, 414.05 W, 54 %, 31901 MiB
2026/10/01 03:39:36.336, 2857 MHz, 13801 MHz, 0x0000000000000000, 396.17 W, 57 %, 31901 MiB
2026/10/01 03:39:36.846, 2857 MHz, 13801 MHz, 0x0000000000000000, 393.98 W, 59 %, 31901 MiB
2026/10/01 03:39:37.354, 2857 MHz, 13801 MHz, 0x0000000000000000, 382.92 W, 51 %, 31901 MiB
2026/10/01 03:39:37.866, 2842 MHz, 13801 MHz, 0x0000000000000004, 412.43 W, 99 %, 31901 MiB
2026/10/01 03:39:38.380, 2857 MHz, 13801 MHz, 0x0000000000000000, 421.89 W, 48 %, 31901 MiB
2026/10/01 03:39:38.894, 2842 MHz, 13801 MHz, 0x0000000000000000, 429.70 W, 60 %, 31901 MiB
2026/10/01 03:39:39.406, 2857 MHz, 13801 MHz, 0x0000000000000004, 414.60 W, 81 %, 31883 MiB
2026/10/01 03:39:39.915, 2850 MHz, 13801 MHz, 0x0000000000000000, 425.18 W, 80 %, 31883 MiB
2026/10/01 03:39:40.427, 2850 MHz, 13801 MHz, 0x0000000000000000, 420.10 W, 60 %, 31883 MiB
2026/10/01 03:39:40.937, 2857 MHz, 13801 MHz, 0x0000000000000000, 381.29 W, 54 %, 31883 MiB
2026/10/01 03:39:41.444, 2857 MHz, 13801 MHz, 0x0000000000000000, 395.47 W, 58 %, 31883 MiB
2026/10/01 03:39:41.954, 2842 MHz, 13801 MHz, 0x0000000000000004, 450.93 W, 99 %, 31883 MiB
2026/10/01 03:39:42.465, 2857 MHz, 13801 MHz, 0x0000000000000000, 451.50 W, 54 %, 31883 MiB
2026/10/01 03:39:42.975, 2880 MHz, 13801 MHz, 0x0000000000000000, 362.33 W, 35 %, 31883 MiB
2026/10/01 03:39:43.488, 2850 MHz, 13801 MHz, 0x0000000000000000, 352.54 W, 84 %, 31883 MiB
2026/10/01 03:39:44.000, 2857 MHz, 13801 MHz, 0x0000000000000004, 399.61 W, 99 %, 31883 MiB
2026/10/01 03:39:44.508, 2865 MHz, 13801 MHz, 0x0000000000000000, 383.89 W, 47 %, 31883 MiB
2026/10/01 03:39:45.017, 2857 MHz, 13801 MHz, 0x0000000000000000, 350.35 W, 48 %, 31886 MiB
2026/10/01 03:39:45.528, 2835 MHz, 13801 MHz, 0x0000000000000000, 384.06 W, 56 %, 31886 MiB
2026/10/01 03:39:46.038, 2865 MHz, 13801 MHz, 0x0000000000000004, 414.92 W, 83 %, 31883 MiB
2026/10/01 03:39:46.548, 2857 MHz, 13801 MHz, 0x0000000000000000, 393.28 W, 46 %, 31892 MiB
2026/10/01 03:39:47.059, 2842 MHz, 13801 MHz, 0x0000000000000000, 387.00 W, 55 %, 31900 MiB
2026/10/01 03:39:47.570, 2850 MHz, 13801 MHz, 0x0000000000000000, 408.80 W, 57 %, 31900 MiB
2026/10/01 03:39:48.080, 2865 MHz, 13801 MHz, 0x0000000000000000, 400.95 W, 53 %, 31901 MiB
2026/10/01 03:39:48.591, 2857 MHz, 13801 MHz, 0x0000000000000000, 393.55 W, 68 %, 31901 MiB
2026/10/01 03:39:49.103, 2857 MHz, 13801 MHz, 0x0000000000000000, 419.84 W, 57 %, 31901 MiB
2026/10/01 03:39:49.616, 2865 MHz, 13801 MHz, 0x0000000000000000, 400.95 W, 67 %, 31901 MiB
2026/10/01 03:39:50.128, 2857 MHz, 13801 MHz, 0x0000000000000000, 388.28 W, 72 %, 31901 MiB
2026/10/01 03:39:50.638, 2857 MHz, 13801 MHz, 0x0000000000000000, 394.52 W, 59 %, 31901 MiB
2026/10/01 03:39:51.147, 2857 MHz, 13801 MHz, 0x0000000000000000, 390.47 W, 61 %, 31901 MiB
2026/10/01 03:39:51.659, 2850 MHz, 13801 MHz, 0x0000000000000000, 396.92 W, 58 %, 31900 MiB
2026/10/01 03:39:52.169, 2850 MHz, 13801 MHz, 0x0000000000000000, 407.06 W, 63 %, 31898 MiB
2026/10/01 03:39:52.681, 2872 MHz, 13801 MHz, 0x0000000000000004, 416.02 W, 95 %, 31898 MiB
2026/10/01 03:39:53.192, 2857 MHz, 13801 MHz, 0x0000000000000000, 409.68 W, 53 %, 31901 MiB
2026/10/01 03:39:53.703, 2857 MHz, 13801 MHz, 0x0000000000000000, 389.30 W, 51 %, 31901 MiB
2026/10/01 03:39:54.215, 2857 MHz, 13801 MHz, 0x0000000000000000, 357.91 W, 50 %, 31901 MiB
2026/10/01 03:39:54.726, 2857 MHz, 13801 MHz, 0x0000000000000000, 358.47 W, 59 %, 31901 MiB
2026/10/01 03:39:55.240, 2857 MHz, 13801 MHz, 0x0000000000000000, 369.93 W, 61 %, 31901 MiB
2026/10/01 03:39:55.753, 2857 MHz, 13801 MHz, 0x0000000000000000, 383.84 W, 54 %, 31901 MiB
2026/10/01 03:39:56.266, 2857 MHz, 13801 MHz, 0x0000000000000000, 386.32 W, 59 %, 31901 MiB
2026/10/01 03:39:56.780, 2857 MHz, 13801 MHz, 0x0000000000000000, 384.20 W, 52 %, 31901 MiB
2026/10/01 03:39:57.292, 2857 MHz, 13801 MHz, 0x0000000000000000, 399.10 W, 57 %, 31901 MiB
2026/10/01 03:39:57.805, 2857 MHz, 13801 MHz, 0x0000000000000000, 391.96 W, 58 %, 31901 MiB
2026/10/01 03:39:58.315, 2857 MHz, 13801 MHz, 0x0000000000000000, 365.34 W, 54 %, 31883 MiB
2026/10/01 03:39:58.829, 2857 MHz, 13801 MHz, 0x0000000000000000, 366.03 W, 57 %, 31883 MiB
2026/10/01 03:39:59.340, 2857 MHz, 13801 MHz, 0x0000000000000000, 382.67 W, 53 %, 31883 MiB
2026/10/01 03:39:59.851, 2865 MHz, 13801 MHz, 0x0000000000000000, 376.78 W, 52 %, 31883 MiB
2026/10/01 03:40:00.362, 2857 MHz, 13801 MHz, 0x0000000000000000, 355.28 W, 47 %, 31883 MiB
2026/10/01 03:40:00.871, 2857 MHz, 13801 MHz, 0x0000000000000000, 375.03 W, 56 %, 31883 MiB
2026/10/01 03:40:01.383, 2857 MHz, 13801 MHz, 0x0000000000000000, 373.59 W, 57 %, 31883 MiB
2026/10/01 03:40:01.896, 2857 MHz, 13801 MHz, 0x0000000000000000, 367.33 W, 55 %, 31883 MiB
2026/10/01 03:40:02.406, 2850 MHz, 13801 MHz, 0x0000000000000000, 372.89 W, 60 %, 31883 MiB
2026/10/01 03:40:02.917, 2857 MHz, 13801 MHz, 0x0000000000000004, 383.73 W, 81 %, 31883 MiB
2026/10/01 03:40:03.430, 2857 MHz, 13801 MHz, 0x0000000000000000, 395.18 W, 57 %, 31883 MiB
2026/10/01 03:40:03.942, 2857 MHz, 13801 MHz, 0x0000000000000000, 385.80 W, 57 %, 31883 MiB
2026/10/01 03:40:04.455, 2857 MHz, 13801 MHz, 0x0000000000000000, 377.71 W, 56 %, 31883 MiB
2026/10/01 03:40:04.961, 2857 MHz, 13801 MHz, 0x0000000000000000, 386.00 W, 56 %, 31883 MiB
2026/10/01 03:40:05.475, 2872 MHz, 13801 MHz, 0x0000000000000000, 367.19 W, 41 %, 31883 MiB
2026/10/01 03:40:05.984, 2857 MHz, 13801 MHz, 0x0000000000000000, 349.54 W, 51 %, 31888 MiB
2026/10/01 03:40:06.500, 2872 MHz, 13801 MHz, 0x0000000000000000, 344.78 W, 46 %, 31888 MiB
2026/10/01 03:40:07.009, 2857 MHz, 13801 MHz, 0x0000000000000000, 354.58 W, 51 %, 31883 MiB
2026/10/01 03:40:07.519, 2850 MHz, 13801 MHz, 0x0000000000000004, 395.27 W, 90 %, 31883 MiB
2026/10/01 03:40:08.029, 2857 MHz, 13801 MHz, 0x0000000000000000, 397.96 W, 57 %, 31883 MiB
2026/10/01 03:40:08.541, 2865 MHz, 13801 MHz, 0x0000000000000004, 383.33 W, 88 %, 31883 MiB
2026/10/01 03:40:09.054, 2850 MHz, 13801 MHz, 0x0000000000000000, 408.14 W, 61 %, 31883 MiB
2026/10/01 03:40:09.567, 2865 MHz, 13801 MHz, 0x0000000000000004, 423.13 W, 79 %, 31883 MiB
2026/10/01 03:40:10.077, 2857 MHz, 13801 MHz, 0x0000000000000000, 402.20 W, 59 %, 31883 MiB
2026/10/01 03:40:10.578, 2857 MHz, 13801 MHz, 0x0000000000000000, 391.66 W, 58 %, 31883 MiB
2026/10/01 03:40:11.090, 2857 MHz, 13801 MHz, 0x0000000000000004, 401.74 W, 99 %, 31883 MiB
2026/10/01 03:40:11.597, 2865 MHz, 13801 MHz, 0x0000000000000004, 414.94 W, 87 %, 31883 MiB
2026/10/01 03:40:12.107, 2835 MHz, 13801 MHz, 0x0000000000000004, 458.92 W, 99 %, 31883 MiB
2026/10/01 03:40:12.616, 2850 MHz, 13801 MHz, 0x0000000000000000, 467.26 W, 56 %, 31883 MiB
2026/10/01 03:40:13.125, 2857 MHz, 13801 MHz, 0x0000000000000000, 434.92 W, 82 %, 31883 MiB
2026/10/01 03:40:13.637, 2835 MHz, 13801 MHz, 0x0000000000000004, 434.52 W, 99 %, 31883 MiB
2026/10/01 03:40:14.146, 2857 MHz, 13801 MHz, 0x0000000000000000, 419.72 W, 56 %, 31883 MiB
2026/10/01 03:40:14.659, 2857 MHz, 13801 MHz, 0x0000000000000000, 402.61 W, 58 %, 31883 MiB
2026/10/01 03:40:15.169, 2865 MHz, 13801 MHz, 0x0000000000000004, 398.96 W, 99 %, 31883 MiB
2026/10/01 03:40:15.679, 2850 MHz, 13801 MHz, 0x0000000000000000, 411.14 W, 56 %, 31883 MiB
2026/10/01 03:40:16.193, 2865 MHz, 13801 MHz, 0x0000000000000000, 392.02 W, 55 %, 31883 MiB
2026/10/01 03:40:16.703, 2827 MHz, 13801 MHz, 0x0000000000000000, 399.93 W, 59 %, 31883 MiB
2026/10/01 03:40:17.213, 2865 MHz, 13801 MHz, 0x0000000000000000, 412.47 W, 51 %, 31883 MiB
2026/10/01 03:40:17.721, 2850 MHz, 13801 MHz, 0x0000000000000000, 386.10 W, 56 %, 31883 MiB
2026/10/01 03:40:18.232, 2857 MHz, 13801 MHz, 0x0000000000000004, 404.56 W, 87 %, 31883 MiB
2026/10/01 03:40:18.744, 2857 MHz, 13801 MHz, 0x0000000000000000, 422.07 W, 61 %, 31883 MiB
2026/10/01 03:40:19.255, 2850 MHz, 13801 MHz, 0x0000000000000000, 410.10 W, 57 %, 31883 MiB
2026/10/01 03:40:19.767, 2865 MHz, 13801 MHz, 0x0000000000000004, 375.97 W, 56 %, 31883 MiB
2026/10/01 03:40:20.280, 2857 MHz, 13801 MHz, 0x0000000000000000, 374.13 W, 50 %, 31883 MiB
2026/10/01 03:40:20.793, 2850 MHz, 13801 MHz, 0x0000000000000000, 400.18 W, 67 %, 31883 MiB
2026/10/01 03:40:21.302, 2865 MHz, 13801 MHz, 0x0000000000000000, 406.80 W, 84 %, 31883 MiB
2026/10/01 03:40:21.814, 2872 MHz, 13801 MHz, 0x0000000000000000, 374.11 W, 45 %, 31883 MiB
2026/10/01 03:40:22.326, 2850 MHz, 13801 MHz, 0x0000000000000000, 382.83 W, 60 %, 31883 MiB
2026/10/01 03:40:22.840, 2857 MHz, 13801 MHz, 0x0000000000000000, 393.82 W, 53 %, 31883 MiB
2026/10/01 03:40:23.350, 2857 MHz, 13801 MHz, 0x0000000000000000, 389.09 W, 54 %, 31883 MiB
2026/10/01 03:40:23.861, 2872 MHz, 13801 MHz, 0x0000000000000004, 382.18 W, 71 %, 31883 MiB
2026/10/01 03:40:24.372, 2857 MHz, 13801 MHz, 0x0000000000000000, 368.68 W, 55 %, 31883 MiB
2026/10/01 03:40:24.880, 2857 MHz, 13801 MHz, 0x0000000000000000, 367.67 W, 53 %, 31883 MiB
2026/10/01 03:40:25.390, 2857 MHz, 13801 MHz, 0x0000000000000000, 380.03 W, 58 %, 31883 MiB
2026/10/01 03:40:25.899, 2865 MHz, 13801 MHz, 0x0000000000000000, 385.51 W, 73 %, 31883 MiB
2026/10/01 03:40:26.408, 2872 MHz, 13801 MHz, 0x0000000000000000, 376.31 W, 38 %, 31883 MiB
2026/10/01 03:40:26.921, 2865 MHz, 13801 MHz, 0x0000000000000000, 362.15 W, 38 %, 31883 MiB
2026/10/01 03:40:27.433, 2865 MHz, 13801 MHz, 0x0000000000000000, 344.04 W, 39 %, 31888 MiB
2026/10/01 03:40:27.945, 2865 MHz, 13801 MHz, 0x0000000000000000, 315.99 W, 49 %, 31888 MiB
2026/10/01 03:40:28.456, 2857 MHz, 13801 MHz, 0x0000000000000000, 340.73 W, 61 %, 31883 MiB
2026/10/01 03:40:28.970, 2850 MHz, 13801 MHz, 0x0000000000000000, 387.04 W, 58 %, 31883 MiB
2026/10/01 03:40:29.483, 2857 MHz, 13801 MHz, 0x0000000000000000, 400.68 W, 66 %, 31883 MiB
2026/10/01 03:40:29.996, 2857 MHz, 13801 MHz, 0x0000000000000000, 390.36 W, 52 %, 31885 MiB
2026/10/01 03:40:30.508, 2857 MHz, 13801 MHz, 0x0000000000000000, 374.56 W, 66 %, 31885 MiB
2026/10/01 03:40:31.023, 2857 MHz, 13801 MHz, 0x0000000000000000, 388.46 W, 53 %, 31885 MiB
2026/10/01 03:40:31.534, 2857 MHz, 13801 MHz, 0x0000000000000000, 391.75 W, 53 %, 31885 MiB
2026/10/01 03:40:32.046, 2842 MHz, 13801 MHz, 0x0000000000000000, 413.25 W, 53 %, 31885 MiB
2026/10/01 03:40:32.558, 2857 MHz, 13801 MHz, 0x0000000000000000, 415.67 W, 53 %, 31892 MiB
2026/10/01 03:40:33.068, 2850 MHz, 13801 MHz, 0x0000000000000000, 386.17 W, 61 %, 31892 MiB
2026/10/01 03:40:33.574, 2872 MHz, 13801 MHz, 0x0000000000000000, 356.23 W, 48 %, 31951 MiB
2026/10/01 03:40:34.084, 2880 MHz, 13801 MHz, 0x0000000000000000, 313.30 W, 54 %, 31953 MiB
2026/10/01 03:40:34.592, 2865 MHz, 13801 MHz, 0x0000000000000000, 318.15 W, 46 %, 31953 MiB
2026/10/01 03:40:35.100, 2857 MHz, 13801 MHz, 0x0000000000000000, 344.91 W, 50 %, 31944 MiB
2026/10/01 03:40:35.609, 2857 MHz, 13801 MHz, 0x0000000000000000, 345.26 W, 52 %, 31940 MiB
2026/10/01 03:40:36.114, 2872 MHz, 13801 MHz, 0x0000000000000000, 352.11 W, 74 %, 31936 MiB
2026/10/01 03:40:36.625, 2857 MHz, 13801 MHz, 0x0000000000000000, 353.98 W, 51 %, 31932 MiB
2026/10/01 03:40:37.132, 2857 MHz, 13801 MHz, 0x0000000000000000, 360.23 W, 56 %, 31932 MiB
2026/10/01 03:40:37.642, 2865 MHz, 13801 MHz, 0x0000000000000000, 362.41 W, 50 %, 31932 MiB
2026/10/01 03:40:38.151, 2835 MHz, 13801 MHz, 0x0000000000000000, 390.38 W, 50 %, 31927 MiB
2026/10/01 03:40:38.660, 2865 MHz, 13801 MHz, 0x0000000000000000, 381.16 W, 63 %, 31904 MiB
2026/10/01 03:40:39.168, 2865 MHz, 13801 MHz, 0x0000000000000004, 397.03 W, 99 %, 31899 MiB
2026/10/01 03:40:39.675, 2857 MHz, 13801 MHz, 0x0000000000000000, 418.58 W, 55 %, 31899 MiB
2026/10/01 03:40:40.183, 2857 MHz, 13801 MHz, 0x0000000000000000, 390.40 W, 45 %, 31899 MiB
2026/10/01 03:40:40.689, 2857 MHz, 13801 MHz, 0x0000000000000000, 344.82 W, 46 %, 31899 MiB
2026/10/01 03:40:41.197, 2865 MHz, 13801 MHz, 0x0000000000000000, 331.49 W, 38 %, 31889 MiB
2026/10/01 03:40:41.709, 2872 MHz, 13801 MHz, 0x0000000000000000, 349.10 W, 48 %, 31887 MiB
2026/10/01 03:40:42.221, 2857 MHz, 13801 MHz, 0x0000000000000000, 372.07 W, 66 %, 31887 MiB
2026/10/01 03:40:42.735, 2865 MHz, 13801 MHz, 0x0000000000000000, 382.40 W, 71 %, 31887 MiB
2026/10/01 03:40:43.244, 2857 MHz, 13801 MHz, 0x0000000000000000, 373.81 W, 73 %, 31887 MiB
2026/10/01 03:40:43.756, 2842 MHz, 13801 MHz, 0x0000000000000004, 412.04 W, 92 %, 31887 MiB
2026/10/01 03:40:44.266, 2835 MHz, 13801 MHz, 0x0000000000000004, 450.42 W, 98 %, 31894 MiB
2026/10/01 03:40:44.778, 2850 MHz, 13801 MHz, 0x0000000000000000, 436.48 W, 57 %, 31895 MiB
2026/10/01 03:40:45.291, 2872 MHz, 13801 MHz, 0x0000000000000000, 393.64 W, 53 %, 31931 MiB
2026/10/01 03:40:45.800, 2872 MHz, 13801 MHz, 0x0000000000000000, 354.22 W, 34 %, 31961 MiB
2026/10/01 03:40:46.308, 2872 MHz, 13801 MHz, 0x0000000000000000, 322.80 W, 44 %, 31966 MiB
2026/10/01 03:40:46.822, 2842 MHz, 13801 MHz, 0x0000000000000000, 372.07 W, 58 %, 31964 MiB
2026/10/01 03:40:47.333, 2865 MHz, 13801 MHz, 0x0000000000000004, 414.35 W, 65 %, 31959 MiB
2026/10/01 03:40:47.840, 2857 MHz, 13801 MHz, 0x0000000000000000, 369.92 W, 40 %, 31959 MiB
2026/10/01 03:40:48.349, 2850 MHz, 13801 MHz, 0x0000000000000000, 367.10 W, 44 %, 31962 MiB
2026/10/01 03:40:48.860, 2857 MHz, 13801 MHz, 0x0000000000000000, 375.86 W, 53 %, 31965 MiB
2026/10/01 03:40:49.367, 2857 MHz, 13801 MHz, 0x0000000000000000, 370.84 W, 58 %, 31955 MiB
2026/10/01 03:40:49.880, 2857 MHz, 13801 MHz, 0x0000000000000000, 373.29 W, 69 %, 31952 MiB
2026/10/01 03:40:50.396, 2850 MHz, 13801 MHz, 0x0000000000000000, 384.03 W, 54 %, 31916 MiB
2026/10/01 03:40:50.909, 2865 MHz, 13801 MHz, 0x0000000000000000, 389.93 W, 67 %, 31910 MiB
2026/10/01 03:40:51.422, 2857 MHz, 13801 MHz, 0x0000000000000004, 399.85 W, 88 %, 31910 MiB
2026/10/01 03:40:51.936, 2842 MHz, 13801 MHz, 0x0000000000000000, 421.45 W, 63 %, 31910 MiB
2026/10/01 03:40:52.448, 2850 MHz, 13801 MHz, 0x0000000000000000, 412.54 W, 71 %, 31901 MiB
2026/10/01 03:40:52.962, 2857 MHz, 13801 MHz, 0x0000000000000000, 414.41 W, 59 %, 31901 MiB
2026/10/01 03:40:53.474, 2857 MHz, 13801 MHz, 0x0000000000000000, 428.07 W, 59 %, 31901 MiB
2026/10/01 03:40:53.989, 2865 MHz, 13801 MHz, 0x0000000000000000, 385.20 W, 40 %, 31901 MiB
2026/10/01 03:40:54.500, 2865 MHz, 13801 MHz, 0x0000000000000004, 343.57 W, 99 %, 31929 MiB
2026/10/01 03:40:55.011, 2865 MHz, 13801 MHz, 0x0000000000000000, 342.93 W, 53 %, 31929 MiB
2026/10/01 03:40:55.522, 2835 MHz, 13801 MHz, 0x0000000000000000, 390.20 W, 65 %, 31929 MiB
2026/10/01 03:40:56.033, 2850 MHz, 13801 MHz, 0x0000000000000000, 411.43 W, 64 %, 31926 MiB
2026/10/01 03:40:56.543, 2842 MHz, 13801 MHz, 0x0000000000000000, 409.51 W, 56 %, 31926 MiB
2026/10/01 03:40:57.053, 2857 MHz, 13801 MHz, 0x0000000000000000, 416.54 W, 65 %, 31926 MiB
2026/10/01 03:40:57.562, 2850 MHz, 13801 MHz, 0x0000000000000004, 426.61 W, 93 %, 31926 MiB
2026/10/01 03:40:58.072, 2835 MHz, 13801 MHz, 0x0000000000000000, 436.90 W, 60 %, 31926 MiB
2026/10/01 03:40:58.580, 2857 MHz, 13801 MHz, 0x0000000000000000, 426.74 W, 58 %, 31926 MiB
2026/10/01 03:40:59.092, 2850 MHz, 13801 MHz, 0x0000000000000000, 419.72 W, 70 %, 31926 MiB
2026/10/01 03:40:59.603, 2850 MHz, 13801 MHz, 0x0000000000000004, 427.58 W, 80 %, 31926 MiB
2026/10/01 03:41:00.113, 2850 MHz, 13801 MHz, 0x0000000000000000, 413.17 W, 52 %, 31926 MiB
2026/10/01 03:41:00.628, 2857 MHz, 13801 MHz, 0x0000000000000000, 381.82 W, 52 %, 31926 MiB
2026/10/01 03:41:01.140, 2857 MHz, 13801 MHz, 0x0000000000000000, 369.99 W, 41 %, 31926 MiB
2026/10/01 03:41:01.652, 2857 MHz, 13801 MHz, 0x0000000000000000, 387.45 W, 62 %, 31926 MiB
2026/10/01 03:41:02.166, 2865 MHz, 13801 MHz, 0x0000000000000000, 405.37 W, 54 %, 31926 MiB
2026/10/01 03:41:02.675, 2827 MHz, 13801 MHz, 0x0000000000000000, 417.76 W, 59 %, 31926 MiB
2026/10/01 03:41:03.190, 2850 MHz, 13801 MHz, 0x0000000000000000, 423.25 W, 63 %, 31926 MiB
2026/10/01 03:41:03.703, 2857 MHz, 13801 MHz, 0x0000000000000000, 400.18 W, 52 %, 31925 MiB
2026/10/01 03:41:04.214, 2850 MHz, 13801 MHz, 0x0000000000000000, 393.37 W, 64 %, 31925 MiB
2026/10/01 03:41:04.726, 2857 MHz, 13801 MHz, 0x0000000000000000, 396.72 W, 70 %, 31925 MiB
2026/10/01 03:41:05.239, 2827 MHz, 13801 MHz, 0x0000000000000000, 406.51 W, 48 %, 31927 MiB
2026/10/01 03:41:05.752, 2857 MHz, 13801 MHz, 0x0000000000000000, 400.71 W, 51 %, 31927 MiB
2026/10/01 03:41:06.258, 2865 MHz, 13801 MHz, 0x0000000000000000, 375.90 W, 52 %, 31925 MiB
2026/10/01 03:41:06.766, 2850 MHz, 13801 MHz, 0x0000000000000000, 381.42 W, 57 %, 31925 MiB
2026/10/01 03:41:07.277, 2857 MHz, 13801 MHz, 0x0000000000000000, 385.10 W, 68 %, 31927 MiB
2026/10/01 03:41:07.787, 2857 MHz, 13801 MHz, 0x0000000000000000, 394.99 W, 49 %, 31927 MiB
2026/10/01 03:41:08.297, 2850 MHz, 13801 MHz, 0x0000000000000000, 418.27 W, 59 %, 31925 MiB
2026/10/01 03:41:08.807, 2850 MHz, 13801 MHz, 0x0000000000000000, 409.81 W, 59 %, 31925 MiB
2026/10/01 03:41:09.321, 2857 MHz, 13801 MHz, 0x0000000000000000, 381.92 W, 43 %, 31925 MiB
2026/10/01 03:41:09.833, 2857 MHz, 13801 MHz, 0x0000000000000000, 349.15 W, 41 %, 31930 MiB
2026/10/01 03:41:10.348, 2857 MHz, 13801 MHz, 0x0000000000000000, 346.31 W, 53 %, 31930 MiB
2026/10/01 03:41:10.857, 2835 MHz, 13801 MHz, 0x0000000000000000, 373.80 W, 51 %, 31925 MiB
2026/10/01 03:41:11.368, 2857 MHz, 13801 MHz, 0x0000000000000000, 406.76 W, 69 %, 31925 MiB
2026/10/01 03:41:11.880, 2820 MHz, 13801 MHz, 0x0000000000000000, 422.55 W, 56 %, 31925 MiB
2026/10/01 03:41:12.394, 2857 MHz, 13801 MHz, 0x0000000000000000, 436.26 W, 60 %, 31925 MiB
2026/10/01 03:41:12.903, 2850 MHz, 13801 MHz, 0x0000000000000004, 432.09 W, 99 %, 31925 MiB
2026/10/01 03:41:13.416, 2835 MHz, 13801 MHz, 0x0000000000000000, 447.81 W, 65 %, 31925 MiB
2026/10/01 03:41:13.929, 2857 MHz, 13801 MHz, 0x0000000000000000, 441.73 W, 53 %, 31925 MiB
2026/10/01 03:41:14.442, 2842 MHz, 13801 MHz, 0x0000000000000000, 427.32 W, 62 %, 31925 MiB
2026/10/01 03:41:14.949, 2857 MHz, 13801 MHz, 0x0000000000000000, 422.47 W, 62 %, 31925 MiB
2026/10/01 03:41:15.461, 2850 MHz, 13801 MHz, 0x0000000000000000, 417.15 W, 54 %, 31925 MiB
2026/10/01 03:41:15.972, 2820 MHz, 13801 MHz, 0x0000000000000004, 443.06 W, 99 %, 31925 MiB
2026/10/01 03:41:16.486, 2835 MHz, 13801 MHz, 0x0000000000000000, 446.69 W, 66 %, 31925 MiB
2026/10/01 03:41:16.998, 2857 MHz, 13801 MHz, 0x0000000000000000, 440.86 W, 59 %, 31925 MiB
2026/10/01 03:41:17.511, 2805 MHz, 13801 MHz, 0x0000000000000000, 443.41 W, 61 %, 31925 MiB
2026/10/01 03:41:18.024, 2812 MHz, 13801 MHz, 0x0000000000000000, 461.84 W, 60 %, 31925 MiB
2026/10/01 03:41:18.539, 2842 MHz, 13801 MHz, 0x0000000000000000, 456.80 W, 57 %, 31925 MiB
2026/10/01 03:41:19.050, 2857 MHz, 13801 MHz, 0x0000000000000000, 427.72 W, 48 %, 31925 MiB
2026/10/01 03:41:19.562, 2857 MHz, 13801 MHz, 0x0000000000000000, 415.27 W, 59 %, 31925 MiB
2026/10/01 03:41:20.073, 2842 MHz, 13801 MHz, 0x0000000000000000, 417.84 W, 78 %, 31925 MiB
2026/10/01 03:41:20.584, 2835 MHz, 13801 MHz, 0x0000000000000000, 433.42 W, 61 %, 31925 MiB
2026/10/01 03:41:21.096, 2865 MHz, 13801 MHz, 0x0000000000000000, 410.48 W, 77 %, 31925 MiB
2026/10/01 03:41:21.609, 2850 MHz, 13801 MHz, 0x0000000000000000, 391.84 W, 52 %, 31925 MiB
2026/10/01 03:41:22.120, 2842 MHz, 13801 MHz, 0x0000000000000000, 402.99 W, 58 %, 31925 MiB
2026/10/01 03:41:22.632, 2850 MHz, 13801 MHz, 0x0000000000000000, 418.03 W, 55 %, 31925 MiB
2026/10/01 03:41:23.140, 2850 MHz, 13801 MHz, 0x0000000000000000, 408.64 W, 56 %, 31925 MiB
2026/10/01 03:41:23.653, 2835 MHz, 13801 MHz, 0x0000000000000000, 404.39 W, 66 %, 31925 MiB
2026/10/01 03:41:24.163, 2857 MHz, 13801 MHz, 0x0000000000000000, 409.47 W, 53 %, 31925 MiB
2026/10/01 03:41:24.674, 2857 MHz, 13801 MHz, 0x0000000000000000, 386.05 W, 56 %, 31925 MiB
2026/10/01 03:41:25.187, 2857 MHz, 13801 MHz, 0x0000000000000000, 401.60 W, 57 %, 31925 MiB
2026/10/01 03:41:25.700, 2835 MHz, 13801 MHz, 0x0000000000000004, 428.44 W, 99 %, 31925 MiB
2026/10/01 03:41:26.210, 2850 MHz, 13801 MHz, 0x0000000000000000, 423.52 W, 48 %, 31925 MiB
2026/10/01 03:41:26.721, 2850 MHz, 13801 MHz, 0x0000000000000000, 411.04 W, 84 %, 31925 MiB
2026/10/01 03:41:27.236, 2842 MHz, 13801 MHz, 0x0000000000000000, 421.30 W, 54 %, 31925 MiB
2026/10/01 03:41:27.746, 2857 MHz, 13801 MHz, 0x0000000000000000, 408.77 W, 50 %, 31925 MiB
2026/10/01 03:41:28.258, 2850 MHz, 13801 MHz, 0x0000000000000000, 390.70 W, 61 %, 31925 MiB
2026/10/01 03:41:28.769, 2857 MHz, 13801 MHz, 0x0000000000000000, 399.57 W, 68 %, 31927 MiB
2026/10/01 03:41:29.278, 2842 MHz, 13801 MHz, 0x0000000000000000, 421.99 W, 81 %, 31925 MiB
2026/10/01 03:41:29.790, 2865 MHz, 13801 MHz, 0x0000000000000004, 424.48 W, 67 %, 31925 MiB
2026/10/01 03:41:30.304, 2857 MHz, 13801 MHz, 0x0000000000000000, 405.08 W, 48 %, 31925 MiB
2026/10/01 03:41:30.818, 2857 MHz, 13801 MHz, 0x0000000000000000, 371.72 W, 52 %, 31925 MiB
2026/10/01 03:41:31.326, 2857 MHz, 13801 MHz, 0x0000000000000000, 355.05 W, 47 %, 31927 MiB
2026/10/01 03:41:31.837, 2850 MHz, 13801 MHz, 0x0000000000000000, 388.65 W, 65 %, 31927 MiB
2026/10/01 03:41:32.347, 2857 MHz, 13801 MHz, 0x0000000000000000, 408.21 W, 62 %, 31925 MiB
2026/10/01 03:41:32.856, 2857 MHz, 13801 MHz, 0x0000000000000004, 407.18 W, 66 %, 31925 MiB
2026/10/01 03:41:33.365, 2857 MHz, 13801 MHz, 0x0000000000000004, 419.75 W, 84 %, 31925 MiB
2026/10/01 03:41:33.874, 2842 MHz, 13801 MHz, 0x0000000000000000, 432.06 W, 77 %, 31925 MiB
2026/10/01 03:41:34.386, 2850 MHz, 13801 MHz, 0x0000000000000000, 422.01 W, 55 %, 31925 MiB
2026/10/01 03:41:34.894, 2872 MHz, 13801 MHz, 0x0000000000000000, 374.96 W, 48 %, 31925 MiB
2026/10/01 03:41:35.404, 2857 MHz, 13801 MHz, 0x0000000000000004, 375.56 W, 77 %, 31925 MiB
2026/10/01 03:41:35.914, 2835 MHz, 13801 MHz, 0x0000000000000000, 413.03 W, 62 %, 31925 MiB
2026/10/01 03:41:36.423, 2872 MHz, 13801 MHz, 0x0000000000000000, 418.30 W, 58 %, 31925 MiB
2026/10/01 03:41:36.937, 2820 MHz, 13801 MHz, 0x0000000000000000, 411.23 W, 63 %, 31925 MiB
2026/10/01 03:41:37.450, 2857 MHz, 13801 MHz, 0x0000000000000000, 428.34 W, 59 %, 31925 MiB
2026/10/01 03:41:37.958, 2850 MHz, 13801 MHz, 0x0000000000000000, 426.11 W, 77 %, 31925 MiB
2026/10/01 03:41:38.469, 2850 MHz, 13801 MHz, 0x0000000000000000, 423.58 W, 55 %, 31925 MiB
2026/10/01 03:41:38.982, 2842 MHz, 13801 MHz, 0x0000000000000000, 429.62 W, 62 %, 31925 MiB
2026/10/01 03:41:39.493, 2835 MHz, 13801 MHz, 0x0000000000000004, 432.23 W, 99 %, 31925 MiB
2026/10/01 03:41:40.006, 2865 MHz, 13801 MHz, 0x0000000000000000, 439.05 W, 77 %, 31925 MiB
2026/10/01 03:41:40.516, 2850 MHz, 13801 MHz, 0x0000000000000000, 431.82 W, 59 %, 31925 MiB
2026/10/01 03:41:41.023, 2850 MHz, 13801 MHz, 0x0000000000000004, 449.61 W, 95 %, 31925 MiB
2026/10/01 03:41:41.532, 2857 MHz, 13801 MHz, 0x0000000000000000, 467.34 W, 64 %, 31925 MiB
2026/10/01 03:41:42.040, 2842 MHz, 13801 MHz, 0x0000000000000000, 451.70 W, 77 %, 31925 MiB
2026/10/01 03:41:42.550, 2842 MHz, 13801 MHz, 0x0000000000000000, 420.18 W, 53 %, 31925 MiB
2026/10/01 03:41:43.055, 2865 MHz, 13801 MHz, 0x0000000000000000, 380.12 W, 29 %, 31925 MiB
2026/10/01 03:41:43.565, 2865 MHz, 13801 MHz, 0x0000000000000000, 360.55 W, 53 %, 31925 MiB
2026/10/01 03:41:44.072, 2865 MHz, 13801 MHz, 0x0000000000000000, 364.37 W, 53 %, 31925 MiB
2026/10/01 03:41:44.579, 2850 MHz, 13801 MHz, 0x0000000000000004, 393.01 W, 88 %, 31925 MiB
2026/10/01 03:41:45.087, 2812 MHz, 13801 MHz, 0x0000000000000000, 418.56 W, 50 %, 31925 MiB
2026/10/01 03:41:45.594, 2835 MHz, 13801 MHz, 0x0000000000000000, 419.18 W, 58 %, 31925 MiB
2026/10/01 03:41:46.100, 2835 MHz, 13801 MHz, 0x0000000000000004, 416.54 W, 99 %, 31925 MiB
2026/10/01 03:41:46.611, 2850 MHz, 13801 MHz, 0x0000000000000004, 439.35 W, 82 %, 31925 MiB
2026/10/01 03:41:47.119, 2857 MHz, 13801 MHz, 0x0000000000000000, 413.83 W, 45 %, 31925 MiB
2026/10/01 03:41:47.624, 2857 MHz, 13801 MHz, 0x0000000000000000, 384.50 W, 48 %, 31925 MiB
2026/10/01 03:41:48.133, 2842 MHz, 13801 MHz, 0x0000000000000004, 400.89 W, 88 %, 31925 MiB
2026/10/01 03:41:48.644, 2850 MHz, 13801 MHz, 0x0000000000000000, 417.07 W, 42 %, 31925 MiB
2026/10/01 03:41:49.154, 2857 MHz, 13801 MHz, 0x0000000000000000, 394.64 W, 77 %, 31925 MiB
2026/10/01 03:41:49.665, 2842 MHz, 13801 MHz, 0x0000000000000000, 398.20 W, 53 %, 31925 MiB
2026/10/01 03:41:50.178, 2835 MHz, 13801 MHz, 0x0000000000000000, 418.55 W, 58 %, 31925 MiB
2026/10/01 03:41:50.689, 2842 MHz, 13801 MHz, 0x0000000000000000, 422.27 W, 61 %, 31925 MiB
2026/10/01 03:41:51.196, 2857 MHz, 13801 MHz, 0x0000000000000000, 405.13 W, 55 %, 31927 MiB
2026/10/01 03:41:51.708, 2857 MHz, 13801 MHz, 0x0000000000000000, 378.70 W, 44 %, 31925 MiB
2026/10/01 03:41:52.218, 2857 MHz, 13801 MHz, 0x0000000000000000, 368.58 W, 47 %, 31930 MiB
2026/10/01 03:41:52.731, 2850 MHz, 13801 MHz, 0x0000000000000000, 369.57 W, 59 %, 31930 MiB
2026/10/01 03:41:53.237, 2812 MHz, 13801 MHz, 0x0000000000000000, 421.60 W, 58 %, 31925 MiB
2026/10/01 03:41:53.749, 2857 MHz, 13801 MHz, 0x0000000000000000, 438.45 W, 72 %, 31925 MiB
2026/10/01 03:41:54.260, 2865 MHz, 13801 MHz, 0x0000000000000000, 401.02 W, 60 %, 31925 MiB
2026/10/01 03:41:54.771, 2850 MHz, 13801 MHz, 0x0000000000000000, 394.82 W, 60 %, 31925 MiB
2026/10/01 03:41:55.286, 2857 MHz, 13801 MHz, 0x0000000000000000, 404.08 W, 59 %, 31925 MiB
2026/10/01 03:41:55.798, 2835 MHz, 13801 MHz, 0x0000000000000000, 428.53 W, 63 %, 31925 MiB
2026/10/01 03:41:56.308, 2850 MHz, 13801 MHz, 0x0000000000000000, 419.27 W, 56 %, 31925 MiB
2026/10/01 03:41:56.819, 2850 MHz, 13801 MHz, 0x0000000000000000, 413.48 W, 57 %, 31925 MiB
2026/10/01 03:41:57.331, 2850 MHz, 13801 MHz, 0x0000000000000004, 419.29 W, 76 %, 31925 MiB
2026/10/01 03:41:57.833, 2842 MHz, 13801 MHz, 0x0000000000000000, 433.24 W, 62 %, 31925 MiB
2026/10/01 03:41:58.342, 2857 MHz, 13801 MHz, 0x0000000000000000, 413.52 W, 53 %, 31925 MiB
2026/10/01 03:41:58.853, 2857 MHz, 13801 MHz, 0x0000000000000000, 386.52 W, 28 %, 31925 MiB
2026/10/01 03:41:59.359, 2857 MHz, 13801 MHz, 0x0000000000000000, 384.89 W, 68 %, 31925 MiB
2026/10/01 03:41:59.871, 2850 MHz, 13801 MHz, 0x0000000000000000, 410.22 W, 57 %, 31925 MiB
2026/10/01 03:42:00.381, 2850 MHz, 13801 MHz, 0x0000000000000000, 426.64 W, 59 %, 31925 MiB
2026/10/01 03:42:00.893, 2850 MHz, 13801 MHz, 0x0000000000000000, 411.78 W, 53 %, 31925 MiB
2026/10/01 03:42:01.405, 2827 MHz, 13801 MHz, 0x0000000000000000, 404.08 W, 53 %, 31925 MiB
2026/10/01 03:42:01.917, 2850 MHz, 13801 MHz, 0x0000000000000000, 394.59 W, 60 %, 31925 MiB
2026/10/01 03:42:02.429, 2850 MHz, 13801 MHz, 0x0000000000000000, 386.82 W, 54 %, 31925 MiB
2026/10/01 03:42:02.938, 2850 MHz, 13801 MHz, 0x0000000000000000, 408.93 W, 65 %, 31925 MiB
2026/10/01 03:42:03.449, 2812 MHz, 13801 MHz, 0x0000000000000000, 436.19 W, 60 %, 31925 MiB
2026/10/01 03:42:03.960, 2850 MHz, 13801 MHz, 0x0000000000000000, 437.59 W, 65 %, 31925 MiB
2026/10/01 03:42:04.474, 2850 MHz, 13801 MHz, 0x0000000000000000, 414.52 W, 54 %, 31925 MiB
2026/10/01 03:42:04.986, 2827 MHz, 13801 MHz, 0x0000000000000000, 425.84 W, 60 %, 31925 MiB
2026/10/01 03:42:05.499, 2850 MHz, 13801 MHz, 0x0000000000000000, 426.59 W, 61 %, 31925 MiB
2026/10/01 03:42:06.008, 2850 MHz, 13801 MHz, 0x0000000000000000, 419.60 W, 57 %, 31925 MiB
2026/10/01 03:42:06.518, 2842 MHz, 13801 MHz, 0x0000000000000000, 424.10 W, 71 %, 31925 MiB
2026/10/01 03:42:07.032, 2865 MHz, 13801 MHz, 0x0000000000000000, 428.46 W, 61 %, 31925 MiB
2026/10/01 03:42:07.541, 2857 MHz, 13801 MHz, 0x0000000000000000, 424.87 W, 72 %, 31925 MiB
2026/10/01 03:42:08.052, 2827 MHz, 13801 MHz, 0x0000000000000000, 435.76 W, 60 %, 31925 MiB
2026/10/01 03:42:08.566, 2842 MHz, 13801 MHz, 0x0000000000000000, 459.39 W, 65 %, 31925 MiB
2026/10/01 03:42:09.079, 2850 MHz, 13801 MHz, 0x0000000000000000, 446.32 W, 63 %, 31925 MiB
2026/10/01 03:42:09.589, 2850 MHz, 13801 MHz, 0x0000000000000000, 427.52 W, 57 %, 31925 MiB
2026/10/01 03:42:10.099, 2850 MHz, 13801 MHz, 0x0000000000000000, 421.72 W, 63 %, 31925 MiB
2026/10/01 03:42:10.612, 2850 MHz, 13801 MHz, 0x0000000000000000, 426.78 W, 64 %, 31925 MiB
2026/10/01 03:42:11.125, 2835 MHz, 13801 MHz, 0x0000000000000000, 431.92 W, 55 %, 31925 MiB
2026/10/01 03:42:11.636, 2835 MHz, 13801 MHz, 0x0000000000000000, 434.99 W, 76 %, 31925 MiB
2026/10/01 03:42:12.148, 2827 MHz, 13801 MHz, 0x0000000000000004, 433.42 W, 72 %, 31925 MiB
2026/10/01 03:42:12.661, 2850 MHz, 13801 MHz, 0x0000000000000000, 424.52 W, 48 %, 31927 MiB
2026/10/01 03:42:13.171, 2820 MHz, 13801 MHz, 0x0000000000000004, 396.39 W, 99 %, 31927 MiB
2026/10/01 03:42:13.681, 2842 MHz, 13801 MHz, 0x0000000000000000, 422.04 W, 58 %, 31927 MiB
2026/10/01 03:42:14.191, 2850 MHz, 13801 MHz, 0x0000000000000000, 417.86 W, 56 %, 31925 MiB
2026/10/01 03:42:14.703, 2857 MHz, 13801 MHz, 0x0000000000000000, 420.36 W, 72 %, 31925 MiB
2026/10/01 03:42:15.216, 2857 MHz, 13801 MHz, 0x0000000000000000, 394.07 W, 47 %, 31925 MiB
2026/10/01 03:42:15.728, 2805 MHz, 13801 MHz, 0x0000000000000000, 406.26 W, 60 %, 31925 MiB
2026/10/01 03:42:16.243, 2857 MHz, 13801 MHz, 0x0000000000000000, 420.95 W, 52 %, 31925 MiB
2026/10/01 03:42:16.753, 2797 MHz, 13801 MHz, 0x0000000000000000, 432.05 W, 62 %, 31925 MiB
2026/10/01 03:42:17.263, 2865 MHz, 13801 MHz, 0x0000000000000000, 426.34 W, 54 %, 31925 MiB
2026/10/01 03:42:17.776, 2805 MHz, 13801 MHz, 0x0000000000000000, 434.80 W, 67 %, 31925 MiB
2026/10/01 03:42:18.291, 2850 MHz, 13801 MHz, 0x0000000000000000, 461.62 W, 61 %, 31925 MiB
2026/10/01 03:42:18.802, 2842 MHz, 13801 MHz, 0x0000000000000000, 443.62 W, 68 %, 31925 MiB
2026/10/01 03:42:19.303, 2857 MHz, 13801 MHz, 0x0000000000000000, 429.78 W, 54 %, 31925 MiB
2026/10/01 03:42:19.815, 2842 MHz, 13801 MHz, 0x0000000000000000, 418.01 W, 60 %, 31925 MiB
2026/10/01 03:42:20.328, 2842 MHz, 13801 MHz, 0x0000000000000000, 423.66 W, 54 %, 31925 MiB
2026/10/01 03:42:20.837, 2850 MHz, 13801 MHz, 0x0000000000000000, 430.92 W, 66 %, 31925 MiB
2026/10/01 03:42:21.345, 2850 MHz, 13801 MHz, 0x0000000000000000, 414.74 W, 59 %, 31925 MiB
2026/10/01 03:42:21.857, 2850 MHz, 13801 MHz, 0x0000000000000000, 423.87 W, 72 %, 31925 MiB
2026/10/01 03:42:22.370, 2850 MHz, 13801 MHz, 0x0000000000000000, 436.62 W, 59 %, 31925 MiB
2026/10/01 03:42:22.882, 2842 MHz, 13801 MHz, 0x0000000000000000, 435.83 W, 55 %, 31925 MiB
2026/10/01 03:42:23.392, 2857 MHz, 13801 MHz, 0x0000000000000000, 430.62 W, 61 %, 31925 MiB
2026/10/01 03:42:23.905, 2842 MHz, 13801 MHz, 0x0000000000000000, 416.02 W, 54 %, 31925 MiB
2026/10/01 03:42:24.418, 2850 MHz, 13801 MHz, 0x0000000000000000, 404.10 W, 50 %, 31925 MiB
2026/10/01 03:42:24.931, 2850 MHz, 13801 MHz, 0x0000000000000000, 392.77 W, 59 %, 31925 MiB
2026/10/01 03:42:25.442, 2872 MHz, 13801 MHz, 0x0000000000000004, 385.82 W, 61 %, 31925 MiB
2026/10/01 03:42:25.954, 2850 MHz, 13801 MHz, 0x0000000000000000, 364.64 W, 48 %, 31925 MiB
2026/10/01 03:42:26.464, 2842 MHz, 13801 MHz, 0x0000000000000000, 384.56 W, 71 %, 31925 MiB
2026/10/01 03:42:26.977, 2850 MHz, 13801 MHz, 0x0000000000000000, 416.31 W, 54 %, 31925 MiB
2026/10/01 03:42:27.487, 2850 MHz, 13801 MHz, 0x0000000000000000, 415.78 W, 60 %, 31925 MiB
2026/10/01 03:42:27.999, 2850 MHz, 13801 MHz, 0x0000000000000004, 430.29 W, 79 %, 31925 MiB
2026/10/01 03:42:28.513, 2850 MHz, 13801 MHz, 0x0000000000000000, 438.49 W, 56 %, 31925 MiB
2026/10/01 03:42:29.027, 2842 MHz, 13801 MHz, 0x0000000000000000, 413.08 W, 59 %, 31925 MiB
2026/10/01 03:42:29.537, 2857 MHz, 13801 MHz, 0x0000000000000000, 388.26 W, 52 %, 31925 MiB
2026/10/01 03:42:30.046, 2857 MHz, 13801 MHz, 0x0000000000000000, 389.36 W, 57 %, 31925 MiB
2026/10/01 03:42:30.556, 2850 MHz, 13801 MHz, 0x0000000000000000, 410.90 W, 56 %, 31925 MiB
2026/10/01 03:42:31.066, 2850 MHz, 13801 MHz, 0x0000000000000000, 422.74 W, 64 %, 31925 MiB
2026/10/01 03:42:31.577, 2850 MHz, 13801 MHz, 0x0000000000000000, 421.49 W, 57 %, 31925 MiB
2026/10/01 03:42:32.087, 2812 MHz, 13801 MHz, 0x0000000000000000, 423.92 W, 53 %, 31918 MiB
2026/10/01 03:42:32.601, 2850 MHz, 13801 MHz, 0x0000000000000000, 418.55 W, 52 %, 31918 MiB
2026/10/01 03:42:33.114, 2835 MHz, 13801 MHz, 0x0000000000000000, 420.91 W, 60 %, 31918 MiB
2026/10/01 03:42:33.626, 2850 MHz, 13801 MHz, 0x0000000000000000, 411.93 W, 52 %, 31918 MiB
2026/10/01 03:42:34.137, 2850 MHz, 13801 MHz, 0x0000000000000004, 391.92 W, 71 %, 31921 MiB
2026/10/01 03:42:34.645, 2857 MHz, 13801 MHz, 0x0000000000000000, 383.85 W, 50 %, 31923 MiB
2026/10/01 03:42:35.151, 2850 MHz, 13801 MHz, 0x0000000000000000, 372.73 W, 58 %, 31921 MiB
2026/10/01 03:42:35.661, 2850 MHz, 13801 MHz, 0x0000000000000000, 387.16 W, 60 %, 31918 MiB
2026/10/01 03:42:36.174, 2850 MHz, 13801 MHz, 0x0000000000000000, 422.69 W, 64 %, 31918 MiB
2026/10/01 03:42:36.688, 2797 MHz, 13801 MHz, 0x0000000000000000, 440.81 W, 68 %, 31918 MiB
2026/10/01 03:42:37.199, 2835 MHz, 13801 MHz, 0x0000000000000000, 456.90 W, 62 %, 31918 MiB
2026/10/01 03:42:37.710, 2857 MHz, 13801 MHz, 0x0000000000000000, 429.37 W, 61 %, 31918 MiB
2026/10/01 03:42:38.221, 2857 MHz, 13801 MHz, 0x0000000000000000, 418.91 W, 69 %, 31918 MiB
2026/10/01 03:42:38.733, 2865 MHz, 13801 MHz, 0x0000000000000000, 422.25 W, 61 %, 31918 MiB
2026/10/01 03:42:39.245, 2850 MHz, 13801 MHz, 0x0000000000000000, 424.89 W, 74 %, 31918 MiB
2026/10/01 03:42:39.758, 2842 MHz, 13801 MHz, 0x0000000000000000, 440.21 W, 64 %, 31918 MiB
2026/10/01 03:42:40.269, 2835 MHz, 13801 MHz, 0x0000000000000000, 442.80 W, 58 %, 31918 MiB
2026/10/01 03:42:40.779, 2797 MHz, 13801 MHz, 0x0000000000000000, 445.17 W, 71 %, 31918 MiB
2026/10/01 03:42:41.290, 2820 MHz, 13801 MHz, 0x0000000000000000, 455.61 W, 61 %, 31918 MiB
2026/10/01 03:42:41.802, 2850 MHz, 13801 MHz, 0x0000000000000000, 437.99 W, 77 %, 31918 MiB
2026/10/01 03:42:42.313, 2865 MHz, 13801 MHz, 0x0000000000000004, 408.41 W, 70 %, 31918 MiB
2026/10/01 03:42:42.821, 2865 MHz, 13801 MHz, 0x0000000000000000, 387.13 W, 32 %, 31918 MiB
2026/10/01 03:42:43.328, 2850 MHz, 13801 MHz, 0x0000000000000000, 382.42 W, 57 %, 31918 MiB
2026/10/01 03:42:43.833, 2850 MHz, 13801 MHz, 0x0000000000000000, 397.19 W, 62 %, 31918 MiB
2026/10/01 03:42:44.343, 2850 MHz, 13801 MHz, 0x0000000000000000, 419.53 W, 59 %, 31918 MiB
2026/10/01 03:42:44.851, 2835 MHz, 13801 MHz, 0x0000000000000000, 428.09 W, 57 %, 31918 MiB
2026/10/01 03:42:45.360, 2820 MHz, 13801 MHz, 0x0000000000000000, 444.94 W, 57 %, 31918 MiB
2026/10/01 03:42:45.871, 2857 MHz, 13801 MHz, 0x0000000000000004, 432.02 W, 84 %, 31918 MiB
2026/10/01 03:42:46.380, 2857 MHz, 13801 MHz, 0x0000000000000000, 415.05 W, 50 %, 31918 MiB
2026/10/01 03:42:46.892, 2835 MHz, 13801 MHz, 0x0000000000000000, 430.87 W, 63 %, 31918 MiB
2026/10/01 03:42:47.401, 2820 MHz, 13801 MHz, 0x0000000000000000, 458.91 W, 59 %, 31918 MiB
2026/10/01 03:42:47.912, 2850 MHz, 13801 MHz, 0x0000000000000000, 439.24 W, 55 %, 31918 MiB
2026/10/01 03:42:48.418, 2850 MHz, 13801 MHz, 0x0000000000000000, 407.29 W, 50 %, 31918 MiB
2026/10/01 03:42:48.927, 2842 MHz, 13801 MHz, 0x0000000000000000, 406.63 W, 56 %, 31918 MiB
2026/10/01 03:42:49.440, 2857 MHz, 13801 MHz, 0x0000000000000000, 393.13 W, 54 %, 31918 MiB
2026/10/01 03:42:49.951, 2842 MHz, 13801 MHz, 0x0000000000000000, 394.89 W, 54 %, 31918 MiB
2026/10/01 03:42:50.461, 2850 MHz, 13801 MHz, 0x0000000000000000, 402.36 W, 59 %, 31918 MiB
2026/10/01 03:42:50.968, 2857 MHz, 13801 MHz, 0x0000000000000000, 394.40 W, 57 %, 31918 MiB
2026/10/01 03:42:51.479, 2850 MHz, 13801 MHz, 0x0000000000000000, 387.19 W, 58 %, 31918 MiB
2026/10/01 03:42:51.987, 2850 MHz, 13801 MHz, 0x0000000000000000, 386.85 W, 54 %, 31918 MiB
2026/10/01 03:42:52.495, 2812 MHz, 13801 MHz, 0x0000000000000000, 415.44 W, 55 %, 31918 MiB
2026/10/01 03:42:53.003, 2850 MHz, 13801 MHz, 0x0000000000000000, 425.89 W, 55 %, 31918 MiB
2026/10/01 03:42:53.513, 2865 MHz, 13801 MHz, 0x0000000000000000, 396.11 W, 44 %, 31918 MiB
2026/10/01 03:42:54.021, 2842 MHz, 13801 MHz, 0x0000000000000000, 394.85 W, 68 %, 31918 MiB
2026/10/01 03:42:54.533, 2842 MHz, 13801 MHz, 0x0000000000000000, 387.71 W, 55 %, 31918 MiB
2026/10/01 03:42:55.042, 2857 MHz, 13801 MHz, 0x0000000000000000, 370.84 W, 43 %, 31918 MiB
2026/10/01 03:42:55.556, 2857 MHz, 13801 MHz, 0x0000000000000000, 350.39 W, 42 %, 31918 MiB
2026/10/01 03:42:56.067, 2872 MHz, 13801 MHz, 0x0000000000000004, 345.55 W, 73 %, 31926 MiB
2026/10/01 03:42:56.578, 2865 MHz, 13801 MHz, 0x0000000000000000, 345.85 W, 36 %, 31926 MiB
2026/10/01 03:42:57.088, 2857 MHz, 13801 MHz, 0x0000000000000000, 359.23 W, 48 %, 31918 MiB
2026/10/01 03:42:57.598, 2850 MHz, 13801 MHz, 0x0000000000000000, 367.50 W, 52 %, 31918 MiB
2026/10/01 03:42:58.110, 2850 MHz, 13801 MHz, 0x0000000000000000, 394.67 W, 61 %, 31921 MiB
2026/10/01 03:42:58.620, 2857 MHz, 13801 MHz, 0x0000000000000000, 403.64 W, 82 %, 31921 MiB
2026/10/01 03:42:59.130, 2827 MHz, 13801 MHz, 0x0000000000000000, 402.45 W, 51 %, 31918 MiB
2026/10/01 03:42:59.643, 2865 MHz, 13801 MHz, 0x0000000000000004, 414.77 W, 92 %, 31918 MiB
2026/10/01 03:43:00.153, 2850 MHz, 13801 MHz, 0x0000000000000000, 409.95 W, 56 %, 31918 MiB
2026/10/01 03:43:00.665, 2850 MHz, 13801 MHz, 0x0000000000000000, 415.70 W, 62 %, 31918 MiB
2026/10/01 03:43:01.177, 2842 MHz, 13801 MHz, 0x0000000000000000, 434.48 W, 66 %, 31918 MiB
2026/10/01 03:43:01.690, 2850 MHz, 13801 MHz, 0x0000000000000000, 419.54 W, 55 %, 31918 MiB
2026/10/01 03:43:02.197, 2835 MHz, 13801 MHz, 0x0000000000000000, 426.97 W, 54 %, 31921 MiB
2026/10/01 03:43:02.709, 2850 MHz, 13801 MHz, 0x0000000000000000, 410.92 W, 56 %, 31921 MiB
2026/10/01 03:43:03.221, 2850 MHz, 13801 MHz, 0x0000000000000000, 384.38 W, 54 %, 31918 MiB
2026/10/01 03:43:03.734, 2850 MHz, 13801 MHz, 0x0000000000000000, 388.11 W, 62 %, 31918 MiB
2026/10/01 03:43:04.244, 2850 MHz, 13801 MHz, 0x0000000000000000, 404.75 W, 62 %, 31918 MiB
2026/10/01 03:43:04.754, 2857 MHz, 13801 MHz, 0x0000000000000000, 428.81 W, 61 %, 31918 MiB
2026/10/01 03:43:05.266, 2835 MHz, 13801 MHz, 0x0000000000000000, 450.07 W, 62 %, 31918 MiB
2026/10/01 03:43:05.777, 2857 MHz, 13801 MHz, 0x0000000000000000, 413.26 W, 52 %, 31921 MiB
2026/10/01 03:43:06.287, 2857 MHz, 13801 MHz, 0x0000000000000004, 388.77 W, 99 %, 31918 MiB
2026/10/01 03:43:06.800, 2842 MHz, 13801 MHz, 0x0000000000000004, 433.07 W, 94 %, 31918 MiB
2026/10/01 03:43:07.323, 2857 MHz, 13801 MHz, 0x0000000000000000, 441.62 W, 53 %, 31921 MiB
2026/10/01 03:43:07.838, 2895 MHz, 13801 MHz, 0x0000000000000000, 349.05 W, 0 %, 31918 MiB
2026/10/01 03:43:08.351, 2925 MHz, 13801 MHz, 0x0000000000000000, 205.54 W, 0 %, 31918 MiB
2026/10/01 03:43:08.868, 2925 MHz, 13801 MHz, 0x0000000000000000, 105.46 W, 0 %, 31918 MiB
2026/10/01 03:43:09.382, 2925 MHz, 13801 MHz, 0x0000000000000000, 104.43 W, 0 %, 31918 MiB
2026/10/01 03:43:09.897, 592 MHz, 7001 MHz, 0x0000000000000000, 81.97 W, 0 %, 31918 MiB
2026/10/01 03:43:10.412, 465 MHz, 7001 MHz, 0x0000000000000000, 48.06 W, 0 %, 31918 MiB
2026/10/01 03:43:10.926, 465 MHz, 7001 MHz, 0x0000000000000000, 41.61 W, 0 %, 31918 MiB
2026/10/01 03:43:11.438, 465 MHz, 7001 MHz, 0x0000000000000000, 41.61 W, 0 %, 31918 MiB
2026/10/01 03:43:11.952, 292 MHz, 7001 MHz, 0x0000000000000000, 39.26 W, 0 %, 31918 MiB
2026/10/01 03:43:12.468, 292 MHz, 7001 MHz, 0x0000000000000000, 39.26 W, 0 %, 31918 MiB
2026/10/01 03:43:12.982, 187 MHz, 7001 MHz, 0x0000000000000000, 38.95 W, 0 %, 31918 MiB
2026/10/01 03:43:13.483, 187 MHz, 7001 MHz, 0x0000000000000000, 38.95 W, 0 %, 31918 MiB
2026/10/01 03:43:13.995, 180 MHz, 7001 MHz, 0x0000000000000000, 38.40 W, 0 %, 31918 MiB
2026/10/01 03:43:14.511, 180 MHz, 7001 MHz, 0x0000000000000000, 38.40 W, 0 %, 31918 MiB
2026/10/01 03:43:15.026, 180 MHz, 7001 MHz, 0x0000000000000000, 38.35 W, 0 %, 31918 MiB
2026/10/01 03:43:15.528, 180 MHz, 7001 MHz, 0x0000000000000000, 38.35 W, 0 %, 31918 MiB
2026/10/01 03:43:16.041, 180 MHz, 810 MHz, 0x0000000000000000, 32.81 W, 0 %, 31918 MiB
2026/10/01 03:43:16.554, 180 MHz, 810 MHz, 0x0000000000000000, 32.81 W, 0 %, 31918 MiB
2026/10/01 03:43:17.069, 180 MHz, 810 MHz, 0x0000000000000000, 31.23 W, 0 %, 31923 MiB
2026/10/01 03:43:17.582, 180 MHz, 405 MHz, 0x0000000000000000, 29.06 W, 0 %, 31923 MiB
2026/10/01 03:43:18.097, 180 MHz, 405 MHz, 0x0000000000000000, 28.39 W, 0 %, 31918 MiB
2026/10/01 03:43:18.609, 180 MHz, 405 MHz, 0x0000000000000000, 28.11 W, 0 %, 31918 MiB
2026/10/01 03:43:19.110, 180 MHz, 405 MHz, 0x0000000000000000, 27.82 W, 0 %, 31918 MiB
2026/10/01 03:43:19.625, 180 MHz, 405 MHz, 0x0000000000000000, 27.55 W, 0 %, 31918 MiB
2026/10/01 03:43:20.141, 180 MHz, 405 MHz, 0x0000000000000000, 27.55 W, 0 %, 31918 MiB
2026/10/01 03:43:20.655, 180 MHz, 405 MHz, 0x0000000000000000, 26.72 W, 0 %, 31918 MiB
2026/10/01 03:43:21.170, 180 MHz, 405 MHz, 0x0000000000000000, 26.64 W, 0 %, 31918 MiB
2026/10/01 03:43:21.683, 195 MHz, 405 MHz, 0x0000000000000000, 26.16 W, 0 %, 31918 MiB
2026/10/01 03:43:22.199, 412 MHz, 405 MHz, 0x0000000000000000, 28.37 W, 2 %, 31936 MiB
2026/10/01 03:43:22.713, 187 MHz, 405 MHz, 0x0000000000000000, 30.75 W, 0 %, 31936 MiB
2026/10/01 03:43:23.228, 180 MHz, 405 MHz, 0x0000000000000000, 28.06 W, 0 %, 31936 MiB
2026/10/01 03:43:23.733, 180 MHz, 405 MHz, 0x0000000000000000, 26.98 W, 0 %, 31936 MiB
2026/10/01 03:43:24.248, 180 MHz, 405 MHz, 0x0000000000000000, 26.98 W, 0 %, 31936 MiB
2026/10/01 03:43:24.748, 427 MHz, 810 MHz, 0x0000000000000000, 30.15 W, 67 %, 31936 MiB
2026/10/01 03:43:25.261, 2910 MHz, 13801 MHz, 0x0000000000000000, 92.44 W, 93 %, 31936 MiB
2026/10/01 03:43:25.761, 2910 MHz, 13801 MHz, 0x0000000000000000, 297.71 W, 91 %, 31936 MiB
2026/10/01 03:43:26.272, 2910 MHz, 13801 MHz, 0x0000000000000000, 363.80 W, 75 %, 31936 MiB
2026/10/01 03:43:26.784, 2910 MHz, 13801 MHz, 0x0000000000000000, 363.83 W, 95 %, 31936 MiB
2026/10/01 03:43:27.285, 2910 MHz, 13801 MHz, 0x0000000000000000, 368.58 W, 95 %, 31936 MiB
2026/10/01 03:43:27.801, 2910 MHz, 13801 MHz, 0x0000000000000000, 364.62 W, 95 %, 31936 MiB
2026/10/01 03:43:28.303, 2910 MHz, 13801 MHz, 0x0000000000000000, 364.79 W, 93 %, 31936 MiB
2026/10/01 03:43:28.806, 2910 MHz, 13801 MHz, 0x0000000000000000, 370.54 W, 95 %, 31936 MiB
2026/10/01 03:43:29.320, 2910 MHz, 13801 MHz, 0x0000000000000000, 366.33 W, 94 %, 31938 MiB
2026/10/01 03:43:29.835, 2910 MHz, 13801 MHz, 0x0000000000000000, 364.55 W, 95 %, 31936 MiB
2026/10/01 03:43:30.337, 2910 MHz, 13801 MHz, 0x0000000000000000, 356.71 W, 77 %, 31936 MiB
2026/10/01 03:43:30.838, 2910 MHz, 13801 MHz, 0x0000000000000000, 360.61 W, 95 %, 31936 MiB
2026/10/01 03:43:31.354, 2910 MHz, 13801 MHz, 0x0000000000000000, 374.36 W, 95 %, 31936 MiB
2026/10/01 03:43:31.869, 2910 MHz, 13801 MHz, 0x0000000000000000, 365.09 W, 95 %, 31936 MiB
2026/10/01 03:43:32.383, 2910 MHz, 13801 MHz, 0x0000000000000000, 366.36 W, 95 %, 31936 MiB
2026/10/01 03:43:32.887, 2910 MHz, 13801 MHz, 0x0000000000000000, 366.68 W, 63 %, 31936 MiB
2026/10/01 03:43:33.387, 2910 MHz, 13801 MHz, 0x0000000000000000, 364.33 W, 95 %, 31936 MiB
2026/10/01 03:43:33.902, 2910 MHz, 13801 MHz, 0x0000000000000000, 364.72 W, 95 %, 31936 MiB
2026/10/01 03:43:34.415, 2910 MHz, 13801 MHz, 0x0000000000000000, 365.71 W, 95 %, 31936 MiB
2026/10/01 03:43:34.928, 2910 MHz, 13801 MHz, 0x0000000000000000, 365.75 W, 95 %, 31936 MiB
2026/10/01 03:43:35.442, 2910 MHz, 13801 MHz, 0x0000000000000000, 375.22 W, 95 %, 31936 MiB
2026/10/01 03:43:35.953, 2925 MHz, 13801 MHz, 0x0000000000000000, 255.87 W, 0 %, 31936 MiB
2026/10/01 03:43:36.466, 2925 MHz, 13801 MHz, 0x0000000000000000, 117.74 W, 0 %, 31936 MiB
2026/10/01 03:43:47.463, 180 MHz, 405 MHz, 0x0000000000000000, 23.87 W, 0 %, 31936 MiB
2026/10/01 03:43:47.980, 1357 MHz, 13801 MHz, 0x0000000000000000, 34.35 W, 100 %, 31936 MiB
2026/10/01 03:43:48.480, 2910 MHz, 13801 MHz, 0x0000000000000000, 205.52 W, 94 %, 31936 MiB
2026/10/01 03:43:48.980, 2910 MHz, 13801 MHz, 0x0000000000000000, 361.01 W, 94 %, 31936 MiB
2026/10/01 03:43:49.481, 2910 MHz, 13801 MHz, 0x0000000000000000, 358.37 W, 94 %, 31936 MiB
2026/10/01 03:43:49.983, 2910 MHz, 13801 MHz, 0x0000000000000000, 358.25 W, 94 %, 31936 MiB
2026/10/01 03:43:50.499, 2910 MHz, 13801 MHz, 0x0000000000000000, 368.79 W, 95 %, 31936 MiB
2026/10/01 03:43:51.003, 2910 MHz, 13801 MHz, 0x0000000000000000, 363.97 W, 95 %, 31936 MiB
2026/10/01 03:43:51.517, 2910 MHz, 13801 MHz, 0x0000000000000000, 365.01 W, 95 %, 31938 MiB
2026/10/01 03:43:52.031, 2910 MHz, 13801 MHz, 0x0000000000000000, 359.23 W, 72 %, 31936 MiB
2026/10/01 03:43:52.536, 2910 MHz, 13801 MHz, 0x0000000000000000, 358.69 W, 95 %, 31936 MiB
2026/10/01 03:43:53.050, 2910 MHz, 13801 MHz, 0x0000000000000000, 365.36 W, 95 %, 31936 MiB
2026/10/01 03:43:53.552, 2910 MHz, 13801 MHz, 0x0000000000000000, 362.88 W, 95 %, 31936 MiB
2026/10/01 03:43:54.068, 2910 MHz, 13801 MHz, 0x0000000000000000, 362.45 W, 95 %, 31936 MiB
2026/10/01 03:43:54.578, 2910 MHz, 13801 MHz, 0x0000000000000000, 367.01 W, 74 %, 31936 MiB
2026/10/01 03:43:55.091, 2910 MHz, 13801 MHz, 0x0000000000000000, 361.03 W, 95 %, 31936 MiB
2026/10/01 03:43:55.606, 2910 MHz, 13801 MHz, 0x0000000000000000, 362.65 W, 95 %, 31936 MiB
2026/10/01 03:43:56.117, 2910 MHz, 13801 MHz, 0x0000000000000000, 359.28 W, 95 %, 31936 MiB
2026/10/01 03:43:56.630, 2910 MHz, 13801 MHz, 0x0000000000000000, 359.50 W, 94 %, 31936 MiB
2026/10/01 03:43:57.140, 2910 MHz, 13801 MHz, 0x0000000000000000, 372.59 W, 95 %, 31936 MiB
2026/10/01 03:43:57.650, 2910 MHz, 13801 MHz, 0x0000000000000000, 363.42 W, 95 %, 31936 MiB
2026/10/01 03:43:58.159, 2910 MHz, 13801 MHz, 0x0000000000000000, 364.75 W, 95 %, 31936 MiB
2026/10/01 03:43:58.669, 2910 MHz, 13801 MHz, 0x0000000000000000, 342.18 W, 0 %, 31936 MiB
2026/10/01 03:43:59.181, 2925 MHz, 13801 MHz, 0x0000000000000000, 219.96 W, 0 %, 31941 MiB
2026/10/01 03:43:59.693, 2925 MHz, 13801 MHz, 0x0000000000000000, 97.41 W, 0 %, 31936 MiB
2026/10/01 03:44:00.207, 577 MHz, 7001 MHz, 0x0000000000000000, 81.67 W, 0 %, 31936 MiB
2026/10/01 03:44:00.722, 457 MHz, 7001 MHz, 0x0000000000000000, 51.78 W, 0 %, 31936 MiB
2026/10/01 03:44:01.236, 397 MHz, 7001 MHz, 0x0000000000000000, 37.50 W, 0 %, 31936 MiB
2026/10/01 03:44:01.750, 292 MHz, 7001 MHz, 0x0000000000000000, 37.24 W, 0 %, 31936 MiB
2026/10/01 03:44:02.260, 232 MHz, 7001 MHz, 0x0000000000000000, 37.10 W, 0 %, 31936 MiB
2026/10/01 03:44:02.771, 180 MHz, 7001 MHz, 0x0000000000000000, 36.92 W, 0 %, 31936 MiB
2026/10/01 03:44:03.282, 180 MHz, 7001 MHz, 0x0000000000000000, 36.92 W, 0 %, 31936 MiB
2026/10/01 03:44:03.785, 180 MHz, 7001 MHz, 0x0000000000000000, 36.71 W, 0 %, 31936 MiB
2026/10/01 03:44:04.297, 180 MHz, 7001 MHz, 0x0000000000000000, 36.71 W, 0 %, 31936 MiB
2026/10/01 03:44:04.813, 180 MHz, 7001 MHz, 0x0000000000000000, 36.71 W, 0 %, 31936 MiB
2026/10/01 03:44:05.325, 180 MHz, 7001 MHz, 0x0000000000000000, 36.71 W, 0 %, 31936 MiB
2026/10/01 03:44:05.828, 180 MHz, 7001 MHz, 0x0000000000000000, 28.81 W, 0 %, 31936 MiB
2026/10/01 03:44:06.339, 180 MHz, 810 MHz, 0x0000000000000000, 28.81 W, 0 %, 31936 MiB
2026/10/01 03:44:06.854, 180 MHz, 810 MHz, 0x0000000000000000, 26.99 W, 0 %, 31936 MiB
2026/10/01 03:44:07.368, 180 MHz, 405 MHz, 0x0000000000000000, 26.99 W, 0 %, 31936 MiB
2026/10/01 03:44:07.883, 180 MHz, 405 MHz, 0x0000000000000000, 22.94 W, 0 %, 31936 MiB
2026/10/01 03:44:08.399, 180 MHz, 405 MHz, 0x0000000000000000, 22.94 W, 0 %, 31936 MiB
2026/10/01 03:44:08.911, 180 MHz, 405 MHz, 0x0000000000000000, 22.98 W, 0 %, 31936 MiB
2026/10/01 03:44:09.428, 180 MHz, 405 MHz, 0x0000000000000000, 22.98 W, 0 %, 31936 MiB
2026/10/01 03:44:09.928, 180 MHz, 405 MHz, 0x0000000000000000, 22.87 W, 0 %, 31936 MiB
2026/10/01 03:44:10.442, 180 MHz, 405 MHz, 0x0000000000000000, 22.87 W, 0 %, 31936 MiB
2026/10/01 03:44:10.957, 180 MHz, 405 MHz, 0x0000000000000000, 22.06 W, 0 %, 31936 MiB
2026/10/01 03:44:11.471, 180 MHz, 405 MHz, 0x0000000000000000, 22.06 W, 0 %, 31936 MiB
2026/10/01 03:44:11.982, 180 MHz, 405 MHz, 0x0000000000000000, 21.94 W, 0 %, 31936 MiB
2026/10/01 03:44:12.495, 180 MHz, 405 MHz, 0x0000000000000000, 21.94 W, 0 %, 31936 MiB
2026/10/01 03:44:12.996, 180 MHz, 405 MHz, 0x0000000000000000, 21.73 W, 0 %, 31936 MiB
2026/10/01 03:44:13.498, 180 MHz, 405 MHz, 0x0000000000000000, 21.80 W, 1 %, 31938 MiB
2026/10/01 03:44:14.014, 180 MHz, 405 MHz, 0x0000000000000000, 21.95 W, 0 %, 31936 MiB
2026/10/01 03:44:14.528, 180 MHz, 405 MHz, 0x0000000000000000, 21.71 W, 0 %, 31936 MiB
2026/10/01 03:44:15.042, 172 MHz, 405 MHz, 0x0000000000000000, 21.65 W, 0 %, 31936 MiB
2026/10/01 03:44:15.553, 180 MHz, 405 MHz, 0x0000000000000000, 21.67 W, 0 %, 31936 MiB
2026/10/01 03:44:16.068, 180 MHz, 405 MHz, 0x0000000000000000, 21.67 W, 0 %, 31936 MiB
2026/10/01 03:44:16.577, 180 MHz, 405 MHz, 0x0000000000000000, 21.50 W, 0 %, 31936 MiB
2026/10/01 03:44:17.081, 180 MHz, 405 MHz, 0x0000000000000000, 21.50 W, 0 %, 31936 MiB
2026/10/01 03:44:17.588, 2910 MHz, 13801 MHz, 0x0000000000000000, 70.99 W, 63 %, 31936 MiB
2026/10/01 03:44:18.094, 2865 MHz, 13801 MHz, 0x0000000000000000, 137.95 W, 37 %, 31936 MiB
2026/10/01 03:44:18.600, 2865 MHz, 13801 MHz, 0x0000000000000000, 323.35 W, 44 %, 31936 MiB
2026/10/01 03:44:19.106, 2865 MHz, 13801 MHz, 0x0000000000000000, 332.01 W, 45 %, 31936 MiB
2026/10/01 03:44:19.617, 2865 MHz, 13801 MHz, 0x0000000000000000, 338.20 W, 46 %, 31936 MiB
2026/10/01 03:44:20.118, 2857 MHz, 13801 MHz, 0x0000000000000000, 349.83 W, 45 %, 31938 MiB
2026/10/01 03:44:20.629, 2857 MHz, 13801 MHz, 0x0000000000000000, 350.40 W, 53 %, 31936 MiB
2026/10/01 03:44:21.141, 2857 MHz, 13801 MHz, 0x0000000000000000, 364.24 W, 52 %, 31936 MiB
2026/10/01 03:44:21.653, 2857 MHz, 13801 MHz, 0x0000000000000000, 384.45 W, 54 %, 31936 MiB
2026/10/01 03:44:22.156, 2857 MHz, 13801 MHz, 0x0000000000000000, 387.00 W, 53 %, 31936 MiB
2026/10/01 03:44:22.668, 2857 MHz, 13801 MHz, 0x0000000000000000, 388.55 W, 55 %, 31936 MiB
2026/10/01 03:44:23.181, 2865 MHz, 13801 MHz, 0x0000000000000000, 384.65 W, 54 %, 31936 MiB
2026/10/01 03:44:23.691, 2857 MHz, 13801 MHz, 0x0000000000000000, 390.80 W, 55 %, 31936 MiB
2026/10/01 03:44:24.192, 2857 MHz, 13801 MHz, 0x0000000000000000, 390.01 W, 57 %, 31936 MiB
2026/10/01 03:44:24.703, 2857 MHz, 13801 MHz, 0x0000000000000000, 388.81 W, 54 %, 31936 MiB
2026/10/01 03:44:25.219, 2857 MHz, 13801 MHz, 0x0000000000000000, 392.67 W, 53 %, 31936 MiB
2026/10/01 03:44:25.733, 2857 MHz, 13801 MHz, 0x0000000000000000, 399.74 W, 55 %, 31936 MiB
2026/10/01 03:44:26.246, 2857 MHz, 13801 MHz, 0x0000000000000000, 399.92 W, 55 %, 31936 MiB
2026/10/01 03:44:26.759, 2857 MHz, 13801 MHz, 0x0000000000000000, 398.57 W, 61 %, 31936 MiB
2026/10/01 03:44:27.275, 2857 MHz, 13801 MHz, 0x0000000000000000, 400.28 W, 61 %, 31936 MiB
2026/10/01 03:44:27.790, 2857 MHz, 13801 MHz, 0x0000000000000000, 403.90 W, 55 %, 31936 MiB
2026/10/01 03:44:28.292, 2857 MHz, 13801 MHz, 0x0000000000000000, 405.02 W, 55 %, 31936 MiB
2026/10/01 03:44:28.805, 2857 MHz, 13801 MHz, 0x0000000000000000, 408.67 W, 56 %, 31936 MiB
2026/10/01 03:44:29.317, 2865 MHz, 13801 MHz, 0x0000000000000000, 407.70 W, 60 %, 31936 MiB
2026/10/01 03:44:29.829, 2857 MHz, 13801 MHz, 0x0000000000000000, 404.08 W, 61 %, 31936 MiB
2026/10/01 03:44:30.338, 2865 MHz, 13801 MHz, 0x0000000000000000, 404.63 W, 56 %, 31936 MiB
2026/10/01 03:44:30.848, 2865 MHz, 13801 MHz, 0x0000000000000000, 408.07 W, 63 %, 31936 MiB
2026/10/01 03:44:31.359, 2865 MHz, 13801 MHz, 0x0000000000000000, 407.53 W, 57 %, 31936 MiB
2026/10/01 03:44:31.870, 2865 MHz, 13801 MHz, 0x0000000000000000, 400.69 W, 64 %, 31936 MiB
2026/10/01 03:44:32.379, 2857 MHz, 13801 MHz, 0x0000000000000000, 395.72 W, 59 %, 31936 MiB
2026/10/01 03:44:32.884, 2857 MHz, 13801 MHz, 0x0000000000000000, 407.04 W, 63 %, 31936 MiB
2026/10/01 03:44:33.394, 2865 MHz, 13801 MHz, 0x0000000000000000, 412.83 W, 59 %, 31936 MiB
2026/10/01 03:44:33.904, 2865 MHz, 13801 MHz, 0x0000000000000000, 400.61 W, 53 %, 31936 MiB
2026/10/01 03:44:34.414, 2865 MHz, 13801 MHz, 0x0000000000000000, 394.07 W, 62 %, 31936 MiB
2026/10/01 03:44:34.923, 2857 MHz, 13801 MHz, 0x0000000000000000, 406.67 W, 60 %, 31936 MiB
2026/10/01 03:44:35.436, 2857 MHz, 13801 MHz, 0x0000000000000000, 424.32 W, 59 %, 31938 MiB
2026/10/01 03:44:35.947, 2865 MHz, 13801 MHz, 0x0000000000000000, 415.86 W, 61 %, 31938 MiB
2026/10/01 03:44:36.459, 2857 MHz, 13801 MHz, 0x0000000000000000, 415.39 W, 62 %, 31936 MiB
2026/10/01 03:44:36.970, 2850 MHz, 13801 MHz, 0x0000000000000004, 421.75 W, 98 %, 31936 MiB
2026/10/01 03:44:37.483, 2805 MHz, 13801 MHz, 0x0000000000000004, 455.40 W, 99 %, 31936 MiB
2026/10/01 03:44:37.995, 2805 MHz, 13801 MHz, 0x0000000000000004, 495.96 W, 98 %, 31936 MiB
2026/10/01 03:44:38.502, 2797 MHz, 13801 MHz, 0x0000000000000004, 496.01 W, 99 %, 31936 MiB
2026/10/01 03:44:39.014, 2805 MHz, 13801 MHz, 0x0000000000000004, 496.71 W, 99 %, 31936 MiB
2026/10/01 03:44:39.523, 2805 MHz, 13801 MHz, 0x0000000000000004, 496.71 W, 99 %, 31936 MiB
2026/10/01 03:44:40.031, 2797 MHz, 13801 MHz, 0x0000000000000004, 495.93 W, 99 %, 31936 MiB
2026/10/01 03:44:40.542, 2797 MHz, 13801 MHz, 0x0000000000000004, 497.23 W, 99 %, 31936 MiB
2026/10/01 03:44:41.052, 2805 MHz, 13801 MHz, 0x0000000000000004, 498.21 W, 99 %, 31941 MiB
2026/10/01 03:44:41.562, 2812 MHz, 13801 MHz, 0x0000000000000000, 479.61 W, 53 %, 31941 MiB
2026/10/01 03:44:42.073, 2812 MHz, 13801 MHz, 0x0000000000000000, 466.05 W, 62 %, 31936 MiB
2026/10/01 03:44:42.583, 2850 MHz, 13801 MHz, 0x0000000000000000, 443.48 W, 66 %, 31936 MiB
2026/10/01 03:44:43.092, 2842 MHz, 13801 MHz, 0x0000000000000000, 430.14 W, 39 %, 31936 MiB
2026/10/01 03:44:43.601, 2865 MHz, 13801 MHz, 0x0000000000000000, 388.32 W, 39 %, 31936 MiB
2026/10/01 03:44:44.111, 2827 MHz, 13801 MHz, 0x0000000000000000, 387.64 W, 61 %, 31936 MiB
2026/10/01 03:44:44.623, 2842 MHz, 13801 MHz, 0x0000000000000000, 429.96 W, 55 %, 31936 MiB
2026/10/01 03:44:45.139, 2842 MHz, 13801 MHz, 0x0000000000000004, 426.21 W, 99 %, 31936 MiB
2026/10/01 03:44:45.653, 2812 MHz, 13801 MHz, 0x0000000000000000, 442.64 W, 60 %, 31936 MiB
2026/10/01 03:44:46.163, 2850 MHz, 13801 MHz, 0x0000000000000000, 438.46 W, 65 %, 31936 MiB
2026/10/01 03:44:46.678, 2850 MHz, 13801 MHz, 0x0000000000000000, 424.02 W, 62 %, 31936 MiB
2026/10/01 03:44:47.195, 2850 MHz, 13801 MHz, 0x0000000000000000, 421.91 W, 64 %, 31936 MiB
2026/10/01 03:44:47.706, 2857 MHz, 13801 MHz, 0x0000000000000000, 418.27 W, 57 %, 31936 MiB
2026/10/01 03:44:48.219, 2850 MHz, 13801 MHz, 0x0000000000000000, 419.53 W, 62 %, 31936 MiB
2026/10/01 03:44:48.730, 2850 MHz, 13801 MHz, 0x0000000000000000, 425.40 W, 63 %, 31936 MiB
2026/10/01 03:44:49.242, 2850 MHz, 13801 MHz, 0x0000000000000000, 421.55 W, 60 %, 31936 MiB
2026/10/01 03:44:49.757, 2850 MHz, 13801 MHz, 0x0000000000000000, 425.01 W, 57 %, 31936 MiB
2026/10/01 03:44:50.271, 2850 MHz, 13801 MHz, 0x0000000000000000, 423.54 W, 62 %, 31936 MiB
2026/10/01 03:44:50.786, 2857 MHz, 13801 MHz, 0x0000000000000000, 412.63 W, 53 %, 31936 MiB
2026/10/01 03:44:51.298, 2850 MHz, 13801 MHz, 0x0000000000000000, 408.83 W, 59 %, 31936 MiB
2026/10/01 03:44:51.810, 2850 MHz, 13801 MHz, 0x0000000000000000, 416.35 W, 58 %, 31936 MiB
2026/10/01 03:44:52.320, 2850 MHz, 13801 MHz, 0x0000000000000000, 427.17 W, 65 %, 31936 MiB
2026/10/01 03:44:52.835, 2850 MHz, 13801 MHz, 0x0000000000000000, 415.14 W, 57 %, 31936 MiB
2026/10/01 03:44:53.347, 2850 MHz, 13801 MHz, 0x0000000000000000, 413.99 W, 64 %, 31936 MiB
2026/10/01 03:44:53.861, 2850 MHz, 13801 MHz, 0x0000000000000000, 424.35 W, 61 %, 31936 MiB
2026/10/01 03:44:54.377, 2857 MHz, 13801 MHz, 0x0000000000000000, 413.37 W, 60 %, 31936 MiB
2026/10/01 03:44:54.888, 2850 MHz, 13801 MHz, 0x0000000000000000, 399.15 W, 62 %, 31936 MiB
2026/10/01 03:44:55.401, 2850 MHz, 13801 MHz, 0x0000000000000000, 409.10 W, 58 %, 31936 MiB
2026/10/01 03:44:55.914, 2850 MHz, 13801 MHz, 0x0000000000000000, 420.71 W, 56 %, 31936 MiB
2026/10/01 03:44:56.421, 2857 MHz, 13801 MHz, 0x0000000000000000, 390.27 W, 46 %, 31936 MiB
2026/10/01 03:44:56.933, 2857 MHz, 13801 MHz, 0x0000000000000000, 366.37 W, 50 %, 31936 MiB
2026/10/01 03:44:57.446, 2857 MHz, 13801 MHz, 0x0000000000000000, 363.59 W, 48 %, 31938 MiB
2026/10/01 03:44:57.959, 2857 MHz, 13801 MHz, 0x0000000000000000, 357.79 W, 46 %, 31938 MiB
2026/10/01 03:44:58.470, 2850 MHz, 13801 MHz, 0x0000000000000000, 370.79 W, 51 %, 31936 MiB
2026/10/01 03:44:58.982, 2850 MHz, 13801 MHz, 0x0000000000000000, 395.17 W, 58 %, 31938 MiB
2026/10/01 03:44:59.496, 2857 MHz, 13801 MHz, 0x0000000000000000, 395.18 W, 51 %, 31938 MiB
2026/10/01 03:44:59.997, 2850 MHz, 13801 MHz, 0x0000000000000000, 395.78 W, 58 %, 31936 MiB
2026/10/01 03:45:00.509, 2850 MHz, 13801 MHz, 0x0000000000000000, 393.96 W, 61 %, 31936 MiB
2026/10/01 03:45:01.021, 2850 MHz, 13801 MHz, 0x0000000000000000, 410.33 W, 63 %, 31936 MiB
2026/10/01 03:45:01.533, 2850 MHz, 13801 MHz, 0x0000000000000000, 417.95 W, 47 %, 31936 MiB
2026/10/01 03:45:02.045, 2857 MHz, 13801 MHz, 0x0000000000000000, 382.65 W, 44 %, 31938 MiB
2026/10/01 03:45:02.555, 2857 MHz, 13801 MHz, 0x0000000000000000, 346.90 W, 39 %, 31941 MiB
2026/10/01 03:45:03.066, 2857 MHz, 13801 MHz, 0x0000000000000000, 354.82 W, 58 %, 31936 MiB
2026/10/01 03:45:03.575, 2850 MHz, 13801 MHz, 0x0000000000000000, 385.33 W, 53 %, 31936 MiB
2026/10/01 03:45:04.082, 2850 MHz, 13801 MHz, 0x0000000000000000, 407.53 W, 61 %, 31936 MiB
2026/10/01 03:45:04.589, 2850 MHz, 13801 MHz, 0x0000000000000000, 404.95 W, 57 %, 31936 MiB
2026/10/01 03:45:05.097, 2797 MHz, 13801 MHz, 0x0000000000000004, 442.54 W, 99 %, 31936 MiB
2026/10/01 03:45:05.607, 2842 MHz, 13801 MHz, 0x0000000000000004, 476.45 W, 95 %, 31936 MiB
2026/10/01 03:45:06.116, 2865 MHz, 13801 MHz, 0x0000000000000004, 464.82 W, 89 %, 31936 MiB
2026/10/01 03:45:06.623, 2827 MHz, 13801 MHz, 0x0000000000000004, 459.02 W, 99 %, 31936 MiB
2026/10/01 03:45:07.132, 2797 MHz, 13801 MHz, 0x0000000000000004, 485.84 W, 99 %, 31936 MiB
2026/10/01 03:45:07.639, 2797 MHz, 13801 MHz, 0x0000000000000004, 500.51 W, 99 %, 31936 MiB
2026/10/01 03:45:08.149, 2797 MHz, 13801 MHz, 0x0000000000000004, 501.07 W, 99 %, 31936 MiB
2026/10/01 03:45:08.658, 2820 MHz, 13801 MHz, 0x0000000000000004, 484.68 W, 99 %, 31936 MiB
2026/10/01 03:45:09.164, 2820 MHz, 13801 MHz, 0x0000000000000000, 473.66 W, 61 %, 31936 MiB
2026/10/01 03:45:09.670, 2865 MHz, 13801 MHz, 0x0000000000000000, 448.82 W, 61 %, 31936 MiB
2026/10/01 03:45:10.180, 2805 MHz, 13801 MHz, 0x0000000000000004, 457.53 W, 99 %, 31936 MiB
2026/10/01 03:45:10.687, 2805 MHz, 13801 MHz, 0x0000000000000004, 476.76 W, 99 %, 31936 MiB
2026/10/01 03:45:11.194, 2842 MHz, 13801 MHz, 0x0000000000000004, 382.82 W, 99 %, 31936 MiB
2026/10/01 03:45:11.706, 2857 MHz, 13801 MHz, 0x0000000000000000, 418.27 W, 61 %, 31936 MiB
2026/10/01 03:45:12.217, 2827 MHz, 13801 MHz, 0x0000000000000000, 449.89 W, 76 %, 31936 MiB
2026/10/01 03:45:12.728, 2850 MHz, 13801 MHz, 0x0000000000000000, 446.20 W, 64 %, 31936 MiB
2026/10/01 03:45:13.239, 2857 MHz, 13801 MHz, 0x0000000000000000, 435.17 W, 59 %, 31936 MiB
2026/10/01 03:45:13.751, 2850 MHz, 13801 MHz, 0x0000000000000000, 422.42 W, 65 %, 31936 MiB
2026/10/01 03:45:14.264, 2865 MHz, 13801 MHz, 0x0000000000000000, 410.16 W, 47 %, 31938 MiB
2026/10/01 03:45:14.774, 2850 MHz, 13801 MHz, 0x0000000000000000, 403.25 W, 57 %, 31936 MiB
2026/10/01 03:45:15.284, 2842 MHz, 13801 MHz, 0x0000000000000000, 415.43 W, 64 %, 31938 MiB
2026/10/01 03:45:15.796, 2850 MHz, 13801 MHz, 0x0000000000000000, 412.01 W, 64 %, 31938 MiB
2026/10/01 03:45:16.308, 2850 MHz, 13801 MHz, 0x0000000000000000, 412.17 W, 63 %, 31936 MiB
2026/10/01 03:45:16.822, 2850 MHz, 13801 MHz, 0x0000000000000000, 425.88 W, 65 %, 31936 MiB
2026/10/01 03:45:17.334, 2850 MHz, 13801 MHz, 0x0000000000000000, 430.33 W, 61 %, 31936 MiB
2026/10/01 03:45:17.847, 2850 MHz, 13801 MHz, 0x0000000000000000, 434.91 W, 67 %, 31936 MiB
2026/10/01 03:45:18.358, 2850 MHz, 13801 MHz, 0x0000000000000000, 431.91 W, 65 %, 31936 MiB
2026/10/01 03:45:18.868, 2850 MHz, 13801 MHz, 0x0000000000000000, 442.67 W, 70 %, 31936 MiB
2026/10/01 03:45:19.377, 2850 MHz, 13801 MHz, 0x0000000000000000, 437.94 W, 60 %, 31936 MiB
2026/10/01 03:45:19.887, 2850 MHz, 13801 MHz, 0x0000000000000000, 433.18 W, 62 %, 31936 MiB
2026/10/01 03:45:20.399, 2850 MHz, 13801 MHz, 0x0000000000000000, 429.20 W, 61 %, 31936 MiB
2026/10/01 03:45:20.912, 2850 MHz, 13801 MHz, 0x0000000000000000, 427.79 W, 61 %, 31936 MiB
2026/10/01 03:45:21.425, 2857 MHz, 13801 MHz, 0x0000000000000000, 424.18 W, 64 %, 31936 MiB
2026/10/01 03:45:21.938, 2850 MHz, 13801 MHz, 0x0000000000000000, 424.45 W, 65 %, 31936 MiB
2026/10/01 03:45:22.451, 2850 MHz, 13801 MHz, 0x0000000000000000, 427.25 W, 56 %, 31936 MiB
2026/10/01 03:45:22.964, 2857 MHz, 13801 MHz, 0x0000000000000000, 408.32 W, 52 %, 31936 MiB
2026/10/01 03:45:23.477, 2857 MHz, 13801 MHz, 0x0000000000000000, 376.73 W, 51 %, 31938 MiB
2026/10/01 03:45:23.987, 2857 MHz, 13801 MHz, 0x0000000000000000, 350.13 W, 49 %, 31938 MiB
2026/10/01 03:45:24.497, 2857 MHz, 13801 MHz, 0x0000000000000000, 339.39 W, 47 %, 31936 MiB
2026/10/01 03:45:25.010, 2850 MHz, 13801 MHz, 0x0000000000000000, 365.24 W, 64 %, 31936 MiB
2026/10/01 03:45:25.524, 2850 MHz, 13801 MHz, 0x0000000000000000, 393.86 W, 58 %, 31936 MiB
2026/10/01 03:45:26.036, 2850 MHz, 13801 MHz, 0x0000000000000000, 417.13 W, 65 %, 31936 MiB
2026/10/01 03:45:26.549, 2850 MHz, 13801 MHz, 0x0000000000000000, 423.27 W, 61 %, 31936 MiB
2026/10/01 03:45:27.061, 2850 MHz, 13801 MHz, 0x0000000000000000, 425.74 W, 66 %, 31936 MiB
2026/10/01 03:45:27.574, 2850 MHz, 13801 MHz, 0x0000000000000000, 421.37 W, 63 %, 31936 MiB
2026/10/01 03:45:28.086, 2850 MHz, 13801 MHz, 0x0000000000000000, 421.62 W, 60 %, 31936 MiB
2026/10/01 03:45:28.596, 2850 MHz, 13801 MHz, 0x0000000000000000, 427.82 W, 65 %, 31936 MiB
2026/10/01 03:45:29.108, 2850 MHz, 13801 MHz, 0x0000000000000000, 431.11 W, 67 %, 31936 MiB
2026/10/01 03:45:29.616, 2850 MHz, 13801 MHz, 0x0000000000000000, 430.18 W, 58 %, 31936 MiB
2026/10/01 03:45:30.128, 2850 MHz, 13801 MHz, 0x0000000000000000, 432.98 W, 66 %, 31936 MiB
2026/10/01 03:45:30.634, 2850 MHz, 13801 MHz, 0x0000000000000000, 431.56 W, 66 %, 31936 MiB
2026/10/01 03:45:31.144, 2865 MHz, 13801 MHz, 0x0000000000000004, 430.08 W, 87 %, 31936 MiB
2026/10/01 03:45:31.658, 2827 MHz, 13801 MHz, 0x0000000000000004, 446.94 W, 99 %, 31936 MiB
2026/10/01 03:45:32.170, 2857 MHz, 13801 MHz, 0x0000000000000004, 459.88 W, 92 %, 31936 MiB
2026/10/01 03:45:32.682, 2797 MHz, 13801 MHz, 0x0000000000000004, 478.52 W, 99 %, 31936 MiB
2026/10/01 03:45:33.193, 2850 MHz, 13801 MHz, 0x0000000000000000, 481.36 W, 60 %, 31936 MiB
2026/10/01 03:45:33.701, 2812 MHz, 13801 MHz, 0x0000000000000000, 448.50 W, 81 %, 31936 MiB
2026/10/01 03:45:34.212, 2790 MHz, 13801 MHz, 0x0000000000000004, 472.43 W, 99 %, 31936 MiB
2026/10/01 03:45:34.726, 2827 MHz, 13801 MHz, 0x0000000000000004, 481.46 W, 99 %, 31936 MiB
2026/10/01 03:45:35.235, 2797 MHz, 13801 MHz, 0x0000000000000004, 493.71 W, 99 %, 31936 MiB
2026/10/01 03:45:35.745, 2797 MHz, 13801 MHz, 0x0000000000000004, 491.07 W, 99 %, 31936 MiB
2026/10/01 03:45:36.253, 2842 MHz, 13801 MHz, 0x0000000000000000, 464.31 W, 69 %, 31936 MiB
2026/10/01 03:45:36.764, 2827 MHz, 13801 MHz, 0x0000000000000000, 461.93 W, 78 %, 31936 MiB
2026/10/01 03:45:37.276, 2842 MHz, 13801 MHz, 0x0000000000000000, 443.56 W, 54 %, 31938 MiB
2026/10/01 03:45:37.788, 2857 MHz, 13801 MHz, 0x0000000000000000, 389.66 W, 53 %, 31938 MiB
2026/10/01 03:45:38.298, 2850 MHz, 13801 MHz, 0x0000000000000000, 387.82 W, 67 %, 31936 MiB
2026/10/01 03:45:38.810, 2842 MHz, 13801 MHz, 0x0000000000000004, 430.79 W, 99 %, 31936 MiB
2026/10/01 03:45:39.319, 2797 MHz, 13801 MHz, 0x0000000000000000, 454.74 W, 64 %, 31936 MiB
2026/10/01 03:45:39.831, 2857 MHz, 13801 MHz, 0x0000000000000000, 459.63 W, 62 %, 31936 MiB
2026/10/01 03:45:40.344, 2850 MHz, 13801 MHz, 0x0000000000000000, 437.62 W, 64 %, 31936 MiB
2026/10/01 03:45:40.855, 2850 MHz, 13801 MHz, 0x0000000000000000, 430.14 W, 65 %, 31936 MiB
2026/10/01 03:45:41.369, 2857 MHz, 13801 MHz, 0x0000000000000000, 431.21 W, 60 %, 31936 MiB
2026/10/01 03:45:41.882, 2850 MHz, 13801 MHz, 0x0000000000000000, 429.93 W, 64 %, 31936 MiB
2026/10/01 03:45:42.394, 2857 MHz, 13801 MHz, 0x0000000000000000, 437.77 W, 88 %, 31936 MiB
2026/10/01 03:45:42.905, 2835 MHz, 13801 MHz, 0x0000000000000000, 447.70 W, 66 %, 31936 MiB
2026/10/01 03:45:43.417, 2850 MHz, 13801 MHz, 0x0000000000000000, 420.68 W, 64 %, 31936 MiB
2026/10/01 03:45:43.933, 2857 MHz, 13801 MHz, 0x0000000000000000, 390.40 W, 48 %, 31936 MiB
2026/10/01 03:45:44.443, 2850 MHz, 13801 MHz, 0x0000000000000000, 386.97 W, 56 %, 31938 MiB
2026/10/01 03:45:44.955, 2857 MHz, 13801 MHz, 0x0000000000000000, 373.64 W, 55 %, 31938 MiB
2026/10/01 03:45:45.467, 2850 MHz, 13801 MHz, 0x0000000000000000, 400.99 W, 62 %, 31936 MiB
2026/10/01 03:45:45.979, 2850 MHz, 13801 MHz, 0x0000000000000000, 425.84 W, 59 %, 31936 MiB
2026/10/01 03:45:46.492, 2850 MHz, 13801 MHz, 0x0000000000000000, 426.70 W, 62 %, 31936 MiB
2026/10/01 03:45:47.003, 2865 MHz, 13801 MHz, 0x0000000000000000, 427.64 W, 67 %, 31936 MiB
2026/10/01 03:45:47.516, 2850 MHz, 13801 MHz, 0x0000000000000000, 433.35 W, 60 %, 31936 MiB
2026/10/01 03:45:48.031, 2850 MHz, 13801 MHz, 0x0000000000000000, 440.77 W, 64 %, 31936 MiB
2026/10/01 03:45:48.538, 2850 MHz, 13801 MHz, 0x0000000000000000, 443.49 W, 65 %, 31936 MiB
2026/10/01 03:45:49.052, 2850 MHz, 13801 MHz, 0x0000000000000000, 437.18 W, 48 %, 31936 MiB
2026/10/01 03:45:49.563, 2850 MHz, 13801 MHz, 0x0000000000000000, 429.41 W, 60 %, 31936 MiB
2026/10/01 03:45:50.077, 2827 MHz, 13801 MHz, 0x0000000000000000, 442.04 W, 59 %, 31936 MiB
2026/10/01 03:45:50.590, 2850 MHz, 13801 MHz, 0x0000000000000000, 432.98 W, 53 %, 31936 MiB
2026/10/01 03:45:51.103, 2805 MHz, 13801 MHz, 0x0000000000000004, 450.34 W, 99 %, 31936 MiB
2026/10/01 03:45:51.616, 2782 MHz, 13801 MHz, 0x0000000000000004, 482.68 W, 99 %, 31936 MiB
2026/10/01 03:45:52.126, 2850 MHz, 13801 MHz, 0x0000000000000004, 441.86 W, 99 %, 31936 MiB
2026/10/01 03:45:52.632, 2782 MHz, 13801 MHz, 0x0000000000000004, 440.58 W, 99 %, 31936 MiB
2026/10/01 03:45:53.140, 2782 MHz, 13801 MHz, 0x0000000000000004, 481.84 W, 98 %, 31936 MiB
2026/10/01 03:45:53.646, 2790 MHz, 13801 MHz, 0x0000000000000004, 492.36 W, 99 %, 31936 MiB
2026/10/01 03:45:54.154, 2805 MHz, 13801 MHz, 0x0000000000000004, 490.15 W, 98 %, 31936 MiB
2026/10/01 03:45:54.663, 2790 MHz, 13801 MHz, 0x0000000000000004, 489.63 W, 98 %, 31936 MiB
2026/10/01 03:45:55.171, 2790 MHz, 13801 MHz, 0x0000000000000004, 490.48 W, 99 %, 31936 MiB
2026/10/01 03:45:55.680, 2790 MHz, 13801 MHz, 0x0000000000000004, 490.67 W, 99 %, 31936 MiB
2026/10/01 03:45:56.187, 2790 MHz, 13801 MHz, 0x0000000000000004, 490.66 W, 99 %, 31936 MiB
2026/10/01 03:45:56.693, 2790 MHz, 13801 MHz, 0x0000000000000004, 490.61 W, 98 %, 31936 MiB
2026/10/01 03:45:57.200, 2797 MHz, 13801 MHz, 0x0000000000000004, 481.51 W, 98 %, 31936 MiB
2026/10/01 03:45:57.705, 2805 MHz, 13801 MHz, 0x0000000000000004, 478.90 W, 98 %, 31936 MiB
2026/10/01 03:45:58.211, 2835 MHz, 13801 MHz, 0x0000000000000004, 475.66 W, 97 %, 31936 MiB
2026/10/01 03:45:58.718, 2895 MHz, 13801 MHz, 0x0000000000000000, 457.97 W, 98 %, 31936 MiB
2026/10/01 03:45:59.229, 2925 MHz, 13801 MHz, 0x0000000000000000, 301.67 W, 98 %, 31938 MiB
2026/10/01 03:45:59.740, 2895 MHz, 13801 MHz, 0x0000000000000000, 225.60 W, 35 %, 31938 MiB
2026/10/01 03:46:00.247, 2865 MHz, 13801 MHz, 0x0000000000000000, 289.71 W, 38 %, 31936 MiB
2026/10/01 03:46:00.757, 2850 MHz, 13801 MHz, 0x0000000000000000, 303.26 W, 41 %, 31936 MiB
2026/10/01 03:46:01.259, 2865 MHz, 13801 MHz, 0x0000000000000000, 307.97 W, 41 %, 31936 MiB
2026/10/01 03:46:01.770, 2857 MHz, 13801 MHz, 0x0000000000000000, 311.74 W, 42 %, 31936 MiB
2026/10/01 03:46:02.283, 2842 MHz, 13801 MHz, 0x0000000000000000, 347.84 W, 48 %, 31936 MiB
2026/10/01 03:46:02.794, 2842 MHz, 13801 MHz, 0x0000000000000000, 374.16 W, 50 %, 31936 MiB
2026/10/01 03:46:03.306, 2842 MHz, 13801 MHz, 0x0000000000000000, 388.58 W, 53 %, 31936 MiB
2026/10/01 03:46:03.817, 2850 MHz, 13801 MHz, 0x0000000000000000, 377.51 W, 48 %, 31936 MiB
2026/10/01 03:46:04.327, 2850 MHz, 13801 MHz, 0x0000000000000000, 358.30 W, 47 %, 31936 MiB
2026/10/01 03:46:04.837, 2857 MHz, 13801 MHz, 0x0000000000000000, 348.37 W, 38 %, 31936 MiB
2026/10/01 03:46:05.347, 2857 MHz, 13801 MHz, 0x0000000000000000, 335.83 W, 44 %, 31936 MiB
2026/10/01 03:46:05.859, 2857 MHz, 13801 MHz, 0x0000000000000000, 324.84 W, 37 %, 31941 MiB
2026/10/01 03:46:06.370, 2850 MHz, 13801 MHz, 0x0000000000000000, 345.56 W, 48 %, 31941 MiB
2026/10/01 03:46:06.878, 2842 MHz, 13801 MHz, 0x0000000000000000, 358.07 W, 49 %, 31946 MiB
2026/10/01 03:46:07.388, 2850 MHz, 13801 MHz, 0x0000000000000000, 360.20 W, 48 %, 31946 MiB
2026/10/01 03:46:07.901, 2850 MHz, 13801 MHz, 0x0000000000000000, 354.10 W, 52 %, 31950 MiB
2026/10/01 03:46:08.413, 2857 MHz, 13801 MHz, 0x0000000000000000, 353.42 W, 51 %, 31950 MiB
2026/10/01 03:46:08.926, 2850 MHz, 13801 MHz, 0x0000000000000000, 359.00 W, 53 %, 31949 MiB
2026/10/01 03:46:09.439, 2850 MHz, 13801 MHz, 0x0000000000000000, 362.46 W, 50 %, 31949 MiB
2026/10/01 03:46:09.950, 2850 MHz, 13801 MHz, 0x0000000000000000, 365.89 W, 57 %, 31948 MiB
2026/10/01 03:46:10.464, 2850 MHz, 13801 MHz, 0x0000000000000000, 371.43 W, 49 %, 31993 MiB
2026/10/01 03:46:10.975, 2865 MHz, 13801 MHz, 0x0000000000000000, 343.95 W, 42 %, 31992 MiB
2026/10/01 03:46:11.489, 2865 MHz, 13801 MHz, 0x0000000000000000, 306.43 W, 39 %, 31989 MiB
2026/10/01 03:46:12.001, 2872 MHz, 13801 MHz, 0x0000000000000000, 290.85 W, 47 %, 31980 MiB
2026/10/01 03:46:12.511, 2850 MHz, 13801 MHz, 0x0000000000000000, 324.01 W, 54 %, 31980 MiB
2026/10/01 03:46:13.019, 2850 MHz, 13801 MHz, 0x0000000000000000, 363.58 W, 56 %, 31965 MiB
2026/10/01 03:46:13.529, 2857 MHz, 13801 MHz, 0x0000000000000000, 359.50 W, 49 %, 31965 MiB
2026/10/01 03:46:14.039, 2850 MHz, 13801 MHz, 0x0000000000000000, 359.82 W, 54 %, 31965 MiB
2026/10/01 03:46:14.546, 2850 MHz, 13801 MHz, 0x0000000000000000, 365.74 W, 54 %, 31965 MiB
2026/10/01 03:46:15.055, 2850 MHz, 13801 MHz, 0x0000000000000000, 365.69 W, 49 %, 31965 MiB
2026/10/01 03:46:15.560, 2857 MHz, 13801 MHz, 0x0000000000000000, 368.99 W, 52 %, 31933 MiB
2026/10/01 03:46:16.068, 2850 MHz, 13801 MHz, 0x0000000000000000, 367.26 W, 55 %, 31933 MiB
2026/10/01 03:46:16.575, 2857 MHz, 13801 MHz, 0x0000000000000000, 369.52 W, 52 %, 31933 MiB
2026/10/01 03:46:17.083, 2857 MHz, 13801 MHz, 0x0000000000000000, 366.59 W, 54 %, 31933 MiB
2026/10/01 03:46:17.589, 2857 MHz, 13801 MHz, 0x0000000000000000, 364.38 W, 50 %, 31933 MiB
2026/10/01 03:46:18.097, 2857 MHz, 13801 MHz, 0x0000000000000000, 355.53 W, 48 %, 31933 MiB
2026/10/01 03:46:18.604, 2857 MHz, 13801 MHz, 0x0000000000000000, 341.80 W, 50 %, 31933 MiB
2026/10/01 03:46:19.115, 2857 MHz, 13801 MHz, 0x0000000000000000, 346.75 W, 55 %, 31933 MiB
2026/10/01 03:46:19.623, 2857 MHz, 13801 MHz, 0x0000000000000000, 366.23 W, 56 %, 31933 MiB
2026/10/01 03:46:20.131, 2865 MHz, 13801 MHz, 0x0000000000000000, 358.71 W, 47 %, 31934 MiB
2026/10/01 03:46:20.638, 2857 MHz, 13801 MHz, 0x0000000000000000, 341.19 W, 52 %, 31934 MiB
2026/10/01 03:46:21.152, 2857 MHz, 13801 MHz, 0x0000000000000000, 353.94 W, 52 %, 31936 MiB
2026/10/01 03:46:21.662, 2857 MHz, 13801 MHz, 0x0000000000000000, 366.08 W, 51 %, 31936 MiB
2026/10/01 03:46:22.176, 2857 MHz, 13801 MHz, 0x0000000000000000, 364.74 W, 52 %, 31934 MiB
2026/10/01 03:46:22.687, 2857 MHz, 13801 MHz, 0x0000000000000000, 366.55 W, 52 %, 31934 MiB
2026/10/01 03:46:23.197, 2857 MHz, 13801 MHz, 0x0000000000000000, 373.27 W, 62 %, 31936 MiB
2026/10/01 03:46:23.705, 2835 MHz, 13801 MHz, 0x0000000000000004, 462.79 W, 99 %, 31936 MiB
2026/10/01 03:46:24.212, 2835 MHz, 13801 MHz, 0x0000000000000004, 499.50 W, 99 %, 31934 MiB
2026/10/01 03:46:24.719, 2835 MHz, 13801 MHz, 0x0000000000000004, 498.04 W, 99 %, 31934 MiB
2026/10/01 03:46:25.227, 2835 MHz, 13801 MHz, 0x0000000000000004, 496.91 W, 99 %, 31934 MiB
2026/10/01 03:46:25.734, 2835 MHz, 13801 MHz, 0x0000000000000004, 496.33 W, 99 %, 31934 MiB
2026/10/01 03:46:26.241, 2835 MHz, 13801 MHz, 0x0000000000000004, 497.64 W, 99 %, 31934 MiB
2026/10/01 03:46:26.748, 2835 MHz, 13801 MHz, 0x0000000000000004, 497.09 W, 99 %, 31934 MiB
2026/10/01 03:46:27.258, 2835 MHz, 13801 MHz, 0x0000000000000004, 496.39 W, 99 %, 31936 MiB
2026/10/01 03:46:27.767, 2827 MHz, 13801 MHz, 0x0000000000000004, 496.83 W, 99 %, 31936 MiB
2026/10/01 03:46:28.277, 2857 MHz, 13801 MHz, 0x0000000000000004, 465.89 W, 84 %, 31936 MiB
2026/10/01 03:46:28.787, 2857 MHz, 13801 MHz, 0x0000000000000000, 407.61 W, 75 %, 31934 MiB
2026/10/01 03:46:29.300, 2865 MHz, 13801 MHz, 0x0000000000000004, 402.88 W, 88 %, 31934 MiB
2026/10/01 03:46:29.811, 2857 MHz, 13801 MHz, 0x0000000000000000, 403.81 W, 54 %, 31934 MiB
2026/10/01 03:46:30.318, 2850 MHz, 13801 MHz, 0x0000000000000000, 400.72 W, 59 %, 31934 MiB
2026/10/01 03:46:30.829, 2850 MHz, 13801 MHz, 0x0000000000000004, 399.03 W, 99 %, 31934 MiB
2026/10/01 03:46:31.338, 2842 MHz, 13801 MHz, 0x0000000000000004, 421.37 W, 99 %, 31936 MiB
2026/10/01 03:46:31.849, 2857 MHz, 13801 MHz, 0x0000000000000000, 386.25 W, 50 %, 31960 MiB
2026/10/01 03:46:32.361, 2872 MHz, 13801 MHz, 0x0000000000000000, 340.02 W, 62 %, 31958 MiB
2026/10/01 03:46:32.862, 2857 MHz, 13801 MHz, 0x0000000000000000, 351.02 W, 53 %, 31958 MiB
2026/10/01 03:46:33.374, 2857 MHz, 13801 MHz, 0x0000000000000000, 370.31 W, 49 %, 31960 MiB
2026/10/01 03:46:33.886, 2872 MHz, 13801 MHz, 0x0000000000000000, 374.01 W, 58 %, 31960 MiB
2026/10/01 03:46:34.397, 2857 MHz, 13801 MHz, 0x0000000000000000, 379.46 W, 56 %, 31958 MiB
2026/10/01 03:46:34.913, 2857 MHz, 13801 MHz, 0x0000000000000000, 387.81 W, 54 %, 31958 MiB
2026/10/01 03:46:35.423, 2857 MHz, 13801 MHz, 0x0000000000000000, 381.45 W, 55 %, 31958 MiB
2026/10/01 03:46:35.936, 2857 MHz, 13801 MHz, 0x0000000000000000, 383.83 W, 57 %, 31945 MiB
2026/10/01 03:46:36.448, 2850 MHz, 13801 MHz, 0x0000000000000000, 387.41 W, 62 %, 31945 MiB
2026/10/01 03:46:36.961, 2857 MHz, 13801 MHz, 0x0000000000000000, 381.77 W, 52 %, 31934 MiB
2026/10/01 03:46:37.473, 2857 MHz, 13801 MHz, 0x0000000000000000, 382.99 W, 48 %, 31934 MiB
2026/10/01 03:46:37.987, 2850 MHz, 13801 MHz, 0x0000000000000000, 382.87 W, 60 %, 31934 MiB
2026/10/01 03:46:38.497, 2850 MHz, 13801 MHz, 0x0000000000000000, 388.98 W, 60 %, 31934 MiB
2026/10/01 03:46:39.010, 2850 MHz, 13801 MHz, 0x0000000000000000, 393.23 W, 59 %, 31934 MiB
2026/10/01 03:46:39.521, 2857 MHz, 13801 MHz, 0x0000000000000000, 390.65 W, 58 %, 31949 MiB
2026/10/01 03:46:40.035, 2857 MHz, 13801 MHz, 0x0000000000000000, 383.06 W, 53 %, 31951 MiB
2026/10/01 03:46:40.547, 2857 MHz, 13801 MHz, 0x0000000000000000, 382.83 W, 60 %, 31951 MiB
2026/10/01 03:46:41.056, 2857 MHz, 13801 MHz, 0x0000000000000000, 387.61 W, 56 %, 31951 MiB
2026/10/01 03:46:41.567, 2850 MHz, 13801 MHz, 0x0000000000000000, 392.30 W, 59 %, 31951 MiB
2026/10/01 03:46:42.075, 2850 MHz, 13801 MHz, 0x0000000000000000, 394.46 W, 58 %, 31950 MiB
2026/10/01 03:46:42.584, 2857 MHz, 13801 MHz, 0x0000000000000000, 393.42 W, 58 %, 31950 MiB
2026/10/01 03:46:43.098, 2865 MHz, 13801 MHz, 0x0000000000000000, 372.86 W, 43 %, 31949 MiB
2026/10/01 03:46:43.610, 2857 MHz, 13801 MHz, 0x0000000000000000, 365.72 W, 62 %, 31949 MiB
2026/10/01 03:46:44.122, 2850 MHz, 13801 MHz, 0x0000000000000000, 375.88 W, 61 %, 31949 MiB
2026/10/01 03:46:44.632, 2857 MHz, 13801 MHz, 0x0000000000000000, 387.49 W, 56 %, 31946 MiB
2026/10/01 03:46:45.141, 2857 MHz, 13801 MHz, 0x0000000000000000, 380.66 W, 45 %, 31935 MiB
2026/10/01 03:46:45.651, 2857 MHz, 13801 MHz, 0x0000000000000000, 357.93 W, 52 %, 31935 MiB
2026/10/01 03:46:46.162, 2857 MHz, 13801 MHz, 0x0000000000000000, 349.09 W, 56 %, 31940 MiB
2026/10/01 03:46:46.671, 2857 MHz, 13801 MHz, 0x0000000000000000, 364.29 W, 56 %, 31946 MiB
2026/10/01 03:46:47.182, 2857 MHz, 13801 MHz, 0x0000000000000000, 369.53 W, 56 %, 31946 MiB
2026/10/01 03:46:47.693, 2865 MHz, 13801 MHz, 0x0000000000000000, 361.45 W, 47 %, 31946 MiB
2026/10/01 03:46:48.205, 2865 MHz, 13801 MHz, 0x0000000000000000, 327.84 W, 40 %, 31951 MiB
2026/10/01 03:46:48.716, 2850 MHz, 13801 MHz, 0x0000000000000000, 345.17 W, 56 %, 31951 MiB
2026/10/01 03:46:49.225, 2857 MHz, 13801 MHz, 0x0000000000000000, 370.32 W, 57 %, 31946 MiB
2026/10/01 03:46:49.735, 2857 MHz, 13801 MHz, 0x0000000000000000, 380.79 W, 59 %, 31946 MiB
2026/10/01 03:46:50.248, 2850 MHz, 13801 MHz, 0x0000000000000000, 386.66 W, 61 %, 31946 MiB
2026/10/01 03:46:50.760, 2857 MHz, 13801 MHz, 0x0000000000000000, 388.01 W, 59 %, 31946 MiB
2026/10/01 03:46:51.274, 2857 MHz, 13801 MHz, 0x0000000000000000, 391.39 W, 53 %, 31946 MiB
2026/10/01 03:46:51.786, 2850 MHz, 13801 MHz, 0x0000000000000000, 394.51 W, 59 %, 31946 MiB
2026/10/01 03:46:52.298, 2850 MHz, 13801 MHz, 0x0000000000000000, 399.37 W, 53 %, 31946 MiB
2026/10/01 03:46:52.811, 2857 MHz, 13801 MHz, 0x0000000000000000, 400.81 W, 59 %, 31946 MiB
2026/10/01 03:46:53.323, 2850 MHz, 13801 MHz, 0x0000000000000000, 393.15 W, 60 %, 31946 MiB
2026/10/01 03:46:53.832, 2857 MHz, 13801 MHz, 0x0000000000000004, 396.55 W, 99 %, 31946 MiB
2026/10/01 03:46:54.345, 2842 MHz, 13801 MHz, 0x0000000000000000, 425.38 W, 49 %, 31946 MiB
2026/10/01 03:46:54.855, 2865 MHz, 13801 MHz, 0x0000000000000000, 423.63 W, 49 %, 31949 MiB
2026/10/01 03:46:55.364, 2835 MHz, 13801 MHz, 0x0000000000000004, 439.05 W, 99 %, 31949 MiB
2026/10/01 03:46:55.875, 2827 MHz, 13801 MHz, 0x0000000000000004, 479.62 W, 99 %, 31946 MiB
2026/10/01 03:46:56.384, 2835 MHz, 13801 MHz, 0x0000000000000004, 496.08 W, 99 %, 31934 MiB
2026/10/01 03:46:56.894, 2835 MHz, 13801 MHz, 0x0000000000000004, 496.24 W, 99 %, 31934 MiB
2026/10/01 03:46:57.405, 2865 MHz, 13801 MHz, 0x0000000000000004, 478.38 W, 98 %, 31934 MiB
2026/10/01 03:46:57.914, 2842 MHz, 13801 MHz, 0x0000000000000004, 478.81 W, 99 %, 31934 MiB
2026/10/01 03:46:58.426, 2842 MHz, 13801 MHz, 0x0000000000000004, 497.22 W, 99 %, 31934 MiB
2026/10/01 03:46:58.939, 2865 MHz, 13801 MHz, 0x0000000000000000, 453.04 W, 52 %, 31934 MiB
2026/10/01 03:46:59.452, 2865 MHz, 13801 MHz, 0x0000000000000000, 416.21 W, 54 %, 31934 MiB
2026/10/01 03:46:59.962, 2857 MHz, 13801 MHz, 0x0000000000000000, 403.47 W, 68 %, 31934 MiB
2026/10/01 03:47:00.475, 2842 MHz, 13801 MHz, 0x0000000000000004, 427.42 W, 99 %, 31969 MiB
2026/10/01 03:47:00.984, 2865 MHz, 13801 MHz, 0x0000000000000000, 395.37 W, 44 %, 31974 MiB
2026/10/01 03:47:01.493, 2857 MHz, 13801 MHz, 0x0000000000000000, 347.98 W, 55 %, 31974 MiB
2026/10/01 03:47:02.001, 2865 MHz, 13801 MHz, 0x0000000000000000, 350.93 W, 67 %, 31974 MiB
2026/10/01 03:47:02.512, 2857 MHz, 13801 MHz, 0x0000000000000000, 366.91 W, 53 %, 31974 MiB
2026/10/01 03:47:03.025, 2850 MHz, 13801 MHz, 0x0000000000000000, 394.26 W, 51 %, 31964 MiB
2026/10/01 03:47:03.535, 2865 MHz, 13801 MHz, 0x0000000000000004, 396.61 W, 99 %, 31968 MiB
2026/10/01 03:47:04.045, 2857 MHz, 13801 MHz, 0x0000000000000000, 384.16 W, 53 %, 31968 MiB
2026/10/01 03:47:04.556, 2857 MHz, 13801 MHz, 0x0000000000000000, 370.65 W, 44 %, 31963 MiB
2026/10/01 03:47:05.065, 2865 MHz, 13801 MHz, 0x0000000000000000, 350.91 W, 50 %, 31963 MiB
2026/10/01 03:47:05.573, 2850 MHz, 13801 MHz, 0x0000000000000000, 368.22 W, 58 %, 31960 MiB
2026/10/01 03:47:06.086, 2850 MHz, 13801 MHz, 0x0000000000000000, 389.73 W, 52 %, 31929 MiB
2026/10/01 03:47:06.596, 2857 MHz, 13801 MHz, 0x0000000000000000, 409.53 W, 59 %, 31929 MiB
2026/10/01 03:47:07.108, 2857 MHz, 13801 MHz, 0x0000000000000000, 398.22 W, 57 %, 31929 MiB
2026/10/01 03:47:07.619, 2850 MHz, 13801 MHz, 0x0000000000000000, 386.62 W, 59 %, 31929 MiB
2026/10/01 03:47:08.128, 2850 MHz, 13801 MHz, 0x0000000000000000, 387.57 W, 63 %, 31929 MiB
2026/10/01 03:47:08.639, 2850 MHz, 13801 MHz, 0x0000000000000000, 389.10 W, 59 %, 31929 MiB
2026/10/01 03:47:09.150, 2857 MHz, 13801 MHz, 0x0000000000000000, 365.85 W, 46 %, 31929 MiB
2026/10/01 03:47:09.660, 2857 MHz, 13801 MHz, 0x0000000000000000, 347.01 W, 50 %, 31934 MiB
2026/10/01 03:47:10.170, 2865 MHz, 13801 MHz, 0x0000000000000000, 338.98 W, 55 %, 31934 MiB
2026/10/01 03:47:10.681, 2850 MHz, 13801 MHz, 0x0000000000000000, 358.46 W, 59 %, 31929 MiB
2026/10/01 03:47:11.193, 2857 MHz, 13801 MHz, 0x0000000000000000, 379.41 W, 55 %, 31929 MiB
2026/10/01 03:47:11.707, 2857 MHz, 13801 MHz, 0x0000000000000000, 383.96 W, 60 %, 31929 MiB
2026/10/01 03:47:12.219, 2857 MHz, 13801 MHz, 0x0000000000000000, 373.12 W, 52 %, 31929 MiB
2026/10/01 03:47:12.731, 2857 MHz, 13801 MHz, 0x0000000000000000, 353.13 W, 48 %, 31957 MiB
2026/10/01 03:47:13.240, 2857 MHz, 13801 MHz, 0x0000000000000000, 354.52 W, 55 %, 31957 MiB
2026/10/01 03:47:13.750, 2857 MHz, 13801 MHz, 0x0000000000000000, 368.50 W, 58 %, 31957 MiB
2026/10/01 03:47:14.262, 2857 MHz, 13801 MHz, 0x0000000000000000, 376.60 W, 57 %, 31958 MiB
2026/10/01 03:47:14.776, 2857 MHz, 13801 MHz, 0x0000000000000000, 377.06 W, 55 %, 31958 MiB
2026/10/01 03:47:15.284, 2857 MHz, 13801 MHz, 0x0000000000000000, 377.35 W, 50 %, 31978 MiB
2026/10/01 03:47:15.792, 2857 MHz, 13801 MHz, 0x0000000000000000, 367.85 W, 59 %, 31979 MiB
2026/10/01 03:47:16.296, 2857 MHz, 13801 MHz, 0x0000000000000000, 361.02 W, 49 %, 31979 MiB
2026/10/01 03:47:16.807, 2857 MHz, 13801 MHz, 0x0000000000000000, 359.51 W, 55 %, 31977 MiB
2026/10/01 03:47:17.318, 2857 MHz, 13801 MHz, 0x0000000000000000, 353.03 W, 48 %, 31979 MiB
2026/10/01 03:47:17.827, 2865 MHz, 13801 MHz, 0x0000000000000000, 348.75 W, 40 %, 31955 MiB
2026/10/01 03:47:18.335, 2857 MHz, 13801 MHz, 0x0000000000000000, 342.51 W, 52 %, 31956 MiB
2026/10/01 03:47:18.843, 2857 MHz, 13801 MHz, 0x0000000000000000, 352.59 W, 51 %, 31981 MiB
2026/10/01 03:47:19.349, 2887 MHz, 13801 MHz, 0x0000000000000000, 305.64 W, 32 %, 32008 MiB
2026/10/01 03:47:19.861, 2872 MHz, 13801 MHz, 0x0000000000000000, 265.67 W, 40 %, 32008 MiB
2026/10/01 03:47:20.369, 2880 MHz, 13801 MHz, 0x0000000000000000, 288.88 W, 40 %, 32005 MiB
2026/10/01 03:47:20.878, 2865 MHz, 13801 MHz, 0x0000000000000000, 314.87 W, 55 %, 31989 MiB
2026/10/01 03:47:21.386, 2857 MHz, 13801 MHz, 0x0000000000000000, 349.81 W, 50 %, 31989 MiB
2026/10/01 03:47:21.895, 2857 MHz, 13801 MHz, 0x0000000000000000, 347.27 W, 55 %, 31985 MiB
2026/10/01 03:47:22.403, 2857 MHz, 13801 MHz, 0x0000000000000000, 349.86 W, 53 %, 31987 MiB
2026/10/01 03:47:22.908, 2880 MHz, 13801 MHz, 0x0000000000000000, 335.41 W, 34 %, 32006 MiB
2026/10/01 03:47:23.415, 2880 MHz, 13801 MHz, 0x0000000000000000, 298.78 W, 53 %, 32007 MiB
2026/10/01 03:47:23.922, 2872 MHz, 13801 MHz, 0x0000000000000000, 310.76 W, 54 %, 32001 MiB
2026/10/01 03:47:24.428, 2857 MHz, 13801 MHz, 0x0000000000000000, 366.13 W, 71 %, 31996 MiB
2026/10/01 03:47:24.935, 2865 MHz, 13801 MHz, 0x0000000000000000, 348.11 W, 44 %, 31983 MiB
2026/10/01 03:47:25.443, 2865 MHz, 13801 MHz, 0x0000000000000000, 316.99 W, 51 %, 31983 MiB
2026/10/01 03:47:25.949, 2872 MHz, 13801 MHz, 0x0000000000000004, 343.71 W, 87 %, 31983 MiB
2026/10/01 03:47:26.455, 2880 MHz, 13801 MHz, 0x0000000000000004, 361.13 W, 82 %, 31983 MiB
2026/10/01 03:47:26.963, 2865 MHz, 13801 MHz, 0x0000000000000000, 367.14 W, 48 %, 31983 MiB
2026/10/01 03:47:27.470, 2842 MHz, 13801 MHz, 0x0000000000000004, 405.21 W, 91 %, 31977 MiB
2026/10/01 03:47:27.977, 2857 MHz, 13801 MHz, 0x0000000000000004, 414.64 W, 86 %, 31941 MiB
2026/10/01 03:47:28.484, 2857 MHz, 13801 MHz, 0x0000000000000004, 436.43 W, 99 %, 31941 MiB
2026/10/01 03:47:28.990, 2857 MHz, 13801 MHz, 0x0000000000000004, 447.33 W, 99 %, 31941 MiB
2026/10/01 03:47:29.498, 2865 MHz, 13801 MHz, 0x0000000000000000, 434.27 W, 76 %, 31941 MiB
2026/10/01 03:47:30.005, 2850 MHz, 13801 MHz, 0x0000000000000004, 447.92 W, 99 %, 31938 MiB
2026/10/01 03:47:30.516, 2835 MHz, 13801 MHz, 0x0000000000000004, 469.28 W, 85 %, 31938 MiB
2026/10/01 03:47:31.025, 2835 MHz, 13801 MHz, 0x0000000000000004, 464.76 W, 98 %, 31943 MiB
2026/10/01 03:47:31.534, 2850 MHz, 13801 MHz, 0x0000000000000004, 440.29 W, 99 %, 31958 MiB
2026/10/01 03:47:32.042, 2850 MHz, 13801 MHz, 0x0000000000000000, 423.82 W, 60 %, 31956 MiB
2026/10/01 03:47:32.551, 2835 MHz, 13801 MHz, 0x0000000000000000, 419.22 W, 59 %, 31963 MiB
2026/10/01 03:47:33.061, 2872 MHz, 13801 MHz, 0x0000000000000004, 413.90 W, 99 %, 31964 MiB
2026/10/01 03:47:33.571, 2850 MHz, 13801 MHz, 0x0000000000000000, 416.43 W, 60 %, 31964 MiB
2026/10/01 03:47:34.086, 2850 MHz, 13801 MHz, 0x0000000000000000, 435.53 W, 61 %, 31964 MiB
2026/10/01 03:47:34.589, 2857 MHz, 13801 MHz, 0x0000000000000000, 418.68 W, 72 %, 31964 MiB
2026/10/01 03:47:35.098, 2857 MHz, 13801 MHz, 0x0000000000000000, 394.18 W, 59 %, 31964 MiB
2026/10/01 03:47:35.606, 2857 MHz, 13801 MHz, 0x0000000000000000, 383.33 W, 54 %, 31964 MiB
2026/10/01 03:47:36.119, 2835 MHz, 13801 MHz, 0x0000000000000004, 433.64 W, 91 %, 31964 MiB
2026/10/01 03:47:36.626, 2857 MHz, 13801 MHz, 0x0000000000000000, 430.65 W, 53 %, 31953 MiB
2026/10/01 03:47:37.138, 2857 MHz, 13801 MHz, 0x0000000000000000, 380.40 W, 59 %, 31953 MiB
2026/10/01 03:47:37.649, 2850 MHz, 13801 MHz, 0x0000000000000000, 397.58 W, 64 %, 31989 MiB
2026/10/01 03:47:38.158, 2857 MHz, 13801 MHz, 0x0000000000000000, 407.10 W, 47 %, 32002 MiB
2026/10/01 03:47:38.664, 2857 MHz, 13801 MHz, 0x0000000000000000, 371.79 W, 54 %, 32014 MiB
2026/10/01 03:47:39.171, 2857 MHz, 13801 MHz, 0x0000000000000000, 362.97 W, 57 %, 32011 MiB
2026/10/01 03:47:39.684, 2857 MHz, 13801 MHz, 0x0000000000000000, 374.83 W, 57 %, 32011 MiB
2026/10/01 03:47:40.191, 2865 MHz, 13801 MHz, 0x0000000000000000, 360.66 W, 47 %, 32007 MiB
2026/10/01 03:47:40.700, 2865 MHz, 13801 MHz, 0x0000000000000000, 348.55 W, 59 %, 32007 MiB
2026/10/01 03:47:41.213, 2857 MHz, 13801 MHz, 0x0000000000000000, 417.49 W, 53 %, 32005 MiB
2026/10/01 03:47:41.726, 2857 MHz, 13801 MHz, 0x0000000000000000, 383.85 W, 47 %, 32003 MiB
2026/10/01 03:47:42.234, 2865 MHz, 13801 MHz, 0x0000000000000000, 374.58 W, 70 %, 32004 MiB
2026/10/01 03:47:42.743, 2872 MHz, 13801 MHz, 0x0000000000000000, 331.47 W, 33 %, 31985 MiB
2026/10/01 03:47:43.254, 2865 MHz, 13801 MHz, 0x0000000000000000, 309.50 W, 58 %, 31972 MiB
2026/10/01 03:47:43.768, 2857 MHz, 13801 MHz, 0x0000000000000000, 343.88 W, 57 %, 31963 MiB
2026/10/01 03:47:44.278, 2865 MHz, 13801 MHz, 0x0000000000000000, 369.73 W, 56 %, 31947 MiB
2026/10/01 03:47:44.790, 2857 MHz, 13801 MHz, 0x0000000000000000, 373.94 W, 54 %, 31941 MiB
2026/10/01 03:47:45.302, 2857 MHz, 13801 MHz, 0x0000000000000000, 367.63 W, 56 %, 31935 MiB
2026/10/01 03:47:45.814, 2850 MHz, 13801 MHz, 0x0000000000000000, 367.85 W, 59 %, 31935 MiB
2026/10/01 03:47:46.323, 2857 MHz, 13801 MHz, 0x0000000000000000, 383.44 W, 52 %, 31935 MiB
2026/10/01 03:47:46.833, 2857 MHz, 13801 MHz, 0x0000000000000000, 376.35 W, 58 %, 31954 MiB
2026/10/01 03:47:47.347, 2857 MHz, 13801 MHz, 0x0000000000000000, 372.37 W, 63 %, 31955 MiB
2026/10/01 03:47:47.860, 2857 MHz, 13801 MHz, 0x0000000000000000, 384.24 W, 59 %, 31956 MiB
2026/10/01 03:47:48.371, 2850 MHz, 13801 MHz, 0x0000000000000000, 385.85 W, 44 %, 31956 MiB
2026/10/01 03:47:48.879, 2857 MHz, 13801 MHz, 0x0000000000000000, 381.88 W, 48 %, 31953 MiB
2026/10/01 03:47:49.393, 2865 MHz, 13801 MHz, 0x0000000000000000, 366.53 W, 56 %, 31953 MiB
2026/10/01 03:47:49.904, 2857 MHz, 13801 MHz, 0x0000000000000000, 364.99 W, 58 %, 31940 MiB
2026/10/01 03:47:50.416, 2850 MHz, 13801 MHz, 0x0000000000000000, 385.54 W, 56 %, 31940 MiB
2026/10/01 03:47:50.925, 2857 MHz, 13801 MHz, 0x0000000000000000, 388.11 W, 57 %, 31936 MiB
2026/10/01 03:47:51.437, 2857 MHz, 13801 MHz, 0x0000000000000000, 368.77 W, 50 %, 31940 MiB
2026/10/01 03:47:51.946, 2857 MHz, 13801 MHz, 0x0000000000000000, 339.60 W, 47 %, 31942 MiB
2026/10/01 03:47:52.455, 2865 MHz, 13801 MHz, 0x0000000000000000, 335.03 W, 47 %, 31957 MiB
2026/10/01 03:47:52.967, 2865 MHz, 13801 MHz, 0x0000000000000000, 348.42 W, 44 %, 31955 MiB
2026/10/01 03:47:53.476, 2865 MHz, 13801 MHz, 0x0000000000000000, 344.28 W, 53 %, 31955 MiB
2026/10/01 03:47:53.986, 2865 MHz, 13801 MHz, 0x0000000000000000, 336.23 W, 45 %, 31955 MiB
2026/10/01 03:47:54.501, 2857 MHz, 13801 MHz, 0x0000000000000000, 346.99 W, 52 %, 31953 MiB
2026/10/01 03:47:55.012, 2857 MHz, 13801 MHz, 0x0000000000000000, 347.93 W, 52 %, 31952 MiB
2026/10/01 03:47:55.523, 2857 MHz, 13801 MHz, 0x0000000000000000, 362.30 W, 63 %, 31943 MiB
2026/10/01 03:47:56.032, 2850 MHz, 13801 MHz, 0x0000000000000000, 379.34 W, 58 %, 31939 MiB
2026/10/01 03:47:56.542, 2865 MHz, 13801 MHz, 0x0000000000000000, 395.57 W, 59 %, 31939 MiB
2026/10/01 03:47:57.054, 2865 MHz, 13801 MHz, 0x0000000000000004, 393.05 W, 83 %, 31939 MiB
2026/10/01 03:47:57.559, 2865 MHz, 13801 MHz, 0x0000000000000004, 403.33 W, 90 %, 31935 MiB
2026/10/01 03:47:58.072, 2857 MHz, 13801 MHz, 0x0000000000000000, 421.24 W, 60 %, 31954 MiB
2026/10/01 03:47:58.587, 2857 MHz, 13801 MHz, 0x0000000000000000, 411.55 W, 57 %, 31955 MiB
2026/10/01 03:47:59.093, 2857 MHz, 13801 MHz, 0x0000000000000000, 391.04 W, 65 %, 31955 MiB
2026/10/01 03:47:59.597, 2842 MHz, 13801 MHz, 0x0000000000000000, 431.46 W, 59 %, 31955 MiB
2026/10/01 03:48:00.107, 2857 MHz, 13801 MHz, 0x0000000000000000, 411.74 W, 47 %, 31952 MiB
2026/10/01 03:48:00.614, 2857 MHz, 13801 MHz, 0x0000000000000000, 400.75 W, 58 %, 31952 MiB
2026/10/01 03:48:01.120, 2835 MHz, 13801 MHz, 0x0000000000000004, 461.22 W, 99 %, 31939 MiB
2026/10/01 03:48:01.630, 2842 MHz, 13801 MHz, 0x0000000000000004, 488.49 W, 99 %, 31939 MiB
2026/10/01 03:48:02.140, 2842 MHz, 13801 MHz, 0x0000000000000004, 476.47 W, 67 %, 31939 MiB
2026/10/01 03:48:02.649, 2857 MHz, 13801 MHz, 0x0000000000000004, 455.15 W, 99 %, 31935 MiB
2026/10/01 03:48:03.158, 2857 MHz, 13801 MHz, 0x0000000000000000, 412.25 W, 55 %, 31935 MiB
2026/10/01 03:48:03.670, 2857 MHz, 13801 MHz, 0x0000000000000000, 377.72 W, 60 %, 31931 MiB
2026/10/01 03:48:04.177, 2865 MHz, 13801 MHz, 0x0000000000000004, 390.17 W, 92 %, 31931 MiB
2026/10/01 03:48:04.683, 2850 MHz, 13801 MHz, 0x0000000000000004, 417.65 W, 87 %, 31931 MiB
2026/10/01 03:48:05.195, 2850 MHz, 13801 MHz, 0x0000000000000004, 433.86 W, 51 %, 31931 MiB
2026/10/01 03:48:05.703, 2857 MHz, 13801 MHz, 0x0000000000000000, 430.96 W, 70 %, 31931 MiB
2026/10/01 03:48:06.213, 2857 MHz, 13801 MHz, 0x0000000000000000, 427.15 W, 76 %, 31931 MiB
2026/10/01 03:48:06.722, 2850 MHz, 13801 MHz, 0x0000000000000000, 400.06 W, 64 %, 31935 MiB
2026/10/01 03:48:07.230, 2857 MHz, 13801 MHz, 0x0000000000000000, 400.17 W, 56 %, 31935 MiB
2026/10/01 03:48:07.742, 2857 MHz, 13801 MHz, 0x0000000000000004, 397.54 W, 65 %, 31955 MiB
2026/10/01 03:48:08.253, 2850 MHz, 13801 MHz, 0x0000000000000000, 408.92 W, 59 %, 31955 MiB
2026/10/01 03:48:08.762, 2857 MHz, 13801 MHz, 0x0000000000000000, 409.21 W, 57 %, 31955 MiB
2026/10/01 03:48:09.273, 2857 MHz, 13801 MHz, 0x0000000000000000, 392.78 W, 69 %, 31955 MiB
2026/10/01 03:48:09.779, 2835 MHz, 13801 MHz, 0x0000000000000000, 406.58 W, 50 %, 31952 MiB
2026/10/01 03:48:10.289, 2865 MHz, 13801 MHz, 0x0000000000000000, 402.24 W, 59 %, 31952 MiB
2026/10/01 03:48:10.802, 2850 MHz, 13801 MHz, 0x0000000000000000, 403.95 W, 55 %, 31939 MiB
2026/10/01 03:48:11.315, 2857 MHz, 13801 MHz, 0x0000000000000000, 417.04 W, 67 %, 31935 MiB
2026/10/01 03:48:11.824, 2857 MHz, 13801 MHz, 0x0000000000000000, 398.36 W, 57 %, 31939 MiB
2026/10/01 03:48:12.335, 2857 MHz, 13801 MHz, 0x0000000000000000, 388.56 W, 50 %, 31935 MiB
2026/10/01 03:48:12.845, 2865 MHz, 13801 MHz, 0x0000000000000000, 353.38 W, 44 %, 31931 MiB
2026/10/01 03:48:13.354, 2872 MHz, 13801 MHz, 0x0000000000000000, 325.81 W, 49 %, 31936 MiB
2026/10/01 03:48:13.869, 2857 MHz, 13801 MHz, 0x0000000000000000, 347.41 W, 57 %, 31936 MiB
2026/10/01 03:48:14.378, 2857 MHz, 13801 MHz, 0x0000000000000000, 381.23 W, 66 %, 31931 MiB
2026/10/01 03:48:14.885, 2850 MHz, 13801 MHz, 0x0000000000000000, 389.99 W, 56 %, 31931 MiB
2026/10/01 03:48:15.397, 2857 MHz, 13801 MHz, 0x0000000000000000, 386.72 W, 55 %, 31931 MiB
2026/10/01 03:48:15.906, 2857 MHz, 13801 MHz, 0x0000000000000000, 387.11 W, 59 %, 31931 MiB
2026/10/01 03:48:16.415, 2865 MHz, 13801 MHz, 0x0000000000000000, 391.56 W, 73 %, 31935 MiB
2026/10/01 03:48:16.923, 2857 MHz, 13801 MHz, 0x0000000000000000, 390.36 W, 57 %, 31935 MiB
2026/10/01 03:48:17.433, 2857 MHz, 13801 MHz, 0x0000000000000000, 386.17 W, 58 %, 31936 MiB
2026/10/01 03:48:17.944, 2857 MHz, 13801 MHz, 0x0000000000000000, 377.55 W, 55 %, 31936 MiB
2026/10/01 03:48:18.454, 2850 MHz, 13801 MHz, 0x0000000000000000, 383.48 W, 57 %, 31936 MiB
2026/10/01 03:48:18.964, 2857 MHz, 13801 MHz, 0x0000000000000000, 377.56 W, 51 %, 31936 MiB
2026/10/01 03:48:19.479, 2857 MHz, 13801 MHz, 0x0000000000000000, 362.78 W, 56 %, 31936 MiB
2026/10/01 03:48:19.988, 2865 MHz, 13801 MHz, 0x0000000000000000, 353.61 W, 39 %, 31936 MiB
2026/10/01 03:48:20.503, 2857 MHz, 13801 MHz, 0x0000000000000000, 352.43 W, 56 %, 31936 MiB
2026/10/01 03:48:21.014, 2857 MHz, 13801 MHz, 0x0000000000000000, 356.90 W, 56 %, 31936 MiB
2026/10/01 03:48:21.523, 2850 MHz, 13801 MHz, 0x0000000000000000, 379.66 W, 57 %, 31936 MiB
2026/10/01 03:48:22.038, 2850 MHz, 13801 MHz, 0x0000000000000000, 385.27 W, 53 %, 31936 MiB
2026/10/01 03:48:22.552, 2850 MHz, 13801 MHz, 0x0000000000000000, 388.89 W, 56 %, 31936 MiB
2026/10/01 03:48:23.066, 2857 MHz, 13801 MHz, 0x0000000000000000, 391.45 W, 58 %, 31936 MiB
2026/10/01 03:48:23.578, 2850 MHz, 13801 MHz, 0x0000000000000000, 390.65 W, 58 %, 31936 MiB
2026/10/01 03:48:24.089, 2857 MHz, 13801 MHz, 0x0000000000000000, 379.55 W, 50 %, 31936 MiB
2026/10/01 03:48:24.599, 2857 MHz, 13801 MHz, 0x0000000000000000, 370.86 W, 58 %, 31936 MiB
2026/10/01 03:48:25.111, 2865 MHz, 13801 MHz, 0x0000000000000000, 371.48 W, 53 %, 31936 MiB
2026/10/01 03:48:25.621, 2857 MHz, 13801 MHz, 0x0000000000000000, 376.51 W, 56 %, 31936 MiB
2026/10/01 03:48:26.129, 2850 MHz, 13801 MHz, 0x0000000000000000, 376.02 W, 52 %, 31967 MiB
2026/10/01 03:48:26.640, 2857 MHz, 13801 MHz, 0x0000000000000000, 372.27 W, 59 %, 31967 MiB
2026/10/01 03:48:27.149, 2857 MHz, 13801 MHz, 0x0000000000000000, 371.29 W, 57 %, 31979 MiB
2026/10/01 03:48:27.661, 2865 MHz, 13801 MHz, 0x0000000000000000, 382.49 W, 55 %, 31979 MiB
2026/10/01 03:48:28.173, 2857 MHz, 13801 MHz, 0x0000000000000000, 384.53 W, 59 %, 31979 MiB
2026/10/01 03:48:28.684, 2850 MHz, 13801 MHz, 0x0000000000000004, 396.64 W, 78 %, 31968 MiB
2026/10/01 03:48:29.197, 2857 MHz, 13801 MHz, 0x0000000000000000, 419.33 W, 53 %, 31968 MiB
2026/10/01 03:48:29.707, 2850 MHz, 13801 MHz, 0x0000000000000000, 408.23 W, 57 %, 31968 MiB
2026/10/01 03:48:30.219, 2865 MHz, 13801 MHz, 0x0000000000000004, 383.06 W, 87 %, 31968 MiB
2026/10/01 03:48:30.729, 2865 MHz, 13801 MHz, 0x0000000000000004, 401.87 W, 53 %, 31968 MiB
2026/10/01 03:48:31.237, 2842 MHz, 13801 MHz, 0x0000000000000004, 429.00 W, 51 %, 31962 MiB
2026/10/01 03:48:31.742, 2842 MHz, 13801 MHz, 0x0000000000000004, 442.02 W, 99 %, 31962 MiB
2026/10/01 03:48:32.250, 2827 MHz, 13801 MHz, 0x0000000000000000, 464.38 W, 59 %, 31933 MiB
2026/10/01 03:48:32.761, 2842 MHz, 13801 MHz, 0x0000000000000000, 454.33 W, 54 %, 31933 MiB
2026/10/01 03:48:33.269, 2835 MHz, 13801 MHz, 0x0000000000000000, 432.84 W, 75 %, 31933 MiB
2026/10/01 03:48:33.779, 2865 MHz, 13801 MHz, 0x0000000000000004, 374.69 W, 66 %, 31933 MiB
2026/10/01 03:48:34.282, 2842 MHz, 13801 MHz, 0x0000000000000004, 411.73 W, 99 %, 31933 MiB
2026/10/01 03:48:34.788, 2842 MHz, 13801 MHz, 0x0000000000000000, 470.17 W, 48 %, 31935 MiB
2026/10/01 03:48:35.295, 2850 MHz, 13801 MHz, 0x0000000000000000, 440.51 W, 55 %, 31935 MiB
2026/10/01 03:48:35.801, 2865 MHz, 13801 MHz, 0x0000000000000004, 405.30 W, 99 %, 31933 MiB
2026/10/01 03:48:36.308, 2857 MHz, 13801 MHz, 0x0000000000000000, 412.95 W, 76 %, 31933 MiB
2026/10/01 03:48:36.816, 2857 MHz, 13801 MHz, 0x0000000000000000, 424.38 W, 56 %, 31933 MiB
2026/10/01 03:48:37.326, 2850 MHz, 13801 MHz, 0x0000000000000000, 384.04 W, 51 %, 31933 MiB
2026/10/01 03:48:37.833, 2850 MHz, 13801 MHz, 0x0000000000000000, 393.90 W, 77 %, 31933 MiB
2026/10/01 03:48:38.342, 2850 MHz, 13801 MHz, 0x0000000000000000, 399.62 W, 73 %, 31933 MiB
2026/10/01 03:48:38.854, 2857 MHz, 13801 MHz, 0x0000000000000000, 397.04 W, 62 %, 31933 MiB
2026/10/01 03:48:39.361, 2850 MHz, 13801 MHz, 0x0000000000000000, 397.42 W, 58 %, 31941 MiB
2026/10/01 03:48:39.872, 2857 MHz, 13801 MHz, 0x0000000000000000, 402.34 W, 55 %, 31941 MiB
2026/10/01 03:48:40.382, 2857 MHz, 13801 MHz, 0x0000000000000000, 381.04 W, 46 %, 31941 MiB
2026/10/01 03:48:40.894, 2857 MHz, 13801 MHz, 0x0000000000000000, 384.45 W, 59 %, 31941 MiB
2026/10/01 03:48:41.406, 2850 MHz, 13801 MHz, 0x0000000000000000, 419.03 W, 99 %, 31942 MiB
2026/10/01 03:48:41.918, 2865 MHz, 13801 MHz, 0x0000000000000000, 425.88 W, 99 %, 31942 MiB
2026/10/01 03:48:42.430, 2850 MHz, 13801 MHz, 0x0000000000000000, 396.07 W, 59 %, 31942 MiB
2026/10/01 03:48:42.942, 2865 MHz, 13801 MHz, 0x0000000000000000, 376.38 W, 40 %, 31942 MiB
2026/10/01 03:48:43.455, 2857 MHz, 13801 MHz, 0x0000000000000000, 362.02 W, 60 %, 31942 MiB
2026/10/01 03:48:43.966, 2857 MHz, 13801 MHz, 0x0000000000000000, 362.34 W, 57 %, 31942 MiB
2026/10/01 03:48:44.478, 2857 MHz, 13801 MHz, 0x0000000000000000, 388.52 W, 69 %, 31942 MiB
2026/10/01 03:48:44.992, 2850 MHz, 13801 MHz, 0x0000000000000000, 386.45 W, 59 %, 31942 MiB
2026/10/01 03:48:45.507, 2850 MHz, 13801 MHz, 0x0000000000000000, 388.95 W, 54 %, 31942 MiB
2026/10/01 03:48:46.018, 2865 MHz, 13801 MHz, 0x0000000000000000, 373.00 W, 57 %, 31942 MiB
2026/10/01 03:48:46.530, 2857 MHz, 13801 MHz, 0x0000000000000000, 380.43 W, 73 %, 31942 MiB
2026/10/01 03:48:47.042, 2857 MHz, 13801 MHz, 0x0000000000000000, 388.50 W, 56 %, 31942 MiB
2026/10/01 03:48:47.555, 2865 MHz, 13801 MHz, 0x0000000000000000, 374.66 W, 62 %, 31942 MiB
2026/10/01 03:48:48.065, 2865 MHz, 13801 MHz, 0x0000000000000000, 358.85 W, 50 %, 31942 MiB
2026/10/01 03:48:48.575, 2857 MHz, 13801 MHz, 0x0000000000000000, 363.35 W, 55 %, 31942 MiB
2026/10/01 03:48:49.088, 2857 MHz, 13801 MHz, 0x0000000000000000, 385.71 W, 61 %, 31942 MiB
2026/10/01 03:48:49.601, 2857 MHz, 13801 MHz, 0x0000000000000000, 390.82 W, 53 %, 31942 MiB
2026/10/01 03:48:50.115, 2857 MHz, 13801 MHz, 0x0000000000000000, 384.75 W, 55 %, 31942 MiB
2026/10/01 03:48:50.627, 2850 MHz, 13801 MHz, 0x0000000000000000, 387.65 W, 61 %, 31942 MiB
2026/10/01 03:48:51.140, 2850 MHz, 13801 MHz, 0x0000000000000000, 390.63 W, 61 %, 31942 MiB
2026/10/01 03:48:51.654, 2857 MHz, 13801 MHz, 0x0000000000000000, 390.29 W, 61 %, 31942 MiB
2026/10/01 03:48:52.167, 2857 MHz, 13801 MHz, 0x0000000000000000, 387.08 W, 55 %, 31942 MiB
2026/10/01 03:48:52.682, 2850 MHz, 13801 MHz, 0x0000000000000000, 391.60 W, 69 %, 31942 MiB
2026/10/01 03:48:53.195, 2865 MHz, 13801 MHz, 0x0000000000000000, 389.36 W, 55 %, 31942 MiB
2026/10/01 03:48:53.708, 2857 MHz, 13801 MHz, 0x0000000000000000, 383.60 W, 59 %, 31942 MiB
2026/10/01 03:48:54.219, 2857 MHz, 13801 MHz, 0x0000000000000000, 372.11 W, 54 %, 31942 MiB
2026/10/01 03:48:54.730, 2857 MHz, 13801 MHz, 0x0000000000000000, 361.66 W, 51 %, 31942 MiB
2026/10/01 03:48:55.238, 2865 MHz, 13801 MHz, 0x0000000000000000, 359.96 W, 49 %, 31942 MiB
2026/10/01 03:48:55.749, 2865 MHz, 13801 MHz, 0x0000000000000004, 342.58 W, 36 %, 31942 MiB
2026/10/01 03:48:56.263, 2857 MHz, 13801 MHz, 0x0000000000000000, 348.72 W, 62 %, 31947 MiB
2026/10/01 03:48:56.769, 2865 MHz, 13801 MHz, 0x0000000000000000, 369.30 W, 59 %, 31942 MiB
2026/10/01 03:48:57.278, 2857 MHz, 13801 MHz, 0x0000000000000000, 368.69 W, 51 %, 31942 MiB
2026/10/01 03:48:57.792, 2857 MHz, 13801 MHz, 0x0000000000000000, 348.51 W, 53 %, 31942 MiB
2026/10/01 03:48:58.303, 2857 MHz, 13801 MHz, 0x0000000000000000, 355.67 W, 56 %, 31942 MiB
2026/10/01 03:48:58.817, 2865 MHz, 13801 MHz, 0x0000000000000000, 367.91 W, 58 %, 31942 MiB
2026/10/01 03:48:59.325, 2835 MHz, 13801 MHz, 0x0000000000000000, 406.56 W, 67 %, 31942 MiB
2026/10/01 03:48:59.839, 2857 MHz, 13801 MHz, 0x0000000000000000, 413.41 W, 60 %, 31942 MiB
2026/10/01 03:49:00.351, 2857 MHz, 13801 MHz, 0x0000000000000000, 384.98 W, 64 %, 31942 MiB
2026/10/01 03:49:00.862, 2887 MHz, 13801 MHz, 0x0000000000000000, 349.19 W, 54 %, 31944 MiB
2026/10/01 03:49:01.369, 2857 MHz, 13801 MHz, 0x0000000000000000, 341.66 W, 64 %, 31942 MiB
2026/10/01 03:49:01.880, 2865 MHz, 13801 MHz, 0x0000000000000000, 345.07 W, 51 %, 31942 MiB
2026/10/01 03:49:02.391, 2857 MHz, 13801 MHz, 0x0000000000000000, 375.04 W, 77 %, 31942 MiB
2026/10/01 03:49:02.900, 2857 MHz, 13801 MHz, 0x0000000000000000, 420.05 W, 79 %, 31944 MiB
2026/10/01 03:49:03.408, 2835 MHz, 13801 MHz, 0x0000000000000004, 449.36 W, 99 %, 31942 MiB
2026/10/01 03:49:03.918, 2865 MHz, 13801 MHz, 0x0000000000000000, 465.67 W, 99 %, 31942 MiB
2026/10/01 03:49:04.427, 2850 MHz, 13801 MHz, 0x0000000000000004, 458.30 W, 99 %, 31942 MiB
2026/10/01 03:49:04.936, 2835 MHz, 13801 MHz, 0x0000000000000004, 479.90 W, 99 %, 31942 MiB
2026/10/01 03:49:05.446, 2857 MHz, 13801 MHz, 0x0000000000000000, 437.59 W, 57 %, 31942 MiB
2026/10/01 03:49:05.956, 2842 MHz, 13801 MHz, 0x0000000000000000, 419.08 W, 65 %, 31942 MiB
2026/10/01 03:49:06.467, 2857 MHz, 13801 MHz, 0x0000000000000004, 445.66 W, 61 %, 31942 MiB
2026/10/01 03:49:06.979, 2865 MHz, 13801 MHz, 0x0000000000000004, 437.45 W, 99 %, 31942 MiB
2026/10/01 03:49:07.491, 2842 MHz, 13801 MHz, 0x0000000000000000, 442.29 W, 59 %, 31942 MiB
2026/10/01 03:49:08.007, 2850 MHz, 13801 MHz, 0x0000000000000000, 417.95 W, 53 %, 31953 MiB
2026/10/01 03:49:08.521, 2850 MHz, 13801 MHz, 0x0000000000000000, 423.04 W, 77 %, 31953 MiB
2026/10/01 03:49:09.035, 2865 MHz, 13801 MHz, 0x0000000000000000, 402.75 W, 54 %, 31953 MiB
2026/10/01 03:49:09.548, 2857 MHz, 13801 MHz, 0x0000000000000000, 381.88 W, 58 %, 31953 MiB
2026/10/01 03:49:10.060, 2850 MHz, 13801 MHz, 0x0000000000000000, 400.83 W, 87 %, 31953 MiB
2026/10/01 03:49:10.572, 2850 MHz, 13801 MHz, 0x0000000000000000, 405.75 W, 61 %, 31953 MiB
2026/10/01 03:49:11.084, 2857 MHz, 13801 MHz, 0x0000000000000000, 395.16 W, 55 %, 31953 MiB
2026/10/01 03:49:11.594, 2835 MHz, 13801 MHz, 0x0000000000000000, 416.76 W, 67 %, 31953 MiB
2026/10/01 03:49:12.095, 2857 MHz, 13801 MHz, 0x0000000000000000, 417.50 W, 61 %, 31953 MiB
2026/10/01 03:49:12.610, 2865 MHz, 13801 MHz, 0x0000000000000000, 377.53 W, 37 %, 31953 MiB
2026/10/01 03:49:13.120, 2865 MHz, 13801 MHz, 0x0000000000000000, 368.32 W, 51 %, 31953 MiB
2026/10/01 03:49:13.634, 2842 MHz, 13801 MHz, 0x0000000000000000, 382.78 W, 55 %, 31941 MiB
2026/10/01 03:49:14.142, 2857 MHz, 13801 MHz, 0x0000000000000000, 393.30 W, 60 %, 31941 MiB
2026/10/01 03:49:14.655, 2850 MHz, 13801 MHz, 0x0000000000000000, 398.77 W, 81 %, 31941 MiB
2026/10/01 03:49:15.166, 2850 MHz, 13801 MHz, 0x0000000000000000, 389.87 W, 47 %, 31941 MiB
2026/10/01 03:49:15.677, 2850 MHz, 13801 MHz, 0x0000000000000004, 392.71 W, 58 %, 31941 MiB
2026/10/01 03:49:16.178, 2850 MHz, 13801 MHz, 0x0000000000000000, 415.00 W, 61 %, 31941 MiB
2026/10/01 03:49:16.690, 2857 MHz, 13801 MHz, 0x0000000000000000, 392.03 W, 49 %, 31941 MiB
2026/10/01 03:49:17.198, 2865 MHz, 13801 MHz, 0x0000000000000000, 342.34 W, 55 %, 31946 MiB
2026/10/01 03:49:17.709, 2865 MHz, 13801 MHz, 0x0000000000000000, 330.61 W, 39 %, 31946 MiB
2026/10/01 03:49:18.217, 2857 MHz, 13801 MHz, 0x0000000000000000, 378.45 W, 59 %, 31941 MiB
2026/10/01 03:49:18.730, 2850 MHz, 13801 MHz, 0x0000000000000000, 389.05 W, 58 %, 31941 MiB
2026/10/01 03:49:19.238, 2857 MHz, 13801 MHz, 0x0000000000000000, 401.14 W, 61 %, 31941 MiB
2026/10/01 03:49:19.749, 2850 MHz, 13801 MHz, 0x0000000000000000, 399.45 W, 61 %, 31941 MiB
2026/10/01 03:49:20.257, 2850 MHz, 13801 MHz, 0x0000000000000000, 392.58 W, 61 %, 31941 MiB
2026/10/01 03:49:20.769, 2857 MHz, 13801 MHz, 0x0000000000000000, 386.38 W, 51 %, 31957 MiB
2026/10/01 03:49:21.281, 2857 MHz, 13801 MHz, 0x0000000000000000, 382.12 W, 53 %, 31957 MiB
2026/10/01 03:49:21.795, 2850 MHz, 13801 MHz, 0x0000000000000000, 383.22 W, 58 %, 31957 MiB
2026/10/01 03:49:22.308, 2857 MHz, 13801 MHz, 0x0000000000000000, 389.91 W, 61 %, 31957 MiB
2026/10/01 03:49:22.821, 2850 MHz, 13801 MHz, 0x0000000000000000, 386.80 W, 53 %, 31953 MiB
2026/10/01 03:49:23.335, 2857 MHz, 13801 MHz, 0x0000000000000000, 363.12 W, 51 %, 31953 MiB
2026/10/01 03:49:23.841, 2857 MHz, 13801 MHz, 0x0000000000000000, 354.37 W, 44 %, 31953 MiB
2026/10/01 03:49:24.351, 2857 MHz, 13801 MHz, 0x0000000000000000, 365.36 W, 58 %, 31953 MiB
2026/10/01 03:49:24.861, 2865 MHz, 13801 MHz, 0x0000000000000000, 367.52 W, 53 %, 31955 MiB
2026/10/01 03:49:25.374, 2857 MHz, 13801 MHz, 0x0000000000000000, 358.56 W, 53 %, 31955 MiB
2026/10/01 03:49:25.887, 2857 MHz, 13801 MHz, 0x0000000000000000, 373.33 W, 61 %, 31940 MiB
2026/10/01 03:49:26.400, 2857 MHz, 13801 MHz, 0x0000000000000000, 385.15 W, 61 %, 31940 MiB
2026/10/01 03:49:26.912, 2857 MHz, 13801 MHz, 0x0000000000000000, 382.98 W, 55 %, 31951 MiB
2026/10/01 03:49:27.423, 2850 MHz, 13801 MHz, 0x0000000000000000, 382.42 W, 58 %, 31951 MiB
2026/10/01 03:49:27.933, 2857 MHz, 13801 MHz, 0x0000000000000000, 382.55 W, 56 %, 31951 MiB
2026/10/01 03:49:28.443, 2865 MHz, 13801 MHz, 0x0000000000000000, 390.10 W, 80 %, 31951 MiB
2026/10/01 03:49:28.956, 2850 MHz, 13801 MHz, 0x0000000000000000, 387.31 W, 53 %, 31951 MiB
2026/10/01 03:49:29.467, 2857 MHz, 13801 MHz, 0x0000000000000000, 383.12 W, 68 %, 31951 MiB
2026/10/01 03:49:29.976, 2857 MHz, 13801 MHz, 0x0000000000000000, 378.02 W, 57 %, 31951 MiB
2026/10/01 03:49:30.485, 2857 MHz, 13801 MHz, 0x0000000000000000, 378.27 W, 56 %, 31951 MiB
2026/10/01 03:49:30.996, 2850 MHz, 13801 MHz, 0x0000000000000004, 395.62 W, 55 %, 31951 MiB
2026/10/01 03:49:31.507, 2857 MHz, 13801 MHz, 0x0000000000000000, 399.73 W, 58 %, 31951 MiB
2026/10/01 03:49:32.020, 2850 MHz, 13801 MHz, 0x0000000000000000, 388.08 W, 60 %, 31940 MiB
2026/10/01 03:49:32.533, 2857 MHz, 13801 MHz, 0x0000000000000000, 390.93 W, 64 %, 31940 MiB
2026/10/01 03:49:33.042, 2857 MHz, 13801 MHz, 0x0000000000000004, 414.71 W, 80 %, 31940 MiB
2026/10/01 03:49:33.557, 2842 MHz, 13801 MHz, 0x0000000000000000, 434.49 W, 54 %, 31940 MiB
2026/10/01 03:49:34.067, 2857 MHz, 13801 MHz, 0x0000000000000004, 430.57 W, 99 %, 31940 MiB
2026/10/01 03:49:34.578, 2835 MHz, 13801 MHz, 0x0000000000000000, 432.80 W, 99 %, 31940 MiB
2026/10/01 03:49:35.090, 2850 MHz, 13801 MHz, 0x0000000000000000, 405.82 W, 54 %, 31940 MiB
2026/10/01 03:49:35.601, 2850 MHz, 13801 MHz, 0x0000000000000000, 400.80 W, 76 %, 31940 MiB
2026/10/01 03:49:36.114, 2835 MHz, 13801 MHz, 0x0000000000000004, 458.79 W, 99 %, 31940 MiB
2026/10/01 03:49:36.623, 2865 MHz, 13801 MHz, 0x0000000000000004, 466.43 W, 98 %, 31940 MiB
2026/10/01 03:49:37.134, 2857 MHz, 13801 MHz, 0x0000000000000004, 435.91 W, 59 %, 31949 MiB
2026/10/01 03:49:37.644, 2857 MHz, 13801 MHz, 0x0000000000000004, 438.48 W, 99 %, 31949 MiB
2026/10/01 03:49:38.158, 2865 MHz, 13801 MHz, 0x0000000000000000, 392.23 W, 41 %, 31949 MiB
2026/10/01 03:49:38.665, 2865 MHz, 13801 MHz, 0x0000000000000000, 352.29 W, 64 %, 31954 MiB
2026/10/01 03:49:39.172, 2857 MHz, 13801 MHz, 0x0000000000000004, 395.69 W, 99 %, 31950 MiB
2026/10/01 03:49:39.680, 2850 MHz, 13801 MHz, 0x0000000000000000, 435.40 W, 99 %, 31945 MiB
2026/10/01 03:49:40.190, 2857 MHz, 13801 MHz, 0x0000000000000000, 425.52 W, 40 %, 31950 MiB
2026/10/01 03:49:40.698, 2850 MHz, 13801 MHz, 0x0000000000000000, 410.34 W, 56 %, 31950 MiB
2026/10/01 03:49:41.205, 2857 MHz, 13801 MHz, 0x0000000000000004, 406.71 W, 62 %, 31950 MiB
2026/10/01 03:49:41.715, 2842 MHz, 13801 MHz, 0x0000000000000004, 430.43 W, 99 %, 31950 MiB
2026/10/01 03:49:42.225, 2872 MHz, 13801 MHz, 0x0000000000000000, 327.22 W, 47 %, 31950 MiB
2026/10/01 03:49:42.730, 2865 MHz, 13801 MHz, 0x0000000000000000, 308.23 W, 35 %, 31945 MiB
2026/10/01 03:49:43.238, 2857 MHz, 13801 MHz, 0x0000000000000000, 320.00 W, 51 %, 31945 MiB
2026/10/01 03:49:43.745, 2857 MHz, 13801 MHz, 0x0000000000000000, 356.23 W, 51 %, 31945 MiB
2026/10/01 03:49:44.256, 2857 MHz, 13801 MHz, 0x0000000000000000, 372.46 W, 56 %, 31945 MiB
2026/10/01 03:49:44.759, 2850 MHz, 13801 MHz, 0x0000000000000000, 377.21 W, 57 %, 31945 MiB
2026/10/01 03:49:45.267, 2857 MHz, 13801 MHz, 0x0000000000000000, 361.97 W, 49 %, 31945 MiB
2026/10/01 03:49:45.776, 2865 MHz, 13801 MHz, 0x0000000000000000, 343.29 W, 52 %, 31945 MiB
2026/10/01 03:49:46.284, 2865 MHz, 13801 MHz, 0x0000000000000004, 362.95 W, 99 %, 31945 MiB
2026/10/01 03:49:46.793, 2850 MHz, 13801 MHz, 0x0000000000000000, 417.12 W, 62 %, 31945 MiB
2026/10/01 03:49:47.305, 2865 MHz, 13801 MHz, 0x0000000000000000, 416.85 W, 83 %, 31947 MiB
2026/10/01 03:49:47.816, 2857 MHz, 13801 MHz, 0x0000000000000000, 386.36 W, 55 %, 31947 MiB
2026/10/01 03:49:48.327, 2857 MHz, 13801 MHz, 0x0000000000000000, 377.03 W, 57 %, 31945 MiB
2026/10/01 03:49:48.841, 2857 MHz, 13801 MHz, 0x0000000000000000, 387.78 W, 59 %, 31945 MiB
2026/10/01 03:49:49.357, 2857 MHz, 13801 MHz, 0x0000000000000000, 387.14 W, 55 %, 31945 MiB
2026/10/01 03:49:49.870, 2857 MHz, 13801 MHz, 0x0000000000000000, 374.82 W, 58 %, 31945 MiB
2026/10/01 03:49:50.384, 2850 MHz, 13801 MHz, 0x0000000000000000, 376.13 W, 56 %, 31945 MiB
2026/10/01 03:49:50.892, 2857 MHz, 13801 MHz, 0x0000000000000000, 381.01 W, 57 %, 31945 MiB
2026/10/01 03:49:51.400, 2857 MHz, 13801 MHz, 0x0000000000000000, 377.65 W, 53 %, 31945 MiB
2026/10/01 03:49:51.916, 2865 MHz, 13801 MHz, 0x0000000000000000, 390.07 W, 76 %, 31945 MiB
2026/10/01 03:49:52.427, 2872 MHz, 13801 MHz, 0x0000000000000000, 398.06 W, 72 %, 31945 MiB
2026/10/01 03:49:52.936, 2865 MHz, 13801 MHz, 0x0000000000000000, 381.40 W, 57 %, 31945 MiB
2026/10/01 03:49:53.447, 2850 MHz, 13801 MHz, 0x0000000000000000, 376.99 W, 57 %, 31945 MiB
2026/10/01 03:49:53.962, 2857 MHz, 13801 MHz, 0x0000000000000000, 367.04 W, 52 %, 31945 MiB
2026/10/01 03:49:54.472, 2857 MHz, 13801 MHz, 0x0000000000000000, 360.35 W, 55 %, 31945 MiB
2026/10/01 03:49:54.985, 2857 MHz, 13801 MHz, 0x0000000000000000, 354.90 W, 51 %, 31945 MiB
2026/10/01 03:49:55.496, 2857 MHz, 13801 MHz, 0x0000000000000000, 354.03 W, 53 %, 31945 MiB
2026/10/01 03:49:56.010, 2857 MHz, 13801 MHz, 0x0000000000000000, 352.96 W, 52 %, 31945 MiB
2026/10/01 03:49:56.518, 2865 MHz, 13801 MHz, 0x0000000000000000, 356.85 W, 60 %, 31945 MiB
2026/10/01 03:49:57.032, 2857 MHz, 13801 MHz, 0x0000000000000000, 364.91 W, 61 %, 31945 MiB
2026/10/01 03:49:57.544, 2865 MHz, 13801 MHz, 0x0000000000000004, 396.73 W, 99 %, 31945 MiB
2026/10/01 03:49:58.055, 2850 MHz, 13801 MHz, 0x0000000000000000, 410.76 W, 57 %, 31945 MiB
2026/10/01 03:49:58.562, 2857 MHz, 13801 MHz, 0x0000000000000000, 399.63 W, 55 %, 31945 MiB
2026/10/01 03:49:59.071, 2857 MHz, 13801 MHz, 0x0000000000000000, 372.24 W, 50 %, 31945 MiB
2026/10/01 03:49:59.579, 2865 MHz, 13801 MHz, 0x0000000000000000, 349.51 W, 55 %, 31947 MiB
2026/10/01 03:50:00.091, 2857 MHz, 13801 MHz, 0x0000000000000000, 356.98 W, 54 %, 31947 MiB
2026/10/01 03:50:00.604, 2857 MHz, 13801 MHz, 0x0000000000000000, 381.14 W, 58 %, 31941 MiB
2026/10/01 03:50:01.113, 2857 MHz, 13801 MHz, 0x0000000000000000, 396.81 W, 74 %, 31941 MiB
2026/10/01 03:50:01.623, 2850 MHz, 13801 MHz, 0x0000000000000000, 408.25 W, 78 %, 31945 MiB
2026/10/01 03:50:02.136, 2865 MHz, 13801 MHz, 0x0000000000000000, 397.37 W, 48 %, 31945 MiB
2026/10/01 03:50:02.644, 2850 MHz, 13801 MHz, 0x0000000000000000, 385.02 W, 56 %, 31945 MiB
2026/10/01 03:50:03.156, 2857 MHz, 13801 MHz, 0x0000000000000000, 389.37 W, 55 %, 31945 MiB
2026/10/01 03:50:03.671, 2857 MHz, 13801 MHz, 0x0000000000000000, 390.10 W, 55 %, 31945 MiB
2026/10/01 03:50:04.183, 2865 MHz, 13801 MHz, 0x0000000000000004, 378.34 W, 63 %, 31945 MiB
2026/10/01 03:50:04.695, 2857 MHz, 13801 MHz, 0x0000000000000000, 387.32 W, 57 %, 31945 MiB
2026/10/01 03:50:05.208, 2857 MHz, 13801 MHz, 0x0000000000000000, 408.58 W, 61 %, 31951 MiB
2026/10/01 03:50:05.721, 2865 MHz, 13801 MHz, 0x0000000000000000, 385.90 W, 50 %, 31982 MiB
2026/10/01 03:50:06.231, 2872 MHz, 13801 MHz, 0x0000000000000004, 373.29 W, 99 %, 31990 MiB
2026/10/01 03:50:06.737, 2842 MHz, 13801 MHz, 0x0000000000000000, 392.29 W, 46 %, 31991 MiB
2026/10/01 03:50:07.246, 2865 MHz, 13801 MHz, 0x0000000000000004, 436.83 W, 94 %, 31991 MiB
2026/10/01 03:50:07.760, 2865 MHz, 13801 MHz, 0x0000000000000004, 382.37 W, 77 %, 31991 MiB
2026/10/01 03:50:08.272, 2857 MHz, 13801 MHz, 0x0000000000000000, 345.13 W, 56 %, 31991 MiB
2026/10/01 03:50:08.785, 2857 MHz, 13801 MHz, 0x0000000000000000, 375.91 W, 48 %, 31988 MiB
2026/10/01 03:50:09.291, 2872 MHz, 13801 MHz, 0x0000000000000004, 366.80 W, 98 %, 31991 MiB
2026/10/01 03:50:09.797, 2850 MHz, 13801 MHz, 0x0000000000000000, 379.76 W, 58 %, 31981 MiB
2026/10/01 03:50:10.309, 2850 MHz, 13801 MHz, 0x0000000000000004, 423.24 W, 80 %, 31978 MiB
2026/10/01 03:50:10.818, 2835 MHz, 13801 MHz, 0x0000000000000000, 435.38 W, 58 %, 31971 MiB
2026/10/01 03:50:11.333, 2857 MHz, 13801 MHz, 0x0000000000000004, 455.45 W, 99 %, 31942 MiB
2026/10/01 03:50:11.839, 2835 MHz, 13801 MHz, 0x0000000000000000, 453.75 W, 57 %, 31962 MiB
2026/10/01 03:50:12.347, 2850 MHz, 13801 MHz, 0x0000000000000000, 423.89 W, 39 %, 31986 MiB
2026/10/01 03:50:12.857, 2857 MHz, 13801 MHz, 0x0000000000000000, 380.32 W, 74 %, 31987 MiB
2026/10/01 03:50:13.369, 2850 MHz, 13801 MHz, 0x0000000000000000, 398.21 W, 54 %, 31984 MiB
2026/10/01 03:50:13.869, 2857 MHz, 13801 MHz, 0x0000000000000000, 400.97 W, 56 %, 31984 MiB
2026/10/01 03:50:14.381, 2850 MHz, 13801 MHz, 0x0000000000000000, 386.48 W, 71 %, 31984 MiB
2026/10/01 03:50:14.896, 2850 MHz, 13801 MHz, 0x0000000000000000, 398.25 W, 54 %, 31992 MiB
2026/10/01 03:50:15.407, 2850 MHz, 13801 MHz, 0x0000000000000000, 405.93 W, 62 %, 31992 MiB
2026/10/01 03:50:15.919, 2857 MHz, 13801 MHz, 0x0000000000000000, 388.67 W, 47 %, 31995 MiB
2026/10/01 03:50:16.430, 2857 MHz, 13801 MHz, 0x0000000000000000, 379.40 W, 58 %, 31996 MiB
2026/10/01 03:50:16.945, 2857 MHz, 13801 MHz, 0x0000000000000000, 384.90 W, 49 %, 31997 MiB
2026/10/01 03:50:17.454, 2865 MHz, 13801 MHz, 0x0000000000000000, 384.14 W, 56 %, 31984 MiB
2026/10/01 03:50:17.965, 2857 MHz, 13801 MHz, 0x0000000000000000, 375.83 W, 56 %, 31984 MiB
2026/10/01 03:50:18.476, 2857 MHz, 13801 MHz, 0x0000000000000000, 386.67 W, 59 %, 31964 MiB
2026/10/01 03:50:18.983, 2857 MHz, 13801 MHz, 0x0000000000000000, 385.53 W, 69 %, 31956 MiB
2026/10/01 03:50:19.492, 2850 MHz, 13801 MHz, 0x0000000000000000, 390.36 W, 59 %, 31952 MiB
2026/10/01 03:50:20.003, 2857 MHz, 13801 MHz, 0x0000000000000000, 386.41 W, 47 %, 31949 MiB
2026/10/01 03:50:20.511, 2865 MHz, 13801 MHz, 0x0000000000000004, 394.83 W, 89 %, 31949 MiB
2026/10/01 03:50:21.021, 2857 MHz, 13801 MHz, 0x0000000000000000, 402.60 W, 48 %, 31954 MiB
2026/10/01 03:50:21.530, 2865 MHz, 13801 MHz, 0x0000000000000000, 390.00 W, 58 %, 31954 MiB
2026/10/01 03:50:22.039, 2857 MHz, 13801 MHz, 0x0000000000000000, 370.45 W, 53 %, 31944 MiB
2026/10/01 03:50:22.550, 2857 MHz, 13801 MHz, 0x0000000000000000, 369.48 W, 46 %, 31948 MiB
2026/10/01 03:50:23.060, 2865 MHz, 13801 MHz, 0x0000000000000000, 353.01 W, 49 %, 31948 MiB
2026/10/01 03:50:23.569, 2865 MHz, 13801 MHz, 0x0000000000000000, 351.58 W, 53 %, 31948 MiB
2026/10/01 03:50:24.078, 2857 MHz, 13801 MHz, 0x0000000000000000, 359.98 W, 50 %, 31948 MiB
2026/10/01 03:50:24.589, 2865 MHz, 13801 MHz, 0x0000000000000000, 353.83 W, 54 %, 31948 MiB
2026/10/01 03:50:25.098, 2872 MHz, 13801 MHz, 0x0000000000000004, 375.45 W, 93 %, 31948 MiB
2026/10/01 03:50:25.608, 2857 MHz, 13801 MHz, 0x0000000000000000, 390.51 W, 61 %, 31948 MiB
2026/10/01 03:50:26.119, 2857 MHz, 13801 MHz, 0x0000000000000000, 377.64 W, 58 %, 31948 MiB
2026/10/01 03:50:26.630, 2857 MHz, 13801 MHz, 0x0000000000000000, 383.07 W, 53 %, 31948 MiB
2026/10/01 03:50:27.142, 2850 MHz, 13801 MHz, 0x0000000000000000, 385.68 W, 55 %, 31948 MiB
2026/10/01 03:50:27.655, 2857 MHz, 13801 MHz, 0x0000000000000000, 386.95 W, 58 %, 31968 MiB
2026/10/01 03:50:28.165, 2857 MHz, 13801 MHz, 0x0000000000000000, 388.92 W, 58 %, 31968 MiB
2026/10/01 03:50:28.676, 2865 MHz, 13801 MHz, 0x0000000000000000, 374.99 W, 60 %, 31968 MiB
2026/10/01 03:50:29.186, 2865 MHz, 13801 MHz, 0x0000000000000000, 381.37 W, 63 %, 31969 MiB
2026/10/01 03:50:29.700, 2857 MHz, 13801 MHz, 0x0000000000000000, 395.49 W, 61 %, 31969 MiB
2026/10/01 03:50:30.213, 2857 MHz, 13801 MHz, 0x0000000000000000, 372.25 W, 53 %, 31969 MiB
2026/10/01 03:50:30.728, 2857 MHz, 13801 MHz, 0x0000000000000000, 375.41 W, 48 %, 31952 MiB
2026/10/01 03:50:31.240, 2857 MHz, 13801 MHz, 0x0000000000000000, 381.66 W, 61 %, 31952 MiB
2026/10/01 03:50:31.748, 2857 MHz, 13801 MHz, 0x0000000000000000, 382.56 W, 61 %, 31949 MiB
2026/10/01 03:50:32.260, 2842 MHz, 13801 MHz, 0x0000000000000000, 414.63 W, 69 %, 31949 MiB
2026/10/01 03:50:32.773, 2850 MHz, 13801 MHz, 0x0000000000000000, 414.85 W, 54 %, 31954 MiB
2026/10/01 03:50:33.283, 2857 MHz, 13801 MHz, 0x0000000000000000, 379.86 W, 45 %, 31954 MiB
2026/10/01 03:50:33.792, 2850 MHz, 13801 MHz, 0x0000000000000000, 408.56 W, 83 %, 31954 MiB
2026/10/01 03:50:34.305, 2850 MHz, 13801 MHz, 0x0000000000000000, 415.50 W, 59 %, 31948 MiB
2026/10/01 03:50:34.814, 2857 MHz, 13801 MHz, 0x0000000000000000, 393.31 W, 58 %, 31948 MiB
2026/10/01 03:50:35.325, 2865 MHz, 13801 MHz, 0x0000000000000000, 383.57 W, 59 %, 31948 MiB
2026/10/01 03:50:35.837, 2865 MHz, 13801 MHz, 0x0000000000000000, 372.27 W, 45 %, 31948 MiB
2026/10/01 03:50:36.348, 2872 MHz, 13801 MHz, 0x0000000000000000, 348.40 W, 53 %, 31948 MiB
2026/10/01 03:50:36.859, 2865 MHz, 13801 MHz, 0x0000000000000000, 341.95 W, 62 %, 31948 MiB
2026/10/01 03:50:37.374, 2857 MHz, 13801 MHz, 0x0000000000000004, 402.37 W, 99 %, 31944 MiB
2026/10/01 03:50:37.886, 2850 MHz, 13801 MHz, 0x0000000000000000, 445.24 W, 72 %, 31944 MiB
2026/10/01 03:50:38.396, 2857 MHz, 13801 MHz, 0x0000000000000000, 408.70 W, 65 %, 31944 MiB
2026/10/01 03:50:38.904, 2857 MHz, 13801 MHz, 0x0000000000000000, 376.73 W, 53 %, 31944 MiB
2026/10/01 03:50:39.414, 2857 MHz, 13801 MHz, 0x0000000000000000, 397.15 W, 57 %, 31944 MiB
2026/10/01 03:50:39.924, 2835 MHz, 13801 MHz, 0x0000000000000000, 445.33 W, 78 %, 31944 MiB
2026/10/01 03:50:40.435, 2865 MHz, 13801 MHz, 0x0000000000000000, 436.15 W, 73 %, 31943 MiB
2026/10/01 03:50:40.941, 2850 MHz, 13801 MHz, 0x0000000000000000, 397.16 W, 55 %, 31943 MiB
2026/10/01 03:50:41.453, 2865 MHz, 13801 MHz, 0x0000000000000000, 386.64 W, 59 %, 31943 MiB
2026/10/01 03:50:41.961, 2865 MHz, 13801 MHz, 0x0000000000000000, 385.89 W, 48 %, 31943 MiB
2026/10/01 03:50:42.471, 2835 MHz, 13801 MHz, 0x0000000000000000, 399.79 W, 50 %, 31949 MiB
2026/10/01 03:50:42.981, 2857 MHz, 13801 MHz, 0x0000000000000004, 418.07 W, 99 %, 31947 MiB
2026/10/01 03:50:43.488, 2850 MHz, 13801 MHz, 0x0000000000000000, 425.56 W, 57 %, 31960 MiB
2026/10/01 03:50:44.000, 2850 MHz, 13801 MHz, 0x0000000000000000, 414.58 W, 61 %, 31960 MiB
2026/10/01 03:50:44.512, 2865 MHz, 13801 MHz, 0x0000000000000004, 406.47 W, 99 %, 31960 MiB
2026/10/01 03:50:45.020, 2850 MHz, 13801 MHz, 0x0000000000000000, 429.78 W, 73 %, 31960 MiB
2026/10/01 03:50:45.529, 2850 MHz, 13801 MHz, 0x0000000000000004, 416.32 W, 76 %, 31960 MiB
2026/10/01 03:50:46.041, 2857 MHz, 13801 MHz, 0x0000000000000000, 403.03 W, 77 %, 31960 MiB
2026/10/01 03:50:46.551, 2842 MHz, 13801 MHz, 0x0000000000000000, 424.49 W, 69 %, 31954 MiB
2026/10/01 03:50:47.059, 2857 MHz, 13801 MHz, 0x0000000000000000, 412.68 W, 54 %, 31954 MiB
2026/10/01 03:50:47.563, 2857 MHz, 13801 MHz, 0x0000000000000004, 391.95 W, 83 %, 31954 MiB
2026/10/01 03:50:48.075, 2850 MHz, 13801 MHz, 0x0000000000000000, 413.65 W, 74 %, 31954 MiB
2026/10/01 03:50:48.584, 2857 MHz, 13801 MHz, 0x0000000000000000, 395.36 W, 43 %, 31954 MiB
2026/10/01 03:50:49.094, 2857 MHz, 13801 MHz, 0x0000000000000000, 362.27 W, 55 %, 31954 MiB
2026/10/01 03:50:49.600, 2857 MHz, 13801 MHz, 0x0000000000000000, 347.36 W, 39 %, 31946 MiB
2026/10/01 03:50:50.109, 2872 MHz, 13801 MHz, 0x0000000000000000, 331.70 W, 47 %, 31946 MiB
2026/10/01 03:50:50.615, 2865 MHz, 13801 MHz, 0x0000000000000000, 328.07 W, 58 %, 31946 MiB
2026/10/01 03:50:51.124, 2857 MHz, 13801 MHz, 0x0000000000000000, 357.10 W, 54 %, 31946 MiB
2026/10/01 03:50:51.630, 2872 MHz, 13801 MHz, 0x0000000000000000, 347.68 W, 43 %, 31946 MiB
2026/10/01 03:50:52.138, 2857 MHz, 13801 MHz, 0x0000000000000000, 334.02 W, 50 %, 31946 MiB
2026/10/01 03:50:52.642, 2842 MHz, 13801 MHz, 0x0000000000000004, 382.36 W, 86 %, 31946 MiB
2026/10/01 03:50:53.149, 2857 MHz, 13801 MHz, 0x0000000000000000, 392.81 W, 54 %, 31961 MiB
2026/10/01 03:50:53.657, 2865 MHz, 13801 MHz, 0x0000000000000000, 354.73 W, 50 %, 31961 MiB
2026/10/01 03:50:54.168, 2865 MHz, 13801 MHz, 0x0000000000000000, 338.99 W, 48 %, 31959 MiB
2026/10/01 03:50:54.674, 2865 MHz, 13801 MHz, 0x0000000000000004, 329.16 W, 71 %, 31959 MiB
2026/10/01 03:50:55.186, 2865 MHz, 13801 MHz, 0x0000000000000000, 333.96 W, 46 %, 31959 MiB
2026/10/01 03:50:55.697, 2857 MHz, 13801 MHz, 0x0000000000000000, 357.40 W, 55 %, 31961 MiB
2026/10/01 03:50:56.207, 2865 MHz, 13801 MHz, 0x0000000000000000, 358.77 W, 53 %, 31959 MiB
2026/10/01 03:50:56.717, 2857 MHz, 13801 MHz, 0x0000000000000000, 368.16 W, 59 %, 31959 MiB
2026/10/01 03:50:57.229, 2857 MHz, 13801 MHz, 0x0000000000000000, 384.13 W, 58 %, 31959 MiB
2026/10/01 03:50:57.741, 2857 MHz, 13801 MHz, 0x0000000000000000, 408.57 W, 69 %, 31959 MiB
2026/10/01 03:50:58.256, 2857 MHz, 13801 MHz, 0x0000000000000000, 410.27 W, 53 %, 31959 MiB
2026/10/01 03:50:58.764, 2865 MHz, 13801 MHz, 0x0000000000000000, 399.69 W, 52 %, 31959 MiB
2026/10/01 03:50:59.275, 2850 MHz, 13801 MHz, 0x0000000000000000, 397.42 W, 59 %, 31959 MiB
2026/10/01 03:50:59.783, 2857 MHz, 13801 MHz, 0x0000000000000000, 389.26 W, 58 %, 31946 MiB
2026/10/01 03:51:00.293, 2865 MHz, 13801 MHz, 0x0000000000000000, 364.70 W, 50 %, 31949 MiB
2026/10/01 03:51:00.803, 2857 MHz, 13801 MHz, 0x0000000000000000, 354.95 W, 51 %, 31949 MiB
2026/10/01 03:51:01.314, 2857 MHz, 13801 MHz, 0x0000000000000000, 361.49 W, 55 %, 31946 MiB
2026/10/01 03:51:01.823, 2850 MHz, 13801 MHz, 0x0000000000000000, 370.28 W, 56 %, 31946 MiB
2026/10/01 03:51:02.334, 2857 MHz, 13801 MHz, 0x0000000000000000, 374.34 W, 44 %, 31946 MiB
2026/10/01 03:51:02.844, 2880 MHz, 13801 MHz, 0x0000000000000000, 329.93 W, 49 %, 31946 MiB
2026/10/01 03:51:03.357, 2857 MHz, 13801 MHz, 0x0000000000000000, 313.85 W, 59 %, 31946 MiB
2026/10/01 03:51:03.867, 2872 MHz, 13801 MHz, 0x0000000000000000, 325.04 W, 38 %, 31964 MiB
2026/10/01 03:51:04.379, 2850 MHz, 13801 MHz, 0x0000000000000000, 355.17 W, 64 %, 31961 MiB
2026/10/01 03:51:04.884, 2850 MHz, 13801 MHz, 0x0000000000000000, 389.20 W, 44 %, 31957 MiB
2026/10/01 03:51:05.395, 2857 MHz, 13801 MHz, 0x0000000000000000, 377.16 W, 54 %, 31957 MiB
2026/10/01 03:51:05.904, 2850 MHz, 13801 MHz, 0x0000000000000000, 367.08 W, 49 %, 31960 MiB
2026/10/01 03:51:06.414, 2865 MHz, 13801 MHz, 0x0000000000000000, 379.82 W, 60 %, 31960 MiB
2026/10/01 03:51:06.925, 2857 MHz, 13801 MHz, 0x0000000000000000, 379.52 W, 60 %, 31957 MiB
2026/10/01 03:51:07.440, 2842 MHz, 13801 MHz, 0x0000000000000000, 414.30 W, 62 %, 31957 MiB
2026/10/01 03:51:07.949, 2857 MHz, 13801 MHz, 0x0000000000000000, 413.35 W, 61 %, 31957 MiB
2026/10/01 03:51:08.463, 2850 MHz, 13801 MHz, 0x0000000000000000, 419.26 W, 67 %, 31968 MiB
2026/10/01 03:51:08.973, 2850 MHz, 13801 MHz, 0x0000000000000004, 447.72 W, 87 %, 31959 MiB
2026/10/01 03:51:09.482, 2850 MHz, 13801 MHz, 0x0000000000000000, 424.46 W, 58 %, 31959 MiB
2026/10/01 03:51:09.993, 2865 MHz, 13801 MHz, 0x0000000000000000, 383.03 W, 59 %, 31959 MiB
2026/10/01 03:51:10.503, 2857 MHz, 13801 MHz, 0x0000000000000000, 379.26 W, 57 %, 31959 MiB
2026/10/01 03:51:11.013, 2857 MHz, 13801 MHz, 0x0000000000000000, 391.94 W, 61 %, 31959 MiB
2026/10/01 03:51:11.522, 2850 MHz, 13801 MHz, 0x0000000000000000, 403.47 W, 61 %, 31959 MiB
2026/10/01 03:51:12.032, 2850 MHz, 13801 MHz, 0x0000000000000004, 411.75 W, 66 %, 31959 MiB
2026/10/01 03:51:12.543, 2857 MHz, 13801 MHz, 0x0000000000000004, 421.07 W, 99 %, 31959 MiB
2026/10/01 03:51:13.054, 2857 MHz, 13801 MHz, 0x0000000000000004, 425.20 W, 99 %, 31959 MiB
2026/10/01 03:51:13.562, 2857 MHz, 13801 MHz, 0x0000000000000000, 417.50 W, 69 %, 31953 MiB
2026/10/01 03:51:14.076, 2865 MHz, 13801 MHz, 0x0000000000000004, 430.60 W, 99 %, 31953 MiB
2026/10/01 03:51:14.587, 2842 MHz, 13801 MHz, 0x0000000000000000, 427.29 W, 54 %, 31953 MiB
2026/10/01 03:51:15.101, 2857 MHz, 13801 MHz, 0x0000000000000000, 416.56 W, 59 %, 31953 MiB
2026/10/01 03:51:15.612, 2865 MHz, 13801 MHz, 0x0000000000000000, 407.14 W, 58 %, 31953 MiB
2026/10/01 03:51:16.121, 2835 MHz, 13801 MHz, 0x0000000000000000, 415.20 W, 53 %, 31953 MiB
2026/10/01 03:51:16.632, 2857 MHz, 13801 MHz, 0x0000000000000004, 431.45 W, 99 %, 31953 MiB
2026/10/01 03:51:17.139, 2872 MHz, 13801 MHz, 0x0000000000000000, 404.31 W, 50 %, 31953 MiB
2026/10/01 03:51:17.652, 2865 MHz, 13801 MHz, 0x0000000000000004, 367.76 W, 92 %, 31949 MiB
2026/10/01 03:51:18.165, 2857 MHz, 13801 MHz, 0x0000000000000000, 388.15 W, 83 %, 31949 MiB
2026/10/01 03:51:18.673, 2850 MHz, 13801 MHz, 0x0000000000000000, 407.31 W, 55 %, 31957 MiB
2026/10/01 03:51:19.185, 2857 MHz, 13801 MHz, 0x0000000000000004, 396.28 W, 70 %, 31957 MiB
2026/10/01 03:51:19.697, 2857 MHz, 13801 MHz, 0x0000000000000004, 402.91 W, 88 %, 31957 MiB
2026/10/01 03:51:20.197, 2857 MHz, 13801 MHz, 0x0000000000000000, 409.08 W, 55 %, 31957 MiB
2026/10/01 03:51:20.707, 2857 MHz, 13801 MHz, 0x0000000000000000, 400.71 W, 75 %, 31957 MiB
2026/10/01 03:51:21.217, 2850 MHz, 13801 MHz, 0x0000000000000000, 385.85 W, 60 %, 31956 MiB
2026/10/01 03:51:21.727, 2850 MHz, 13801 MHz, 0x0000000000000000, 420.24 W, 58 %, 31944 MiB
2026/10/01 03:51:22.241, 2857 MHz, 13801 MHz, 0x0000000000000000, 414.02 W, 55 %, 31944 MiB
2026/10/01 03:51:22.750, 2850 MHz, 13801 MHz, 0x0000000000000000, 398.46 W, 61 %, 31944 MiB
2026/10/01 03:51:23.259, 2857 MHz, 13801 MHz, 0x0000000000000000, 390.05 W, 55 %, 31944 MiB
2026/10/01 03:51:23.768, 2857 MHz, 13801 MHz, 0x0000000000000000, 373.96 W, 42 %, 31944 MiB
2026/10/01 03:51:24.278, 2865 MHz, 13801 MHz, 0x0000000000000000, 338.24 W, 45 %, 31944 MiB
2026/10/01 03:51:24.792, 2872 MHz, 13801 MHz, 0x0000000000000000, 301.08 W, 45 %, 31991 MiB
2026/10/01 03:51:25.301, 2872 MHz, 13801 MHz, 0x0000000000000000, 302.88 W, 59 %, 31996 MiB
2026/10/01 03:51:25.810, 2857 MHz, 13801 MHz, 0x0000000000000000, 340.32 W, 48 %, 31991 MiB
2026/10/01 03:51:26.321, 2857 MHz, 13801 MHz, 0x0000000000000000, 362.21 W, 60 %, 31991 MiB
2026/10/01 03:51:26.832, 2857 MHz, 13801 MHz, 0x0000000000000000, 359.86 W, 66 %, 31974 MiB
2026/10/01 03:51:27.342, 2850 MHz, 13801 MHz, 0x0000000000000000, 387.58 W, 68 %, 31974 MiB
2026/10/01 03:51:27.853, 2850 MHz, 13801 MHz, 0x0000000000000000, 436.51 W, 56 %, 31974 MiB
2026/10/01 03:51:28.364, 2850 MHz, 13801 MHz, 0x0000000000000000, 421.91 W, 59 %, 31974 MiB
2026/10/01 03:51:28.870, 2857 MHz, 13801 MHz, 0x0000000000000000, 379.58 W, 60 %, 31976 MiB
2026/10/01 03:51:29.382, 2865 MHz, 13801 MHz, 0x0000000000000000, 370.48 W, 55 %, 31974 MiB
2026/10/01 03:51:29.895, 2850 MHz, 13801 MHz, 0x0000000000000000, 389.17 W, 54 %, 31952 MiB
2026/10/01 03:51:30.406, 2857 MHz, 13801 MHz, 0x0000000000000000, 381.12 W, 51 %, 31952 MiB
2026/10/01 03:51:30.920, 2865 MHz, 13801 MHz, 0x0000000000000000, 352.76 W, 55 %, 31952 MiB
2026/10/01 03:51:31.430, 2857 MHz, 13801 MHz, 0x0000000000000000, 375.33 W, 51 %, 31952 MiB
2026/10/01 03:51:31.943, 2857 MHz, 13801 MHz, 0x0000000000000000, 394.84 W, 77 %, 31952 MiB
2026/10/01 03:51:32.455, 2850 MHz, 13801 MHz, 0x0000000000000000, 398.42 W, 58 %, 31952 MiB
2026/10/01 03:51:32.964, 2865 MHz, 13801 MHz, 0x0000000000000000, 402.30 W, 58 %, 31952 MiB
2026/10/01 03:51:33.478, 2850 MHz, 13801 MHz, 0x0000000000000000, 394.99 W, 57 %, 31952 MiB
2026/10/01 03:51:33.987, 2857 MHz, 13801 MHz, 0x0000000000000000, 393.32 W, 57 %, 31952 MiB
2026/10/01 03:51:34.502, 2850 MHz, 13801 MHz, 0x0000000000000000, 390.22 W, 57 %, 31952 MiB
2026/10/01 03:51:35.013, 2850 MHz, 13801 MHz, 0x0000000000000000, 390.21 W, 60 %, 31952 MiB
2026/10/01 03:51:35.527, 2865 MHz, 13801 MHz, 0x0000000000000000, 410.85 W, 78 %, 31952 MiB
2026/10/01 03:51:36.040, 2850 MHz, 13801 MHz, 0x0000000000000000, 403.52 W, 54 %, 31952 MiB
2026/10/01 03:51:36.552, 2865 MHz, 13801 MHz, 0x0000000000000000, 378.77 W, 55 %, 31972 MiB
2026/10/01 03:51:37.063, 2857 MHz, 13801 MHz, 0x0000000000000000, 384.05 W, 58 %, 31972 MiB
2026/10/01 03:51:37.573, 2850 MHz, 13801 MHz, 0x0000000000000004, 403.14 W, 78 %, 31972 MiB
2026/10/01 03:51:38.086, 2857 MHz, 13801 MHz, 0x0000000000000000, 423.70 W, 57 %, 31972 MiB
2026/10/01 03:51:38.598, 2842 MHz, 13801 MHz, 0x0000000000000000, 430.61 W, 58 %, 31959 MiB
2026/10/01 03:51:39.108, 2842 MHz, 13801 MHz, 0x0000000000000000, 425.29 W, 69 %, 31959 MiB
2026/10/01 03:51:39.620, 2850 MHz, 13801 MHz, 0x0000000000000000, 413.72 W, 58 %, 31959 MiB
2026/10/01 03:51:40.132, 2850 MHz, 13801 MHz, 0x0000000000000000, 416.04 W, 59 %, 31959 MiB
2026/10/01 03:51:40.643, 2865 MHz, 13801 MHz, 0x0000000000000000, 413.43 W, 58 %, 31959 MiB
2026/10/01 03:51:41.156, 2850 MHz, 13801 MHz, 0x0000000000000004, 433.66 W, 99 %, 31959 MiB
2026/10/01 03:51:41.670, 2850 MHz, 13801 MHz, 0x0000000000000000, 430.61 W, 57 %, 31942 MiB
2026/10/01 03:51:42.184, 2857 MHz, 13801 MHz, 0x0000000000000000, 403.32 W, 60 %, 31942 MiB
2026/10/01 03:51:42.696, 2857 MHz, 13801 MHz, 0x0000000000000000, 387.73 W, 54 %, 31942 MiB
2026/10/01 03:51:43.212, 2865 MHz, 13801 MHz, 0x0000000000000000, 370.79 W, 40 %, 31942 MiB
2026/10/01 03:51:43.724, 2865 MHz, 13801 MHz, 0x0000000000000000, 357.66 W, 58 %, 31942 MiB
2026/10/01 03:51:44.232, 2842 MHz, 13801 MHz, 0x0000000000000000, 416.83 W, 43 %, 31942 MiB
2026/10/01 03:51:44.743, 2865 MHz, 13801 MHz, 0x0000000000000004, 430.58 W, 98 %, 31942 MiB
2026/10/01 03:51:45.255, 2857 MHz, 13801 MHz, 0x0000000000000000, 408.86 W, 50 %, 31942 MiB
2026/10/01 03:51:45.763, 2857 MHz, 13801 MHz, 0x0000000000000000, 392.69 W, 52 %, 31942 MiB
2026/10/01 03:51:46.274, 2865 MHz, 13801 MHz, 0x0000000000000000, 351.05 W, 43 %, 31947 MiB
2026/10/01 03:51:46.783, 2857 MHz, 13801 MHz, 0x0000000000000000, 342.93 W, 57 %, 31947 MiB
2026/10/01 03:51:47.294, 2857 MHz, 13801 MHz, 0x0000000000000000, 376.12 W, 56 %, 31942 MiB
2026/10/01 03:51:47.804, 2857 MHz, 13801 MHz, 0x0000000000000000, 407.48 W, 61 %, 31942 MiB
2026/10/01 03:51:48.317, 2857 MHz, 13801 MHz, 0x0000000000000000, 411.44 W, 79 %, 31942 MiB
2026/10/01 03:51:48.826, 2857 MHz, 13801 MHz, 0x0000000000000004, 405.58 W, 83 %, 31942 MiB
2026/10/01 03:51:49.338, 2857 MHz, 13801 MHz, 0x0000000000000000, 416.23 W, 53 %, 31942 MiB
2026/10/01 03:51:49.847, 2850 MHz, 13801 MHz, 0x0000000000000000, 440.49 W, 66 %, 31942 MiB
2026/10/01 03:51:50.358, 2842 MHz, 13801 MHz, 0x0000000000000000, 449.64 W, 58 %, 31942 MiB
2026/10/01 03:51:50.868, 2865 MHz, 13801 MHz, 0x0000000000000000, 400.87 W, 48 %, 31945 MiB
2026/10/01 03:51:51.380, 2857 MHz, 13801 MHz, 0x0000000000000000, 376.16 W, 84 %, 31945 MiB
2026/10/01 03:51:51.888, 2857 MHz, 13801 MHz, 0x0000000000000000, 385.83 W, 59 %, 31942 MiB
2026/10/01 03:51:52.403, 2857 MHz, 13801 MHz, 0x0000000000000000, 400.67 W, 76 %, 31942 MiB
2026/10/01 03:51:52.915, 2850 MHz, 13801 MHz, 0x0000000000000000, 405.08 W, 58 %, 31942 MiB
2026/10/01 03:51:53.429, 2865 MHz, 13801 MHz, 0x0000000000000000, 412.97 W, 62 %, 31942 MiB
2026/10/01 03:51:53.942, 2850 MHz, 13801 MHz, 0x0000000000000000, 418.07 W, 70 %, 31942 MiB
2026/10/01 03:51:54.457, 2857 MHz, 13801 MHz, 0x0000000000000000, 390.33 W, 48 %, 31942 MiB
2026/10/01 03:51:54.968, 2857 MHz, 13801 MHz, 0x0000000000000000, 360.92 W, 58 %, 31942 MiB
2026/10/01 03:51:55.475, 2857 MHz, 13801 MHz, 0x0000000000000000, 373.40 W, 58 %, 31942 MiB
2026/10/01 03:51:55.987, 2857 MHz, 13801 MHz, 0x0000000000000000, 371.11 W, 56 %, 31942 MiB
2026/10/01 03:51:56.498, 2857 MHz, 13801 MHz, 0x0000000000000000, 370.47 W, 58 %, 31942 MiB
2026/10/01 03:51:57.002, 2857 MHz, 13801 MHz, 0x0000000000000000, 367.82 W, 51 %, 31942 MiB
2026/10/01 03:51:57.512, 2857 MHz, 13801 MHz, 0x0000000000000000, 360.10 W, 49 %, 31942 MiB
2026/10/01 03:51:58.017, 2857 MHz, 13801 MHz, 0x0000000000000000, 354.55 W, 53 %, 31942 MiB
2026/10/01 03:51:58.527, 2842 MHz, 13801 MHz, 0x0000000000000000, 376.68 W, 65 %, 31942 MiB
2026/10/01 03:51:59.032, 2865 MHz, 13801 MHz, 0x0000000000000000, 382.80 W, 59 %, 31942 MiB
2026/10/01 03:51:59.538, 2857 MHz, 13801 MHz, 0x0000000000000000, 369.86 W, 56 %, 31942 MiB
2026/10/01 03:52:00.046, 2857 MHz, 13801 MHz, 0x0000000000000000, 379.72 W, 65 %, 31942 MiB
2026/10/01 03:52:00.553, 2857 MHz, 13801 MHz, 0x0000000000000000, 383.81 W, 56 %, 31942 MiB
2026/10/01 03:52:01.061, 2857 MHz, 13801 MHz, 0x0000000000000000, 383.55 W, 50 %, 31942 MiB
2026/10/01 03:52:01.571, 2865 MHz, 13801 MHz, 0x0000000000000000, 369.56 W, 57 %, 31942 MiB
2026/10/01 03:52:02.080, 2865 MHz, 13801 MHz, 0x0000000000000000, 371.52 W, 55 %, 31942 MiB
2026/10/01 03:52:02.591, 2857 MHz, 13801 MHz, 0x0000000000000000, 382.00 W, 54 %, 31942 MiB
2026/10/01 03:52:03.102, 2857 MHz, 13801 MHz, 0x0000000000000000, 374.53 W, 53 %, 31942 MiB
2026/10/01 03:52:03.615, 2850 MHz, 13801 MHz, 0x0000000000000000, 373.49 W, 67 %, 31942 MiB
2026/10/01 03:52:04.124, 2850 MHz, 13801 MHz, 0x0000000000000000, 409.58 W, 59 %, 31942 MiB
2026/10/01 03:52:04.635, 2857 MHz, 13801 MHz, 0x0000000000000000, 439.04 W, 85 %, 31953 MiB
2026/10/01 03:52:05.148, 2850 MHz, 13801 MHz, 0x0000000000000000, 406.94 W, 52 %, 31973 MiB
2026/10/01 03:52:05.656, 2857 MHz, 13801 MHz, 0x0000000000000000, 394.34 W, 57 %, 31973 MiB
2026/10/01 03:52:06.167, 2850 MHz, 13801 MHz, 0x0000000000000000, 389.16 W, 56 %, 31973 MiB
2026/10/01 03:52:06.676, 2857 MHz, 13801 MHz, 0x0000000000000000, 388.92 W, 56 %, 31959 MiB
2026/10/01 03:52:07.187, 2865 MHz, 13801 MHz, 0x0000000000000000, 354.95 W, 42 %, 31959 MiB
2026/10/01 03:52:07.699, 2857 MHz, 13801 MHz, 0x0000000000000000, 331.89 W, 47 %, 31964 MiB
2026/10/01 03:52:08.209, 2865 MHz, 13801 MHz, 0x0000000000000000, 341.39 W, 57 %, 31964 MiB
2026/10/01 03:52:08.710, 2857 MHz, 13801 MHz, 0x0000000000000000, 358.83 W, 52 %, 31971 MiB
2026/10/01 03:52:09.221, 2857 MHz, 13801 MHz, 0x0000000000000000, 383.44 W, 52 %, 31971 MiB
2026/10/01 03:52:09.732, 2850 MHz, 13801 MHz, 0x0000000000000004, 422.42 W, 99 %, 31974 MiB
2026/10/01 03:52:10.241, 2857 MHz, 13801 MHz, 0x0000000000000000, 432.95 W, 60 %, 31962 MiB
2026/10/01 03:52:10.754, 2850 MHz, 13801 MHz, 0x0000000000000000, 433.49 W, 55 %, 31962 MiB
2026/10/01 03:52:11.264, 2865 MHz, 13801 MHz, 0x0000000000000000, 381.76 W, 38 %, 31978 MiB
2026/10/01 03:52:11.777, 2872 MHz, 13801 MHz, 0x0000000000000000, 328.07 W, 40 %, 31978 MiB
2026/10/01 03:52:12.289, 2872 MHz, 13801 MHz, 0x0000000000000000, 332.90 W, 60 %, 31979 MiB
2026/10/01 03:52:12.802, 2857 MHz, 13801 MHz, 0x0000000000000000, 375.52 W, 77 %, 31985 MiB
2026/10/01 03:52:13.312, 2850 MHz, 13801 MHz, 0x0000000000000004, 421.23 W, 99 %, 31988 MiB
2026/10/01 03:52:13.822, 2827 MHz, 13801 MHz, 0x0000000000000000, 460.48 W, 62 %, 31983 MiB
2026/10/01 03:52:14.331, 2842 MHz, 13801 MHz, 0x0000000000000000, 454.82 W, 57 %, 31980 MiB
2026/10/01 03:52:14.841, 2835 MHz, 13801 MHz, 0x0000000000000000, 439.17 W, 56 %, 31968 MiB
2026/10/01 03:52:15.350, 2857 MHz, 13801 MHz, 0x0000000000000000, 429.86 W, 64 %, 31968 MiB
2026/10/01 03:52:15.861, 2857 MHz, 13801 MHz, 0x0000000000000000, 402.50 W, 57 %, 31968 MiB
2026/10/01 03:52:16.371, 2857 MHz, 13801 MHz, 0x0000000000000000, 398.99 W, 63 %, 31956 MiB
2026/10/01 03:52:16.887, 2872 MHz, 13801 MHz, 0x0000000000000000, 387.98 W, 58 %, 31952 MiB
2026/10/01 03:52:17.396, 2865 MHz, 13801 MHz, 0x0000000000000000, 396.64 W, 57 %, 31949 MiB
2026/10/01 03:52:17.904, 2857 MHz, 13801 MHz, 0x0000000000000000, 392.91 W, 58 %, 31948 MiB
2026/10/01 03:52:18.417, 2842 MHz, 13801 MHz, 0x0000000000000000, 398.19 W, 57 %, 31948 MiB
2026/10/01 03:52:18.928, 2857 MHz, 13801 MHz, 0x0000000000000000, 405.96 W, 59 %, 31948 MiB
2026/10/01 03:52:19.440, 2865 MHz, 13801 MHz, 0x0000000000000004, 391.82 W, 91 %, 31948 MiB
2026/10/01 03:52:19.955, 2850 MHz, 13801 MHz, 0x0000000000000000, 407.20 W, 73 %, 31948 MiB
2026/10/01 03:52:20.464, 2850 MHz, 13801 MHz, 0x0000000000000000, 436.11 W, 64 %, 31948 MiB
2026/10/01 03:52:20.978, 2865 MHz, 13801 MHz, 0x0000000000000000, 423.51 W, 67 %, 31948 MiB
2026/10/01 03:52:21.486, 2865 MHz, 13801 MHz, 0x0000000000000000, 423.98 W, 77 %, 31948 MiB
2026/10/01 03:52:21.998, 2850 MHz, 13801 MHz, 0x0000000000000004, 422.11 W, 79 %, 31948 MiB
2026/10/01 03:52:22.509, 2857 MHz, 13801 MHz, 0x0000000000000004, 430.96 W, 99 %, 31948 MiB
2026/10/01 03:52:23.021, 2857 MHz, 13801 MHz, 0x0000000000000000, 426.73 W, 59 %, 31948 MiB
2026/10/01 03:52:23.533, 2842 MHz, 13801 MHz, 0x0000000000000000, 401.62 W, 59 %, 31948 MiB
2026/10/01 03:52:24.047, 2857 MHz, 13801 MHz, 0x0000000000000000, 393.59 W, 50 %, 31948 MiB
2026/10/01 03:52:24.557, 2850 MHz, 13801 MHz, 0x0000000000000000, 381.04 W, 52 %, 31948 MiB
2026/10/01 03:52:25.069, 2865 MHz, 13801 MHz, 0x0000000000000000, 354.31 W, 47 %, 31948 MiB
2026/10/01 03:52:25.579, 2865 MHz, 13801 MHz, 0x0000000000000000, 323.50 W, 32 %, 31961 MiB
2026/10/01 03:52:26.092, 2880 MHz, 13801 MHz, 0x0000000000000000, 310.64 W, 45 %, 31961 MiB
2026/10/01 03:52:26.601, 2857 MHz, 13801 MHz, 0x0000000000000004, 336.72 W, 90 %, 31961 MiB
2026/10/01 03:52:27.114, 2857 MHz, 13801 MHz, 0x0000000000000000, 370.57 W, 50 %, 31961 MiB
2026/10/01 03:52:27.622, 2850 MHz, 13801 MHz, 0x0000000000000000, 391.95 W, 61 %, 31961 MiB
2026/10/01 03:52:28.130, 2857 MHz, 13801 MHz, 0x0000000000000000, 386.25 W, 50 %, 31961 MiB
2026/10/01 03:52:28.640, 2865 MHz, 13801 MHz, 0x0000000000000000, 346.31 W, 44 %, 31963 MiB
2026/10/01 03:52:29.154, 2865 MHz, 13801 MHz, 0x0000000000000000, 328.75 W, 37 %, 31963 MiB
2026/10/01 03:52:29.663, 2850 MHz, 13801 MHz, 0x0000000000000000, 350.17 W, 56 %, 31961 MiB
2026/10/01 03:52:30.178, 2857 MHz, 13801 MHz, 0x0000000000000000, 370.98 W, 56 %, 31961 MiB
2026/10/01 03:52:30.679, 2850 MHz, 13801 MHz, 0x0000000000000000, 388.44 W, 56 %, 31961 MiB
2026/10/01 03:52:31.189, 2857 MHz, 13801 MHz, 0x0000000000000000, 382.85 W, 56 %, 31961 MiB
2026/10/01 03:52:31.704, 2850 MHz, 13801 MHz, 0x0000000000000000, 383.80 W, 56 %, 31961 MiB
2026/10/01 03:52:32.216, 2857 MHz, 13801 MHz, 0x0000000000000000, 391.11 W, 58 %, 31961 MiB
2026/10/01 03:52:32.728, 2850 MHz, 13801 MHz, 0x0000000000000000, 399.66 W, 56 %, 31955 MiB
2026/10/01 03:52:33.231, 2857 MHz, 13801 MHz, 0x0000000000000000, 420.85 W, 70 %, 31955 MiB
2026/10/01 03:52:33.740, 2857 MHz, 13801 MHz, 0x0000000000000000, 384.26 W, 55 %, 31955 MiB
2026/10/01 03:52:34.253, 2857 MHz, 13801 MHz, 0x0000000000000000, 367.03 W, 53 %, 31955 MiB
2026/10/01 03:52:34.762, 2857 MHz, 13801 MHz, 0x0000000000000000, 388.00 W, 56 %, 31955 MiB
2026/10/01 03:52:35.273, 2857 MHz, 13801 MHz, 0x0000000000000000, 409.38 W, 64 %, 31957 MiB
2026/10/01 03:52:35.782, 2850 MHz, 13801 MHz, 0x0000000000000000, 398.39 W, 56 %, 31957 MiB
2026/10/01 03:52:36.296, 2850 MHz, 13801 MHz, 0x0000000000000004, 397.27 W, 65 %, 31955 MiB
2026/10/01 03:52:36.802, 2850 MHz, 13801 MHz, 0x0000000000000000, 419.30 W, 57 %, 31955 MiB
2026/10/01 03:52:37.313, 2865 MHz, 13801 MHz, 0x0000000000000000, 414.73 W, 71 %, 31955 MiB
2026/10/01 03:52:37.824, 2850 MHz, 13801 MHz, 0x0000000000000000, 391.91 W, 56 %, 31959 MiB
2026/10/01 03:52:38.332, 2865 MHz, 13801 MHz, 0x0000000000000000, 380.33 W, 51 %, 31959 MiB
2026/10/01 03:52:38.845, 2857 MHz, 13801 MHz, 0x0000000000000000, 350.86 W, 51 %, 31954 MiB
2026/10/01 03:52:39.357, 2865 MHz, 13801 MHz, 0x0000000000000000, 353.53 W, 53 %, 31954 MiB
2026/10/01 03:52:39.872, 2850 MHz, 13801 MHz, 0x0000000000000000, 372.91 W, 56 %, 31954 MiB
2026/10/01 03:52:40.384, 2857 MHz, 13801 MHz, 0x0000000000000000, 386.23 W, 59 %, 31954 MiB
2026/10/01 03:52:40.895, 2857 MHz, 13801 MHz, 0x0000000000000000, 391.75 W, 58 %, 31954 MiB
2026/10/01 03:52:41.408, 2842 MHz, 13801 MHz, 0x0000000000000004, 412.49 W, 83 %, 31954 MiB
2026/10/01 03:52:41.922, 2857 MHz, 13801 MHz, 0x0000000000000000, 417.57 W, 66 %, 31954 MiB
2026/10/01 03:52:42.435, 2857 MHz, 13801 MHz, 0x0000000000000000, 403.84 W, 55 %, 31954 MiB
2026/10/01 03:52:42.945, 2850 MHz, 13801 MHz, 0x0000000000000004, 418.28 W, 80 %, 31954 MiB
2026/10/01 03:52:43.455, 2857 MHz, 13801 MHz, 0x0000000000000000, 413.70 W, 59 %, 31954 MiB
2026/10/01 03:52:43.963, 2865 MHz, 13801 MHz, 0x0000000000000004, 416.34 W, 98 %, 31954 MiB
2026/10/01 03:52:44.475, 2842 MHz, 13801 MHz, 0x0000000000000000, 444.12 W, 60 %, 31954 MiB
2026/10/01 03:52:44.984, 2850 MHz, 13801 MHz, 0x0000000000000000, 421.09 W, 67 %, 31954 MiB
2026/10/01 03:52:45.497, 2850 MHz, 13801 MHz, 0x0000000000000000, 403.49 W, 58 %, 31954 MiB
2026/10/01 03:52:46.006, 2850 MHz, 13801 MHz, 0x0000000000000000, 438.73 W, 84 %, 31954 MiB
2026/10/01 03:52:46.515, 2857 MHz, 13801 MHz, 0x0000000000000000, 430.86 W, 52 %, 31954 MiB
2026/10/01 03:52:47.027, 2857 MHz, 13801 MHz, 0x0000000000000004, 397.89 W, 88 %, 31954 MiB
2026/10/01 03:52:47.539, 2857 MHz, 13801 MHz, 0x0000000000000000, 406.34 W, 70 %, 31954 MiB
2026/10/01 03:52:48.052, 2850 MHz, 13801 MHz, 0x0000000000000000, 409.92 W, 59 %, 31954 MiB
2026/10/01 03:52:48.559, 2850 MHz, 13801 MHz, 0x0000000000000000, 392.14 W, 66 %, 31954 MiB
2026/10/01 03:52:49.070, 2865 MHz, 13801 MHz, 0x0000000000000000, 399.06 W, 57 %, 31954 MiB
2026/10/01 03:52:49.579, 2865 MHz, 13801 MHz, 0x0000000000000000, 379.89 W, 46 %, 31954 MiB
2026/10/01 03:52:50.088, 2857 MHz, 13801 MHz, 0x0000000000000000, 346.06 W, 48 %, 31959 MiB
2026/10/01 03:52:50.598, 2865 MHz, 13801 MHz, 0x0000000000000000, 371.67 W, 75 %, 31959 MiB
2026/10/01 03:52:51.106, 2850 MHz, 13801 MHz, 0x0000000000000000, 387.20 W, 57 %, 31954 MiB
2026/10/01 03:52:51.619, 2865 MHz, 13801 MHz, 0x0000000000000000, 382.97 W, 59 %, 31954 MiB
2026/10/01 03:52:52.131, 2865 MHz, 13801 MHz, 0x0000000000000004, 376.00 W, 76 %, 31954 MiB
2026/10/01 03:52:52.647, 2865 MHz, 13801 MHz, 0x0000000000000000, 372.59 W, 51 %, 31954 MiB
2026/10/01 03:52:53.160, 2857 MHz, 13801 MHz, 0x0000000000000000, 385.26 W, 54 %, 31954 MiB
2026/10/01 03:52:53.671, 2850 MHz, 13801 MHz, 0x0000000000000000, 392.61 W, 43 %, 31954 MiB
2026/10/01 03:52:54.184, 2857 MHz, 13801 MHz, 0x0000000000000000, 379.40 W, 46 %, 31954 MiB
2026/10/01 03:52:54.694, 2865 MHz, 13801 MHz, 0x0000000000000000, 346.73 W, 42 %, 31954 MiB
2026/10/01 03:52:55.207, 2842 MHz, 13801 MHz, 0x0000000000000004, 372.90 W, 78 %, 31954 MiB
2026/10/01 03:52:55.716, 2842 MHz, 13801 MHz, 0x0000000000000000, 429.05 W, 62 %, 31954 MiB
2026/10/01 03:52:56.227, 2857 MHz, 13801 MHz, 0x0000000000000004, 438.38 W, 98 %, 31954 MiB
2026/10/01 03:52:56.737, 2857 MHz, 13801 MHz, 0x0000000000000000, 383.01 W, 76 %, 31954 MiB
2026/10/01 03:52:57.249, 2872 MHz, 13801 MHz, 0x0000000000000000, 368.84 W, 55 %, 31957 MiB
2026/10/01 03:52:57.756, 2857 MHz, 13801 MHz, 0x0000000000000000, 359.35 W, 65 %, 31954 MiB
2026/10/01 03:52:58.271, 2857 MHz, 13801 MHz, 0x0000000000000000, 379.11 W, 56 %, 31954 MiB
2026/10/01 03:52:58.781, 2857 MHz, 13801 MHz, 0x0000000000000000, 388.43 W, 67 %, 31954 MiB
2026/10/01 03:52:59.290, 2857 MHz, 13801 MHz, 0x0000000000000004, 399.02 W, 89 %, 31957 MiB
2026/10/01 03:52:59.803, 2865 MHz, 13801 MHz, 0x0000000000000000, 402.62 W, 56 %, 31957 MiB
2026/10/01 03:53:00.315, 2865 MHz, 13801 MHz, 0x0000000000000000, 394.53 W, 63 %, 31954 MiB
2026/10/01 03:53:00.827, 2857 MHz, 13801 MHz, 0x0000000000000000, 384.53 W, 60 %, 31954 MiB
2026/10/01 03:53:01.340, 2857 MHz, 13801 MHz, 0x0000000000000000, 376.00 W, 56 %, 31954 MiB
2026/10/01 03:53:01.854, 2857 MHz, 13801 MHz, 0x0000000000000000, 381.54 W, 57 %, 31954 MiB
2026/10/01 03:53:02.365, 2850 MHz, 13801 MHz, 0x0000000000000000, 380.76 W, 47 %, 31957 MiB
2026/10/01 03:53:02.879, 2857 MHz, 13801 MHz, 0x0000000000000000, 359.27 W, 55 %, 31957 MiB
2026/10/01 03:53:03.390, 2857 MHz, 13801 MHz, 0x0000000000000000, 364.56 W, 55 %, 31954 MiB
2026/10/01 03:53:03.898, 2842 MHz, 13801 MHz, 0x0000000000000004, 405.43 W, 84 %, 31954 MiB
2026/10/01 03:53:04.407, 2857 MHz, 13801 MHz, 0x0000000000000000, 395.78 W, 52 %, 31954 MiB
2026/10/01 03:53:04.918, 2857 MHz, 13801 MHz, 0x0000000000000000, 369.04 W, 48 %, 31954 MiB
2026/10/01 03:53:05.425, 2857 MHz, 13801 MHz, 0x0000000000000000, 355.35 W, 43 %, 31954 MiB
2026/10/01 03:53:05.933, 2842 MHz, 13801 MHz, 0x0000000000000000, 369.29 W, 50 %, 31954 MiB
2026/10/01 03:53:06.446, 2857 MHz, 13801 MHz, 0x0000000000000000, 375.83 W, 54 %, 31954 MiB
2026/10/01 03:53:06.950, 2857 MHz, 13801 MHz, 0x0000000000000000, 358.49 W, 68 %, 31954 MiB
2026/10/01 03:53:07.461, 2872 MHz, 13801 MHz, 0x0000000000000000, 388.51 W, 78 %, 31954 MiB
2026/10/01 03:53:07.969, 2857 MHz, 13801 MHz, 0x0000000000000000, 391.23 W, 52 %, 31954 MiB
2026/10/01 03:53:08.477, 2857 MHz, 13801 MHz, 0x0000000000000000, 371.78 W, 59 %, 31954 MiB
2026/10/01 03:53:08.983, 2857 MHz, 13801 MHz, 0x0000000000000000, 371.90 W, 57 %, 31954 MiB
2026/10/01 03:53:09.490, 2857 MHz, 13801 MHz, 0x0000000000000000, 390.23 W, 57 %, 31954 MiB
2026/10/01 03:53:09.996, 2842 MHz, 13801 MHz, 0x0000000000000004, 420.04 W, 73 %, 31954 MiB
2026/10/01 03:53:10.503, 2857 MHz, 13801 MHz, 0x0000000000000000, 396.12 W, 46 %, 31954 MiB
2026/10/01 03:53:11.009, 2865 MHz, 13801 MHz, 0x0000000000000000, 350.86 W, 50 %, 31954 MiB
2026/10/01 03:53:11.519, 2850 MHz, 13801 MHz, 0x0000000000000000, 338.69 W, 38 %, 31959 MiB
2026/10/01 03:53:12.028, 2865 MHz, 13801 MHz, 0x0000000000000000, 334.67 W, 50 %, 31954 MiB
2026/10/01 03:53:12.540, 2857 MHz, 13801 MHz, 0x0000000000000000, 333.40 W, 53 %, 31954 MiB
2026/10/01 03:53:13.051, 2857 MHz, 13801 MHz, 0x0000000000000004, 366.79 W, 82 %, 31960 MiB
2026/10/01 03:53:13.552, 2857 MHz, 13801 MHz, 0x0000000000000000, 393.61 W, 61 %, 31963 MiB
2026/10/01 03:53:14.061, 2865 MHz, 13801 MHz, 0x0000000000000000, 390.94 W, 52 %, 31963 MiB
2026/10/01 03:53:14.569, 2850 MHz, 13801 MHz, 0x0000000000000000, 380.55 W, 53 %, 31963 MiB
2026/10/01 03:53:15.079, 2857 MHz, 13801 MHz, 0x0000000000000000, 382.08 W, 55 %, 31965 MiB
2026/10/01 03:53:15.591, 2872 MHz, 13801 MHz, 0x0000000000000004, 390.32 W, 85 %, 31965 MiB
2026/10/01 03:53:16.099, 2865 MHz, 13801 MHz, 0x0000000000000000, 376.03 W, 56 %, 31963 MiB
2026/10/01 03:53:16.606, 2850 MHz, 13801 MHz, 0x0000000000000004, 395.59 W, 99 %, 31963 MiB
2026/10/01 03:53:17.117, 2835 MHz, 13801 MHz, 0x0000000000000000, 435.64 W, 55 %, 31965 MiB
2026/10/01 03:53:17.627, 2835 MHz, 13801 MHz, 0x0000000000000000, 447.99 W, 58 %, 31963 MiB
2026/10/01 03:53:18.136, 2857 MHz, 13801 MHz, 0x0000000000000000, 408.64 W, 56 %, 31962 MiB
2026/10/01 03:53:18.647, 2865 MHz, 13801 MHz, 0x0000000000000000, 383.06 W, 60 %, 31961 MiB
2026/10/01 03:53:19.155, 2865 MHz, 13801 MHz, 0x0000000000000000, 380.07 W, 70 %, 31961 MiB
2026/10/01 03:53:19.667, 2842 MHz, 13801 MHz, 0x0000000000000000, 410.67 W, 53 %, 31959 MiB
2026/10/01 03:53:20.178, 2857 MHz, 13801 MHz, 0x0000000000000000, 428.98 W, 58 %, 31959 MiB
2026/10/01 03:53:20.693, 2842 MHz, 13801 MHz, 0x0000000000000000, 436.25 W, 61 %, 31959 MiB
2026/10/01 03:53:21.207, 2857 MHz, 13801 MHz, 0x0000000000000000, 434.57 W, 66 %, 31959 MiB
2026/10/01 03:53:21.718, 2857 MHz, 13801 MHz, 0x0000000000000004, 411.71 W, 99 %, 31959 MiB
2026/10/01 03:53:22.227, 2857 MHz, 13801 MHz, 0x0000000000000004, 419.73 W, 79 %, 31959 MiB
2026/10/01 03:53:22.737, 2857 MHz, 13801 MHz, 0x0000000000000000, 386.74 W, 63 %, 31959 MiB
2026/10/01 03:53:23.249, 2850 MHz, 13801 MHz, 0x0000000000000000, 391.04 W, 59 %, 31959 MiB
2026/10/01 03:53:23.764, 2850 MHz, 13801 MHz, 0x0000000000000000, 387.43 W, 48 %, 31959 MiB
2026/10/01 03:53:24.277, 2865 MHz, 13801 MHz, 0x0000000000000000, 383.02 W, 54 %, 31959 MiB
2026/10/01 03:53:24.788, 2857 MHz, 13801 MHz, 0x0000000000000000, 372.68 W, 54 %, 31959 MiB
2026/10/01 03:53:25.298, 2857 MHz, 13801 MHz, 0x0000000000000000, 368.90 W, 51 %, 31959 MiB
2026/10/01 03:53:25.810, 2850 MHz, 13801 MHz, 0x0000000000000000, 403.61 W, 60 %, 31959 MiB
2026/10/01 03:53:26.317, 2850 MHz, 13801 MHz, 0x0000000000000004, 426.53 W, 74 %, 31959 MiB
2026/10/01 03:53:26.824, 2857 MHz, 13801 MHz, 0x0000000000000004, 411.95 W, 99 %, 31959 MiB
2026/10/01 03:53:27.336, 2865 MHz, 13801 MHz, 0x0000000000000000, 409.89 W, 64 %, 31959 MiB
2026/10/01 03:53:27.847, 2857 MHz, 13801 MHz, 0x0000000000000000, 410.68 W, 59 %, 31959 MiB
2026/10/01 03:53:28.357, 2842 MHz, 13801 MHz, 0x0000000000000000, 428.33 W, 67 %, 31959 MiB
2026/10/01 03:53:28.866, 2857 MHz, 13801 MHz, 0x0000000000000000, 415.98 W, 57 %, 31959 MiB
2026/10/01 03:53:29.379, 2857 MHz, 13801 MHz, 0x0000000000000000, 391.95 W, 61 %, 31959 MiB
2026/10/01 03:53:29.888, 2850 MHz, 13801 MHz, 0x0000000000000004, 403.39 W, 74 %, 31959 MiB
2026/10/01 03:53:30.403, 2857 MHz, 13801 MHz, 0x0000000000000000, 407.12 W, 58 %, 31959 MiB
2026/10/01 03:53:30.912, 2857 MHz, 13801 MHz, 0x0000000000000000, 373.78 W, 49 %, 31980 MiB
2026/10/01 03:53:31.420, 2865 MHz, 13801 MHz, 0x0000000000000000, 327.60 W, 49 %, 31986 MiB
2026/10/01 03:53:31.931, 2872 MHz, 13801 MHz, 0x0000000000000000, 301.50 W, 41 %, 31986 MiB
2026/10/01 03:53:32.441, 2850 MHz, 13801 MHz, 0x0000000000000000, 339.61 W, 44 %, 31984 MiB
2026/10/01 03:53:32.952, 2857 MHz, 13801 MHz, 0x0000000000000000, 354.32 W, 31 %, 31978 MiB
2026/10/01 03:53:33.464, 2865 MHz, 13801 MHz, 0x0000000000000004, 340.68 W, 79 %, 31982 MiB
2026/10/01 03:53:33.976, 2880 MHz, 13801 MHz, 0x0000000000000000, 314.78 W, 43 %, 31977 MiB
2026/10/01 03:53:34.486, 2857 MHz, 13801 MHz, 0x0000000000000000, 322.78 W, 39 %, 31996 MiB
2026/10/01 03:53:34.999, 2857 MHz, 13801 MHz, 0x0000000000000000, 353.47 W, 57 %, 31996 MiB
2026/10/01 03:53:35.511, 2857 MHz, 13801 MHz, 0x0000000000000000, 360.73 W, 54 %, 31995 MiB
2026/10/01 03:53:36.025, 2857 MHz, 13801 MHz, 0x0000000000000000, 377.87 W, 50 %, 31987 MiB
2026/10/01 03:53:36.537, 2857 MHz, 13801 MHz, 0x0000000000000000, 375.09 W, 50 %, 31989 MiB
2026/10/01 03:53:37.046, 2865 MHz, 13801 MHz, 0x0000000000000000, 363.38 W, 58 %, 31989 MiB
2026/10/01 03:53:37.557, 2857 MHz, 13801 MHz, 0x0000000000000000, 359.49 W, 53 %, 31990 MiB
2026/10/01 03:53:38.068, 2857 MHz, 13801 MHz, 0x0000000000000000, 361.57 W, 55 %, 31990 MiB
2026/10/01 03:53:38.578, 2850 MHz, 13801 MHz, 0x0000000000000000, 382.20 W, 65 %, 31990 MiB
2026/10/01 03:53:39.090, 2857 MHz, 13801 MHz, 0x0000000000000000, 410.32 W, 73 %, 31993 MiB
2026/10/01 03:53:39.602, 2850 MHz, 13801 MHz, 0x0000000000000000, 417.07 W, 64 %, 31968 MiB
2026/10/01 03:53:40.111, 2857 MHz, 13801 MHz, 0x0000000000000000, 411.72 W, 66 %, 31966 MiB
2026/10/01 03:53:40.620, 2850 MHz, 13801 MHz, 0x0000000000000000, 393.27 W, 68 %, 31989 MiB
2026/10/01 03:53:41.129, 2857 MHz, 13801 MHz, 0x0000000000000000, 387.85 W, 55 %, 31990 MiB
2026/10/01 03:53:41.641, 2850 MHz, 13801 MHz, 0x0000000000000000, 387.81 W, 68 %, 31990 MiB
2026/10/01 03:53:42.155, 2850 MHz, 13801 MHz, 0x0000000000000000, 418.12 W, 72 %, 31977 MiB
2026/10/01 03:53:42.666, 2850 MHz, 13801 MHz, 0x0000000000000000, 425.33 W, 60 %, 31974 MiB
2026/10/01 03:53:43.170, 2857 MHz, 13801 MHz, 0x0000000000000000, 373.57 W, 38 %, 31974 MiB
2026/10/01 03:53:43.682, 2850 MHz, 13801 MHz, 0x0000000000000000, 373.94 W, 73 %, 31961 MiB
2026/10/01 03:53:44.193, 2865 MHz, 13801 MHz, 0x0000000000000000, 403.64 W, 76 %, 31961 MiB
2026/10/01 03:53:44.707, 2857 MHz, 13801 MHz, 0x0000000000000000, 413.52 W, 60 %, 31961 MiB
2026/10/01 03:53:45.220, 2857 MHz, 13801 MHz, 0x0000000000000000, 402.44 W, 58 %, 31961 MiB
2026/10/01 03:53:45.727, 2850 MHz, 13801 MHz, 0x0000000000000000, 380.07 W, 54 %, 31961 MiB
2026/10/01 03:53:46.238, 2850 MHz, 13801 MHz, 0x0000000000000000, 386.79 W, 57 %, 31956 MiB
2026/10/01 03:53:46.749, 2857 MHz, 13801 MHz, 0x0000000000000004, 365.52 W, 69 %, 31956 MiB
2026/10/01 03:53:47.261, 2850 MHz, 13801 MHz, 0x0000000000000000, 382.29 W, 53 %, 31956 MiB
2026/10/01 03:53:47.771, 2857 MHz, 13801 MHz, 0x0000000000000000, 397.26 W, 59 %, 31956 MiB
2026/10/01 03:53:48.280, 2857 MHz, 13801 MHz, 0x0000000000000000, 400.05 W, 57 %, 31956 MiB
2026/10/01 03:53:48.787, 2865 MHz, 13801 MHz, 0x0000000000000000, 394.42 W, 58 %, 31956 MiB
2026/10/01 03:53:49.299, 2865 MHz, 13801 MHz, 0x0000000000000000, 388.45 W, 45 %, 31956 MiB
2026/10/01 03:53:49.807, 2865 MHz, 13801 MHz, 0x0000000000000004, 411.32 W, 99 %, 31956 MiB
2026/10/01 03:53:50.317, 2850 MHz, 13801 MHz, 0x0000000000000000, 413.54 W, 61 %, 31975 MiB
2026/10/01 03:53:50.827, 2857 MHz, 13801 MHz, 0x0000000000000004, 432.64 W, 99 %, 31975 MiB
2026/10/01 03:53:51.338, 2850 MHz, 13801 MHz, 0x0000000000000000, 425.32 W, 69 %, 31974 MiB
2026/10/01 03:53:51.851, 2857 MHz, 13801 MHz, 0x0000000000000004, 420.19 W, 89 %, 31974 MiB
2026/10/01 03:53:52.363, 2857 MHz, 13801 MHz, 0x0000000000000000, 417.05 W, 58 %, 31961 MiB
2026/10/01 03:53:52.871, 2842 MHz, 13801 MHz, 0x0000000000000000, 420.15 W, 45 %, 31961 MiB
2026/10/01 03:53:53.381, 2857 MHz, 13801 MHz, 0x0000000000000000, 387.31 W, 50 %, 31961 MiB
2026/10/01 03:53:53.896, 2865 MHz, 13801 MHz, 0x0000000000000000, 339.67 W, 66 %, 31966 MiB
2026/10/01 03:53:54.406, 2872 MHz, 13801 MHz, 0x0000000000000000, 330.37 W, 54 %, 31963 MiB
2026/10/01 03:53:54.918, 2880 MHz, 13801 MHz, 0x0000000000000004, 352.59 W, 87 %, 31963 MiB
2026/10/01 03:53:55.427, 2850 MHz, 13801 MHz, 0x0000000000000000, 388.73 W, 59 %, 31952 MiB
2026/10/01 03:53:55.937, 2850 MHz, 13801 MHz, 0x0000000000000000, 409.16 W, 54 %, 31952 MiB
2026/10/01 03:53:56.447, 2850 MHz, 13801 MHz, 0x0000000000000000, 406.50 W, 74 %, 31952 MiB
2026/10/01 03:53:56.960, 2857 MHz, 13801 MHz, 0x0000000000000000, 395.92 W, 56 %, 31952 MiB
2026/10/01 03:53:57.473, 2850 MHz, 13801 MHz, 0x0000000000000000, 387.81 W, 59 %, 31952 MiB
2026/10/01 03:53:57.980, 2850 MHz, 13801 MHz, 0x0000000000000000, 387.40 W, 54 %, 31952 MiB
2026/10/01 03:53:58.489, 2850 MHz, 13801 MHz, 0x0000000000000004, 415.23 W, 94 %, 31964 MiB
2026/10/01 03:53:59.000, 2865 MHz, 13801 MHz, 0x0000000000000000, 398.81 W, 55 %, 31999 MiB
2026/10/01 03:53:59.510, 2857 MHz, 13801 MHz, 0x0000000000000000, 366.55 W, 68 %, 31999 MiB
2026/10/01 03:54:00.021, 2857 MHz, 13801 MHz, 0x0000000000000000, 366.63 W, 36 %, 31999 MiB
2026/10/01 03:54:00.534, 2857 MHz, 13801 MHz, 0x0000000000000000, 349.28 W, 52 %, 31992 MiB
2026/10/01 03:54:01.045, 2857 MHz, 13801 MHz, 0x0000000000000000, 343.34 W, 44 %, 31991 MiB
2026/10/01 03:54:01.555, 2857 MHz, 13801 MHz, 0x0000000000000000, 366.54 W, 81 %, 31991 MiB
2026/10/01 03:54:02.066, 2857 MHz, 13801 MHz, 0x0000000000000000, 390.26 W, 57 %, 31988 MiB
2026/10/01 03:54:02.579, 2850 MHz, 13801 MHz, 0x0000000000000004, 428.64 W, 99 %, 31988 MiB
2026/10/01 03:54:03.090, 2857 MHz, 13801 MHz, 0x0000000000000000, 430.58 W, 60 %, 31988 MiB
2026/10/01 03:54:03.604, 2857 MHz, 13801 MHz, 0x0000000000000000, 405.05 W, 56 %, 31982 MiB
2026/10/01 03:54:04.117, 2865 MHz, 13801 MHz, 0x0000000000000000, 389.37 W, 51 %, 31953 MiB
2026/10/01 03:54:04.628, 2865 MHz, 13801 MHz, 0x0000000000000000, 386.64 W, 66 %, 31953 MiB
2026/10/01 03:54:05.138, 2857 MHz, 13801 MHz, 0x0000000000000000, 384.84 W, 58 %, 31953 MiB
2026/10/01 03:54:05.648, 2850 MHz, 13801 MHz, 0x0000000000000000, 386.56 W, 58 %, 31953 MiB
2026/10/01 03:54:06.155, 2850 MHz, 13801 MHz, 0x0000000000000004, 409.52 W, 99 %, 31953 MiB
2026/10/01 03:54:06.668, 2850 MHz, 13801 MHz, 0x0000000000000000, 415.46 W, 56 %, 31953 MiB
2026/10/01 03:54:07.183, 2872 MHz, 13801 MHz, 0x0000000000000000, 389.57 W, 67 %, 31953 MiB
2026/10/01 03:54:07.695, 2857 MHz, 13801 MHz, 0x0000000000000000, 385.18 W, 59 %, 31953 MiB
2026/10/01 03:54:08.206, 2857 MHz, 13801 MHz, 0x0000000000000000, 394.63 W, 59 %, 31953 MiB
2026/10/01 03:54:08.718, 2850 MHz, 13801 MHz, 0x0000000000000000, 390.39 W, 61 %, 31953 MiB
2026/10/01 03:54:09.232, 2850 MHz, 13801 MHz, 0x0000000000000000, 390.01 W, 58 %, 31953 MiB
2026/10/01 03:54:09.743, 2857 MHz, 13801 MHz, 0x0000000000000000, 395.32 W, 71 %, 31953 MiB
2026/10/01 03:54:10.255, 2850 MHz, 13801 MHz, 0x0000000000000000, 413.65 W, 55 %, 31953 MiB
2026/10/01 03:54:10.767, 2850 MHz, 13801 MHz, 0x0000000000000000, 405.70 W, 52 %, 31953 MiB
2026/10/01 03:54:11.276, 2857 MHz, 13801 MHz, 0x0000000000000000, 387.79 W, 60 %, 31953 MiB
2026/10/01 03:54:11.787, 2857 MHz, 13801 MHz, 0x0000000000000000, 407.38 W, 63 %, 31953 MiB
2026/10/01 03:54:12.295, 2857 MHz, 13801 MHz, 0x0000000000000004, 411.85 W, 99 %, 31953 MiB
2026/10/01 03:54:12.804, 2857 MHz, 13801 MHz, 0x0000000000000000, 400.28 W, 53 %, 31953 MiB
2026/10/01 03:54:13.315, 2872 MHz, 13801 MHz, 0x0000000000000000, 389.27 W, 71 %, 31953 MiB
2026/10/01 03:54:13.821, 2865 MHz, 13801 MHz, 0x0000000000000004, 385.14 W, 98 %, 31953 MiB
2026/10/01 03:54:14.329, 2865 MHz, 13801 MHz, 0x0000000000000000, 353.35 W, 51 %, 31953 MiB
2026/10/01 03:54:14.836, 2872 MHz, 13801 MHz, 0x0000000000000000, 320.75 W, 45 %, 31953 MiB
2026/10/01 03:54:15.342, 2865 MHz, 13801 MHz, 0x0000000000000000, 322.40 W, 40 %, 31958 MiB
2026/10/01 03:54:15.847, 2857 MHz, 13801 MHz, 0x0000000000000000, 334.88 W, 60 %, 31958 MiB
2026/10/01 03:54:16.357, 2850 MHz, 13801 MHz, 0x0000000000000000, 370.60 W, 53 %, 31953 MiB
2026/10/01 03:54:16.864, 2842 MHz, 13801 MHz, 0x0000000000000000, 397.86 W, 45 %, 31953 MiB
2026/10/01 03:54:17.370, 2842 MHz, 13801 MHz, 0x0000000000000000, 385.93 W, 38 %, 31953 MiB
2026/10/01 03:54:17.876, 2857 MHz, 13801 MHz, 0x0000000000000000, 377.95 W, 52 %, 31953 MiB
2026/10/01 03:54:18.385, 2850 MHz, 13801 MHz, 0x0000000000000000, 376.09 W, 56 %, 31953 MiB
2026/10/01 03:54:18.890, 2865 MHz, 13801 MHz, 0x0000000000000000, 374.80 W, 53 %, 31953 MiB
2026/10/01 03:54:19.400, 2865 MHz, 13801 MHz, 0x0000000000000000, 375.45 W, 53 %, 31953 MiB
2026/10/01 03:54:19.906, 2835 MHz, 13801 MHz, 0x0000000000000000, 409.54 W, 56 %, 31953 MiB
2026/10/01 03:54:20.416, 2857 MHz, 13801 MHz, 0x0000000000000000, 416.13 W, 68 %, 31953 MiB
2026/10/01 03:54:20.926, 2850 MHz, 13801 MHz, 0x0000000000000000, 387.49 W, 54 %, 31953 MiB
2026/10/01 03:54:21.438, 2850 MHz, 13801 MHz, 0x0000000000000000, 387.78 W, 51 %, 31953 MiB
2026/10/01 03:54:21.951, 2857 MHz, 13801 MHz, 0x0000000000000000, 373.73 W, 59 %, 31953 MiB
2026/10/01 03:54:22.464, 2850 MHz, 13801 MHz, 0x0000000000000000, 388.84 W, 50 %, 31953 MiB
2026/10/01 03:54:22.973, 2865 MHz, 13801 MHz, 0x0000000000000004, 397.11 W, 98 %, 31956 MiB
2026/10/01 03:54:23.481, 2865 MHz, 13801 MHz, 0x0000000000000004, 408.52 W, 99 %, 31956 MiB
2026/10/01 03:54:23.993, 2842 MHz, 13801 MHz, 0x0000000000000000, 429.12 W, 40 %, 31953 MiB
2026/10/01 03:54:24.507, 2857 MHz, 13801 MHz, 0x0000000000000000, 423.46 W, 60 %, 31953 MiB
2026/10/01 03:54:25.018, 2865 MHz, 13801 MHz, 0x0000000000000000, 380.82 W, 51 %, 31956 MiB
2026/10/01 03:54:25.529, 2872 MHz, 13801 MHz, 0x0000000000000004, 362.91 W, 97 %, 31956 MiB
2026/10/01 03:54:26.039, 2865 MHz, 13801 MHz, 0x0000000000000000, 357.22 W, 55 %, 31953 MiB
2026/10/01 03:54:26.552, 2842 MHz, 13801 MHz, 0x0000000000000000, 399.14 W, 75 %, 31953 MiB
2026/10/01 03:54:27.061, 2857 MHz, 13801 MHz, 0x0000000000000004, 428.08 W, 98 %, 31953 MiB
2026/10/01 03:54:27.575, 2850 MHz, 13801 MHz, 0x0000000000000000, 425.76 W, 54 %, 31956 MiB
2026/10/01 03:54:28.087, 2857 MHz, 13801 MHz, 0x0000000000000000, 380.90 W, 43 %, 31956 MiB
2026/10/01 03:54:28.599, 2857 MHz, 13801 MHz, 0x0000000000000004, 378.92 W, 91 %, 31953 MiB
2026/10/01 03:54:29.112, 2857 MHz, 13801 MHz, 0x0000000000000000, 395.03 W, 51 %, 31953 MiB
2026/10/01 03:54:29.626, 2865 MHz, 13801 MHz, 0x0000000000000000, 393.36 W, 53 %, 31953 MiB
2026/10/01 03:54:30.138, 2850 MHz, 13801 MHz, 0x0000000000000000, 381.68 W, 52 %, 31953 MiB
2026/10/01 03:54:30.651, 2857 MHz, 13801 MHz, 0x0000000000000000, 392.09 W, 61 %, 31953 MiB
2026/10/01 03:54:31.162, 2865 MHz, 13801 MHz, 0x0000000000000000, 383.77 W, 57 %, 31953 MiB
2026/10/01 03:54:31.677, 2857 MHz, 13801 MHz, 0x0000000000000000, 383.49 W, 50 %, 31956 MiB
2026/10/01 03:54:32.192, 2857 MHz, 13801 MHz, 0x0000000000000000, 361.37 W, 64 %, 31953 MiB
2026/10/01 03:54:32.707, 2857 MHz, 13801 MHz, 0x0000000000000000, 364.52 W, 55 %, 31953 MiB
2026/10/01 03:54:33.215, 2850 MHz, 13801 MHz, 0x0000000000000000, 389.70 W, 60 %, 31956 MiB
2026/10/01 03:54:33.726, 2865 MHz, 13801 MHz, 0x0000000000000004, 402.14 W, 99 %, 31956 MiB
2026/10/01 03:54:34.235, 2857 MHz, 13801 MHz, 0x0000000000000000, 395.54 W, 56 %, 31953 MiB
2026/10/01 03:54:34.746, 2865 MHz, 13801 MHz, 0x0000000000000000, 404.98 W, 83 %, 31953 MiB
2026/10/01 03:54:35.254, 2850 MHz, 13801 MHz, 0x0000000000000004, 409.57 W, 79 %, 31953 MiB
2026/10/01 03:54:35.767, 2865 MHz, 13801 MHz, 0x0000000000000000, 379.76 W, 45 %, 31953 MiB
2026/10/01 03:54:36.278, 2865 MHz, 13801 MHz, 0x0000000000000000, 337.33 W, 50 %, 31953 MiB
2026/10/01 03:54:36.788, 2857 MHz, 13801 MHz, 0x0000000000000000, 343.64 W, 51 %, 31956 MiB
2026/10/01 03:54:37.303, 2842 MHz, 13801 MHz, 0x0000000000000000, 379.81 W, 55 %, 31956 MiB
2026/10/01 03:54:37.815, 2857 MHz, 13801 MHz, 0x0000000000000000, 398.76 W, 56 %, 31953 MiB
2026/10/01 03:54:38.328, 2850 MHz, 13801 MHz, 0x0000000000000000, 391.91 W, 60 %, 31953 MiB
2026/10/01 03:54:38.843, 2857 MHz, 13801 MHz, 0x0000000000000000, 410.45 W, 81 %, 31953 MiB
2026/10/01 03:54:39.352, 2857 MHz, 13801 MHz, 0x0000000000000000, 431.67 W, 56 %, 31953 MiB
2026/10/01 03:54:39.863, 2850 MHz, 13801 MHz, 0x0000000000000000, 417.40 W, 56 %, 31953 MiB
2026/10/01 03:54:40.372, 2857 MHz, 13801 MHz, 0x0000000000000000, 389.13 W, 57 %, 31953 MiB
2026/10/01 03:54:40.885, 2850 MHz, 13801 MHz, 0x0000000000000000, 387.24 W, 57 %, 31953 MiB
2026/10/01 03:54:41.393, 2857 MHz, 13801 MHz, 0x0000000000000000, 364.04 W, 52 %, 31953 MiB
2026/10/01 03:54:41.905, 2857 MHz, 13801 MHz, 0x0000000000000000, 347.13 W, 53 %, 31953 MiB
2026/10/01 03:54:42.416, 2850 MHz, 13801 MHz, 0x0000000000000000, 367.84 W, 57 %, 31953 MiB
2026/10/01 03:54:42.925, 2857 MHz, 13801 MHz, 0x0000000000000000, 368.37 W, 35 %, 31953 MiB
2026/10/01 03:54:43.438, 2865 MHz, 13801 MHz, 0x0000000000000000, 349.02 W, 61 %, 31953 MiB
2026/10/01 03:54:43.947, 2857 MHz, 13801 MHz, 0x0000000000000000, 368.68 W, 59 %, 31953 MiB
2026/10/01 03:54:44.461, 2850 MHz, 13801 MHz, 0x0000000000000004, 390.43 W, 73 %, 31953 MiB
2026/10/01 03:54:44.968, 2850 MHz, 13801 MHz, 0x0000000000000004, 416.79 W, 93 %, 31953 MiB
2026/10/01 03:54:45.476, 2872 MHz, 13801 MHz, 0x0000000000000000, 414.13 W, 76 %, 31953 MiB
2026/10/01 03:54:45.985, 2857 MHz, 13801 MHz, 0x0000000000000004, 401.81 W, 99 %, 31953 MiB
2026/10/01 03:54:46.498, 2857 MHz, 13801 MHz, 0x0000000000000000, 410.21 W, 56 %, 31953 MiB
2026/10/01 03:54:47.008, 2857 MHz, 13801 MHz, 0x0000000000000000, 391.36 W, 61 %, 31953 MiB
2026/10/01 03:54:47.521, 2857 MHz, 13801 MHz, 0x0000000000000000, 388.12 W, 59 %, 31953 MiB
2026/10/01 03:54:48.030, 2850 MHz, 13801 MHz, 0x0000000000000000, 392.06 W, 55 %, 31953 MiB
2026/10/01 03:54:48.543, 2850 MHz, 13801 MHz, 0x0000000000000004, 434.90 W, 99 %, 31953 MiB
2026/10/01 03:54:49.055, 2857 MHz, 13801 MHz, 0x0000000000000000, 434.32 W, 54 %, 31953 MiB
2026/10/01 03:54:49.566, 2857 MHz, 13801 MHz, 0x0000000000000000, 405.48 W, 76 %, 31953 MiB
2026/10/01 03:54:50.074, 2857 MHz, 13801 MHz, 0x0000000000000004, 409.96 W, 99 %, 31953 MiB
2026/10/01 03:54:50.584, 2865 MHz, 13801 MHz, 0x0000000000000000, 424.15 W, 54 %, 31953 MiB
2026/10/01 03:54:51.099, 2850 MHz, 13801 MHz, 0x0000000000000000, 402.02 W, 55 %, 31953 MiB
2026/10/01 03:54:51.612, 2857 MHz, 13801 MHz, 0x0000000000000000, 383.03 W, 59 %, 31953 MiB
2026/10/01 03:54:52.126, 2857 MHz, 13801 MHz, 0x0000000000000000, 398.41 W, 58 %, 31953 MiB
2026/10/01 03:54:52.640, 2850 MHz, 13801 MHz, 0x0000000000000000, 406.52 W, 65 %, 31953 MiB
2026/10/01 03:54:53.154, 2857 MHz, 13801 MHz, 0x0000000000000000, 405.51 W, 61 %, 31953 MiB
2026/10/01 03:54:53.665, 2865 MHz, 13801 MHz, 0x0000000000000000, 401.56 W, 58 %, 31953 MiB
2026/10/01 03:54:54.177, 2865 MHz, 13801 MHz, 0x0000000000000000, 373.80 W, 44 %, 31953 MiB
2026/10/01 03:54:54.688, 2850 MHz, 13801 MHz, 0x0000000000000000, 366.13 W, 43 %, 31953 MiB
2026/10/01 03:54:55.197, 2865 MHz, 13801 MHz, 0x0000000000000000, 341.55 W, 43 %, 31956 MiB
2026/10/01 03:54:55.709, 2850 MHz, 13801 MHz, 0x0000000000000000, 341.86 W, 45 %, 31956 MiB
2026/10/01 03:54:56.219, 2842 MHz, 13801 MHz, 0x0000000000000000, 389.92 W, 57 %, 31953 MiB
2026/10/01 03:54:56.724, 2865 MHz, 13801 MHz, 0x0000000000000000, 417.13 W, 63 %, 31953 MiB
2026/10/01 03:54:57.236, 2850 MHz, 13801 MHz, 0x0000000000000004, 418.58 W, 99 %, 31953 MiB
2026/10/01 03:54:57.744, 2865 MHz, 13801 MHz, 0x0000000000000000, 417.41 W, 83 %, 31958 MiB
2026/10/01 03:54:58.256, 2857 MHz, 13801 MHz, 0x0000000000000000, 383.32 W, 61 %, 31958 MiB
2026/10/01 03:54:58.768, 2857 MHz, 13801 MHz, 0x0000000000000000, 369.25 W, 56 %, 31953 MiB
2026/10/01 03:54:59.283, 2857 MHz, 13801 MHz, 0x0000000000000000, 414.50 W, 78 %, 31953 MiB
2026/10/01 03:54:59.794, 2865 MHz, 13801 MHz, 0x0000000000000000, 408.35 W, 54 %, 31953 MiB
2026/10/01 03:55:00.309, 2850 MHz, 13801 MHz, 0x0000000000000000, 389.58 W, 60 %, 31953 MiB
2026/10/01 03:55:00.818, 2850 MHz, 13801 MHz, 0x0000000000000004, 419.63 W, 99 %, 31953 MiB
2026/10/01 03:55:01.332, 2850 MHz, 13801 MHz, 0x0000000000000000, 438.18 W, 58 %, 31953 MiB
2026/10/01 03:55:01.844, 2850 MHz, 13801 MHz, 0x0000000000000000, 425.03 W, 62 %, 31953 MiB
2026/10/01 03:55:02.356, 2850 MHz, 13801 MHz, 0x0000000000000000, 397.33 W, 59 %, 31953 MiB
2026/10/01 03:55:02.870, 2857 MHz, 13801 MHz, 0x0000000000000000, 380.87 W, 52 %, 31953 MiB
2026/10/01 03:55:03.383, 2857 MHz, 13801 MHz, 0x0000000000000000, 382.31 W, 60 %, 31953 MiB
2026/10/01 03:55:03.894, 2850 MHz, 13801 MHz, 0x0000000000000000, 390.99 W, 56 %, 31953 MiB
2026/10/01 03:55:04.406, 2865 MHz, 13801 MHz, 0x0000000000000000, 398.36 W, 61 %, 31953 MiB
2026/10/01 03:55:04.919, 2850 MHz, 13801 MHz, 0x0000000000000004, 400.73 W, 82 %, 31953 MiB
2026/10/01 03:55:05.431, 2865 MHz, 13801 MHz, 0x0000000000000000, 390.84 W, 61 %, 31953 MiB
2026/10/01 03:55:05.944, 2857 MHz, 13801 MHz, 0x0000000000000000, 387.26 W, 58 %, 31953 MiB
2026/10/01 03:55:06.455, 2865 MHz, 13801 MHz, 0x0000000000000000, 399.93 W, 58 %, 31953 MiB
2026/10/01 03:55:06.969, 2842 MHz, 13801 MHz, 0x0000000000000000, 412.41 W, 51 %, 31953 MiB
2026/10/01 03:55:07.480, 2857 MHz, 13801 MHz, 0x0000000000000000, 408.48 W, 60 %, 31953 MiB
2026/10/01 03:55:07.992, 2842 MHz, 13801 MHz, 0x0000000000000000, 430.76 W, 50 %, 31953 MiB
2026/10/01 03:55:08.501, 2865 MHz, 13801 MHz, 0x0000000000000000, 405.98 W, 51 %, 31953 MiB
2026/10/01 03:55:09.016, 2872 MHz, 13801 MHz, 0x0000000000000000, 357.88 W, 50 %, 31953 MiB
2026/10/01 03:55:09.530, 2850 MHz, 13801 MHz, 0x0000000000000000, 366.72 W, 54 %, 31953 MiB
2026/10/01 03:55:10.044, 2850 MHz, 13801 MHz, 0x0000000000000004, 379.39 W, 76 %, 31953 MiB
2026/10/01 03:55:10.557, 2857 MHz, 13801 MHz, 0x0000000000000000, 393.41 W, 55 %, 31953 MiB
2026/10/01 03:55:11.067, 2857 MHz, 13801 MHz, 0x0000000000000000, 396.19 W, 59 %, 31953 MiB
2026/10/01 03:55:11.579, 2850 MHz, 13801 MHz, 0x0000000000000000, 398.39 W, 61 %, 31953 MiB
2026/10/01 03:55:12.091, 2850 MHz, 13801 MHz, 0x0000000000000000, 422.41 W, 62 %, 31953 MiB
2026/10/01 03:55:12.604, 2857 MHz, 13801 MHz, 0x0000000000000000, 418.27 W, 56 %, 31953 MiB
2026/10/01 03:55:13.116, 2865 MHz, 13801 MHz, 0x0000000000000000, 385.59 W, 60 %, 31953 MiB
2026/10/01 03:55:13.628, 2865 MHz, 13801 MHz, 0x0000000000000000, 383.09 W, 60 %, 31953 MiB
2026/10/01 03:55:14.141, 2850 MHz, 13801 MHz, 0x0000000000000000, 387.99 W, 57 %, 31953 MiB
2026/10/01 03:55:14.653, 2850 MHz, 13801 MHz, 0x0000000000000000, 391.86 W, 56 %, 31953 MiB
2026/10/01 03:55:15.164, 2850 MHz, 13801 MHz, 0x0000000000000000, 392.82 W, 58 %, 31953 MiB
2026/10/01 03:55:15.672, 2865 MHz, 13801 MHz, 0x0000000000000004, 395.94 W, 87 %, 31952 MiB
2026/10/01 03:55:16.185, 2850 MHz, 13801 MHz, 0x0000000000000000, 403.32 W, 54 %, 31952 MiB
2026/10/01 03:55:16.695, 2857 MHz, 13801 MHz, 0x0000000000000000, 394.78 W, 57 %, 31952 MiB
2026/10/01 03:55:17.196, 2857 MHz, 13801 MHz, 0x0000000000000004, 396.64 W, 99 %, 31954 MiB
2026/10/01 03:55:17.705, 2857 MHz, 13801 MHz, 0x0000000000000000, 397.38 W, 58 %, 31954 MiB
2026/10/01 03:55:18.214, 2850 MHz, 13801 MHz, 0x0000000000000000, 393.55 W, 56 %, 31952 MiB
2026/10/01 03:55:18.726, 2865 MHz, 13801 MHz, 0x0000000000000000, 403.65 W, 77 %, 31952 MiB
2026/10/01 03:55:19.240, 2842 MHz, 13801 MHz, 0x0000000000000000, 389.28 W, 46 %, 31957 MiB
2026/10/01 03:55:19.749, 2850 MHz, 13801 MHz, 0x0000000000000004, 377.74 W, 99 %, 31957 MiB
2026/10/01 03:55:20.259, 2850 MHz, 13801 MHz, 0x0000000000000000, 422.66 W, 75 %, 31952 MiB
2026/10/01 03:55:20.769, 2857 MHz, 13801 MHz, 0x0000000000000000, 409.62 W, 56 %, 31952 MiB
2026/10/01 03:55:21.279, 2865 MHz, 13801 MHz, 0x0000000000000000, 361.35 W, 49 %, 31952 MiB
2026/10/01 03:55:21.788, 2880 MHz, 13801 MHz, 0x0000000000000000, 350.62 W, 80 %, 31952 MiB
2026/10/01 03:55:22.298, 2865 MHz, 13801 MHz, 0x0000000000000000, 378.48 W, 59 %, 31952 MiB
2026/10/01 03:55:22.804, 2842 MHz, 13801 MHz, 0x0000000000000000, 408.13 W, 56 %, 31952 MiB
2026/10/01 03:55:23.312, 2857 MHz, 13801 MHz, 0x0000000000000000, 384.44 W, 55 %, 31952 MiB
2026/10/01 03:55:23.822, 2857 MHz, 13801 MHz, 0x0000000000000000, 364.46 W, 47 %, 31952 MiB
2026/10/01 03:55:24.330, 2857 MHz, 13801 MHz, 0x0000000000000000, 346.52 W, 42 %, 31952 MiB
2026/10/01 03:55:24.839, 2865 MHz, 13801 MHz, 0x0000000000000004, 347.79 W, 98 %, 31952 MiB
2026/10/01 03:55:25.349, 2857 MHz, 13801 MHz, 0x0000000000000000, 387.76 W, 54 %, 31952 MiB
2026/10/01 03:55:25.860, 2850 MHz, 13801 MHz, 0x0000000000000000, 413.56 W, 57 %, 31952 MiB
2026/10/01 03:55:26.366, 2857 MHz, 13801 MHz, 0x0000000000000000, 391.78 W, 62 %, 31952 MiB
2026/10/01 03:55:26.874, 2865 MHz, 13801 MHz, 0x0000000000000000, 363.43 W, 47 %, 31952 MiB
2026/10/01 03:55:27.382, 2865 MHz, 13801 MHz, 0x0000000000000000, 368.72 W, 49 %, 31952 MiB
2026/10/01 03:55:27.887, 2857 MHz, 13801 MHz, 0x0000000000000000, 390.16 W, 75 %, 31952 MiB
2026/10/01 03:55:28.396, 2857 MHz, 13801 MHz, 0x0000000000000000, 386.05 W, 54 %, 31952 MiB
2026/10/01 03:55:28.906, 2850 MHz, 13801 MHz, 0x0000000000000000, 392.38 W, 49 %, 31952 MiB
2026/10/01 03:55:29.418, 2835 MHz, 13801 MHz, 0x0000000000000004, 440.24 W, 99 %, 31952 MiB
2026/10/01 03:55:29.928, 2850 MHz, 13801 MHz, 0x0000000000000000, 454.81 W, 72 %, 31952 MiB
2026/10/01 03:55:30.441, 2842 MHz, 13801 MHz, 0x0000000000000000, 432.67 W, 59 %, 31952 MiB
2026/10/01 03:55:30.950, 2850 MHz, 13801 MHz, 0x0000000000000000, 412.74 W, 59 %, 31952 MiB
2026/10/01 03:55:31.463, 2850 MHz, 13801 MHz, 0x0000000000000000, 392.05 W, 56 %, 31952 MiB
2026/10/01 03:55:31.976, 2857 MHz, 13801 MHz, 0x0000000000000004, 399.07 W, 92 %, 31952 MiB
2026/10/01 03:55:32.486, 2857 MHz, 13801 MHz, 0x0000000000000004, 417.84 W, 99 %, 31952 MiB
2026/10/01 03:55:32.997, 2857 MHz, 13801 MHz, 0x0000000000000000, 426.30 W, 63 %, 31952 MiB
2026/10/01 03:55:33.510, 2850 MHz, 13801 MHz, 0x0000000000000000, 414.91 W, 57 %, 31952 MiB
2026/10/01 03:55:34.020, 2850 MHz, 13801 MHz, 0x0000000000000000, 420.29 W, 74 %, 31952 MiB
2026/10/01 03:55:34.534, 2842 MHz, 13801 MHz, 0x0000000000000000, 432.58 W, 62 %, 31952 MiB
2026/10/01 03:55:35.047, 2865 MHz, 13801 MHz, 0x0000000000000000, 401.66 W, 52 %, 31952 MiB
2026/10/01 03:55:35.558, 2857 MHz, 13801 MHz, 0x0000000000000000, 373.00 W, 54 %, 31952 MiB
2026/10/01 03:55:36.072, 2857 MHz, 13801 MHz, 0x0000000000000000, 368.02 W, 51 %, 31952 MiB
2026/10/01 03:55:36.585, 2865 MHz, 13801 MHz, 0x0000000000000000, 360.25 W, 59 %, 31952 MiB
2026/10/01 03:55:37.096, 2857 MHz, 13801 MHz, 0x0000000000000000, 365.38 W, 50 %, 31952 MiB
2026/10/01 03:55:37.605, 2857 MHz, 13801 MHz, 0x0000000000000000, 371.43 W, 49 %, 31952 MiB
2026/10/01 03:55:38.117, 2857 MHz, 13801 MHz, 0x0000000000000000, 380.41 W, 52 %, 31952 MiB
2026/10/01 03:55:38.630, 2857 MHz, 13801 MHz, 0x0000000000000004, 397.72 W, 99 %, 31952 MiB
2026/10/01 03:55:39.141, 2850 MHz, 13801 MHz, 0x0000000000000000, 397.02 W, 48 %, 31954 MiB
2026/10/01 03:55:39.651, 2865 MHz, 13801 MHz, 0x0000000000000000, 369.24 W, 46 %, 31954 MiB
2026/10/01 03:55:40.159, 2865 MHz, 13801 MHz, 0x0000000000000000, 337.52 W, 45 %, 31952 MiB
2026/10/01 03:55:40.671, 2880 MHz, 13801 MHz, 0x0000000000000000, 334.94 W, 66 %, 31957 MiB
2026/10/01 03:55:41.181, 2850 MHz, 13801 MHz, 0x0000000000000000, 360.99 W, 53 %, 31954 MiB
2026/10/01 03:55:41.694, 2850 MHz, 13801 MHz, 0x0000000000000000, 379.49 W, 42 %, 31954 MiB
2026/10/01 03:55:42.204, 2857 MHz, 13801 MHz, 0x0000000000000000, 373.78 W, 55 %, 31952 MiB
2026/10/01 03:55:42.716, 2865 MHz, 13801 MHz, 0x0000000000000000, 385.26 W, 76 %, 31952 MiB
2026/10/01 03:55:43.230, 2857 MHz, 13801 MHz, 0x0000000000000000, 381.58 W, 39 %, 31952 MiB
2026/10/01 03:55:43.743, 2865 MHz, 13801 MHz, 0x0000000000000000, 359.77 W, 53 %, 31952 MiB
2026/10/01 03:55:44.253, 2857 MHz, 13801 MHz, 0x0000000000000004, 396.26 W, 86 %, 31952 MiB
2026/10/01 03:55:44.767, 2850 MHz, 13801 MHz, 0x0000000000000000, 426.18 W, 75 %, 31954 MiB
2026/10/01 03:55:45.279, 2857 MHz, 13801 MHz, 0x0000000000000000, 403.02 W, 46 %, 31954 MiB
2026/10/01 03:55:45.786, 2857 MHz, 13801 MHz, 0x0000000000000000, 370.06 W, 67 %, 31952 MiB
2026/10/01 03:55:46.300, 2857 MHz, 13801 MHz, 0x0000000000000000, 383.77 W, 57 %, 31952 MiB
2026/10/01 03:55:46.808, 2857 MHz, 13801 MHz, 0x0000000000000000, 384.73 W, 52 %, 31952 MiB
2026/10/01 03:55:47.320, 2857 MHz, 13801 MHz, 0x0000000000000000, 383.91 W, 58 %, 31952 MiB
2026/10/01 03:55:47.834, 2857 MHz, 13801 MHz, 0x0000000000000000, 387.67 W, 59 %, 31952 MiB
2026/10/01 03:55:48.345, 2865 MHz, 13801 MHz, 0x0000000000000004, 388.71 W, 63 %, 31952 MiB
2026/10/01 03:55:48.855, 2857 MHz, 13801 MHz, 0x0000000000000000, 365.02 W, 47 %, 31952 MiB
2026/10/01 03:55:49.368, 2857 MHz, 13801 MHz, 0x0000000000000000, 351.92 W, 55 %, 31952 MiB
2026/10/01 03:55:49.878, 2857 MHz, 13801 MHz, 0x0000000000000004, 369.20 W, 84 %, 31952 MiB
2026/10/01 03:55:50.389, 2865 MHz, 13801 MHz, 0x0000000000000004, 399.85 W, 99 %, 31952 MiB
2026/10/01 03:55:50.904, 2857 MHz, 13801 MHz, 0x0000000000000000, 418.57 W, 59 %, 31952 MiB
2026/10/01 03:55:51.416, 2850 MHz, 13801 MHz, 0x0000000000000000, 427.49 W, 59 %, 31952 MiB
2026/10/01 03:55:51.929, 2835 MHz, 13801 MHz, 0x0000000000000000, 432.08 W, 53 %, 31952 MiB
2026/10/01 03:55:52.439, 2865 MHz, 13801 MHz, 0x0000000000000000, 418.42 W, 61 %, 31952 MiB
2026/10/01 03:55:52.953, 2857 MHz, 13801 MHz, 0x0000000000000000, 399.18 W, 70 %, 31952 MiB
2026/10/01 03:55:53.465, 2850 MHz, 13801 MHz, 0x0000000000000000, 402.34 W, 57 %, 31952 MiB
2026/10/01 03:55:53.979, 2857 MHz, 13801 MHz, 0x0000000000000004, 404.88 W, 97 %, 31952 MiB
2026/10/01 03:55:54.491, 2842 MHz, 13801 MHz, 0x0000000000000000, 422.14 W, 73 %, 31952 MiB
2026/10/01 03:55:55.006, 2887 MHz, 13801 MHz, 0x0000000000000000, 341.56 W, 2 %, 31952 MiB
2026/10/01 03:55:55.520, 2925 MHz, 13801 MHz, 0x0000000000000000, 171.01 W, 2 %, 31952 MiB
2026/10/01 03:55:56.034, 2925 MHz, 13801 MHz, 0x0000000000000000, 105.50 W, 2 %, 31952 MiB
2026/10/01 03:55:56.550, 2925 MHz, 13801 MHz, 0x0000000000000000, 104.87 W, 2 %, 31952 MiB
2026/10/01 03:55:57.062, 1050 MHz, 7001 MHz, 0x0000000000000000, 80.78 W, 2 %, 31952 MiB
2026/10/01 03:55:57.577, 1020 MHz, 7001 MHz, 0x0000000000000000, 58.22 W, 2 %, 31952 MiB
2026/10/01 03:55:58.089, 825 MHz, 7001 MHz, 0x0000000000000000, 53.20 W, 3 %, 31952 MiB
2026/10/01 03:55:58.590, 780 MHz, 7001 MHz, 0x0000000000000000, 52.43 W, 2 %, 31952 MiB
2026/10/01 03:55:59.104, 795 MHz, 7001 MHz, 0x0000000000000000, 48.96 W, 2 %, 31952 MiB
2026/10/01 03:55:59.616, 795 MHz, 7001 MHz, 0x0000000000000000, 49.80 W, 2 %, 31952 MiB
2026/10/01 03:56:00.130, 810 MHz, 7001 MHz, 0x0000000000000000, 50.49 W, 2 %, 31952 MiB
2026/10/01 03:56:00.646, 795 MHz, 7001 MHz, 0x0000000000000000, 50.62 W, 2 %, 31952 MiB
2026/10/01 03:56:01.157, 645 MHz, 810 MHz, 0x0000000000000000, 49.10 W, 2 %, 31952 MiB
2026/10/01 03:56:01.669, 622 MHz, 810 MHz, 0x0000000000000000, 45.30 W, 2 %, 31957 MiB
2026/10/01 03:56:02.181, 607 MHz, 810 MHz, 0x0000000000000000, 42.98 W, 2 %, 31952 MiB
2026/10/01 03:56:02.685, 615 MHz, 810 MHz, 0x0000000000000000, 42.94 W, 2 %, 31952 MiB
2026/10/01 03:56:03.200, 600 MHz, 405 MHz, 0x0000000000000000, 42.74 W, 2 %, 31952 MiB
2026/10/01 03:56:03.714, 637 MHz, 405 MHz, 0x0000000000000000, 42.88 W, 2 %, 31952 MiB
2026/10/01 03:56:04.226, 690 MHz, 405 MHz, 0x0000000000000000, 43.83 W, 2 %, 31952 MiB
2026/10/01 03:56:04.738, 622 MHz, 405 MHz, 0x0000000000000000, 43.88 W, 2 %, 31952 MiB
2026/10/01 03:56:05.253, 712 MHz, 405 MHz, 0x0000000000000000, 43.84 W, 2 %, 31952 MiB
2026/10/01 03:56:05.763, 600 MHz, 405 MHz, 0x0000000000000000, 42.81 W, 2 %, 31952 MiB
2026/10/01 03:56:06.277, 585 MHz, 405 MHz, 0x0000000000000000, 41.55 W, 2 %, 31952 MiB
2026/10/01 03:56:06.789, 645 MHz, 405 MHz, 0x0000000000000000, 41.51 W, 2 %, 31952 MiB
2026/10/01 03:56:07.303, 690 MHz, 405 MHz, 0x0000000000000000, 42.51 W, 2 %, 31952 MiB
2026/10/01 03:56:07.818, 585 MHz, 405 MHz, 0x0000000000000000, 42.40 W, 2 %, 31952 MiB
2026/10/01 03:56:08.330, 592 MHz, 405 MHz, 0x0000000000000000, 41.01 W, 2 %, 31952 MiB
2026/10/01 03:56:08.831, 637 MHz, 405 MHz, 0x0000000000000000, 41.06 W, 2 %, 31952 MiB
2026/10/01 03:56:09.343, 660 MHz, 405 MHz, 0x0000000000000000, 41.80 W, 2 %, 31952 MiB
2026/10/01 03:56:09.860, 652 MHz, 405 MHz, 0x0000000000000000, 42.27 W, 2 %, 31952 MiB
2026/10/01 03:56:10.362, 742 MHz, 405 MHz, 0x0000000000000000, 43.25 W, 2 %, 31952 MiB
2026/10/01 03:56:10.875, 712 MHz, 405 MHz, 0x0000000000000000, 47.87 W, 54 %, 31952 MiB
2026/10/01 03:56:11.388, 2910 MHz, 13801 MHz, 0x0000000000000000, 165.82 W, 93 %, 31952 MiB
2026/10/01 03:56:11.890, 2910 MHz, 13801 MHz, 0x0000000000000000, 310.39 W, 95 %, 31952 MiB
2026/10/01 03:56:12.402, 2910 MHz, 13801 MHz, 0x0000000000000000, 356.22 W, 76 %, 31952 MiB
2026/10/01 03:56:12.916, 2910 MHz, 13801 MHz, 0x0000000000000000, 357.04 W, 95 %, 31952 MiB
2026/10/01 03:56:13.417, 2910 MHz, 13801 MHz, 0x0000000000000000, 362.04 W, 94 %, 31952 MiB
2026/10/01 03:56:13.932, 2910 MHz, 13801 MHz, 0x0000000000000000, 353.41 W, 94 %, 31952 MiB
2026/10/01 03:56:14.444, 2910 MHz, 13801 MHz, 0x0000000000000000, 353.32 W, 95 %, 31952 MiB
2026/10/01 03:56:14.956, 2910 MHz, 13801 MHz, 0x0000000000000000, 363.03 W, 93 %, 31952 MiB
2026/10/01 03:56:15.470, 2910 MHz, 13801 MHz, 0x0000000000000000, 359.02 W, 95 %, 31952 MiB
2026/10/01 03:56:15.985, 2910 MHz, 13801 MHz, 0x0000000000000000, 359.30 W, 95 %, 31952 MiB
2026/10/01 03:56:16.499, 2910 MHz, 13801 MHz, 0x0000000000000000, 361.56 W, 80 %, 31952 MiB
2026/10/01 03:56:17.008, 2910 MHz, 13801 MHz, 0x0000000000000000, 360.68 W, 95 %, 31952 MiB
2026/10/01 03:56:17.521, 2910 MHz, 13801 MHz, 0x0000000000000000, 360.73 W, 95 %, 31952 MiB
2026/10/01 03:56:18.033, 2910 MHz, 13801 MHz, 0x0000000000000000, 355.99 W, 95 %, 31952 MiB
2026/10/01 03:56:18.548, 2910 MHz, 13801 MHz, 0x0000000000000000, 355.13 W, 95 %, 31952 MiB
2026/10/01 03:56:19.059, 2910 MHz, 13801 MHz, 0x0000000000000000, 365.83 W, 95 %, 31952 MiB
2026/10/01 03:56:19.560, 2910 MHz, 13801 MHz, 0x0000000000000000, 360.56 W, 95 %, 31952 MiB
2026/10/01 03:56:20.061, 2910 MHz, 13801 MHz, 0x0000000000000000, 360.38 W, 95 %, 31952 MiB
2026/10/01 03:56:20.575, 2910 MHz, 13801 MHz, 0x0000000000000000, 364.12 W, 88 %, 31952 MiB
2026/10/01 03:56:21.089, 2910 MHz, 13801 MHz, 0x0000000000000000, 360.48 W, 95 %, 31952 MiB
2026/10/01 03:56:21.599, 2910 MHz, 13801 MHz, 0x0000000000000000, 361.25 W, 95 %, 31952 MiB
2026/10/01 03:56:22.112, 2910 MHz, 13801 MHz, 0x0000000000000000, 320.65 W, 2 %, 31952 MiB
2026/10/01 03:56:22.627, 2925 MHz, 13801 MHz, 0x0000000000000000, 187.96 W, 2 %, 10808 MiB
2026/10/01 03:56:23.139, 2925 MHz, 14001 MHz, 0x0000000000000000, 100.82 W, 3 %, 439 MiB
2026/10/01 03:56:23.654, 2925 MHz, 14001 MHz, 0x0000000000000000, 100.13 W, 2 %, 439 MiB
2026/10/01 03:56:24.164, 1747 MHz, 14001 MHz, 0x0000000000000000, 86.50 W, 2 %, 439 MiB
2026/10/01 03:56:24.677, 922 MHz, 810 MHz, 0x0000000000000000, 62.07 W, 2 %, 439 MiB
2026/10/01 03:56:25.192, 862 MHz, 810 MHz, 0x0000000000000000, 46.14 W, 2 %, 439 MiB
2026/10/01 03:56:25.706, 832 MHz, 810 MHz, 0x0000000000000000, 42.35 W, 2 %, 439 MiB
2026/10/01 03:56:26.219, 780 MHz, 810 MHz, 0x0000000000000000, 42.44 W, 2 %, 439 MiB
2026/10/01 03:56:26.732, 750 MHz, 405 MHz, 0x0000000000000000, 42.25 W, 2 %, 439 MiB
2026/10/01 03:56:27.247, 697 MHz, 405 MHz, 0x0000000000000000, 41.86 W, 2 %, 439 MiB
2026/10/01 03:56:27.760, 645 MHz, 405 MHz, 0x0000000000000000, 41.57 W, 3 %, 439 MiB
2026/10/01 03:56:28.274, 652 MHz, 405 MHz, 0x0000000000000000, 41.07 W, 2 %, 439 MiB
2026/10/01 03:56:28.782, 585 MHz, 405 MHz, 0x0000000000000000, 40.38 W, 2 %, 439 MiB
2026/10/01 03:56:29.292, 577 MHz, 405 MHz, 0x0000000000000000, 39.31 W, 2 %, 439 MiB
2026/10/01 03:56:29.801, 570 MHz, 405 MHz, 0x0000000000000000, 39.31 W, 2 %, 439 MiB
2026/10/01 03:56:30.313, 615 MHz, 405 MHz, 0x0000000000000000, 39.83 W, 2 %, 439 MiB
2026/10/01 03:56:30.823, 600 MHz, 405 MHz, 0x0000000000000000, 39.86 W, 2 %, 439 MiB
2026/10/01 03:56:31.333, 622 MHz, 405 MHz, 0x0000000000000000, 39.67 W, 2 %, 439 MiB
