2026/10/01 05:29:01.047, 180 MHz, 405 MHz, 0x0000000000000000, 11.23 W, 0 %, 203 MiB
2026/10/01 05:29:01.558, 180 MHz, 405 MHz, 0x0000000000000000, 12.50 W, 0 %, 203 MiB
2026/10/01 05:29:02.073, 180 MHz, 405 MHz, 0x0000000000000000, 12.87 W, 0 %, 203 MiB
2026/10/01 05:29:02.586, 180 MHz, 405 MHz, 0x0000000000000000, 12.87 W, 0 %, 203 MiB
2026/10/01 05:29:03.099, 180 MHz, 405 MHz, 0x0000000000000000, 11.71 W, 0 %, 208 MiB
2026/10/01 05:29:03.612, 180 MHz, 405 MHz, 0x0000000000000000, 12.27 W, 0 %, 208 MiB
2026/10/01 05:29:04.126, 180 MHz, 405 MHz, 0x0000000000000000, 13.75 W, 0 %, 203 MiB
2026/10/01 05:29:04.637, 187 MHz, 405 MHz, 0x0000000000000000, 13.81 W, 0 %, 203 MiB
2026/10/01 05:29:05.150, 180 MHz, 405 MHz, 0x0000000000000000, 13.73 W, 0 %, 203 MiB
2026/10/01 05:29:05.651, 180 MHz, 405 MHz, 0x0000000000000000, 13.08 W, 0 %, 203 MiB
2026/10/01 05:29:06.162, 180 MHz, 405 MHz, 0x0000000000000000, 13.04 W, 0 %, 203 MiB
2026/10/01 05:29:06.677, 180 MHz, 405 MHz, 0x0000000000000000, 13.16 W, 0 %, 203 MiB
2026/10/01 05:29:07.178, 180 MHz, 405 MHz, 0x0000000000000000, 13.16 W, 0 %, 203 MiB
2026/10/01 05:29:07.692, 180 MHz, 405 MHz, 0x0000000000000000, 11.46 W, 0 %, 203 MiB
2026/10/01 05:29:08.193, 180 MHz, 405 MHz, 0x0000000000000000, 11.46 W, 0 %, 203 MiB
2026/10/01 05:29:08.709, 180 MHz, 405 MHz, 0x0000000000000000, 12.19 W, 0 %, 203 MiB
2026/10/01 05:29:09.220, 180 MHz, 405 MHz, 0x0000000000000000, 12.53 W, 0 %, 203 MiB
2026/10/01 05:29:09.723, 180 MHz, 405 MHz, 0x0000000000000000, 12.53 W, 0 %, 203 MiB
2026/10/01 05:29:10.235, 180 MHz, 405 MHz, 0x0000000000000000, 11.42 W, 0 %, 203 MiB
2026/10/01 05:29:10.735, 180 MHz, 405 MHz, 0x0000000000000000, 12.05 W, 0 %, 203 MiB
2026/10/01 05:29:11.249, 180 MHz, 405 MHz, 0x0000000000000000, 12.37 W, 0 %, 203 MiB
2026/10/01 05:29:11.765, 180 MHz, 405 MHz, 0x0000000000000000, 12.37 W, 0 %, 203 MiB
2026/10/01 05:29:12.265, 180 MHz, 405 MHz, 0x0000000000000000, 11.05 W, 0 %, 203 MiB
2026/10/01 05:29:12.778, 180 MHz, 405 MHz, 0x0000000000000000, 11.05 W, 0 %, 203 MiB
2026/10/01 05:29:13.280, 180 MHz, 405 MHz, 0x0000000000000000, 11.22 W, 0 %, 203 MiB
2026/10/01 05:29:13.784, 180 MHz, 405 MHz, 0x0000000000000000, 11.22 W, 0 %, 203 MiB
2026/10/01 05:29:14.299, 180 MHz, 405 MHz, 0x0000000000000000, 10.99 W, 0 %, 203 MiB
2026/10/01 05:29:14.813, 180 MHz, 405 MHz, 0x0000000000000000, 10.99 W, 0 %, 203 MiB
2026/10/01 05:29:15.327, 180 MHz, 405 MHz, 0x0000000000000000, 10.99 W, 0 %, 203 MiB
2026/10/01 05:29:15.839, 180 MHz, 405 MHz, 0x0000000000000000, 11.13 W, 0 %, 203 MiB
2026/10/01 05:29:16.353, 180 MHz, 405 MHz, 0x0000000000000000, 11.72 W, 0 %, 203 MiB
2026/10/01 05:29:16.863, 180 MHz, 405 MHz, 0x0000000000000000, 12.65 W, 0 %, 203 MiB
2026/10/01 05:29:17.378, 180 MHz, 405 MHz, 0x0000000000000000, 12.65 W, 0 %, 203 MiB
2026/10/01 05:29:17.892, 180 MHz, 405 MHz, 0x0000000000000000, 11.05 W, 0 %, 203 MiB
2026/10/01 05:29:18.393, 180 MHz, 405 MHz, 0x0000000000000000, 11.05 W, 0 %, 203 MiB
2026/10/01 05:29:18.896, 180 MHz, 405 MHz, 0x0000000000000000, 10.95 W, 0 %, 203 MiB
2026/10/01 05:29:19.398, 180 MHz, 405 MHz, 0x0000000000000000, 10.95 W, 0 %, 203 MiB
2026/10/01 05:29:19.912, 180 MHz, 405 MHz, 0x0000000000000000, 11.34 W, 0 %, 203 MiB
2026/10/01 05:29:20.415, 180 MHz, 405 MHz, 0x0000000000000000, 11.87 W, 0 %, 203 MiB
2026/10/01 05:29:20.926, 180 MHz, 405 MHz, 0x0000000000000000, 11.99 W, 0 %, 203 MiB
2026/10/01 05:29:21.427, 180 MHz, 405 MHz, 0x0000000000000000, 11.99 W, 0 %, 203 MiB
2026/10/01 05:29:21.942, 180 MHz, 405 MHz, 0x0000000000000000, 10.95 W, 0 %, 203 MiB
2026/10/01 05:29:22.443, 180 MHz, 405 MHz, 0x0000000000000000, 10.95 W, 0 %, 203 MiB
2026/10/01 05:29:22.947, 180 MHz, 405 MHz, 0x0000000000000000, 10.95 W, 0 %, 203 MiB
2026/10/01 05:29:23.462, 180 MHz, 405 MHz, 0x0000000000000000, 10.95 W, 0 %, 203 MiB
2026/10/01 05:29:23.978, 180 MHz, 405 MHz, 0x0000000000000000, 10.98 W, 0 %, 206 MiB
2026/10/01 05:29:24.483, 180 MHz, 405 MHz, 0x0000000000000000, 11.15 W, 0 %, 206 MiB
2026/10/01 05:29:24.996, 180 MHz, 405 MHz, 0x0000000000000000, 11.97 W, 0 %, 203 MiB
2026/10/01 05:29:25.510, 180 MHz, 405 MHz, 0x0000000000000000, 12.81 W, 0 %, 203 MiB
2026/10/01 05:29:26.025, 180 MHz, 405 MHz, 0x0000000000000000, 13.01 W, 0 %, 203 MiB
2026/10/01 05:29:26.540, 180 MHz, 405 MHz, 0x0000000000000000, 12.96 W, 0 %, 203 MiB
2026/10/01 05:29:27.055, 180 MHz, 405 MHz, 0x0000000000000000, 12.01 W, 0 %, 203 MiB
2026/10/01 05:29:27.555, 180 MHz, 405 MHz, 0x0000000000000000, 12.12 W, 0 %, 203 MiB
2026/10/01 05:29:28.057, 180 MHz, 405 MHz, 0x0000000000000000, 12.23 W, 0 %, 203 MiB
2026/10/01 05:29:28.559, 180 MHz, 405 MHz, 0x0000000000000000, 12.23 W, 0 %, 203 MiB
2026/10/01 05:29:29.061, 180 MHz, 405 MHz, 0x0000000000000000, 10.84 W, 0 %, 203 MiB
2026/10/01 05:29:29.574, 180 MHz, 405 MHz, 0x0000000000000000, 11.82 W, 0 %, 203 MiB
2026/10/01 05:29:30.075, 180 MHz, 405 MHz, 0x0000000000000000, 12.11 W, 0 %, 203 MiB
2026/10/01 05:29:30.586, 172 MHz, 405 MHz, 0x0000000000000000, 12.74 W, 0 %, 203 MiB
2026/10/01 05:29:31.101, 172 MHz, 405 MHz, 0x0000000000000000, 12.74 W, 0 %, 203 MiB
2026/10/01 05:29:31.603, 180 MHz, 405 MHz, 0x0000000000000000, 11.06 W, 0 %, 203 MiB
2026/10/01 05:29:32.104, 180 MHz, 405 MHz, 0x0000000000000000, 11.06 W, 0 %, 203 MiB
2026/10/01 05:29:32.618, 180 MHz, 405 MHz, 0x0000000000000000, 10.96 W, 0 %, 203 MiB
2026/10/01 05:29:33.133, 180 MHz, 405 MHz, 0x0000000000000000, 10.96 W, 0 %, 203 MiB
2026/10/01 05:29:33.636, 180 MHz, 405 MHz, 0x0000000000000000, 11.28 W, 0 %, 203 MiB
2026/10/01 05:29:34.136, 180 MHz, 405 MHz, 0x0000000000000000, 11.66 W, 0 %, 203 MiB
2026/10/01 05:29:34.651, 180 MHz, 405 MHz, 0x0000000000000000, 11.73 W, 0 %, 203 MiB
2026/10/01 05:29:35.164, 180 MHz, 405 MHz, 0x0000000000000000, 11.73 W, 0 %, 203 MiB
2026/10/01 05:29:35.679, 180 MHz, 405 MHz, 0x0000000000000000, 11.06 W, 0 %, 203 MiB
2026/10/01 05:29:36.192, 180 MHz, 405 MHz, 0x0000000000000000, 11.06 W, 0 %, 203 MiB
2026/10/01 05:29:36.705, 180 MHz, 405 MHz, 0x0000000000000000, 10.80 W, 0 %, 203 MiB
2026/10/01 05:29:37.218, 180 MHz, 405 MHz, 0x0000000000000000, 10.80 W, 0 %, 203 MiB
2026/10/01 05:29:37.728, 180 MHz, 405 MHz, 0x0000000000000000, 10.71 W, 0 %, 203 MiB
2026/10/01 05:29:38.243, 180 MHz, 405 MHz, 0x0000000000000000, 10.71 W, 0 %, 203 MiB
2026/10/01 05:29:38.745, 180 MHz, 405 MHz, 0x0000000000000000, 10.73 W, 0 %, 203 MiB
2026/10/01 05:29:39.258, 180 MHz, 405 MHz, 0x0000000000000000, 10.73 W, 0 %, 203 MiB
2026/10/01 05:29:39.761, 180 MHz, 405 MHz, 0x0000000000000000, 10.72 W, 0 %, 203 MiB
2026/10/01 05:29:40.264, 180 MHz, 405 MHz, 0x0000000000000000, 10.72 W, 0 %, 203 MiB
2026/10/01 05:29:40.768, 180 MHz, 405 MHz, 0x0000000000000000, 11.39 W, 0 %, 203 MiB
2026/10/01 05:29:41.280, 180 MHz, 405 MHz, 0x0000000000000000, 11.82 W, 0 %, 203 MiB
2026/10/01 05:29:41.793, 180 MHz, 405 MHz, 0x0000000000000000, 11.82 W, 0 %, 203 MiB
2026/10/01 05:29:42.306, 180 MHz, 405 MHz, 0x0000000000000000, 10.95 W, 0 %, 203 MiB
2026/10/01 05:29:42.819, 180 MHz, 405 MHz, 0x0000000000000000, 10.95 W, 0 %, 203 MiB
2026/10/01 05:29:43.330, 180 MHz, 405 MHz, 0x0000000000000000, 10.82 W, 0 %, 203 MiB
2026/10/01 05:29:43.831, 180 MHz, 405 MHz, 0x0000000000000000, 11.51 W, 0 %, 203 MiB
2026/10/01 05:29:44.344, 180 MHz, 14001 MHz, 0x0000000000000000, 13.63 W, 3 %, 11516 MiB
2026/10/01 05:29:44.855, 2527 MHz, 13801 MHz, 0x0000000000000000, 44.75 W, 0 %, 17784 MiB
2026/10/01 05:29:45.364, 2940 MHz, 13801 MHz, 0x0000000000000000, 81.05 W, 1 %, 17789 MiB
2026/10/01 05:29:45.875, 2940 MHz, 13801 MHz, 0x0000000000000000, 92.54 W, 1 %, 17784 MiB
2026/10/01 05:29:46.389, 2940 MHz, 13801 MHz, 0x0000000000000000, 92.58 W, 0 %, 17784 MiB
2026/10/01 05:29:46.890, 2715 MHz, 13801 MHz, 0x0000000000000000, 83.07 W, 1 %, 17784 MiB
2026/10/01 05:29:47.405, 2400 MHz, 13801 MHz, 0x0000000000000000, 66.62 W, 1 %, 17784 MiB
2026/10/01 05:29:47.919, 2400 MHz, 13801 MHz, 0x0000000000000000, 59.69 W, 1 %, 17784 MiB
2026/10/01 05:29:48.433, 2400 MHz, 13801 MHz, 0x0000000000000000, 59.50 W, 1 %, 17784 MiB
2026/10/01 05:29:48.947, 2400 MHz, 13801 MHz, 0x0000000000000000, 59.20 W, 1 %, 17784 MiB
2026/10/01 05:29:49.459, 2400 MHz, 13801 MHz, 0x0000000000000000, 59.06 W, 1 %, 17784 MiB
2026/10/01 05:29:49.974, 2400 MHz, 13801 MHz, 0x0000000000000000, 58.96 W, 0 %, 17784 MiB
2026/10/01 05:29:50.487, 2400 MHz, 13801 MHz, 0x0000000000000000, 59.37 W, 1 %, 17784 MiB
2026/10/01 05:29:50.988, 2400 MHz, 13801 MHz, 0x0000000000000000, 59.77 W, 0 %, 17784 MiB
2026/10/01 05:29:51.491, 1770 MHz, 810 MHz, 0x0000000000000000, 51.36 W, 3 %, 17784 MiB
2026/10/01 05:29:52.003, 465 MHz, 810 MHz, 0x0000000000000000, 33.47 W, 4 %, 17784 MiB
2026/10/01 05:29:52.505, 345 MHz, 810 MHz, 0x0000000000000000, 17.76 W, 4 %, 17784 MiB
2026/10/01 05:29:53.007, 270 MHz, 810 MHz, 0x0000000000000000, 14.54 W, 5 %, 17784 MiB
2026/10/01 05:29:53.522, 195 MHz, 405 MHz, 0x0000000000000000, 14.54 W, 6 %, 17784 MiB
2026/10/01 05:29:54.026, 180 MHz, 405 MHz, 0x0000000000000000, 14.12 W, 8 %, 17784 MiB
2026/10/01 05:29:54.541, 180 MHz, 405 MHz, 0x0000000000000000, 13.39 W, 1 %, 17784 MiB
2026/10/01 05:29:55.044, 180 MHz, 405 MHz, 0x0000000000000000, 13.24 W, 10 %, 17784 MiB
2026/10/01 05:29:55.558, 180 MHz, 405 MHz, 0x0000000000000000, 13.42 W, 7 %, 17784 MiB
2026/10/01 05:29:56.073, 180 MHz, 405 MHz, 0x0000000000000000, 13.44 W, 10 %, 17784 MiB
2026/10/01 05:29:56.587, 180 MHz, 405 MHz, 0x0000000000000000, 13.35 W, 4 %, 17784 MiB
2026/10/01 05:29:57.101, 180 MHz, 405 MHz, 0x0000000000000000, 12.92 W, 1 %, 17784 MiB
2026/10/01 05:29:57.614, 180 MHz, 405 MHz, 0x0000000000000000, 12.95 W, 10 %, 17784 MiB
2026/10/01 05:29:58.115, 180 MHz, 405 MHz, 0x0000000000000000, 13.34 W, 8 %, 17784 MiB
2026/10/01 05:29:58.615, 180 MHz, 405 MHz, 0x0000000000000000, 13.34 W, 6 %, 17784 MiB
2026/10/01 05:29:59.117, 180 MHz, 405 MHz, 0x0000000000000000, 13.14 W, 9 %, 17784 MiB
2026/10/01 05:29:59.620, 217 MHz, 405 MHz, 0x0000000000000000, 13.29 W, 3 %, 17784 MiB
2026/10/01 05:30:00.134, 180 MHz, 405 MHz, 0x0000000000000000, 13.34 W, 5 %, 17784 MiB
2026/10/01 05:30:00.634, 195 MHz, 405 MHz, 0x0000000000000000, 13.45 W, 10 %, 17784 MiB
2026/10/01 05:30:01.148, 187 MHz, 405 MHz, 0x0000000000000000, 13.58 W, 10 %, 17784 MiB
2026/10/01 05:30:01.652, 180 MHz, 405 MHz, 0x0000000000000000, 13.26 W, 2 %, 17784 MiB
2026/10/01 05:30:02.154, 180 MHz, 405 MHz, 0x0000000000000000, 13.15 W, 9 %, 17784 MiB
2026/10/01 05:30:02.655, 180 MHz, 405 MHz, 0x0000000000000000, 13.31 W, 7 %, 17784 MiB
2026/10/01 05:30:03.157, 180 MHz, 405 MHz, 0x0000000000000000, 13.36 W, 9 %, 17784 MiB
2026/10/01 05:30:03.670, 195 MHz, 405 MHz, 0x0000000000000000, 13.43 W, 11 %, 17784 MiB
2026/10/01 05:30:04.172, 180 MHz, 405 MHz, 0x0000000000000000, 13.48 W, 8 %, 17784 MiB
2026/10/01 05:30:04.685, 210 MHz, 405 MHz, 0x0000000000000000, 13.46 W, 10 %, 17784 MiB
2026/10/01 05:30:05.198, 180 MHz, 405 MHz, 0x0000000000000000, 13.45 W, 5 %, 17784 MiB
2026/10/01 05:30:05.713, 180 MHz, 405 MHz, 0x0000000000000000, 13.37 W, 6 %, 17784 MiB
2026/10/01 05:30:06.228, 180 MHz, 405 MHz, 0x0000000000000000, 13.43 W, 6 %, 17789 MiB
2026/10/01 05:30:06.738, 172 MHz, 405 MHz, 0x0000000000000000, 13.33 W, 2 %, 17784 MiB
2026/10/01 05:30:07.253, 180 MHz, 405 MHz, 0x0000000000000000, 13.00 W, 3 %, 17784 MiB
2026/10/01 05:30:07.754, 202 MHz, 405 MHz, 0x0000000000000000, 13.25 W, 10 %, 17784 MiB
2026/10/01 05:30:08.268, 180 MHz, 405 MHz, 0x0000000000000000, 13.46 W, 8 %, 17784 MiB
2026/10/01 05:30:08.768, 195 MHz, 405 MHz, 0x0000000000000000, 13.27 W, 8 %, 17784 MiB
2026/10/01 05:30:09.269, 180 MHz, 405 MHz, 0x0000000000000000, 13.37 W, 4 %, 17784 MiB
2026/10/01 05:30:09.783, 210 MHz, 405 MHz, 0x0000000000000000, 13.31 W, 6 %, 17784 MiB
2026/10/01 05:30:10.296, 180 MHz, 405 MHz, 0x0000000000000000, 13.09 W, 6 %, 17784 MiB
2026/10/01 05:30:10.798, 180 MHz, 405 MHz, 0x0000000000000000, 13.07 W, 6 %, 17784 MiB
2026/10/01 05:30:11.313, 217 MHz, 405 MHz, 0x0000000000000000, 13.30 W, 7 %, 17784 MiB
2026/10/01 05:30:11.826, 180 MHz, 405 MHz, 0x0000000000000000, 13.16 W, 10 %, 17784 MiB
2026/10/01 05:30:12.342, 180 MHz, 405 MHz, 0x0000000000000000, 13.10 W, 2 %, 17784 MiB
2026/10/01 05:30:12.842, 180 MHz, 405 MHz, 0x0000000000000000, 13.12 W, 10 %, 17784 MiB
2026/10/01 05:30:13.357, 180 MHz, 405 MHz, 0x0000000000000000, 13.21 W, 3 %, 17784 MiB
2026/10/01 05:30:13.869, 180 MHz, 405 MHz, 0x0000000000000000, 13.08 W, 10 %, 17784 MiB
2026/10/01 05:30:14.373, 195 MHz, 405 MHz, 0x0000000000000000, 12.99 W, 4 %, 17784 MiB
2026/10/01 05:30:14.875, 187 MHz, 405 MHz, 0x0000000000000000, 12.97 W, 10 %, 17784 MiB
2026/10/01 05:30:15.378, 180 MHz, 405 MHz, 0x0000000000000000, 12.97 W, 6 %, 17784 MiB
2026/10/01 05:30:15.892, 180 MHz, 405 MHz, 0x0000000000000000, 13.15 W, 7 %, 17784 MiB
2026/10/01 05:30:16.405, 180 MHz, 405 MHz, 0x0000000000000000, 13.13 W, 3 %, 17784 MiB
2026/10/01 05:30:16.916, 180 MHz, 405 MHz, 0x0000000000000000, 12.89 W, 7 %, 17784 MiB
2026/10/01 05:30:17.430, 195 MHz, 405 MHz, 0x0000000000000000, 13.03 W, 9 %, 17784 MiB
2026/10/01 05:30:17.946, 195 MHz, 405 MHz, 0x0000000000000000, 13.08 W, 10 %, 17784 MiB
2026/10/01 05:30:18.447, 180 MHz, 405 MHz, 0x0000000000000000, 12.83 W, 9 %, 17784 MiB
2026/10/01 05:30:18.961, 180 MHz, 405 MHz, 0x0000000000000000, 12.84 W, 10 %, 17784 MiB
2026/10/01 05:30:19.476, 180 MHz, 405 MHz, 0x0000000000000000, 12.75 W, 11 %, 17784 MiB
2026/10/01 05:30:19.977, 180 MHz, 405 MHz, 0x0000000000000000, 12.62 W, 10 %, 17784 MiB
2026/10/01 05:30:20.492, 180 MHz, 405 MHz, 0x0000000000000000, 12.58 W, 3 %, 17784 MiB
2026/10/01 05:30:21.006, 180 MHz, 405 MHz, 0x0000000000000000, 12.54 W, 6 %, 17784 MiB
2026/10/01 05:30:21.521, 180 MHz, 405 MHz, 0x0000000000000000, 12.46 W, 7 %, 17784 MiB
2026/10/01 05:30:22.037, 180 MHz, 405 MHz, 0x0000000000000000, 12.48 W, 5 %, 17784 MiB
2026/10/01 05:30:22.552, 202 MHz, 405 MHz, 0x0000000000000000, 12.53 W, 9 %, 17784 MiB
2026/10/01 05:30:23.067, 180 MHz, 405 MHz, 0x0000000000000000, 12.46 W, 3 %, 17784 MiB
2026/10/01 05:30:23.582, 187 MHz, 405 MHz, 0x0000000000000000, 12.67 W, 4 %, 17784 MiB
2026/10/01 05:30:24.084, 180 MHz, 405 MHz, 0x0000000000000000, 12.80 W, 10 %, 17784 MiB
2026/10/01 05:30:24.598, 195 MHz, 405 MHz, 0x0000000000000000, 12.75 W, 3 %, 17784 MiB
2026/10/01 05:30:25.101, 180 MHz, 405 MHz, 0x0000000000000000, 12.89 W, 9 %, 17784 MiB
2026/10/01 05:30:25.615, 210 MHz, 405 MHz, 0x0000000000000000, 13.24 W, 6 %, 17784 MiB
2026/10/01 05:30:26.122, 180 MHz, 405 MHz, 0x0000000000000000, 13.25 W, 3 %, 17784 MiB
2026/10/01 05:30:26.635, 202 MHz, 405 MHz, 0x0000000000000000, 13.10 W, 5 %, 17784 MiB
2026/10/01 05:30:27.147, 172 MHz, 405 MHz, 0x0000000000000000, 13.18 W, 7 %, 17789 MiB
2026/10/01 05:30:27.660, 180 MHz, 405 MHz, 0x0000000000000000, 13.05 W, 8 %, 17789 MiB
2026/10/01 05:30:28.176, 225 MHz, 405 MHz, 0x0000000000000000, 13.13 W, 4 %, 17784 MiB
2026/10/01 05:30:28.691, 180 MHz, 405 MHz, 0x0000000000000000, 13.06 W, 9 %, 17784 MiB
2026/10/01 05:30:29.193, 195 MHz, 405 MHz, 0x0000000000000000, 12.68 W, 3 %, 17784 MiB
2026/10/01 05:30:29.704, 195 MHz, 405 MHz, 0x0000000000000000, 12.73 W, 5 %, 17784 MiB
2026/10/01 05:30:30.216, 180 MHz, 405 MHz, 0x0000000000000000, 12.80 W, 8 %, 17784 MiB
2026/10/01 05:30:30.718, 202 MHz, 405 MHz, 0x0000000000000000, 12.89 W, 8 %, 17784 MiB
2026/10/01 05:30:31.220, 180 MHz, 405 MHz, 0x0000000000000000, 12.77 W, 2 %, 17784 MiB
2026/10/01 05:30:31.734, 180 MHz, 405 MHz, 0x0000000000000000, 12.55 W, 7 %, 17784 MiB
2026/10/01 05:30:32.235, 195 MHz, 405 MHz, 0x0000000000000000, 12.79 W, 7 %, 17784 MiB
2026/10/01 05:30:32.750, 180 MHz, 405 MHz, 0x0000000000000000, 12.79 W, 8 %, 17784 MiB
2026/10/01 05:30:33.264, 180 MHz, 405 MHz, 0x0000000000000000, 12.44 W, 4 %, 17784 MiB
2026/10/01 05:30:33.766, 180 MHz, 405 MHz, 0x0000000000000000, 12.50 W, 8 %, 17784 MiB
2026/10/01 05:30:34.267, 195 MHz, 405 MHz, 0x0000000000000000, 12.57 W, 6 %, 17784 MiB
2026/10/01 05:30:34.781, 217 MHz, 405 MHz, 0x0000000000000000, 12.78 W, 8 %, 17784 MiB
2026/10/01 05:30:35.295, 195 MHz, 405 MHz, 0x0000000000000000, 12.80 W, 11 %, 17784 MiB
2026/10/01 05:30:35.795, 180 MHz, 405 MHz, 0x0000000000000000, 12.80 W, 4 %, 17784 MiB
2026/10/01 05:30:36.311, 180 MHz, 405 MHz, 0x0000000000000000, 12.74 W, 5 %, 17784 MiB
2026/10/01 05:30:36.824, 202 MHz, 405 MHz, 0x0000000000000000, 12.66 W, 9 %, 17784 MiB
2026/10/01 05:30:37.327, 180 MHz, 405 MHz, 0x0000000000000000, 12.65 W, 5 %, 17784 MiB
2026/10/01 05:30:37.843, 180 MHz, 405 MHz, 0x0000000000000000, 12.53 W, 4 %, 17784 MiB
2026/10/01 05:30:38.357, 187 MHz, 405 MHz, 0x0000000000000000, 12.60 W, 8 %, 17784 MiB
2026/10/01 05:30:38.857, 180 MHz, 405 MHz, 0x0000000000000000, 12.42 W, 6 %, 17784 MiB
2026/10/01 05:30:39.358, 195 MHz, 405 MHz, 0x0000000000000000, 12.35 W, 8 %, 17784 MiB
2026/10/01 05:30:39.874, 180 MHz, 405 MHz, 0x0000000000000000, 12.53 W, 10 %, 17784 MiB
2026/10/01 05:30:40.375, 180 MHz, 405 MHz, 0x0000000000000000, 12.61 W, 8 %, 17784 MiB
2026/10/01 05:30:40.888, 180 MHz, 405 MHz, 0x0000000000000000, 12.64 W, 3 %, 17784 MiB
2026/10/01 05:30:41.403, 210 MHz, 405 MHz, 0x0000000000000000, 12.64 W, 6 %, 17784 MiB
2026/10/01 05:30:41.916, 180 MHz, 405 MHz, 0x0000000000000000, 12.41 W, 3 %, 17784 MiB
2026/10/01 05:30:42.430, 180 MHz, 405 MHz, 0x0000000000000000, 12.35 W, 7 %, 17784 MiB
2026/10/01 05:30:42.932, 187 MHz, 405 MHz, 0x0000000000000000, 12.40 W, 3 %, 17784 MiB
2026/10/01 05:30:43.434, 180 MHz, 405 MHz, 0x0000000000000000, 12.36 W, 9 %, 17784 MiB
2026/10/01 05:30:43.949, 180 MHz, 405 MHz, 0x0000000000000000, 12.83 W, 7 %, 17875 MiB
2026/10/01 05:30:44.461, 232 MHz, 405 MHz, 0x0000000000000000, 14.07 W, 7 %, 17875 MiB
2026/10/01 05:30:44.974, 180 MHz, 405 MHz, 0x0000000000000000, 13.63 W, 7 %, 17875 MiB
2026/10/01 05:30:45.489, 195 MHz, 405 MHz, 0x0000000000000000, 12.71 W, 6 %, 17879 MiB
2026/10/01 05:30:46.002, 247 MHz, 405 MHz, 0x0000000000000000, 13.24 W, 14 %, 17828 MiB
2026/10/01 05:30:46.503, 315 MHz, 405 MHz, 0x0000000000000000, 14.38 W, 1 %, 17828 MiB
2026/10/01 05:30:47.017, 180 MHz, 405 MHz, 0x0000000000000000, 13.46 W, 2 %, 17845 MiB
2026/10/01 05:30:47.530, 195 MHz, 405 MHz, 0x0000000000000000, 12.57 W, 13 %, 17845 MiB
2026/10/01 05:30:48.039, 247 MHz, 405 MHz, 0x0000000000000000, 13.35 W, 6 %, 17875 MiB
2026/10/01 05:30:48.548, 1980 MHz, 13801 MHz, 0x0000000000000000, 30.21 W, 1 %, 17875 MiB
2026/10/01 05:30:49.061, 2400 MHz, 13801 MHz, 0x0000000000000000, 50.42 W, 0 %, 17873 MiB
2026/10/01 05:30:49.573, 2400 MHz, 13801 MHz, 0x0000000000000000, 58.47 W, 0 %, 17874 MiB
2026/10/01 05:30:50.078, 2392 MHz, 13801 MHz, 0x0000000000000000, 58.28 W, 0 %, 17877 MiB
2026/10/01 05:30:50.588, 1897 MHz, 810 MHz, 0x0000000000000000, 49.43 W, 2 %, 17877 MiB
2026/10/01 05:30:51.103, 375 MHz, 810 MHz, 0x0000000000000000, 16.78 W, 4 %, 17877 MiB
2026/10/01 05:30:51.603, 382 MHz, 810 MHz, 0x0000000000000000, 15.80 W, 5 %, 17889 MiB
2026/10/01 05:30:52.117, 337 MHz, 405 MHz, 0x0000000000000000, 17.82 W, 5 %, 17889 MiB
2026/10/01 05:30:52.618, 187 MHz, 405 MHz, 0x0000000000000000, 17.04 W, 3 %, 17889 MiB
2026/10/01 05:30:53.128, 172 MHz, 405 MHz, 0x0000000000000000, 14.06 W, 10 %, 17889 MiB
2026/10/01 05:30:53.640, 180 MHz, 405 MHz, 0x0000000000000000, 12.98 W, 1 %, 17889 MiB
2026/10/01 05:30:54.144, 180 MHz, 405 MHz, 0x0000000000000000, 12.79 W, 1 %, 17889 MiB
2026/10/01 05:30:54.659, 195 MHz, 405 MHz, 0x0000000000000000, 12.41 W, 1 %, 17888 MiB
2026/10/01 05:30:55.173, 180 MHz, 405 MHz, 0x0000000000000000, 12.07 W, 4 %, 17888 MiB
2026/10/01 05:30:55.674, 195 MHz, 405 MHz, 0x0000000000000000, 12.29 W, 6 %, 17888 MiB
2026/10/01 05:30:56.174, 187 MHz, 405 MHz, 0x0000000000000000, 12.62 W, 3 %, 17888 MiB
2026/10/01 05:30:56.689, 180 MHz, 405 MHz, 0x0000000000000000, 12.60 W, 8 %, 17888 MiB
2026/10/01 05:30:57.191, 210 MHz, 405 MHz, 0x0000000000000000, 12.65 W, 10 %, 17888 MiB
2026/10/01 05:30:57.693, 180 MHz, 405 MHz, 0x0000000000000000, 12.48 W, 3 %, 17888 MiB
2026/10/01 05:30:58.206, 180 MHz, 405 MHz, 0x0000000000000000, 11.96 W, 6 %, 17888 MiB
2026/10/01 05:30:58.707, 187 MHz, 405 MHz, 0x0000000000000000, 11.85 W, 8 %, 17888 MiB
2026/10/01 05:30:59.222, 187 MHz, 405 MHz, 0x0000000000000000, 11.97 W, 5 %, 17888 MiB
2026/10/01 05:30:59.725, 180 MHz, 405 MHz, 0x0000000000000000, 12.08 W, 3 %, 17888 MiB
2026/10/01 05:31:00.237, 180 MHz, 405 MHz, 0x0000000000000000, 11.93 W, 4 %, 17888 MiB
2026/10/01 05:31:00.753, 247 MHz, 405 MHz, 0x0000000000000000, 12.40 W, 9 %, 17888 MiB
2026/10/01 05:31:01.267, 180 MHz, 405 MHz, 0x0000000000000000, 13.02 W, 8 %, 17888 MiB
2026/10/01 05:31:01.780, 180 MHz, 405 MHz, 0x0000000000000000, 12.56 W, 6 %, 17888 MiB
2026/10/01 05:31:02.293, 180 MHz, 405 MHz, 0x0000000000000000, 12.80 W, 5 %, 17888 MiB
2026/10/01 05:31:02.807, 375 MHz, 405 MHz, 0x0000000000000000, 16.65 W, 7 %, 17888 MiB
2026/10/01 05:31:03.308, 285 MHz, 405 MHz, 0x0000000000000000, 21.72 W, 9 %, 17891 MiB
2026/10/01 05:31:03.809, 262 MHz, 405 MHz, 0x0000000000000000, 21.34 W, 2 %, 17891 MiB
2026/10/01 05:31:04.325, 180 MHz, 405 MHz, 0x0000000000000000, 14.89 W, 3 %, 17891 MiB
2026/10/01 05:31:04.840, 180 MHz, 405 MHz, 0x0000000000000000, 11.72 W, 0 %, 17891 MiB
2026/10/01 05:31:05.354, 180 MHz, 405 MHz, 0x0000000000000000, 11.69 W, 0 %, 22272 MiB
2026/10/01 05:31:05.869, 255 MHz, 405 MHz, 0x0000000000000000, 14.44 W, 0 %, 22272 MiB
2026/10/01 05:31:06.383, 202 MHz, 405 MHz, 0x0000000000000000, 18.87 W, 25 %, 23058 MiB
2026/10/01 05:31:06.896, 187 MHz, 405 MHz, 0x0000000000000000, 23.45 W, 0 %, 23314 MiB
2026/10/01 05:31:07.400, 180 MHz, 13801 MHz, 0x0000000000000000, 38.42 W, 67 %, 23314 MiB
2026/10/01 05:31:07.901, 2932 MHz, 13801 MHz, 0x0000000000000000, 125.96 W, 47 %, 23314 MiB
2026/10/01 05:31:08.412, 2932 MHz, 13801 MHz, 0x0000000000000000, 185.03 W, 4 %, 23314 MiB
2026/10/01 05:31:08.912, 2932 MHz, 13801 MHz, 0x0000000000000000, 160.62 W, 23 %, 23634 MiB
2026/10/01 05:31:09.426, 2940 MHz, 13801 MHz, 0x0000000000000000, 135.61 W, 0 %, 23639 MiB
2026/10/01 05:31:09.939, 2940 MHz, 13801 MHz, 0x0000000000000000, 111.42 W, 0 %, 23634 MiB
2026/10/01 05:31:10.452, 2932 MHz, 13801 MHz, 0x0000000000000000, 146.01 W, 48 %, 23634 MiB
2026/10/01 05:31:10.966, 2932 MHz, 13801 MHz, 0x0000000000000000, 209.38 W, 1 %, 23634 MiB
2026/10/01 05:31:11.482, 2925 MHz, 13801 MHz, 0x0000000000000000, 202.04 W, 0 %, 23634 MiB
2026/10/01 05:31:11.983, 2932 MHz, 13801 MHz, 0x0000000000000000, 226.59 W, 59 %, 23634 MiB
2026/10/01 05:31:12.498, 2925 MHz, 13801 MHz, 0x0000000000000000, 247.68 W, 0 %, 24210 MiB
2026/10/01 05:31:13.013, 2932 MHz, 13801 MHz, 0x0000000000000000, 244.00 W, 77 %, 24210 MiB
2026/10/01 05:31:13.528, 2932 MHz, 13801 MHz, 0x0000000000000000, 252.74 W, 78 %, 24210 MiB
2026/10/01 05:31:14.029, 2932 MHz, 13801 MHz, 0x0000000000000000, 231.76 W, 48 %, 24210 MiB
2026/10/01 05:31:14.544, 2940 MHz, 13801 MHz, 0x0000000000000000, 178.59 W, 99 %, 24212 MiB
2026/10/01 05:31:15.046, 2940 MHz, 13801 MHz, 0x0000000000000000, 142.78 W, 0 %, 24212 MiB
2026/10/01 05:31:15.556, 2932 MHz, 13801 MHz, 0x0000000000000000, 174.86 W, 71 %, 24212 MiB
2026/10/01 05:31:16.068, 2940 MHz, 13801 MHz, 0x0000000000000000, 159.01 W, 24 %, 24212 MiB
2026/10/01 05:31:16.582, 2932 MHz, 13801 MHz, 0x0000000000000000, 184.81 W, 54 %, 24212 MiB
2026/10/01 05:31:17.084, 2932 MHz, 13801 MHz, 0x0000000000000000, 190.83 W, 80 %, 24212 MiB
2026/10/01 05:31:17.594, 2940 MHz, 13801 MHz, 0x0000000000000000, 153.35 W, 0 %, 24212 MiB
2026/10/01 05:31:18.108, 2940 MHz, 13801 MHz, 0x0000000000000000, 92.32 W, 0 %, 24212 MiB
2026/10/01 05:31:18.609, 2940 MHz, 7001 MHz, 0x0000000000000000, 87.47 W, 0 %, 24212 MiB
2026/10/01 05:31:19.112, 532 MHz, 7001 MHz, 0x0000000000000000, 61.17 W, 0 %, 24212 MiB
2026/10/01 05:31:19.627, 1410 MHz, 13801 MHz, 0x0000000000000000, 75.16 W, 0 %, 24212 MiB
2026/10/01 05:31:20.130, 2940 MHz, 13801 MHz, 0x0000000000000000, 143.23 W, 100 %, 24212 MiB
2026/10/01 05:31:20.634, 2940 MHz, 13801 MHz, 0x0000000000000000, 130.55 W, 0 %, 24212 MiB
2026/10/01 05:31:21.137, 2932 MHz, 13801 MHz, 0x0000000000000000, 164.65 W, 0 %, 24212 MiB
2026/10/01 05:31:21.652, 2940 MHz, 13801 MHz, 0x0000000000000000, 135.05 W, 0 %, 24212 MiB
2026/10/01 05:31:22.158, 2917 MHz, 7001 MHz, 0x0000000000000000, 82.10 W, 0 %, 24212 MiB
2026/10/01 05:31:22.659, 1327 MHz, 7001 MHz, 0x0000000000000000, 94.51 W, 77 %, 24212 MiB
2026/10/01 05:31:23.175, 1695 MHz, 13801 MHz, 0x0000000000000000, 90.77 W, 22 %, 24212 MiB
2026/10/01 05:31:23.690, 2385 MHz, 13801 MHz, 0x0000000000000000, 132.80 W, 0 %, 24212 MiB
2026/10/01 05:31:24.204, 2917 MHz, 13801 MHz, 0x0000000000000000, 178.12 W, 0 %, 24212 MiB
2026/10/01 05:31:24.705, 2940 MHz, 13801 MHz, 0x0000000000000000, 192.41 W, 12 %, 24212 MiB
2026/10/01 05:31:25.206, 2940 MHz, 13801 MHz, 0x0000000000000000, 135.79 W, 0 %, 24212 MiB
2026/10/01 05:31:25.720, 2940 MHz, 13801 MHz, 0x0000000000000000, 92.41 W, 0 %, 24212 MiB
2026/10/01 05:31:26.230, 2932 MHz, 13801 MHz, 0x0000000000000000, 129.48 W, 0 %, 24212 MiB
2026/10/01 05:31:26.745, 2932 MHz, 13801 MHz, 0x0000000000000000, 167.27 W, 0 %, 24212 MiB
2026/10/01 05:31:27.258, 2932 MHz, 13801 MHz, 0x0000000000000000, 161.94 W, 0 %, 24212 MiB
2026/10/01 05:31:27.759, 2932 MHz, 13801 MHz, 0x0000000000000000, 205.16 W, 70 %, 24212 MiB
2026/10/01 05:31:28.260, 2932 MHz, 13801 MHz, 0x0000000000000000, 203.17 W, 0 %, 24212 MiB
2026/10/01 05:31:28.767, 2932 MHz, 13801 MHz, 0x0000000000000000, 194.91 W, 0 %, 24532 MiB
2026/10/01 05:31:29.282, 2925 MHz, 13801 MHz, 0x0000000000000000, 255.09 W, 0 %, 24532 MiB
2026/10/01 05:31:29.797, 2940 MHz, 13801 MHz, 0x0000000000000000, 211.98 W, 0 %, 24532 MiB
2026/10/01 05:31:30.312, 2940 MHz, 13801 MHz, 0x0000000000000000, 92.43 W, 0 %, 24534 MiB
2026/10/01 05:31:30.813, 2940 MHz, 13801 MHz, 0x0000000000000000, 92.37 W, 0 %, 24532 MiB
2026/10/01 05:31:31.326, 2902 MHz, 7001 MHz, 0x0000000000000000, 82.30 W, 0 %, 24532 MiB
2026/10/01 05:31:31.840, 525 MHz, 7001 MHz, 0x0000000000000000, 52.31 W, 0 %, 24532 MiB
2026/10/01 05:31:32.342, 412 MHz, 7001 MHz, 0x0000000000000000, 34.23 W, 0 %, 24532 MiB
2026/10/01 05:31:32.844, 367 MHz, 7001 MHz, 0x0000000000000000, 34.09 W, 0 %, 24532 MiB
2026/10/01 05:31:33.358, 367 MHz, 7001 MHz, 0x0000000000000000, 34.09 W, 0 %, 24532 MiB
2026/10/01 05:31:33.867, 232 MHz, 7001 MHz, 0x0000000000000000, 33.18 W, 0 %, 24532 MiB
2026/10/01 05:31:34.370, 232 MHz, 7001 MHz, 0x0000000000000000, 33.18 W, 0 %, 24532 MiB
2026/10/01 05:31:34.871, 180 MHz, 7001 MHz, 0x0000000000000000, 32.83 W, 0 %, 24532 MiB
2026/10/01 05:31:35.381, 180 MHz, 7001 MHz, 0x0000000000000000, 32.83 W, 0 %, 24532 MiB
2026/10/01 05:31:35.896, 180 MHz, 7001 MHz, 0x0000000000000000, 63.13 W, 100 %, 24532 MiB
2026/10/01 05:31:36.410, 2902 MHz, 13801 MHz, 0x0000000000000000, 181.72 W, 42 %, 28288 MiB
2026/10/01 05:31:36.923, 2940 MHz, 13801 MHz, 0x0000000000000000, 320.59 W, 0 %, 28322 MiB
2026/10/01 05:31:37.425, 2940 MHz, 13801 MHz, 0x0000000000000000, 116.55 W, 4 %, 28324 MiB
2026/10/01 05:31:37.936, 2940 MHz, 13801 MHz, 0x0000000000000000, 94.08 W, 0 %, 28324 MiB
2026/10/01 05:31:38.440, 2910 MHz, 7001 MHz, 0x0000000000000000, 83.95 W, 0 %, 28324 MiB
2026/10/01 05:31:38.956, 787 MHz, 7001 MHz, 0x0000000000000000, 56.52 W, 0 %, 28324 MiB
2026/10/01 05:31:39.456, 705 MHz, 7001 MHz, 0x0000000000000000, 35.64 W, 0 %, 28324 MiB
2026/10/01 05:31:39.968, 705 MHz, 7001 MHz, 0x0000000000000000, 35.64 W, 0 %, 28324 MiB
2026/10/01 05:31:40.482, 442 MHz, 7001 MHz, 0x0000000000000000, 34.08 W, 0 %, 28324 MiB
2026/10/01 05:31:40.998, 442 MHz, 7001 MHz, 0x0000000000000000, 34.08 W, 0 %, 28324 MiB
2026/10/01 05:31:41.513, 277 MHz, 7001 MHz, 0x0000000000000000, 33.79 W, 0 %, 28324 MiB
2026/10/01 05:31:42.014, 277 MHz, 7001 MHz, 0x0000000000000000, 33.79 W, 0 %, 28324 MiB
2026/10/01 05:31:42.515, 180 MHz, 7001 MHz, 0x0000000000000000, 33.33 W, 0 %, 28324 MiB
2026/10/01 05:31:43.016, 180 MHz, 7001 MHz, 0x0000000000000000, 33.33 W, 0 %, 28324 MiB
2026/10/01 05:31:43.517, 180 MHz, 7001 MHz, 0x0000000000000000, 32.95 W, 0 %, 28324 MiB
2026/10/01 05:31:44.028, 180 MHz, 7001 MHz, 0x0000000000000000, 32.95 W, 0 %, 28324 MiB
2026/10/01 05:31:44.543, 180 MHz, 810 MHz, 0x0000000000000000, 27.27 W, 0 %, 28324 MiB
2026/10/01 05:31:45.057, 180 MHz, 810 MHz, 0x0000000000000000, 27.27 W, 0 %, 28324 MiB
2026/10/01 05:31:45.557, 180 MHz, 810 MHz, 0x0000000000000000, 10.74 W, 0 %, 28324 MiB
2026/10/01 05:31:46.061, 180 MHz, 810 MHz, 0x0000000000000000, 10.74 W, 0 %, 28324 MiB
2026/10/01 05:31:46.576, 180 MHz, 405 MHz, 0x0000000000000000, 10.73 W, 0 %, 28324 MiB
2026/10/01 05:31:47.091, 180 MHz, 405 MHz, 0x0000000000000000, 10.73 W, 0 %, 28324 MiB
2026/10/01 05:31:47.606, 180 MHz, 405 MHz, 0x0000000000000000, 10.56 W, 0 %, 28324 MiB
2026/10/01 05:31:48.107, 180 MHz, 405 MHz, 0x0000000000000000, 10.75 W, 0 %, 28324 MiB
2026/10/01 05:31:48.607, 180 MHz, 405 MHz, 0x0000000000000000, 11.53 W, 0 %, 28324 MiB
2026/10/01 05:31:49.110, 180 MHz, 405 MHz, 0x0000000000000000, 11.57 W, 0 %, 28324 MiB
2026/10/01 05:31:49.625, 180 MHz, 405 MHz, 0x0000000000000000, 10.65 W, 0 %, 28324 MiB
2026/10/01 05:31:50.137, 180 MHz, 405 MHz, 0x0000000000000000, 10.65 W, 0 %, 28324 MiB
2026/10/01 05:31:50.652, 180 MHz, 405 MHz, 0x0000000000000000, 10.42 W, 0 %, 28324 MiB
2026/10/01 05:31:51.165, 195 MHz, 405 MHz, 0x0000000000000000, 10.49 W, 0 %, 28329 MiB
2026/10/01 05:31:51.678, 180 MHz, 405 MHz, 0x0000000000000000, 11.04 W, 0 %, 28329 MiB
2026/10/01 05:31:52.190, 180 MHz, 405 MHz, 0x0000000000000000, 11.90 W, 0 %, 28324 MiB
2026/10/01 05:31:52.692, 180 MHz, 405 MHz, 0x0000000000000000, 11.75 W, 0 %, 28324 MiB
2026/10/01 05:31:53.208, 180 MHz, 405 MHz, 0x0000000000000000, 11.77 W, 0 %, 28324 MiB
2026/10/01 05:31:53.722, 180 MHz, 405 MHz, 0x0000000000000000, 11.77 W, 0 %, 28324 MiB
2026/10/01 05:31:54.234, 180 MHz, 405 MHz, 0x0000000000000000, 10.48 W, 0 %, 28324 MiB
2026/10/01 05:31:54.742, 180 MHz, 405 MHz, 0x0000000000000000, 10.48 W, 0 %, 28324 MiB
2026/10/01 05:31:55.254, 180 MHz, 405 MHz, 0x0000000000000000, 10.42 W, 0 %, 28324 MiB
2026/10/01 05:31:55.766, 180 MHz, 405 MHz, 0x0000000000000000, 10.42 W, 0 %, 28324 MiB
2026/10/01 05:31:56.277, 180 MHz, 405 MHz, 0x0000000000000000, 10.35 W, 0 %, 28324 MiB
2026/10/01 05:31:56.786, 180 MHz, 405 MHz, 0x0000000000000000, 10.35 W, 0 %, 28324 MiB
2026/10/01 05:31:57.295, 180 MHz, 405 MHz, 0x0000000000000000, 10.31 W, 0 %, 28324 MiB
2026/10/01 05:31:57.804, 180 MHz, 405 MHz, 0x0000000000000000, 10.31 W, 0 %, 28324 MiB
2026/10/01 05:31:58.319, 180 MHz, 405 MHz, 0x0000000000000000, 10.32 W, 0 %, 28324 MiB
2026/10/01 05:31:58.821, 180 MHz, 405 MHz, 0x0000000000000000, 10.32 W, 0 %, 28324 MiB
2026/10/01 05:31:59.322, 180 MHz, 405 MHz, 0x0000000000000000, 10.34 W, 0 %, 28324 MiB
2026/10/01 05:31:59.827, 180 MHz, 405 MHz, 0x0000000000000000, 10.34 W, 0 %, 28324 MiB
2026/10/01 05:32:00.343, 180 MHz, 405 MHz, 0x0000000000000000, 10.37 W, 0 %, 28324 MiB
2026/10/01 05:32:00.858, 180 MHz, 405 MHz, 0x0000000000000000, 10.37 W, 0 %, 28324 MiB
2026/10/01 05:32:01.360, 180 MHz, 405 MHz, 0x0000000000000000, 10.32 W, 0 %, 28324 MiB
2026/10/01 05:32:01.862, 180 MHz, 405 MHz, 0x0000000000000000, 10.32 W, 0 %, 28324 MiB
2026/10/01 05:32:02.363, 180 MHz, 405 MHz, 0x0000000000000000, 10.37 W, 0 %, 28324 MiB
2026/10/01 05:32:02.878, 180 MHz, 405 MHz, 0x0000000000000000, 10.37 W, 0 %, 28324 MiB
2026/10/01 05:32:03.393, 180 MHz, 405 MHz, 0x0000000000000000, 10.34 W, 0 %, 28324 MiB
2026/10/01 05:32:03.906, 2932 MHz, 13801 MHz, 0x0000000000000000, 36.38 W, 13 %, 28346 MiB
2026/10/01 05:32:04.409, 2932 MHz, 13801 MHz, 0x0000000000000000, 91.38 W, 7 %, 28354 MiB
2026/10/01 05:32:04.924, 2940 MHz, 13801 MHz, 0x0000000000000000, 112.96 W, 0 %, 28356 MiB
2026/10/01 05:32:05.439, 2940 MHz, 13801 MHz, 0x0000000000000000, 117.36 W, 0 %, 28358 MiB
2026/10/01 05:32:05.953, 1207 MHz, 7001 MHz, 0x0000000000000000, 99.85 W, 0 %, 28362 MiB
2026/10/01 05:32:06.468, 1312 MHz, 7001 MHz, 0x0000000000000000, 62.62 W, 11 %, 28364 MiB
2026/10/01 05:32:06.984, 802 MHz, 7001 MHz, 0x0000000000000000, 46.40 W, 0 %, 28364 MiB
2026/10/01 05:32:07.497, 675 MHz, 7001 MHz, 0x0000000000000000, 45.10 W, 0 %, 28384 MiB
2026/10/01 05:32:07.998, 517 MHz, 7001 MHz, 0x0000000000000000, 34.57 W, 0 %, 28384 MiB
2026/10/01 05:32:08.511, 405 MHz, 7001 MHz, 0x0000000000000000, 34.01 W, 0 %, 28384 MiB
2026/10/01 05:32:09.027, 1080 MHz, 7001 MHz, 0x0000000000000000, 35.30 W, 11 %, 28386 MiB
2026/10/01 05:32:09.539, 2940 MHz, 13801 MHz, 0x0000000000000000, 146.52 W, 0 %, 28386 MiB
2026/10/01 05:32:10.051, 2940 MHz, 13801 MHz, 0x0000000000000000, 163.17 W, 0 %, 28386 MiB
2026/10/01 05:32:10.565, 2940 MHz, 13801 MHz, 0x0000000000000000, 92.68 W, 0 %, 28386 MiB
2026/10/01 05:32:11.077, 2940 MHz, 13801 MHz, 0x0000000000000000, 92.69 W, 0 %, 28386 MiB
2026/10/01 05:32:11.578, 510 MHz, 7001 MHz, 0x0000000000000000, 69.80 W, 0 %, 28386 MiB
2026/10/01 05:32:12.079, 420 MHz, 7001 MHz, 0x0000000000000000, 44.90 W, 0 %, 28391 MiB
2026/10/01 05:32:12.595, 375 MHz, 7001 MHz, 0x0000000000000000, 33.25 W, 0 %, 28391 MiB
2026/10/01 05:32:13.109, 270 MHz, 7001 MHz, 0x0000000000000000, 32.94 W, 0 %, 28386 MiB
2026/10/01 05:32:13.612, 210 MHz, 7001 MHz, 0x0000000000000000, 32.91 W, 0 %, 28386 MiB
2026/10/01 05:32:14.127, 180 MHz, 7001 MHz, 0x0000000000000000, 32.53 W, 0 %, 28386 MiB
2026/10/01 05:32:14.630, 180 MHz, 7001 MHz, 0x0000000000000000, 32.53 W, 0 %, 28386 MiB
2026/10/01 05:32:15.145, 180 MHz, 7001 MHz, 0x0000000000000000, 31.83 W, 0 %, 28386 MiB
2026/10/01 05:32:15.661, 180 MHz, 7001 MHz, 0x0000000000000000, 31.83 W, 0 %, 28386 MiB
2026/10/01 05:32:16.172, 180 MHz, 810 MHz, 0x0000000000000000, 30.72 W, 0 %, 28386 MiB
2026/10/01 05:32:16.673, 180 MHz, 810 MHz, 0x0000000000000000, 30.72 W, 0 %, 28386 MiB
2026/10/01 05:32:17.187, 180 MHz, 810 MHz, 0x0000000000000000, 21.14 W, 0 %, 28386 MiB
2026/10/01 05:32:17.698, 180 MHz, 810 MHz, 0x0000000000000000, 21.14 W, 0 %, 28386 MiB
2026/10/01 05:32:18.212, 180 MHz, 405 MHz, 0x0000000000000000, 10.55 W, 0 %, 28386 MiB
2026/10/01 05:32:18.724, 180 MHz, 405 MHz, 0x0000000000000000, 10.55 W, 0 %, 28386 MiB
2026/10/01 05:32:19.226, 180 MHz, 405 MHz, 0x0000000000000000, 10.47 W, 0 %, 28386 MiB
2026/10/01 05:32:19.729, 195 MHz, 405 MHz, 0x0000000000000000, 10.52 W, 0 %, 28386 MiB
2026/10/01 05:32:20.241, 180 MHz, 405 MHz, 0x0000000000000000, 10.91 W, 0 %, 28386 MiB
2026/10/01 05:32:20.755, 180 MHz, 405 MHz, 0x0000000000000000, 11.03 W, 0 %, 28386 MiB
2026/10/01 05:32:21.270, 180 MHz, 405 MHz, 0x0000000000000000, 11.03 W, 0 %, 28386 MiB
2026/10/01 05:32:21.773, 180 MHz, 405 MHz, 0x0000000000000000, 10.45 W, 0 %, 28386 MiB
2026/10/01 05:32:22.276, 180 MHz, 405 MHz, 0x0000000000000000, 10.45 W, 0 %, 28386 MiB
2026/10/01 05:32:22.791, 180 MHz, 405 MHz, 0x0000000000000000, 10.49 W, 0 %, 28386 MiB
2026/10/01 05:32:23.303, 180 MHz, 405 MHz, 0x0000000000000000, 10.49 W, 0 %, 28386 MiB
2026/10/01 05:32:23.805, 180 MHz, 405 MHz, 0x0000000000000000, 10.53 W, 0 %, 28386 MiB
2026/10/01 05:32:24.307, 180 MHz, 405 MHz, 0x0000000000000000, 10.53 W, 0 %, 28386 MiB
2026/10/01 05:32:24.822, 180 MHz, 405 MHz, 0x0000000000000000, 10.62 W, 0 %, 28386 MiB
2026/10/01 05:32:25.336, 1492 MHz, 405 MHz, 0x0000000000000000, 13.94 W, 98 %, 28386 MiB
2026/10/01 05:32:25.850, 2925 MHz, 13801 MHz, 0x0000000000000000, 132.11 W, 31 %, 28386 MiB
2026/10/01 05:32:26.354, 2940 MHz, 13801 MHz, 0x0000000000000000, 177.25 W, 0 %, 28386 MiB
2026/10/01 05:32:26.869, 2940 MHz, 13801 MHz, 0x0000000000000000, 106.01 W, 0 %, 28386 MiB
2026/10/01 05:32:27.369, 2940 MHz, 13801 MHz, 0x0000000000000000, 92.30 W, 0 %, 28386 MiB
2026/10/01 05:32:27.883, 645 MHz, 7001 MHz, 0x0000000000000000, 75.52 W, 0 %, 28386 MiB
2026/10/01 05:32:28.386, 502 MHz, 7001 MHz, 0x0000000000000000, 50.77 W, 0 %, 28386 MiB
2026/10/01 05:32:28.901, 502 MHz, 7001 MHz, 0x0000000000000000, 40.16 W, 0 %, 28386 MiB
2026/10/01 05:32:29.415, 502 MHz, 7001 MHz, 0x0000000000000000, 40.16 W, 0 %, 28386 MiB
2026/10/01 05:32:29.916, 322 MHz, 7001 MHz, 0x0000000000000000, 33.20 W, 0 %, 28386 MiB
2026/10/01 05:32:30.430, 322 MHz, 7001 MHz, 0x0000000000000000, 33.20 W, 0 %, 28386 MiB
2026/10/01 05:32:30.942, 202 MHz, 7001 MHz, 0x0000000000000000, 32.75 W, 0 %, 28386 MiB
2026/10/01 05:32:31.444, 202 MHz, 7001 MHz, 0x0000000000000000, 32.75 W, 0 %, 28386 MiB
2026/10/01 05:32:31.946, 187 MHz, 7001 MHz, 0x0000000000000000, 32.48 W, 0 %, 28386 MiB
2026/10/01 05:32:32.450, 180 MHz, 7001 MHz, 0x0000000000000000, 32.57 W, 0 %, 28386 MiB
2026/10/01 05:32:32.961, 217 MHz, 810 MHz, 0x0000000000000000, 31.99 W, 0 %, 29060 MiB
2026/10/01 05:32:33.472, 1605 MHz, 810 MHz, 0x0000000000000000, 33.25 W, 49 %, 29366 MiB
2026/10/01 05:32:33.984, 2902 MHz, 13801 MHz, 0x0000000000000004, 206.79 W, 100 %, 29364 MiB
2026/10/01 05:32:34.497, 2902 MHz, 13801 MHz, 0x0000000000000000, 398.41 W, 93 %, 29364 MiB
2026/10/01 05:32:35.004, 2902 MHz, 13801 MHz, 0x0000000000000000, 484.23 W, 92 %, 29364 MiB
2026/10/01 05:32:35.515, 2902 MHz, 13801 MHz, 0x0000000000000000, 478.19 W, 94 %, 29364 MiB
2026/10/01 05:32:36.024, 2902 MHz, 13801 MHz, 0x0000000000000000, 478.93 W, 93 %, 29364 MiB
2026/10/01 05:32:36.533, 2902 MHz, 13801 MHz, 0x0000000000000000, 479.61 W, 93 %, 29364 MiB
2026/10/01 05:32:37.044, 2902 MHz, 13801 MHz, 0x0000000000000000, 481.48 W, 95 %, 29364 MiB
2026/10/01 05:32:37.557, 2902 MHz, 13801 MHz, 0x0000000000000000, 481.22 W, 91 %, 29364 MiB
2026/10/01 05:32:38.064, 2902 MHz, 13801 MHz, 0x0000000000000000, 470.94 W, 93 %, 29364 MiB
2026/10/01 05:32:38.573, 2902 MHz, 13801 MHz, 0x0000000000000000, 470.32 W, 94 %, 29364 MiB
2026/10/01 05:32:39.083, 2902 MHz, 13801 MHz, 0x0000000000000000, 480.51 W, 92 %, 29364 MiB
2026/10/01 05:32:39.592, 2902 MHz, 13801 MHz, 0x0000000000000000, 481.49 W, 94 %, 29364 MiB
2026/10/01 05:32:40.099, 2902 MHz, 13801 MHz, 0x0000000000000000, 483.11 W, 93 %, 29364 MiB
2026/10/01 05:32:40.610, 2917 MHz, 13801 MHz, 0x0000000000000000, 457.78 W, 18 %, 29364 MiB
2026/10/01 05:32:41.118, 2902 MHz, 13801 MHz, 0x0000000000000000, 424.18 W, 92 %, 29364 MiB
2026/10/01 05:32:41.628, 2902 MHz, 13801 MHz, 0x0000000000000000, 449.18 W, 93 %, 29364 MiB
2026/10/01 05:32:42.134, 2902 MHz, 13801 MHz, 0x0000000000000000, 485.27 W, 94 %, 29364 MiB
2026/10/01 05:32:42.643, 2902 MHz, 13801 MHz, 0x0000000000000000, 485.09 W, 93 %, 29364 MiB
2026/10/01 05:32:43.152, 2902 MHz, 13801 MHz, 0x0000000000000000, 483.96 W, 93 %, 29364 MiB
2026/10/01 05:32:43.662, 2902 MHz, 13801 MHz, 0x0000000000000000, 479.00 W, 89 %, 29364 MiB
2026/10/01 05:32:44.171, 2902 MHz, 13801 MHz, 0x0000000000000000, 481.35 W, 94 %, 29364 MiB
2026/10/01 05:32:44.685, 2902 MHz, 13801 MHz, 0x0000000000000000, 487.70 W, 95 %, 29364 MiB
2026/10/01 05:32:45.199, 2902 MHz, 13801 MHz, 0x0000000000000000, 489.66 W, 94 %, 29364 MiB
2026/10/01 05:32:45.711, 2902 MHz, 13801 MHz, 0x0000000000000000, 488.92 W, 93 %, 29364 MiB
2026/10/01 05:32:46.221, 2902 MHz, 13801 MHz, 0x0000000000000000, 487.97 W, 92 %, 29364 MiB
2026/10/01 05:32:46.730, 2902 MHz, 13801 MHz, 0x0000000000000000, 486.60 W, 95 %, 29364 MiB
2026/10/01 05:32:47.241, 2902 MHz, 13801 MHz, 0x0000000000000000, 486.00 W, 92 %, 29364 MiB
2026/10/01 05:32:47.756, 2895 MHz, 13801 MHz, 0x0000000000000004, 493.42 W, 100 %, 29364 MiB
2026/10/01 05:32:48.267, 2902 MHz, 13801 MHz, 0x0000000000000000, 498.75 W, 95 %, 29364 MiB
2026/10/01 05:32:48.776, 2902 MHz, 13801 MHz, 0x0000000000000000, 495.10 W, 93 %, 29364 MiB
2026/10/01 05:32:49.286, 2902 MHz, 13801 MHz, 0x0000000000000000, 491.10 W, 94 %, 29364 MiB
2026/10/01 05:32:49.798, 2902 MHz, 13801 MHz, 0x0000000000000000, 488.98 W, 93 %, 29364 MiB
2026/10/01 05:32:50.307, 2902 MHz, 13801 MHz, 0x0000000000000000, 490.93 W, 94 %, 29364 MiB
2026/10/01 05:32:50.818, 2902 MHz, 13801 MHz, 0x0000000000000000, 492.74 W, 94 %, 29364 MiB
2026/10/01 05:32:51.326, 2902 MHz, 13801 MHz, 0x0000000000000000, 492.71 W, 94 %, 29364 MiB
2026/10/01 05:32:51.836, 2902 MHz, 13801 MHz, 0x0000000000000000, 488.21 W, 94 %, 29364 MiB
2026/10/01 05:32:52.348, 2902 MHz, 13801 MHz, 0x0000000000000000, 489.44 W, 94 %, 29364 MiB
2026/10/01 05:32:52.857, 2902 MHz, 13801 MHz, 0x0000000000000000, 491.93 W, 94 %, 29364 MiB
2026/10/01 05:32:53.366, 2902 MHz, 13801 MHz, 0x0000000000000000, 488.71 W, 92 %, 29364 MiB
2026/10/01 05:32:53.875, 2895 MHz, 13801 MHz, 0x0000000000000004, 505.83 W, 100 %, 29364 MiB
2026/10/01 05:32:54.382, 2902 MHz, 13801 MHz, 0x0000000000000000, 510.33 W, 92 %, 29369 MiB
2026/10/01 05:32:54.891, 2902 MHz, 13801 MHz, 0x0000000000000000, 499.66 W, 94 %, 29364 MiB
2026/10/01 05:32:55.401, 2902 MHz, 13801 MHz, 0x0000000000000000, 490.73 W, 94 %, 29364 MiB
2026/10/01 05:32:55.911, 2902 MHz, 13801 MHz, 0x0000000000000000, 484.92 W, 93 %, 29364 MiB
2026/10/01 05:32:56.420, 2902 MHz, 13801 MHz, 0x0000000000000000, 483.56 W, 91 %, 29364 MiB
2026/10/01 05:32:56.932, 2902 MHz, 13801 MHz, 0x0000000000000000, 486.51 W, 92 %, 29364 MiB
2026/10/01 05:32:57.440, 2902 MHz, 13801 MHz, 0x0000000000000000, 490.54 W, 94 %, 29364 MiB
2026/10/01 05:32:57.949, 2902 MHz, 13801 MHz, 0x0000000000000000, 494.58 W, 93 %, 29364 MiB
2026/10/01 05:32:58.459, 2902 MHz, 13801 MHz, 0x0000000000000000, 492.09 W, 93 %, 29364 MiB
2026/10/01 05:32:58.970, 2902 MHz, 13801 MHz, 0x0000000000000000, 485.74 W, 91 %, 29364 MiB
2026/10/01 05:32:59.481, 2902 MHz, 13801 MHz, 0x0000000000000000, 485.97 W, 94 %, 29364 MiB
2026/10/01 05:32:59.991, 2902 MHz, 13801 MHz, 0x0000000000000000, 485.00 W, 91 %, 29364 MiB
2026/10/01 05:33:00.501, 2902 MHz, 13801 MHz, 0x0000000000000000, 481.97 W, 92 %, 29364 MiB
2026/10/01 05:33:01.016, 2902 MHz, 13801 MHz, 0x0000000000000000, 486.70 W, 93 %, 29364 MiB
2026/10/01 05:33:01.527, 2895 MHz, 13801 MHz, 0x0000000000000004, 507.29 W, 100 %, 29364 MiB
2026/10/01 05:33:02.035, 2895 MHz, 13801 MHz, 0x0000000000000000, 509.19 W, 94 %, 29364 MiB
2026/10/01 05:33:02.543, 2895 MHz, 13801 MHz, 0x0000000000000000, 499.44 W, 94 %, 29364 MiB
2026/10/01 05:33:03.059, 2895 MHz, 13801 MHz, 0x0000000000000000, 492.68 W, 93 %, 29364 MiB
2026/10/01 05:33:03.570, 2895 MHz, 13801 MHz, 0x0000000000000000, 489.35 W, 89 %, 29364 MiB
2026/10/01 05:33:04.080, 2895 MHz, 13801 MHz, 0x0000000000000000, 490.43 W, 93 %, 29364 MiB
2026/10/01 05:33:04.596, 2895 MHz, 13801 MHz, 0x0000000000000000, 492.70 W, 94 %, 29364 MiB
2026/10/01 05:33:05.106, 2895 MHz, 13801 MHz, 0x0000000000000000, 493.78 W, 91 %, 29364 MiB
2026/10/01 05:33:05.615, 2895 MHz, 13801 MHz, 0x0000000000000000, 492.82 W, 94 %, 29364 MiB
2026/10/01 05:33:06.125, 2895 MHz, 13801 MHz, 0x0000000000000000, 491.45 W, 91 %, 29364 MiB
2026/10/01 05:33:06.634, 2895 MHz, 13801 MHz, 0x0000000000000000, 492.61 W, 91 %, 29364 MiB
2026/10/01 05:33:07.145, 2895 MHz, 13801 MHz, 0x0000000000000000, 490.22 W, 92 %, 29364 MiB
2026/10/01 05:33:07.657, 2895 MHz, 13801 MHz, 0x0000000000000004, 491.05 W, 100 %, 29364 MiB
2026/10/01 05:33:08.168, 2895 MHz, 13801 MHz, 0x0000000000000000, 509.81 W, 94 %, 29364 MiB
2026/10/01 05:33:08.676, 2895 MHz, 13801 MHz, 0x0000000000000000, 521.11 W, 94 %, 29364 MiB
2026/10/01 05:33:09.185, 2895 MHz, 13801 MHz, 0x0000000000000000, 499.48 W, 91 %, 29364 MiB
2026/10/01 05:33:09.691, 2895 MHz, 13801 MHz, 0x0000000000000000, 495.83 W, 93 %, 29364 MiB
2026/10/01 05:33:10.199, 2895 MHz, 13801 MHz, 0x0000000000000000, 496.29 W, 94 %, 29364 MiB
2026/10/01 05:33:10.705, 2895 MHz, 13801 MHz, 0x0000000000000000, 499.13 W, 95 %, 29364 MiB
2026/10/01 05:33:11.213, 2895 MHz, 13801 MHz, 0x0000000000000000, 499.11 W, 94 %, 29364 MiB
2026/10/01 05:33:11.724, 2895 MHz, 13801 MHz, 0x0000000000000000, 499.39 W, 94 %, 29364 MiB
2026/10/01 05:33:12.233, 2895 MHz, 13801 MHz, 0x0000000000000000, 500.11 W, 94 %, 29364 MiB
2026/10/01 05:33:12.743, 2895 MHz, 13801 MHz, 0x0000000000000000, 499.78 W, 94 %, 29364 MiB
2026/10/01 05:33:13.253, 2895 MHz, 13801 MHz, 0x0000000000000000, 500.91 W, 94 %, 29364 MiB
2026/10/01 05:33:13.762, 2895 MHz, 13801 MHz, 0x0000000000000000, 495.35 W, 95 %, 29364 MiB
2026/10/01 05:33:14.277, 2895 MHz, 13801 MHz, 0x0000000000000004, 506.68 W, 100 %, 29364 MiB
2026/10/01 05:33:14.785, 2895 MHz, 13801 MHz, 0x0000000000000000, 517.85 W, 92 %, 29364 MiB
2026/10/01 05:33:15.292, 2895 MHz, 13801 MHz, 0x0000000000000000, 509.03 W, 91 %, 29366 MiB
2026/10/01 05:33:15.799, 2895 MHz, 13801 MHz, 0x0000000000000000, 494.52 W, 93 %, 29366 MiB
2026/10/01 05:33:16.309, 2895 MHz, 13801 MHz, 0x0000000000000000, 497.97 W, 94 %, 29364 MiB
2026/10/01 05:33:16.817, 2895 MHz, 13801 MHz, 0x0000000000000000, 499.45 W, 90 %, 29364 MiB
2026/10/01 05:33:17.326, 2895 MHz, 13801 MHz, 0x0000000000000000, 499.78 W, 94 %, 29364 MiB
2026/10/01 05:33:17.835, 2895 MHz, 13801 MHz, 0x0000000000000000, 499.71 W, 94 %, 29364 MiB
2026/10/01 05:33:18.343, 2895 MHz, 13801 MHz, 0x0000000000000000, 502.25 W, 94 %, 29364 MiB
2026/10/01 05:33:18.855, 2895 MHz, 13801 MHz, 0x0000000000000000, 503.58 W, 94 %, 29364 MiB
2026/10/01 05:33:19.362, 2895 MHz, 13801 MHz, 0x0000000000000000, 502.74 W, 94 %, 29364 MiB
2026/10/01 05:33:19.869, 2895 MHz, 13801 MHz, 0x0000000000000000, 502.06 W, 95 %, 29364 MiB
2026/10/01 05:33:20.378, 2895 MHz, 13801 MHz, 0x0000000000000000, 502.05 W, 94 %, 29364 MiB
2026/10/01 05:33:20.889, 2895 MHz, 13801 MHz, 0x0000000000000000, 502.95 W, 91 %, 29364 MiB
2026/10/01 05:33:21.398, 2895 MHz, 13801 MHz, 0x0000000000000000, 520.80 W, 94 %, 29364 MiB
2026/10/01 05:33:21.910, 2895 MHz, 13801 MHz, 0x0000000000000000, 519.18 W, 94 %, 29364 MiB
2026/10/01 05:33:22.421, 2895 MHz, 13801 MHz, 0x0000000000000000, 500.62 W, 92 %, 29364 MiB
2026/10/01 05:33:22.931, 2895 MHz, 13801 MHz, 0x0000000000000000, 497.28 W, 93 %, 29364 MiB
2026/10/01 05:33:23.439, 2895 MHz, 13801 MHz, 0x0000000000000000, 497.16 W, 94 %, 29364 MiB
2026/10/01 05:33:23.947, 2895 MHz, 13801 MHz, 0x0000000000000000, 499.65 W, 94 %, 29364 MiB
2026/10/01 05:33:24.456, 2895 MHz, 13801 MHz, 0x0000000000000000, 503.01 W, 94 %, 29364 MiB
2026/10/01 05:33:24.963, 2895 MHz, 13801 MHz, 0x0000000000000000, 501.02 W, 95 %, 29364 MiB
2026/10/01 05:33:25.472, 2895 MHz, 13801 MHz, 0x0000000000000000, 500.92 W, 94 %, 29364 MiB
2026/10/01 05:33:25.979, 2895 MHz, 13801 MHz, 0x0000000000000000, 500.15 W, 93 %, 29364 MiB
2026/10/01 05:33:26.489, 2895 MHz, 13801 MHz, 0x0000000000000000, 498.42 W, 93 %, 29364 MiB
2026/10/01 05:33:26.998, 2895 MHz, 13801 MHz, 0x0000000000000000, 492.06 W, 88 %, 29364 MiB
2026/10/01 05:33:27.509, 2895 MHz, 13801 MHz, 0x0000000000000000, 515.91 W, 94 %, 29364 MiB
2026/10/01 05:33:28.019, 2895 MHz, 13801 MHz, 0x0000000000000000, 526.17 W, 95 %, 29364 MiB
2026/10/01 05:33:28.528, 2895 MHz, 13801 MHz, 0x0000000000000000, 504.19 W, 93 %, 29364 MiB
2026/10/01 05:33:29.038, 2895 MHz, 13801 MHz, 0x0000000000000000, 504.48 W, 94 %, 29364 MiB
2026/10/01 05:33:29.551, 2895 MHz, 13801 MHz, 0x0000000000000000, 504.86 W, 94 %, 29364 MiB
2026/10/01 05:33:30.061, 2895 MHz, 13801 MHz, 0x0000000000000000, 493.52 W, 72 %, 29364 MiB
2026/10/01 05:33:30.573, 2895 MHz, 13801 MHz, 0x0000000000000000, 489.15 W, 94 %, 29364 MiB
2026/10/01 05:33:31.083, 2895 MHz, 13801 MHz, 0x0000000000000000, 490.15 W, 93 %, 29364 MiB
2026/10/01 05:33:31.593, 2895 MHz, 13801 MHz, 0x0000000000000000, 504.93 W, 94 %, 29364 MiB
2026/10/01 05:33:32.102, 2895 MHz, 13801 MHz, 0x0000000000000000, 504.09 W, 94 %, 29364 MiB
2026/10/01 05:33:32.609, 2895 MHz, 13801 MHz, 0x0000000000000000, 502.22 W, 94 %, 29364 MiB
2026/10/01 05:33:33.120, 2895 MHz, 13801 MHz, 0x0000000000000000, 503.82 W, 95 %, 29364 MiB
2026/10/01 05:33:33.630, 2895 MHz, 13801 MHz, 0x0000000000000000, 505.45 W, 94 %, 29364 MiB
2026/10/01 05:33:34.142, 2895 MHz, 13801 MHz, 0x0000000000000004, 512.21 W, 100 %, 29892 MiB
2026/10/01 05:33:34.652, 2895 MHz, 13801 MHz, 0x0000000000000000, 524.83 W, 94 %, 29892 MiB
2026/10/01 05:33:35.164, 2895 MHz, 13801 MHz, 0x0000000000000000, 519.42 W, 95 %, 29892 MiB
2026/10/01 05:33:35.674, 2895 MHz, 13801 MHz, 0x0000000000000000, 498.35 W, 88 %, 29892 MiB
2026/10/01 05:33:36.182, 2895 MHz, 13801 MHz, 0x0000000000000000, 493.47 W, 90 %, 29892 MiB
2026/10/01 05:33:36.692, 2895 MHz, 13801 MHz, 0x0000000000000000, 492.09 W, 91 %, 29897 MiB
2026/10/01 05:33:37.199, 2895 MHz, 13801 MHz, 0x0000000000000000, 494.26 W, 93 %, 29892 MiB
2026/10/01 05:33:37.710, 2895 MHz, 13801 MHz, 0x0000000000000000, 498.39 W, 93 %, 29892 MiB
2026/10/01 05:33:38.221, 2895 MHz, 13801 MHz, 0x0000000000000000, 500.49 W, 94 %, 29892 MiB
2026/10/01 05:33:38.730, 2895 MHz, 13801 MHz, 0x0000000000000000, 504.89 W, 94 %, 29892 MiB
2026/10/01 05:33:39.240, 2895 MHz, 13801 MHz, 0x0000000000000000, 505.62 W, 95 %, 29892 MiB
2026/10/01 05:33:39.748, 2895 MHz, 13801 MHz, 0x0000000000000000, 505.36 W, 94 %, 29892 MiB
2026/10/01 05:33:40.257, 2895 MHz, 13801 MHz, 0x0000000000000000, 506.10 W, 94 %, 29892 MiB
2026/10/01 05:33:40.768, 2895 MHz, 13801 MHz, 0x0000000000000000, 506.49 W, 94 %, 29892 MiB
2026/10/01 05:33:41.279, 2895 MHz, 13801 MHz, 0x0000000000000004, 520.06 W, 98 %, 29892 MiB
2026/10/01 05:33:41.791, 2895 MHz, 13801 MHz, 0x0000000000000000, 520.63 W, 94 %, 29892 MiB
2026/10/01 05:33:42.300, 2895 MHz, 13801 MHz, 0x0000000000000000, 510.73 W, 94 %, 29892 MiB
2026/10/01 05:33:42.811, 2895 MHz, 13801 MHz, 0x0000000000000000, 506.33 W, 94 %, 29892 MiB
2026/10/01 05:33:43.318, 2895 MHz, 13801 MHz, 0x0000000000000000, 506.42 W, 94 %, 29892 MiB
2026/10/01 05:33:43.830, 2895 MHz, 13801 MHz, 0x0000000000000000, 502.80 W, 90 %, 29892 MiB
2026/10/01 05:33:44.338, 2895 MHz, 13801 MHz, 0x0000000000000000, 501.03 W, 94 %, 29892 MiB
2026/10/01 05:33:44.843, 2895 MHz, 13801 MHz, 0x0000000000000000, 502.81 W, 94 %, 29892 MiB
2026/10/01 05:33:45.355, 2895 MHz, 13801 MHz, 0x0000000000000000, 506.35 W, 94 %, 29892 MiB
2026/10/01 05:33:45.863, 2895 MHz, 13801 MHz, 0x0000000000000000, 505.44 W, 94 %, 29892 MiB
2026/10/01 05:33:46.373, 2895 MHz, 13801 MHz, 0x0000000000000000, 505.29 W, 95 %, 29892 MiB
2026/10/01 05:33:46.882, 2895 MHz, 13801 MHz, 0x0000000000000000, 507.27 W, 95 %, 29892 MiB
2026/10/01 05:33:47.394, 2895 MHz, 13801 MHz, 0x0000000000000000, 507.87 W, 94 %, 29892 MiB
2026/10/01 05:33:47.902, 2895 MHz, 13801 MHz, 0x0000000000000000, 523.49 W, 94 %, 29892 MiB
2026/10/01 05:33:48.407, 2895 MHz, 13801 MHz, 0x0000000000000000, 522.10 W, 94 %, 29892 MiB
2026/10/01 05:33:48.916, 2895 MHz, 13801 MHz, 0x0000000000000000, 509.11 W, 95 %, 29892 MiB
2026/10/01 05:33:49.427, 2895 MHz, 13801 MHz, 0x0000000000000000, 507.64 W, 93 %, 29892 MiB
2026/10/01 05:33:49.938, 2895 MHz, 13801 MHz, 0x0000000000000000, 501.05 W, 92 %, 29892 MiB
2026/10/01 05:33:50.448, 2895 MHz, 13801 MHz, 0x0000000000000000, 498.56 W, 94 %, 29892 MiB
2026/10/01 05:33:50.956, 2895 MHz, 13801 MHz, 0x0000000000000000, 504.32 W, 94 %, 29892 MiB
2026/10/01 05:33:51.468, 2895 MHz, 13801 MHz, 0x0000000000000000, 506.90 W, 94 %, 29892 MiB
2026/10/01 05:33:51.979, 2895 MHz, 13801 MHz, 0x0000000000000000, 506.61 W, 94 %, 29892 MiB
2026/10/01 05:33:52.490, 2895 MHz, 13801 MHz, 0x0000000000000000, 506.25 W, 94 %, 29892 MiB
2026/10/01 05:33:52.999, 2895 MHz, 13801 MHz, 0x0000000000000000, 505.12 W, 94 %, 29892 MiB
2026/10/01 05:33:53.508, 2895 MHz, 13801 MHz, 0x0000000000000000, 505.27 W, 94 %, 29892 MiB
2026/10/01 05:33:54.018, 2895 MHz, 13801 MHz, 0x0000000000000000, 507.23 W, 94 %, 29892 MiB
2026/10/01 05:33:54.519, 2895 MHz, 13801 MHz, 0x0000000000000000, 507.36 W, 95 %, 29892 MiB
2026/10/01 05:33:55.029, 2895 MHz, 13801 MHz, 0x0000000000000004, 499.67 W, 100 %, 29892 MiB
2026/10/01 05:33:55.538, 2895 MHz, 13801 MHz, 0x0000000000000000, 501.12 W, 94 %, 29892 MiB
2026/10/01 05:33:56.050, 2895 MHz, 13801 MHz, 0x0000000000000000, 511.10 W, 92 %, 29892 MiB
2026/10/01 05:33:56.562, 2895 MHz, 13801 MHz, 0x0000000000000000, 501.87 W, 92 %, 29892 MiB
2026/10/01 05:33:57.067, 2895 MHz, 13801 MHz, 0x0000000000000000, 482.33 W, 91 %, 29892 MiB
2026/10/01 05:33:57.581, 2895 MHz, 13801 MHz, 0x0000000000000000, 481.22 W, 94 %, 29894 MiB
2026/10/01 05:33:58.091, 2895 MHz, 13801 MHz, 0x0000000000000000, 496.02 W, 89 %, 29894 MiB
2026/10/01 05:33:58.601, 2895 MHz, 13801 MHz, 0x0000000000000000, 499.55 W, 94 %, 29892 MiB
2026/10/01 05:33:59.111, 2895 MHz, 13801 MHz, 0x0000000000000000, 504.77 W, 94 %, 29892 MiB
2026/10/01 05:33:59.620, 2895 MHz, 13801 MHz, 0x0000000000000000, 506.26 W, 94 %, 29892 MiB
2026/10/01 05:34:00.130, 2895 MHz, 13801 MHz, 0x0000000000000000, 507.43 W, 94 %, 29892 MiB
2026/10/01 05:34:00.639, 2895 MHz, 13801 MHz, 0x0000000000000000, 506.06 W, 94 %, 29892 MiB
2026/10/01 05:34:01.151, 2895 MHz, 13801 MHz, 0x0000000000000004, 520.15 W, 100 %, 29892 MiB
2026/10/01 05:34:01.662, 2895 MHz, 13801 MHz, 0x0000000000000000, 523.22 W, 94 %, 29892 MiB
2026/10/01 05:34:02.171, 2895 MHz, 13801 MHz, 0x0000000000000000, 518.24 W, 94 %, 29892 MiB
2026/10/01 05:34:02.681, 2895 MHz, 13801 MHz, 0x0000000000000000, 504.51 W, 92 %, 29892 MiB
2026/10/01 05:34:03.192, 2895 MHz, 13801 MHz, 0x0000000000000000, 502.50 W, 94 %, 29892 MiB
2026/10/01 05:34:03.703, 2895 MHz, 13801 MHz, 0x0000000000000000, 501.84 W, 93 %, 29892 MiB
2026/10/01 05:34:04.210, 2895 MHz, 13801 MHz, 0x0000000000000000, 502.37 W, 94 %, 29892 MiB
2026/10/01 05:34:04.724, 2895 MHz, 13801 MHz, 0x0000000000000000, 506.24 W, 93 %, 29892 MiB
2026/10/01 05:34:05.234, 2895 MHz, 13801 MHz, 0x0000000000000000, 506.09 W, 94 %, 29892 MiB
2026/10/01 05:34:05.741, 2895 MHz, 13801 MHz, 0x0000000000000000, 504.96 W, 93 %, 29892 MiB
2026/10/01 05:34:06.249, 2895 MHz, 13801 MHz, 0x0000000000000000, 505.66 W, 94 %, 29892 MiB
2026/10/01 05:34:06.754, 2895 MHz, 13801 MHz, 0x0000000000000000, 506.81 W, 94 %, 29892 MiB
2026/10/01 05:34:07.264, 2895 MHz, 13801 MHz, 0x0000000000000000, 505.62 W, 92 %, 29892 MiB
2026/10/01 05:34:07.777, 2895 MHz, 13801 MHz, 0x0000000000000000, 503.49 W, 93 %, 29892 MiB
2026/10/01 05:34:08.289, 2895 MHz, 13801 MHz, 0x0000000000000000, 503.02 W, 94 %, 29892 MiB
2026/10/01 05:34:08.803, 2895 MHz, 13801 MHz, 0x0000000000000000, 502.20 W, 90 %, 29892 MiB
2026/10/01 05:34:09.311, 2895 MHz, 13801 MHz, 0x0000000000000000, 520.98 W, 93 %, 29892 MiB
2026/10/01 05:34:09.825, 2895 MHz, 13801 MHz, 0x0000000000000000, 522.01 W, 93 %, 29892 MiB
2026/10/01 05:34:10.335, 2895 MHz, 13801 MHz, 0x0000000000000000, 503.39 W, 93 %, 29892 MiB
2026/10/01 05:34:10.850, 2895 MHz, 13801 MHz, 0x0000000000000000, 503.71 W, 94 %, 29892 MiB
2026/10/01 05:34:11.361, 2895 MHz, 13801 MHz, 0x0000000000000000, 504.68 W, 94 %, 29892 MiB
2026/10/01 05:34:11.874, 2895 MHz, 13801 MHz, 0x0000000000000000, 504.14 W, 93 %, 29892 MiB
2026/10/01 05:34:12.388, 2895 MHz, 13801 MHz, 0x0000000000000000, 504.21 W, 94 %, 29892 MiB
2026/10/01 05:34:12.900, 2895 MHz, 13801 MHz, 0x0000000000000000, 505.14 W, 94 %, 29892 MiB
2026/10/01 05:34:13.413, 2895 MHz, 13801 MHz, 0x0000000000000000, 506.39 W, 94 %, 29892 MiB
2026/10/01 05:34:13.924, 2895 MHz, 13801 MHz, 0x0000000000000000, 504.84 W, 91 %, 29892 MiB
2026/10/01 05:34:14.436, 2895 MHz, 13801 MHz, 0x0000000000000000, 503.11 W, 93 %, 29892 MiB
2026/10/01 05:34:14.946, 2895 MHz, 13801 MHz, 0x0000000000000000, 501.07 W, 94 %, 29892 MiB
2026/10/01 05:34:15.459, 2895 MHz, 13801 MHz, 0x0000000000000000, 499.84 W, 94 %, 29892 MiB
2026/10/01 05:34:15.968, 2895 MHz, 13801 MHz, 0x0000000000000000, 499.36 W, 92 %, 29892 MiB
2026/10/01 05:34:16.478, 2895 MHz, 13801 MHz, 0x0000000000000000, 497.06 W, 93 %, 29892 MiB
2026/10/01 05:34:16.986, 2895 MHz, 13801 MHz, 0x0000000000000000, 497.49 W, 92 %, 29892 MiB
2026/10/01 05:34:17.493, 2895 MHz, 13801 MHz, 0x0000000000000004, 517.01 W, 100 %, 29892 MiB
2026/10/01 05:34:18.002, 2895 MHz, 13801 MHz, 0x0000000000000000, 523.51 W, 91 %, 29892 MiB
2026/10/01 05:34:18.510, 2895 MHz, 13801 MHz, 0x0000000000000000, 513.84 W, 92 %, 29894 MiB
2026/10/01 05:34:19.023, 2895 MHz, 13801 MHz, 0x0000000000000000, 496.84 W, 91 %, 29894 MiB
2026/10/01 05:34:19.530, 2895 MHz, 13801 MHz, 0x0000000000000000, 500.81 W, 94 %, 29892 MiB
2026/10/01 05:34:20.045, 2895 MHz, 13801 MHz, 0x0000000000000000, 505.54 W, 95 %, 29892 MiB
2026/10/01 05:34:20.557, 2895 MHz, 13801 MHz, 0x0000000000000000, 507.31 W, 94 %, 29892 MiB
2026/10/01 05:34:21.065, 2895 MHz, 13801 MHz, 0x0000000000000000, 508.69 W, 94 %, 29892 MiB
2026/10/01 05:34:21.575, 2895 MHz, 13801 MHz, 0x0000000000000000, 508.97 W, 95 %, 29892 MiB
2026/10/01 05:34:22.083, 2895 MHz, 13801 MHz, 0x0000000000000000, 509.17 W, 94 %, 29892 MiB
2026/10/01 05:34:22.591, 2895 MHz, 13801 MHz, 0x0000000000000000, 509.27 W, 94 %, 29892 MiB
2026/10/01 05:34:23.105, 2895 MHz, 13801 MHz, 0x0000000000000000, 508.88 W, 95 %, 29892 MiB
2026/10/01 05:34:23.610, 2887 MHz, 13801 MHz, 0x0000000000000004, 529.56 W, 98 %, 29892 MiB
2026/10/01 05:34:24.117, 2895 MHz, 13801 MHz, 0x0000000000000000, 530.68 W, 94 %, 29892 MiB
2026/10/01 05:34:24.626, 2895 MHz, 13801 MHz, 0x0000000000000000, 517.10 W, 94 %, 29892 MiB
2026/10/01 05:34:25.136, 2895 MHz, 13801 MHz, 0x0000000000000000, 509.18 W, 94 %, 29892 MiB
2026/10/01 05:34:25.645, 2895 MHz, 13801 MHz, 0x0000000000000000, 505.82 W, 91 %, 29892 MiB
2026/10/01 05:34:26.155, 2895 MHz, 13801 MHz, 0x0000000000000000, 504.21 W, 94 %, 29892 MiB
2026/10/01 05:34:26.664, 2895 MHz, 13801 MHz, 0x0000000000000000, 503.73 W, 93 %, 29892 MiB
2026/10/01 05:34:27.177, 2895 MHz, 13801 MHz, 0x0000000000000000, 504.71 W, 92 %, 29892 MiB
2026/10/01 05:34:27.689, 2895 MHz, 13801 MHz, 0x0000000000000000, 507.89 W, 94 %, 29892 MiB
2026/10/01 05:34:28.202, 2895 MHz, 13801 MHz, 0x0000000000000000, 508.40 W, 94 %, 29892 MiB
2026/10/01 05:34:28.711, 2895 MHz, 13801 MHz, 0x0000000000000000, 509.26 W, 94 %, 29892 MiB
2026/10/01 05:34:29.221, 2895 MHz, 13801 MHz, 0x0000000000000000, 509.16 W, 94 %, 29892 MiB
2026/10/01 05:34:29.732, 2895 MHz, 13801 MHz, 0x0000000000000000, 506.72 W, 93 %, 29892 MiB
2026/10/01 05:34:30.244, 2895 MHz, 13801 MHz, 0x0000000000000000, 517.10 W, 92 %, 29892 MiB
2026/10/01 05:34:30.751, 2895 MHz, 13801 MHz, 0x0000000000000000, 517.34 W, 94 %, 29892 MiB
2026/10/01 05:34:31.261, 2895 MHz, 13801 MHz, 0x0000000000000000, 507.47 W, 94 %, 29892 MiB
2026/10/01 05:34:31.770, 2895 MHz, 13801 MHz, 0x0000000000000000, 508.74 W, 92 %, 29892 MiB
2026/10/01 05:34:32.277, 2895 MHz, 13801 MHz, 0x0000000000000000, 507.83 W, 94 %, 29892 MiB
2026/10/01 05:34:32.786, 2895 MHz, 13801 MHz, 0x0000000000000000, 508.27 W, 94 %, 29892 MiB
2026/10/01 05:34:33.296, 2895 MHz, 13801 MHz, 0x0000000000000000, 509.23 W, 95 %, 29892 MiB
2026/10/01 05:34:33.803, 2895 MHz, 13801 MHz, 0x0000000000000000, 508.82 W, 94 %, 29892 MiB
2026/10/01 05:34:34.311, 2895 MHz, 13801 MHz, 0x0000000000000000, 508.96 W, 93 %, 29892 MiB
2026/10/01 05:34:34.821, 2895 MHz, 13801 MHz, 0x0000000000000000, 509.14 W, 94 %, 29892 MiB
2026/10/01 05:34:35.327, 2895 MHz, 13801 MHz, 0x0000000000000000, 509.52 W, 94 %, 29892 MiB
2026/10/01 05:34:35.837, 2895 MHz, 13801 MHz, 0x0000000000000000, 508.97 W, 95 %, 29892 MiB
2026/10/01 05:34:36.346, 2895 MHz, 13801 MHz, 0x0000000000000000, 508.16 W, 93 %, 29892 MiB
2026/10/01 05:34:36.856, 2895 MHz, 13801 MHz, 0x0000000000000000, 509.08 W, 90 %, 29892 MiB
2026/10/01 05:34:37.366, 2895 MHz, 13801 MHz, 0x0000000000000000, 533.90 W, 94 %, 29892 MiB
2026/10/01 05:34:37.873, 2895 MHz, 13801 MHz, 0x0000000000000000, 528.36 W, 92 %, 29892 MiB
2026/10/01 05:34:38.383, 2895 MHz, 13801 MHz, 0x0000000000000000, 507.70 W, 94 %, 29892 MiB
2026/10/01 05:34:38.891, 2895 MHz, 13801 MHz, 0x0000000000000000, 510.03 W, 94 %, 29892 MiB
2026/10/01 05:34:39.400, 2895 MHz, 13801 MHz, 0x0000000000000000, 503.13 W, 93 %, 29892 MiB
2026/10/01 05:34:39.911, 2895 MHz, 13801 MHz, 0x0000000000000000, 501.04 W, 94 %, 29894 MiB
2026/10/01 05:34:40.425, 2902 MHz, 13801 MHz, 0x0000000000000000, 475.85 W, 24 %, 29894 MiB
2026/10/01 05:34:40.939, 2925 MHz, 13801 MHz, 0x0000000000000000, 274.03 W, 0 %, 29892 MiB
2026/10/01 05:34:41.454, 2925 MHz, 13801 MHz, 0x0000000000000000, 103.46 W, 0 %, 29892 MiB
2026/10/01 05:34:41.968, 2925 MHz, 13801 MHz, 0x0000000000000000, 102.18 W, 0 %, 29892 MiB
2026/10/01 05:34:42.482, 577 MHz, 7001 MHz, 0x0000000000000000, 93.04 W, 0 %, 29892 MiB
2026/10/01 05:34:42.984, 457 MHz, 7001 MHz, 0x0000000000000000, 60.89 W, 0 %, 29892 MiB
2026/10/01 05:34:43.485, 412 MHz, 7001 MHz, 0x0000000000000000, 38.88 W, 0 %, 29892 MiB
2026/10/01 05:34:43.987, 412 MHz, 7001 MHz, 0x0000000000000000, 38.88 W, 0 %, 29892 MiB
2026/10/01 05:34:44.502, 255 MHz, 7001 MHz, 0x0000000000000000, 38.66 W, 0 %, 29892 MiB
2026/10/01 05:34:45.016, 255 MHz, 7001 MHz, 0x0000000000000000, 38.66 W, 0 %, 29892 MiB
2026/10/01 05:34:45.531, 180 MHz, 7001 MHz, 0x0000000000000000, 38.38 W, 0 %, 29892 MiB
2026/10/01 05:34:46.033, 180 MHz, 7001 MHz, 0x0000000000000000, 38.38 W, 0 %, 29892 MiB
2026/10/01 05:34:46.546, 180 MHz, 7001 MHz, 0x0000000000000000, 38.05 W, 0 %, 29892 MiB
2026/10/01 05:34:47.061, 180 MHz, 7001 MHz, 0x0000000000000000, 38.05 W, 0 %, 29892 MiB
2026/10/01 05:34:47.563, 180 MHz, 810 MHz, 0x0000000000000000, 34.70 W, 0 %, 29892 MiB
2026/10/01 05:34:48.079, 180 MHz, 810 MHz, 0x0000000000000000, 34.70 W, 0 %, 29892 MiB
2026/10/01 05:34:48.581, 180 MHz, 810 MHz, 0x0000000000000000, 25.40 W, 0 %, 29892 MiB
2026/10/01 05:34:49.094, 180 MHz, 810 MHz, 0x0000000000000000, 25.40 W, 0 %, 29892 MiB
2026/10/01 05:34:49.609, 180 MHz, 405 MHz, 0x0000000000000000, 13.91 W, 0 %, 29892 MiB
2026/10/01 05:34:50.110, 180 MHz, 405 MHz, 0x0000000000000000, 13.91 W, 0 %, 29892 MiB
2026/10/01 05:34:50.624, 180 MHz, 405 MHz, 0x0000000000000000, 13.76 W, 0 %, 29892 MiB
2026/10/01 05:34:51.140, 180 MHz, 405 MHz, 0x0000000000000000, 13.76 W, 0 %, 29892 MiB
2026/10/01 05:34:51.655, 180 MHz, 405 MHz, 0x0000000000000000, 13.59 W, 0 %, 29892 MiB
2026/10/01 05:34:52.169, 180 MHz, 405 MHz, 0x0000000000000000, 13.33 W, 0 %, 29892 MiB
2026/10/01 05:34:52.683, 180 MHz, 405 MHz, 0x0000000000000000, 13.33 W, 0 %, 29892 MiB
2026/10/01 05:34:53.198, 2917 MHz, 13801 MHz, 0x0000000000000000, 27.52 W, 100 %, 29892 MiB
2026/10/01 05:34:53.713, 2902 MHz, 13801 MHz, 0x0000000000000000, 200.70 W, 94 %, 29892 MiB
2026/10/01 05:34:54.215, 2902 MHz, 13801 MHz, 0x0000000000000000, 508.30 W, 94 %, 29892 MiB
2026/10/01 05:34:54.731, 2902 MHz, 13801 MHz, 0x0000000000000000, 499.35 W, 94 %, 29892 MiB
2026/10/01 05:34:55.236, 2902 MHz, 13801 MHz, 0x0000000000000000, 498.72 W, 94 %, 29892 MiB
2026/10/01 05:34:55.749, 2902 MHz, 13801 MHz, 0x0000000000000000, 497.32 W, 92 %, 29892 MiB
2026/10/01 05:34:56.263, 2895 MHz, 13801 MHz, 0x0000000000000000, 494.67 W, 90 %, 29892 MiB
2026/10/01 05:34:56.763, 2895 MHz, 13801 MHz, 0x0000000000000000, 491.02 W, 93 %, 29892 MiB
2026/10/01 05:34:57.265, 2895 MHz, 13801 MHz, 0x0000000000000000, 493.18 W, 94 %, 29892 MiB
2026/10/01 05:34:57.767, 2895 MHz, 13801 MHz, 0x0000000000000000, 497.16 W, 94 %, 29892 MiB
2026/10/01 05:34:58.283, 2895 MHz, 13801 MHz, 0x0000000000000000, 497.83 W, 93 %, 29892 MiB
2026/10/01 05:34:58.797, 2895 MHz, 13801 MHz, 0x0000000000000000, 501.04 W, 94 %, 29892 MiB
2026/10/01 05:34:59.311, 2895 MHz, 13801 MHz, 0x0000000000000000, 501.18 W, 94 %, 29892 MiB
2026/10/01 05:34:59.823, 2895 MHz, 13801 MHz, 0x0000000000000000, 496.89 W, 84 %, 29892 MiB
2026/10/01 05:35:00.337, 2895 MHz, 13801 MHz, 0x0000000000000004, 507.99 W, 100 %, 29892 MiB
2026/10/01 05:35:00.838, 2895 MHz, 13801 MHz, 0x0000000000000000, 510.98 W, 92 %, 29894 MiB
2026/10/01 05:35:01.352, 2895 MHz, 13801 MHz, 0x0000000000000000, 493.07 W, 75 %, 29894 MiB
2026/10/01 05:35:01.867, 2895 MHz, 13801 MHz, 0x0000000000000000, 472.17 W, 94 %, 29892 MiB
2026/10/01 05:35:02.369, 2895 MHz, 13801 MHz, 0x0000000000000000, 479.07 W, 95 %, 29892 MiB
2026/10/01 05:35:02.870, 2895 MHz, 13801 MHz, 0x0000000000000000, 494.73 W, 94 %, 29892 MiB
2026/10/01 05:35:03.373, 2895 MHz, 13801 MHz, 0x0000000000000000, 494.02 W, 95 %, 29892 MiB
2026/10/01 05:35:03.874, 2895 MHz, 13801 MHz, 0x0000000000000000, 502.43 W, 95 %, 29892 MiB
2026/10/01 05:35:04.389, 2895 MHz, 13801 MHz, 0x0000000000000000, 502.66 W, 94 %, 29892 MiB
2026/10/01 05:35:04.900, 2895 MHz, 13801 MHz, 0x0000000000000000, 502.15 W, 93 %, 29892 MiB
2026/10/01 05:35:05.404, 2895 MHz, 13801 MHz, 0x0000000000000000, 502.82 W, 94 %, 29892 MiB
2026/10/01 05:35:05.919, 2895 MHz, 13801 MHz, 0x0000000000000000, 502.51 W, 93 %, 29892 MiB
2026/10/01 05:35:06.432, 2895 MHz, 13801 MHz, 0x0000000000000000, 495.83 W, 79 %, 29892 MiB
2026/10/01 05:35:06.945, 2895 MHz, 13801 MHz, 0x0000000000000000, 460.61 W, 93 %, 29892 MiB
2026/10/01 05:35:07.461, 2895 MHz, 13801 MHz, 0x0000000000000000, 470.42 W, 100 %, 29892 MiB
2026/10/01 05:35:07.976, 2895 MHz, 13801 MHz, 0x0000000000000000, 511.76 W, 95 %, 29892 MiB
2026/10/01 05:35:08.478, 2895 MHz, 13801 MHz, 0x0000000000000000, 512.61 W, 94 %, 29892 MiB
2026/10/01 05:35:08.979, 2895 MHz, 13801 MHz, 0x0000000000000000, 504.38 W, 94 %, 29892 MiB
2026/10/01 05:35:09.492, 2895 MHz, 13801 MHz, 0x0000000000000000, 503.69 W, 91 %, 29892 MiB
2026/10/01 05:35:09.993, 2895 MHz, 13801 MHz, 0x0000000000000000, 500.81 W, 93 %, 29892 MiB
2026/10/01 05:35:10.509, 2895 MHz, 13801 MHz, 0x0000000000000000, 499.84 W, 94 %, 29892 MiB
2026/10/01 05:35:11.021, 2895 MHz, 13801 MHz, 0x0000000000000000, 502.74 W, 94 %, 29892 MiB
2026/10/01 05:35:11.536, 2895 MHz, 13801 MHz, 0x0000000000000000, 503.69 W, 93 %, 29892 MiB
2026/10/01 05:35:12.039, 2895 MHz, 13801 MHz, 0x0000000000000000, 500.51 W, 87 %, 29892 MiB
2026/10/01 05:35:12.554, 2895 MHz, 13801 MHz, 0x0000000000000000, 501.82 W, 94 %, 29892 MiB
2026/10/01 05:35:13.069, 2895 MHz, 13801 MHz, 0x0000000000000000, 504.99 W, 94 %, 29892 MiB
2026/10/01 05:35:13.571, 2895 MHz, 13801 MHz, 0x0000000000000000, 505.23 W, 94 %, 29892 MiB
2026/10/01 05:35:14.073, 2902 MHz, 13801 MHz, 0x0000000000000000, 475.29 W, 83 %, 29892 MiB
2026/10/01 05:35:14.588, 2895 MHz, 13801 MHz, 0x0000000000000000, 492.78 W, 94 %, 29892 MiB
2026/10/01 05:35:15.101, 2895 MHz, 13801 MHz, 0x0000000000000000, 517.28 W, 94 %, 29892 MiB
2026/10/01 05:35:15.613, 2895 MHz, 13801 MHz, 0x0000000000000000, 506.92 W, 94 %, 29892 MiB
2026/10/01 05:35:16.126, 2895 MHz, 13801 MHz, 0x0000000000000000, 504.86 W, 93 %, 29892 MiB
2026/10/01 05:35:16.639, 2895 MHz, 13801 MHz, 0x0000000000000000, 493.13 W, 65 %, 29892 MiB
2026/10/01 05:35:17.152, 2895 MHz, 13801 MHz, 0x0000000000000000, 461.74 W, 82 %, 29892 MiB
2026/10/01 05:35:17.654, 2895 MHz, 13801 MHz, 0x0000000000000000, 451.01 W, 78 %, 29892 MiB
2026/10/01 05:35:18.166, 2895 MHz, 13801 MHz, 0x0000000000000000, 431.34 W, 60 %, 29892 MiB
2026/10/01 05:35:18.679, 2895 MHz, 13801 MHz, 0x0000000000000000, 429.59 W, 76 %, 29892 MiB
2026/10/01 05:35:19.180, 2895 MHz, 13801 MHz, 0x0000000000000000, 437.18 W, 80 %, 29892 MiB
2026/10/01 05:35:19.690, 2895 MHz, 13801 MHz, 0x0000000000000000, 446.81 W, 89 %, 29892 MiB
2026/10/01 05:35:20.204, 2895 MHz, 13801 MHz, 0x0000000000000000, 475.05 W, 92 %, 29892 MiB
2026/10/01 05:35:20.719, 2895 MHz, 13801 MHz, 0x0000000000000000, 471.71 W, 86 %, 29892 MiB
2026/10/01 05:35:21.231, 2895 MHz, 13801 MHz, 0x0000000000000004, 470.30 W, 92 %, 29892 MiB
2026/10/01 05:35:21.740, 2895 MHz, 13801 MHz, 0x0000000000000000, 508.55 W, 92 %, 29897 MiB
2026/10/01 05:35:22.253, 2895 MHz, 13801 MHz, 0x0000000000000000, 511.44 W, 89 %, 29897 MiB
2026/10/01 05:35:22.766, 2895 MHz, 13801 MHz, 0x0000000000000000, 490.02 W, 90 %, 29892 MiB
2026/10/01 05:35:23.277, 2895 MHz, 13801 MHz, 0x0000000000000000, 483.75 W, 80 %, 29892 MiB
2026/10/01 05:35:23.790, 2895 MHz, 13801 MHz, 0x0000000000000000, 458.77 W, 86 %, 29892 MiB
2026/10/01 05:35:24.305, 2895 MHz, 13801 MHz, 0x0000000000000000, 459.40 W, 91 %, 29892 MiB
2026/10/01 05:35:24.818, 2895 MHz, 13801 MHz, 0x0000000000000000, 482.72 W, 84 %, 29892 MiB
2026/10/01 05:35:25.330, 2895 MHz, 13801 MHz, 0x0000000000000000, 492.70 W, 93 %, 29892 MiB
2026/10/01 05:35:25.844, 2895 MHz, 13801 MHz, 0x0000000000000000, 500.26 W, 92 %, 29892 MiB
2026/10/01 05:35:26.359, 2895 MHz, 13801 MHz, 0x0000000000000000, 502.66 W, 93 %, 29892 MiB
2026/10/01 05:35:26.873, 2895 MHz, 13801 MHz, 0x0000000000000000, 500.37 W, 93 %, 29892 MiB
2026/10/01 05:35:27.388, 2895 MHz, 13801 MHz, 0x0000000000000000, 502.29 W, 94 %, 29892 MiB
2026/10/01 05:35:27.890, 2895 MHz, 13801 MHz, 0x0000000000000000, 508.85 W, 94 %, 29892 MiB
2026/10/01 05:35:28.404, 2895 MHz, 13801 MHz, 0x0000000000000004, 510.11 W, 79 %, 29892 MiB
2026/10/01 05:35:28.905, 2895 MHz, 13801 MHz, 0x0000000000000000, 519.92 W, 94 %, 29892 MiB
2026/10/01 05:35:29.419, 2895 MHz, 13801 MHz, 0x0000000000000000, 525.03 W, 95 %, 29892 MiB
2026/10/01 05:35:29.931, 2895 MHz, 13801 MHz, 0x0000000000000000, 510.11 W, 94 %, 29892 MiB
2026/10/01 05:35:30.445, 2895 MHz, 13801 MHz, 0x0000000000000000, 509.18 W, 94 %, 29892 MiB
2026/10/01 05:35:30.960, 2895 MHz, 13801 MHz, 0x0000000000000000, 506.08 W, 93 %, 29892 MiB
2026/10/01 05:35:31.461, 2895 MHz, 13801 MHz, 0x0000000000000000, 502.78 W, 93 %, 29892 MiB
2026/10/01 05:35:31.976, 2895 MHz, 13801 MHz, 0x0000000000000000, 501.74 W, 92 %, 29892 MiB
2026/10/01 05:35:32.489, 2895 MHz, 13801 MHz, 0x0000000000000000, 502.41 W, 93 %, 29892 MiB
2026/10/01 05:35:33.005, 2895 MHz, 13801 MHz, 0x0000000000000000, 503.30 W, 93 %, 29892 MiB
2026/10/01 05:35:33.505, 2895 MHz, 13801 MHz, 0x0000000000000000, 502.82 W, 93 %, 29892 MiB
2026/10/01 05:35:34.007, 2895 MHz, 13801 MHz, 0x0000000000000000, 503.36 W, 92 %, 29892 MiB
2026/10/01 05:35:34.509, 2895 MHz, 13801 MHz, 0x0000000000000000, 504.71 W, 95 %, 29892 MiB
2026/10/01 05:35:35.009, 2895 MHz, 13801 MHz, 0x0000000000000000, 504.59 W, 92 %, 29892 MiB
2026/10/01 05:35:35.522, 2887 MHz, 13801 MHz, 0x0000000000000000, 522.96 W, 100 %, 29892 MiB
2026/10/01 05:35:36.023, 2895 MHz, 13801 MHz, 0x0000000000000000, 524.62 W, 93 %, 29892 MiB
2026/10/01 05:35:36.535, 2895 MHz, 13801 MHz, 0x0000000000000000, 509.49 W, 94 %, 29892 MiB
2026/10/01 05:35:37.036, 2895 MHz, 13801 MHz, 0x0000000000000000, 507.72 W, 93 %, 29892 MiB
2026/10/01 05:35:37.551, 2895 MHz, 13801 MHz, 0x0000000000000000, 506.01 W, 93 %, 29892 MiB
2026/10/01 05:35:38.054, 2895 MHz, 13801 MHz, 0x0000000000000000, 503.12 W, 92 %, 29892 MiB
2026/10/01 05:35:38.569, 2895 MHz, 13801 MHz, 0x0000000000000000, 501.44 W, 92 %, 29892 MiB
2026/10/01 05:35:39.072, 2895 MHz, 13801 MHz, 0x0000000000000000, 504.21 W, 92 %, 29892 MiB
2026/10/01 05:35:39.587, 2895 MHz, 13801 MHz, 0x0000000000000000, 504.82 W, 92 %, 29892 MiB
2026/10/01 05:35:40.101, 2895 MHz, 13801 MHz, 0x0000000000000000, 505.38 W, 93 %, 29892 MiB
2026/10/01 05:35:40.602, 2895 MHz, 13801 MHz, 0x0000000000000000, 504.40 W, 93 %, 29892 MiB
2026/10/01 05:35:41.105, 2895 MHz, 13801 MHz, 0x0000000000000000, 504.94 W, 93 %, 29892 MiB
2026/10/01 05:35:41.618, 2895 MHz, 13801 MHz, 0x0000000000000000, 504.47 W, 92 %, 29892 MiB
2026/10/01 05:35:42.121, 2895 MHz, 13801 MHz, 0x0000000000000000, 497.17 W, 93 %, 29892 MiB
2026/10/01 05:35:42.632, 2895 MHz, 13801 MHz, 0x0000000000000000, 517.02 W, 92 %, 29892 MiB
2026/10/01 05:35:43.145, 2895 MHz, 13801 MHz, 0x0000000000000000, 516.32 W, 92 %, 29897 MiB
2026/10/01 05:35:43.662, 2895 MHz, 13801 MHz, 0x0000000000000000, 502.26 W, 90 %, 29892 MiB
2026/10/01 05:35:44.177, 2895 MHz, 13801 MHz, 0x0000000000000000, 503.24 W, 93 %, 29892 MiB
2026/10/01 05:35:44.691, 2895 MHz, 13801 MHz, 0x0000000000000000, 507.49 W, 95 %, 29892 MiB
2026/10/01 05:35:45.207, 2895 MHz, 13801 MHz, 0x0000000000000000, 507.68 W, 94 %, 29892 MiB
2026/10/01 05:35:45.708, 2895 MHz, 13801 MHz, 0x0000000000000000, 505.37 W, 91 %, 29892 MiB
2026/10/01 05:35:46.223, 2895 MHz, 13801 MHz, 0x0000000000000000, 506.59 W, 92 %, 29892 MiB
2026/10/01 05:35:46.738, 2895 MHz, 13801 MHz, 0x0000000000000000, 507.60 W, 92 %, 29892 MiB
2026/10/01 05:35:47.253, 2895 MHz, 13801 MHz, 0x0000000000000000, 499.79 W, 85 %, 29892 MiB
2026/10/01 05:35:47.753, 2895 MHz, 13801 MHz, 0x0000000000000000, 498.60 W, 92 %, 29892 MiB
2026/10/01 05:35:48.256, 2895 MHz, 13801 MHz, 0x0000000000000000, 503.58 W, 93 %, 29892 MiB
2026/10/01 05:35:48.756, 2895 MHz, 13801 MHz, 0x0000000000000004, 517.80 W, 96 %, 29892 MiB
2026/10/01 05:35:49.257, 2895 MHz, 13801 MHz, 0x0000000000000000, 522.20 W, 94 %, 29892 MiB
2026/10/01 05:35:49.773, 2895 MHz, 13801 MHz, 0x0000000000000000, 515.69 W, 93 %, 29892 MiB
2026/10/01 05:35:50.288, 2895 MHz, 13801 MHz, 0x0000000000000000, 503.22 W, 93 %, 29892 MiB
2026/10/01 05:35:50.803, 2895 MHz, 13801 MHz, 0x0000000000000000, 507.04 W, 92 %, 29892 MiB
2026/10/01 05:35:51.305, 2895 MHz, 13801 MHz, 0x0000000000000000, 505.33 W, 91 %, 29892 MiB
2026/10/01 05:35:51.806, 2895 MHz, 13801 MHz, 0x0000000000000000, 506.91 W, 94 %, 29892 MiB
2026/10/01 05:35:52.309, 2895 MHz, 13801 MHz, 0x0000000000000000, 506.65 W, 92 %, 29892 MiB
2026/10/01 05:35:52.823, 2895 MHz, 13801 MHz, 0x0000000000000000, 505.88 W, 95 %, 29892 MiB
2026/10/01 05:35:53.324, 2895 MHz, 13801 MHz, 0x0000000000000000, 506.62 W, 92 %, 29892 MiB
2026/10/01 05:35:53.836, 2895 MHz, 13801 MHz, 0x0000000000000000, 506.74 W, 93 %, 29892 MiB
2026/10/01 05:35:54.351, 2895 MHz, 13801 MHz, 0x0000000000000000, 507.81 W, 94 %, 29892 MiB
2026/10/01 05:35:54.853, 2895 MHz, 13801 MHz, 0x0000000000000000, 507.82 W, 93 %, 29892 MiB
2026/10/01 05:35:55.367, 2895 MHz, 13801 MHz, 0x0000000000000000, 506.78 W, 93 %, 29892 MiB
2026/10/01 05:35:55.883, 2895 MHz, 13801 MHz, 0x0000000000000000, 522.19 W, 100 %, 29892 MiB
2026/10/01 05:35:56.384, 2895 MHz, 13801 MHz, 0x0000000000000000, 518.93 W, 90 %, 29892 MiB
2026/10/01 05:35:56.897, 2895 MHz, 13801 MHz, 0x0000000000000000, 500.50 W, 93 %, 29892 MiB
2026/10/01 05:35:57.397, 2895 MHz, 13801 MHz, 0x0000000000000000, 503.34 W, 92 %, 29892 MiB
2026/10/01 05:35:57.911, 2895 MHz, 13801 MHz, 0x0000000000000000, 509.27 W, 93 %, 29892 MiB
2026/10/01 05:35:58.427, 2895 MHz, 13801 MHz, 0x0000000000000000, 507.46 W, 92 %, 29892 MiB
2026/10/01 05:35:58.928, 2895 MHz, 13801 MHz, 0x0000000000000000, 505.21 W, 94 %, 29892 MiB
2026/10/01 05:35:59.438, 2895 MHz, 13801 MHz, 0x0000000000000000, 505.60 W, 92 %, 29892 MiB
2026/10/01 05:35:59.952, 2895 MHz, 13801 MHz, 0x0000000000000000, 504.77 W, 92 %, 29892 MiB
2026/10/01 05:36:00.454, 2895 MHz, 13801 MHz, 0x0000000000000000, 502.86 W, 88 %, 29892 MiB
2026/10/01 05:36:00.956, 2895 MHz, 13801 MHz, 0x0000000000000000, 507.07 W, 94 %, 29892 MiB
2026/10/01 05:36:01.458, 2895 MHz, 13801 MHz, 0x0000000000000000, 511.70 W, 95 %, 29892 MiB
2026/10/01 05:36:01.973, 2895 MHz, 13801 MHz, 0x0000000000000000, 498.89 W, 94 %, 29892 MiB
2026/10/01 05:36:02.475, 2895 MHz, 13801 MHz, 0x0000000000000000, 490.40 W, 94 %, 29892 MiB
2026/10/01 05:36:02.979, 2895 MHz, 13801 MHz, 0x0000000000000000, 520.23 W, 94 %, 29892 MiB
2026/10/01 05:36:03.482, 2895 MHz, 13801 MHz, 0x0000000000000000, 514.58 W, 91 %, 29892 MiB
2026/10/01 05:36:03.984, 2895 MHz, 13801 MHz, 0x0000000000000000, 502.61 W, 92 %, 29897 MiB
2026/10/01 05:36:04.497, 2895 MHz, 13801 MHz, 0x0000000000000004, 505.88 W, 95 %, 29892 MiB
2026/10/01 05:36:05.011, 2895 MHz, 13801 MHz, 0x0000000000000000, 499.32 W, 82 %, 29892 MiB
2026/10/01 05:36:05.513, 2895 MHz, 13801 MHz, 0x0000000000000000, 501.02 W, 94 %, 29892 MiB
2026/10/01 05:36:06.025, 2895 MHz, 13801 MHz, 0x0000000000000000, 506.26 W, 92 %, 29892 MiB
2026/10/01 05:36:06.527, 2895 MHz, 13801 MHz, 0x0000000000000000, 510.74 W, 95 %, 29892 MiB
2026/10/01 05:36:07.027, 2895 MHz, 13801 MHz, 0x0000000000000000, 511.59 W, 93 %, 29892 MiB
2026/10/01 05:36:07.529, 2895 MHz, 13801 MHz, 0x0000000000000000, 511.91 W, 94 %, 29892 MiB
2026/10/01 05:36:08.033, 2895 MHz, 13801 MHz, 0x0000000000000000, 512.41 W, 94 %, 29892 MiB
2026/10/01 05:36:08.548, 2895 MHz, 13801 MHz, 0x0000000000000000, 511.31 W, 94 %, 29892 MiB
2026/10/01 05:36:09.061, 2895 MHz, 13801 MHz, 0x0000000000000000, 511.37 W, 94 %, 29894 MiB
2026/10/01 05:36:09.563, 2895 MHz, 13801 MHz, 0x0000000000000004, 489.30 W, 76 %, 29894 MiB
2026/10/01 05:36:10.079, 2895 MHz, 13801 MHz, 0x0000000000000004, 489.71 W, 94 %, 29894 MiB
2026/10/01 05:36:10.580, 2895 MHz, 13801 MHz, 0x0000000000000000, 513.12 W, 94 %, 29894 MiB
2026/10/01 05:36:11.080, 2895 MHz, 13801 MHz, 0x0000000000000000, 512.79 W, 94 %, 29894 MiB
2026/10/01 05:36:11.583, 2895 MHz, 13801 MHz, 0x0000000000000000, 512.61 W, 95 %, 29894 MiB
2026/10/01 05:36:12.098, 2895 MHz, 13801 MHz, 0x0000000000000000, 512.75 W, 94 %, 29894 MiB
2026/10/01 05:36:12.602, 2895 MHz, 13801 MHz, 0x0000000000000000, 512.61 W, 94 %, 29894 MiB
2026/10/01 05:36:13.105, 2895 MHz, 13801 MHz, 0x0000000000000000, 512.68 W, 94 %, 29894 MiB
2026/10/01 05:36:13.609, 2895 MHz, 13801 MHz, 0x0000000000000000, 512.82 W, 94 %, 29894 MiB
2026/10/01 05:36:14.122, 2895 MHz, 13801 MHz, 0x0000000000000000, 499.44 W, 94 %, 29894 MiB
2026/10/01 05:36:14.622, 2895 MHz, 13801 MHz, 0x0000000000000000, 498.93 W, 95 %, 29894 MiB
2026/10/01 05:36:15.123, 2895 MHz, 13801 MHz, 0x0000000000000000, 500.09 W, 94 %, 29894 MiB
2026/10/01 05:36:15.634, 2895 MHz, 13801 MHz, 0x0000000000000000, 499.23 W, 94 %, 29894 MiB
2026/10/01 05:36:16.148, 2895 MHz, 13801 MHz, 0x0000000000000000, 510.12 W, 91 %, 29894 MiB
2026/10/01 05:36:16.663, 2895 MHz, 13801 MHz, 0x0000000000000004, 510.34 W, 95 %, 29894 MiB
2026/10/01 05:36:17.177, 2895 MHz, 13801 MHz, 0x0000000000000004, 512.39 W, 94 %, 29894 MiB
2026/10/01 05:36:17.679, 2895 MHz, 13801 MHz, 0x0000000000000000, 511.84 W, 95 %, 29894 MiB
2026/10/01 05:36:18.184, 2895 MHz, 13801 MHz, 0x0000000000000000, 508.56 W, 94 %, 29894 MiB
2026/10/01 05:36:18.699, 2895 MHz, 13801 MHz, 0x0000000000000000, 508.83 W, 94 %, 29894 MiB
2026/10/01 05:36:19.199, 2895 MHz, 13801 MHz, 0x0000000000000000, 512.05 W, 95 %, 29894 MiB
2026/10/01 05:36:19.714, 2917 MHz, 13801 MHz, 0x0000000000000000, 390.25 W, 0 %, 29894 MiB
2026/10/01 05:36:20.229, 2925 MHz, 13801 MHz, 0x0000000000000000, 186.49 W, 0 %, 29894 MiB
2026/10/01 05:36:20.744, 2925 MHz, 13801 MHz, 0x0000000000000000, 104.75 W, 0 %, 29894 MiB
2026/10/01 05:36:21.259, 2925 MHz, 13801 MHz, 0x0000000000000000, 103.58 W, 0 %, 29894 MiB
2026/10/01 05:36:21.759, 555 MHz, 13801 MHz, 0x0000000000000000, 82.93 W, 0 %, 29894 MiB
2026/10/01 05:36:22.262, 435 MHz, 7001 MHz, 0x0000000000000000, 55.68 W, 0 %, 29894 MiB
2026/10/01 05:36:22.777, 382 MHz, 7001 MHz, 0x0000000000000000, 40.38 W, 0 %, 29894 MiB
2026/10/01 05:36:23.293, 277 MHz, 7001 MHz, 0x0000000000000000, 39.01 W, 0 %, 29894 MiB
2026/10/01 05:36:23.793, 240 MHz, 7001 MHz, 0x0000000000000000, 38.89 W, 0 %, 29894 MiB
2026/10/01 05:36:24.295, 240 MHz, 7001 MHz, 0x0000000000000000, 38.89 W, 0 %, 29894 MiB
2026/10/01 05:36:24.808, 187 MHz, 810 MHz, 0x0000000000000000, 31.31 W, 0 %, 29899 MiB
2026/10/01 05:36:25.322, 180 MHz, 810 MHz, 0x0000000000000000, 28.23 W, 0 %, 29899 MiB
2026/10/01 05:36:25.835, 180 MHz, 810 MHz, 0x0000000000000000, 21.63 W, 0 %, 29894 MiB
2026/10/01 05:36:26.346, 180 MHz, 405 MHz, 0x0000000000000000, 21.18 W, 0 %, 29894 MiB
2026/10/01 05:36:26.854, 180 MHz, 405 MHz, 0x0000000000000000, 19.72 W, 0 %, 29894 MiB
2026/10/01 05:36:27.366, 180 MHz, 405 MHz, 0x0000000000000000, 19.72 W, 0 %, 29894 MiB
2026/10/01 05:36:27.876, 180 MHz, 405 MHz, 0x0000000000000000, 15.52 W, 0 %, 29894 MiB
2026/10/01 05:36:28.387, 180 MHz, 405 MHz, 0x0000000000000000, 15.52 W, 0 %, 29894 MiB
2026/10/01 05:36:28.898, 180 MHz, 405 MHz, 0x0000000000000000, 14.98 W, 0 %, 29894 MiB
2026/10/01 05:36:29.407, 180 MHz, 405 MHz, 0x0000000000000000, 14.98 W, 0 %, 29894 MiB
2026/10/01 05:36:29.915, 180 MHz, 405 MHz, 0x0000000000000000, 14.44 W, 0 %, 29894 MiB
2026/10/01 05:36:30.425, 180 MHz, 405 MHz, 0x0000000000000000, 14.44 W, 0 %, 29894 MiB
2026/10/01 05:36:30.937, 180 MHz, 405 MHz, 0x0000000000000000, 14.00 W, 0 %, 29894 MiB
2026/10/01 05:36:31.447, 270 MHz, 405 MHz, 0x0000000000000000, 18.52 W, 1 %, 31006 MiB
2026/10/01 05:36:31.961, 2910 MHz, 13801 MHz, 0x0000000000000004, 126.04 W, 100 %, 31006 MiB
2026/10/01 05:36:32.462, 2887 MHz, 13801 MHz, 0x0000000000000004, 400.45 W, 90 %, 31608 MiB
2026/10/01 05:36:32.974, 2895 MHz, 13801 MHz, 0x0000000000000004, 574.96 W, 100 %, 31608 MiB
2026/10/01 05:36:33.490, 2895 MHz, 13801 MHz, 0x0000000000000004, 509.52 W, 100 %, 31608 MiB
2026/10/01 05:36:34.002, 2902 MHz, 13801 MHz, 0x0000000000000004, 497.64 W, 97 %, 32091 MiB
2026/10/01 05:36:34.504, 2895 MHz, 13801 MHz, 0x0000000000000004, 561.83 W, 100 %, 32109 MiB
2026/10/01 05:36:35.016, 2895 MHz, 13801 MHz, 0x0000000000000004, 553.06 W, 100 %, 32109 MiB
2026/10/01 05:36:35.519, 2895 MHz, 13801 MHz, 0x0000000000000004, 546.49 W, 100 %, 32109 MiB
2026/10/01 05:36:36.031, 2895 MHz, 13801 MHz, 0x0000000000000004, 563.59 W, 96 %, 32109 MiB
2026/10/01 05:36:36.546, 2895 MHz, 13801 MHz, 0x0000000000000004, 557.89 W, 100 %, 32109 MiB
2026/10/01 05:36:37.056, 2895 MHz, 13801 MHz, 0x0000000000000004, 558.64 W, 100 %, 32109 MiB
2026/10/01 05:36:37.566, 2895 MHz, 13801 MHz, 0x0000000000000000, 539.40 W, 92 %, 32109 MiB
2026/10/01 05:36:38.077, 2902 MHz, 13801 MHz, 0x0000000000000000, 486.86 W, 91 %, 32109 MiB
2026/10/01 05:36:38.586, 2902 MHz, 13801 MHz, 0x0000000000000000, 446.82 W, 93 %, 32109 MiB
2026/10/01 05:36:39.093, 2902 MHz, 13801 MHz, 0x0000000000000000, 448.59 W, 92 %, 32109 MiB
2026/10/01 05:36:39.604, 2902 MHz, 13801 MHz, 0x0000000000000000, 448.09 W, 92 %, 32109 MiB
2026/10/01 05:36:40.114, 2902 MHz, 13801 MHz, 0x0000000000000000, 445.75 W, 92 %, 32109 MiB
2026/10/01 05:36:40.620, 2902 MHz, 13801 MHz, 0x0000000000000000, 446.36 W, 93 %, 32109 MiB
2026/10/01 05:36:41.133, 2902 MHz, 13801 MHz, 0x0000000000000000, 448.44 W, 93 %, 32109 MiB
2026/10/01 05:36:41.642, 2902 MHz, 13801 MHz, 0x0000000000000000, 448.63 W, 93 %, 32109 MiB
2026/10/01 05:36:42.154, 2902 MHz, 13801 MHz, 0x0000000000000000, 447.74 W, 94 %, 32109 MiB
2026/10/01 05:36:42.665, 2902 MHz, 13801 MHz, 0x0000000000000000, 447.28 W, 91 %, 32109 MiB
2026/10/01 05:36:43.174, 2902 MHz, 13801 MHz, 0x0000000000000000, 445.53 W, 92 %, 32109 MiB
2026/10/01 05:36:43.685, 2902 MHz, 13801 MHz, 0x0000000000000000, 441.85 W, 91 %, 32109 MiB
2026/10/01 05:36:44.195, 2902 MHz, 13801 MHz, 0x0000000000000000, 443.79 W, 92 %, 32109 MiB
2026/10/01 05:36:44.704, 2902 MHz, 13801 MHz, 0x0000000000000000, 447.21 W, 92 %, 32109 MiB
2026/10/01 05:36:45.214, 2895 MHz, 13801 MHz, 0x0000000000000000, 446.79 W, 92 %, 32109 MiB
2026/10/01 05:36:45.723, 2902 MHz, 13801 MHz, 0x0000000000000000, 436.61 W, 90 %, 32114 MiB
2026/10/01 05:36:46.234, 2910 MHz, 13801 MHz, 0x0000000000000000, 403.70 W, 94 %, 32114 MiB
2026/10/01 05:36:46.743, 2895 MHz, 13801 MHz, 0x0000000000000000, 443.30 W, 94 %, 32109 MiB
2026/10/01 05:36:47.256, 2895 MHz, 13801 MHz, 0x0000000000000004, 523.88 W, 100 %, 32109 MiB
2026/10/01 05:36:47.771, 2895 MHz, 13801 MHz, 0x0000000000000004, 548.22 W, 100 %, 32109 MiB
2026/10/01 05:36:48.285, 2902 MHz, 13801 MHz, 0x0000000000000000, 495.95 W, 100 %, 32109 MiB
2026/10/01 05:36:48.798, 2910 MHz, 13801 MHz, 0x0000000000000000, 334.15 W, 100 %, 32109 MiB
2026/10/01 05:36:49.312, 2910 MHz, 13801 MHz, 0x0000000000000000, 262.48 W, 100 %, 32109 MiB
2026/10/01 05:36:49.827, 2910 MHz, 13801 MHz, 0x0000000000000000, 268.88 W, 100 %, 32109 MiB
2026/10/01 05:36:50.341, 2917 MHz, 13801 MHz, 0x0000000000000000, 264.98 W, 100 %, 32109 MiB
2026/10/01 05:36:50.842, 2902 MHz, 13801 MHz, 0x0000000000000004, 315.80 W, 100 %, 32109 MiB
2026/10/01 05:36:51.358, 2895 MHz, 13801 MHz, 0x0000000000000004, 454.08 W, 96 %, 32109 MiB
2026/10/01 05:36:51.872, 2895 MHz, 13801 MHz, 0x0000000000000004, 564.07 W, 100 %, 32109 MiB
2026/10/01 05:36:52.375, 2895 MHz, 13801 MHz, 0x0000000000000004, 560.49 W, 100 %, 32109 MiB
2026/10/01 05:36:52.889, 2895 MHz, 13801 MHz, 0x0000000000000004, 565.92 W, 100 %, 32109 MiB
2026/10/01 05:36:53.403, 2895 MHz, 13801 MHz, 0x0000000000000004, 567.08 W, 100 %, 32109 MiB
2026/10/01 05:36:53.913, 2895 MHz, 13801 MHz, 0x0000000000000004, 567.70 W, 100 %, 32109 MiB
2026/10/01 05:36:54.419, 2902 MHz, 13801 MHz, 0x0000000000000000, 540.33 W, 93 %, 32109 MiB
2026/10/01 05:36:54.930, 2902 MHz, 13801 MHz, 0x0000000000000000, 486.87 W, 93 %, 32109 MiB
2026/10/01 05:36:55.438, 2902 MHz, 13801 MHz, 0x0000000000000000, 451.45 W, 93 %, 32109 MiB
2026/10/01 05:36:55.947, 2902 MHz, 13801 MHz, 0x0000000000000000, 447.64 W, 90 %, 32109 MiB
2026/10/01 05:36:56.454, 2902 MHz, 13801 MHz, 0x0000000000000000, 443.52 W, 90 %, 32109 MiB
2026/10/01 05:36:56.964, 2902 MHz, 13801 MHz, 0x0000000000000000, 442.24 W, 91 %, 32109 MiB
2026/10/01 05:36:57.472, 2902 MHz, 13801 MHz, 0x0000000000000000, 445.13 W, 93 %, 32109 MiB
2026/10/01 05:36:57.981, 2902 MHz, 13801 MHz, 0x0000000000000000, 448.45 W, 91 %, 32109 MiB
2026/10/01 05:36:58.495, 2902 MHz, 13801 MHz, 0x0000000000000000, 448.54 W, 92 %, 32109 MiB
2026/10/01 05:36:59.005, 2902 MHz, 13801 MHz, 0x0000000000000000, 448.51 W, 93 %, 32109 MiB
2026/10/01 05:36:59.513, 2902 MHz, 13801 MHz, 0x0000000000000000, 448.55 W, 93 %, 32109 MiB
2026/10/01 05:37:00.025, 2902 MHz, 13801 MHz, 0x0000000000000000, 448.52 W, 91 %, 32109 MiB
2026/10/01 05:37:00.535, 2902 MHz, 13801 MHz, 0x0000000000000000, 448.67 W, 93 %, 32109 MiB
2026/10/01 05:37:01.042, 2902 MHz, 13801 MHz, 0x0000000000000000, 449.49 W, 92 %, 32109 MiB
2026/10/01 05:37:01.554, 2902 MHz, 13801 MHz, 0x0000000000000000, 450.18 W, 92 %, 32109 MiB
2026/10/01 05:37:02.064, 2895 MHz, 13801 MHz, 0x0000000000000000, 481.23 W, 94 %, 32109 MiB
2026/10/01 05:37:02.580, 2902 MHz, 13801 MHz, 0x0000000000000000, 481.60 W, 91 %, 32109 MiB
2026/10/01 05:37:03.095, 2895 MHz, 13801 MHz, 0x0000000000000004, 493.38 W, 96 %, 32109 MiB
2026/10/01 05:37:03.607, 2895 MHz, 13801 MHz, 0x0000000000000004, 514.87 W, 100 %, 32109 MiB
2026/10/01 05:37:04.108, 2895 MHz, 13801 MHz, 0x0000000000000004, 512.02 W, 100 %, 32109 MiB
2026/10/01 05:37:04.618, 2895 MHz, 13801 MHz, 0x0000000000000004, 517.81 W, 97 %, 32109 MiB
2026/10/01 05:37:05.130, 2895 MHz, 13801 MHz, 0x0000000000000004, 511.04 W, 98 %, 32109 MiB
2026/10/01 05:37:05.643, 2895 MHz, 13801 MHz, 0x0000000000000004, 513.10 W, 93 %, 32109 MiB
2026/10/01 05:37:06.158, 2895 MHz, 13801 MHz, 0x0000000000000004, 529.78 W, 100 %, 32109 MiB
2026/10/01 05:37:06.673, 2895 MHz, 13801 MHz, 0x0000000000000004, 527.99 W, 100 %, 32109 MiB
2026/10/01 05:37:07.187, 2895 MHz, 13801 MHz, 0x0000000000000000, 515.38 W, 92 %, 32111 MiB
2026/10/01 05:37:07.700, 2895 MHz, 13801 MHz, 0x0000000000000004, 521.60 W, 100 %, 32109 MiB
2026/10/01 05:37:08.214, 2895 MHz, 13801 MHz, 0x0000000000000004, 521.69 W, 100 %, 32109 MiB
2026/10/01 05:37:08.726, 2902 MHz, 13801 MHz, 0x0000000000000000, 505.97 W, 93 %, 32109 MiB
2026/10/01 05:37:09.237, 2902 MHz, 13801 MHz, 0x0000000000000000, 463.54 W, 89 %, 32109 MiB
2026/10/01 05:37:09.745, 2902 MHz, 13801 MHz, 0x0000000000000000, 443.44 W, 90 %, 32109 MiB
2026/10/01 05:37:10.257, 2902 MHz, 13801 MHz, 0x0000000000000000, 445.30 W, 93 %, 32109 MiB
2026/10/01 05:37:10.764, 2902 MHz, 13801 MHz, 0x0000000000000000, 450.78 W, 94 %, 32109 MiB
2026/10/01 05:37:11.276, 2902 MHz, 13801 MHz, 0x0000000000000000, 451.01 W, 92 %, 32109 MiB
2026/10/01 05:37:11.787, 2902 MHz, 13801 MHz, 0x0000000000000000, 449.49 W, 90 %, 32109 MiB
2026/10/01 05:37:12.294, 2902 MHz, 13801 MHz, 0x0000000000000000, 447.78 W, 92 %, 32109 MiB
2026/10/01 05:37:12.804, 2902 MHz, 13801 MHz, 0x0000000000000000, 447.06 W, 92 %, 32109 MiB
2026/10/01 05:37:13.316, 2902 MHz, 13801 MHz, 0x0000000000000000, 448.65 W, 92 %, 32109 MiB
2026/10/01 05:37:13.830, 2902 MHz, 13801 MHz, 0x0000000000000000, 448.56 W, 92 %, 32109 MiB
2026/10/01 05:37:14.341, 2902 MHz, 13801 MHz, 0x0000000000000000, 401.15 W, 92 %, 32109 MiB
2026/10/01 05:37:14.853, 2902 MHz, 13801 MHz, 0x0000000000000000, 397.42 W, 93 %, 32109 MiB
2026/10/01 05:37:15.365, 2895 MHz, 13801 MHz, 0x0000000000000000, 479.39 W, 93 %, 32109 MiB
2026/10/01 05:37:15.875, 2895 MHz, 13801 MHz, 0x0000000000000000, 492.90 W, 100 %, 32109 MiB
2026/10/01 05:37:16.386, 2902 MHz, 13801 MHz, 0x0000000000000000, 480.91 W, 92 %, 32109 MiB
2026/10/01 05:37:16.900, 2895 MHz, 13801 MHz, 0x0000000000000000, 499.12 W, 91 %, 32109 MiB
2026/10/01 05:37:17.410, 2895 MHz, 13801 MHz, 0x0000000000000000, 509.12 W, 92 %, 32109 MiB
2026/10/01 05:37:17.922, 2895 MHz, 13801 MHz, 0x0000000000000004, 514.39 W, 95 %, 32109 MiB
2026/10/01 05:37:18.433, 2895 MHz, 13801 MHz, 0x0000000000000000, 513.67 W, 92 %, 32109 MiB
2026/10/01 05:37:18.945, 2895 MHz, 13801 MHz, 0x0000000000000004, 496.80 W, 100 %, 32109 MiB
2026/10/01 05:37:19.459, 2895 MHz, 13801 MHz, 0x0000000000000004, 506.52 W, 100 %, 32109 MiB
2026/10/01 05:37:19.972, 2895 MHz, 13801 MHz, 0x0000000000000004, 529.58 W, 100 %, 32109 MiB
2026/10/01 05:37:20.483, 2895 MHz, 13801 MHz, 0x0000000000000000, 520.39 W, 97 %, 32109 MiB
2026/10/01 05:37:20.997, 2895 MHz, 13801 MHz, 0x0000000000000004, 520.97 W, 100 %, 32109 MiB
2026/10/01 05:37:21.512, 2895 MHz, 13801 MHz, 0x0000000000000004, 523.95 W, 100 %, 32109 MiB
2026/10/01 05:37:22.026, 2895 MHz, 13801 MHz, 0x0000000000000004, 525.41 W, 100 %, 32109 MiB
2026/10/01 05:37:22.541, 2895 MHz, 13801 MHz, 0x0000000000000004, 536.22 W, 100 %, 32109 MiB
2026/10/01 05:37:23.050, 2902 MHz, 13801 MHz, 0x0000000000000000, 516.92 W, 90 %, 32109 MiB
2026/10/01 05:37:23.561, 2902 MHz, 13801 MHz, 0x0000000000000000, 465.11 W, 91 %, 32109 MiB
2026/10/01 05:37:24.072, 2902 MHz, 13801 MHz, 0x0000000000000000, 448.15 W, 92 %, 32109 MiB
2026/10/01 05:37:24.580, 2902 MHz, 13801 MHz, 0x0000000000000000, 449.73 W, 93 %, 32109 MiB
2026/10/01 05:37:25.090, 2902 MHz, 13801 MHz, 0x0000000000000000, 450.46 W, 93 %, 32109 MiB
2026/10/01 05:37:25.599, 2902 MHz, 13801 MHz, 0x0000000000000000, 451.19 W, 92 %, 32109 MiB
2026/10/01 05:37:26.107, 2902 MHz, 13801 MHz, 0x0000000000000000, 447.53 W, 91 %, 32109 MiB
2026/10/01 05:37:26.620, 2902 MHz, 13801 MHz, 0x0000000000000000, 444.75 W, 91 %, 32109 MiB
2026/10/01 05:37:27.128, 2902 MHz, 13801 MHz, 0x0000000000000000, 444.86 W, 90 %, 32109 MiB
2026/10/01 05:37:27.639, 2902 MHz, 13801 MHz, 0x0000000000000000, 443.98 W, 91 %, 32109 MiB
2026/10/01 05:37:28.147, 2902 MHz, 13801 MHz, 0x0000000000000000, 442.36 W, 89 %, 32114 MiB
2026/10/01 05:37:28.655, 2902 MHz, 13801 MHz, 0x0000000000000000, 437.90 W, 92 %, 32114 MiB
2026/10/01 05:37:29.167, 2895 MHz, 13801 MHz, 0x0000000000000000, 512.57 W, 94 %, 32109 MiB
2026/10/01 05:37:29.681, 2895 MHz, 13801 MHz, 0x0000000000000000, 512.62 W, 94 %, 32109 MiB
2026/10/01 05:37:30.189, 2902 MHz, 13801 MHz, 0x0000000000000000, 485.24 W, 92 %, 32109 MiB
2026/10/01 05:37:30.705, 2895 MHz, 13801 MHz, 0x0000000000000000, 477.66 W, 96 %, 32109 MiB
2026/10/01 05:37:31.217, 2895 MHz, 13801 MHz, 0x0000000000000000, 505.76 W, 92 %, 32109 MiB
2026/10/01 05:37:31.727, 2895 MHz, 13801 MHz, 0x0000000000000004, 494.96 W, 100 %, 32109 MiB
2026/10/01 05:37:32.239, 2895 MHz, 13801 MHz, 0x0000000000000004, 516.97 W, 98 %, 32109 MiB
2026/10/01 05:37:32.740, 2895 MHz, 13801 MHz, 0x0000000000000004, 542.14 W, 100 %, 32109 MiB
2026/10/01 05:37:33.252, 2895 MHz, 13801 MHz, 0x0000000000000004, 527.17 W, 100 %, 32109 MiB
2026/10/01 05:37:33.766, 2895 MHz, 13801 MHz, 0x0000000000000004, 517.08 W, 100 %, 32109 MiB
2026/10/01 05:37:34.276, 2902 MHz, 13801 MHz, 0x0000000000000000, 509.44 W, 88 %, 32109 MiB
2026/10/01 05:37:34.790, 2895 MHz, 13801 MHz, 0x0000000000000004, 520.88 W, 100 %, 32109 MiB
2026/10/01 05:37:35.301, 2895 MHz, 13801 MHz, 0x0000000000000004, 538.28 W, 100 %, 32109 MiB
2026/10/01 05:37:35.813, 2895 MHz, 13801 MHz, 0x0000000000000004, 516.21 W, 100 %, 32109 MiB
2026/10/01 05:37:36.323, 2902 MHz, 13801 MHz, 0x0000000000000000, 489.21 W, 91 %, 32109 MiB
2026/10/01 05:37:36.830, 2895 MHz, 13801 MHz, 0x0000000000000000, 491.98 W, 94 %, 32109 MiB
2026/10/01 05:37:37.338, 2902 MHz, 13801 MHz, 0x0000000000000000, 477.88 W, 90 %, 32109 MiB
2026/10/01 05:37:37.844, 2902 MHz, 13801 MHz, 0x0000000000000000, 452.11 W, 89 %, 32109 MiB
2026/10/01 05:37:38.351, 2902 MHz, 13801 MHz, 0x0000000000000000, 445.39 W, 92 %, 32109 MiB
2026/10/01 05:37:38.859, 2902 MHz, 13801 MHz, 0x0000000000000000, 446.34 W, 92 %, 32109 MiB
2026/10/01 05:37:39.368, 2902 MHz, 13801 MHz, 0x0000000000000000, 447.18 W, 90 %, 32109 MiB
2026/10/01 05:37:39.878, 2902 MHz, 13801 MHz, 0x0000000000000000, 446.22 W, 90 %, 32109 MiB
2026/10/01 05:37:40.387, 2902 MHz, 13801 MHz, 0x0000000000000000, 447.13 W, 91 %, 32109 MiB
2026/10/01 05:37:40.898, 2902 MHz, 13801 MHz, 0x0000000000000000, 447.76 W, 91 %, 32109 MiB
2026/10/01 05:37:41.407, 2902 MHz, 13801 MHz, 0x0000000000000000, 448.06 W, 91 %, 32109 MiB
2026/10/01 05:37:41.916, 2895 MHz, 13801 MHz, 0x0000000000000000, 480.19 W, 92 %, 32109 MiB
2026/10/01 05:37:42.431, 2902 MHz, 13801 MHz, 0x0000000000000000, 478.57 W, 91 %, 32109 MiB
2026/10/01 05:37:42.945, 2902 MHz, 13801 MHz, 0x0000000000000000, 449.77 W, 92 %, 32109 MiB
2026/10/01 05:37:43.459, 2895 MHz, 13801 MHz, 0x0000000000000004, 483.05 W, 97 %, 32109 MiB
2026/10/01 05:37:43.960, 2902 MHz, 13801 MHz, 0x0000000000000000, 475.34 W, 88 %, 32109 MiB
2026/10/01 05:37:44.475, 2895 MHz, 13801 MHz, 0x0000000000000004, 483.45 W, 96 %, 32109 MiB
2026/10/01 05:37:44.978, 2895 MHz, 13801 MHz, 0x0000000000000004, 518.40 W, 100 %, 32109 MiB
2026/10/01 05:37:45.493, 2895 MHz, 13801 MHz, 0x0000000000000004, 514.44 W, 100 %, 32109 MiB
2026/10/01 05:37:46.004, 2895 MHz, 13801 MHz, 0x0000000000000004, 525.82 W, 100 %, 32109 MiB
2026/10/01 05:37:46.515, 2895 MHz, 13801 MHz, 0x0000000000000004, 543.45 W, 96 %, 32109 MiB
2026/10/01 05:37:47.028, 2895 MHz, 13801 MHz, 0x0000000000000004, 544.84 W, 100 %, 32109 MiB
2026/10/01 05:37:47.542, 2895 MHz, 13801 MHz, 0x0000000000000004, 528.38 W, 100 %, 32109 MiB
2026/10/01 05:37:48.054, 2895 MHz, 13801 MHz, 0x0000000000000004, 521.33 W, 100 %, 32109 MiB
2026/10/01 05:37:48.569, 2895 MHz, 13801 MHz, 0x0000000000000004, 522.85 W, 100 %, 32109 MiB
2026/10/01 05:37:49.083, 2895 MHz, 13801 MHz, 0x0000000000000004, 523.55 W, 100 %, 32114 MiB
2026/10/01 05:37:49.597, 2895 MHz, 13801 MHz, 0x0000000000000004, 498.36 W, 100 %, 32114 MiB
2026/10/01 05:37:50.105, 2902 MHz, 13801 MHz, 0x0000000000000000, 484.66 W, 91 %, 32109 MiB
2026/10/01 05:37:50.619, 2902 MHz, 13801 MHz, 0x0000000000000004, 467.93 W, 93 %, 32109 MiB
2026/10/01 05:37:51.128, 2895 MHz, 13801 MHz, 0x0000000000000000, 481.93 W, 91 %, 32109 MiB
2026/10/01 05:37:51.641, 2902 MHz, 13801 MHz, 0x0000000000000000, 485.30 W, 92 %, 32109 MiB
2026/10/01 05:37:52.151, 2902 MHz, 13801 MHz, 0x0000000000000000, 450.09 W, 92 %, 32109 MiB
2026/10/01 05:37:52.651, 2902 MHz, 13801 MHz, 0x0000000000000000, 450.51 W, 92 %, 32109 MiB
2026/10/01 05:37:53.160, 2902 MHz, 13801 MHz, 0x0000000000000000, 452.74 W, 92 %, 32109 MiB
2026/10/01 05:37:53.670, 2902 MHz, 13801 MHz, 0x0000000000000000, 452.05 W, 92 %, 32109 MiB
2026/10/01 05:37:54.181, 2902 MHz, 13801 MHz, 0x0000000000000000, 449.33 W, 92 %, 32109 MiB
2026/10/01 05:37:54.692, 2902 MHz, 13801 MHz, 0x0000000000000000, 450.17 W, 92 %, 32109 MiB
2026/10/01 05:37:55.202, 2902 MHz, 13801 MHz, 0x0000000000000000, 450.96 W, 92 %, 32109 MiB
2026/10/01 05:37:55.711, 2895 MHz, 13801 MHz, 0x0000000000000004, 484.00 W, 98 %, 32109 MiB
2026/10/01 05:37:56.223, 2902 MHz, 13801 MHz, 0x0000000000000000, 482.63 W, 89 %, 32109 MiB
2026/10/01 05:37:56.736, 2895 MHz, 13801 MHz, 0x0000000000000000, 490.69 W, 91 %, 32109 MiB
2026/10/01 05:37:57.247, 2895 MHz, 13801 MHz, 0x0000000000000004, 510.52 W, 100 %, 32109 MiB
2026/10/01 05:37:57.749, 2895 MHz, 13801 MHz, 0x0000000000000004, 517.72 W, 100 %, 32109 MiB
2026/10/01 05:37:58.260, 2895 MHz, 13801 MHz, 0x0000000000000000, 534.79 W, 92 %, 32109 MiB
2026/10/01 05:37:58.770, 2895 MHz, 13801 MHz, 0x0000000000000004, 508.35 W, 100 %, 32109 MiB
2026/10/01 05:37:59.271, 2895 MHz, 13801 MHz, 0x0000000000000004, 487.02 W, 94 %, 32109 MiB
2026/10/01 05:37:59.786, 2895 MHz, 13801 MHz, 0x0000000000000004, 515.62 W, 100 %, 32109 MiB
2026/10/01 05:38:00.294, 2887 MHz, 13801 MHz, 0x0000000000000004, 544.84 W, 100 %, 32109 MiB
2026/10/01 05:38:00.798, 2895 MHz, 13801 MHz, 0x0000000000000000, 546.20 W, 93 %, 32109 MiB
2026/10/01 05:38:01.301, 2895 MHz, 13801 MHz, 0x0000000000000000, 530.11 W, 93 %, 32109 MiB
2026/10/01 05:38:01.807, 2895 MHz, 13801 MHz, 0x0000000000000004, 515.39 W, 96 %, 32109 MiB
2026/10/01 05:38:02.318, 2895 MHz, 13801 MHz, 0x0000000000000000, 518.98 W, 93 %, 32109 MiB
2026/10/01 05:38:02.828, 2902 MHz, 13801 MHz, 0x0000000000000000, 492.10 W, 89 %, 32109 MiB
2026/10/01 05:38:03.340, 2902 MHz, 13801 MHz, 0x0000000000000000, 451.41 W, 90 %, 32109 MiB
2026/10/01 05:38:03.853, 2895 MHz, 13801 MHz, 0x0000000000000004, 497.16 W, 100 %, 32109 MiB
2026/10/01 05:38:04.368, 2895 MHz, 13801 MHz, 0x0000000000000004, 535.57 W, 100 %, 32109 MiB
2026/10/01 05:38:04.878, 2902 MHz, 13801 MHz, 0x0000000000000000, 506.10 W, 92 %, 32109 MiB
2026/10/01 05:38:05.387, 2902 MHz, 13801 MHz, 0x0000000000000000, 471.43 W, 93 %, 32109 MiB
2026/10/01 05:38:05.896, 2902 MHz, 13801 MHz, 0x0000000000000000, 449.61 W, 90 %, 32109 MiB
2026/10/01 05:38:06.405, 2902 MHz, 13801 MHz, 0x0000000000000000, 449.53 W, 91 %, 32109 MiB
2026/10/01 05:38:06.916, 2902 MHz, 13801 MHz, 0x0000000000000000, 450.49 W, 92 %, 32109 MiB
2026/10/01 05:38:07.427, 2902 MHz, 13801 MHz, 0x0000000000000000, 451.79 W, 93 %, 32109 MiB
2026/10/01 05:38:07.936, 2902 MHz, 13801 MHz, 0x0000000000000000, 451.32 W, 93 %, 32109 MiB
2026/10/01 05:38:08.446, 2902 MHz, 13801 MHz, 0x0000000000000000, 451.13 W, 92 %, 32109 MiB
2026/10/01 05:38:08.957, 2902 MHz, 13801 MHz, 0x0000000000000000, 452.09 W, 92 %, 32109 MiB
2026/10/01 05:38:09.471, 2895 MHz, 13801 MHz, 0x0000000000000004, 481.35 W, 94 %, 32109 MiB
2026/10/01 05:38:09.985, 2895 MHz, 13801 MHz, 0x0000000000000004, 486.30 W, 100 %, 32109 MiB
2026/10/01 05:38:10.496, 2895 MHz, 13801 MHz, 0x0000000000000000, 479.24 W, 88 %, 32114 MiB
2026/10/01 05:38:11.004, 2902 MHz, 13801 MHz, 0x0000000000000000, 472.46 W, 91 %, 32109 MiB
2026/10/01 05:38:11.517, 2895 MHz, 13801 MHz, 0x0000000000000004, 457.55 W, 100 %, 32109 MiB
2026/10/01 05:38:12.028, 2895 MHz, 13801 MHz, 0x0000000000000004, 508.75 W, 100 %, 32109 MiB
2026/10/01 05:38:12.540, 2895 MHz, 13801 MHz, 0x0000000000000004, 540.69 W, 100 %, 32109 MiB
2026/10/01 05:38:13.050, 2895 MHz, 13801 MHz, 0x0000000000000004, 519.74 W, 98 %, 32109 MiB
2026/10/01 05:38:13.564, 2902 MHz, 13801 MHz, 0x0000000000000004, 496.40 W, 100 %, 32109 MiB
2026/10/01 05:38:14.077, 2895 MHz, 13801 MHz, 0x0000000000000004, 501.60 W, 97 %, 32109 MiB
2026/10/01 05:38:14.592, 2895 MHz, 13801 MHz, 0x0000000000000004, 516.45 W, 96 %, 32109 MiB
2026/10/01 05:38:15.106, 2895 MHz, 13801 MHz, 0x0000000000000004, 533.28 W, 100 %, 32109 MiB
2026/10/01 05:38:15.620, 2895 MHz, 13801 MHz, 0x0000000000000004, 542.30 W, 97 %, 32109 MiB
2026/10/01 05:38:16.131, 2895 MHz, 13801 MHz, 0x0000000000000000, 528.66 W, 93 %, 32109 MiB
2026/10/01 05:38:16.643, 2895 MHz, 13801 MHz, 0x0000000000000004, 508.39 W, 100 %, 32109 MiB
2026/10/01 05:38:17.156, 2902 MHz, 13801 MHz, 0x0000000000000000, 486.85 W, 91 %, 32109 MiB
2026/10/01 05:38:17.664, 2895 MHz, 13801 MHz, 0x0000000000000000, 481.97 W, 91 %, 32109 MiB
2026/10/01 05:38:18.175, 2902 MHz, 13801 MHz, 0x0000000000000004, 486.02 W, 95 %, 32109 MiB
2026/10/01 05:38:18.689, 2895 MHz, 13801 MHz, 0x0000000000000000, 483.15 W, 93 %, 32109 MiB
2026/10/01 05:38:19.203, 2895 MHz, 13801 MHz, 0x0000000000000000, 510.73 W, 91 %, 32109 MiB
2026/10/01 05:38:19.713, 2902 MHz, 13801 MHz, 0x0000000000000000, 481.80 W, 91 %, 32109 MiB
2026/10/01 05:38:20.225, 2902 MHz, 13801 MHz, 0x0000000000000000, 452.06 W, 91 %, 32109 MiB
2026/10/01 05:38:20.732, 2902 MHz, 13801 MHz, 0x0000000000000000, 452.18 W, 93 %, 32109 MiB
2026/10/01 05:38:21.244, 2902 MHz, 13801 MHz, 0x0000000000000000, 453.42 W, 93 %, 32109 MiB
2026/10/01 05:38:21.757, 2902 MHz, 13801 MHz, 0x0000000000000000, 452.54 W, 91 %, 32109 MiB
2026/10/01 05:38:22.270, 2902 MHz, 13801 MHz, 0x0000000000000000, 452.10 W, 91 %, 32109 MiB
2026/10/01 05:38:22.783, 2902 MHz, 13801 MHz, 0x0000000000000000, 452.65 W, 93 %, 32109 MiB
2026/10/01 05:38:23.295, 2902 MHz, 13801 MHz, 0x0000000000000000, 454.82 W, 91 %, 32109 MiB
2026/10/01 05:38:23.805, 2895 MHz, 13801 MHz, 0x0000000000000000, 482.44 W, 90 %, 32109 MiB
2026/10/01 05:38:24.313, 2902 MHz, 13801 MHz, 0x0000000000000000, 481.35 W, 92 %, 32109 MiB
2026/10/01 05:38:24.822, 2895 MHz, 13801 MHz, 0x0000000000000004, 467.43 W, 100 %, 32109 MiB
2026/10/01 05:38:25.336, 2895 MHz, 13801 MHz, 0x0000000000000004, 494.19 W, 100 %, 32109 MiB
2026/10/01 05:38:25.845, 2902 MHz, 13801 MHz, 0x0000000000000000, 490.25 W, 89 %, 32109 MiB
2026/10/01 05:38:26.346, 2895 MHz, 13801 MHz, 0x0000000000000004, 497.86 W, 100 %, 32109 MiB
2026/10/01 05:38:26.847, 2895 MHz, 13801 MHz, 0x0000000000000004, 518.43 W, 93 %, 32109 MiB
2026/10/01 05:38:27.360, 2895 MHz, 13801 MHz, 0x0000000000000004, 536.00 W, 100 %, 32109 MiB
2026/10/01 05:38:27.875, 2895 MHz, 13801 MHz, 0x0000000000000004, 523.35 W, 100 %, 32109 MiB
2026/10/01 05:38:28.384, 2895 MHz, 13801 MHz, 0x0000000000000004, 511.75 W, 100 %, 32109 MiB
2026/10/01 05:38:28.895, 2895 MHz, 13801 MHz, 0x0000000000000004, 495.87 W, 94 %, 32109 MiB
2026/10/01 05:38:29.406, 2895 MHz, 13801 MHz, 0x0000000000000000, 483.26 W, 91 %, 32109 MiB
2026/10/01 05:38:29.919, 2895 MHz, 13801 MHz, 0x0000000000000004, 500.16 W, 96 %, 32109 MiB
2026/10/01 05:38:30.431, 2895 MHz, 13801 MHz, 0x0000000000000000, 501.83 W, 91 %, 32109 MiB
2026/10/01 05:38:30.941, 2895 MHz, 13801 MHz, 0x0000000000000000, 503.24 W, 89 %, 32109 MiB
2026/10/01 05:38:31.452, 2902 MHz, 13801 MHz, 0x0000000000000000, 472.89 W, 90 %, 32114 MiB
2026/10/01 05:38:31.964, 2895 MHz, 13801 MHz, 0x0000000000000000, 473.95 W, 91 %, 32114 MiB
2026/10/01 05:38:32.466, 2925 MHz, 13801 MHz, 0x0000000000000000, 326.25 W, 0 %, 32109 MiB
2026/10/01 05:38:32.978, 2925 MHz, 13801 MHz, 0x0000000000000000, 114.31 W, 0 %, 32109 MiB
2026/10/01 05:38:33.480, 2925 MHz, 13801 MHz, 0x0000000000000000, 102.86 W, 0 %, 32109 MiB
2026/10/01 05:38:33.991, 1522 MHz, 13801 MHz, 0x0000000000000000, 92.50 W, 0 %, 32109 MiB
2026/10/01 05:38:34.492, 525 MHz, 7001 MHz, 0x0000000000000000, 61.38 W, 0 %, 32109 MiB
2026/10/01 05:38:35.005, 420 MHz, 7001 MHz, 0x0000000000000000, 40.58 W, 0 %, 32109 MiB
2026/10/01 05:38:35.520, 420 MHz, 7001 MHz, 0x0000000000000000, 40.58 W, 0 %, 32109 MiB
2026/10/01 05:38:36.035, 270 MHz, 7001 MHz, 0x0000000000000000, 38.54 W, 0 %, 32109 MiB
2026/10/01 05:38:36.551, 270 MHz, 7001 MHz, 0x0000000000000000, 38.54 W, 0 %, 32109 MiB
2026/10/01 05:38:37.062, 180 MHz, 7001 MHz, 0x0000000000000000, 38.47 W, 0 %, 32109 MiB
2026/10/01 05:38:37.564, 180 MHz, 7001 MHz, 0x0000000000000000, 38.47 W, 0 %, 32109 MiB
2026/10/01 05:38:38.079, 180 MHz, 7001 MHz, 0x0000000000000000, 38.23 W, 0 %, 32109 MiB
2026/10/01 05:38:38.595, 180 MHz, 7001 MHz, 0x0000000000000000, 38.23 W, 0 %, 32109 MiB
2026/10/01 05:38:39.110, 172 MHz, 810 MHz, 0x0000000000000000, 30.99 W, 0 %, 32109 MiB
2026/10/01 05:38:39.623, 172 MHz, 810 MHz, 0x0000000000000000, 30.99 W, 0 %, 32109 MiB
2026/10/01 05:38:40.125, 180 MHz, 405 MHz, 0x0000000000000000, 16.07 W, 0 %, 32109 MiB
2026/10/01 05:38:40.638, 180 MHz, 405 MHz, 0x0000000000000000, 16.07 W, 0 %, 32109 MiB
2026/10/01 05:38:41.152, 180 MHz, 405 MHz, 0x0000000000000000, 15.02 W, 0 %, 32109 MiB
2026/10/01 05:38:41.663, 180 MHz, 405 MHz, 0x0000000000000000, 15.02 W, 0 %, 32109 MiB
2026/10/01 05:38:42.165, 180 MHz, 405 MHz, 0x0000000000000000, 13.73 W, 0 %, 32109 MiB
2026/10/01 05:38:42.667, 180 MHz, 405 MHz, 0x0000000000000000, 13.73 W, 0 %, 32109 MiB
2026/10/01 05:38:43.177, 180 MHz, 405 MHz, 0x0000000000000000, 14.58 W, 0 %, 32109 MiB
2026/10/01 05:38:43.691, 180 MHz, 405 MHz, 0x0000000000000000, 15.36 W, 0 %, 32109 MiB
2026/10/01 05:38:44.203, 180 MHz, 405 MHz, 0x0000000000000000, 17.36 W, 0 %, 32109 MiB
2026/10/01 05:38:44.716, 180 MHz, 405 MHz, 0x0000000000000000, 17.36 W, 0 %, 32109 MiB
2026/10/01 05:38:45.231, 180 MHz, 405 MHz, 0x0000000000000000, 13.67 W, 0 %, 32109 MiB
2026/10/01 05:38:45.746, 180 MHz, 405 MHz, 0x0000000000000000, 13.67 W, 0 %, 32109 MiB
2026/10/01 05:38:46.259, 180 MHz, 405 MHz, 0x0000000000000000, 12.90 W, 0 %, 32109 MiB
2026/10/01 05:38:46.771, 180 MHz, 405 MHz, 0x0000000000000000, 12.90 W, 0 %, 32109 MiB
2026/10/01 05:38:47.284, 180 MHz, 405 MHz, 0x0000000000000000, 12.74 W, 0 %, 32109 MiB
2026/10/01 05:38:47.796, 180 MHz, 405 MHz, 0x0000000000000000, 12.74 W, 0 %, 32109 MiB
2026/10/01 05:38:48.308, 2932 MHz, 13801 MHz, 0x0000000000000000, 57.22 W, 86 %, 32109 MiB
2026/10/01 05:38:48.819, 2902 MHz, 13801 MHz, 0x0000000000000000, 167.20 W, 79 %, 32109 MiB
2026/10/01 05:38:49.320, 2902 MHz, 13801 MHz, 0x0000000000000000, 474.13 W, 86 %, 32109 MiB
2026/10/01 05:38:49.833, 2902 MHz, 13801 MHz, 0x0000000000000000, 466.99 W, 87 %, 32109 MiB
2026/10/01 05:38:50.346, 2902 MHz, 13801 MHz, 0x0000000000000000, 465.95 W, 92 %, 32109 MiB
2026/10/01 05:38:50.859, 2902 MHz, 13801 MHz, 0x0000000000000000, 480.11 W, 93 %, 32109 MiB
2026/10/01 05:38:51.361, 2902 MHz, 13801 MHz, 0x0000000000000000, 492.88 W, 93 %, 32109 MiB
2026/10/01 05:38:51.875, 2902 MHz, 13801 MHz, 0x0000000000000000, 492.17 W, 93 %, 32109 MiB
2026/10/01 05:38:52.376, 2902 MHz, 13801 MHz, 0x0000000000000000, 493.02 W, 93 %, 32111 MiB
2026/10/01 05:38:52.882, 2902 MHz, 13801 MHz, 0x0000000000000000, 486.10 W, 94 %, 32114 MiB
2026/10/01 05:38:53.396, 2902 MHz, 13801 MHz, 0x0000000000000000, 483.92 W, 85 %, 32109 MiB
2026/10/01 05:38:53.911, 2895 MHz, 13801 MHz, 0x0000000000000000, 486.14 W, 93 %, 32109 MiB
2026/10/01 05:38:54.415, 2902 MHz, 13801 MHz, 0x0000000000000000, 488.84 W, 93 %, 32109 MiB
2026/10/01 05:38:54.927, 2902 MHz, 13801 MHz, 0x0000000000000000, 495.35 W, 93 %, 32109 MiB
2026/10/01 05:38:55.442, 2902 MHz, 13801 MHz, 0x0000000000000000, 496.79 W, 93 %, 32109 MiB
2026/10/01 05:38:55.943, 2902 MHz, 13801 MHz, 0x0000000000000000, 496.09 W, 93 %, 32109 MiB
2026/10/01 05:38:56.445, 2895 MHz, 13801 MHz, 0x0000000000000000, 495.14 W, 91 %, 32109 MiB
2026/10/01 05:38:56.946, 2895 MHz, 13801 MHz, 0x0000000000000000, 485.42 W, 93 %, 32109 MiB
2026/10/01 05:38:57.450, 2895 MHz, 13801 MHz, 0x0000000000000000, 484.92 W, 95 %, 32109 MiB
2026/10/01 05:38:57.963, 2895 MHz, 13801 MHz, 0x0000000000000000, 498.13 W, 94 %, 32109 MiB
2026/10/01 05:38:58.465, 2895 MHz, 13801 MHz, 0x0000000000000000, 499.77 W, 93 %, 32109 MiB
2026/10/01 05:38:58.981, 2895 MHz, 13801 MHz, 0x0000000000000000, 497.45 W, 94 %, 32109 MiB
2026/10/01 05:39:09.907, 180 MHz, 405 MHz, 0x0000000000000000, 16.06 W, 0 %, 32142 MiB
2026/10/01 05:39:10.410, 2332 MHz, 13801 MHz, 0x0000000000000000, 70.27 W, 91 %, 32142 MiB
2026/10/01 05:39:10.925, 2902 MHz, 13801 MHz, 0x0000000000000000, 279.07 W, 94 %, 32142 MiB
2026/10/01 05:39:11.429, 2902 MHz, 13801 MHz, 0x0000000000000000, 482.66 W, 94 %, 32142 MiB
2026/10/01 05:39:11.933, 2902 MHz, 13801 MHz, 0x0000000000000000, 492.40 W, 94 %, 32142 MiB
2026/10/01 05:39:12.434, 2902 MHz, 13801 MHz, 0x0000000000000000, 494.08 W, 94 %, 32142 MiB
2026/10/01 05:39:12.937, 2902 MHz, 13801 MHz, 0x0000000000000000, 473.83 W, 92 %, 32142 MiB
2026/10/01 05:39:13.440, 2902 MHz, 13801 MHz, 0x0000000000000000, 473.63 W, 93 %, 32145 MiB
2026/10/01 05:39:13.953, 2902 MHz, 13801 MHz, 0x0000000000000000, 484.10 W, 94 %, 32145 MiB
2026/10/01 05:39:14.467, 2902 MHz, 13801 MHz, 0x0000000000000000, 487.30 W, 94 %, 32142 MiB
2026/10/01 05:39:14.980, 2902 MHz, 13801 MHz, 0x0000000000000000, 484.93 W, 94 %, 32142 MiB
2026/10/01 05:39:15.496, 2902 MHz, 13801 MHz, 0x0000000000000000, 485.61 W, 94 %, 32142 MiB
2026/10/01 05:39:16.009, 2902 MHz, 13801 MHz, 0x0000000000000000, 483.92 W, 93 %, 32142 MiB
2026/10/01 05:39:16.510, 2902 MHz, 13801 MHz, 0x0000000000000000, 485.45 W, 93 %, 32147 MiB
2026/10/01 05:39:17.022, 2895 MHz, 13801 MHz, 0x0000000000000000, 495.98 W, 93 %, 32147 MiB
2026/10/01 05:39:17.536, 2895 MHz, 13801 MHz, 0x0000000000000000, 495.89 W, 94 %, 32148 MiB
2026/10/01 05:39:18.051, 2895 MHz, 13801 MHz, 0x0000000000000000, 495.83 W, 94 %, 32148 MiB
2026/10/01 05:39:18.553, 2895 MHz, 13801 MHz, 0x0000000000000000, 496.01 W, 94 %, 32148 MiB
2026/10/01 05:39:19.055, 2895 MHz, 13801 MHz, 0x0000000000000000, 499.93 W, 94 %, 32148 MiB
2026/10/01 05:39:19.556, 2895 MHz, 13801 MHz, 0x0000000000000000, 500.03 W, 94 %, 32148 MiB
2026/10/01 05:39:20.072, 2895 MHz, 13801 MHz, 0x0000000000000000, 496.38 W, 94 %, 32148 MiB
2026/10/01 05:39:20.586, 2895 MHz, 13801 MHz, 0x0000000000000000, 496.98 W, 93 %, 31988 MiB
2026/10/01 05:39:21.098, 2895 MHz, 13801 MHz, 0x0000000000000000, 487.38 W, 69 %, 31988 MiB
2026/10/01 05:39:21.599, 2925 MHz, 13801 MHz, 0x0000000000000000, 286.83 W, 0 %, 31988 MiB
2026/10/01 05:39:22.113, 2925 MHz, 13801 MHz, 0x0000000000000000, 127.35 W, 0 %, 31988 MiB
2026/10/01 05:39:22.626, 2925 MHz, 13801 MHz, 0x0000000000000000, 96.64 W, 0 %, 31988 MiB
2026/10/01 05:39:23.140, 1485 MHz, 13801 MHz, 0x0000000000000000, 86.54 W, 0 %, 31988 MiB
2026/10/01 05:39:23.644, 472 MHz, 7001 MHz, 0x0000000000000000, 61.82 W, 0 %, 31988 MiB
2026/10/01 05:39:24.157, 382 MHz, 7001 MHz, 0x0000000000000000, 38.21 W, 0 %, 31988 MiB
2026/10/01 05:39:24.673, 300 MHz, 7001 MHz, 0x0000000000000000, 36.72 W, 0 %, 31988 MiB
2026/10/01 05:39:25.187, 240 MHz, 7001 MHz, 0x0000000000000000, 36.62 W, 0 %, 31988 MiB
2026/10/01 05:39:25.702, 240 MHz, 7001 MHz, 0x0000000000000000, 36.62 W, 0 %, 31988 MiB
2026/10/01 05:39:26.214, 180 MHz, 7001 MHz, 0x0000000000000000, 36.31 W, 0 %, 31988 MiB
2026/10/01 05:39:26.728, 180 MHz, 7001 MHz, 0x0000000000000000, 36.31 W, 0 %, 31988 MiB
2026/10/01 05:39:27.230, 187 MHz, 810 MHz, 0x0000000000000000, 30.63 W, 0 %, 31988 MiB
2026/10/01 05:39:27.730, 187 MHz, 810 MHz, 0x0000000000000000, 30.63 W, 0 %, 31988 MiB
2026/10/01 05:39:28.243, 180 MHz, 810 MHz, 0x0000000000000000, 23.65 W, 0 %, 31988 MiB
2026/10/01 05:39:28.744, 180 MHz, 810 MHz, 0x0000000000000000, 23.65 W, 0 %, 31988 MiB
2026/10/01 05:39:29.256, 180 MHz, 405 MHz, 0x0000000000000000, 12.54 W, 0 %, 31988 MiB
2026/10/01 05:39:29.757, 180 MHz, 405 MHz, 0x0000000000000000, 12.54 W, 0 %, 31988 MiB
2026/10/01 05:39:30.257, 172 MHz, 405 MHz, 0x0000000000000000, 12.52 W, 0 %, 31988 MiB
2026/10/01 05:39:30.770, 172 MHz, 405 MHz, 0x0000000000000000, 12.52 W, 0 %, 31988 MiB
2026/10/01 05:39:31.285, 180 MHz, 405 MHz, 0x0000000000000000, 12.23 W, 0 %, 31988 MiB
2026/10/01 05:39:31.799, 180 MHz, 405 MHz, 0x0000000000000000, 12.23 W, 0 %, 31988 MiB
2026/10/01 05:39:32.314, 180 MHz, 405 MHz, 0x0000000000000000, 12.19 W, 0 %, 31988 MiB
2026/10/01 05:39:32.816, 180 MHz, 405 MHz, 0x0000000000000000, 12.19 W, 0 %, 31988 MiB
2026/10/01 05:39:33.331, 180 MHz, 405 MHz, 0x0000000000000000, 13.10 W, 1 %, 31988 MiB
2026/10/01 05:39:33.843, 2910 MHz, 13801 MHz, 0x0000000000000000, 106.30 W, 100 %, 31988 MiB
2026/10/01 05:39:34.357, 2902 MHz, 13801 MHz, 0x0000000000000004, 308.55 W, 100 %, 31993 MiB
2026/10/01 05:39:34.871, 2902 MHz, 13801 MHz, 0x0000000000000004, 480.28 W, 96 %, 31993 MiB
2026/10/01 05:39:35.385, 2902 MHz, 13801 MHz, 0x0000000000000000, 482.21 W, 100 %, 31988 MiB
2026/10/01 05:39:35.886, 2902 MHz, 13801 MHz, 0x0000000000000004, 496.98 W, 100 %, 31988 MiB
2026/10/01 05:39:36.388, 2895 MHz, 13801 MHz, 0x0000000000000000, 503.75 W, 100 %, 31988 MiB
2026/10/01 05:39:36.899, 2902 MHz, 13801 MHz, 0x0000000000000000, 495.09 W, 100 %, 31988 MiB
2026/10/01 05:39:37.413, 2895 MHz, 13801 MHz, 0x0000000000000004, 504.05 W, 100 %, 31988 MiB
2026/10/01 05:39:37.926, 2895 MHz, 13801 MHz, 0x0000000000000000, 505.90 W, 100 %, 31988 MiB
2026/10/01 05:39:38.439, 2895 MHz, 13801 MHz, 0x0000000000000000, 505.42 W, 100 %, 31988 MiB
2026/10/01 05:39:38.955, 2895 MHz, 13801 MHz, 0x0000000000000000, 503.30 W, 100 %, 31988 MiB
2026/10/01 05:39:39.470, 2895 MHz, 13801 MHz, 0x0000000000000000, 504.37 W, 100 %, 31988 MiB
2026/10/01 05:39:39.985, 2895 MHz, 13801 MHz, 0x0000000000000000, 502.65 W, 100 %, 31988 MiB
2026/10/01 05:39:40.500, 2895 MHz, 13801 MHz, 0x0000000000000000, 503.37 W, 100 %, 31988 MiB
2026/10/01 05:39:41.001, 2895 MHz, 13801 MHz, 0x0000000000000000, 498.23 W, 100 %, 31988 MiB
2026/10/01 05:39:41.516, 2895 MHz, 13801 MHz, 0x0000000000000000, 500.65 W, 100 %, 31988 MiB
2026/10/01 05:39:42.016, 2895 MHz, 13801 MHz, 0x0000000000000000, 506.17 W, 100 %, 31988 MiB
2026/10/01 05:39:42.527, 2895 MHz, 13801 MHz, 0x0000000000000000, 504.16 W, 100 %, 31988 MiB
2026/10/01 05:39:43.043, 2895 MHz, 13801 MHz, 0x0000000000000004, 502.38 W, 100 %, 31988 MiB
2026/10/01 05:39:43.546, 2895 MHz, 13801 MHz, 0x0000000000000004, 504.49 W, 100 %, 31988 MiB
2026/10/01 05:39:44.047, 2895 MHz, 13801 MHz, 0x0000000000000000, 506.61 W, 100 %, 31988 MiB
2026/10/01 05:39:44.559, 2895 MHz, 13801 MHz, 0x0000000000000000, 507.42 W, 100 %, 31988 MiB
2026/10/01 05:39:45.071, 2895 MHz, 13801 MHz, 0x0000000000000004, 514.68 W, 100 %, 31988 MiB
2026/10/01 05:39:45.586, 2895 MHz, 13801 MHz, 0x0000000000000004, 511.41 W, 100 %, 31988 MiB
2026/10/01 05:39:46.099, 2895 MHz, 13801 MHz, 0x0000000000000000, 496.96 W, 91 %, 31988 MiB
2026/10/01 05:39:46.610, 2887 MHz, 13801 MHz, 0x0000000000000000, 479.98 W, 93 %, 31988 MiB
2026/10/01 05:39:47.110, 2887 MHz, 13801 MHz, 0x0000000000000000, 467.25 W, 92 %, 31988 MiB
2026/10/01 05:39:47.621, 2887 MHz, 13801 MHz, 0x0000000000000000, 467.40 W, 93 %, 31988 MiB
2026/10/01 05:39:48.130, 2887 MHz, 13801 MHz, 0x0000000000000000, 468.07 W, 93 %, 31988 MiB
2026/10/01 05:39:48.642, 2887 MHz, 13801 MHz, 0x0000000000000000, 468.64 W, 93 %, 31988 MiB
2026/10/01 05:39:49.155, 2887 MHz, 13801 MHz, 0x0000000000000000, 469.04 W, 93 %, 31988 MiB
2026/10/01 05:39:49.664, 2887 MHz, 13801 MHz, 0x0000000000000000, 468.07 W, 93 %, 31988 MiB
2026/10/01 05:39:50.169, 2887 MHz, 13801 MHz, 0x0000000000000000, 465.38 W, 92 %, 31988 MiB
2026/10/01 05:39:50.681, 2887 MHz, 13801 MHz, 0x0000000000000000, 464.92 W, 93 %, 31988 MiB
2026/10/01 05:39:51.194, 2887 MHz, 13801 MHz, 0x0000000000000000, 465.81 W, 92 %, 31988 MiB
2026/10/01 05:39:51.705, 2887 MHz, 13801 MHz, 0x0000000000000000, 464.63 W, 92 %, 31988 MiB
2026/10/01 05:39:52.217, 2887 MHz, 13801 MHz, 0x0000000000000000, 464.94 W, 92 %, 31988 MiB
2026/10/01 05:39:52.728, 2887 MHz, 13801 MHz, 0x0000000000000000, 466.65 W, 94 %, 31988 MiB
2026/10/01 05:39:53.240, 2887 MHz, 13801 MHz, 0x0000000000000000, 466.46 W, 91 %, 31988 MiB
2026/10/01 05:39:53.748, 2887 MHz, 13801 MHz, 0x0000000000000000, 465.86 W, 92 %, 31988 MiB
2026/10/01 05:39:54.255, 2887 MHz, 13801 MHz, 0x0000000000000000, 465.89 W, 92 %, 31988 MiB
2026/10/01 05:39:54.762, 2887 MHz, 13801 MHz, 0x0000000000000000, 465.57 W, 91 %, 31988 MiB
2026/10/01 05:39:55.271, 2887 MHz, 13801 MHz, 0x0000000000000000, 463.82 W, 91 %, 31988 MiB
2026/10/01 05:39:55.779, 2887 MHz, 13801 MHz, 0x0000000000000000, 461.08 W, 92 %, 31990 MiB
2026/10/01 05:39:56.287, 2887 MHz, 13801 MHz, 0x0000000000000000, 461.02 W, 92 %, 31988 MiB
2026/10/01 05:39:56.795, 2887 MHz, 13801 MHz, 0x0000000000000000, 465.76 W, 93 %, 31988 MiB
2026/10/01 05:39:57.305, 2887 MHz, 13801 MHz, 0x0000000000000000, 466.98 W, 92 %, 31988 MiB
2026/10/01 05:39:57.814, 2887 MHz, 13801 MHz, 0x0000000000000000, 467.68 W, 91 %, 31988 MiB
2026/10/01 05:39:58.322, 2887 MHz, 13801 MHz, 0x0000000000000000, 467.28 W, 93 %, 31988 MiB
2026/10/01 05:39:58.834, 2887 MHz, 13801 MHz, 0x0000000000000000, 464.41 W, 92 %, 31988 MiB
2026/10/01 05:39:59.344, 2895 MHz, 13801 MHz, 0x0000000000000000, 453.51 W, 91 %, 31988 MiB
2026/10/01 05:39:59.853, 2902 MHz, 13801 MHz, 0x0000000000000000, 427.73 W, 91 %, 31988 MiB
2026/10/01 05:40:00.366, 2895 MHz, 13801 MHz, 0x0000000000000004, 431.90 W, 89 %, 31988 MiB
2026/10/01 05:40:00.867, 2895 MHz, 13801 MHz, 0x0000000000000000, 474.52 W, 100 %, 31988 MiB
2026/10/01 05:40:01.380, 2910 MHz, 13801 MHz, 0x0000000000000000, 428.79 W, 100 %, 31988 MiB
2026/10/01 05:40:01.894, 2910 MHz, 13801 MHz, 0x0000000000000000, 308.75 W, 100 %, 31988 MiB
2026/10/01 05:40:02.396, 2910 MHz, 13801 MHz, 0x0000000000000000, 259.39 W, 100 %, 31988 MiB
2026/10/01 05:40:02.898, 2917 MHz, 13801 MHz, 0x0000000000000000, 259.74 W, 100 %, 31988 MiB
2026/10/01 05:40:03.414, 2910 MHz, 13801 MHz, 0x0000000000000000, 255.38 W, 100 %, 31988 MiB
2026/10/01 05:40:03.926, 2917 MHz, 13801 MHz, 0x0000000000000000, 252.97 W, 100 %, 31988 MiB
2026/10/01 05:40:04.440, 2917 MHz, 13801 MHz, 0x0000000000000000, 236.19 W, 100 %, 31988 MiB
2026/10/01 05:40:04.956, 2917 MHz, 13801 MHz, 0x0000000000000000, 227.72 W, 100 %, 31988 MiB
2026/10/01 05:40:05.467, 2917 MHz, 13801 MHz, 0x0000000000000000, 233.55 W, 100 %, 31988 MiB
2026/10/01 05:40:05.978, 2917 MHz, 13801 MHz, 0x0000000000000000, 234.69 W, 100 %, 31988 MiB
2026/10/01 05:40:06.492, 2917 MHz, 13801 MHz, 0x0000000000000000, 235.64 W, 100 %, 31988 MiB
2026/10/01 05:40:07.005, 2917 MHz, 13801 MHz, 0x0000000000000000, 229.82 W, 100 %, 31988 MiB
2026/10/01 05:40:07.514, 2895 MHz, 13801 MHz, 0x0000000000000000, 347.17 W, 100 %, 31988 MiB
2026/10/01 05:40:08.028, 2902 MHz, 13801 MHz, 0x0000000000000000, 430.51 W, 100 %, 31988 MiB
2026/10/01 05:40:08.543, 2917 MHz, 13801 MHz, 0x0000000000000000, 315.21 W, 100 %, 31988 MiB
2026/10/01 05:40:09.046, 2917 MHz, 13801 MHz, 0x0000000000000000, 233.84 W, 100 %, 31988 MiB
2026/10/01 05:40:09.547, 2917 MHz, 13801 MHz, 0x0000000000000000, 232.69 W, 100 %, 31988 MiB
2026/10/01 05:40:10.062, 2917 MHz, 13801 MHz, 0x0000000000000000, 231.55 W, 100 %, 31988 MiB
2026/10/01 05:40:10.574, 2917 MHz, 13801 MHz, 0x0000000000000000, 227.76 W, 100 %, 31988 MiB
2026/10/01 05:40:11.089, 2917 MHz, 13801 MHz, 0x0000000000000000, 227.26 W, 100 %, 31988 MiB
2026/10/01 05:40:11.604, 2895 MHz, 13801 MHz, 0x0000000000000000, 367.38 W, 100 %, 31988 MiB
2026/10/01 05:40:12.117, 2895 MHz, 13801 MHz, 0x0000000000000000, 509.77 W, 100 %, 31988 MiB
2026/10/01 05:40:12.629, 2895 MHz, 13801 MHz, 0x0000000000000004, 510.22 W, 96 %, 31988 MiB
2026/10/01 05:40:13.142, 2895 MHz, 13801 MHz, 0x0000000000000004, 508.07 W, 100 %, 31988 MiB
2026/10/01 05:40:13.656, 2895 MHz, 13801 MHz, 0x0000000000000000, 510.49 W, 100 %, 31988 MiB
2026/10/01 05:40:14.157, 2895 MHz, 13801 MHz, 0x0000000000000004, 515.29 W, 96 %, 31988 MiB
2026/10/01 05:40:14.670, 2895 MHz, 13801 MHz, 0x0000000000000004, 506.15 W, 100 %, 31988 MiB
2026/10/01 05:40:15.183, 2895 MHz, 13801 MHz, 0x0000000000000004, 503.54 W, 100 %, 31988 MiB
2026/10/01 05:40:15.697, 2895 MHz, 13801 MHz, 0x0000000000000004, 504.52 W, 96 %, 31988 MiB
2026/10/01 05:40:16.213, 2895 MHz, 13801 MHz, 0x0000000000000000, 510.15 W, 100 %, 31988 MiB
2026/10/01 05:40:16.714, 2895 MHz, 13801 MHz, 0x0000000000000000, 504.88 W, 100 %, 31993 MiB
2026/10/01 05:40:17.218, 2895 MHz, 13801 MHz, 0x0000000000000000, 501.54 W, 100 %, 31990 MiB
2026/10/01 05:40:17.732, 2895 MHz, 13801 MHz, 0x0000000000000000, 511.53 W, 100 %, 31990 MiB
2026/10/01 05:40:18.246, 2895 MHz, 13801 MHz, 0x0000000000000000, 510.01 W, 96 %, 31988 MiB
2026/10/01 05:40:18.760, 2895 MHz, 13801 MHz, 0x0000000000000004, 504.99 W, 100 %, 31988 MiB
2026/10/01 05:40:19.273, 2887 MHz, 13801 MHz, 0x0000000000000000, 496.70 W, 92 %, 31988 MiB
2026/10/01 05:40:19.788, 2887 MHz, 13801 MHz, 0x0000000000000000, 483.88 W, 93 %, 31988 MiB
2026/10/01 05:40:20.299, 2887 MHz, 13801 MHz, 0x0000000000000000, 469.59 W, 94 %, 31988 MiB
2026/10/01 05:40:20.811, 2887 MHz, 13801 MHz, 0x0000000000000000, 470.05 W, 93 %, 31988 MiB
2026/10/01 05:40:21.325, 2887 MHz, 13801 MHz, 0x0000000000000000, 469.14 W, 91 %, 31988 MiB
2026/10/01 05:40:21.835, 2887 MHz, 13801 MHz, 0x0000000000000000, 468.21 W, 93 %, 31988 MiB
2026/10/01 05:40:22.347, 2887 MHz, 13801 MHz, 0x0000000000000000, 468.02 W, 93 %, 31988 MiB
2026/10/01 05:40:22.858, 2887 MHz, 13801 MHz, 0x0000000000000000, 469.94 W, 93 %, 31988 MiB
2026/10/01 05:40:23.368, 2887 MHz, 13801 MHz, 0x0000000000000000, 470.40 W, 92 %, 31988 MiB
2026/10/01 05:40:23.880, 2887 MHz, 13801 MHz, 0x0000000000000000, 470.37 W, 93 %, 31988 MiB
2026/10/01 05:40:24.391, 2887 MHz, 13801 MHz, 0x0000000000000000, 470.36 W, 92 %, 31988 MiB
2026/10/01 05:40:24.902, 2887 MHz, 13801 MHz, 0x0000000000000000, 470.71 W, 92 %, 31988 MiB
2026/10/01 05:40:25.415, 2887 MHz, 13801 MHz, 0x0000000000000000, 469.33 W, 91 %, 31988 MiB
2026/10/01 05:40:25.926, 2887 MHz, 13801 MHz, 0x0000000000000000, 467.57 W, 92 %, 31988 MiB
2026/10/01 05:40:26.435, 2887 MHz, 13801 MHz, 0x0000000000000000, 464.70 W, 91 %, 31988 MiB
2026/10/01 05:40:26.944, 2887 MHz, 13801 MHz, 0x0000000000000000, 464.33 W, 91 %, 31988 MiB
2026/10/01 05:40:27.445, 2887 MHz, 13801 MHz, 0x0000000000000000, 467.41 W, 92 %, 31988 MiB
2026/10/01 05:40:27.956, 2887 MHz, 13801 MHz, 0x0000000000000000, 470.22 W, 93 %, 31988 MiB
2026/10/01 05:40:28.470, 2887 MHz, 13801 MHz, 0x0000000000000000, 470.51 W, 92 %, 31988 MiB
2026/10/01 05:40:28.978, 2887 MHz, 13801 MHz, 0x0000000000000000, 470.45 W, 92 %, 31988 MiB
2026/10/01 05:40:29.491, 2887 MHz, 13801 MHz, 0x0000000000000000, 469.88 W, 91 %, 31988 MiB
2026/10/01 05:40:30.006, 2887 MHz, 13801 MHz, 0x0000000000000000, 468.76 W, 100 %, 31988 MiB
2026/10/01 05:40:30.506, 2887 MHz, 13801 MHz, 0x0000000000000000, 469.62 W, 91 %, 31988 MiB
2026/10/01 05:40:31.019, 2895 MHz, 13801 MHz, 0x0000000000000000, 474.23 W, 100 %, 31988 MiB
2026/10/01 05:40:31.534, 2895 MHz, 13801 MHz, 0x0000000000000000, 479.67 W, 100 %, 31988 MiB
2026/10/01 05:40:32.049, 2895 MHz, 13801 MHz, 0x0000000000000000, 484.90 W, 100 %, 31988 MiB
2026/10/01 05:40:32.560, 2895 MHz, 13801 MHz, 0x0000000000000000, 484.29 W, 100 %, 31988 MiB
2026/10/01 05:40:33.074, 2887 MHz, 13801 MHz, 0x0000000000000000, 477.79 W, 94 %, 31988 MiB
2026/10/01 05:40:33.587, 2895 MHz, 13801 MHz, 0x0000000000000000, 477.33 W, 94 %, 31988 MiB
2026/10/01 05:40:34.098, 2895 MHz, 13801 MHz, 0x0000000000000000, 479.76 W, 96 %, 31988 MiB
2026/10/01 05:40:34.611, 2887 MHz, 13801 MHz, 0x0000000000000000, 478.32 W, 89 %, 31988 MiB
2026/10/01 05:40:35.126, 2895 MHz, 13801 MHz, 0x0000000000000004, 494.38 W, 100 %, 31988 MiB
2026/10/01 05:40:35.641, 2895 MHz, 13801 MHz, 0x0000000000000004, 507.73 W, 100 %, 31988 MiB
2026/10/01 05:40:36.152, 2887 MHz, 13801 MHz, 0x0000000000000000, 490.30 W, 100 %, 31988 MiB
2026/10/01 05:40:36.653, 2895 MHz, 13801 MHz, 0x0000000000000000, 479.27 W, 92 %, 31988 MiB
2026/10/01 05:40:37.165, 2895 MHz, 13801 MHz, 0x0000000000000000, 479.85 W, 90 %, 31988 MiB
2026/10/01 05:40:37.679, 2895 MHz, 13801 MHz, 0x0000000000000000, 485.82 W, 96 %, 31990 MiB
2026/10/01 05:40:38.180, 2895 MHz, 13801 MHz, 0x0000000000000000, 484.63 W, 100 %, 31990 MiB
2026/10/01 05:40:38.691, 2887 MHz, 13801 MHz, 0x0000000000000000, 481.18 W, 94 %, 31988 MiB
2026/10/01 05:40:39.204, 2895 MHz, 13801 MHz, 0x0000000000000000, 482.88 W, 96 %, 31988 MiB
2026/10/01 05:40:39.716, 2895 MHz, 13801 MHz, 0x0000000000000000, 482.72 W, 92 %, 31988 MiB
2026/10/01 05:40:40.228, 2895 MHz, 13801 MHz, 0x0000000000000000, 482.14 W, 100 %, 31988 MiB
2026/10/01 05:40:40.744, 2895 MHz, 13801 MHz, 0x0000000000000000, 490.29 W, 91 %, 31988 MiB
2026/10/01 05:40:41.260, 2895 MHz, 13801 MHz, 0x0000000000000004, 490.29 W, 100 %, 31988 MiB
2026/10/01 05:40:41.770, 2895 MHz, 13801 MHz, 0x0000000000000000, 487.67 W, 100 %, 31988 MiB
2026/10/01 05:40:42.283, 2895 MHz, 13801 MHz, 0x0000000000000000, 490.07 W, 100 %, 31988 MiB
2026/10/01 05:40:42.784, 2895 MHz, 13801 MHz, 0x0000000000000000, 447.02 W, 100 %, 31988 MiB
2026/10/01 05:40:43.296, 2910 MHz, 13801 MHz, 0x0000000000000000, 327.05 W, 100 %, 31988 MiB
2026/10/01 05:40:43.808, 2910 MHz, 13801 MHz, 0x0000000000000000, 259.54 W, 100 %, 31988 MiB
2026/10/01 05:40:44.323, 2910 MHz, 13801 MHz, 0x0000000000000000, 258.75 W, 100 %, 31988 MiB
2026/10/01 05:40:44.836, 2910 MHz, 13801 MHz, 0x0000000000000000, 253.15 W, 100 %, 31988 MiB
2026/10/01 05:40:45.346, 2902 MHz, 13801 MHz, 0x0000000000000000, 272.94 W, 91 %, 31988 MiB
2026/10/01 05:40:45.859, 2895 MHz, 13801 MHz, 0x0000000000000004, 378.55 W, 97 %, 31988 MiB
2026/10/01 05:40:46.360, 2887 MHz, 13801 MHz, 0x0000000000000000, 476.09 W, 94 %, 31988 MiB
2026/10/01 05:40:46.874, 2895 MHz, 13801 MHz, 0x0000000000000000, 480.94 W, 100 %, 31988 MiB
2026/10/01 05:40:47.374, 2895 MHz, 13801 MHz, 0x0000000000000000, 487.42 W, 95 %, 31988 MiB
2026/10/01 05:40:47.886, 2895 MHz, 13801 MHz, 0x0000000000000000, 481.76 W, 91 %, 31988 MiB
2026/10/01 05:40:48.398, 2895 MHz, 13801 MHz, 0x0000000000000004, 476.86 W, 100 %, 31988 MiB
2026/10/01 05:40:48.909, 2887 MHz, 13801 MHz, 0x0000000000000000, 480.61 W, 91 %, 31988 MiB
2026/10/01 05:40:49.423, 2887 MHz, 13801 MHz, 0x0000000000000000, 478.08 W, 92 %, 31988 MiB
2026/10/01 05:40:49.933, 2887 MHz, 13801 MHz, 0x0000000000000000, 470.70 W, 93 %, 31988 MiB
2026/10/01 05:40:50.445, 2887 MHz, 13801 MHz, 0x0000000000000000, 470.81 W, 92 %, 31988 MiB
2026/10/01 05:40:50.956, 2887 MHz, 13801 MHz, 0x0000000000000000, 471.26 W, 93 %, 31988 MiB
2026/10/01 05:40:51.469, 2887 MHz, 13801 MHz, 0x0000000000000000, 472.11 W, 92 %, 31988 MiB
2026/10/01 05:40:51.978, 2887 MHz, 13801 MHz, 0x0000000000000000, 471.48 W, 92 %, 31988 MiB
2026/10/01 05:40:52.488, 2887 MHz, 13801 MHz, 0x0000000000000000, 469.82 W, 92 %, 31988 MiB
2026/10/01 05:40:52.999, 2887 MHz, 13801 MHz, 0x0000000000000000, 470.93 W, 92 %, 31988 MiB
2026/10/01 05:40:53.511, 2887 MHz, 13801 MHz, 0x0000000000000000, 471.22 W, 92 %, 31988 MiB
2026/10/01 05:40:54.022, 2887 MHz, 13801 MHz, 0x0000000000000000, 469.82 W, 92 %, 31988 MiB
2026/10/01 05:40:54.534, 2887 MHz, 13801 MHz, 0x0000000000000000, 471.10 W, 93 %, 31988 MiB
2026/10/01 05:40:55.046, 2887 MHz, 13801 MHz, 0x0000000000000000, 471.64 W, 92 %, 31988 MiB
2026/10/01 05:40:55.561, 2887 MHz, 13801 MHz, 0x0000000000000000, 471.00 W, 92 %, 31988 MiB
2026/10/01 05:40:56.069, 2895 MHz, 13801 MHz, 0x0000000000000000, 475.10 W, 100 %, 31988 MiB
2026/10/01 05:40:56.580, 2895 MHz, 13801 MHz, 0x0000000000000004, 480.23 W, 100 %, 31988 MiB
2026/10/01 05:40:57.092, 2887 MHz, 13801 MHz, 0x0000000000000000, 479.21 W, 90 %, 31988 MiB
2026/10/01 05:40:57.607, 2895 MHz, 13801 MHz, 0x0000000000000004, 483.25 W, 100 %, 31988 MiB
2026/10/01 05:40:58.121, 2887 MHz, 13801 MHz, 0x0000000000000004, 484.97 W, 100 %, 31988 MiB
2026/10/01 05:40:58.636, 2887 MHz, 13801 MHz, 0x0000000000000000, 482.79 W, 87 %, 31993 MiB
2026/10/01 05:40:59.148, 2895 MHz, 13801 MHz, 0x0000000000000000, 482.11 W, 88 %, 31993 MiB
2026/10/01 05:40:59.662, 2895 MHz, 13801 MHz, 0x0000000000000000, 477.49 W, 100 %, 31988 MiB
2026/10/01 05:41:00.177, 2895 MHz, 13801 MHz, 0x0000000000000000, 475.88 W, 100 %, 31988 MiB
2026/10/01 05:41:00.689, 2895 MHz, 13801 MHz, 0x0000000000000004, 483.82 W, 100 %, 31988 MiB
2026/10/01 05:41:01.201, 2895 MHz, 13801 MHz, 0x0000000000000000, 479.16 W, 96 %, 31988 MiB
2026/10/01 05:41:01.716, 2895 MHz, 13801 MHz, 0x0000000000000000, 480.51 W, 88 %, 31988 MiB
2026/10/01 05:41:02.229, 2895 MHz, 13801 MHz, 0x0000000000000000, 484.79 W, 96 %, 31988 MiB
2026/10/01 05:41:02.742, 2895 MHz, 13801 MHz, 0x0000000000000000, 484.65 W, 91 %, 31988 MiB
2026/10/01 05:41:03.252, 2895 MHz, 13801 MHz, 0x0000000000000000, 485.95 W, 90 %, 31988 MiB
2026/10/01 05:41:03.766, 2895 MHz, 13801 MHz, 0x0000000000000000, 484.66 W, 100 %, 31988 MiB
2026/10/01 05:41:04.266, 2895 MHz, 13801 MHz, 0x0000000000000000, 486.63 W, 88 %, 31988 MiB
2026/10/01 05:41:04.779, 2895 MHz, 13801 MHz, 0x0000000000000000, 493.79 W, 91 %, 31988 MiB
2026/10/01 05:41:05.288, 2895 MHz, 13801 MHz, 0x0000000000000000, 487.04 W, 100 %, 31988 MiB
2026/10/01 05:41:05.797, 2895 MHz, 13801 MHz, 0x0000000000000000, 481.49 W, 100 %, 31988 MiB
2026/10/01 05:41:06.306, 2895 MHz, 13801 MHz, 0x0000000000000000, 486.53 W, 93 %, 31988 MiB
2026/10/01 05:41:06.819, 2895 MHz, 13801 MHz, 0x0000000000000000, 482.64 W, 100 %, 31988 MiB
2026/10/01 05:41:07.331, 2887 MHz, 13801 MHz, 0x0000000000000000, 481.55 W, 100 %, 31988 MiB
2026/10/01 05:41:07.843, 2895 MHz, 13801 MHz, 0x0000000000000000, 484.48 W, 100 %, 31988 MiB
2026/10/01 05:41:08.355, 2887 MHz, 13801 MHz, 0x0000000000000000, 479.45 W, 91 %, 31988 MiB
2026/10/01 05:41:08.856, 2895 MHz, 13801 MHz, 0x0000000000000000, 481.36 W, 100 %, 31988 MiB
2026/10/01 05:41:09.369, 2895 MHz, 13801 MHz, 0x0000000000000000, 487.09 W, 96 %, 31988 MiB
2026/10/01 05:41:09.878, 2887 MHz, 13801 MHz, 0x0000000000000000, 478.76 W, 90 %, 31988 MiB
2026/10/01 05:41:10.379, 2895 MHz, 13801 MHz, 0x0000000000000000, 483.51 W, 100 %, 31988 MiB
2026/10/01 05:41:10.894, 2895 MHz, 13801 MHz, 0x0000000000000000, 501.62 W, 92 %, 31988 MiB
2026/10/01 05:41:11.409, 2887 MHz, 13801 MHz, 0x0000000000000000, 492.67 W, 96 %, 31988 MiB
2026/10/01 05:41:11.922, 2895 MHz, 13801 MHz, 0x0000000000000000, 478.06 W, 92 %, 31988 MiB
2026/10/01 05:41:12.434, 2895 MHz, 13801 MHz, 0x0000000000000000, 480.88 W, 98 %, 31988 MiB
2026/10/01 05:41:12.950, 2895 MHz, 13801 MHz, 0x0000000000000000, 480.88 W, 100 %, 31988 MiB
2026/10/01 05:41:13.463, 2895 MHz, 13801 MHz, 0x0000000000000000, 486.40 W, 100 %, 31988 MiB
2026/10/01 05:41:13.975, 2887 MHz, 13801 MHz, 0x0000000000000000, 483.63 W, 92 %, 31988 MiB
2026/10/01 05:41:14.487, 2895 MHz, 13801 MHz, 0x0000000000000000, 484.99 W, 100 %, 31988 MiB
2026/10/01 05:41:14.999, 2887 MHz, 13801 MHz, 0x0000000000000000, 483.18 W, 91 %, 31988 MiB
2026/10/01 05:41:15.509, 2895 MHz, 13801 MHz, 0x0000000000000000, 483.70 W, 92 %, 31988 MiB
2026/10/01 05:41:16.017, 2887 MHz, 13801 MHz, 0x0000000000000000, 481.08 W, 92 %, 31988 MiB
2026/10/01 05:41:16.529, 2887 MHz, 13801 MHz, 0x0000000000000000, 472.09 W, 92 %, 31988 MiB
2026/10/01 05:41:17.043, 2887 MHz, 13801 MHz, 0x0000000000000000, 472.36 W, 93 %, 31988 MiB
2026/10/01 05:41:17.551, 2887 MHz, 13801 MHz, 0x0000000000000000, 473.11 W, 92 %, 31988 MiB
2026/10/01 05:41:18.063, 2887 MHz, 13801 MHz, 0x0000000000000000, 473.01 W, 92 %, 31988 MiB
2026/10/01 05:41:18.575, 2887 MHz, 13801 MHz, 0x0000000000000000, 472.70 W, 92 %, 31988 MiB
2026/10/01 05:41:19.086, 2887 MHz, 13801 MHz, 0x0000000000000000, 473.14 W, 93 %, 31988 MiB
2026/10/01 05:41:19.600, 2895 MHz, 13801 MHz, 0x0000000000000000, 477.73 W, 90 %, 31988 MiB
2026/10/01 05:41:20.110, 2887 MHz, 13801 MHz, 0x0000000000000000, 475.26 W, 90 %, 31993 MiB
2026/10/01 05:41:20.621, 2887 MHz, 13801 MHz, 0x0000000000000000, 467.43 W, 92 %, 31988 MiB
2026/10/01 05:41:21.135, 2887 MHz, 13801 MHz, 0x0000000000000000, 469.06 W, 93 %, 31988 MiB
2026/10/01 05:41:21.636, 2895 MHz, 13801 MHz, 0x0000000000000000, 435.14 W, 0 %, 31988 MiB
2026/10/01 05:41:22.147, 2895 MHz, 13801 MHz, 0x0000000000000000, 415.18 W, 100 %, 31988 MiB
2026/10/01 05:41:22.658, 2895 MHz, 13801 MHz, 0x0000000000000004, 461.53 W, 100 %, 31988 MiB
2026/10/01 05:41:23.168, 2887 MHz, 13801 MHz, 0x0000000000000000, 486.02 W, 96 %, 31988 MiB
2026/10/01 05:41:23.680, 2887 MHz, 13801 MHz, 0x0000000000000000, 485.62 W, 89 %, 31988 MiB
2026/10/01 05:41:24.194, 2895 MHz, 13801 MHz, 0x0000000000000000, 484.35 W, 92 %, 31988 MiB
2026/10/01 05:41:24.706, 2895 MHz, 13801 MHz, 0x0000000000000000, 474.91 W, 100 %, 31988 MiB
2026/10/01 05:41:25.207, 2895 MHz, 13801 MHz, 0x0000000000000000, 483.48 W, 100 %, 31988 MiB
2026/10/01 05:41:25.721, 2895 MHz, 13801 MHz, 0x0000000000000000, 485.41 W, 100 %, 31988 MiB
2026/10/01 05:41:26.233, 2887 MHz, 13801 MHz, 0x0000000000000000, 483.83 W, 91 %, 31988 MiB
2026/10/01 05:41:26.746, 2895 MHz, 13801 MHz, 0x0000000000000000, 479.10 W, 100 %, 31988 MiB
2026/10/01 05:41:27.257, 2887 MHz, 13801 MHz, 0x0000000000000000, 476.92 W, 94 %, 31988 MiB
2026/10/01 05:41:27.772, 2895 MHz, 13801 MHz, 0x0000000000000000, 484.73 W, 93 %, 31988 MiB
2026/10/01 05:41:28.283, 2895 MHz, 13801 MHz, 0x0000000000000000, 487.30 W, 100 %, 31988 MiB
2026/10/01 05:41:28.798, 2895 MHz, 13801 MHz, 0x0000000000000004, 487.34 W, 95 %, 31988 MiB
2026/10/01 05:41:29.299, 2895 MHz, 13801 MHz, 0x0000000000000004, 500.70 W, 100 %, 31988 MiB
2026/10/01 05:41:29.808, 2887 MHz, 13801 MHz, 0x0000000000000000, 500.89 W, 93 %, 31988 MiB
2026/10/01 05:41:30.309, 2895 MHz, 13801 MHz, 0x0000000000000000, 483.77 W, 100 %, 31988 MiB
2026/10/01 05:41:30.820, 2887 MHz, 13801 MHz, 0x0000000000000000, 479.37 W, 90 %, 31988 MiB
2026/10/01 05:41:31.332, 2895 MHz, 13801 MHz, 0x0000000000000004, 492.39 W, 100 %, 31988 MiB
2026/10/01 05:41:31.846, 2887 MHz, 13801 MHz, 0x0000000000000000, 499.49 W, 91 %, 31988 MiB
2026/10/01 05:41:32.359, 2895 MHz, 13801 MHz, 0x0000000000000000, 490.47 W, 90 %, 31988 MiB
2026/10/01 05:41:32.871, 2895 MHz, 13801 MHz, 0x0000000000000004, 482.02 W, 97 %, 31988 MiB
2026/10/01 05:41:33.385, 2895 MHz, 13801 MHz, 0x0000000000000000, 485.51 W, 100 %, 31988 MiB
2026/10/01 05:41:33.898, 2895 MHz, 13801 MHz, 0x0000000000000000, 486.16 W, 100 %, 31988 MiB
2026/10/01 05:41:34.409, 2895 MHz, 13801 MHz, 0x0000000000000000, 487.44 W, 100 %, 31988 MiB
2026/10/01 05:41:34.924, 2887 MHz, 13801 MHz, 0x0000000000000000, 486.45 W, 93 %, 31988 MiB
2026/10/01 05:41:35.425, 2895 MHz, 13801 MHz, 0x0000000000000000, 483.40 W, 96 %, 31988 MiB
2026/10/01 05:41:35.936, 2895 MHz, 13801 MHz, 0x0000000000000000, 496.84 W, 100 %, 31988 MiB
2026/10/01 05:41:36.449, 2887 MHz, 13801 MHz, 0x0000000000000000, 498.98 W, 90 %, 31988 MiB
2026/10/01 05:41:36.963, 2895 MHz, 13801 MHz, 0x0000000000000000, 483.00 W, 100 %, 31988 MiB
2026/10/01 05:41:37.474, 2887 MHz, 13801 MHz, 0x0000000000000000, 477.83 W, 100 %, 31988 MiB
2026/10/01 05:41:37.985, 2887 MHz, 13801 MHz, 0x0000000000000000, 481.20 W, 94 %, 31988 MiB
2026/10/01 05:41:38.499, 2895 MHz, 13801 MHz, 0x0000000000000000, 483.99 W, 94 %, 31988 MiB
2026/10/01 05:41:39.012, 2887 MHz, 13801 MHz, 0x0000000000000000, 480.09 W, 93 %, 31988 MiB
2026/10/01 05:41:39.520, 2895 MHz, 13801 MHz, 0x0000000000000000, 479.72 W, 93 %, 31988 MiB
2026/10/01 05:41:40.035, 2887 MHz, 13801 MHz, 0x0000000000000000, 478.38 W, 91 %, 31988 MiB
2026/10/01 05:41:40.548, 2895 MHz, 13801 MHz, 0x0000000000000000, 482.95 W, 90 %, 31988 MiB
2026/10/01 05:41:41.051, 2887 MHz, 13801 MHz, 0x0000000000000000, 482.89 W, 100 %, 31993 MiB
2026/10/01 05:41:41.560, 2887 MHz, 13801 MHz, 0x0000000000000000, 469.97 W, 90 %, 31993 MiB
2026/10/01 05:41:42.072, 2887 MHz, 13801 MHz, 0x0000000000000000, 472.37 W, 92 %, 31988 MiB
2026/10/01 05:41:42.583, 2887 MHz, 13801 MHz, 0x0000000000000000, 471.72 W, 92 %, 31988 MiB
2026/10/01 05:41:43.095, 2887 MHz, 13801 MHz, 0x0000000000000000, 471.76 W, 93 %, 31988 MiB
2026/10/01 05:41:43.607, 2895 MHz, 13801 MHz, 0x0000000000000004, 477.78 W, 100 %, 31988 MiB
2026/10/01 05:41:44.118, 2887 MHz, 13801 MHz, 0x0000000000000000, 475.23 W, 89 %, 31988 MiB
2026/10/01 05:41:44.628, 2887 MHz, 13801 MHz, 0x0000000000000000, 471.43 W, 92 %, 31988 MiB
2026/10/01 05:41:45.140, 2887 MHz, 13801 MHz, 0x0000000000000000, 471.15 W, 93 %, 31988 MiB
2026/10/01 05:41:45.650, 2887 MHz, 13801 MHz, 0x0000000000000000, 473.11 W, 92 %, 31988 MiB
2026/10/01 05:41:46.164, 2895 MHz, 13801 MHz, 0x0000000000000000, 481.15 W, 100 %, 31988 MiB
2026/10/01 05:41:46.675, 2895 MHz, 13801 MHz, 0x0000000000000000, 486.71 W, 100 %, 31988 MiB
2026/10/01 05:41:47.188, 2887 MHz, 13801 MHz, 0x0000000000000000, 480.26 W, 93 %, 31988 MiB
2026/10/01 05:41:47.699, 2887 MHz, 13801 MHz, 0x0000000000000000, 477.44 W, 92 %, 31988 MiB
2026/10/01 05:41:48.212, 2895 MHz, 13801 MHz, 0x0000000000000000, 479.39 W, 100 %, 31988 MiB
2026/10/01 05:41:48.728, 2895 MHz, 13801 MHz, 0x0000000000000000, 484.79 W, 100 %, 31988 MiB
2026/10/01 05:41:49.239, 2895 MHz, 13801 MHz, 0x0000000000000000, 483.53 W, 100 %, 31988 MiB
2026/10/01 05:41:49.754, 2895 MHz, 13801 MHz, 0x0000000000000000, 484.82 W, 100 %, 31988 MiB
2026/10/01 05:41:50.264, 2887 MHz, 13801 MHz, 0x0000000000000000, 479.03 W, 90 %, 31988 MiB
2026/10/01 05:41:50.776, 2887 MHz, 13801 MHz, 0x0000000000000000, 472.45 W, 96 %, 31988 MiB
2026/10/01 05:41:51.290, 2895 MHz, 13801 MHz, 0x0000000000000000, 477.04 W, 92 %, 31988 MiB
2026/10/01 05:41:51.800, 2887 MHz, 13801 MHz, 0x0000000000000000, 477.30 W, 89 %, 31988 MiB
2026/10/01 05:41:52.312, 2895 MHz, 13801 MHz, 0x0000000000000000, 482.49 W, 100 %, 31988 MiB
2026/10/01 05:41:52.825, 2895 MHz, 13801 MHz, 0x0000000000000004, 492.28 W, 100 %, 31988 MiB
2026/10/01 05:41:53.340, 2895 MHz, 13801 MHz, 0x0000000000000000, 497.54 W, 100 %, 31988 MiB
2026/10/01 05:41:53.852, 2895 MHz, 13801 MHz, 0x0000000000000004, 505.58 W, 100 %, 31988 MiB
2026/10/01 05:41:54.364, 2887 MHz, 13801 MHz, 0x0000000000000000, 490.10 W, 91 %, 31988 MiB
2026/10/01 05:41:54.878, 2895 MHz, 13801 MHz, 0x0000000000000000, 487.25 W, 96 %, 31988 MiB
2026/10/01 05:41:55.392, 2887 MHz, 13801 MHz, 0x0000000000000000, 488.88 W, 92 %, 31988 MiB
2026/10/01 05:41:55.904, 2895 MHz, 13801 MHz, 0x0000000000000000, 483.62 W, 92 %, 31988 MiB
2026/10/01 05:41:56.420, 2895 MHz, 13801 MHz, 0x0000000000000000, 483.08 W, 93 %, 31988 MiB
2026/10/01 05:41:56.920, 2895 MHz, 13801 MHz, 0x0000000000000000, 492.00 W, 100 %, 31988 MiB
2026/10/01 05:41:57.431, 2895 MHz, 13801 MHz, 0x0000000000000000, 505.62 W, 93 %, 31988 MiB
2026/10/01 05:41:57.944, 2887 MHz, 13801 MHz, 0x0000000000000000, 495.67 W, 96 %, 31988 MiB
2026/10/01 05:41:58.445, 2895 MHz, 13801 MHz, 0x0000000000000000, 485.99 W, 100 %, 31988 MiB
2026/10/01 05:41:58.958, 2887 MHz, 13801 MHz, 0x0000000000000000, 491.13 W, 96 %, 31988 MiB
2026/10/01 05:41:59.473, 2895 MHz, 13801 MHz, 0x0000000000000000, 484.75 W, 92 %, 31988 MiB
2026/10/01 05:41:59.985, 2895 MHz, 13801 MHz, 0x0000000000000004, 484.10 W, 96 %, 31988 MiB
2026/10/01 05:42:00.500, 2895 MHz, 13801 MHz, 0x0000000000000004, 485.60 W, 100 %, 31988 MiB
2026/10/01 05:42:01.011, 2895 MHz, 13801 MHz, 0x0000000000000000, 487.00 W, 100 %, 31988 MiB
2026/10/01 05:42:01.523, 2895 MHz, 13801 MHz, 0x0000000000000000, 489.87 W, 100 %, 31988 MiB
2026/10/01 05:42:02.035, 2887 MHz, 13801 MHz, 0x0000000000000000, 483.88 W, 91 %, 31988 MiB
2026/10/01 05:42:02.549, 2895 MHz, 13801 MHz, 0x0000000000000004, 476.77 W, 100 %, 31993 MiB
2026/10/01 05:42:03.064, 2895 MHz, 13801 MHz, 0x0000000000000000, 475.08 W, 100 %, 31988 MiB
2026/10/01 05:42:03.577, 2895 MHz, 13801 MHz, 0x0000000000000004, 482.81 W, 100 %, 31988 MiB
2026/10/01 05:42:04.083, 2887 MHz, 13801 MHz, 0x0000000000000000, 487.59 W, 91 %, 31988 MiB
2026/10/01 05:42:04.597, 2887 MHz, 13801 MHz, 0x0000000000000000, 482.27 W, 96 %, 31988 MiB
2026/10/01 05:42:05.106, 2887 MHz, 13801 MHz, 0x0000000000000000, 475.78 W, 93 %, 31988 MiB
2026/10/01 05:42:05.621, 2887 MHz, 13801 MHz, 0x0000000000000000, 478.02 W, 92 %, 31988 MiB
2026/10/01 05:42:06.132, 2895 MHz, 13801 MHz, 0x0000000000000000, 476.87 W, 100 %, 31988 MiB
2026/10/01 05:42:06.641, 2887 MHz, 13801 MHz, 0x0000000000000000, 481.95 W, 93 %, 31988 MiB
2026/10/01 05:42:07.152, 2887 MHz, 13801 MHz, 0x0000000000000000, 482.17 W, 98 %, 31988 MiB
2026/10/01 05:42:07.666, 2895 MHz, 13801 MHz, 0x0000000000000000, 485.53 W, 92 %, 31988 MiB
2026/10/01 05:42:08.177, 2887 MHz, 13801 MHz, 0x0000000000000000, 484.53 W, 92 %, 31988 MiB
2026/10/01 05:42:08.691, 2887 MHz, 13801 MHz, 0x0000000000000000, 474.87 W, 93 %, 31988 MiB
2026/10/01 05:42:09.201, 2887 MHz, 13801 MHz, 0x0000000000000000, 474.08 W, 92 %, 31988 MiB
2026/10/01 05:42:09.713, 2887 MHz, 13801 MHz, 0x0000000000000000, 470.71 W, 100 %, 31988 MiB
2026/10/01 05:42:10.223, 2887 MHz, 13801 MHz, 0x0000000000000000, 475.75 W, 91 %, 31988 MiB
2026/10/01 05:42:10.736, 2895 MHz, 13801 MHz, 0x0000000000000000, 486.25 W, 93 %, 31988 MiB
2026/10/01 05:42:11.247, 2887 MHz, 13801 MHz, 0x0000000000000000, 479.46 W, 90 %, 31988 MiB
2026/10/01 05:42:11.758, 2895 MHz, 13801 MHz, 0x0000000000000000, 472.80 W, 100 %, 31988 MiB
2026/10/01 05:42:12.267, 2887 MHz, 13801 MHz, 0x0000000000000000, 478.76 W, 91 %, 31988 MiB
2026/10/01 05:42:12.774, 2887 MHz, 13801 MHz, 0x0000000000000000, 476.88 W, 93 %, 31988 MiB
2026/10/01 05:42:13.285, 2895 MHz, 13801 MHz, 0x0000000000000004, 476.49 W, 98 %, 31988 MiB
2026/10/01 05:42:13.795, 2895 MHz, 13801 MHz, 0x0000000000000004, 479.86 W, 100 %, 31988 MiB
2026/10/01 05:42:14.307, 2887 MHz, 13801 MHz, 0x0000000000000000, 485.30 W, 100 %, 31988 MiB
2026/10/01 05:42:14.808, 2895 MHz, 13801 MHz, 0x0000000000000000, 490.67 W, 100 %, 31988 MiB
2026/10/01 05:42:15.322, 2895 MHz, 13801 MHz, 0x0000000000000000, 443.95 W, 100 %, 31988 MiB
2026/10/01 05:42:15.836, 2910 MHz, 13801 MHz, 0x0000000000000000, 312.04 W, 100 %, 31988 MiB
2026/10/01 05:42:16.350, 2910 MHz, 13801 MHz, 0x0000000000000000, 238.92 W, 100 %, 31988 MiB
2026/10/01 05:42:16.862, 2910 MHz, 13801 MHz, 0x0000000000000000, 239.12 W, 100 %, 31988 MiB
2026/10/01 05:42:17.373, 2917 MHz, 13801 MHz, 0x0000000000000000, 238.76 W, 100 %, 31988 MiB
2026/10/01 05:42:17.874, 2910 MHz, 13801 MHz, 0x0000000000000000, 234.55 W, 100 %, 31988 MiB
2026/10/01 05:42:18.387, 2910 MHz, 13801 MHz, 0x0000000000000000, 231.31 W, 100 %, 31988 MiB
2026/10/01 05:42:18.900, 2887 MHz, 13801 MHz, 0x0000000000000000, 345.56 W, 91 %, 31988 MiB
2026/10/01 05:42:19.416, 2895 MHz, 13801 MHz, 0x0000000000000000, 449.03 W, 100 %, 31988 MiB
2026/10/01 05:42:19.926, 2887 MHz, 13801 MHz, 0x0000000000000000, 481.69 W, 100 %, 31988 MiB
2026/10/01 05:42:20.440, 2887 MHz, 13801 MHz, 0x0000000000000000, 484.25 W, 93 %, 31988 MiB
2026/10/01 05:42:20.950, 2895 MHz, 13801 MHz, 0x0000000000000000, 481.75 W, 93 %, 31988 MiB
2026/10/01 05:42:21.462, 2895 MHz, 13801 MHz, 0x0000000000000004, 480.73 W, 100 %, 31988 MiB
2026/10/01 05:42:21.977, 2895 MHz, 13801 MHz, 0x0000000000000000, 484.40 W, 100 %, 31988 MiB
2026/10/01 05:42:22.492, 2887 MHz, 13801 MHz, 0x0000000000000000, 486.05 W, 100 %, 31988 MiB
2026/10/01 05:42:23.005, 2887 MHz, 13801 MHz, 0x0000000000000000, 478.22 W, 89 %, 31988 MiB
2026/10/01 05:42:23.517, 2895 MHz, 13801 MHz, 0x0000000000000000, 477.93 W, 95 %, 31993 MiB
2026/10/01 05:42:24.018, 2895 MHz, 13801 MHz, 0x0000000000000000, 483.86 W, 98 %, 31993 MiB
2026/10/01 05:42:24.532, 2895 MHz, 13801 MHz, 0x0000000000000000, 490.21 W, 95 %, 31988 MiB
2026/10/01 05:42:25.045, 2887 MHz, 13801 MHz, 0x0000000000000000, 486.69 W, 95 %, 31988 MiB
2026/10/01 05:42:25.560, 2895 MHz, 13801 MHz, 0x0000000000000000, 486.66 W, 100 %, 31988 MiB
2026/10/01 05:42:26.073, 2895 MHz, 13801 MHz, 0x0000000000000004, 493.89 W, 100 %, 31988 MiB
2026/10/01 05:42:26.588, 2895 MHz, 13801 MHz, 0x0000000000000004, 493.10 W, 100 %, 31988 MiB
2026/10/01 05:42:27.099, 2887 MHz, 13801 MHz, 0x0000000000000000, 487.28 W, 100 %, 31988 MiB
2026/10/01 05:42:27.612, 2887 MHz, 13801 MHz, 0x0000000000000000, 482.40 W, 100 %, 31988 MiB
2026/10/01 05:42:28.121, 2895 MHz, 13801 MHz, 0x0000000000000004, 487.16 W, 100 %, 31988 MiB
2026/10/01 05:42:28.633, 2887 MHz, 13801 MHz, 0x0000000000000000, 487.90 W, 92 %, 31988 MiB
2026/10/01 05:42:29.144, 2887 MHz, 13801 MHz, 0x0000000000000000, 481.02 W, 100 %, 31988 MiB
2026/10/01 05:42:29.657, 2887 MHz, 13801 MHz, 0x0000000000000000, 477.34 W, 93 %, 31988 MiB
2026/10/01 05:42:30.168, 2895 MHz, 13801 MHz, 0x0000000000000000, 479.42 W, 100 %, 31988 MiB
2026/10/01 05:42:30.680, 2887 MHz, 13801 MHz, 0x0000000000000000, 476.69 W, 91 %, 31988 MiB
2026/10/01 05:42:31.194, 2887 MHz, 13801 MHz, 0x0000000000000000, 471.67 W, 90 %, 31988 MiB
2026/10/01 05:42:31.704, 2887 MHz, 13801 MHz, 0x0000000000000000, 469.39 W, 94 %, 31988 MiB
2026/10/01 05:42:32.218, 2895 MHz, 13801 MHz, 0x0000000000000000, 479.74 W, 91 %, 31988 MiB
2026/10/01 05:42:32.734, 2887 MHz, 13801 MHz, 0x0000000000000000, 472.57 W, 91 %, 31988 MiB
2026/10/01 05:42:33.247, 2895 MHz, 13801 MHz, 0x0000000000000004, 475.66 W, 100 %, 31988 MiB
2026/10/01 05:42:33.759, 2887 MHz, 13801 MHz, 0x0000000000000000, 483.71 W, 93 %, 31988 MiB
2026/10/01 05:42:34.272, 2895 MHz, 13801 MHz, 0x0000000000000000, 484.52 W, 100 %, 31988 MiB
2026/10/01 05:42:34.784, 2887 MHz, 13801 MHz, 0x0000000000000000, 483.27 W, 92 %, 31988 MiB
2026/10/01 05:42:35.294, 2887 MHz, 13801 MHz, 0x0000000000000000, 479.67 W, 91 %, 31988 MiB
2026/10/01 05:42:35.807, 2895 MHz, 13801 MHz, 0x0000000000000004, 478.29 W, 100 %, 31988 MiB
2026/10/01 05:42:36.321, 2887 MHz, 13801 MHz, 0x0000000000000000, 478.12 W, 91 %, 31988 MiB
2026/10/01 05:42:36.833, 2887 MHz, 13801 MHz, 0x0000000000000000, 475.57 W, 92 %, 31988 MiB
2026/10/01 05:42:37.346, 2887 MHz, 13801 MHz, 0x0000000000000000, 472.37 W, 91 %, 31988 MiB
2026/10/01 05:42:37.848, 2895 MHz, 13801 MHz, 0x0000000000000000, 475.07 W, 100 %, 31988 MiB
2026/10/01 05:42:38.349, 2887 MHz, 13801 MHz, 0x0000000000000000, 480.95 W, 96 %, 31988 MiB
2026/10/01 05:42:38.863, 2895 MHz, 13801 MHz, 0x0000000000000000, 486.61 W, 93 %, 31988 MiB
2026/10/01 05:42:39.376, 2887 MHz, 13801 MHz, 0x0000000000000000, 483.23 W, 92 %, 31988 MiB
2026/10/01 05:42:39.889, 2895 MHz, 13801 MHz, 0x0000000000000004, 481.45 W, 100 %, 31988 MiB
2026/10/01 05:42:40.403, 2895 MHz, 13801 MHz, 0x0000000000000000, 490.20 W, 92 %, 31988 MiB
2026/10/01 05:42:40.914, 2887 MHz, 13801 MHz, 0x0000000000000000, 482.73 W, 91 %, 31988 MiB
2026/10/01 05:42:41.425, 2895 MHz, 13801 MHz, 0x0000000000000000, 480.90 W, 92 %, 31988 MiB
2026/10/01 05:42:41.939, 2895 MHz, 13801 MHz, 0x0000000000000004, 486.17 W, 100 %, 31988 MiB
2026/10/01 05:42:42.449, 2895 MHz, 13801 MHz, 0x0000000000000000, 479.21 W, 100 %, 31988 MiB
2026/10/01 05:42:42.963, 2887 MHz, 13801 MHz, 0x0000000000000000, 480.14 W, 92 %, 31988 MiB
2026/10/01 05:42:43.476, 2895 MHz, 13801 MHz, 0x0000000000000000, 485.55 W, 92 %, 31988 MiB
2026/10/01 05:42:43.992, 2895 MHz, 13801 MHz, 0x0000000000000000, 490.22 W, 90 %, 31988 MiB
2026/10/01 05:42:44.492, 2895 MHz, 13801 MHz, 0x0000000000000000, 484.76 W, 94 %, 31988 MiB
2026/10/01 05:42:45.004, 2887 MHz, 13801 MHz, 0x0000000000000000, 468.89 W, 91 %, 31993 MiB
2026/10/01 05:42:45.517, 2887 MHz, 13801 MHz, 0x0000000000000000, 465.97 W, 92 %, 31993 MiB
2026/10/01 05:42:46.030, 2895 MHz, 13801 MHz, 0x0000000000000000, 474.01 W, 100 %, 31988 MiB
2026/10/01 05:42:46.530, 2895 MHz, 13801 MHz, 0x0000000000000004, 480.69 W, 100 %, 31988 MiB
2026/10/01 05:42:47.045, 2925 MHz, 13801 MHz, 0x0000000000000000, 361.68 W, 0 %, 31988 MiB
2026/10/01 05:42:47.546, 2925 MHz, 13801 MHz, 0x0000000000000000, 159.21 W, 0 %, 31988 MiB
2026/10/01 05:42:48.047, 2925 MHz, 13801 MHz, 0x0000000000000000, 103.00 W, 0 %, 31988 MiB
2026/10/01 05:42:48.559, 2445 MHz, 7001 MHz, 0x0000000000000000, 96.54 W, 0 %, 31988 MiB
2026/10/01 05:42:49.060, 592 MHz, 7001 MHz, 0x0000000000000000, 65.51 W, 0 %, 31988 MiB
2026/10/01 05:42:49.573, 525 MHz, 7001 MHz, 0x0000000000000000, 40.43 W, 0 %, 31988 MiB
2026/10/01 05:42:50.075, 525 MHz, 7001 MHz, 0x0000000000000000, 40.43 W, 0 %, 31988 MiB
2026/10/01 05:42:50.590, 330 MHz, 7001 MHz, 0x0000000000000000, 38.73 W, 0 %, 31988 MiB
2026/10/01 05:42:51.101, 330 MHz, 7001 MHz, 0x0000000000000000, 38.73 W, 0 %, 31988 MiB
2026/10/01 05:42:51.613, 210 MHz, 7001 MHz, 0x0000000000000000, 38.35 W, 0 %, 31988 MiB
2026/10/01 05:42:52.129, 210 MHz, 7001 MHz, 0x0000000000000000, 38.35 W, 0 %, 31988 MiB
2026/10/01 05:42:52.642, 180 MHz, 7001 MHz, 0x0000000000000000, 38.30 W, 0 %, 31988 MiB
2026/10/01 05:42:53.144, 180 MHz, 7001 MHz, 0x0000000000000000, 38.30 W, 0 %, 31988 MiB
2026/10/01 05:42:53.646, 180 MHz, 7001 MHz, 0x0000000000000000, 38.10 W, 0 %, 31988 MiB
2026/10/01 05:42:54.147, 180 MHz, 7001 MHz, 0x0000000000000000, 38.10 W, 0 %, 31988 MiB
2026/10/01 05:42:54.648, 180 MHz, 810 MHz, 0x0000000000000000, 26.86 W, 0 %, 31988 MiB
2026/10/01 05:42:55.163, 180 MHz, 810 MHz, 0x0000000000000000, 26.86 W, 0 %, 31988 MiB
2026/10/01 05:42:55.665, 202 MHz, 810 MHz, 0x0000000000000000, 17.81 W, 0 %, 31988 MiB
2026/10/01 05:42:56.180, 180 MHz, 405 MHz, 0x0000000000000000, 18.04 W, 0 %, 31988 MiB
2026/10/01 05:42:56.695, 180 MHz, 405 MHz, 0x0000000000000000, 17.94 W, 0 %, 31988 MiB
2026/10/01 05:42:57.197, 180 MHz, 405 MHz, 0x0000000000000000, 17.94 W, 0 %, 31988 MiB
2026/10/01 05:42:57.712, 180 MHz, 405 MHz, 0x0000000000000000, 13.87 W, 0 %, 31988 MiB
2026/10/01 05:42:58.214, 180 MHz, 405 MHz, 0x0000000000000000, 13.87 W, 0 %, 31988 MiB
2026/10/01 05:42:58.716, 180 MHz, 405 MHz, 0x0000000000000000, 13.32 W, 0 %, 31988 MiB
2026/10/01 05:42:59.229, 180 MHz, 405 MHz, 0x0000000000000000, 12.92 W, 0 %, 31988 MiB
2026/10/01 05:42:59.743, 180 MHz, 405 MHz, 0x0000000000000000, 12.92 W, 0 %, 31988 MiB
2026/10/01 05:43:00.257, 180 MHz, 405 MHz, 0x0000000000000000, 12.86 W, 0 %, 31988 MiB
2026/10/01 05:43:00.772, 180 MHz, 405 MHz, 0x0000000000000000, 12.86 W, 0 %, 31988 MiB
2026/10/01 05:43:01.274, 180 MHz, 405 MHz, 0x0000000000000000, 12.82 W, 0 %, 31988 MiB
2026/10/01 05:43:01.789, 180 MHz, 405 MHz, 0x0000000000000000, 12.82 W, 0 %, 31988 MiB
2026/10/01 05:43:02.305, 180 MHz, 405 MHz, 0x0000000000000000, 12.63 W, 0 %, 31988 MiB
2026/10/01 05:43:02.818, 225 MHz, 405 MHz, 0x0000000000000000, 12.93 W, 1 %, 31988 MiB
2026/10/01 05:43:03.333, 180 MHz, 405 MHz, 0x0000000000000000, 14.57 W, 0 %, 30526 MiB
2026/10/01 05:43:03.846, 172 MHz, 405 MHz, 0x0000000000000000, 17.06 W, 0 %, 241 MiB
2026/10/01 05:43:04.359, 180 MHz, 405 MHz, 0x0000000000000000, 16.85 W, 0 %, 241 MiB
2026/10/01 05:43:04.872, 180 MHz, 405 MHz, 0x0000000000000000, 16.22 W, 0 %, 241 MiB
2026/10/01 05:43:05.373, 180 MHz, 405 MHz, 0x0000000000000000, 16.22 W, 0 %, 241 MiB
2026/10/01 05:43:05.888, 195 MHz, 405 MHz, 0x0000000000000000, 12.77 W, 0 %, 243 MiB
2026/10/01 05:43:06.404, 180 MHz, 405 MHz, 0x0000000000000000, 13.50 W, 0 %, 243 MiB
2026/10/01 05:43:06.916, 180 MHz, 405 MHz, 0x0000000000000000, 15.01 W, 0 %, 241 MiB
2026/10/01 05:43:07.418, 180 MHz, 405 MHz, 0x0000000000000000, 14.68 W, 0 %, 241 MiB
2026/10/01 05:43:07.922, 180 MHz, 405 MHz, 0x0000000000000000, 14.58 W, 0 %, 241 MiB
2026/10/01 05:43:08.437, 180 MHz, 405 MHz, 0x0000000000000000, 14.58 W, 0 %, 241 MiB
2026/10/01 05:43:08.939, 180 MHz, 405 MHz, 0x0000000000000000, 11.91 W, 0 %, 241 MiB
2026/10/01 05:43:09.452, 180 MHz, 405 MHz, 0x0000000000000000, 11.91 W, 0 %, 241 MiB
2026/10/01 05:43:09.954, 180 MHz, 405 MHz, 0x0000000000000000, 11.82 W, 0 %, 241 MiB
2026/10/01 05:43:10.455, 180 MHz, 405 MHz, 0x0000000000000000, 11.82 W, 0 %, 241 MiB
2026/10/01 05:43:10.956, 180 MHz, 405 MHz, 0x0000000000000000, 11.75 W, 0 %, 241 MiB
2026/10/01 05:43:11.470, 180 MHz, 405 MHz, 0x0000000000000000, 11.98 W, 0 %, 241 MiB
2026/10/01 05:43:11.985, 180 MHz, 405 MHz, 0x0000000000000000, 13.10 W, 0 %, 241 MiB
