2026/10/01 05:43:12.316, 180 MHz, 405 MHz, 0x0000000000000000, 13.42 W, 0 %, 241 MiB
2026/10/01 05:43:12.828, 180 MHz, 405 MHz, 0x0000000000000000, 14.05 W, 0 %, 241 MiB
2026/10/01 05:43:13.329, 180 MHz, 405 MHz, 0x0000000000000000, 13.89 W, 0 %, 241 MiB
2026/10/01 05:43:13.844, 180 MHz, 405 MHz, 0x0000000000000000, 13.93 W, 0 %, 241 MiB
2026/10/01 05:43:14.357, 210 MHz, 405 MHz, 0x0000000000000000, 12.62 W, 0 %, 241 MiB
2026/10/01 05:43:14.857, 180 MHz, 405 MHz, 0x0000000000000000, 13.04 W, 0 %, 241 MiB
2026/10/01 05:43:15.359, 180 MHz, 405 MHz, 0x0000000000000000, 13.21 W, 0 %, 241 MiB
2026/10/01 05:43:15.873, 195 MHz, 405 MHz, 0x0000000000000000, 13.11 W, 0 %, 241 MiB
2026/10/01 05:43:16.384, 180 MHz, 405 MHz, 0x0000000000000000, 13.52 W, 0 %, 241 MiB
2026/10/01 05:43:16.898, 180 MHz, 405 MHz, 0x0000000000000000, 13.75 W, 0 %, 241 MiB
2026/10/01 05:43:17.413, 180 MHz, 405 MHz, 0x0000000000000000, 13.75 W, 0 %, 241 MiB
2026/10/01 05:43:17.917, 180 MHz, 405 MHz, 0x0000000000000000, 12.00 W, 0 %, 241 MiB
2026/10/01 05:43:18.429, 180 MHz, 405 MHz, 0x0000000000000000, 12.00 W, 0 %, 241 MiB
2026/10/01 05:43:18.929, 180 MHz, 405 MHz, 0x0000000000000000, 11.56 W, 0 %, 241 MiB
2026/10/01 05:43:19.444, 180 MHz, 405 MHz, 0x0000000000000000, 11.56 W, 0 %, 241 MiB
2026/10/01 05:43:19.956, 180 MHz, 405 MHz, 0x0000000000000000, 11.36 W, 0 %, 241 MiB
2026/10/01 05:43:20.470, 180 MHz, 405 MHz, 0x0000000000000000, 11.36 W, 0 %, 241 MiB
2026/10/01 05:43:20.972, 180 MHz, 405 MHz, 0x0000000000000000, 11.25 W, 0 %, 241 MiB
2026/10/01 05:43:21.473, 180 MHz, 405 MHz, 0x0000000000000000, 11.25 W, 0 %, 241 MiB
2026/10/01 05:43:21.986, 180 MHz, 405 MHz, 0x0000000000000000, 11.66 W, 0 %, 241 MiB
2026/10/01 05:43:22.501, 180 MHz, 405 MHz, 0x0000000000000000, 12.29 W, 0 %, 241 MiB
2026/10/01 05:43:23.004, 180 MHz, 405 MHz, 0x0000000000000000, 12.47 W, 0 %, 241 MiB
2026/10/01 05:43:23.515, 180 MHz, 405 MHz, 0x0000000000000000, 12.47 W, 0 %, 241 MiB
2026/10/01 05:43:24.027, 180 MHz, 405 MHz, 0x0000000000000000, 11.41 W, 0 %, 241 MiB
2026/10/01 05:43:24.535, 180 MHz, 405 MHz, 0x0000000000000000, 11.41 W, 0 %, 241 MiB
2026/10/01 05:43:25.047, 180 MHz, 405 MHz, 0x0000000000000000, 11.38 W, 0 %, 241 MiB
2026/10/01 05:43:25.557, 180 MHz, 405 MHz, 0x0000000000000000, 11.38 W, 0 %, 241 MiB
2026/10/01 05:43:26.069, 180 MHz, 405 MHz, 0x0000000000000000, 11.25 W, 0 %, 241 MiB
2026/10/01 05:43:26.570, 180 MHz, 405 MHz, 0x0000000000000000, 11.25 W, 0 %, 246 MiB
2026/10/01 05:43:27.081, 217 MHz, 405 MHz, 0x0000000000000000, 11.74 W, 0 %, 246 MiB
2026/10/01 05:43:27.596, 180 MHz, 405 MHz, 0x0000000000000000, 12.31 W, 0 %, 241 MiB
2026/10/01 05:43:28.111, 180 MHz, 405 MHz, 0x0000000000000000, 13.79 W, 0 %, 241 MiB
2026/10/01 05:43:28.612, 180 MHz, 405 MHz, 0x0000000000000000, 13.56 W, 0 %, 241 MiB
2026/10/01 05:43:29.115, 180 MHz, 405 MHz, 0x0000000000000000, 13.61 W, 0 %, 241 MiB
2026/10/01 05:43:29.616, 180 MHz, 405 MHz, 0x0000000000000000, 13.61 W, 0 %, 241 MiB
2026/10/01 05:43:30.118, 180 MHz, 405 MHz, 0x0000000000000000, 11.06 W, 0 %, 241 MiB
2026/10/01 05:43:30.619, 180 MHz, 405 MHz, 0x0000000000000000, 11.06 W, 0 %, 241 MiB
2026/10/01 05:43:31.121, 180 MHz, 405 MHz, 0x0000000000000000, 11.05 W, 0 %, 241 MiB
2026/10/01 05:43:31.636, 180 MHz, 405 MHz, 0x0000000000000000, 11.53 W, 0 %, 241 MiB
2026/10/01 05:43:32.146, 172 MHz, 405 MHz, 0x0000000000000000, 12.64 W, 0 %, 241 MiB
2026/10/01 05:43:32.647, 180 MHz, 405 MHz, 0x0000000000000000, 13.45 W, 0 %, 241 MiB
2026/10/01 05:43:33.161, 180 MHz, 405 MHz, 0x0000000000000000, 13.52 W, 0 %, 241 MiB
2026/10/01 05:43:33.666, 180 MHz, 405 MHz, 0x0000000000000000, 13.52 W, 0 %, 241 MiB
2026/10/01 05:43:34.167, 180 MHz, 405 MHz, 0x0000000000000000, 11.35 W, 0 %, 241 MiB
2026/10/01 05:43:34.682, 180 MHz, 405 MHz, 0x0000000000000000, 11.35 W, 0 %, 241 MiB
2026/10/01 05:43:35.193, 180 MHz, 405 MHz, 0x0000000000000000, 11.12 W, 0 %, 241 MiB
2026/10/01 05:43:35.707, 180 MHz, 405 MHz, 0x0000000000000000, 11.33 W, 0 %, 241 MiB
2026/10/01 05:43:36.219, 180 MHz, 405 MHz, 0x0000000000000000, 12.43 W, 0 %, 241 MiB
2026/10/01 05:43:36.734, 180 MHz, 405 MHz, 0x0000000000000000, 12.70 W, 0 %, 241 MiB
2026/10/01 05:43:37.247, 180 MHz, 405 MHz, 0x0000000000000000, 11.34 W, 0 %, 241 MiB
2026/10/01 05:43:37.760, 180 MHz, 405 MHz, 0x0000000000000000, 11.34 W, 0 %, 241 MiB
2026/10/01 05:43:38.262, 180 MHz, 405 MHz, 0x0000000000000000, 11.33 W, 0 %, 241 MiB
2026/10/01 05:43:38.763, 180 MHz, 405 MHz, 0x0000000000000000, 11.87 W, 0 %, 241 MiB
2026/10/01 05:43:39.265, 180 MHz, 405 MHz, 0x0000000000000000, 12.06 W, 0 %, 241 MiB
2026/10/01 05:43:39.769, 180 MHz, 405 MHz, 0x0000000000000000, 12.06 W, 0 %, 241 MiB
2026/10/01 05:43:40.282, 180 MHz, 405 MHz, 0x0000000000000000, 11.19 W, 0 %, 241 MiB
2026/10/01 05:43:40.784, 180 MHz, 405 MHz, 0x0000000000000000, 11.16 W, 0 %, 241 MiB
2026/10/01 05:43:41.297, 180 MHz, 405 MHz, 0x0000000000000000, 11.91 W, 0 %, 241 MiB
2026/10/01 05:43:41.799, 180 MHz, 405 MHz, 0x0000000000000000, 12.17 W, 0 %, 241 MiB
2026/10/01 05:43:42.300, 180 MHz, 405 MHz, 0x0000000000000000, 12.17 W, 0 %, 241 MiB
2026/10/01 05:43:42.801, 180 MHz, 405 MHz, 0x0000000000000000, 11.17 W, 0 %, 241 MiB
2026/10/01 05:43:43.316, 180 MHz, 405 MHz, 0x0000000000000000, 11.17 W, 0 %, 241 MiB
2026/10/01 05:43:43.816, 180 MHz, 405 MHz, 0x0000000000000000, 10.94 W, 0 %, 241 MiB
2026/10/01 05:43:44.327, 180 MHz, 405 MHz, 0x0000000000000000, 10.94 W, 0 %, 241 MiB
2026/10/01 05:43:44.838, 180 MHz, 405 MHz, 0x0000000000000000, 10.91 W, 0 %, 241 MiB
2026/10/01 05:43:45.341, 180 MHz, 405 MHz, 0x0000000000000000, 11.30 W, 0 %, 241 MiB
2026/10/01 05:43:45.856, 180 MHz, 405 MHz, 0x0000000000000000, 12.47 W, 0 %, 241 MiB
2026/10/01 05:43:46.368, 180 MHz, 405 MHz, 0x0000000000000000, 12.48 W, 0 %, 241 MiB
2026/10/01 05:43:46.883, 180 MHz, 405 MHz, 0x0000000000000000, 12.48 W, 0 %, 241 MiB
2026/10/01 05:43:47.397, 180 MHz, 405 MHz, 0x0000000000000000, 11.20 W, 0 %, 241 MiB
2026/10/01 05:43:47.909, 210 MHz, 405 MHz, 0x0000000000000000, 11.34 W, 0 %, 246 MiB
2026/10/01 05:43:48.422, 180 MHz, 405 MHz, 0x0000000000000000, 12.02 W, 0 %, 241 MiB
2026/10/01 05:43:48.923, 180 MHz, 405 MHz, 0x0000000000000000, 12.73 W, 0 %, 241 MiB
2026/10/01 05:43:49.434, 180 MHz, 405 MHz, 0x0000000000000000, 12.83 W, 0 %, 241 MiB
2026/10/01 05:43:49.947, 180 MHz, 405 MHz, 0x0000000000000000, 12.83 W, 0 %, 241 MiB
2026/10/01 05:43:50.447, 180 MHz, 405 MHz, 0x0000000000000000, 11.02 W, 0 %, 241 MiB
2026/10/01 05:43:50.948, 180 MHz, 405 MHz, 0x0000000000000000, 11.02 W, 0 %, 241 MiB
2026/10/01 05:43:51.462, 180 MHz, 405 MHz, 0x0000000000000000, 10.95 W, 0 %, 241 MiB
2026/10/01 05:43:51.963, 180 MHz, 405 MHz, 0x0000000000000000, 11.10 W, 0 %, 241 MiB
2026/10/01 05:43:52.463, 180 MHz, 405 MHz, 0x0000000000000000, 12.24 W, 0 %, 241 MiB
2026/10/01 05:43:52.966, 180 MHz, 405 MHz, 0x0000000000000000, 12.43 W, 0 %, 241 MiB
2026/10/01 05:43:53.468, 180 MHz, 405 MHz, 0x0000000000000000, 12.43 W, 0 %, 241 MiB
2026/10/01 05:43:53.983, 180 MHz, 405 MHz, 0x0000000000000000, 11.02 W, 0 %, 241 MiB
2026/10/01 05:43:54.498, 180 MHz, 405 MHz, 0x0000000000000000, 11.02 W, 0 %, 241 MiB
2026/10/01 05:43:55.012, 180 MHz, 405 MHz, 0x0000000000000000, 11.66 W, 0 %, 736 MiB
2026/10/01 05:43:55.527, 1740 MHz, 13801 MHz, 0x0000000000000000, 24.15 W, 17 %, 17822 MiB
2026/10/01 05:43:56.029, 2940 MHz, 13801 MHz, 0x0000000000000000, 74.57 W, 1 %, 17822 MiB
2026/10/01 05:43:56.543, 2940 MHz, 13801 MHz, 0x0000000000000000, 94.91 W, 1 %, 17822 MiB
2026/10/01 05:43:57.044, 2940 MHz, 13801 MHz, 0x0000000000000000, 92.62 W, 1 %, 17822 MiB
2026/10/01 05:43:57.559, 2820 MHz, 13801 MHz, 0x0000000000000000, 86.27 W, 0 %, 17822 MiB
2026/10/01 05:43:58.071, 2400 MHz, 13801 MHz, 0x0000000000000000, 71.86 W, 1 %, 17822 MiB
2026/10/01 05:43:58.584, 2400 MHz, 13801 MHz, 0x0000000000000000, 59.69 W, 1 %, 17822 MiB
2026/10/01 05:43:59.096, 2400 MHz, 13801 MHz, 0x0000000000000000, 60.04 W, 1 %, 17822 MiB
2026/10/01 05:43:59.597, 2400 MHz, 13801 MHz, 0x0000000000000000, 60.18 W, 1 %, 17822 MiB
2026/10/01 05:44:00.111, 2400 MHz, 13801 MHz, 0x0000000000000000, 60.11 W, 1 %, 17822 MiB
2026/10/01 05:44:00.614, 2400 MHz, 13801 MHz, 0x0000000000000000, 59.81 W, 0 %, 17822 MiB
2026/10/01 05:44:01.130, 2400 MHz, 13801 MHz, 0x0000000000000000, 59.72 W, 1 %, 17822 MiB
2026/10/01 05:44:01.632, 2400 MHz, 13801 MHz, 0x0000000000000000, 59.84 W, 0 %, 17822 MiB
2026/10/01 05:44:02.135, 2400 MHz, 13801 MHz, 0x0000000000000000, 59.74 W, 0 %, 17822 MiB
2026/10/01 05:44:02.647, 570 MHz, 810 MHz, 0x0000000000000000, 46.35 W, 2 %, 17822 MiB
2026/10/01 05:44:03.147, 405 MHz, 810 MHz, 0x0000000000000000, 29.45 W, 2 %, 17822 MiB
2026/10/01 05:44:03.660, 307 MHz, 810 MHz, 0x0000000000000000, 17.12 W, 4 %, 17822 MiB
2026/10/01 05:44:04.175, 232 MHz, 405 MHz, 0x0000000000000000, 14.68 W, 4 %, 17822 MiB
2026/10/01 05:44:04.687, 180 MHz, 405 MHz, 0x0000000000000000, 14.21 W, 9 %, 17822 MiB
2026/10/01 05:44:05.203, 180 MHz, 405 MHz, 0x0000000000000000, 13.57 W, 6 %, 17822 MiB
2026/10/01 05:44:05.717, 180 MHz, 405 MHz, 0x0000000000000000, 13.35 W, 7 %, 17822 MiB
2026/10/01 05:44:06.233, 180 MHz, 405 MHz, 0x0000000000000000, 13.22 W, 5 %, 17822 MiB
2026/10/01 05:44:06.735, 180 MHz, 405 MHz, 0x0000000000000000, 13.10 W, 2 %, 17822 MiB
2026/10/01 05:44:07.249, 180 MHz, 405 MHz, 0x0000000000000000, 13.15 W, 6 %, 17822 MiB
2026/10/01 05:44:07.761, 180 MHz, 405 MHz, 0x0000000000000000, 13.32 W, 5 %, 17822 MiB
2026/10/01 05:44:08.275, 180 MHz, 405 MHz, 0x0000000000000000, 13.50 W, 8 %, 17822 MiB
2026/10/01 05:44:08.790, 195 MHz, 405 MHz, 0x0000000000000000, 13.41 W, 6 %, 17827 MiB
2026/10/01 05:44:09.300, 180 MHz, 405 MHz, 0x0000000000000000, 13.20 W, 6 %, 17827 MiB
2026/10/01 05:44:09.813, 180 MHz, 405 MHz, 0x0000000000000000, 13.19 W, 11 %, 17822 MiB
2026/10/01 05:44:10.314, 195 MHz, 405 MHz, 0x0000000000000000, 13.35 W, 6 %, 17822 MiB
2026/10/01 05:44:10.829, 180 MHz, 405 MHz, 0x0000000000000000, 13.22 W, 3 %, 17822 MiB
2026/10/01 05:44:11.330, 180 MHz, 405 MHz, 0x0000000000000000, 12.91 W, 3 %, 17822 MiB
2026/10/01 05:44:11.834, 180 MHz, 405 MHz, 0x0000000000000000, 13.11 W, 9 %, 17822 MiB
2026/10/01 05:44:12.337, 180 MHz, 405 MHz, 0x0000000000000000, 13.33 W, 6 %, 17822 MiB
2026/10/01 05:44:12.842, 195 MHz, 405 MHz, 0x0000000000000000, 13.56 W, 9 %, 17822 MiB
2026/10/01 05:44:13.345, 180 MHz, 405 MHz, 0x0000000000000000, 13.34 W, 7 %, 17822 MiB
2026/10/01 05:44:13.859, 180 MHz, 405 MHz, 0x0000000000000000, 13.02 W, 7 %, 17822 MiB
2026/10/01 05:44:14.359, 180 MHz, 405 MHz, 0x0000000000000000, 12.96 W, 4 %, 17822 MiB
2026/10/01 05:44:14.872, 202 MHz, 405 MHz, 0x0000000000000000, 13.27 W, 6 %, 17822 MiB
2026/10/01 05:44:15.372, 180 MHz, 405 MHz, 0x0000000000000000, 13.04 W, 5 %, 17822 MiB
2026/10/01 05:44:15.884, 195 MHz, 405 MHz, 0x0000000000000000, 12.87 W, 8 %, 17822 MiB
2026/10/01 05:44:16.400, 180 MHz, 405 MHz, 0x0000000000000000, 13.15 W, 9 %, 17822 MiB
2026/10/01 05:44:16.901, 180 MHz, 405 MHz, 0x0000000000000000, 13.17 W, 10 %, 17822 MiB
2026/10/01 05:44:17.404, 180 MHz, 405 MHz, 0x0000000000000000, 13.35 W, 8 %, 17822 MiB
2026/10/01 05:44:17.916, 195 MHz, 405 MHz, 0x0000000000000000, 13.49 W, 9 %, 17822 MiB
2026/10/01 05:44:18.417, 187 MHz, 405 MHz, 0x0000000000000000, 13.17 W, 2 %, 17822 MiB
2026/10/01 05:44:18.932, 195 MHz, 405 MHz, 0x0000000000000000, 13.10 W, 8 %, 17822 MiB
2026/10/01 05:44:19.432, 180 MHz, 405 MHz, 0x0000000000000000, 13.05 W, 7 %, 17822 MiB
2026/10/01 05:44:19.945, 217 MHz, 405 MHz, 0x0000000000000000, 13.18 W, 9 %, 17822 MiB
2026/10/01 05:44:20.458, 180 MHz, 405 MHz, 0x0000000000000000, 13.43 W, 9 %, 17822 MiB
2026/10/01 05:44:20.973, 187 MHz, 405 MHz, 0x0000000000000000, 13.25 W, 5 %, 17822 MiB
2026/10/01 05:44:21.473, 180 MHz, 405 MHz, 0x0000000000000000, 13.17 W, 10 %, 17822 MiB
2026/10/01 05:44:21.988, 180 MHz, 405 MHz, 0x0000000000000000, 13.18 W, 6 %, 17822 MiB
2026/10/01 05:44:22.489, 210 MHz, 405 MHz, 0x0000000000000000, 13.33 W, 10 %, 17822 MiB
2026/10/01 05:44:22.989, 180 MHz, 405 MHz, 0x0000000000000000, 13.45 W, 7 %, 17822 MiB
2026/10/01 05:44:23.490, 210 MHz, 405 MHz, 0x0000000000000000, 13.47 W, 8 %, 17822 MiB
2026/10/01 05:44:24.005, 180 MHz, 405 MHz, 0x0000000000000000, 13.39 W, 6 %, 17822 MiB
2026/10/01 05:44:24.521, 180 MHz, 405 MHz, 0x0000000000000000, 13.25 W, 6 %, 17822 MiB
2026/10/01 05:44:25.025, 180 MHz, 405 MHz, 0x0000000000000000, 13.07 W, 3 %, 17822 MiB
2026/10/01 05:44:25.530, 180 MHz, 405 MHz, 0x0000000000000000, 12.90 W, 9 %, 17822 MiB
2026/10/01 05:44:26.031, 180 MHz, 405 MHz, 0x0000000000000000, 12.91 W, 5 %, 17822 MiB
2026/10/01 05:44:26.544, 180 MHz, 405 MHz, 0x0000000000000000, 12.93 W, 1 %, 17822 MiB
2026/10/01 05:44:27.056, 180 MHz, 405 MHz, 0x0000000000000000, 12.97 W, 1 %, 17822 MiB
2026/10/01 05:44:27.572, 180 MHz, 405 MHz, 0x0000000000000000, 12.73 W, 6 %, 17822 MiB
2026/10/01 05:44:28.085, 180 MHz, 405 MHz, 0x0000000000000000, 12.51 W, 1 %, 17822 MiB
2026/10/01 05:44:28.597, 180 MHz, 405 MHz, 0x0000000000000000, 12.46 W, 5 %, 17822 MiB
2026/10/01 05:44:29.109, 195 MHz, 405 MHz, 0x0000000000000000, 12.52 W, 6 %, 17822 MiB
2026/10/01 05:44:29.623, 187 MHz, 405 MHz, 0x0000000000000000, 12.76 W, 6 %, 17827 MiB
2026/10/01 05:44:30.132, 217 MHz, 405 MHz, 0x0000000000000000, 13.19 W, 6 %, 17827 MiB
2026/10/01 05:44:30.645, 180 MHz, 405 MHz, 0x0000000000000000, 13.15 W, 6 %, 17822 MiB
2026/10/01 05:44:31.154, 210 MHz, 405 MHz, 0x0000000000000000, 12.98 W, 2 %, 17822 MiB
2026/10/01 05:44:31.668, 180 MHz, 405 MHz, 0x0000000000000000, 12.72 W, 2 %, 17822 MiB
2026/10/01 05:44:32.176, 180 MHz, 405 MHz, 0x0000000000000000, 12.25 W, 3 %, 17822 MiB
2026/10/01 05:44:32.691, 180 MHz, 405 MHz, 0x0000000000000000, 12.11 W, 1 %, 17822 MiB
2026/10/01 05:44:33.203, 180 MHz, 405 MHz, 0x0000000000000000, 12.05 W, 1 %, 17822 MiB
2026/10/01 05:44:33.706, 180 MHz, 405 MHz, 0x0000000000000000, 12.24 W, 9 %, 17822 MiB
2026/10/01 05:44:34.208, 195 MHz, 405 MHz, 0x0000000000000000, 12.63 W, 10 %, 17822 MiB
2026/10/01 05:44:34.709, 187 MHz, 405 MHz, 0x0000000000000000, 12.83 W, 8 %, 17822 MiB
2026/10/01 05:44:35.211, 180 MHz, 405 MHz, 0x0000000000000000, 12.72 W, 8 %, 17822 MiB
2026/10/01 05:44:35.714, 180 MHz, 405 MHz, 0x0000000000000000, 12.83 W, 7 %, 17822 MiB
2026/10/01 05:44:36.218, 180 MHz, 405 MHz, 0x0000000000000000, 12.92 W, 9 %, 17822 MiB
2026/10/01 05:44:36.721, 180 MHz, 405 MHz, 0x0000000000000000, 12.95 W, 10 %, 17822 MiB
2026/10/01 05:44:37.227, 180 MHz, 405 MHz, 0x0000000000000000, 12.98 W, 9 %, 17822 MiB
2026/10/01 05:44:37.742, 180 MHz, 405 MHz, 0x0000000000000000, 12.93 W, 3 %, 17822 MiB
2026/10/01 05:44:38.243, 180 MHz, 405 MHz, 0x0000000000000000, 12.61 W, 2 %, 17822 MiB
2026/10/01 05:44:38.745, 180 MHz, 405 MHz, 0x0000000000000000, 12.50 W, 10 %, 17822 MiB
2026/10/01 05:44:39.248, 217 MHz, 405 MHz, 0x0000000000000000, 12.84 W, 10 %, 17822 MiB
2026/10/01 05:44:39.751, 180 MHz, 405 MHz, 0x0000000000000000, 12.92 W, 4 %, 17822 MiB
2026/10/01 05:44:40.267, 180 MHz, 405 MHz, 0x0000000000000000, 12.61 W, 10 %, 17822 MiB
2026/10/01 05:44:40.769, 195 MHz, 405 MHz, 0x0000000000000000, 12.77 W, 8 %, 17822 MiB
2026/10/01 05:44:41.284, 180 MHz, 405 MHz, 0x0000000000000000, 12.89 W, 10 %, 17822 MiB
2026/10/01 05:44:41.787, 217 MHz, 405 MHz, 0x0000000000000000, 13.02 W, 7 %, 17822 MiB
2026/10/01 05:44:42.291, 180 MHz, 405 MHz, 0x0000000000000000, 12.99 W, 5 %, 17822 MiB
2026/10/01 05:44:42.794, 180 MHz, 405 MHz, 0x0000000000000000, 12.84 W, 9 %, 17822 MiB
2026/10/01 05:44:43.297, 180 MHz, 405 MHz, 0x0000000000000000, 12.80 W, 8 %, 17822 MiB
2026/10/01 05:44:43.798, 180 MHz, 405 MHz, 0x0000000000000000, 12.65 W, 6 %, 17822 MiB
2026/10/01 05:44:44.313, 180 MHz, 405 MHz, 0x0000000000000000, 12.85 W, 8 %, 17822 MiB
2026/10/01 05:44:44.827, 195 MHz, 405 MHz, 0x0000000000000000, 12.97 W, 8 %, 17822 MiB
2026/10/01 05:44:45.343, 180 MHz, 405 MHz, 0x0000000000000000, 12.77 W, 10 %, 17822 MiB
2026/10/01 05:44:45.844, 180 MHz, 405 MHz, 0x0000000000000000, 12.57 W, 4 %, 17822 MiB
2026/10/01 05:44:46.345, 217 MHz, 405 MHz, 0x0000000000000000, 12.55 W, 9 %, 17822 MiB
2026/10/01 05:44:46.860, 180 MHz, 405 MHz, 0x0000000000000000, 12.41 W, 2 %, 17822 MiB
2026/10/01 05:44:47.374, 187 MHz, 405 MHz, 0x0000000000000000, 12.43 W, 10 %, 17822 MiB
2026/10/01 05:44:47.874, 180 MHz, 405 MHz, 0x0000000000000000, 12.53 W, 9 %, 17822 MiB
2026/10/01 05:44:48.390, 180 MHz, 405 MHz, 0x0000000000000000, 12.41 W, 1 %, 17822 MiB
2026/10/01 05:44:48.892, 180 MHz, 405 MHz, 0x0000000000000000, 12.61 W, 10 %, 17822 MiB
2026/10/01 05:44:49.398, 180 MHz, 405 MHz, 0x0000000000000000, 12.55 W, 10 %, 17822 MiB
2026/10/01 05:44:49.901, 180 MHz, 405 MHz, 0x0000000000000000, 12.30 W, 8 %, 17822 MiB
2026/10/01 05:44:50.401, 180 MHz, 405 MHz, 0x0000000000000000, 12.67 W, 8 %, 17822 MiB
2026/10/01 05:44:50.914, 195 MHz, 405 MHz, 0x0000000000000000, 12.80 W, 10 %, 17827 MiB
2026/10/01 05:44:51.426, 180 MHz, 405 MHz, 0x0000000000000000, 12.47 W, 10 %, 17822 MiB
2026/10/01 05:44:51.941, 187 MHz, 405 MHz, 0x0000000000000000, 12.59 W, 6 %, 17822 MiB
2026/10/01 05:44:52.443, 180 MHz, 405 MHz, 0x0000000000000000, 12.74 W, 10 %, 17822 MiB
2026/10/01 05:44:52.946, 210 MHz, 405 MHz, 0x0000000000000000, 12.70 W, 10 %, 17822 MiB
2026/10/01 05:44:53.449, 180 MHz, 405 MHz, 0x0000000000000000, 12.51 W, 10 %, 17822 MiB
2026/10/01 05:44:53.952, 195 MHz, 405 MHz, 0x0000000000000000, 12.41 W, 9 %, 17822 MiB
2026/10/01 05:44:54.457, 180 MHz, 405 MHz, 0x0000000000000000, 12.48 W, 10 %, 17822 MiB
2026/10/01 05:44:54.969, 195 MHz, 405 MHz, 0x0000000000000000, 12.53 W, 5 %, 17822 MiB
2026/10/01 05:44:55.472, 180 MHz, 405 MHz, 0x0000000000000000, 12.62 W, 10 %, 17822 MiB
2026/10/01 05:44:55.974, 180 MHz, 405 MHz, 0x0000000000000000, 12.59 W, 9 %, 17822 MiB
2026/10/01 05:44:56.485, 180 MHz, 405 MHz, 0x0000000000000000, 12.41 W, 2 %, 17822 MiB
2026/10/01 05:44:56.987, 210 MHz, 405 MHz, 0x0000000000000000, 12.53 W, 9 %, 17822 MiB
2026/10/01 05:44:57.488, 180 MHz, 405 MHz, 0x0000000000000000, 12.61 W, 9 %, 17822 MiB
2026/10/01 05:44:57.995, 180 MHz, 405 MHz, 0x0000000000000000, 12.33 W, 8 %, 17822 MiB
2026/10/01 05:44:58.497, 180 MHz, 405 MHz, 0x0000000000000000, 12.14 W, 9 %, 17822 MiB
2026/10/01 05:44:58.998, 180 MHz, 405 MHz, 0x0000000000000000, 12.22 W, 9 %, 17822 MiB
2026/10/01 05:44:59.501, 180 MHz, 405 MHz, 0x0000000000000000, 12.29 W, 6 %, 17822 MiB
2026/10/01 05:45:00.002, 187 MHz, 405 MHz, 0x0000000000000000, 12.32 W, 9 %, 17822 MiB
2026/10/01 05:45:00.509, 180 MHz, 405 MHz, 0x0000000000000000, 12.19 W, 7 %, 17822 MiB
2026/10/01 05:45:01.011, 180 MHz, 405 MHz, 0x0000000000000000, 12.32 W, 3 %, 17822 MiB
2026/10/01 05:45:01.512, 180 MHz, 405 MHz, 0x0000000000000000, 12.67 W, 9 %, 17822 MiB
2026/10/01 05:45:02.014, 180 MHz, 405 MHz, 0x0000000000000000, 12.79 W, 10 %, 17822 MiB
2026/10/01 05:45:02.530, 180 MHz, 405 MHz, 0x0000000000000000, 12.81 W, 9 %, 17822 MiB
2026/10/01 05:45:03.045, 195 MHz, 405 MHz, 0x0000000000000000, 12.70 W, 4 %, 17822 MiB
2026/10/01 05:45:03.559, 195 MHz, 405 MHz, 0x0000000000000000, 12.63 W, 5 %, 17822 MiB
2026/10/01 05:45:04.075, 180 MHz, 405 MHz, 0x0000000000000000, 12.69 W, 7 %, 17822 MiB
2026/10/01 05:45:04.588, 180 MHz, 405 MHz, 0x0000000000000000, 12.45 W, 1 %, 17822 MiB
2026/10/01 05:45:05.102, 180 MHz, 405 MHz, 0x0000000000000000, 12.40 W, 2 %, 17822 MiB
2026/10/01 05:45:05.617, 180 MHz, 405 MHz, 0x0000000000000000, 12.22 W, 2 %, 17822 MiB
2026/10/01 05:45:06.131, 180 MHz, 405 MHz, 0x0000000000000000, 12.23 W, 2 %, 17822 MiB
2026/10/01 05:45:06.645, 180 MHz, 405 MHz, 0x0000000000000000, 12.05 W, 2 %, 17822 MiB
2026/10/01 05:45:07.146, 180 MHz, 405 MHz, 0x0000000000000000, 12.24 W, 1 %, 17822 MiB
2026/10/01 05:45:07.648, 180 MHz, 405 MHz, 0x0000000000000000, 12.23 W, 1 %, 17822 MiB
2026/10/01 05:45:08.163, 187 MHz, 405 MHz, 0x0000000000000000, 12.25 W, 2 %, 17822 MiB
2026/10/01 05:45:08.679, 180 MHz, 405 MHz, 0x0000000000000000, 12.19 W, 3 %, 17822 MiB
2026/10/01 05:45:09.193, 180 MHz, 405 MHz, 0x0000000000000000, 12.01 W, 2 %, 17822 MiB
2026/10/01 05:45:09.708, 180 MHz, 405 MHz, 0x0000000000000000, 12.14 W, 1 %, 17822 MiB
2026/10/01 05:45:10.222, 180 MHz, 405 MHz, 0x0000000000000000, 12.29 W, 7 %, 17822 MiB
2026/10/01 05:45:10.723, 180 MHz, 405 MHz, 0x0000000000000000, 12.46 W, 4 %, 17822 MiB
2026/10/01 05:45:11.224, 180 MHz, 405 MHz, 0x0000000000000000, 12.73 W, 5 %, 17822 MiB
2026/10/01 05:45:11.727, 180 MHz, 405 MHz, 0x0000000000000000, 12.70 W, 9 %, 17824 MiB
2026/10/01 05:45:12.229, 217 MHz, 405 MHz, 0x0000000000000000, 12.84 W, 10 %, 17824 MiB
2026/10/01 05:45:12.730, 187 MHz, 405 MHz, 0x0000000000000000, 12.87 W, 10 %, 17822 MiB
2026/10/01 05:45:13.246, 180 MHz, 405 MHz, 0x0000000000000000, 12.59 W, 8 %, 17822 MiB
2026/10/01 05:45:13.761, 202 MHz, 405 MHz, 0x0000000000000000, 12.67 W, 6 %, 17822 MiB
2026/10/01 05:45:14.267, 180 MHz, 405 MHz, 0x0000000000000000, 12.49 W, 7 %, 17822 MiB
2026/10/01 05:45:14.781, 180 MHz, 405 MHz, 0x0000000000000000, 12.56 W, 10 %, 17822 MiB
2026/10/01 05:45:15.296, 180 MHz, 405 MHz, 0x0000000000000000, 12.39 W, 1 %, 17822 MiB
2026/10/01 05:45:15.810, 217 MHz, 405 MHz, 0x0000000000000000, 12.55 W, 5 %, 17822 MiB
2026/10/01 05:45:16.312, 180 MHz, 405 MHz, 0x0000000000000000, 12.53 W, 10 %, 17822 MiB
2026/10/01 05:45:16.824, 180 MHz, 405 MHz, 0x0000000000000000, 12.53 W, 3 %, 17822 MiB
2026/10/01 05:45:17.329, 180 MHz, 405 MHz, 0x0000000000000000, 12.66 W, 8 %, 17822 MiB
2026/10/01 05:45:17.835, 180 MHz, 405 MHz, 0x0000000000000000, 12.36 W, 9 %, 17822 MiB
2026/10/01 05:45:18.335, 180 MHz, 405 MHz, 0x0000000000000000, 12.18 W, 1 %, 17822 MiB
2026/10/01 05:45:18.849, 180 MHz, 405 MHz, 0x0000000000000000, 12.00 W, 0 %, 17822 MiB
2026/10/01 05:45:19.350, 180 MHz, 405 MHz, 0x0000000000000000, 11.93 W, 0 %, 19164 MiB
2026/10/01 05:45:19.852, 195 MHz, 405 MHz, 0x0000000000000000, 14.44 W, 0 %, 22204 MiB
2026/10/01 05:45:20.368, 967 MHz, 405 MHz, 0x0000000000000000, 24.95 W, 0 %, 22990 MiB
2026/10/01 05:45:20.869, 202 MHz, 405 MHz, 0x0000000000000000, 28.28 W, 50 %, 23246 MiB
2026/10/01 05:45:21.369, 2910 MHz, 13801 MHz, 0x0000000000000000, 99.08 W, 82 %, 23246 MiB
2026/10/01 05:45:21.873, 2932 MHz, 13801 MHz, 0x0000000000000000, 176.83 W, 13 %, 23246 MiB
2026/10/01 05:45:22.388, 2932 MHz, 13801 MHz, 0x0000000000000000, 173.38 W, 0 %, 23246 MiB
2026/10/01 05:45:22.892, 2932 MHz, 13801 MHz, 0x0000000000000000, 138.41 W, 0 %, 23566 MiB
2026/10/01 05:45:23.407, 2940 MHz, 13801 MHz, 0x0000000000000000, 113.60 W, 0 %, 23566 MiB
2026/10/01 05:45:23.908, 2932 MHz, 13801 MHz, 0x0000000000000000, 132.51 W, 0 %, 23566 MiB
2026/10/01 05:45:24.412, 2932 MHz, 13801 MHz, 0x0000000000000000, 201.88 W, 99 %, 23566 MiB
2026/10/01 05:45:24.926, 2925 MHz, 13801 MHz, 0x0000000000000000, 214.60 W, 0 %, 23566 MiB
2026/10/01 05:45:25.441, 2932 MHz, 13801 MHz, 0x0000000000000000, 262.62 W, 66 %, 23566 MiB
2026/10/01 05:45:25.941, 2925 MHz, 13801 MHz, 0x0000000000000000, 232.22 W, 0 %, 23886 MiB
2026/10/01 05:45:26.455, 2932 MHz, 13801 MHz, 0x0000000000000000, 244.71 W, 77 %, 24142 MiB
2026/10/01 05:45:26.968, 2932 MHz, 13801 MHz, 0x0000000000000000, 253.29 W, 80 %, 24142 MiB
2026/10/01 05:45:27.469, 2932 MHz, 13801 MHz, 0x0000000000000000, 231.18 W, 25 %, 24142 MiB
2026/10/01 05:45:27.970, 2940 MHz, 13801 MHz, 0x0000000000000000, 186.63 W, 65 %, 24142 MiB
2026/10/01 05:45:28.473, 2932 MHz, 13801 MHz, 0x0000000000000000, 143.00 W, 0 %, 24144 MiB
2026/10/01 05:45:28.975, 2932 MHz, 13801 MHz, 0x0000000000000000, 141.92 W, 0 %, 24144 MiB
2026/10/01 05:45:29.478, 2932 MHz, 13801 MHz, 0x0000000000000000, 159.24 W, 16 %, 24144 MiB
2026/10/01 05:45:29.991, 2932 MHz, 13801 MHz, 0x0000000000000000, 194.61 W, 43 %, 24144 MiB
2026/10/01 05:45:30.493, 2932 MHz, 13801 MHz, 0x0000000000000000, 191.71 W, 90 %, 24144 MiB
2026/10/01 05:45:30.995, 2940 MHz, 13801 MHz, 0x0000000000000000, 150.34 W, 0 %, 24144 MiB
2026/10/01 05:45:31.511, 2940 MHz, 13801 MHz, 0x0000000000000000, 115.45 W, 0 %, 24144 MiB
2026/10/01 05:45:32.027, 2940 MHz, 13801 MHz, 0x0000000000000000, 92.54 W, 0 %, 24144 MiB
2026/10/01 05:45:32.540, 2445 MHz, 7001 MHz, 0x0000000000000000, 82.31 W, 0 %, 24149 MiB
2026/10/01 05:45:33.041, 540 MHz, 7001 MHz, 0x0000000000000000, 55.95 W, 0 %, 24149 MiB
2026/10/01 05:45:33.541, 1515 MHz, 7001 MHz, 0x0000000000000000, 69.76 W, 0 %, 24144 MiB
2026/10/01 05:45:34.056, 1350 MHz, 7001 MHz, 0x0000000000000000, 97.32 W, 90 %, 24144 MiB
2026/10/01 05:45:34.570, 2940 MHz, 13801 MHz, 0x0000000000000000, 91.49 W, 0 %, 24144 MiB
2026/10/01 05:45:35.084, 2932 MHz, 13801 MHz, 0x0000000000000000, 155.23 W, 0 %, 24144 MiB
2026/10/01 05:45:35.595, 2940 MHz, 13801 MHz, 0x0000000000000000, 131.19 W, 0 %, 24144 MiB
2026/10/01 05:45:36.107, 2940 MHz, 13801 MHz, 0x0000000000000000, 92.47 W, 0 %, 24144 MiB
2026/10/01 05:45:36.617, 2940 MHz, 13801 MHz, 0x0000000000000000, 102.41 W, 33 %, 24144 MiB
2026/10/01 05:45:37.131, 2190 MHz, 13801 MHz, 0x0000000000000000, 121.90 W, 0 %, 24144 MiB
2026/10/01 05:45:37.641, 2805 MHz, 13801 MHz, 0x0000000000000000, 163.02 W, 0 %, 24144 MiB
2026/10/01 05:45:38.149, 2925 MHz, 13801 MHz, 0x0000000000000000, 189.79 W, 0 %, 24144 MiB
2026/10/01 05:45:38.663, 2940 MHz, 13801 MHz, 0x0000000000000000, 174.07 W, 83 %, 24144 MiB
2026/10/01 05:45:39.176, 2940 MHz, 13801 MHz, 0x0000000000000000, 135.75 W, 0 %, 24144 MiB
2026/10/01 05:45:39.691, 2940 MHz, 13801 MHz, 0x0000000000000000, 110.61 W, 0 %, 24144 MiB
2026/10/01 05:45:40.206, 2940 MHz, 13801 MHz, 0x0000000000000000, 129.62 W, 70 %, 24144 MiB
2026/10/01 05:45:40.709, 2820 MHz, 13801 MHz, 0x0000000000000000, 151.23 W, 79 %, 24144 MiB
2026/10/01 05:45:41.211, 2580 MHz, 13801 MHz, 0x0000000000000000, 149.01 W, 32 %, 24144 MiB
2026/10/01 05:45:41.712, 2835 MHz, 13801 MHz, 0x0000000000000000, 176.22 W, 0 %, 24144 MiB
2026/10/01 05:45:42.218, 2932 MHz, 13801 MHz, 0x0000000000000000, 193.04 W, 80 %, 24144 MiB
2026/10/01 05:45:42.718, 2932 MHz, 13801 MHz, 0x0000000000000000, 207.53 W, 15 %, 24464 MiB
2026/10/01 05:45:43.221, 2932 MHz, 13801 MHz, 0x0000000000000004, 236.41 W, 99 %, 24464 MiB
2026/10/01 05:45:43.723, 2940 MHz, 13801 MHz, 0x0000000000000000, 207.18 W, 0 %, 24464 MiB
2026/10/01 05:45:44.237, 2940 MHz, 13801 MHz, 0x0000000000000000, 160.57 W, 0 %, 24464 MiB
2026/10/01 05:45:44.749, 2940 MHz, 13801 MHz, 0x0000000000000000, 92.29 W, 0 %, 24464 MiB
2026/10/01 05:45:45.259, 2940 MHz, 7001 MHz, 0x0000000000000000, 87.65 W, 0 %, 24464 MiB
2026/10/01 05:45:45.773, 510 MHz, 7001 MHz, 0x0000000000000000, 58.22 W, 0 %, 24464 MiB
2026/10/01 05:45:46.274, 420 MHz, 7001 MHz, 0x0000000000000000, 34.90 W, 0 %, 24464 MiB
2026/10/01 05:45:46.789, 262 MHz, 7001 MHz, 0x0000000000000000, 33.29 W, 0 %, 24464 MiB
2026/10/01 05:45:47.290, 262 MHz, 7001 MHz, 0x0000000000000000, 33.29 W, 0 %, 24464 MiB
2026/10/01 05:45:47.791, 180 MHz, 7001 MHz, 0x0000000000000000, 32.91 W, 0 %, 24464 MiB
2026/10/01 05:45:48.292, 180 MHz, 7001 MHz, 0x0000000000000000, 32.91 W, 0 %, 24464 MiB
2026/10/01 05:45:48.793, 180 MHz, 7001 MHz, 0x0000000000000000, 32.52 W, 0 %, 24464 MiB
2026/10/01 05:45:49.293, 180 MHz, 7001 MHz, 0x0000000000000000, 32.52 W, 0 %, 24464 MiB
2026/10/01 05:45:49.807, 1732 MHz, 13801 MHz, 0x0000000000000004, 155.78 W, 100 %, 24464 MiB
2026/10/01 05:45:50.321, 2910 MHz, 13801 MHz, 0x0000000000000000, 216.47 W, 0 %, 22236 MiB
2026/10/01 05:45:50.836, 2940 MHz, 13801 MHz, 0x0000000000000000, 254.24 W, 1 %, 28254 MiB
2026/10/01 05:45:51.344, 2940 MHz, 13801 MHz, 0x0000000000000000, 96.33 W, 3 %, 28256 MiB
2026/10/01 05:45:51.845, 2940 MHz, 13801 MHz, 0x0000000000000000, 93.92 W, 0 %, 28256 MiB
2026/10/01 05:45:52.347, 862 MHz, 7001 MHz, 0x0000000000000000, 69.99 W, 0 %, 28256 MiB
2026/10/01 05:45:52.862, 705 MHz, 7001 MHz, 0x0000000000000000, 45.87 W, 0 %, 28256 MiB
2026/10/01 05:45:53.363, 705 MHz, 7001 MHz, 0x0000000000000000, 35.40 W, 0 %, 28256 MiB
2026/10/01 05:45:53.875, 487 MHz, 7001 MHz, 0x0000000000000000, 34.12 W, 0 %, 28261 MiB
2026/10/01 05:45:54.376, 352 MHz, 7001 MHz, 0x0000000000000000, 33.88 W, 0 %, 28256 MiB
2026/10/01 05:45:54.879, 285 MHz, 7001 MHz, 0x0000000000000000, 33.35 W, 0 %, 28256 MiB
2026/10/01 05:45:55.393, 217 MHz, 7001 MHz, 0x0000000000000000, 32.86 W, 0 %, 28256 MiB
2026/10/01 05:45:55.907, 217 MHz, 7001 MHz, 0x0000000000000000, 32.86 W, 0 %, 28256 MiB
2026/10/01 05:45:56.408, 180 MHz, 7001 MHz, 0x0000000000000000, 32.01 W, 0 %, 28256 MiB
2026/10/01 05:45:56.921, 180 MHz, 7001 MHz, 0x0000000000000000, 32.01 W, 0 %, 28256 MiB
2026/10/01 05:45:57.435, 180 MHz, 810 MHz, 0x0000000000000000, 19.27 W, 0 %, 28256 MiB
2026/10/01 05:45:57.936, 180 MHz, 810 MHz, 0x0000000000000000, 19.27 W, 0 %, 28256 MiB
2026/10/01 05:45:58.438, 180 MHz, 810 MHz, 0x0000000000000000, 14.93 W, 0 %, 28256 MiB
2026/10/01 05:45:58.954, 180 MHz, 810 MHz, 0x0000000000000000, 14.93 W, 0 %, 28256 MiB
2026/10/01 05:45:59.468, 180 MHz, 405 MHz, 0x0000000000000000, 10.55 W, 0 %, 28256 MiB
2026/10/01 05:45:59.969, 180 MHz, 405 MHz, 0x0000000000000000, 10.55 W, 0 %, 28256 MiB
2026/10/01 05:46:00.469, 180 MHz, 405 MHz, 0x0000000000000000, 10.45 W, 0 %, 28256 MiB
2026/10/01 05:46:00.970, 180 MHz, 405 MHz, 0x0000000000000000, 10.45 W, 0 %, 28256 MiB
2026/10/01 05:46:01.472, 180 MHz, 405 MHz, 0x0000000000000000, 10.41 W, 0 %, 28256 MiB
2026/10/01 05:46:01.975, 180 MHz, 405 MHz, 0x0000000000000000, 10.41 W, 0 %, 28256 MiB
2026/10/01 05:46:02.487, 180 MHz, 405 MHz, 0x0000000000000000, 10.55 W, 0 %, 28256 MiB
2026/10/01 05:46:02.990, 180 MHz, 405 MHz, 0x0000000000000000, 10.55 W, 0 %, 28256 MiB
2026/10/01 05:46:03.492, 180 MHz, 405 MHz, 0x0000000000000000, 10.49 W, 0 %, 28256 MiB
2026/10/01 05:46:03.993, 180 MHz, 405 MHz, 0x0000000000000000, 10.49 W, 0 %, 28256 MiB
2026/10/01 05:46:04.496, 180 MHz, 405 MHz, 0x0000000000000000, 10.49 W, 0 %, 28256 MiB
2026/10/01 05:46:04.997, 180 MHz, 405 MHz, 0x0000000000000000, 10.49 W, 0 %, 28256 MiB
2026/10/01 05:46:05.512, 180 MHz, 405 MHz, 0x0000000000000000, 10.36 W, 0 %, 28256 MiB
2026/10/01 05:46:06.020, 180 MHz, 405 MHz, 0x0000000000000000, 10.36 W, 0 %, 28256 MiB
2026/10/01 05:46:06.532, 180 MHz, 405 MHz, 0x0000000000000000, 10.30 W, 0 %, 28256 MiB
2026/10/01 05:46:07.033, 180 MHz, 405 MHz, 0x0000000000000000, 10.30 W, 0 %, 28256 MiB
2026/10/01 05:46:07.535, 180 MHz, 405 MHz, 0x0000000000000000, 10.29 W, 0 %, 28256 MiB
2026/10/01 05:46:08.049, 180 MHz, 405 MHz, 0x0000000000000000, 10.29 W, 0 %, 28256 MiB
2026/10/01 05:46:08.563, 172 MHz, 405 MHz, 0x0000000000000000, 10.30 W, 0 %, 28256 MiB
2026/10/01 05:46:09.064, 172 MHz, 405 MHz, 0x0000000000000000, 10.30 W, 0 %, 28256 MiB
2026/10/01 05:46:09.577, 180 MHz, 405 MHz, 0x0000000000000000, 10.35 W, 0 %, 28256 MiB
2026/10/01 05:46:10.092, 180 MHz, 405 MHz, 0x0000000000000000, 10.35 W, 0 %, 28256 MiB
2026/10/01 05:46:10.595, 180 MHz, 405 MHz, 0x0000000000000000, 10.42 W, 0 %, 28256 MiB
2026/10/01 05:46:11.110, 180 MHz, 405 MHz, 0x0000000000000000, 10.42 W, 0 %, 28256 MiB
2026/10/01 05:46:11.622, 180 MHz, 405 MHz, 0x0000000000000000, 10.43 W, 0 %, 28256 MiB
2026/10/01 05:46:12.136, 180 MHz, 405 MHz, 0x0000000000000000, 10.43 W, 0 %, 28256 MiB
2026/10/01 05:46:12.641, 180 MHz, 405 MHz, 0x0000000000000000, 10.35 W, 0 %, 28256 MiB
2026/10/01 05:46:13.142, 180 MHz, 405 MHz, 0x0000000000000000, 10.35 W, 0 %, 28256 MiB
2026/10/01 05:46:13.656, 180 MHz, 405 MHz, 0x0000000000000000, 10.40 W, 0 %, 28256 MiB
2026/10/01 05:46:14.171, 180 MHz, 405 MHz, 0x0000000000000000, 10.40 W, 0 %, 28256 MiB
2026/10/01 05:46:14.683, 180 MHz, 405 MHz, 0x0000000000000000, 10.32 W, 0 %, 28261 MiB
2026/10/01 05:46:15.198, 195 MHz, 405 MHz, 0x0000000000000000, 10.58 W, 0 %, 28261 MiB
2026/10/01 05:46:15.711, 172 MHz, 405 MHz, 0x0000000000000000, 11.30 W, 0 %, 28256 MiB
2026/10/01 05:46:16.226, 180 MHz, 405 MHz, 0x0000000000000000, 11.54 W, 0 %, 28256 MiB
2026/10/01 05:46:16.741, 180 MHz, 405 MHz, 0x0000000000000000, 11.36 W, 0 %, 28256 MiB
2026/10/01 05:46:17.254, 180 MHz, 405 MHz, 0x0000000000000000, 11.26 W, 0 %, 28256 MiB
2026/10/01 05:46:17.769, 180 MHz, 405 MHz, 0x0000000000000000, 11.24 W, 100 %, 28278 MiB
2026/10/01 05:46:18.280, 2932 MHz, 13801 MHz, 0x0000000000000000, 49.98 W, 0 %, 28282 MiB
2026/10/01 05:46:18.784, 2932 MHz, 13801 MHz, 0x0000000000000000, 67.38 W, 0 %, 28286 MiB
2026/10/01 05:46:19.287, 2940 MHz, 13801 MHz, 0x0000000000000000, 120.54 W, 0 %, 28290 MiB
2026/10/01 05:46:19.791, 1185 MHz, 7001 MHz, 0x0000000000000000, 81.43 W, 0 %, 28294 MiB
2026/10/01 05:46:20.305, 1320 MHz, 7001 MHz, 0x0000000000000000, 57.84 W, 0 %, 28294 MiB
2026/10/01 05:46:20.821, 810 MHz, 7001 MHz, 0x0000000000000000, 46.96 W, 0 %, 28296 MiB
2026/10/01 05:46:21.333, 705 MHz, 7001 MHz, 0x0000000000000000, 35.05 W, 0 %, 28296 MiB
2026/10/01 05:46:21.848, 532 MHz, 7001 MHz, 0x0000000000000000, 34.42 W, 0 %, 28316 MiB
2026/10/01 05:46:22.363, 412 MHz, 7001 MHz, 0x0000000000000000, 33.34 W, 0 %, 28316 MiB
2026/10/01 05:46:22.877, 2280 MHz, 13801 MHz, 0x0000000000000000, 134.56 W, 94 %, 28318 MiB
2026/10/01 05:46:23.393, 2940 MHz, 13801 MHz, 0x0000000000000000, 154.94 W, 0 %, 28318 MiB
2026/10/01 05:46:23.909, 2940 MHz, 13801 MHz, 0x0000000000000000, 129.00 W, 0 %, 28318 MiB
2026/10/01 05:46:24.410, 2940 MHz, 13801 MHz, 0x0000000000000000, 92.68 W, 0 %, 28318 MiB
2026/10/01 05:46:24.913, 2940 MHz, 7001 MHz, 0x0000000000000000, 87.34 W, 0 %, 28318 MiB
2026/10/01 05:46:25.427, 510 MHz, 7001 MHz, 0x0000000000000000, 61.46 W, 0 %, 28318 MiB
2026/10/01 05:46:25.929, 420 MHz, 7001 MHz, 0x0000000000000000, 34.78 W, 0 %, 28318 MiB
2026/10/01 05:46:26.440, 420 MHz, 7001 MHz, 0x0000000000000000, 34.78 W, 0 %, 28318 MiB
2026/10/01 05:46:26.940, 262 MHz, 7001 MHz, 0x0000000000000000, 32.65 W, 0 %, 28318 MiB
2026/10/01 05:46:27.452, 262 MHz, 7001 MHz, 0x0000000000000000, 32.65 W, 0 %, 28318 MiB
2026/10/01 05:46:27.954, 180 MHz, 7001 MHz, 0x0000000000000000, 31.75 W, 0 %, 28318 MiB
2026/10/01 05:46:28.468, 180 MHz, 7001 MHz, 0x0000000000000000, 31.75 W, 0 %, 28318 MiB
2026/10/01 05:46:28.968, 172 MHz, 7001 MHz, 0x0000000000000000, 31.75 W, 0 %, 28318 MiB
2026/10/01 05:46:29.483, 172 MHz, 7001 MHz, 0x0000000000000000, 31.75 W, 0 %, 28318 MiB
2026/10/01 05:46:29.998, 187 MHz, 810 MHz, 0x0000000000000000, 28.55 W, 0 %, 28318 MiB
2026/10/01 05:46:30.515, 187 MHz, 810 MHz, 0x0000000000000000, 28.55 W, 0 %, 28318 MiB
2026/10/01 05:46:31.030, 180 MHz, 810 MHz, 0x0000000000000000, 12.48 W, 0 %, 28318 MiB
2026/10/01 05:46:31.532, 187 MHz, 405 MHz, 0x0000000000000000, 12.10 W, 0 %, 28318 MiB
2026/10/01 05:46:32.045, 180 MHz, 405 MHz, 0x0000000000000000, 11.48 W, 0 %, 28318 MiB
2026/10/01 05:46:32.561, 180 MHz, 405 MHz, 0x0000000000000000, 11.64 W, 0 %, 28318 MiB
2026/10/01 05:46:33.074, 180 MHz, 405 MHz, 0x0000000000000000, 11.64 W, 0 %, 28318 MiB
2026/10/01 05:46:33.585, 180 MHz, 405 MHz, 0x0000000000000000, 10.36 W, 0 %, 28318 MiB
2026/10/01 05:46:34.087, 180 MHz, 405 MHz, 0x0000000000000000, 10.36 W, 0 %, 28318 MiB
2026/10/01 05:46:34.602, 180 MHz, 405 MHz, 0x0000000000000000, 10.44 W, 0 %, 28318 MiB
2026/10/01 05:46:35.105, 180 MHz, 405 MHz, 0x0000000000000000, 10.44 W, 0 %, 28318 MiB
2026/10/01 05:46:35.619, 180 MHz, 405 MHz, 0x0000000000000000, 10.35 W, 0 %, 28323 MiB
2026/10/01 05:46:36.134, 217 MHz, 405 MHz, 0x0000000000000000, 10.54 W, 0 %, 28323 MiB
2026/10/01 05:46:36.649, 180 MHz, 405 MHz, 0x0000000000000000, 11.12 W, 0 %, 28318 MiB
2026/10/01 05:46:37.165, 180 MHz, 405 MHz, 0x0000000000000000, 11.39 W, 0 %, 28318 MiB
2026/10/01 05:46:37.677, 2917 MHz, 13801 MHz, 0x0000000000000000, 125.29 W, 0 %, 28318 MiB
2026/10/01 05:46:38.179, 2940 MHz, 13801 MHz, 0x0000000000000000, 162.04 W, 0 %, 28318 MiB
2026/10/01 05:46:38.682, 2940 MHz, 13801 MHz, 0x0000000000000000, 92.10 W, 0 %, 28318 MiB
2026/10/01 05:46:39.197, 2940 MHz, 13801 MHz, 0x0000000000000000, 92.03 W, 0 %, 28318 MiB
2026/10/01 05:46:39.708, 720 MHz, 7001 MHz, 0x0000000000000000, 71.61 W, 0 %, 28318 MiB
2026/10/01 05:46:40.222, 562 MHz, 7001 MHz, 0x0000000000000000, 40.43 W, 0 %, 28318 MiB
2026/10/01 05:46:40.737, 562 MHz, 7001 MHz, 0x0000000000000000, 34.59 W, 0 %, 28318 MiB
2026/10/01 05:46:41.251, 562 MHz, 7001 MHz, 0x0000000000000000, 34.59 W, 0 %, 28318 MiB
2026/10/01 05:46:41.766, 360 MHz, 7001 MHz, 0x0000000000000000, 32.34 W, 0 %, 28318 MiB
2026/10/01 05:46:42.280, 360 MHz, 7001 MHz, 0x0000000000000000, 32.34 W, 0 %, 28318 MiB
2026/10/01 05:46:42.791, 232 MHz, 7001 MHz, 0x0000000000000000, 30.95 W, 0 %, 28318 MiB
2026/10/01 05:46:43.302, 180 MHz, 7001 MHz, 0x0000000000000000, 30.59 W, 0 %, 28318 MiB
2026/10/01 05:46:43.815, 180 MHz, 7001 MHz, 0x0000000000000000, 30.56 W, 0 %, 28318 MiB
2026/10/01 05:46:44.327, 187 MHz, 810 MHz, 0x0000000000000000, 26.56 W, 0 %, 28318 MiB
2026/10/01 05:46:44.838, 825 MHz, 13801 MHz, 0x0000000000000000, 78.58 W, 100 %, 29296 MiB
2026/10/01 05:46:45.344, 2902 MHz, 13801 MHz, 0x0000000000000000, 291.16 W, 93 %, 29296 MiB
2026/10/01 05:46:45.855, 2902 MHz, 13801 MHz, 0x0000000000000000, 487.90 W, 93 %, 29296 MiB
2026/10/01 05:46:46.370, 2902 MHz, 13801 MHz, 0x0000000000000000, 477.92 W, 93 %, 29296 MiB
2026/10/01 05:46:46.880, 2902 MHz, 13801 MHz, 0x0000000000000000, 479.34 W, 94 %, 29296 MiB
2026/10/01 05:46:47.389, 2902 MHz, 13801 MHz, 0x0000000000000000, 479.86 W, 93 %, 29296 MiB
2026/10/01 05:46:47.901, 2902 MHz, 13801 MHz, 0x0000000000000000, 482.71 W, 94 %, 29296 MiB
2026/10/01 05:46:48.410, 2902 MHz, 13801 MHz, 0x0000000000000000, 484.73 W, 94 %, 29296 MiB
2026/10/01 05:46:48.920, 2902 MHz, 13801 MHz, 0x0000000000000000, 482.98 W, 95 %, 29296 MiB
2026/10/01 05:46:49.432, 2902 MHz, 13801 MHz, 0x0000000000000000, 483.40 W, 94 %, 29296 MiB
2026/10/01 05:46:49.940, 2902 MHz, 13801 MHz, 0x0000000000000000, 482.39 W, 95 %, 29296 MiB
2026/10/01 05:46:50.450, 2902 MHz, 13801 MHz, 0x0000000000000000, 482.45 W, 94 %, 29296 MiB
2026/10/01 05:46:50.960, 2902 MHz, 13801 MHz, 0x0000000000000000, 485.90 W, 94 %, 29296 MiB
2026/10/01 05:46:51.470, 2902 MHz, 13801 MHz, 0x0000000000000000, 486.06 W, 93 %, 29296 MiB
2026/10/01 05:46:51.982, 2932 MHz, 13801 MHz, 0x0000000000000004, 414.34 W, 100 %, 29296 MiB
2026/10/01 05:46:52.491, 2902 MHz, 13801 MHz, 0x0000000000000000, 426.82 W, 94 %, 29296 MiB
2026/10/01 05:46:52.998, 2902 MHz, 13801 MHz, 0x0000000000000000, 499.00 W, 94 %, 29296 MiB
2026/10/01 05:46:53.506, 2902 MHz, 13801 MHz, 0x0000000000000000, 487.75 W, 94 %, 29296 MiB
2026/10/01 05:46:54.016, 2902 MHz, 13801 MHz, 0x0000000000000000, 488.33 W, 94 %, 29296 MiB
2026/10/01 05:46:54.524, 2902 MHz, 13801 MHz, 0x0000000000000000, 489.18 W, 94 %, 29296 MiB
2026/10/01 05:46:55.031, 2902 MHz, 13801 MHz, 0x0000000000000000, 489.78 W, 93 %, 29296 MiB
2026/10/01 05:46:55.544, 2902 MHz, 13801 MHz, 0x0000000000000000, 489.96 W, 94 %, 29296 MiB
2026/10/01 05:46:56.052, 2902 MHz, 13801 MHz, 0x0000000000000000, 485.93 W, 90 %, 29296 MiB
2026/10/01 05:46:56.561, 2902 MHz, 13801 MHz, 0x0000000000000000, 480.94 W, 90 %, 29298 MiB
2026/10/01 05:46:57.072, 2902 MHz, 13801 MHz, 0x0000000000000000, 477.00 W, 94 %, 29298 MiB
2026/10/01 05:46:57.583, 2902 MHz, 13801 MHz, 0x0000000000000000, 483.25 W, 94 %, 29298 MiB
2026/10/01 05:46:58.091, 2902 MHz, 13801 MHz, 0x0000000000000000, 483.57 W, 94 %, 29296 MiB
2026/10/01 05:46:58.601, 2902 MHz, 13801 MHz, 0x0000000000000000, 480.74 W, 94 %, 29296 MiB
2026/10/01 05:46:59.113, 2902 MHz, 13801 MHz, 0x0000000000000004, 490.53 W, 100 %, 29296 MiB
2026/10/01 05:46:59.621, 2902 MHz, 13801 MHz, 0x0000000000000000, 508.69 W, 95 %, 29296 MiB
2026/10/01 05:47:00.131, 2902 MHz, 13801 MHz, 0x0000000000000000, 505.93 W, 94 %, 29296 MiB
2026/10/01 05:47:00.640, 2902 MHz, 13801 MHz, 0x0000000000000000, 491.59 W, 94 %, 29296 MiB
2026/10/01 05:47:01.149, 2902 MHz, 13801 MHz, 0x0000000000000000, 491.16 W, 94 %, 29296 MiB
2026/10/01 05:47:01.659, 2902 MHz, 13801 MHz, 0x0000000000000000, 492.74 W, 94 %, 29296 MiB
2026/10/01 05:47:02.169, 2902 MHz, 13801 MHz, 0x0000000000000000, 492.97 W, 95 %, 29296 MiB
2026/10/01 05:47:02.678, 2902 MHz, 13801 MHz, 0x0000000000000000, 493.10 W, 94 %, 29296 MiB
2026/10/01 05:47:03.186, 2902 MHz, 13801 MHz, 0x0000000000000000, 493.33 W, 94 %, 29296 MiB
2026/10/01 05:47:03.694, 2902 MHz, 13801 MHz, 0x0000000000000000, 492.34 W, 95 %, 29296 MiB
2026/10/01 05:47:04.201, 2902 MHz, 13801 MHz, 0x0000000000000000, 490.79 W, 94 %, 29296 MiB
2026/10/01 05:47:04.713, 2902 MHz, 13801 MHz, 0x0000000000000000, 493.12 W, 94 %, 29296 MiB
2026/10/01 05:47:05.224, 2902 MHz, 13801 MHz, 0x0000000000000004, 506.39 W, 100 %, 29296 MiB
2026/10/01 05:47:05.734, 2902 MHz, 13801 MHz, 0x0000000000000000, 515.51 W, 94 %, 29296 MiB
2026/10/01 05:47:06.242, 2902 MHz, 13801 MHz, 0x0000000000000000, 510.65 W, 95 %, 29296 MiB
2026/10/01 05:47:06.753, 2902 MHz, 13801 MHz, 0x0000000000000000, 496.57 W, 95 %, 29296 MiB
2026/10/01 05:47:07.261, 2902 MHz, 13801 MHz, 0x0000000000000000, 495.58 W, 94 %, 29296 MiB
2026/10/01 05:47:07.772, 2902 MHz, 13801 MHz, 0x0000000000000000, 495.54 W, 95 %, 29296 MiB
2026/10/01 05:47:08.281, 2902 MHz, 13801 MHz, 0x0000000000000000, 496.15 W, 94 %, 29296 MiB
2026/10/01 05:47:08.789, 2902 MHz, 13801 MHz, 0x0000000000000000, 496.75 W, 94 %, 29296 MiB
2026/10/01 05:47:09.300, 2902 MHz, 13801 MHz, 0x0000000000000000, 495.28 W, 93 %, 29296 MiB
2026/10/01 05:47:09.809, 2902 MHz, 13801 MHz, 0x0000000000000000, 491.95 W, 94 %, 29296 MiB
2026/10/01 05:47:10.318, 2902 MHz, 13801 MHz, 0x0000000000000000, 494.03 W, 94 %, 29296 MiB
2026/10/01 05:47:10.829, 2902 MHz, 13801 MHz, 0x0000000000000000, 497.07 W, 94 %, 29296 MiB
2026/10/01 05:47:11.336, 2895 MHz, 13801 MHz, 0x0000000000000000, 496.66 W, 93 %, 29296 MiB
2026/10/01 05:47:11.843, 2895 MHz, 13801 MHz, 0x0000000000000000, 497.19 W, 94 %, 29296 MiB
2026/10/01 05:47:12.357, 2895 MHz, 13801 MHz, 0x0000000000000000, 514.03 W, 94 %, 29296 MiB
2026/10/01 05:47:12.867, 2895 MHz, 13801 MHz, 0x0000000000000000, 514.45 W, 94 %, 29296 MiB
2026/10/01 05:47:13.379, 2895 MHz, 13801 MHz, 0x0000000000000000, 496.29 W, 91 %, 29296 MiB
2026/10/01 05:47:13.885, 2895 MHz, 13801 MHz, 0x0000000000000000, 491.74 W, 94 %, 29296 MiB
2026/10/01 05:47:14.394, 2895 MHz, 13801 MHz, 0x0000000000000000, 494.64 W, 94 %, 29296 MiB
2026/10/01 05:47:14.899, 2895 MHz, 13801 MHz, 0x0000000000000000, 497.59 W, 94 %, 29296 MiB
2026/10/01 05:47:15.406, 2895 MHz, 13801 MHz, 0x0000000000000000, 497.78 W, 94 %, 29296 MiB
2026/10/01 05:47:15.915, 2895 MHz, 13801 MHz, 0x0000000000000000, 498.82 W, 93 %, 29296 MiB
2026/10/01 05:47:16.425, 2895 MHz, 13801 MHz, 0x0000000000000000, 498.43 W, 95 %, 29296 MiB
2026/10/01 05:47:16.937, 2895 MHz, 13801 MHz, 0x0000000000000000, 495.21 W, 92 %, 29296 MiB
2026/10/01 05:47:17.444, 2895 MHz, 13801 MHz, 0x0000000000000000, 492.92 W, 92 %, 29301 MiB
2026/10/01 05:47:17.953, 2895 MHz, 13801 MHz, 0x0000000000000000, 491.70 W, 94 %, 29301 MiB
2026/10/01 05:47:18.463, 2895 MHz, 13801 MHz, 0x0000000000000000, 494.26 W, 94 %, 29296 MiB
2026/10/01 05:47:18.972, 2895 MHz, 13801 MHz, 0x0000000000000004, 518.16 W, 100 %, 29296 MiB
2026/10/01 05:47:19.481, 2895 MHz, 13801 MHz, 0x0000000000000000, 521.62 W, 94 %, 29296 MiB
2026/10/01 05:47:19.988, 2895 MHz, 13801 MHz, 0x0000000000000000, 510.41 W, 94 %, 29296 MiB
2026/10/01 05:47:20.496, 2895 MHz, 13801 MHz, 0x0000000000000000, 501.60 W, 94 %, 29296 MiB
2026/10/01 05:47:21.007, 2895 MHz, 13801 MHz, 0x0000000000000000, 501.59 W, 94 %, 29296 MiB
2026/10/01 05:47:21.516, 2895 MHz, 13801 MHz, 0x0000000000000000, 501.21 W, 94 %, 29296 MiB
2026/10/01 05:47:22.025, 2895 MHz, 13801 MHz, 0x0000000000000000, 501.20 W, 94 %, 29296 MiB
2026/10/01 05:47:22.535, 2895 MHz, 13801 MHz, 0x0000000000000000, 499.18 W, 92 %, 29296 MiB
2026/10/01 05:47:23.046, 2895 MHz, 13801 MHz, 0x0000000000000000, 497.29 W, 93 %, 29296 MiB
2026/10/01 05:47:23.557, 2895 MHz, 13801 MHz, 0x0000000000000000, 498.65 W, 95 %, 29296 MiB
2026/10/01 05:47:24.067, 2895 MHz, 13801 MHz, 0x0000000000000000, 500.50 W, 95 %, 29296 MiB
2026/10/01 05:47:24.574, 2895 MHz, 13801 MHz, 0x0000000000000000, 500.78 W, 94 %, 29296 MiB
2026/10/01 05:47:25.088, 2895 MHz, 13801 MHz, 0x0000000000000000, 501.33 W, 94 %, 29296 MiB
2026/10/01 05:47:25.600, 2895 MHz, 13801 MHz, 0x0000000000000000, 522.13 W, 94 %, 29296 MiB
2026/10/01 05:47:26.109, 2895 MHz, 13801 MHz, 0x0000000000000000, 519.86 W, 94 %, 29296 MiB
2026/10/01 05:47:26.619, 2895 MHz, 13801 MHz, 0x0000000000000000, 499.35 W, 93 %, 29296 MiB
2026/10/01 05:47:27.128, 2895 MHz, 13801 MHz, 0x0000000000000000, 483.89 W, 94 %, 29296 MiB
2026/10/01 05:47:27.634, 2895 MHz, 13801 MHz, 0x0000000000000000, 484.44 W, 94 %, 29296 MiB
2026/10/01 05:47:28.142, 2895 MHz, 13801 MHz, 0x0000000000000000, 498.64 W, 94 %, 29296 MiB
2026/10/01 05:47:28.654, 2895 MHz, 13801 MHz, 0x0000000000000000, 499.14 W, 94 %, 29296 MiB
2026/10/01 05:47:29.161, 2895 MHz, 13801 MHz, 0x0000000000000000, 502.44 W, 94 %, 29296 MiB
2026/10/01 05:47:29.669, 2895 MHz, 13801 MHz, 0x0000000000000000, 502.33 W, 94 %, 29296 MiB
2026/10/01 05:47:30.179, 2895 MHz, 13801 MHz, 0x0000000000000000, 502.06 W, 95 %, 29296 MiB
2026/10/01 05:47:30.688, 2895 MHz, 13801 MHz, 0x0000000000000000, 502.02 W, 93 %, 29296 MiB
2026/10/01 05:47:31.199, 2895 MHz, 13801 MHz, 0x0000000000000000, 502.09 W, 94 %, 29296 MiB
2026/10/01 05:47:31.708, 2895 MHz, 13801 MHz, 0x0000000000000000, 502.20 W, 93 %, 29296 MiB
2026/10/01 05:47:32.218, 2895 MHz, 13801 MHz, 0x0000000000000004, 514.67 W, 100 %, 29296 MiB
2026/10/01 05:47:32.727, 2895 MHz, 13801 MHz, 0x0000000000000000, 520.49 W, 95 %, 29296 MiB
2026/10/01 05:47:33.239, 2895 MHz, 13801 MHz, 0x0000000000000000, 508.29 W, 95 %, 29296 MiB
2026/10/01 05:47:33.746, 2895 MHz, 13801 MHz, 0x0000000000000000, 503.65 W, 94 %, 29296 MiB
2026/10/01 05:47:34.256, 2895 MHz, 13801 MHz, 0x0000000000000000, 503.37 W, 93 %, 29296 MiB
2026/10/01 05:47:34.766, 2895 MHz, 13801 MHz, 0x0000000000000000, 503.20 W, 94 %, 29296 MiB
2026/10/01 05:47:35.274, 2895 MHz, 13801 MHz, 0x0000000000000000, 503.63 W, 94 %, 29296 MiB
2026/10/01 05:47:35.783, 2895 MHz, 13801 MHz, 0x0000000000000000, 502.30 W, 93 %, 29296 MiB
2026/10/01 05:47:36.293, 2895 MHz, 13801 MHz, 0x0000000000000000, 500.05 W, 94 %, 29296 MiB
2026/10/01 05:47:36.800, 2895 MHz, 13801 MHz, 0x0000000000000000, 499.62 W, 92 %, 29296 MiB
2026/10/01 05:47:37.309, 2895 MHz, 13801 MHz, 0x0000000000000000, 501.74 W, 95 %, 29296 MiB
2026/10/01 05:47:37.821, 2895 MHz, 13801 MHz, 0x0000000000000004, 512.35 W, 100 %, 29296 MiB
2026/10/01 05:47:38.330, 2895 MHz, 13801 MHz, 0x0000000000000000, 518.23 W, 94 %, 29296 MiB
2026/10/01 05:47:38.840, 2895 MHz, 13801 MHz, 0x0000000000000000, 509.02 W, 91 %, 29301 MiB
2026/10/01 05:47:39.351, 2895 MHz, 13801 MHz, 0x0000000000000000, 489.73 W, 93 %, 29301 MiB
2026/10/01 05:47:39.862, 2895 MHz, 13801 MHz, 0x0000000000000000, 495.20 W, 94 %, 29296 MiB
2026/10/01 05:47:40.372, 2895 MHz, 13801 MHz, 0x0000000000000000, 503.70 W, 94 %, 29296 MiB
2026/10/01 05:47:40.882, 2895 MHz, 13801 MHz, 0x0000000000000000, 504.98 W, 94 %, 29296 MiB
2026/10/01 05:47:41.390, 2895 MHz, 13801 MHz, 0x0000000000000000, 504.95 W, 95 %, 29296 MiB
2026/10/01 05:47:41.901, 2895 MHz, 13801 MHz, 0x0000000000000000, 504.27 W, 95 %, 29296 MiB
2026/10/01 05:47:42.412, 2895 MHz, 13801 MHz, 0x0000000000000000, 503.81 W, 94 %, 29296 MiB
2026/10/01 05:47:42.921, 2895 MHz, 13801 MHz, 0x0000000000000000, 503.48 W, 94 %, 29296 MiB
2026/10/01 05:47:43.431, 2895 MHz, 13801 MHz, 0x0000000000000000, 504.31 W, 93 %, 29296 MiB
2026/10/01 05:47:43.940, 2895 MHz, 13801 MHz, 0x0000000000000000, 498.46 W, 91 %, 29296 MiB
2026/10/01 05:47:44.449, 2895 MHz, 13801 MHz, 0x0000000000000000, 497.91 W, 94 %, 29296 MiB
2026/10/01 05:47:44.956, 2895 MHz, 13801 MHz, 0x0000000000000000, 503.05 W, 94 %, 29824 MiB
2026/10/01 05:47:45.468, 2895 MHz, 13801 MHz, 0x0000000000000004, 525.87 W, 96 %, 29824 MiB
2026/10/01 05:47:45.979, 2895 MHz, 13801 MHz, 0x0000000000000000, 525.06 W, 94 %, 29824 MiB
2026/10/01 05:47:46.488, 2895 MHz, 13801 MHz, 0x0000000000000000, 510.52 W, 94 %, 29824 MiB
2026/10/01 05:47:47.000, 2895 MHz, 13801 MHz, 0x0000000000000000, 502.66 W, 91 %, 29824 MiB
2026/10/01 05:47:47.511, 2895 MHz, 13801 MHz, 0x0000000000000000, 494.88 W, 93 %, 29824 MiB
2026/10/01 05:47:48.023, 2895 MHz, 13801 MHz, 0x0000000000000000, 494.23 W, 93 %, 29824 MiB
2026/10/01 05:47:48.538, 2895 MHz, 13801 MHz, 0x0000000000000000, 496.33 W, 93 %, 29824 MiB
2026/10/01 05:47:49.048, 2895 MHz, 13801 MHz, 0x0000000000000000, 494.13 W, 91 %, 29824 MiB
2026/10/01 05:47:49.558, 2895 MHz, 13801 MHz, 0x0000000000000000, 492.05 W, 91 %, 29824 MiB
2026/10/01 05:47:50.068, 2895 MHz, 13801 MHz, 0x0000000000000000, 492.42 W, 93 %, 29824 MiB
2026/10/01 05:47:50.580, 2895 MHz, 13801 MHz, 0x0000000000000000, 496.31 W, 92 %, 29824 MiB
2026/10/01 05:47:51.087, 2895 MHz, 13801 MHz, 0x0000000000000000, 498.33 W, 92 %, 29824 MiB
2026/10/01 05:47:51.596, 2895 MHz, 13801 MHz, 0x0000000000000000, 498.10 W, 93 %, 29824 MiB
2026/10/01 05:47:52.109, 2895 MHz, 13801 MHz, 0x0000000000000000, 495.50 W, 86 %, 29824 MiB
2026/10/01 05:47:52.617, 2895 MHz, 13801 MHz, 0x0000000000000000, 513.68 W, 93 %, 29824 MiB
2026/10/01 05:47:53.128, 2895 MHz, 13801 MHz, 0x0000000000000000, 512.24 W, 91 %, 29824 MiB
2026/10/01 05:47:53.640, 2895 MHz, 13801 MHz, 0x0000000000000000, 498.06 W, 92 %, 29824 MiB
2026/10/01 05:47:54.150, 2895 MHz, 13801 MHz, 0x0000000000000000, 498.01 W, 93 %, 29824 MiB
2026/10/01 05:47:54.661, 2895 MHz, 13801 MHz, 0x0000000000000000, 499.70 W, 93 %, 29824 MiB
2026/10/01 05:47:55.170, 2895 MHz, 13801 MHz, 0x0000000000000000, 500.83 W, 94 %, 29824 MiB
2026/10/01 05:47:55.677, 2895 MHz, 13801 MHz, 0x0000000000000000, 499.21 W, 93 %, 29824 MiB
2026/10/01 05:47:56.185, 2895 MHz, 13801 MHz, 0x0000000000000000, 498.18 W, 93 %, 29824 MiB
2026/10/01 05:47:56.697, 2895 MHz, 13801 MHz, 0x0000000000000000, 500.18 W, 94 %, 29824 MiB
2026/10/01 05:47:57.208, 2895 MHz, 13801 MHz, 0x0000000000000000, 496.93 W, 94 %, 29824 MiB
2026/10/01 05:47:57.718, 2895 MHz, 13801 MHz, 0x0000000000000000, 498.27 W, 94 %, 29824 MiB
2026/10/01 05:47:58.230, 2895 MHz, 13801 MHz, 0x0000000000000000, 504.54 W, 94 %, 29824 MiB
2026/10/01 05:47:58.743, 2895 MHz, 13801 MHz, 0x0000000000000000, 501.10 W, 95 %, 29824 MiB
2026/10/01 05:47:59.251, 2895 MHz, 13801 MHz, 0x0000000000000000, 515.64 W, 92 %, 29824 MiB
2026/10/01 05:47:59.757, 2895 MHz, 13801 MHz, 0x0000000000000000, 513.75 W, 94 %, 29829 MiB
2026/10/01 05:48:00.267, 2895 MHz, 13801 MHz, 0x0000000000000000, 495.03 W, 91 %, 29829 MiB
2026/10/01 05:48:00.775, 2895 MHz, 13801 MHz, 0x0000000000000000, 498.82 W, 94 %, 29824 MiB
2026/10/01 05:48:01.283, 2895 MHz, 13801 MHz, 0x0000000000000000, 503.30 W, 95 %, 29824 MiB
2026/10/01 05:48:01.795, 2895 MHz, 13801 MHz, 0x0000000000000000, 506.30 W, 94 %, 29824 MiB
2026/10/01 05:48:02.307, 2895 MHz, 13801 MHz, 0x0000000000000000, 502.11 W, 91 %, 29824 MiB
2026/10/01 05:48:02.818, 2895 MHz, 13801 MHz, 0x0000000000000000, 502.60 W, 93 %, 29824 MiB
2026/10/01 05:48:03.326, 2895 MHz, 13801 MHz, 0x0000000000000000, 500.48 W, 93 %, 29824 MiB
2026/10/01 05:48:03.835, 2895 MHz, 13801 MHz, 0x0000000000000000, 501.39 W, 95 %, 29824 MiB
2026/10/01 05:48:04.345, 2895 MHz, 13801 MHz, 0x0000000000000000, 506.28 W, 95 %, 29824 MiB
2026/10/01 05:48:04.856, 2895 MHz, 13801 MHz, 0x0000000000000000, 507.22 W, 94 %, 29824 MiB
2026/10/01 05:48:05.367, 2895 MHz, 13801 MHz, 0x0000000000000000, 506.84 W, 94 %, 29824 MiB
2026/10/01 05:48:05.881, 2895 MHz, 13801 MHz, 0x0000000000000000, 498.36 W, 96 %, 29824 MiB
2026/10/01 05:48:06.394, 2895 MHz, 13801 MHz, 0x0000000000000000, 500.31 W, 94 %, 29824 MiB
2026/10/01 05:48:06.901, 2895 MHz, 13801 MHz, 0x0000000000000000, 510.29 W, 94 %, 29824 MiB
2026/10/01 05:48:07.408, 2895 MHz, 13801 MHz, 0x0000000000000000, 506.00 W, 94 %, 29824 MiB
2026/10/01 05:48:07.921, 2895 MHz, 13801 MHz, 0x0000000000000000, 507.69 W, 94 %, 29824 MiB
2026/10/01 05:48:08.429, 2895 MHz, 13801 MHz, 0x0000000000000000, 507.84 W, 94 %, 29824 MiB
2026/10/01 05:48:08.936, 2895 MHz, 13801 MHz, 0x0000000000000000, 507.32 W, 93 %, 29824 MiB
2026/10/01 05:48:09.447, 2895 MHz, 13801 MHz, 0x0000000000000000, 506.46 W, 95 %, 29824 MiB
2026/10/01 05:48:09.956, 2895 MHz, 13801 MHz, 0x0000000000000000, 506.52 W, 94 %, 29824 MiB
2026/10/01 05:48:10.465, 2895 MHz, 13801 MHz, 0x0000000000000000, 507.76 W, 94 %, 29824 MiB
2026/10/01 05:48:10.977, 2895 MHz, 13801 MHz, 0x0000000000000000, 507.66 W, 94 %, 29824 MiB
2026/10/01 05:48:11.490, 2895 MHz, 13801 MHz, 0x0000000000000000, 507.29 W, 94 %, 29824 MiB
2026/10/01 05:48:12.002, 2895 MHz, 13801 MHz, 0x0000000000000000, 507.96 W, 95 %, 29824 MiB
2026/10/01 05:48:12.518, 2895 MHz, 13801 MHz, 0x0000000000000000, 528.26 W, 95 %, 29824 MiB
2026/10/01 05:48:13.029, 2895 MHz, 13801 MHz, 0x0000000000000000, 526.33 W, 94 %, 29824 MiB
2026/10/01 05:48:13.539, 2895 MHz, 13801 MHz, 0x0000000000000000, 508.22 W, 95 %, 29824 MiB
2026/10/01 05:48:14.048, 2895 MHz, 13801 MHz, 0x0000000000000000, 504.64 W, 94 %, 29824 MiB
2026/10/01 05:48:14.558, 2895 MHz, 13801 MHz, 0x0000000000000000, 506.95 W, 94 %, 29824 MiB
2026/10/01 05:48:15.067, 2895 MHz, 13801 MHz, 0x0000000000000000, 507.48 W, 94 %, 29824 MiB
2026/10/01 05:48:15.575, 2895 MHz, 13801 MHz, 0x0000000000000000, 507.57 W, 94 %, 29824 MiB
2026/10/01 05:48:16.085, 2895 MHz, 13801 MHz, 0x0000000000000000, 504.54 W, 91 %, 29824 MiB
2026/10/01 05:48:16.597, 2895 MHz, 13801 MHz, 0x0000000000000000, 501.51 W, 93 %, 29824 MiB
2026/10/01 05:48:17.104, 2895 MHz, 13801 MHz, 0x0000000000000000, 499.08 W, 95 %, 29824 MiB
2026/10/01 05:48:17.612, 2895 MHz, 13801 MHz, 0x0000000000000000, 504.22 W, 94 %, 29824 MiB
2026/10/01 05:48:18.122, 2895 MHz, 13801 MHz, 0x0000000000000000, 507.06 W, 92 %, 29824 MiB
2026/10/01 05:48:18.631, 2895 MHz, 13801 MHz, 0x0000000000000000, 503.39 W, 94 %, 29824 MiB
2026/10/01 05:48:19.141, 2895 MHz, 13801 MHz, 0x0000000000000000, 504.27 W, 94 %, 29824 MiB
2026/10/01 05:48:19.651, 2895 MHz, 13801 MHz, 0x0000000000000000, 507.65 W, 94 %, 29824 MiB
2026/10/01 05:48:20.164, 2895 MHz, 13801 MHz, 0x0000000000000004, 516.83 W, 100 %, 29824 MiB
2026/10/01 05:48:20.674, 2895 MHz, 13801 MHz, 0x0000000000000000, 524.16 W, 93 %, 29824 MiB
2026/10/01 05:48:21.185, 2895 MHz, 13801 MHz, 0x0000000000000000, 514.93 W, 89 %, 29829 MiB
2026/10/01 05:48:21.690, 2895 MHz, 13801 MHz, 0x0000000000000000, 497.01 W, 91 %, 29824 MiB
2026/10/01 05:48:22.198, 2895 MHz, 13801 MHz, 0x0000000000000000, 501.90 W, 94 %, 29824 MiB
2026/10/01 05:48:22.708, 2895 MHz, 13801 MHz, 0x0000000000000000, 506.93 W, 94 %, 29824 MiB
2026/10/01 05:48:23.219, 2895 MHz, 13801 MHz, 0x0000000000000000, 508.43 W, 94 %, 29824 MiB
2026/10/01 05:48:23.730, 2895 MHz, 13801 MHz, 0x0000000000000000, 506.75 W, 95 %, 29824 MiB
2026/10/01 05:48:24.239, 2895 MHz, 13801 MHz, 0x0000000000000000, 506.91 W, 95 %, 29824 MiB
2026/10/01 05:48:24.748, 2895 MHz, 13801 MHz, 0x0000000000000000, 509.26 W, 94 %, 29824 MiB
2026/10/01 05:48:25.261, 2895 MHz, 13801 MHz, 0x0000000000000000, 508.65 W, 94 %, 29824 MiB
2026/10/01 05:48:25.772, 2895 MHz, 13801 MHz, 0x0000000000000000, 508.23 W, 94 %, 29824 MiB
2026/10/01 05:48:26.282, 2895 MHz, 13801 MHz, 0x0000000000000000, 504.35 W, 92 %, 29824 MiB
2026/10/01 05:48:26.792, 2895 MHz, 13801 MHz, 0x0000000000000000, 501.55 W, 93 %, 29824 MiB
2026/10/01 05:48:27.301, 2895 MHz, 13801 MHz, 0x0000000000000000, 501.14 W, 94 %, 29824 MiB
2026/10/01 05:48:27.807, 2895 MHz, 13801 MHz, 0x0000000000000000, 508.82 W, 95 %, 29824 MiB
2026/10/01 05:48:28.320, 2895 MHz, 13801 MHz, 0x0000000000000000, 527.79 W, 95 %, 29824 MiB
2026/10/01 05:48:28.832, 2895 MHz, 13801 MHz, 0x0000000000000000, 528.53 W, 95 %, 29824 MiB
2026/10/01 05:48:29.342, 2895 MHz, 13801 MHz, 0x0000000000000000, 505.95 W, 94 %, 29824 MiB
2026/10/01 05:48:29.855, 2895 MHz, 13801 MHz, 0x0000000000000000, 503.52 W, 93 %, 29824 MiB
2026/10/01 05:48:30.363, 2895 MHz, 13801 MHz, 0x0000000000000000, 504.38 W, 94 %, 29824 MiB
2026/10/01 05:48:30.872, 2895 MHz, 13801 MHz, 0x0000000000000000, 507.31 W, 94 %, 29824 MiB
2026/10/01 05:48:31.379, 2895 MHz, 13801 MHz, 0x0000000000000000, 509.00 W, 93 %, 29824 MiB
2026/10/01 05:48:31.888, 2895 MHz, 13801 MHz, 0x0000000000000000, 507.57 W, 94 %, 29824 MiB
2026/10/01 05:48:32.396, 2895 MHz, 13801 MHz, 0x0000000000000000, 507.32 W, 94 %, 29824 MiB
2026/10/01 05:48:32.906, 2895 MHz, 13801 MHz, 0x0000000000000000, 505.19 W, 87 %, 29824 MiB
2026/10/01 05:48:33.417, 2895 MHz, 13801 MHz, 0x0000000000000000, 503.55 W, 94 %, 29824 MiB
2026/10/01 05:48:33.926, 2895 MHz, 13801 MHz, 0x0000000000000004, 507.46 W, 92 %, 29824 MiB
2026/10/01 05:48:34.437, 2887 MHz, 13801 MHz, 0x0000000000000000, 529.80 W, 94 %, 29824 MiB
2026/10/01 05:48:34.946, 2895 MHz, 13801 MHz, 0x0000000000000000, 528.45 W, 94 %, 29824 MiB
2026/10/01 05:48:35.456, 2895 MHz, 13801 MHz, 0x0000000000000000, 509.45 W, 94 %, 29824 MiB
2026/10/01 05:48:35.966, 2895 MHz, 13801 MHz, 0x0000000000000000, 509.13 W, 94 %, 29824 MiB
2026/10/01 05:48:36.472, 2895 MHz, 13801 MHz, 0x0000000000000000, 509.38 W, 94 %, 29824 MiB
2026/10/01 05:48:36.983, 2895 MHz, 13801 MHz, 0x0000000000000000, 507.87 W, 94 %, 29824 MiB
2026/10/01 05:48:37.494, 2895 MHz, 13801 MHz, 0x0000000000000000, 507.75 W, 94 %, 29824 MiB
2026/10/01 05:48:38.001, 2895 MHz, 13801 MHz, 0x0000000000000000, 507.07 W, 94 %, 29824 MiB
2026/10/01 05:48:38.511, 2895 MHz, 13801 MHz, 0x0000000000000000, 507.22 W, 94 %, 29824 MiB
2026/10/01 05:48:39.021, 2895 MHz, 13801 MHz, 0x0000000000000000, 508.99 W, 95 %, 29824 MiB
2026/10/01 05:48:39.531, 2895 MHz, 13801 MHz, 0x0000000000000000, 508.26 W, 93 %, 29824 MiB
2026/10/01 05:48:40.039, 2895 MHz, 13801 MHz, 0x0000000000000000, 507.64 W, 94 %, 29824 MiB
2026/10/01 05:48:40.548, 2895 MHz, 13801 MHz, 0x0000000000000000, 508.78 W, 94 %, 29824 MiB
2026/10/01 05:48:41.060, 2895 MHz, 13801 MHz, 0x0000000000000004, 515.88 W, 100 %, 29824 MiB
2026/10/01 05:48:41.568, 2895 MHz, 13801 MHz, 0x0000000000000000, 518.29 W, 92 %, 29824 MiB
2026/10/01 05:48:42.079, 2895 MHz, 13801 MHz, 0x0000000000000000, 513.88 W, 92 %, 29829 MiB
2026/10/01 05:48:42.589, 2895 MHz, 13801 MHz, 0x0000000000000000, 500.40 W, 94 %, 29829 MiB
2026/10/01 05:48:43.098, 2895 MHz, 13801 MHz, 0x0000000000000000, 496.94 W, 92 %, 29824 MiB
2026/10/01 05:48:43.606, 2895 MHz, 13801 MHz, 0x0000000000000000, 498.71 W, 92 %, 29824 MiB
2026/10/01 05:48:44.114, 2895 MHz, 13801 MHz, 0x0000000000000000, 497.16 W, 91 %, 29824 MiB
2026/10/01 05:48:44.627, 2895 MHz, 13801 MHz, 0x0000000000000000, 500.25 W, 92 %, 29824 MiB
2026/10/01 05:48:45.139, 2895 MHz, 13801 MHz, 0x0000000000000000, 505.43 W, 94 %, 29824 MiB
2026/10/01 05:48:45.647, 2895 MHz, 13801 MHz, 0x0000000000000000, 508.03 W, 95 %, 29824 MiB
2026/10/01 05:48:46.157, 2895 MHz, 13801 MHz, 0x0000000000000000, 508.83 W, 94 %, 29824 MiB
2026/10/01 05:48:46.665, 2895 MHz, 13801 MHz, 0x0000000000000000, 508.99 W, 94 %, 29824 MiB
2026/10/01 05:48:47.176, 2895 MHz, 13801 MHz, 0x0000000000000000, 508.60 W, 94 %, 29824 MiB
2026/10/01 05:48:47.687, 2895 MHz, 13801 MHz, 0x0000000000000000, 508.51 W, 93 %, 29824 MiB
2026/10/01 05:48:48.198, 2895 MHz, 13801 MHz, 0x0000000000000004, 520.61 W, 100 %, 29824 MiB
2026/10/01 05:48:48.707, 2895 MHz, 13801 MHz, 0x0000000000000000, 531.09 W, 94 %, 29824 MiB
2026/10/01 05:48:49.217, 2895 MHz, 13801 MHz, 0x0000000000000000, 523.72 W, 94 %, 29824 MiB
2026/10/01 05:48:49.729, 2895 MHz, 13801 MHz, 0x0000000000000000, 506.48 W, 94 %, 29824 MiB
2026/10/01 05:48:50.239, 2895 MHz, 13801 MHz, 0x0000000000000000, 503.70 W, 85 %, 29824 MiB
2026/10/01 05:48:50.749, 2895 MHz, 13801 MHz, 0x0000000000000000, 502.69 W, 95 %, 29824 MiB
2026/10/01 05:48:51.258, 2895 MHz, 13801 MHz, 0x0000000000000000, 507.35 W, 95 %, 29824 MiB
2026/10/01 05:48:51.773, 2895 MHz, 13801 MHz, 0x0000000000000000, 510.03 W, 94 %, 29824 MiB
2026/10/01 05:48:52.287, 2917 MHz, 13801 MHz, 0x0000000000000000, 337.61 W, 0 %, 29824 MiB
2026/10/01 05:48:52.800, 2925 MHz, 13801 MHz, 0x0000000000000000, 134.02 W, 0 %, 29824 MiB
2026/10/01 05:48:53.313, 2452 MHz, 13801 MHz, 0x0000000000000000, 92.01 W, 0 %, 29824 MiB
2026/10/01 05:48:53.828, 682 MHz, 7001 MHz, 0x0000000000000000, 63.42 W, 0 %, 29824 MiB
2026/10/01 05:48:54.341, 532 MHz, 7001 MHz, 0x0000000000000000, 42.48 W, 0 %, 29824 MiB
2026/10/01 05:48:54.844, 480 MHz, 7001 MHz, 0x0000000000000000, 39.98 W, 0 %, 29824 MiB
2026/10/01 05:48:55.356, 480 MHz, 7001 MHz, 0x0000000000000000, 39.98 W, 0 %, 29824 MiB
2026/10/01 05:48:55.872, 300 MHz, 7001 MHz, 0x0000000000000000, 38.29 W, 0 %, 29824 MiB
2026/10/01 05:48:56.383, 300 MHz, 7001 MHz, 0x0000000000000000, 38.29 W, 0 %, 29824 MiB
2026/10/01 05:48:56.894, 187 MHz, 7001 MHz, 0x0000000000000000, 38.18 W, 0 %, 29824 MiB
2026/10/01 05:48:57.397, 187 MHz, 7001 MHz, 0x0000000000000000, 38.18 W, 0 %, 29824 MiB
2026/10/01 05:48:57.911, 180 MHz, 7001 MHz, 0x0000000000000000, 38.02 W, 0 %, 29824 MiB
2026/10/01 05:48:58.425, 180 MHz, 7001 MHz, 0x0000000000000000, 38.02 W, 0 %, 29824 MiB
2026/10/01 05:48:58.938, 180 MHz, 810 MHz, 0x0000000000000000, 30.83 W, 0 %, 29824 MiB
2026/10/01 05:48:59.452, 180 MHz, 810 MHz, 0x0000000000000000, 30.83 W, 0 %, 29824 MiB
2026/10/01 05:48:59.967, 180 MHz, 810 MHz, 0x0000000000000000, 19.72 W, 0 %, 29824 MiB
2026/10/01 05:49:00.482, 180 MHz, 810 MHz, 0x0000000000000000, 19.72 W, 0 %, 29824 MiB
2026/10/01 05:49:00.994, 180 MHz, 405 MHz, 0x0000000000000000, 14.79 W, 0 %, 29824 MiB
2026/10/01 05:49:01.508, 180 MHz, 405 MHz, 0x0000000000000000, 14.79 W, 0 %, 29824 MiB
2026/10/01 05:49:02.021, 180 MHz, 405 MHz, 0x0000000000000000, 13.52 W, 0 %, 29824 MiB
2026/10/01 05:49:02.533, 180 MHz, 405 MHz, 0x0000000000000000, 13.52 W, 0 %, 29824 MiB
2026/10/01 05:49:03.044, 180 MHz, 405 MHz, 0x0000000000000000, 13.34 W, 0 %, 29826 MiB
2026/10/01 05:49:03.558, 180 MHz, 405 MHz, 0x0000000000000000, 14.11 W, 0 %, 29826 MiB
2026/10/01 05:49:04.073, 180 MHz, 405 MHz, 0x0000000000000000, 15.58 W, 0 %, 29824 MiB
2026/10/01 05:49:04.588, 180 MHz, 810 MHz, 0x0000000000000000, 24.24 W, 67 %, 29824 MiB
2026/10/01 05:49:05.103, 2910 MHz, 13801 MHz, 0x0000000000000000, 212.87 W, 96 %, 29824 MiB
2026/10/01 05:49:05.604, 2902 MHz, 13801 MHz, 0x0000000000000000, 414.09 W, 94 %, 29824 MiB
2026/10/01 05:49:06.119, 2902 MHz, 13801 MHz, 0x0000000000000000, 501.56 W, 94 %, 29824 MiB
2026/10/01 05:49:06.630, 2902 MHz, 13801 MHz, 0x0000000000000000, 498.76 W, 94 %, 29824 MiB
2026/10/01 05:49:07.133, 2902 MHz, 13801 MHz, 0x0000000000000000, 498.05 W, 94 %, 29824 MiB
2026/10/01 05:49:07.649, 2902 MHz, 13801 MHz, 0x0000000000000000, 498.80 W, 94 %, 29824 MiB
2026/10/01 05:49:08.151, 2902 MHz, 13801 MHz, 0x0000000000000000, 499.76 W, 94 %, 29824 MiB
2026/10/01 05:49:08.651, 2895 MHz, 13801 MHz, 0x0000000000000000, 499.49 W, 94 %, 29824 MiB
2026/10/01 05:49:09.152, 2895 MHz, 13801 MHz, 0x0000000000000000, 500.72 W, 94 %, 29824 MiB
2026/10/01 05:49:09.654, 2895 MHz, 13801 MHz, 0x0000000000000000, 499.02 W, 95 %, 29824 MiB
2026/10/01 05:49:10.168, 2895 MHz, 13801 MHz, 0x0000000000000000, 496.91 W, 93 %, 29824 MiB
2026/10/01 05:49:10.681, 2895 MHz, 13801 MHz, 0x0000000000000000, 498.34 W, 94 %, 29824 MiB
2026/10/01 05:49:11.182, 2895 MHz, 13801 MHz, 0x0000000000000000, 500.09 W, 94 %, 29824 MiB
2026/10/01 05:49:11.695, 2895 MHz, 13801 MHz, 0x0000000000000004, 500.12 W, 89 %, 29824 MiB
2026/10/01 05:49:12.196, 2895 MHz, 13801 MHz, 0x0000000000000000, 514.80 W, 94 %, 29824 MiB
2026/10/01 05:49:12.702, 2895 MHz, 13801 MHz, 0x0000000000000000, 514.22 W, 95 %, 29824 MiB
2026/10/01 05:49:13.206, 2895 MHz, 13801 MHz, 0x0000000000000000, 500.98 W, 94 %, 29824 MiB
2026/10/01 05:49:13.707, 2895 MHz, 13801 MHz, 0x0000000000000000, 501.66 W, 94 %, 29824 MiB
2026/10/01 05:49:14.209, 2895 MHz, 13801 MHz, 0x0000000000000000, 496.63 W, 94 %, 29824 MiB
2026/10/01 05:49:14.723, 2895 MHz, 13801 MHz, 0x0000000000000000, 496.07 W, 93 %, 29824 MiB
2026/10/01 05:49:15.224, 2895 MHz, 13801 MHz, 0x0000000000000000, 502.03 W, 94 %, 29824 MiB
2026/10/01 05:49:15.736, 2895 MHz, 13801 MHz, 0x0000000000000000, 501.68 W, 95 %, 29824 MiB
2026/10/01 05:49:16.237, 2895 MHz, 13801 MHz, 0x0000000000000000, 501.24 W, 94 %, 29824 MiB
2026/10/01 05:49:16.749, 2895 MHz, 13801 MHz, 0x0000000000000000, 501.63 W, 95 %, 29824 MiB
2026/10/01 05:49:17.250, 2895 MHz, 13801 MHz, 0x0000000000000000, 501.83 W, 94 %, 29824 MiB
2026/10/01 05:49:17.762, 2895 MHz, 13801 MHz, 0x0000000000000000, 501.98 W, 94 %, 29824 MiB
2026/10/01 05:49:18.274, 2895 MHz, 13801 MHz, 0x0000000000000000, 503.02 W, 94 %, 29824 MiB
2026/10/01 05:49:18.775, 2895 MHz, 13801 MHz, 0x0000000000000004, 517.98 W, 97 %, 29824 MiB
2026/10/01 05:49:19.289, 2895 MHz, 13801 MHz, 0x0000000000000000, 516.78 W, 94 %, 29824 MiB
2026/10/01 05:49:19.793, 2895 MHz, 13801 MHz, 0x0000000000000000, 507.93 W, 94 %, 29824 MiB
2026/10/01 05:49:20.294, 2895 MHz, 13801 MHz, 0x0000000000000000, 503.83 W, 94 %, 29824 MiB
2026/10/01 05:49:20.796, 2895 MHz, 13801 MHz, 0x0000000000000000, 504.02 W, 95 %, 29824 MiB
2026/10/01 05:49:21.311, 2895 MHz, 13801 MHz, 0x0000000000000000, 504.36 W, 95 %, 29824 MiB
2026/10/01 05:49:21.825, 2895 MHz, 13801 MHz, 0x0000000000000000, 502.60 W, 93 %, 29824 MiB
2026/10/01 05:49:22.326, 2895 MHz, 13801 MHz, 0x0000000000000000, 500.67 W, 93 %, 29824 MiB
2026/10/01 05:49:22.842, 2895 MHz, 13801 MHz, 0x0000000000000000, 499.25 W, 93 %, 29824 MiB
2026/10/01 05:49:23.357, 2895 MHz, 13801 MHz, 0x0000000000000000, 498.82 W, 91 %, 29824 MiB
2026/10/01 05:49:23.859, 2895 MHz, 13801 MHz, 0x0000000000000000, 497.32 W, 92 %, 29829 MiB
2026/10/01 05:49:24.372, 2895 MHz, 13801 MHz, 0x0000000000000000, 497.75 W, 94 %, 29829 MiB
2026/10/01 05:49:24.887, 2895 MHz, 13801 MHz, 0x0000000000000004, 498.94 W, 85 %, 29824 MiB
2026/10/01 05:49:25.402, 2895 MHz, 13801 MHz, 0x0000000000000000, 517.30 W, 94 %, 29824 MiB
2026/10/01 05:49:25.903, 2895 MHz, 13801 MHz, 0x0000000000000000, 495.46 W, 93 %, 29824 MiB
2026/10/01 05:49:26.416, 2895 MHz, 13801 MHz, 0x0000000000000000, 480.10 W, 93 %, 29824 MiB
2026/10/01 05:49:26.931, 2902 MHz, 13801 MHz, 0x0000000000000000, 446.12 W, 92 %, 29824 MiB
2026/10/01 05:49:27.432, 2895 MHz, 13801 MHz, 0x0000000000000000, 451.87 W, 95 %, 29824 MiB
2026/10/01 05:49:27.946, 2895 MHz, 13801 MHz, 0x0000000000000000, 503.54 W, 93 %, 29824 MiB
2026/10/01 05:49:28.461, 2895 MHz, 13801 MHz, 0x0000000000000000, 504.81 W, 93 %, 29824 MiB
2026/10/01 05:49:28.977, 2895 MHz, 13801 MHz, 0x0000000000000000, 501.95 W, 94 %, 29824 MiB
2026/10/01 05:49:29.479, 2895 MHz, 13801 MHz, 0x0000000000000000, 502.33 W, 94 %, 29824 MiB
2026/10/01 05:49:29.982, 2895 MHz, 13801 MHz, 0x0000000000000000, 506.11 W, 93 %, 29824 MiB
2026/10/01 05:49:30.495, 2895 MHz, 13801 MHz, 0x0000000000000000, 505.19 W, 94 %, 29824 MiB
2026/10/01 05:49:31.010, 2895 MHz, 13801 MHz, 0x0000000000000000, 504.33 W, 94 %, 29824 MiB
2026/10/01 05:49:31.523, 2895 MHz, 13801 MHz, 0x0000000000000000, 503.75 W, 93 %, 29824 MiB
2026/10/01 05:49:32.037, 2895 MHz, 13801 MHz, 0x0000000000000004, 505.39 W, 95 %, 29824 MiB
2026/10/01 05:49:32.552, 2895 MHz, 13801 MHz, 0x0000000000000000, 520.92 W, 94 %, 29824 MiB
2026/10/01 05:49:33.067, 2895 MHz, 13801 MHz, 0x0000000000000000, 520.79 W, 94 %, 29824 MiB
2026/10/01 05:49:33.582, 2895 MHz, 13801 MHz, 0x0000000000000000, 504.87 W, 94 %, 29824 MiB
2026/10/01 05:49:34.096, 2895 MHz, 13801 MHz, 0x0000000000000000, 503.50 W, 94 %, 29824 MiB
2026/10/01 05:49:34.611, 2895 MHz, 13801 MHz, 0x0000000000000000, 502.97 W, 94 %, 29824 MiB
2026/10/01 05:49:35.113, 2895 MHz, 13801 MHz, 0x0000000000000000, 505.05 W, 94 %, 29824 MiB
2026/10/01 05:49:35.626, 2895 MHz, 13801 MHz, 0x0000000000000000, 506.24 W, 94 %, 29824 MiB
2026/10/01 05:49:36.128, 2895 MHz, 13801 MHz, 0x0000000000000000, 503.80 W, 94 %, 29824 MiB
2026/10/01 05:49:36.639, 2895 MHz, 13801 MHz, 0x0000000000000000, 501.80 W, 92 %, 29824 MiB
2026/10/01 05:49:37.154, 2895 MHz, 13801 MHz, 0x0000000000000000, 502.48 W, 94 %, 29824 MiB
2026/10/01 05:49:37.670, 2895 MHz, 13801 MHz, 0x0000000000000000, 505.11 W, 94 %, 29824 MiB
2026/10/01 05:49:38.170, 2895 MHz, 13801 MHz, 0x0000000000000000, 499.65 W, 94 %, 29824 MiB
2026/10/01 05:49:38.670, 2895 MHz, 13801 MHz, 0x0000000000000000, 498.47 W, 92 %, 29824 MiB
2026/10/01 05:49:39.185, 2895 MHz, 13801 MHz, 0x0000000000000004, 516.77 W, 100 %, 29824 MiB
2026/10/01 05:49:39.700, 2895 MHz, 13801 MHz, 0x0000000000000000, 520.31 W, 95 %, 29824 MiB
2026/10/01 05:49:40.214, 2895 MHz, 13801 MHz, 0x0000000000000000, 514.46 W, 93 %, 29824 MiB
2026/10/01 05:49:40.728, 2895 MHz, 13801 MHz, 0x0000000000000000, 506.27 W, 94 %, 29824 MiB
2026/10/01 05:49:41.242, 2895 MHz, 13801 MHz, 0x0000000000000000, 505.83 W, 93 %, 29824 MiB
2026/10/01 05:49:41.757, 2895 MHz, 13801 MHz, 0x0000000000000000, 507.27 W, 94 %, 29824 MiB
2026/10/01 05:49:42.272, 2895 MHz, 13801 MHz, 0x0000000000000000, 506.10 W, 94 %, 29824 MiB
2026/10/01 05:49:42.774, 2895 MHz, 13801 MHz, 0x0000000000000000, 503.73 W, 94 %, 29824 MiB
2026/10/01 05:49:43.287, 2895 MHz, 13801 MHz, 0x0000000000000000, 504.26 W, 92 %, 29824 MiB
2026/10/01 05:49:43.789, 2895 MHz, 13801 MHz, 0x0000000000000000, 496.79 W, 93 %, 29824 MiB
2026/10/01 05:49:44.304, 2895 MHz, 13801 MHz, 0x0000000000000000, 494.74 W, 93 %, 29824 MiB
2026/10/01 05:49:44.805, 2895 MHz, 13801 MHz, 0x0000000000000000, 499.45 W, 92 %, 29829 MiB
2026/10/01 05:49:45.306, 2895 MHz, 13801 MHz, 0x0000000000000000, 499.31 W, 90 %, 29829 MiB
2026/10/01 05:49:45.817, 2895 MHz, 13801 MHz, 0x0000000000000000, 507.63 W, 92 %, 29824 MiB
2026/10/01 05:49:46.318, 2895 MHz, 13801 MHz, 0x0000000000000000, 519.82 W, 91 %, 29824 MiB
2026/10/01 05:49:46.833, 2895 MHz, 13801 MHz, 0x0000000000000000, 502.42 W, 94 %, 29824 MiB
2026/10/01 05:49:47.349, 2895 MHz, 13801 MHz, 0x0000000000000000, 502.37 W, 93 %, 29824 MiB
2026/10/01 05:49:47.862, 2895 MHz, 13801 MHz, 0x0000000000000000, 504.22 W, 93 %, 29824 MiB
2026/10/01 05:49:48.376, 2895 MHz, 13801 MHz, 0x0000000000000000, 504.20 W, 93 %, 29824 MiB
2026/10/01 05:49:48.889, 2895 MHz, 13801 MHz, 0x0000000000000000, 503.13 W, 92 %, 29824 MiB
2026/10/01 05:49:49.391, 2895 MHz, 13801 MHz, 0x0000000000000000, 502.42 W, 92 %, 29824 MiB
2026/10/01 05:49:49.903, 2895 MHz, 13801 MHz, 0x0000000000000000, 501.49 W, 94 %, 29824 MiB
2026/10/01 05:49:50.406, 2895 MHz, 13801 MHz, 0x0000000000000000, 502.39 W, 92 %, 29824 MiB
2026/10/01 05:49:50.908, 2895 MHz, 13801 MHz, 0x0000000000000000, 504.51 W, 93 %, 29824 MiB
2026/10/01 05:49:51.409, 2895 MHz, 13801 MHz, 0x0000000000000000, 502.74 W, 90 %, 29824 MiB
2026/10/01 05:49:51.924, 2895 MHz, 13801 MHz, 0x0000000000000000, 502.94 W, 93 %, 29824 MiB
2026/10/01 05:49:52.426, 2895 MHz, 13801 MHz, 0x0000000000000004, 507.55 W, 94 %, 29824 MiB
2026/10/01 05:49:52.929, 2895 MHz, 13801 MHz, 0x0000000000000000, 523.02 W, 92 %, 29824 MiB
2026/10/01 05:49:53.431, 2895 MHz, 13801 MHz, 0x0000000000000000, 522.11 W, 92 %, 29824 MiB
2026/10/01 05:49:53.931, 2895 MHz, 13801 MHz, 0x0000000000000000, 504.27 W, 93 %, 29824 MiB
2026/10/01 05:49:54.433, 2895 MHz, 13801 MHz, 0x0000000000000000, 503.91 W, 93 %, 29824 MiB
2026/10/01 05:49:54.936, 2895 MHz, 13801 MHz, 0x0000000000000000, 504.05 W, 92 %, 29824 MiB
2026/10/01 05:49:55.448, 2895 MHz, 13801 MHz, 0x0000000000000000, 504.26 W, 93 %, 29824 MiB
2026/10/01 05:49:55.963, 2895 MHz, 13801 MHz, 0x0000000000000000, 504.20 W, 94 %, 29824 MiB
2026/10/01 05:49:56.476, 2895 MHz, 13801 MHz, 0x0000000000000000, 502.65 W, 93 %, 29824 MiB
2026/10/01 05:49:56.991, 2895 MHz, 13801 MHz, 0x0000000000000000, 474.05 W, 93 %, 29824 MiB
2026/10/01 05:49:57.504, 2895 MHz, 13801 MHz, 0x0000000000000000, 474.47 W, 93 %, 29824 MiB
2026/10/01 05:49:58.004, 2895 MHz, 13801 MHz, 0x0000000000000000, 503.46 W, 92 %, 29824 MiB
2026/10/01 05:49:58.518, 2895 MHz, 13801 MHz, 0x0000000000000000, 498.65 W, 83 %, 29824 MiB
2026/10/01 05:49:59.020, 2895 MHz, 13801 MHz, 0x0000000000000000, 479.26 W, 93 %, 29824 MiB
2026/10/01 05:49:59.536, 2895 MHz, 13801 MHz, 0x0000000000000004, 483.92 W, 88 %, 29824 MiB
2026/10/01 05:50:00.038, 2887 MHz, 13801 MHz, 0x0000000000000000, 521.71 W, 92 %, 29824 MiB
2026/10/01 05:50:00.539, 2895 MHz, 13801 MHz, 0x0000000000000000, 520.66 W, 95 %, 29824 MiB
2026/10/01 05:50:01.053, 2895 MHz, 13801 MHz, 0x0000000000000004, 510.26 W, 94 %, 29824 MiB
2026/10/01 05:50:01.555, 2895 MHz, 13801 MHz, 0x0000000000000000, 511.57 W, 94 %, 29824 MiB
2026/10/01 05:50:02.056, 2895 MHz, 13801 MHz, 0x0000000000000000, 480.61 W, 94 %, 29824 MiB
2026/10/01 05:50:02.568, 2895 MHz, 13801 MHz, 0x0000000000000000, 479.78 W, 94 %, 29824 MiB
2026/10/01 05:50:03.083, 2895 MHz, 13801 MHz, 0x0000000000000000, 506.61 W, 93 %, 29824 MiB
2026/10/01 05:50:03.586, 2895 MHz, 13801 MHz, 0x0000000000000000, 509.14 W, 95 %, 29824 MiB
2026/10/01 05:50:04.087, 2895 MHz, 13801 MHz, 0x0000000000000000, 506.00 W, 95 %, 29824 MiB
2026/10/01 05:50:04.589, 2895 MHz, 13801 MHz, 0x0000000000000000, 506.74 W, 93 %, 29824 MiB
2026/10/01 05:50:05.089, 2895 MHz, 13801 MHz, 0x0000000000000000, 508.28 W, 88 %, 29824 MiB
2026/10/01 05:50:05.600, 2895 MHz, 13801 MHz, 0x0000000000000000, 491.73 W, 91 %, 29824 MiB
2026/10/01 05:50:06.115, 2895 MHz, 13801 MHz, 0x0000000000000000, 485.23 W, 91 %, 29829 MiB
2026/10/01 05:50:06.627, 2895 MHz, 13801 MHz, 0x0000000000000004, 501.39 W, 100 %, 29824 MiB
2026/10/01 05:50:07.137, 2895 MHz, 13801 MHz, 0x0000000000000000, 509.40 W, 92 %, 29824 MiB
2026/10/01 05:50:07.649, 2895 MHz, 13801 MHz, 0x0000000000000000, 488.24 W, 89 %, 29824 MiB
2026/10/01 05:50:08.161, 2895 MHz, 13801 MHz, 0x0000000000000000, 467.50 W, 93 %, 29824 MiB
2026/10/01 05:50:08.674, 2895 MHz, 13801 MHz, 0x0000000000000000, 476.61 W, 74 %, 29827 MiB
2026/10/01 05:50:09.185, 2895 MHz, 13801 MHz, 0x0000000000000000, 468.96 W, 94 %, 29827 MiB
2026/10/01 05:50:09.698, 2895 MHz, 13801 MHz, 0x0000000000000000, 481.10 W, 92 %, 29827 MiB
2026/10/01 05:50:10.210, 2895 MHz, 13801 MHz, 0x0000000000000000, 493.01 W, 90 %, 29827 MiB
2026/10/01 05:50:10.721, 2895 MHz, 13801 MHz, 0x0000000000000000, 494.22 W, 94 %, 29828 MiB
2026/10/01 05:50:11.223, 2895 MHz, 13801 MHz, 0x0000000000000000, 492.17 W, 92 %, 29828 MiB
2026/10/01 05:50:11.735, 2895 MHz, 13801 MHz, 0x0000000000000000, 494.04 W, 94 %, 29828 MiB
2026/10/01 05:50:12.246, 2895 MHz, 13801 MHz, 0x0000000000000000, 480.31 W, 79 %, 29828 MiB
2026/10/01 05:50:12.758, 2895 MHz, 13801 MHz, 0x0000000000000000, 473.61 W, 91 %, 29828 MiB
2026/10/01 05:50:13.273, 2895 MHz, 13801 MHz, 0x0000000000000000, 483.21 W, 94 %, 29828 MiB
2026/10/01 05:50:13.788, 2895 MHz, 13801 MHz, 0x0000000000000000, 500.73 W, 94 %, 29828 MiB
2026/10/01 05:50:14.289, 2887 MHz, 13801 MHz, 0x0000000000000000, 508.63 W, 83 %, 29828 MiB
2026/10/01 05:50:14.802, 2895 MHz, 13801 MHz, 0x0000000000000000, 508.92 W, 94 %, 29828 MiB
2026/10/01 05:50:15.305, 2895 MHz, 13801 MHz, 0x0000000000000000, 510.31 W, 94 %, 29828 MiB
2026/10/01 05:50:15.806, 2895 MHz, 13801 MHz, 0x0000000000000000, 510.60 W, 94 %, 29828 MiB
2026/10/01 05:50:16.307, 2895 MHz, 13801 MHz, 0x0000000000000000, 508.07 W, 94 %, 29828 MiB
2026/10/01 05:50:16.817, 2895 MHz, 13801 MHz, 0x0000000000000000, 505.54 W, 93 %, 29828 MiB
2026/10/01 05:50:17.318, 2895 MHz, 13801 MHz, 0x0000000000000000, 504.95 W, 94 %, 29828 MiB
2026/10/01 05:50:17.832, 2895 MHz, 13801 MHz, 0x0000000000000000, 506.84 W, 94 %, 29828 MiB
2026/10/01 05:50:18.348, 2895 MHz, 13801 MHz, 0x0000000000000000, 507.86 W, 94 %, 29828 MiB
2026/10/01 05:50:18.848, 2895 MHz, 13801 MHz, 0x0000000000000000, 509.96 W, 94 %, 29828 MiB
2026/10/01 05:50:19.348, 2895 MHz, 13801 MHz, 0x0000000000000000, 511.13 W, 94 %, 29828 MiB
2026/10/01 05:50:19.862, 2895 MHz, 13801 MHz, 0x0000000000000000, 511.45 W, 95 %, 29828 MiB
2026/10/01 05:50:20.377, 2895 MHz, 13801 MHz, 0x0000000000000000, 494.08 W, 94 %, 29830 MiB
2026/10/01 05:50:20.893, 2895 MHz, 13801 MHz, 0x0000000000000000, 495.83 W, 94 %, 29830 MiB
2026/10/01 05:50:21.394, 2895 MHz, 13801 MHz, 0x0000000000000000, 511.49 W, 94 %, 29830 MiB
2026/10/01 05:50:21.906, 2895 MHz, 13801 MHz, 0x0000000000000000, 511.85 W, 94 %, 29830 MiB
2026/10/01 05:50:22.407, 2895 MHz, 13801 MHz, 0x0000000000000000, 512.61 W, 94 %, 29830 MiB
2026/10/01 05:50:22.907, 2895 MHz, 13801 MHz, 0x0000000000000000, 512.14 W, 94 %, 29830 MiB
2026/10/01 05:50:23.421, 2895 MHz, 13801 MHz, 0x0000000000000000, 511.26 W, 94 %, 29830 MiB
2026/10/01 05:50:23.935, 2895 MHz, 13801 MHz, 0x0000000000000000, 511.43 W, 93 %, 29830 MiB
2026/10/01 05:50:24.439, 2895 MHz, 13801 MHz, 0x0000000000000000, 510.73 W, 95 %, 29830 MiB
2026/10/01 05:50:24.951, 2895 MHz, 13801 MHz, 0x0000000000000000, 511.55 W, 95 %, 29830 MiB
2026/10/01 05:50:25.465, 2895 MHz, 13801 MHz, 0x0000000000000000, 510.60 W, 96 %, 29830 MiB
2026/10/01 05:50:25.980, 2895 MHz, 13801 MHz, 0x0000000000000000, 501.76 W, 94 %, 29830 MiB
2026/10/01 05:50:26.496, 2895 MHz, 13801 MHz, 0x0000000000000000, 497.10 W, 91 %, 29830 MiB
2026/10/01 05:50:27.010, 2895 MHz, 13801 MHz, 0x0000000000000000, 480.08 W, 93 %, 29833 MiB
2026/10/01 05:50:27.511, 2895 MHz, 13801 MHz, 0x0000000000000000, 484.06 W, 95 %, 29833 MiB
2026/10/01 05:50:28.022, 2895 MHz, 13801 MHz, 0x0000000000000000, 508.08 W, 94 %, 29830 MiB
2026/10/01 05:50:28.537, 2895 MHz, 13801 MHz, 0x0000000000000000, 511.41 W, 94 %, 29830 MiB
2026/10/01 05:50:29.041, 2895 MHz, 13801 MHz, 0x0000000000000000, 510.00 W, 94 %, 29830 MiB
2026/10/01 05:50:29.557, 2895 MHz, 13801 MHz, 0x0000000000000000, 507.85 W, 93 %, 29830 MiB
2026/10/01 05:50:30.058, 2895 MHz, 13801 MHz, 0x0000000000000000, 508.40 W, 94 %, 29830 MiB
2026/10/01 05:50:30.571, 2895 MHz, 13801 MHz, 0x0000000000000000, 507.99 W, 94 %, 29830 MiB
2026/10/01 05:50:31.071, 2895 MHz, 13801 MHz, 0x0000000000000000, 429.03 W, 0 %, 29830 MiB
2026/10/01 05:50:31.583, 2925 MHz, 13801 MHz, 0x0000000000000000, 227.87 W, 0 %, 29830 MiB
2026/10/01 05:50:32.086, 2925 MHz, 13801 MHz, 0x0000000000000000, 104.16 W, 0 %, 29830 MiB
2026/10/01 05:50:32.588, 2925 MHz, 13801 MHz, 0x0000000000000000, 102.99 W, 0 %, 29830 MiB
2026/10/01 05:50:33.102, 1485 MHz, 13801 MHz, 0x0000000000000000, 87.67 W, 0 %, 29830 MiB
2026/10/01 05:50:33.615, 472 MHz, 810 MHz, 0x0000000000000000, 57.92 W, 0 %, 29830 MiB
2026/10/01 05:50:34.116, 375 MHz, 810 MHz, 0x0000000000000000, 36.91 W, 0 %, 29830 MiB
2026/10/01 05:50:34.616, 315 MHz, 810 MHz, 0x0000000000000000, 25.40 W, 0 %, 29830 MiB
2026/10/01 05:50:35.131, 217 MHz, 810 MHz, 0x0000000000000000, 22.84 W, 0 %, 29830 MiB
2026/10/01 05:50:35.646, 187 MHz, 405 MHz, 0x0000000000000000, 20.79 W, 0 %, 29830 MiB
2026/10/01 05:50:36.148, 187 MHz, 405 MHz, 0x0000000000000000, 20.79 W, 0 %, 29830 MiB
2026/10/01 05:50:36.661, 180 MHz, 405 MHz, 0x0000000000000000, 15.18 W, 0 %, 29830 MiB
2026/10/01 05:50:37.175, 180 MHz, 405 MHz, 0x0000000000000000, 15.18 W, 0 %, 29830 MiB
2026/10/01 05:50:37.690, 180 MHz, 405 MHz, 0x0000000000000000, 15.06 W, 0 %, 29830 MiB
2026/10/01 05:50:38.205, 180 MHz, 405 MHz, 0x0000000000000000, 15.06 W, 0 %, 29830 MiB
2026/10/01 05:50:38.718, 180 MHz, 405 MHz, 0x0000000000000000, 14.65 W, 0 %, 29830 MiB
2026/10/01 05:50:39.233, 180 MHz, 405 MHz, 0x0000000000000000, 14.65 W, 0 %, 29830 MiB
2026/10/01 05:50:39.733, 180 MHz, 405 MHz, 0x0000000000000000, 14.73 W, 0 %, 29830 MiB
2026/10/01 05:50:40.247, 180 MHz, 405 MHz, 0x0000000000000000, 14.73 W, 0 %, 29830 MiB
2026/10/01 05:50:40.761, 180 MHz, 405 MHz, 0x0000000000000000, 14.23 W, 0 %, 29830 MiB
2026/10/01 05:50:41.275, 180 MHz, 405 MHz, 0x0000000000000000, 14.23 W, 0 %, 29830 MiB
2026/10/01 05:50:41.787, 180 MHz, 405 MHz, 0x0000000000000000, 14.06 W, 0 %, 29830 MiB
2026/10/01 05:50:42.303, 180 MHz, 405 MHz, 0x0000000000000000, 14.06 W, 0 %, 29830 MiB
2026/10/01 05:50:42.804, 180 MHz, 405 MHz, 0x0000000000000000, 13.94 W, 0 %, 29830 MiB
2026/10/01 05:50:43.305, 180 MHz, 405 MHz, 0x0000000000000000, 13.94 W, 0 %, 30728 MiB
2026/10/01 05:50:43.818, 795 MHz, 13801 MHz, 0x0000000000000000, 29.68 W, 97 %, 30728 MiB
2026/10/01 05:50:44.333, 2895 MHz, 13801 MHz, 0x0000000000000004, 557.35 W, 100 %, 30728 MiB
2026/10/01 05:50:44.835, 2895 MHz, 13801 MHz, 0x0000000000000004, 567.74 W, 100 %, 30728 MiB
2026/10/01 05:50:45.346, 2895 MHz, 13801 MHz, 0x0000000000000004, 572.27 W, 92 %, 31706 MiB
2026/10/01 05:50:45.860, 2895 MHz, 13801 MHz, 0x0000000000000004, 578.22 W, 100 %, 31706 MiB
2026/10/01 05:50:46.362, 2880 MHz, 13801 MHz, 0x0000000000000004, 580.28 W, 100 %, 31706 MiB
2026/10/01 05:50:46.873, 2872 MHz, 13801 MHz, 0x0000000000000004, 572.82 W, 100 %, 31706 MiB
2026/10/01 05:50:47.376, 2887 MHz, 13801 MHz, 0x0000000000000004, 574.17 W, 100 %, 31706 MiB
2026/10/01 05:50:47.890, 2902 MHz, 13801 MHz, 0x0000000000000004, 518.93 W, 100 %, 31711 MiB
2026/10/01 05:50:48.404, 2872 MHz, 13801 MHz, 0x0000000000000004, 514.73 W, 100 %, 31711 MiB
2026/10/01 05:50:48.905, 2872 MHz, 13801 MHz, 0x0000000000000004, 576.27 W, 100 %, 31706 MiB
2026/10/01 05:50:49.418, 2872 MHz, 13801 MHz, 0x0000000000000004, 574.56 W, 95 %, 31706 MiB
2026/10/01 05:50:49.932, 2872 MHz, 13801 MHz, 0x0000000000000004, 577.18 W, 100 %, 31706 MiB
2026/10/01 05:50:50.447, 2887 MHz, 13801 MHz, 0x0000000000000004, 574.47 W, 100 %, 31706 MiB
2026/10/01 05:50:50.961, 2887 MHz, 13801 MHz, 0x0000000000000004, 574.08 W, 100 %, 31706 MiB
2026/10/01 05:50:51.462, 2872 MHz, 13801 MHz, 0x0000000000000004, 576.34 W, 100 %, 31706 MiB
2026/10/01 05:50:51.975, 2872 MHz, 13801 MHz, 0x0000000000000004, 574.47 W, 100 %, 31706 MiB
2026/10/01 05:50:52.476, 2887 MHz, 13801 MHz, 0x0000000000000004, 574.49 W, 100 %, 31706 MiB
2026/10/01 05:50:52.990, 2872 MHz, 13801 MHz, 0x0000000000000004, 577.05 W, 100 %, 31706 MiB
2026/10/01 05:50:53.504, 2880 MHz, 13801 MHz, 0x0000000000000004, 574.70 W, 100 %, 31706 MiB
2026/10/01 05:50:54.013, 2887 MHz, 13801 MHz, 0x0000000000000000, 552.42 W, 93 %, 31706 MiB
2026/10/01 05:50:54.527, 2887 MHz, 13801 MHz, 0x0000000000000000, 507.52 W, 92 %, 31706 MiB
2026/10/01 05:50:55.040, 2887 MHz, 13801 MHz, 0x0000000000000000, 471.04 W, 93 %, 31706 MiB
2026/10/01 05:50:55.553, 2887 MHz, 13801 MHz, 0x0000000000000000, 469.36 W, 92 %, 31706 MiB
2026/10/01 05:50:56.064, 2887 MHz, 13801 MHz, 0x0000000000000000, 466.48 W, 90 %, 31706 MiB
2026/10/01 05:50:56.576, 2887 MHz, 13801 MHz, 0x0000000000000000, 466.14 W, 93 %, 31706 MiB
2026/10/01 05:50:57.086, 2887 MHz, 13801 MHz, 0x0000000000000000, 467.93 W, 92 %, 31706 MiB
2026/10/01 05:50:57.600, 2887 MHz, 13801 MHz, 0x0000000000000000, 468.73 W, 92 %, 31706 MiB
2026/10/01 05:50:58.108, 2887 MHz, 13801 MHz, 0x0000000000000000, 470.62 W, 93 %, 31706 MiB
2026/10/01 05:50:58.619, 2887 MHz, 13801 MHz, 0x0000000000000000, 471.04 W, 93 %, 31706 MiB
2026/10/01 05:50:59.131, 2887 MHz, 13801 MHz, 0x0000000000000000, 470.17 W, 92 %, 31706 MiB
2026/10/01 05:50:59.641, 2887 MHz, 13801 MHz, 0x0000000000000000, 470.55 W, 93 %, 31706 MiB
2026/10/01 05:51:00.153, 2887 MHz, 13801 MHz, 0x0000000000000000, 472.08 W, 93 %, 31706 MiB
2026/10/01 05:51:00.663, 2887 MHz, 13801 MHz, 0x0000000000000000, 472.09 W, 94 %, 31706 MiB
2026/10/01 05:51:01.175, 2887 MHz, 13801 MHz, 0x0000000000000000, 471.45 W, 92 %, 31706 MiB
2026/10/01 05:51:01.683, 2887 MHz, 13801 MHz, 0x0000000000000000, 471.32 W, 93 %, 31706 MiB
2026/10/01 05:51:02.193, 2887 MHz, 13801 MHz, 0x0000000000000000, 470.89 W, 93 %, 31706 MiB
2026/10/01 05:51:02.705, 2887 MHz, 13801 MHz, 0x0000000000000000, 471.96 W, 93 %, 31706 MiB
2026/10/01 05:51:03.219, 2887 MHz, 13801 MHz, 0x0000000000000000, 472.16 W, 92 %, 31706 MiB
2026/10/01 05:51:03.734, 2887 MHz, 13801 MHz, 0x0000000000000000, 471.30 W, 93 %, 31706 MiB
2026/10/01 05:51:04.242, 2887 MHz, 13801 MHz, 0x0000000000000000, 471.24 W, 93 %, 31706 MiB
2026/10/01 05:51:04.753, 2887 MHz, 13801 MHz, 0x0000000000000000, 472.19 W, 93 %, 31706 MiB
2026/10/01 05:51:05.261, 2887 MHz, 13801 MHz, 0x0000000000000000, 472.93 W, 92 %, 31706 MiB
2026/10/01 05:51:05.770, 2887 MHz, 13801 MHz, 0x0000000000000000, 472.45 W, 92 %, 31706 MiB
2026/10/01 05:51:06.282, 2880 MHz, 13801 MHz, 0x0000000000000000, 471.78 W, 91 %, 31706 MiB
2026/10/01 05:51:06.789, 2887 MHz, 13801 MHz, 0x0000000000000000, 469.03 W, 92 %, 31706 MiB
2026/10/01 05:51:07.296, 2895 MHz, 13801 MHz, 0x0000000000000000, 462.43 W, 92 %, 31706 MiB
2026/10/01 05:51:07.799, 2895 MHz, 13801 MHz, 0x0000000000000000, 446.61 W, 93 %, 31706 MiB
2026/10/01 05:51:08.313, 2902 MHz, 13801 MHz, 0x0000000000000000, 430.87 W, 93 %, 31706 MiB
2026/10/01 05:51:08.827, 2895 MHz, 13801 MHz, 0x0000000000000004, 474.53 W, 100 %, 31711 MiB
2026/10/01 05:51:09.340, 2880 MHz, 13801 MHz, 0x0000000000000004, 578.22 W, 96 %, 31711 MiB
2026/10/01 05:51:09.853, 2872 MHz, 13801 MHz, 0x0000000000000004, 579.86 W, 100 %, 31706 MiB
2026/10/01 05:51:10.356, 2872 MHz, 13801 MHz, 0x0000000000000004, 575.65 W, 100 %, 31706 MiB
2026/10/01 05:51:10.871, 2865 MHz, 13801 MHz, 0x0000000000000004, 573.07 W, 100 %, 31706 MiB
2026/10/01 05:51:11.384, 2880 MHz, 13801 MHz, 0x0000000000000004, 572.76 W, 96 %, 31706 MiB
2026/10/01 05:51:11.899, 2872 MHz, 13801 MHz, 0x0000000000000004, 576.78 W, 100 %, 31706 MiB
2026/10/01 05:51:12.399, 2872 MHz, 13801 MHz, 0x0000000000000004, 576.96 W, 100 %, 31706 MiB
2026/10/01 05:51:12.900, 2865 MHz, 13801 MHz, 0x0000000000000004, 573.89 W, 100 %, 31706 MiB
2026/10/01 05:51:13.412, 2880 MHz, 13801 MHz, 0x0000000000000004, 571.88 W, 100 %, 31706 MiB
2026/10/01 05:51:13.926, 2880 MHz, 13801 MHz, 0x0000000000000004, 574.83 W, 100 %, 31706 MiB
2026/10/01 05:51:14.427, 2865 MHz, 13801 MHz, 0x0000000000000004, 578.27 W, 100 %, 31706 MiB
2026/10/01 05:51:14.927, 2872 MHz, 13801 MHz, 0x0000000000000004, 575.00 W, 100 %, 31706 MiB
2026/10/01 05:51:15.430, 2880 MHz, 13801 MHz, 0x0000000000000004, 572.82 W, 100 %, 31706 MiB
2026/10/01 05:51:15.941, 2872 MHz, 13801 MHz, 0x0000000000000004, 575.33 W, 100 %, 31706 MiB
2026/10/01 05:51:16.455, 2872 MHz, 13801 MHz, 0x0000000000000004, 574.78 W, 95 %, 31706 MiB
2026/10/01 05:51:16.968, 2865 MHz, 13801 MHz, 0x0000000000000004, 576.82 W, 100 %, 31706 MiB
2026/10/01 05:51:17.483, 2865 MHz, 13801 MHz, 0x0000000000000004, 574.35 W, 100 %, 31706 MiB
2026/10/01 05:51:17.996, 2865 MHz, 13801 MHz, 0x0000000000000004, 573.30 W, 100 %, 31706 MiB
2026/10/01 05:51:18.510, 2872 MHz, 13801 MHz, 0x0000000000000000, 568.36 W, 92 %, 31706 MiB
2026/10/01 05:51:19.021, 2887 MHz, 13801 MHz, 0x0000000000000000, 523.19 W, 92 %, 31706 MiB
2026/10/01 05:51:19.529, 2887 MHz, 13801 MHz, 0x0000000000000000, 472.94 W, 92 %, 31706 MiB
2026/10/01 05:51:20.039, 2887 MHz, 13801 MHz, 0x0000000000000000, 471.23 W, 92 %, 31706 MiB
2026/10/01 05:51:20.548, 2887 MHz, 13801 MHz, 0x0000000000000000, 471.50 W, 90 %, 31706 MiB
2026/10/01 05:51:21.055, 2902 MHz, 13801 MHz, 0x0000000000000000, 411.32 W, 92 %, 31706 MiB
2026/10/01 05:51:21.567, 2887 MHz, 13801 MHz, 0x0000000000000000, 411.15 W, 93 %, 31706 MiB
2026/10/01 05:51:22.078, 2887 MHz, 13801 MHz, 0x0000000000000000, 469.23 W, 90 %, 31706 MiB
2026/10/01 05:51:22.589, 2887 MHz, 13801 MHz, 0x0000000000000000, 465.98 W, 91 %, 31706 MiB
2026/10/01 05:51:23.101, 2887 MHz, 13801 MHz, 0x0000000000000000, 468.09 W, 92 %, 31706 MiB
2026/10/01 05:51:23.612, 2887 MHz, 13801 MHz, 0x0000000000000000, 472.88 W, 93 %, 31706 MiB
2026/10/01 05:51:24.125, 2887 MHz, 13801 MHz, 0x0000000000000000, 472.86 W, 92 %, 31706 MiB
2026/10/01 05:51:24.639, 2887 MHz, 13801 MHz, 0x0000000000000000, 472.73 W, 93 %, 31706 MiB
2026/10/01 05:51:25.153, 2887 MHz, 13801 MHz, 0x0000000000000000, 474.08 W, 92 %, 31706 MiB
2026/10/01 05:51:25.665, 2887 MHz, 13801 MHz, 0x0000000000000000, 474.19 W, 92 %, 31706 MiB
2026/10/01 05:51:26.180, 2887 MHz, 13801 MHz, 0x0000000000000000, 471.65 W, 91 %, 31706 MiB
2026/10/01 05:51:26.692, 2887 MHz, 13801 MHz, 0x0000000000000000, 470.26 W, 92 %, 31706 MiB
2026/10/01 05:51:27.203, 2887 MHz, 13801 MHz, 0x0000000000000000, 462.27 W, 90 %, 31706 MiB
2026/10/01 05:51:27.715, 2887 MHz, 13801 MHz, 0x0000000000000000, 463.15 W, 92 %, 31706 MiB
2026/10/01 05:51:28.228, 2887 MHz, 13801 MHz, 0x0000000000000000, 473.21 W, 93 %, 31706 MiB
2026/10/01 05:51:28.737, 2887 MHz, 13801 MHz, 0x0000000000000000, 474.12 W, 92 %, 31706 MiB
2026/10/01 05:51:29.248, 2887 MHz, 13801 MHz, 0x0000000000000000, 473.78 W, 92 %, 31706 MiB
2026/10/01 05:51:29.763, 2887 MHz, 13801 MHz, 0x0000000000000004, 487.95 W, 100 %, 31706 MiB
2026/10/01 05:51:30.276, 2887 MHz, 13801 MHz, 0x0000000000000000, 499.33 W, 91 %, 31709 MiB
2026/10/01 05:51:30.790, 2895 MHz, 13801 MHz, 0x0000000000000004, 521.59 W, 100 %, 31706 MiB
2026/10/01 05:51:31.293, 2887 MHz, 13801 MHz, 0x0000000000000004, 536.62 W, 100 %, 31706 MiB
2026/10/01 05:51:31.806, 2887 MHz, 13801 MHz, 0x0000000000000004, 543.53 W, 100 %, 31706 MiB
2026/10/01 05:51:32.320, 2887 MHz, 13801 MHz, 0x0000000000000000, 524.66 W, 92 %, 31706 MiB
2026/10/01 05:51:32.821, 2895 MHz, 13801 MHz, 0x0000000000000004, 517.16 W, 94 %, 31706 MiB
2026/10/01 05:51:33.334, 2887 MHz, 13801 MHz, 0x0000000000000004, 545.05 W, 100 %, 31706 MiB
2026/10/01 05:51:33.848, 2865 MHz, 13801 MHz, 0x0000000000000004, 559.83 W, 96 %, 31706 MiB
2026/10/01 05:51:34.361, 2887 MHz, 13801 MHz, 0x0000000000000000, 549.28 W, 92 %, 31706 MiB
2026/10/01 05:51:34.877, 2895 MHz, 13801 MHz, 0x0000000000000000, 528.41 W, 89 %, 31706 MiB
2026/10/01 05:51:35.389, 2895 MHz, 13801 MHz, 0x0000000000000000, 525.52 W, 91 %, 31706 MiB
2026/10/01 05:51:35.904, 2895 MHz, 13801 MHz, 0x0000000000000004, 543.13 W, 100 %, 31706 MiB
2026/10/01 05:51:36.418, 2895 MHz, 13801 MHz, 0x0000000000000004, 558.40 W, 100 %, 31706 MiB
2026/10/01 05:51:36.929, 2887 MHz, 13801 MHz, 0x0000000000000004, 541.01 W, 100 %, 31706 MiB
2026/10/01 05:51:37.440, 2895 MHz, 13801 MHz, 0x0000000000000000, 533.30 W, 92 %, 31706 MiB
2026/10/01 05:51:37.955, 2887 MHz, 13801 MHz, 0x0000000000000000, 539.19 W, 93 %, 31706 MiB
2026/10/01 05:51:38.467, 2895 MHz, 13801 MHz, 0x0000000000000004, 531.50 W, 100 %, 31706 MiB
2026/10/01 05:51:38.981, 2887 MHz, 13801 MHz, 0x0000000000000000, 541.84 W, 91 %, 31706 MiB
2026/10/01 05:51:39.496, 2887 MHz, 13801 MHz, 0x0000000000000004, 559.02 W, 100 %, 31706 MiB
2026/10/01 05:51:40.011, 2887 MHz, 13801 MHz, 0x0000000000000004, 560.56 W, 100 %, 31706 MiB
2026/10/01 05:51:40.524, 2895 MHz, 13801 MHz, 0x0000000000000000, 546.19 W, 91 %, 31706 MiB
2026/10/01 05:51:41.039, 2880 MHz, 13801 MHz, 0x0000000000000004, 559.37 W, 100 %, 31706 MiB
2026/10/01 05:51:41.551, 2872 MHz, 13801 MHz, 0x0000000000000004, 557.74 W, 100 %, 31706 MiB
2026/10/01 05:51:42.063, 2887 MHz, 13801 MHz, 0x0000000000000000, 528.99 W, 94 %, 31706 MiB
2026/10/01 05:51:42.565, 2895 MHz, 13801 MHz, 0x0000000000000004, 529.50 W, 96 %, 31706 MiB
2026/10/01 05:51:43.076, 2895 MHz, 13801 MHz, 0x0000000000000000, 539.03 W, 88 %, 31706 MiB
2026/10/01 05:51:43.589, 2880 MHz, 13801 MHz, 0x0000000000000000, 536.71 W, 92 %, 31706 MiB
2026/10/01 05:51:44.104, 2887 MHz, 13801 MHz, 0x0000000000000004, 512.89 W, 100 %, 31706 MiB
2026/10/01 05:51:44.615, 2887 MHz, 13801 MHz, 0x0000000000000000, 499.90 W, 92 %, 31706 MiB
2026/10/01 05:51:45.130, 2887 MHz, 13801 MHz, 0x0000000000000000, 500.51 W, 93 %, 31706 MiB
2026/10/01 05:51:45.641, 2887 MHz, 13801 MHz, 0x0000000000000000, 474.90 W, 92 %, 31706 MiB
2026/10/01 05:51:46.142, 2887 MHz, 13801 MHz, 0x0000000000000000, 474.00 W, 92 %, 31706 MiB
2026/10/01 05:51:46.651, 2887 MHz, 13801 MHz, 0x0000000000000000, 473.86 W, 92 %, 31706 MiB
2026/10/01 05:51:47.165, 2887 MHz, 13801 MHz, 0x0000000000000000, 474.27 W, 92 %, 31706 MiB
2026/10/01 05:51:47.679, 2887 MHz, 13801 MHz, 0x0000000000000000, 473.95 W, 92 %, 31706 MiB
2026/10/01 05:51:48.192, 2887 MHz, 13801 MHz, 0x0000000000000000, 473.03 W, 92 %, 31706 MiB
2026/10/01 05:51:48.701, 2887 MHz, 13801 MHz, 0x0000000000000000, 473.76 W, 92 %, 31706 MiB
2026/10/01 05:51:49.212, 2887 MHz, 13801 MHz, 0x0000000000000000, 471.75 W, 91 %, 31706 MiB
2026/10/01 05:51:49.725, 2887 MHz, 13801 MHz, 0x0000000000000000, 466.48 W, 90 %, 31706 MiB
2026/10/01 05:51:50.240, 2887 MHz, 13801 MHz, 0x0000000000000000, 467.14 W, 92 %, 31706 MiB
2026/10/01 05:51:50.755, 2887 MHz, 13801 MHz, 0x0000000000000000, 469.32 W, 90 %, 31706 MiB
2026/10/01 05:51:51.266, 2887 MHz, 13801 MHz, 0x0000000000000000, 466.83 W, 90 %, 31709 MiB
2026/10/01 05:51:51.780, 2895 MHz, 13801 MHz, 0x0000000000000004, 490.84 W, 100 %, 31709 MiB
2026/10/01 05:51:52.294, 2895 MHz, 13801 MHz, 0x0000000000000004, 533.27 W, 96 %, 31706 MiB
2026/10/01 05:51:52.807, 2887 MHz, 13801 MHz, 0x0000000000000004, 514.79 W, 94 %, 31706 MiB
2026/10/01 05:51:53.320, 2887 MHz, 13801 MHz, 0x0000000000000000, 519.82 W, 93 %, 31706 MiB
2026/10/01 05:51:53.821, 2895 MHz, 13801 MHz, 0x0000000000000000, 542.00 W, 92 %, 31706 MiB
2026/10/01 05:51:54.333, 2887 MHz, 13801 MHz, 0x0000000000000004, 514.60 W, 100 %, 31706 MiB
2026/10/01 05:51:54.847, 2887 MHz, 13801 MHz, 0x0000000000000004, 527.45 W, 100 %, 31706 MiB
2026/10/01 05:51:55.361, 2887 MHz, 13801 MHz, 0x0000000000000004, 551.93 W, 97 %, 31706 MiB
2026/10/01 05:51:55.873, 2887 MHz, 13801 MHz, 0x0000000000000004, 519.89 W, 96 %, 31706 MiB
2026/10/01 05:51:56.388, 2887 MHz, 13801 MHz, 0x0000000000000004, 522.99 W, 100 %, 31706 MiB
2026/10/01 05:51:56.900, 2887 MHz, 13801 MHz, 0x0000000000000004, 548.20 W, 96 %, 31706 MiB
2026/10/01 05:51:57.415, 2895 MHz, 13801 MHz, 0x0000000000000000, 539.84 W, 94 %, 31706 MiB
2026/10/01 05:51:57.928, 2887 MHz, 13801 MHz, 0x0000000000000004, 540.89 W, 95 %, 31706 MiB
2026/10/01 05:51:58.440, 2895 MHz, 13801 MHz, 0x0000000000000004, 533.16 W, 100 %, 31706 MiB
2026/10/01 05:51:58.955, 2887 MHz, 13801 MHz, 0x0000000000000004, 545.01 W, 99 %, 31706 MiB
2026/10/01 05:51:59.470, 2887 MHz, 13801 MHz, 0x0000000000000000, 544.28 W, 92 %, 31706 MiB
2026/10/01 05:51:59.982, 2887 MHz, 13801 MHz, 0x0000000000000000, 529.93 W, 92 %, 31706 MiB
2026/10/01 05:52:00.497, 2887 MHz, 13801 MHz, 0x0000000000000004, 541.71 W, 100 %, 31706 MiB
2026/10/01 05:52:01.009, 2887 MHz, 13801 MHz, 0x0000000000000000, 527.33 W, 93 %, 31706 MiB
2026/10/01 05:52:01.522, 2887 MHz, 13801 MHz, 0x0000000000000004, 523.08 W, 99 %, 31706 MiB
2026/10/01 05:52:02.032, 2887 MHz, 13801 MHz, 0x0000000000000004, 538.36 W, 100 %, 31706 MiB
2026/10/01 05:52:02.546, 2887 MHz, 13801 MHz, 0x0000000000000000, 522.23 W, 88 %, 31706 MiB
2026/10/01 05:52:03.046, 2887 MHz, 13801 MHz, 0x0000000000000004, 526.92 W, 96 %, 31706 MiB
2026/10/01 05:52:03.559, 2880 MHz, 13801 MHz, 0x0000000000000000, 526.56 W, 92 %, 31706 MiB
2026/10/01 05:52:04.073, 2887 MHz, 13801 MHz, 0x0000000000000004, 512.30 W, 100 %, 31706 MiB
2026/10/01 05:52:04.586, 2887 MHz, 13801 MHz, 0x0000000000000004, 529.21 W, 100 %, 31706 MiB
2026/10/01 05:52:05.099, 2887 MHz, 13801 MHz, 0x0000000000000000, 536.66 W, 92 %, 31706 MiB
2026/10/01 05:52:05.610, 2887 MHz, 13801 MHz, 0x0000000000000000, 512.79 W, 92 %, 31706 MiB
2026/10/01 05:52:06.124, 2887 MHz, 13801 MHz, 0x0000000000000000, 530.40 W, 92 %, 31706 MiB
2026/10/01 05:52:06.636, 2895 MHz, 13801 MHz, 0x0000000000000004, 533.72 W, 100 %, 31706 MiB
2026/10/01 05:52:07.147, 2895 MHz, 13801 MHz, 0x0000000000000004, 537.48 W, 95 %, 31706 MiB
2026/10/01 05:52:07.662, 2887 MHz, 13801 MHz, 0x0000000000000000, 512.50 W, 92 %, 31706 MiB
2026/10/01 05:52:08.174, 2887 MHz, 13801 MHz, 0x0000000000000000, 505.72 W, 92 %, 31706 MiB
2026/10/01 05:52:08.687, 2887 MHz, 13801 MHz, 0x0000000000000004, 527.38 W, 100 %, 31706 MiB
2026/10/01 05:52:09.201, 2887 MHz, 13801 MHz, 0x0000000000000000, 503.06 W, 92 %, 31706 MiB
2026/10/01 05:52:09.710, 2887 MHz, 13801 MHz, 0x0000000000000000, 482.00 W, 92 %, 31706 MiB
2026/10/01 05:52:10.221, 2887 MHz, 13801 MHz, 0x0000000000000000, 474.46 W, 92 %, 31706 MiB
2026/10/01 05:52:10.730, 2887 MHz, 13801 MHz, 0x0000000000000000, 472.97 W, 93 %, 31706 MiB
2026/10/01 05:52:11.243, 2887 MHz, 13801 MHz, 0x0000000000000000, 473.16 W, 92 %, 31706 MiB
2026/10/01 05:52:11.757, 2887 MHz, 13801 MHz, 0x0000000000000000, 472.20 W, 89 %, 31706 MiB
2026/10/01 05:52:12.273, 2887 MHz, 13801 MHz, 0x0000000000000000, 467.80 W, 94 %, 31711 MiB
2026/10/01 05:52:12.786, 2887 MHz, 13801 MHz, 0x0000000000000004, 482.30 W, 100 %, 31711 MiB
2026/10/01 05:52:13.299, 2887 MHz, 13801 MHz, 0x0000000000000000, 499.24 W, 92 %, 31706 MiB
2026/10/01 05:52:13.812, 2887 MHz, 13801 MHz, 0x0000000000000000, 483.27 W, 92 %, 31706 MiB
2026/10/01 05:52:14.323, 2887 MHz, 13801 MHz, 0x0000000000000000, 472.41 W, 93 %, 31706 MiB
2026/10/01 05:52:14.838, 2895 MHz, 13801 MHz, 0x0000000000000000, 498.96 W, 94 %, 31706 MiB
2026/10/01 05:52:15.350, 2895 MHz, 13801 MHz, 0x0000000000000004, 531.63 W, 100 %, 31706 MiB
2026/10/01 05:52:15.863, 2887 MHz, 13801 MHz, 0x0000000000000004, 528.65 W, 100 %, 31706 MiB
2026/10/01 05:52:16.376, 2887 MHz, 13801 MHz, 0x0000000000000004, 519.94 W, 100 %, 31706 MiB
2026/10/01 05:52:16.887, 2887 MHz, 13801 MHz, 0x0000000000000000, 507.68 W, 90 %, 31706 MiB
2026/10/01 05:52:17.399, 2887 MHz, 13801 MHz, 0x0000000000000004, 490.57 W, 95 %, 31706 MiB
2026/10/01 05:52:17.910, 2887 MHz, 13801 MHz, 0x0000000000000004, 517.46 W, 100 %, 31706 MiB
2026/10/01 05:52:18.424, 2887 MHz, 13801 MHz, 0x0000000000000004, 540.46 W, 100 %, 31706 MiB
2026/10/01 05:52:18.936, 2880 MHz, 13801 MHz, 0x0000000000000000, 532.91 W, 92 %, 31706 MiB
2026/10/01 05:52:19.436, 2895 MHz, 13801 MHz, 0x0000000000000004, 522.78 W, 100 %, 31706 MiB
2026/10/01 05:52:19.950, 2887 MHz, 13801 MHz, 0x0000000000000004, 518.98 W, 100 %, 31706 MiB
2026/10/01 05:52:20.462, 2895 MHz, 13801 MHz, 0x0000000000000004, 532.55 W, 100 %, 31706 MiB
2026/10/01 05:52:20.977, 2895 MHz, 13801 MHz, 0x0000000000000004, 546.00 W, 100 %, 31706 MiB
2026/10/01 05:52:21.490, 2887 MHz, 13801 MHz, 0x0000000000000004, 557.09 W, 100 %, 31706 MiB
2026/10/01 05:52:21.997, 2872 MHz, 13801 MHz, 0x0000000000000000, 545.32 W, 92 %, 31706 MiB
2026/10/01 05:52:22.509, 2887 MHz, 13801 MHz, 0x0000000000000004, 510.58 W, 100 %, 31706 MiB
2026/10/01 05:52:23.022, 2887 MHz, 13801 MHz, 0x0000000000000000, 503.51 W, 89 %, 31706 MiB
2026/10/01 05:52:23.525, 2887 MHz, 13801 MHz, 0x0000000000000004, 547.01 W, 100 %, 31706 MiB
2026/10/01 05:52:24.040, 2880 MHz, 13801 MHz, 0x0000000000000004, 544.47 W, 100 %, 31706 MiB
2026/10/01 05:52:24.551, 2887 MHz, 13801 MHz, 0x0000000000000004, 534.82 W, 100 %, 31706 MiB
2026/10/01 05:52:25.065, 2887 MHz, 13801 MHz, 0x0000000000000004, 529.09 W, 94 %, 31706 MiB
2026/10/01 05:52:25.577, 2887 MHz, 13801 MHz, 0x0000000000000000, 497.22 W, 41 %, 31706 MiB
2026/10/01 05:52:26.088, 2895 MHz, 13801 MHz, 0x0000000000000000, 485.18 W, 89 %, 31706 MiB
2026/10/01 05:52:26.595, 2887 MHz, 13801 MHz, 0x0000000000000000, 489.77 W, 91 %, 31706 MiB
2026/10/01 05:52:27.110, 2895 MHz, 13801 MHz, 0x0000000000000004, 530.33 W, 100 %, 31706 MiB
2026/10/01 05:52:27.621, 2857 MHz, 13801 MHz, 0x0000000000000004, 546.28 W, 100 %, 31706 MiB
2026/10/01 05:52:28.132, 2887 MHz, 13801 MHz, 0x0000000000000000, 532.64 W, 93 %, 31706 MiB
2026/10/01 05:52:28.644, 2887 MHz, 13801 MHz, 0x0000000000000004, 512.01 W, 100 %, 31706 MiB
2026/10/01 05:52:29.154, 2887 MHz, 13801 MHz, 0x0000000000000004, 527.78 W, 100 %, 31706 MiB
2026/10/01 05:52:29.666, 2887 MHz, 13801 MHz, 0x0000000000000004, 525.37 W, 100 %, 31706 MiB
2026/10/01 05:52:30.174, 2887 MHz, 13801 MHz, 0x0000000000000000, 510.88 W, 92 %, 31706 MiB
2026/10/01 05:52:30.683, 2887 MHz, 13801 MHz, 0x0000000000000004, 498.14 W, 100 %, 31706 MiB
2026/10/01 05:52:31.196, 2887 MHz, 13801 MHz, 0x0000000000000000, 492.92 W, 91 %, 31706 MiB
2026/10/01 05:52:31.705, 2887 MHz, 13801 MHz, 0x0000000000000004, 518.93 W, 97 %, 31706 MiB
2026/10/01 05:52:32.215, 2887 MHz, 13801 MHz, 0x0000000000000000, 508.21 W, 92 %, 31706 MiB
2026/10/01 05:52:32.728, 2887 MHz, 13801 MHz, 0x0000000000000000, 503.94 W, 93 %, 31706 MiB
2026/10/01 05:52:33.237, 2887 MHz, 13801 MHz, 0x0000000000000000, 497.32 W, 90 %, 31706 MiB
2026/10/01 05:52:33.743, 2887 MHz, 13801 MHz, 0x0000000000000000, 467.39 W, 90 %, 31711 MiB
2026/10/01 05:52:34.254, 2887 MHz, 13801 MHz, 0x0000000000000000, 466.87 W, 92 %, 31706 MiB
2026/10/01 05:52:34.768, 2895 MHz, 13801 MHz, 0x0000000000000000, 497.82 W, 95 %, 31706 MiB
2026/10/01 05:52:35.278, 2887 MHz, 13801 MHz, 0x0000000000000000, 501.92 W, 93 %, 31706 MiB
2026/10/01 05:52:35.791, 2887 MHz, 13801 MHz, 0x0000000000000000, 481.02 W, 93 %, 31706 MiB
2026/10/01 05:52:36.306, 2887 MHz, 13801 MHz, 0x0000000000000000, 474.60 W, 92 %, 31706 MiB
2026/10/01 05:52:36.819, 2887 MHz, 13801 MHz, 0x0000000000000000, 474.18 W, 93 %, 31706 MiB
2026/10/01 05:52:37.319, 2895 MHz, 13801 MHz, 0x0000000000000004, 505.67 W, 95 %, 31706 MiB
2026/10/01 05:52:37.832, 2887 MHz, 13801 MHz, 0x0000000000000000, 526.08 W, 93 %, 31706 MiB
2026/10/01 05:52:38.344, 2887 MHz, 13801 MHz, 0x0000000000000000, 475.43 W, 93 %, 31706 MiB
2026/10/01 05:52:38.854, 2887 MHz, 13801 MHz, 0x0000000000000000, 475.93 W, 92 %, 31706 MiB
2026/10/01 05:52:39.369, 2880 MHz, 13801 MHz, 0x0000000000000004, 508.86 W, 95 %, 31706 MiB
2026/10/01 05:52:39.881, 2887 MHz, 13801 MHz, 0x0000000000000004, 538.24 W, 100 %, 31706 MiB
2026/10/01 05:52:40.381, 2887 MHz, 13801 MHz, 0x0000000000000004, 546.06 W, 100 %, 31706 MiB
2026/10/01 05:52:40.891, 2887 MHz, 13801 MHz, 0x0000000000000000, 523.76 W, 92 %, 31706 MiB
2026/10/01 05:52:41.404, 2887 MHz, 13801 MHz, 0x0000000000000004, 492.55 W, 94 %, 31706 MiB
2026/10/01 05:52:41.917, 2887 MHz, 13801 MHz, 0x0000000000000000, 501.64 W, 91 %, 31706 MiB
2026/10/01 05:52:42.427, 2887 MHz, 13801 MHz, 0x0000000000000000, 502.42 W, 92 %, 31706 MiB
2026/10/01 05:52:42.943, 2887 MHz, 13801 MHz, 0x0000000000000004, 518.67 W, 100 %, 31706 MiB
2026/10/01 05:52:43.458, 2872 MHz, 13801 MHz, 0x0000000000000004, 576.54 W, 97 %, 31706 MiB
2026/10/01 05:52:43.973, 2887 MHz, 13801 MHz, 0x0000000000000000, 557.63 W, 86 %, 31706 MiB
2026/10/01 05:52:44.485, 2887 MHz, 13801 MHz, 0x0000000000000000, 533.68 W, 93 %, 31706 MiB
2026/10/01 05:52:44.998, 2887 MHz, 13801 MHz, 0x0000000000000000, 536.67 W, 92 %, 31706 MiB
2026/10/01 05:52:45.513, 2880 MHz, 13801 MHz, 0x0000000000000000, 529.51 W, 91 %, 31706 MiB
2026/10/01 05:52:46.027, 2880 MHz, 13801 MHz, 0x0000000000000004, 533.06 W, 96 %, 31706 MiB
2026/10/01 05:52:46.540, 2887 MHz, 13801 MHz, 0x0000000000000000, 532.60 W, 93 %, 31706 MiB
2026/10/01 05:52:47.051, 2887 MHz, 13801 MHz, 0x0000000000000004, 545.57 W, 100 %, 31706 MiB
2026/10/01 05:52:47.561, 2887 MHz, 13801 MHz, 0x0000000000000000, 531.91 W, 93 %, 31706 MiB
2026/10/01 05:52:48.076, 2887 MHz, 13801 MHz, 0x0000000000000004, 518.79 W, 95 %, 31706 MiB
2026/10/01 05:52:48.588, 2880 MHz, 13801 MHz, 0x0000000000000000, 530.44 W, 92 %, 31706 MiB
2026/10/01 05:52:49.098, 2895 MHz, 13801 MHz, 0x0000000000000000, 533.04 W, 93 %, 31706 MiB
2026/10/01 05:52:49.599, 2895 MHz, 13801 MHz, 0x0000000000000004, 531.61 W, 98 %, 31706 MiB
2026/10/01 05:52:50.112, 2887 MHz, 13801 MHz, 0x0000000000000000, 531.61 W, 92 %, 31706 MiB
2026/10/01 05:52:50.624, 2887 MHz, 13801 MHz, 0x0000000000000000, 543.39 W, 94 %, 31706 MiB
2026/10/01 05:52:51.132, 2895 MHz, 13801 MHz, 0x0000000000000000, 537.53 W, 92 %, 31706 MiB
2026/10/01 05:52:51.646, 2887 MHz, 13801 MHz, 0x0000000000000004, 510.88 W, 100 %, 31706 MiB
2026/10/01 05:52:52.162, 2887 MHz, 13801 MHz, 0x0000000000000000, 499.37 W, 90 %, 31706 MiB
2026/10/01 05:52:52.677, 2880 MHz, 13801 MHz, 0x0000000000000000, 528.38 W, 93 %, 31706 MiB
2026/10/01 05:52:53.191, 2887 MHz, 13801 MHz, 0x0000000000000000, 533.85 W, 93 %, 31706 MiB
2026/10/01 05:52:53.704, 2887 MHz, 13801 MHz, 0x0000000000000004, 509.30 W, 96 %, 31706 MiB
2026/10/01 05:52:54.217, 2880 MHz, 13801 MHz, 0x0000000000000000, 499.29 W, 90 %, 31706 MiB
2026/10/01 05:52:54.730, 2887 MHz, 13801 MHz, 0x0000000000000000, 496.15 W, 91 %, 31711 MiB
2026/10/01 05:52:55.244, 2887 MHz, 13801 MHz, 0x0000000000000004, 489.68 W, 100 %, 31711 MiB
2026/10/01 05:52:55.758, 2887 MHz, 13801 MHz, 0x0000000000000000, 503.24 W, 94 %, 31706 MiB
2026/10/01 05:52:56.270, 2887 MHz, 13801 MHz, 0x0000000000000004, 502.36 W, 100 %, 31706 MiB
2026/10/01 05:52:56.781, 2887 MHz, 13801 MHz, 0x0000000000000000, 509.02 W, 91 %, 31706 MiB
2026/10/01 05:52:57.293, 2887 MHz, 13801 MHz, 0x0000000000000000, 492.68 W, 90 %, 31706 MiB
2026/10/01 05:52:57.805, 2887 MHz, 13801 MHz, 0x0000000000000000, 470.39 W, 92 %, 31706 MiB
2026/10/01 05:52:58.316, 2887 MHz, 13801 MHz, 0x0000000000000000, 472.38 W, 94 %, 31706 MiB
2026/10/01 05:52:58.829, 2887 MHz, 13801 MHz, 0x0000000000000000, 474.35 W, 93 %, 31706 MiB
2026/10/01 05:52:59.342, 2887 MHz, 13801 MHz, 0x0000000000000004, 514.93 W, 100 %, 31706 MiB
2026/10/01 05:52:59.855, 2887 MHz, 13801 MHz, 0x0000000000000000, 509.92 W, 93 %, 31706 MiB
2026/10/01 05:53:00.365, 2887 MHz, 13801 MHz, 0x0000000000000000, 497.85 W, 92 %, 31706 MiB
2026/10/01 05:53:00.879, 2887 MHz, 13801 MHz, 0x0000000000000000, 509.98 W, 92 %, 31706 MiB
2026/10/01 05:53:01.390, 2887 MHz, 13801 MHz, 0x0000000000000000, 507.24 W, 93 %, 31706 MiB
2026/10/01 05:53:01.891, 2895 MHz, 13801 MHz, 0x0000000000000004, 502.98 W, 98 %, 31706 MiB
2026/10/01 05:53:02.403, 2887 MHz, 13801 MHz, 0x0000000000000004, 517.68 W, 100 %, 31706 MiB
2026/10/01 05:53:02.917, 2887 MHz, 13801 MHz, 0x0000000000000004, 520.38 W, 100 %, 31706 MiB
2026/10/01 05:53:03.430, 2887 MHz, 13801 MHz, 0x0000000000000004, 550.14 W, 100 %, 31706 MiB
2026/10/01 05:53:03.943, 2857 MHz, 13801 MHz, 0x0000000000000004, 571.14 W, 100 %, 31706 MiB
2026/10/01 05:53:04.454, 2872 MHz, 13801 MHz, 0x0000000000000000, 559.54 W, 92 %, 31706 MiB
2026/10/01 05:53:04.965, 2887 MHz, 13801 MHz, 0x0000000000000000, 511.22 W, 93 %, 31706 MiB
2026/10/01 05:53:05.476, 2887 MHz, 13801 MHz, 0x0000000000000000, 507.88 W, 93 %, 31706 MiB
2026/10/01 05:53:05.978, 2887 MHz, 13801 MHz, 0x0000000000000000, 530.82 W, 92 %, 31706 MiB
2026/10/01 05:53:06.489, 2895 MHz, 13801 MHz, 0x0000000000000000, 532.05 W, 96 %, 31706 MiB
2026/10/01 05:53:06.999, 2887 MHz, 13801 MHz, 0x0000000000000004, 512.87 W, 99 %, 31706 MiB
2026/10/01 05:53:07.510, 2880 MHz, 13801 MHz, 0x0000000000000004, 531.13 W, 100 %, 31706 MiB
2026/10/01 05:53:08.012, 2887 MHz, 13801 MHz, 0x0000000000000004, 546.74 W, 100 %, 31706 MiB
2026/10/01 05:53:08.524, 2887 MHz, 13801 MHz, 0x0000000000000000, 510.45 W, 90 %, 31706 MiB
2026/10/01 05:53:09.040, 2880 MHz, 13801 MHz, 0x0000000000000004, 531.16 W, 100 %, 31706 MiB
2026/10/01 05:53:09.551, 2887 MHz, 13801 MHz, 0x0000000000000004, 552.25 W, 100 %, 31706 MiB
2026/10/01 05:53:10.061, 2887 MHz, 13801 MHz, 0x0000000000000000, 522.79 W, 91 %, 31706 MiB
2026/10/01 05:53:10.572, 2895 MHz, 13801 MHz, 0x0000000000000004, 528.87 W, 100 %, 31706 MiB
2026/10/01 05:53:11.072, 2887 MHz, 13801 MHz, 0x0000000000000004, 545.25 W, 100 %, 31706 MiB
2026/10/01 05:53:11.583, 2857 MHz, 13801 MHz, 0x0000000000000000, 563.98 W, 95 %, 31706 MiB
2026/10/01 05:53:12.097, 2887 MHz, 13801 MHz, 0x0000000000000004, 548.24 W, 100 %, 31706 MiB
2026/10/01 05:53:12.610, 2887 MHz, 13801 MHz, 0x0000000000000000, 525.17 W, 94 %, 31706 MiB
2026/10/01 05:53:13.120, 2880 MHz, 13801 MHz, 0x0000000000000000, 538.67 W, 93 %, 31706 MiB
2026/10/01 05:53:13.632, 2887 MHz, 13801 MHz, 0x0000000000000000, 511.46 W, 92 %, 31706 MiB
2026/10/01 05:53:14.143, 2880 MHz, 13801 MHz, 0x0000000000000000, 503.60 W, 92 %, 31706 MiB
2026/10/01 05:53:14.655, 2887 MHz, 13801 MHz, 0x0000000000000004, 520.03 W, 100 %, 31706 MiB
2026/10/01 05:53:15.166, 2887 MHz, 13801 MHz, 0x0000000000000000, 503.49 W, 90 %, 31706 MiB
2026/10/01 05:53:15.678, 2887 MHz, 13801 MHz, 0x0000000000000000, 490.38 W, 91 %, 31711 MiB
2026/10/01 05:53:16.191, 2887 MHz, 13801 MHz, 0x0000000000000000, 468.18 W, 91 %, 31711 MiB
2026/10/01 05:53:16.707, 2880 MHz, 13801 MHz, 0x0000000000000000, 504.17 W, 93 %, 31706 MiB
2026/10/01 05:53:17.219, 2880 MHz, 13801 MHz, 0x0000000000000000, 525.70 W, 93 %, 31706 MiB
2026/10/01 05:53:17.719, 2887 MHz, 13801 MHz, 0x0000000000000000, 499.33 W, 92 %, 31706 MiB
2026/10/01 05:53:18.228, 2887 MHz, 13801 MHz, 0x0000000000000004, 507.83 W, 97 %, 31706 MiB
2026/10/01 05:53:18.742, 2887 MHz, 13801 MHz, 0x0000000000000000, 508.27 W, 92 %, 31706 MiB
2026/10/01 05:53:19.253, 2887 MHz, 13801 MHz, 0x0000000000000004, 510.07 W, 96 %, 31706 MiB
2026/10/01 05:53:19.766, 2887 MHz, 13801 MHz, 0x0000000000000000, 511.14 W, 93 %, 31706 MiB
2026/10/01 05:53:20.282, 2887 MHz, 13801 MHz, 0x0000000000000004, 487.62 W, 100 %, 31706 MiB
2026/10/01 05:53:20.796, 2880 MHz, 13801 MHz, 0x0000000000000000, 503.49 W, 91 %, 31706 MiB
2026/10/01 05:53:21.308, 2887 MHz, 13801 MHz, 0x0000000000000000, 501.11 W, 92 %, 31706 MiB
2026/10/01 05:53:21.824, 2887 MHz, 13801 MHz, 0x0000000000000000, 475.62 W, 92 %, 31706 MiB
2026/10/01 05:53:22.335, 2887 MHz, 13801 MHz, 0x0000000000000004, 487.79 W, 100 %, 31706 MiB
2026/10/01 05:53:22.848, 2887 MHz, 13801 MHz, 0x0000000000000000, 523.00 W, 90 %, 31706 MiB
2026/10/01 05:53:23.363, 2887 MHz, 13801 MHz, 0x0000000000000000, 509.21 W, 93 %, 31706 MiB
2026/10/01 05:53:23.878, 2887 MHz, 13801 MHz, 0x0000000000000004, 503.54 W, 96 %, 31706 MiB
2026/10/01 05:53:24.390, 2887 MHz, 13801 MHz, 0x0000000000000000, 534.85 W, 91 %, 31706 MiB
2026/10/01 05:53:24.901, 2887 MHz, 13801 MHz, 0x0000000000000004, 519.81 W, 100 %, 31706 MiB
2026/10/01 05:53:25.414, 2880 MHz, 13801 MHz, 0x0000000000000004, 506.25 W, 96 %, 31706 MiB
2026/10/01 05:53:25.926, 2887 MHz, 13801 MHz, 0x0000000000000000, 521.68 W, 91 %, 31706 MiB
2026/10/01 05:53:26.439, 2887 MHz, 13801 MHz, 0x0000000000000000, 524.03 W, 92 %, 31706 MiB
2026/10/01 05:53:26.951, 2887 MHz, 13801 MHz, 0x0000000000000004, 515.21 W, 100 %, 31706 MiB
2026/10/01 05:53:27.451, 2887 MHz, 13801 MHz, 0x0000000000000000, 535.09 W, 94 %, 31706 MiB
2026/10/01 05:53:27.966, 2887 MHz, 13801 MHz, 0x0000000000000004, 549.98 W, 98 %, 31706 MiB
2026/10/01 05:53:28.478, 2887 MHz, 13801 MHz, 0x0000000000000000, 508.34 W, 93 %, 31706 MiB
2026/10/01 05:53:28.990, 2887 MHz, 13801 MHz, 0x0000000000000000, 483.49 W, 92 %, 31706 MiB
2026/10/01 05:53:29.502, 2887 MHz, 13801 MHz, 0x0000000000000004, 503.95 W, 97 %, 31706 MiB
2026/10/01 05:53:30.014, 2895 MHz, 13801 MHz, 0x0000000000000000, 536.68 W, 92 %, 31706 MiB
2026/10/01 05:53:30.527, 2887 MHz, 13801 MHz, 0x0000000000000004, 522.87 W, 100 %, 31706 MiB
2026/10/01 05:53:31.041, 2887 MHz, 13801 MHz, 0x0000000000000004, 520.46 W, 100 %, 31706 MiB
2026/10/01 05:53:31.554, 2880 MHz, 13801 MHz, 0x0000000000000004, 552.20 W, 100 %, 31706 MiB
2026/10/01 05:53:32.069, 2887 MHz, 13801 MHz, 0x0000000000000004, 531.94 W, 94 %, 31706 MiB
2026/10/01 05:53:32.583, 2887 MHz, 13801 MHz, 0x0000000000000004, 531.18 W, 100 %, 31706 MiB
2026/10/01 05:53:33.096, 2887 MHz, 13801 MHz, 0x0000000000000004, 548.98 W, 100 %, 31706 MiB
2026/10/01 05:53:33.606, 2857 MHz, 13801 MHz, 0x0000000000000000, 548.84 W, 93 %, 31706 MiB
2026/10/01 05:53:34.115, 2887 MHz, 13801 MHz, 0x0000000000000000, 509.89 W, 90 %, 31706 MiB
2026/10/01 05:53:34.624, 2887 MHz, 13801 MHz, 0x0000000000000004, 489.61 W, 100 %, 31706 MiB
2026/10/01 05:53:35.133, 2887 MHz, 13801 MHz, 0x0000000000000000, 502.99 W, 93 %, 31706 MiB
2026/10/01 05:53:35.645, 2887 MHz, 13801 MHz, 0x0000000000000000, 515.45 W, 95 %, 31706 MiB
2026/10/01 05:53:36.157, 2887 MHz, 13801 MHz, 0x0000000000000004, 524.70 W, 100 %, 31706 MiB
2026/10/01 05:53:36.664, 2887 MHz, 13801 MHz, 0x0000000000000004, 529.70 W, 100 %, 31706 MiB
2026/10/01 05:53:37.173, 2887 MHz, 13801 MHz, 0x0000000000000000, 506.37 W, 86 %, 31711 MiB
2026/10/01 05:53:37.687, 2880 MHz, 13801 MHz, 0x0000000000000000, 504.60 W, 90 %, 31711 MiB
2026/10/01 05:53:38.196, 2887 MHz, 13801 MHz, 0x0000000000000004, 519.27 W, 100 %, 31706 MiB
2026/10/01 05:53:38.708, 2895 MHz, 13801 MHz, 0x0000000000000000, 525.32 W, 91 %, 31706 MiB
2026/10/01 05:53:39.218, 2880 MHz, 13801 MHz, 0x0000000000000000, 535.16 W, 92 %, 31706 MiB
2026/10/01 05:53:39.730, 2880 MHz, 13801 MHz, 0x0000000000000000, 537.58 W, 94 %, 31706 MiB
2026/10/01 05:53:40.242, 2880 MHz, 13801 MHz, 0x0000000000000000, 528.16 W, 93 %, 31706 MiB
2026/10/01 05:53:40.753, 2887 MHz, 13801 MHz, 0x0000000000000000, 498.78 W, 93 %, 31706 MiB
2026/10/01 05:53:41.262, 2895 MHz, 13801 MHz, 0x0000000000000000, 423.17 W, 93 %, 31706 MiB
2026/10/01 05:53:41.775, 2887 MHz, 13801 MHz, 0x0000000000000000, 415.68 W, 93 %, 31706 MiB
2026/10/01 05:53:42.287, 2887 MHz, 13801 MHz, 0x0000000000000004, 483.67 W, 100 %, 31706 MiB
2026/10/01 05:53:42.803, 2887 MHz, 13801 MHz, 0x0000000000000000, 498.14 W, 93 %, 31706 MiB
2026/10/01 05:53:43.316, 2887 MHz, 13801 MHz, 0x0000000000000000, 518.92 W, 94 %, 31706 MiB
2026/10/01 05:53:43.828, 2887 MHz, 13801 MHz, 0x0000000000000000, 503.05 W, 93 %, 31706 MiB
2026/10/01 05:53:44.343, 2887 MHz, 13801 MHz, 0x0000000000000000, 501.04 W, 92 %, 31706 MiB
2026/10/01 05:53:44.858, 2887 MHz, 13801 MHz, 0x0000000000000000, 491.52 W, 93 %, 31706 MiB
2026/10/01 05:53:45.360, 2895 MHz, 13801 MHz, 0x0000000000000000, 507.10 W, 92 %, 31706 MiB
2026/10/01 05:53:45.872, 2887 MHz, 13801 MHz, 0x0000000000000000, 504.04 W, 90 %, 31706 MiB
2026/10/01 05:53:46.385, 2887 MHz, 13801 MHz, 0x0000000000000000, 500.79 W, 92 %, 31706 MiB
2026/10/01 05:53:46.892, 2887 MHz, 13801 MHz, 0x0000000000000000, 501.04 W, 91 %, 31706 MiB
2026/10/01 05:53:47.407, 2887 MHz, 13801 MHz, 0x0000000000000004, 507.82 W, 97 %, 31706 MiB
2026/10/01 05:53:47.907, 2887 MHz, 13801 MHz, 0x0000000000000000, 536.80 W, 94 %, 31706 MiB
2026/10/01 05:53:48.421, 2887 MHz, 13801 MHz, 0x0000000000000000, 510.46 W, 93 %, 31706 MiB
2026/10/01 05:53:48.934, 2887 MHz, 13801 MHz, 0x0000000000000004, 491.61 W, 100 %, 31706 MiB
2026/10/01 05:53:49.448, 2887 MHz, 13801 MHz, 0x0000000000000000, 504.71 W, 90 %, 31706 MiB
2026/10/01 05:53:49.962, 2887 MHz, 13801 MHz, 0x0000000000000004, 502.66 W, 100 %, 31706 MiB
2026/10/01 05:53:50.471, 2887 MHz, 13801 MHz, 0x0000000000000004, 511.75 W, 100 %, 31706 MiB
2026/10/01 05:53:50.985, 2887 MHz, 13801 MHz, 0x0000000000000004, 554.07 W, 100 %, 31706 MiB
2026/10/01 05:53:51.501, 2850 MHz, 13801 MHz, 0x0000000000000004, 560.90 W, 95 %, 31706 MiB
2026/10/01 05:53:52.012, 2880 MHz, 13801 MHz, 0x0000000000000000, 547.38 W, 93 %, 31706 MiB
2026/10/01 05:53:52.524, 2887 MHz, 13801 MHz, 0x0000000000000000, 502.83 W, 92 %, 31706 MiB
2026/10/01 05:53:53.038, 2887 MHz, 13801 MHz, 0x0000000000000004, 493.76 W, 100 %, 31706 MiB
2026/10/01 05:53:53.551, 2895 MHz, 13801 MHz, 0x0000000000000004, 526.41 W, 100 %, 31706 MiB
2026/10/01 05:53:54.063, 2887 MHz, 13801 MHz, 0x0000000000000000, 521.41 W, 92 %, 31706 MiB
2026/10/01 05:53:54.564, 2910 MHz, 13801 MHz, 0x0000000000000000, 348.92 W, 0 %, 31706 MiB
2026/10/01 05:53:55.079, 2925 MHz, 13801 MHz, 0x0000000000000000, 159.72 W, 0 %, 31706 MiB
2026/10/01 05:53:55.581, 2925 MHz, 13801 MHz, 0x0000000000000000, 103.45 W, 0 %, 31706 MiB
2026/10/01 05:53:56.095, 2925 MHz, 13801 MHz, 0x0000000000000000, 98.29 W, 0 %, 31706 MiB
2026/10/01 05:53:56.610, 637 MHz, 13801 MHz, 0x0000000000000000, 72.07 W, 0 %, 31706 MiB
2026/10/01 05:53:57.125, 502 MHz, 810 MHz, 0x0000000000000000, 45.33 W, 0 %, 31706 MiB
2026/10/01 05:53:57.639, 390 MHz, 810 MHz, 0x0000000000000000, 34.37 W, 0 %, 31706 MiB
2026/10/01 05:53:58.154, 345 MHz, 810 MHz, 0x0000000000000000, 30.33 W, 0 %, 31711 MiB
2026/10/01 05:53:58.655, 270 MHz, 405 MHz, 0x0000000000000000, 20.65 W, 0 %, 31711 MiB
2026/10/01 05:53:59.170, 180 MHz, 405 MHz, 0x0000000000000000, 19.25 W, 0 %, 31706 MiB
2026/10/01 05:53:59.685, 180 MHz, 405 MHz, 0x0000000000000000, 20.00 W, 0 %, 31706 MiB
2026/10/01 05:54:00.199, 180 MHz, 405 MHz, 0x0000000000000000, 19.31 W, 0 %, 31706 MiB
2026/10/01 05:54:00.714, 180 MHz, 405 MHz, 0x0000000000000000, 19.31 W, 0 %, 31706 MiB
2026/10/01 05:54:01.227, 180 MHz, 405 MHz, 0x0000000000000000, 15.04 W, 0 %, 31706 MiB
2026/10/01 05:54:01.730, 180 MHz, 405 MHz, 0x0000000000000000, 15.04 W, 0 %, 31706 MiB
2026/10/01 05:54:02.246, 180 MHz, 405 MHz, 0x0000000000000000, 14.76 W, 0 %, 31706 MiB
2026/10/01 05:54:02.749, 180 MHz, 405 MHz, 0x0000000000000000, 14.76 W, 0 %, 31706 MiB
2026/10/01 05:54:03.250, 180 MHz, 405 MHz, 0x0000000000000000, 14.68 W, 0 %, 31706 MiB
2026/10/01 05:54:03.751, 180 MHz, 405 MHz, 0x0000000000000000, 14.68 W, 0 %, 31706 MiB
2026/10/01 05:54:04.266, 195 MHz, 405 MHz, 0x0000000000000000, 14.77 W, 0 %, 31706 MiB
2026/10/01 05:54:04.780, 180 MHz, 405 MHz, 0x0000000000000000, 15.77 W, 0 %, 31706 MiB
2026/10/01 05:54:05.295, 180 MHz, 405 MHz, 0x0000000000000000, 16.16 W, 0 %, 31706 MiB
2026/10/01 05:54:05.809, 180 MHz, 405 MHz, 0x0000000000000000, 16.16 W, 0 %, 31706 MiB
2026/10/01 05:54:06.321, 180 MHz, 405 MHz, 0x0000000000000000, 14.14 W, 0 %, 31706 MiB
2026/10/01 05:54:06.835, 180 MHz, 405 MHz, 0x0000000000000000, 14.14 W, 0 %, 31706 MiB
2026/10/01 05:54:07.348, 180 MHz, 405 MHz, 0x0000000000000000, 13.28 W, 0 %, 31706 MiB
2026/10/01 05:54:07.851, 180 MHz, 405 MHz, 0x0000000000000000, 13.08 W, 0 %, 31706 MiB
2026/10/01 05:54:08.366, 180 MHz, 405 MHz, 0x0000000000000000, 13.08 W, 0 %, 31706 MiB
2026/10/01 05:54:08.879, 180 MHz, 405 MHz, 0x0000000000000000, 13.14 W, 0 %, 31706 MiB
2026/10/01 05:54:09.391, 180 MHz, 405 MHz, 0x0000000000000000, 13.14 W, 0 %, 31706 MiB
2026/10/01 05:54:09.905, 180 MHz, 405 MHz, 0x0000000000000000, 12.41 W, 0 %, 31706 MiB
2026/10/01 05:54:21.051, 180 MHz, 405 MHz, 0x0000000000000000, 14.01 W, 0 %, 245 MiB
2026/10/01 05:54:21.566, 180 MHz, 405 MHz, 0x0000000000000000, 14.01 W, 0 %, 245 MiB
2026/10/01 05:54:22.081, 180 MHz, 405 MHz, 0x0000000000000000, 11.94 W, 0 %, 245 MiB
2026/10/01 05:54:22.590, 180 MHz, 405 MHz, 0x0000000000000000, 11.94 W, 0 %, 245 MiB
2026/10/01 05:54:23.101, 180 MHz, 405 MHz, 0x0000000000000000, 11.57 W, 0 %, 245 MiB
2026/10/01 05:54:23.604, 180 MHz, 405 MHz, 0x0000000000000000, 11.57 W, 0 %, 245 MiB
2026/10/01 05:54:24.119, 180 MHz, 405 MHz, 0x0000000000000000, 11.51 W, 0 %, 245 MiB
2026/10/01 05:54:24.634, 180 MHz, 405 MHz, 0x0000000000000000, 11.90 W, 0 %, 245 MiB
2026/10/01 05:54:25.148, 180 MHz, 405 MHz, 0x0000000000000000, 13.18 W, 0 %, 245 MiB
2026/10/01 05:54:25.649, 180 MHz, 405 MHz, 0x0000000000000000, 13.87 W, 0 %, 245 MiB
2026/10/01 05:54:26.150, 180 MHz, 405 MHz, 0x0000000000000000, 13.83 W, 0 %, 245 MiB
2026/10/01 05:54:26.664, 180 MHz, 405 MHz, 0x0000000000000000, 13.83 W, 0 %, 245 MiB
2026/10/01 05:54:27.178, 180 MHz, 405 MHz, 0x0000000000000000, 11.50 W, 0 %, 245 MiB
2026/10/01 05:54:27.693, 180 MHz, 405 MHz, 0x0000000000000000, 11.50 W, 0 %, 245 MiB
2026/10/01 05:54:28.208, 180 MHz, 405 MHz, 0x0000000000000000, 11.21 W, 0 %, 245 MiB
2026/10/01 05:54:28.722, 180 MHz, 405 MHz, 0x0000000000000000, 11.21 W, 0 %, 245 MiB
2026/10/01 05:54:29.237, 180 MHz, 405 MHz, 0x0000000000000000, 11.16 W, 0 %, 245 MiB
2026/10/01 05:54:29.740, 180 MHz, 405 MHz, 0x0000000000000000, 11.16 W, 0 %, 245 MiB
2026/10/01 05:54:30.252, 180 MHz, 405 MHz, 0x0000000000000000, 11.07 W, 0 %, 245 MiB
2026/10/01 05:54:30.752, 180 MHz, 405 MHz, 0x0000000000000000, 11.07 W, 0 %, 245 MiB
2026/10/01 05:54:31.264, 180 MHz, 405 MHz, 0x0000000000000000, 11.21 W, 0 %, 245 MiB
2026/10/01 05:54:31.766, 180 MHz, 405 MHz, 0x0000000000000000, 11.21 W, 0 %, 245 MiB
2026/10/01 05:54:32.267, 180 MHz, 405 MHz, 0x0000000000000000, 11.15 W, 0 %, 245 MiB
2026/10/01 05:54:32.769, 180 MHz, 405 MHz, 0x0000000000000000, 11.15 W, 0 %, 245 MiB
2026/10/01 05:54:33.279, 180 MHz, 405 MHz, 0x0000000000000000, 10.95 W, 0 %, 245 MiB
2026/10/01 05:54:33.782, 180 MHz, 405 MHz, 0x0000000000000000, 10.95 W, 0 %, 245 MiB
2026/10/01 05:54:34.288, 180 MHz, 405 MHz, 0x0000000000000000, 11.29 W, 0 %, 245 MiB
2026/10/01 05:54:34.793, 180 MHz, 405 MHz, 0x0000000000000000, 11.29 W, 0 %, 245 MiB
2026/10/01 05:54:35.295, 180 MHz, 405 MHz, 0x0000000000000000, 11.20 W, 0 %, 245 MiB
2026/10/01 05:54:35.798, 180 MHz, 405 MHz, 0x0000000000000000, 11.20 W, 0 %, 245 MiB
2026/10/01 05:54:36.300, 180 MHz, 405 MHz, 0x0000000000000000, 10.96 W, 0 %, 245 MiB
2026/10/01 05:54:36.803, 180 MHz, 405 MHz, 0x0000000000000000, 10.96 W, 0 %, 245 MiB
2026/10/01 05:54:37.307, 180 MHz, 405 MHz, 0x0000000000000000, 11.03 W, 0 %, 245 MiB
2026/10/01 05:54:37.811, 180 MHz, 405 MHz, 0x0000000000000000, 11.03 W, 0 %, 245 MiB
2026/10/01 05:54:38.314, 180 MHz, 405 MHz, 0x0000000000000000, 10.92 W, 0 %, 245 MiB
2026/10/01 05:54:38.819, 180 MHz, 405 MHz, 0x0000000000000000, 10.92 W, 0 %, 245 MiB
2026/10/01 05:54:39.321, 180 MHz, 405 MHz, 0x0000000000000000, 10.94 W, 0 %, 245 MiB
2026/10/01 05:54:39.836, 180 MHz, 405 MHz, 0x0000000000000000, 10.94 W, 0 %, 245 MiB
2026/10/01 05:54:40.343, 180 MHz, 405 MHz, 0x0000000000000000, 11.00 W, 0 %, 245 MiB
2026/10/01 05:54:40.844, 180 MHz, 405 MHz, 0x0000000000000000, 11.00 W, 0 %, 250 MiB
2026/10/01 05:54:41.349, 210 MHz, 405 MHz, 0x0000000000000000, 11.91 W, 0 %, 245 MiB
2026/10/01 05:54:41.850, 180 MHz, 405 MHz, 0x0000000000000000, 12.12 W, 0 %, 245 MiB
2026/10/01 05:54:42.352, 180 MHz, 405 MHz, 0x0000000000000000, 12.62 W, 0 %, 245 MiB
2026/10/01 05:54:42.855, 180 MHz, 405 MHz, 0x0000000000000000, 12.59 W, 0 %, 245 MiB
2026/10/01 05:54:43.357, 180 MHz, 405 MHz, 0x0000000000000000, 12.59 W, 0 %, 245 MiB
2026/10/01 05:54:43.862, 172 MHz, 405 MHz, 0x0000000000000000, 11.06 W, 0 %, 245 MiB
2026/10/01 05:54:44.363, 180 MHz, 405 MHz, 0x0000000000000000, 11.88 W, 0 %, 245 MiB
2026/10/01 05:54:44.867, 180 MHz, 405 MHz, 0x0000000000000000, 12.03 W, 0 %, 245 MiB
2026/10/01 05:54:45.369, 180 MHz, 405 MHz, 0x0000000000000000, 12.03 W, 0 %, 245 MiB
2026/10/01 05:54:45.873, 180 MHz, 405 MHz, 0x0000000000000000, 11.04 W, 0 %, 245 MiB
2026/10/01 05:54:46.377, 180 MHz, 405 MHz, 0x0000000000000000, 11.04 W, 0 %, 245 MiB
2026/10/01 05:54:46.880, 180 MHz, 405 MHz, 0x0000000000000000, 10.73 W, 0 %, 245 MiB
2026/10/01 05:54:47.387, 180 MHz, 405 MHz, 0x0000000000000000, 10.73 W, 0 %, 245 MiB
2026/10/01 05:54:47.891, 180 MHz, 405 MHz, 0x0000000000000000, 10.70 W, 0 %, 245 MiB
2026/10/01 05:54:48.396, 180 MHz, 405 MHz, 0x0000000000000000, 10.70 W, 0 %, 245 MiB
2026/10/01 05:54:48.900, 180 MHz, 405 MHz, 0x0000000000000000, 10.73 W, 0 %, 245 MiB
2026/10/01 05:54:49.403, 180 MHz, 405 MHz, 0x0000000000000000, 10.73 W, 0 %, 245 MiB
2026/10/01 05:54:49.906, 180 MHz, 405 MHz, 0x0000000000000000, 10.84 W, 0 %, 245 MiB
2026/10/01 05:54:50.410, 180 MHz, 405 MHz, 0x0000000000000000, 10.84 W, 0 %, 245 MiB
2026/10/01 05:54:50.914, 180 MHz, 405 MHz, 0x0000000000000000, 10.67 W, 0 %, 245 MiB
2026/10/01 05:54:51.418, 180 MHz, 405 MHz, 0x0000000000000000, 10.67 W, 0 %, 245 MiB
2026/10/01 05:54:51.920, 180 MHz, 405 MHz, 0x0000000000000000, 10.72 W, 0 %, 245 MiB
2026/10/01 05:54:52.423, 180 MHz, 405 MHz, 0x0000000000000000, 10.72 W, 0 %, 245 MiB
2026/10/01 05:54:52.927, 180 MHz, 405 MHz, 0x0000000000000000, 10.76 W, 0 %, 245 MiB
2026/10/01 05:54:53.432, 180 MHz, 405 MHz, 0x0000000000000000, 10.76 W, 0 %, 245 MiB
2026/10/01 05:54:53.937, 180 MHz, 405 MHz, 0x0000000000000000, 10.80 W, 0 %, 245 MiB
2026/10/01 05:54:54.441, 180 MHz, 405 MHz, 0x0000000000000000, 10.80 W, 0 %, 245 MiB
2026/10/01 05:54:54.944, 180 MHz, 405 MHz, 0x0000000000000000, 10.75 W, 0 %, 245 MiB
2026/10/01 05:54:55.446, 180 MHz, 405 MHz, 0x0000000000000000, 10.75 W, 0 %, 245 MiB
2026/10/01 05:54:55.949, 180 MHz, 405 MHz, 0x0000000000000000, 10.82 W, 0 %, 245 MiB
2026/10/01 05:54:56.453, 180 MHz, 405 MHz, 0x0000000000000000, 10.82 W, 0 %, 245 MiB
2026/10/01 05:54:56.959, 180 MHz, 405 MHz, 0x0000000000000000, 10.78 W, 0 %, 245 MiB
2026/10/01 05:54:57.463, 180 MHz, 405 MHz, 0x0000000000000000, 10.78 W, 0 %, 245 MiB
2026/10/01 05:54:57.969, 180 MHz, 405 MHz, 0x0000000000000000, 10.80 W, 0 %, 245 MiB
2026/10/01 05:54:58.475, 180 MHz, 405 MHz, 0x0000000000000000, 10.80 W, 0 %, 245 MiB
2026/10/01 05:54:58.978, 180 MHz, 405 MHz, 0x0000000000000000, 10.84 W, 0 %, 245 MiB
2026/10/01 05:54:59.480, 180 MHz, 405 MHz, 0x0000000000000000, 10.84 W, 0 %, 245 MiB
2026/10/01 05:54:59.984, 180 MHz, 405 MHz, 0x0000000000000000, 10.73 W, 0 %, 245 MiB
2026/10/01 05:55:00.488, 180 MHz, 405 MHz, 0x0000000000000000, 10.73 W, 0 %, 245 MiB
2026/10/01 05:55:00.993, 180 MHz, 405 MHz, 0x0000000000000000, 10.71 W, 0 %, 245 MiB
2026/10/01 05:55:01.500, 180 MHz, 405 MHz, 0x0000000000000000, 10.71 W, 0 %, 245 MiB
2026/10/01 05:55:02.007, 180 MHz, 405 MHz, 0x0000000000000000, 10.74 W, 0 %, 250 MiB
2026/10/01 05:55:02.513, 210 MHz, 405 MHz, 0x0000000000000000, 11.21 W, 0 %, 250 MiB
2026/10/01 05:55:03.018, 180 MHz, 405 MHz, 0x0000000000000000, 12.05 W, 0 %, 245 MiB
2026/10/01 05:55:03.523, 180 MHz, 405 MHz, 0x0000000000000000, 12.34 W, 0 %, 245 MiB
2026/10/01 05:55:04.026, 180 MHz, 405 MHz, 0x0000000000000000, 12.23 W, 0 %, 245 MiB
2026/10/01 05:55:04.529, 172 MHz, 405 MHz, 0x0000000000000000, 12.21 W, 0 %, 245 MiB
2026/10/01 05:55:05.033, 180 MHz, 405 MHz, 0x0000000000000000, 12.24 W, 0 %, 245 MiB
2026/10/01 05:55:05.538, 180 MHz, 405 MHz, 0x0000000000000000, 12.24 W, 0 %, 245 MiB
2026/10/01 05:55:06.043, 180 MHz, 405 MHz, 0x0000000000000000, 10.62 W, 0 %, 245 MiB
2026/10/01 05:55:06.550, 180 MHz, 405 MHz, 0x0000000000000000, 10.62 W, 0 %, 245 MiB
2026/10/01 05:55:07.055, 180 MHz, 405 MHz, 0x0000000000000000, 10.64 W, 0 %, 245 MiB
2026/10/01 05:55:07.558, 180 MHz, 405 MHz, 0x0000000000000000, 10.64 W, 0 %, 245 MiB
2026/10/01 05:55:08.060, 180 MHz, 405 MHz, 0x0000000000000000, 10.77 W, 0 %, 245 MiB
2026/10/01 05:55:08.564, 180 MHz, 405 MHz, 0x0000000000000000, 10.77 W, 0 %, 245 MiB
2026/10/01 05:55:09.068, 180 MHz, 405 MHz, 0x0000000000000000, 10.67 W, 0 %, 245 MiB
2026/10/01 05:55:09.573, 180 MHz, 405 MHz, 0x0000000000000000, 10.67 W, 0 %, 245 MiB
2026/10/01 05:55:10.074, 180 MHz, 405 MHz, 0x0000000000000000, 10.57 W, 0 %, 245 MiB
2026/10/01 05:55:10.581, 180 MHz, 405 MHz, 0x0000000000000000, 10.57 W, 0 %, 245 MiB
2026/10/01 05:55:11.084, 180 MHz, 405 MHz, 0x0000000000000000, 10.72 W, 0 %, 245 MiB
2026/10/01 05:55:11.589, 180 MHz, 405 MHz, 0x0000000000000000, 10.72 W, 0 %, 245 MiB
2026/10/01 05:55:12.095, 180 MHz, 405 MHz, 0x0000000000000000, 10.75 W, 0 %, 245 MiB
2026/10/01 05:55:12.603, 180 MHz, 405 MHz, 0x0000000000000000, 10.75 W, 0 %, 245 MiB
2026/10/01 05:55:13.106, 180 MHz, 405 MHz, 0x0000000000000000, 10.68 W, 0 %, 245 MiB
2026/10/01 05:55:13.612, 180 MHz, 405 MHz, 0x0000000000000000, 10.68 W, 0 %, 245 MiB
2026/10/01 05:55:14.115, 180 MHz, 405 MHz, 0x0000000000000000, 10.72 W, 0 %, 245 MiB
2026/10/01 05:55:14.623, 180 MHz, 405 MHz, 0x0000000000000000, 10.72 W, 0 %, 245 MiB
2026/10/01 05:55:15.127, 180 MHz, 405 MHz, 0x0000000000000000, 10.77 W, 0 %, 245 MiB
2026/10/01 05:55:15.632, 180 MHz, 405 MHz, 0x0000000000000000, 10.77 W, 0 %, 245 MiB
2026/10/01 05:55:16.136, 180 MHz, 405 MHz, 0x0000000000000000, 10.72 W, 0 %, 245 MiB
2026/10/01 05:55:16.650, 180 MHz, 405 MHz, 0x0000000000000000, 10.72 W, 0 %, 245 MiB
2026/10/01 05:55:17.155, 180 MHz, 405 MHz, 0x0000000000000000, 10.60 W, 0 %, 245 MiB
2026/10/01 05:55:17.660, 180 MHz, 405 MHz, 0x0000000000000000, 10.60 W, 0 %, 245 MiB
2026/10/01 05:55:18.166, 180 MHz, 405 MHz, 0x0000000000000000, 10.72 W, 0 %, 245 MiB
2026/10/01 05:55:18.672, 180 MHz, 405 MHz, 0x0000000000000000, 10.72 W, 0 %, 245 MiB
2026/10/01 05:55:19.175, 180 MHz, 405 MHz, 0x0000000000000000, 10.61 W, 0 %, 245 MiB
2026/10/01 05:55:19.681, 180 MHz, 405 MHz, 0x0000000000000000, 10.61 W, 0 %, 245 MiB
2026/10/01 05:55:20.182, 180 MHz, 405 MHz, 0x0000000000000000, 10.64 W, 0 %, 245 MiB
2026/10/01 05:55:20.688, 180 MHz, 405 MHz, 0x0000000000000000, 10.64 W, 0 %, 245 MiB
2026/10/01 05:55:21.192, 180 MHz, 405 MHz, 0x0000000000000000, 10.63 W, 0 %, 245 MiB
2026/10/01 05:55:21.698, 180 MHz, 405 MHz, 0x0000000000000000, 10.63 W, 0 %, 245 MiB
2026/10/01 05:55:22.203, 180 MHz, 405 MHz, 0x0000000000000000, 10.56 W, 0 %, 245 MiB
2026/10/01 05:55:22.710, 180 MHz, 405 MHz, 0x0000000000000000, 10.56 W, 0 %, 245 MiB
2026/10/01 05:55:23.213, 180 MHz, 405 MHz, 0x0000000000000000, 10.52 W, 0 %, 245 MiB
2026/10/01 05:55:23.716, 180 MHz, 405 MHz, 0x0000000000000000, 10.52 W, 0 %, 250 MiB
2026/10/01 05:55:24.222, 180 MHz, 405 MHz, 0x0000000000000000, 11.13 W, 0 %, 250 MiB
2026/10/01 05:55:24.727, 180 MHz, 405 MHz, 0x0000000000000000, 11.36 W, 0 %, 245 MiB
2026/10/01 05:55:25.229, 180 MHz, 405 MHz, 0x0000000000000000, 11.89 W, 0 %, 245 MiB
2026/10/01 05:55:25.732, 172 MHz, 405 MHz, 0x0000000000000000, 11.83 W, 0 %, 245 MiB
2026/10/01 05:55:26.237, 180 MHz, 405 MHz, 0x0000000000000000, 11.82 W, 0 %, 245 MiB
2026/10/01 05:55:26.741, 180 MHz, 405 MHz, 0x0000000000000000, 11.82 W, 0 %, 245 MiB
2026/10/01 05:55:27.247, 180 MHz, 405 MHz, 0x0000000000000000, 10.63 W, 0 %, 245 MiB
2026/10/01 05:55:27.751, 180 MHz, 405 MHz, 0x0000000000000000, 10.63 W, 0 %, 245 MiB
2026/10/01 05:55:28.256, 180 MHz, 405 MHz, 0x0000000000000000, 10.61 W, 0 %, 245 MiB
2026/10/01 05:55:28.761, 180 MHz, 405 MHz, 0x0000000000000000, 10.61 W, 0 %, 245 MiB
2026/10/01 05:55:29.266, 180 MHz, 405 MHz, 0x0000000000000000, 10.54 W, 0 %, 245 MiB
2026/10/01 05:55:29.774, 180 MHz, 405 MHz, 0x0000000000000000, 10.54 W, 0 %, 245 MiB
2026/10/01 05:55:30.278, 180 MHz, 405 MHz, 0x0000000000000000, 10.64 W, 0 %, 245 MiB
2026/10/01 05:55:30.781, 180 MHz, 405 MHz, 0x0000000000000000, 10.64 W, 0 %, 245 MiB
2026/10/01 05:55:31.284, 180 MHz, 405 MHz, 0x0000000000000000, 10.64 W, 0 %, 245 MiB
2026/10/01 05:55:31.789, 180 MHz, 405 MHz, 0x0000000000000000, 10.64 W, 0 %, 245 MiB
2026/10/01 05:55:32.293, 180 MHz, 405 MHz, 0x0000000000000000, 10.70 W, 0 %, 245 MiB
2026/10/01 05:55:32.795, 180 MHz, 405 MHz, 0x0000000000000000, 10.70 W, 0 %, 245 MiB
2026/10/01 05:55:33.300, 180 MHz, 405 MHz, 0x0000000000000000, 10.67 W, 0 %, 245 MiB
2026/10/01 05:55:33.804, 180 MHz, 405 MHz, 0x0000000000000000, 10.67 W, 0 %, 245 MiB
2026/10/01 05:55:34.309, 180 MHz, 405 MHz, 0x0000000000000000, 10.61 W, 0 %, 245 MiB
2026/10/01 05:55:34.814, 180 MHz, 405 MHz, 0x0000000000000000, 10.61 W, 0 %, 245 MiB
2026/10/01 05:55:35.318, 180 MHz, 405 MHz, 0x0000000000000000, 10.55 W, 0 %, 245 MiB
2026/10/01 05:55:35.822, 180 MHz, 405 MHz, 0x0000000000000000, 10.55 W, 0 %, 245 MiB
2026/10/01 05:55:36.327, 180 MHz, 405 MHz, 0x0000000000000000, 10.57 W, 0 %, 245 MiB
2026/10/01 05:55:36.842, 180 MHz, 405 MHz, 0x0000000000000000, 10.57 W, 0 %, 245 MiB
2026/10/01 05:55:37.344, 180 MHz, 405 MHz, 0x0000000000000000, 10.51 W, 0 %, 245 MiB
2026/10/01 05:55:37.848, 180 MHz, 405 MHz, 0x0000000000000000, 10.51 W, 0 %, 245 MiB
2026/10/01 05:55:38.350, 180 MHz, 405 MHz, 0x0000000000000000, 10.41 W, 0 %, 245 MiB
2026/10/01 05:55:38.856, 180 MHz, 405 MHz, 0x0000000000000000, 10.41 W, 0 %, 245 MiB
2026/10/01 05:55:39.357, 180 MHz, 405 MHz, 0x0000000000000000, 10.65 W, 0 %, 245 MiB
2026/10/01 05:55:39.862, 180 MHz, 405 MHz, 0x0000000000000000, 10.65 W, 0 %, 245 MiB
2026/10/01 05:55:40.365, 180 MHz, 405 MHz, 0x0000000000000000, 10.51 W, 0 %, 245 MiB
2026/10/01 05:55:40.868, 180 MHz, 405 MHz, 0x0000000000000000, 10.51 W, 0 %, 245 MiB
2026/10/01 05:55:41.375, 180 MHz, 405 MHz, 0x0000000000000000, 10.56 W, 0 %, 245 MiB
2026/10/01 05:55:41.878, 180 MHz, 405 MHz, 0x0000000000000000, 10.56 W, 0 %, 245 MiB
2026/10/01 05:55:42.383, 180 MHz, 405 MHz, 0x0000000000000000, 10.58 W, 0 %, 245 MiB
2026/10/01 05:55:42.888, 180 MHz, 405 MHz, 0x0000000000000000, 10.46 W, 0 %, 245 MiB
2026/10/01 05:55:43.390, 180 MHz, 405 MHz, 0x0000000000000000, 10.46 W, 0 %, 245 MiB
2026/10/01 05:55:43.893, 180 MHz, 405 MHz, 0x0000000000000000, 10.59 W, 0 %, 245 MiB
2026/10/01 05:55:44.400, 180 MHz, 405 MHz, 0x0000000000000000, 10.59 W, 0 %, 245 MiB
2026/10/01 05:55:44.901, 180 MHz, 405 MHz, 0x0000000000000000, 10.75 W, 0 %, 245 MiB
2026/10/01 05:55:45.404, 195 MHz, 405 MHz, 0x0000000000000000, 10.90 W, 0 %, 248 MiB
2026/10/01 05:55:45.910, 180 MHz, 405 MHz, 0x0000000000000000, 11.48 W, 0 %, 248 MiB
2026/10/01 05:55:46.413, 180 MHz, 405 MHz, 0x0000000000000000, 11.97 W, 0 %, 245 MiB
2026/10/01 05:55:46.914, 180 MHz, 405 MHz, 0x0000000000000000, 11.95 W, 0 %, 245 MiB
2026/10/01 05:55:47.414, 180 MHz, 405 MHz, 0x0000000000000000, 11.95 W, 0 %, 245 MiB
2026/10/01 05:55:47.917, 180 MHz, 405 MHz, 0x0000000000000000, 11.95 W, 0 %, 245 MiB
2026/10/01 05:55:48.432, 180 MHz, 405 MHz, 0x0000000000000000, 10.64 W, 0 %, 245 MiB
2026/10/01 05:55:48.934, 180 MHz, 405 MHz, 0x0000000000000000, 10.64 W, 0 %, 245 MiB
2026/10/01 05:55:49.437, 180 MHz, 405 MHz, 0x0000000000000000, 10.54 W, 0 %, 245 MiB
2026/10/01 05:55:49.940, 180 MHz, 405 MHz, 0x0000000000000000, 10.54 W, 0 %, 245 MiB
2026/10/01 05:55:50.442, 180 MHz, 405 MHz, 0x0000000000000000, 10.50 W, 0 %, 245 MiB
2026/10/01 05:55:50.944, 180 MHz, 405 MHz, 0x0000000000000000, 10.50 W, 0 %, 245 MiB
2026/10/01 05:55:51.446, 180 MHz, 405 MHz, 0x0000000000000000, 10.61 W, 0 %, 245 MiB
2026/10/01 05:55:51.950, 180 MHz, 405 MHz, 0x0000000000000000, 10.61 W, 0 %, 245 MiB
2026/10/01 05:55:52.453, 180 MHz, 405 MHz, 0x0000000000000000, 10.47 W, 0 %, 245 MiB
2026/10/01 05:55:52.956, 180 MHz, 405 MHz, 0x0000000000000000, 10.47 W, 0 %, 245 MiB
2026/10/01 05:55:53.459, 180 MHz, 405 MHz, 0x0000000000000000, 10.48 W, 0 %, 245 MiB
2026/10/01 05:55:53.963, 180 MHz, 405 MHz, 0x0000000000000000, 10.48 W, 0 %, 245 MiB
2026/10/01 05:55:54.465, 180 MHz, 405 MHz, 0x0000000000000000, 10.51 W, 0 %, 245 MiB
2026/10/01 05:55:54.967, 180 MHz, 405 MHz, 0x0000000000000000, 10.51 W, 0 %, 245 MiB
2026/10/01 05:55:55.473, 180 MHz, 405 MHz, 0x0000000000000000, 10.55 W, 0 %, 245 MiB
2026/10/01 05:55:55.977, 180 MHz, 405 MHz, 0x0000000000000000, 10.55 W, 0 %, 245 MiB
2026/10/01 05:55:56.480, 180 MHz, 405 MHz, 0x0000000000000000, 10.52 W, 0 %, 245 MiB
2026/10/01 05:55:56.984, 180 MHz, 405 MHz, 0x0000000000000000, 10.52 W, 0 %, 245 MiB
2026/10/01 05:55:57.492, 180 MHz, 405 MHz, 0x0000000000000000, 10.66 W, 0 %, 245 MiB
2026/10/01 05:55:57.997, 180 MHz, 405 MHz, 0x0000000000000000, 10.66 W, 0 %, 245 MiB
2026/10/01 05:55:58.501, 180 MHz, 405 MHz, 0x0000000000000000, 10.54 W, 0 %, 245 MiB
2026/10/01 05:55:59.006, 180 MHz, 405 MHz, 0x0000000000000000, 10.54 W, 0 %, 245 MiB
2026/10/01 05:55:59.511, 180 MHz, 405 MHz, 0x0000000000000000, 10.43 W, 0 %, 245 MiB
2026/10/01 05:56:00.012, 180 MHz, 405 MHz, 0x0000000000000000, 10.43 W, 0 %, 245 MiB
2026/10/01 05:56:00.517, 180 MHz, 405 MHz, 0x0000000000000000, 10.66 W, 0 %, 245 MiB
2026/10/01 05:56:01.022, 180 MHz, 405 MHz, 0x0000000000000000, 10.66 W, 0 %, 245 MiB
2026/10/01 05:56:01.527, 180 MHz, 405 MHz, 0x0000000000000000, 10.59 W, 0 %, 245 MiB
2026/10/01 05:56:02.031, 180 MHz, 405 MHz, 0x0000000000000000, 10.59 W, 0 %, 245 MiB
2026/10/01 05:56:02.537, 180 MHz, 405 MHz, 0x0000000000000000, 10.47 W, 0 %, 245 MiB
2026/10/01 05:56:03.043, 180 MHz, 405 MHz, 0x0000000000000000, 10.47 W, 0 %, 245 MiB
2026/10/01 05:56:03.546, 180 MHz, 405 MHz, 0x0000000000000000, 10.46 W, 0 %, 245 MiB
2026/10/01 05:56:04.051, 180 MHz, 405 MHz, 0x0000000000000000, 10.46 W, 0 %, 245 MiB
2026/10/01 05:56:04.554, 180 MHz, 405 MHz, 0x0000000000000000, 10.48 W, 0 %, 245 MiB
2026/10/01 05:56:05.058, 180 MHz, 405 MHz, 0x0000000000000000, 10.48 W, 0 %, 245 MiB
2026/10/01 05:56:05.564, 180 MHz, 405 MHz, 0x0000000000000000, 10.56 W, 0 %, 245 MiB
2026/10/01 05:56:06.067, 180 MHz, 405 MHz, 0x0000000000000000, 10.56 W, 0 %, 245 MiB
2026/10/01 05:56:06.571, 180 MHz, 405 MHz, 0x0000000000000000, 10.54 W, 0 %, 245 MiB
2026/10/01 05:56:07.073, 195 MHz, 405 MHz, 0x0000000000000000, 10.64 W, 1 %, 250 MiB
2026/10/01 05:56:07.577, 180 MHz, 405 MHz, 0x0000000000000000, 11.11 W, 0 %, 250 MiB
2026/10/01 05:56:08.081, 180 MHz, 405 MHz, 0x0000000000000000, 11.65 W, 0 %, 245 MiB
2026/10/01 05:56:08.587, 180 MHz, 405 MHz, 0x0000000000000000, 11.49 W, 0 %, 245 MiB
2026/10/01 05:56:09.089, 180 MHz, 405 MHz, 0x0000000000000000, 11.55 W, 0 %, 245 MiB
2026/10/01 05:56:09.593, 180 MHz, 405 MHz, 0x0000000000000000, 11.55 W, 0 %, 245 MiB
2026/10/01 05:56:10.096, 180 MHz, 405 MHz, 0x0000000000000000, 10.37 W, 0 %, 245 MiB
2026/10/01 05:56:10.598, 180 MHz, 405 MHz, 0x0000000000000000, 10.37 W, 0 %, 245 MiB
2026/10/01 05:56:11.100, 180 MHz, 405 MHz, 0x0000000000000000, 10.28 W, 0 %, 245 MiB
2026/10/01 05:56:11.603, 180 MHz, 405 MHz, 0x0000000000000000, 10.28 W, 0 %, 245 MiB
2026/10/01 05:56:12.108, 180 MHz, 405 MHz, 0x0000000000000000, 10.17 W, 0 %, 245 MiB
2026/10/01 05:56:12.611, 180 MHz, 405 MHz, 0x0000000000000000, 10.17 W, 0 %, 245 MiB
2026/10/01 05:56:13.117, 180 MHz, 405 MHz, 0x0000000000000000, 10.15 W, 0 %, 245 MiB
2026/10/01 05:56:13.619, 180 MHz, 405 MHz, 0x0000000000000000, 10.15 W, 0 %, 245 MiB
2026/10/01 05:56:14.121, 180 MHz, 405 MHz, 0x0000000000000000, 10.12 W, 0 %, 245 MiB
2026/10/01 05:56:14.626, 180 MHz, 405 MHz, 0x0000000000000000, 10.12 W, 0 %, 245 MiB
2026/10/01 05:56:15.141, 180 MHz, 405 MHz, 0x0000000000000000, 10.16 W, 0 %, 245 MiB
2026/10/01 05:56:15.645, 180 MHz, 405 MHz, 0x0000000000000000, 10.16 W, 0 %, 245 MiB
2026/10/01 05:56:16.149, 180 MHz, 405 MHz, 0x0000000000000000, 10.23 W, 0 %, 245 MiB
2026/10/01 05:56:16.654, 180 MHz, 405 MHz, 0x0000000000000000, 10.23 W, 0 %, 245 MiB
2026/10/01 05:56:17.160, 180 MHz, 405 MHz, 0x0000000000000000, 10.22 W, 0 %, 245 MiB
2026/10/01 05:56:17.665, 180 MHz, 405 MHz, 0x0000000000000000, 10.22 W, 0 %, 245 MiB
2026/10/01 05:56:18.168, 180 MHz, 405 MHz, 0x0000000000000000, 10.22 W, 0 %, 245 MiB
2026/10/01 05:56:18.670, 180 MHz, 405 MHz, 0x0000000000000000, 10.22 W, 0 %, 245 MiB
2026/10/01 05:56:19.173, 180 MHz, 405 MHz, 0x0000000000000000, 10.27 W, 0 %, 245 MiB
2026/10/01 05:56:19.674, 180 MHz, 405 MHz, 0x0000000000000000, 10.27 W, 0 %, 245 MiB
2026/10/01 05:56:20.176, 180 MHz, 405 MHz, 0x0000000000000000, 10.04 W, 0 %, 245 MiB
2026/10/01 05:56:20.679, 180 MHz, 405 MHz, 0x0000000000000000, 10.04 W, 0 %, 245 MiB
2026/10/01 05:56:21.184, 180 MHz, 405 MHz, 0x0000000000000000, 10.05 W, 0 %, 245 MiB
2026/10/01 05:56:21.687, 180 MHz, 405 MHz, 0x0000000000000000, 10.05 W, 0 %, 245 MiB
2026/10/01 05:56:22.191, 180 MHz, 405 MHz, 0x0000000000000000, 10.02 W, 0 %, 245 MiB
2026/10/01 05:56:22.696, 180 MHz, 405 MHz, 0x0000000000000000, 10.02 W, 0 %, 245 MiB
2026/10/01 05:56:23.201, 180 MHz, 405 MHz, 0x0000000000000000, 9.84 W, 0 %, 245 MiB
2026/10/01 05:56:23.702, 180 MHz, 405 MHz, 0x0000000000000000, 9.84 W, 0 %, 245 MiB
2026/10/01 05:56:24.210, 180 MHz, 405 MHz, 0x0000000000000000, 9.91 W, 0 %, 245 MiB
2026/10/01 05:56:24.714, 180 MHz, 405 MHz, 0x0000000000000000, 9.91 W, 0 %, 245 MiB
2026/10/01 05:56:25.218, 180 MHz, 405 MHz, 0x0000000000000000, 9.94 W, 0 %, 245 MiB
2026/10/01 05:56:25.723, 180 MHz, 405 MHz, 0x0000000000000000, 9.94 W, 0 %, 245 MiB
2026/10/01 05:56:26.228, 180 MHz, 405 MHz, 0x0000000000000000, 9.99 W, 0 %, 245 MiB
2026/10/01 05:56:26.730, 180 MHz, 405 MHz, 0x0000000000000000, 9.99 W, 0 %, 245 MiB
2026/10/01 05:56:27.235, 180 MHz, 405 MHz, 0x0000000000000000, 9.97 W, 0 %, 245 MiB
2026/10/01 05:56:27.736, 180 MHz, 405 MHz, 0x0000000000000000, 9.97 W, 0 %, 245 MiB
2026/10/01 05:56:28.241, 180 MHz, 405 MHz, 0x0000000000000000, 9.97 W, 0 %, 245 MiB
2026/10/01 05:56:28.747, 180 MHz, 405 MHz, 0x0000000000000000, 9.97 W, 0 %, 250 MiB
2026/10/01 05:56:29.253, 172 MHz, 405 MHz, 0x0000000000000000, 10.67 W, 0 %, 250 MiB
2026/10/01 05:56:29.768, 180 MHz, 405 MHz, 0x0000000000000000, 10.75 W, 0 %, 245 MiB
2026/10/01 05:56:30.271, 180 MHz, 405 MHz, 0x0000000000000000, 11.01 W, 0 %, 245 MiB
2026/10/01 05:56:30.776, 180 MHz, 405 MHz, 0x0000000000000000, 11.13 W, 0 %, 245 MiB
2026/10/01 05:56:31.281, 180 MHz, 405 MHz, 0x0000000000000000, 11.13 W, 0 %, 245 MiB
2026/10/01 05:56:31.786, 180 MHz, 405 MHz, 0x0000000000000000, 10.17 W, 0 %, 245 MiB
2026/10/01 05:56:32.288, 180 MHz, 405 MHz, 0x0000000000000000, 10.17 W, 0 %, 245 MiB
2026/10/01 05:56:32.794, 180 MHz, 405 MHz, 0x0000000000000000, 10.07 W, 0 %, 245 MiB
2026/10/01 05:56:33.298, 180 MHz, 405 MHz, 0x0000000000000000, 10.07 W, 0 %, 245 MiB
2026/10/01 05:56:33.804, 180 MHz, 405 MHz, 0x0000000000000000, 9.95 W, 0 %, 245 MiB
2026/10/01 05:56:34.310, 180 MHz, 405 MHz, 0x0000000000000000, 9.95 W, 0 %, 245 MiB
2026/10/01 05:56:34.813, 180 MHz, 405 MHz, 0x0000000000000000, 10.13 W, 0 %, 245 MiB
2026/10/01 05:56:35.317, 180 MHz, 405 MHz, 0x0000000000000000, 10.13 W, 0 %, 245 MiB
2026/10/01 05:56:35.824, 180 MHz, 405 MHz, 0x0000000000000000, 10.13 W, 0 %, 245 MiB
2026/10/01 05:56:36.328, 180 MHz, 405 MHz, 0x0000000000000000, 10.13 W, 0 %, 245 MiB
2026/10/01 05:56:36.831, 180 MHz, 405 MHz, 0x0000000000000000, 10.00 W, 0 %, 245 MiB
2026/10/01 05:56:37.334, 180 MHz, 405 MHz, 0x0000000000000000, 10.00 W, 0 %, 245 MiB
2026/10/01 05:56:37.841, 180 MHz, 405 MHz, 0x0000000000000000, 10.09 W, 0 %, 245 MiB
2026/10/01 05:56:38.345, 180 MHz, 405 MHz, 0x0000000000000000, 10.09 W, 0 %, 245 MiB
2026/10/01 05:56:38.854, 180 MHz, 405 MHz, 0x0000000000000000, 10.14 W, 0 %, 245 MiB
2026/10/01 05:56:39.356, 180 MHz, 405 MHz, 0x0000000000000000, 10.14 W, 0 %, 245 MiB
2026/10/01 05:56:39.859, 180 MHz, 405 MHz, 0x0000000000000000, 10.09 W, 0 %, 245 MiB
2026/10/01 05:56:40.365, 180 MHz, 405 MHz, 0x0000000000000000, 10.09 W, 0 %, 245 MiB
2026/10/01 05:56:40.869, 180 MHz, 405 MHz, 0x0000000000000000, 10.10 W, 0 %, 245 MiB
2026/10/01 05:56:41.373, 180 MHz, 405 MHz, 0x0000000000000000, 10.10 W, 0 %, 245 MiB
2026/10/01 05:56:41.877, 180 MHz, 405 MHz, 0x0000000000000000, 10.03 W, 0 %, 245 MiB
2026/10/01 05:56:42.382, 180 MHz, 405 MHz, 0x0000000000000000, 10.03 W, 0 %, 245 MiB
2026/10/01 05:56:42.883, 180 MHz, 405 MHz, 0x0000000000000000, 10.03 W, 0 %, 245 MiB
2026/10/01 05:56:43.387, 180 MHz, 405 MHz, 0x0000000000000000, 10.03 W, 0 %, 245 MiB
2026/10/01 05:56:43.890, 180 MHz, 405 MHz, 0x0000000000000000, 10.06 W, 0 %, 245 MiB
2026/10/01 05:56:44.394, 180 MHz, 405 MHz, 0x0000000000000000, 10.06 W, 0 %, 245 MiB
2026/10/01 05:56:44.897, 180 MHz, 405 MHz, 0x0000000000000000, 10.17 W, 0 %, 245 MiB
2026/10/01 05:56:45.401, 180 MHz, 405 MHz, 0x0000000000000000, 10.17 W, 0 %, 245 MiB
2026/10/01 05:56:45.905, 180 MHz, 405 MHz, 0x0000000000000000, 10.11 W, 0 %, 245 MiB
2026/10/01 05:56:46.409, 180 MHz, 405 MHz, 0x0000000000000000, 10.04 W, 0 %, 245 MiB
2026/10/01 05:56:46.913, 180 MHz, 405 MHz, 0x0000000000000000, 10.04 W, 0 %, 245 MiB
2026/10/01 05:56:47.417, 180 MHz, 405 MHz, 0x0000000000000000, 10.10 W, 0 %, 245 MiB
2026/10/01 05:56:47.923, 180 MHz, 405 MHz, 0x0000000000000000, 10.10 W, 0 %, 245 MiB
2026/10/01 05:56:48.425, 180 MHz, 405 MHz, 0x0000000000000000, 10.13 W, 0 %, 245 MiB
2026/10/01 05:56:48.928, 180 MHz, 405 MHz, 0x0000000000000000, 10.13 W, 0 %, 245 MiB
2026/10/01 05:56:49.431, 180 MHz, 405 MHz, 0x0000000000000000, 10.11 W, 0 %, 245 MiB
2026/10/01 05:56:49.935, 180 MHz, 405 MHz, 0x0000000000000000, 10.11 W, 0 %, 245 MiB
2026/10/01 05:56:50.440, 180 MHz, 405 MHz, 0x0000000000000000, 10.45 W, 0 %, 250 MiB
2026/10/01 05:56:50.943, 180 MHz, 405 MHz, 0x0000000000000000, 10.97 W, 0 %, 250 MiB
2026/10/01 05:56:51.445, 180 MHz, 405 MHz, 0x0000000000000000, 11.05 W, 0 %, 245 MiB
2026/10/01 05:56:51.949, 180 MHz, 405 MHz, 0x0000000000000000, 10.97 W, 0 %, 245 MiB
2026/10/01 05:56:52.453, 180 MHz, 405 MHz, 0x0000000000000000, 10.94 W, 0 %, 245 MiB
2026/10/01 05:56:52.955, 180 MHz, 405 MHz, 0x0000000000000000, 10.94 W, 0 %, 245 MiB
2026/10/01 05:56:53.459, 180 MHz, 405 MHz, 0x0000000000000000, 9.97 W, 0 %, 245 MiB
2026/10/01 05:56:53.963, 180 MHz, 405 MHz, 0x0000000000000000, 9.97 W, 0 %, 245 MiB
2026/10/01 05:56:54.468, 180 MHz, 405 MHz, 0x0000000000000000, 9.80 W, 0 %, 245 MiB
2026/10/01 05:56:54.982, 180 MHz, 405 MHz, 0x0000000000000000, 9.80 W, 0 %, 245 MiB
2026/10/01 05:56:55.482, 180 MHz, 405 MHz, 0x0000000000000000, 9.74 W, 0 %, 245 MiB
2026/10/01 05:56:55.997, 180 MHz, 405 MHz, 0x0000000000000000, 9.74 W, 0 %, 245 MiB
2026/10/01 05:56:56.502, 180 MHz, 405 MHz, 0x0000000000000000, 9.86 W, 0 %, 245 MiB
2026/10/01 05:56:57.004, 180 MHz, 405 MHz, 0x0000000000000000, 9.86 W, 0 %, 245 MiB
2026/10/01 05:56:57.505, 180 MHz, 405 MHz, 0x0000000000000000, 10.02 W, 0 %, 245 MiB
2026/10/01 05:56:58.007, 180 MHz, 405 MHz, 0x0000000000000000, 10.02 W, 0 %, 245 MiB
2026/10/01 05:56:58.522, 180 MHz, 405 MHz, 0x0000000000000000, 9.86 W, 0 %, 245 MiB
2026/10/01 05:56:59.025, 180 MHz, 405 MHz, 0x0000000000000000, 9.86 W, 0 %, 245 MiB
2026/10/01 05:56:59.529, 180 MHz, 405 MHz, 0x0000000000000000, 10.10 W, 0 %, 245 MiB
2026/10/01 05:57:00.034, 180 MHz, 405 MHz, 0x0000000000000000, 10.10 W, 0 %, 245 MiB
2026/10/01 05:57:00.538, 180 MHz, 405 MHz, 0x0000000000000000, 10.05 W, 0 %, 245 MiB
2026/10/01 05:57:01.053, 180 MHz, 405 MHz, 0x0000000000000000, 10.05 W, 0 %, 245 MiB
2026/10/01 05:57:01.557, 180 MHz, 405 MHz, 0x0000000000000000, 9.90 W, 0 %, 245 MiB
2026/10/01 05:57:02.060, 180 MHz, 405 MHz, 0x0000000000000000, 9.90 W, 0 %, 245 MiB
2026/10/01 05:57:02.566, 180 MHz, 405 MHz, 0x0000000000000000, 10.08 W, 0 %, 245 MiB
2026/10/01 05:57:03.072, 180 MHz, 405 MHz, 0x0000000000000000, 10.08 W, 0 %, 245 MiB
2026/10/01 05:57:03.577, 180 MHz, 405 MHz, 0x0000000000000000, 10.05 W, 0 %, 245 MiB
2026/10/01 05:57:04.082, 180 MHz, 405 MHz, 0x0000000000000000, 10.05 W, 0 %, 245 MiB
2026/10/01 05:57:04.589, 180 MHz, 405 MHz, 0x0000000000000000, 9.99 W, 0 %, 245 MiB
2026/10/01 05:57:05.093, 180 MHz, 405 MHz, 0x0000000000000000, 9.99 W, 0 %, 245 MiB
2026/10/01 05:57:05.596, 180 MHz, 405 MHz, 0x0000000000000000, 9.99 W, 0 %, 245 MiB
2026/10/01 05:57:06.096, 180 MHz, 405 MHz, 0x0000000000000000, 9.99 W, 0 %, 245 MiB
2026/10/01 05:57:06.599, 180 MHz, 405 MHz, 0x0000000000000000, 10.06 W, 0 %, 245 MiB
2026/10/01 05:57:07.105, 180 MHz, 405 MHz, 0x0000000000000000, 10.06 W, 0 %, 245 MiB
2026/10/01 05:57:07.608, 180 MHz, 405 MHz, 0x0000000000000000, 10.07 W, 0 %, 245 MiB
2026/10/01 05:57:08.113, 180 MHz, 405 MHz, 0x0000000000000000, 10.07 W, 0 %, 245 MiB
2026/10/01 05:57:08.618, 180 MHz, 405 MHz, 0x0000000000000000, 10.01 W, 0 %, 245 MiB
2026/10/01 05:57:09.125, 180 MHz, 405 MHz, 0x0000000000000000, 10.01 W, 0 %, 245 MiB
2026/10/01 05:57:09.629, 180 MHz, 405 MHz, 0x0000000000000000, 9.81 W, 0 %, 245 MiB
2026/10/01 05:57:10.134, 180 MHz, 405 MHz, 0x0000000000000000, 9.81 W, 0 %, 245 MiB
2026/10/01 05:57:10.637, 180 MHz, 405 MHz, 0x0000000000000000, 9.88 W, 0 %, 245 MiB
2026/10/01 05:57:11.142, 180 MHz, 405 MHz, 0x0000000000000000, 9.88 W, 0 %, 245 MiB
2026/10/01 05:57:11.649, 180 MHz, 405 MHz, 0x0000000000000000, 9.99 W, 0 %, 250 MiB
2026/10/01 05:57:12.156, 180 MHz, 405 MHz, 0x0000000000000000, 10.23 W, 0 %, 250 MiB
2026/10/01 05:57:12.658, 180 MHz, 405 MHz, 0x0000000000000000, 10.68 W, 0 %, 245 MiB
2026/10/01 05:57:13.162, 180 MHz, 405 MHz, 0x0000000000000000, 10.82 W, 0 %, 245 MiB
2026/10/01 05:57:13.671, 180 MHz, 405 MHz, 0x0000000000000000, 10.82 W, 0 %, 245 MiB
2026/10/01 05:57:14.176, 180 MHz, 405 MHz, 0x0000000000000000, 10.82 W, 0 %, 245 MiB
2026/10/01 05:57:14.682, 180 MHz, 405 MHz, 0x0000000000000000, 10.82 W, 0 %, 245 MiB
2026/10/01 05:57:15.184, 180 MHz, 405 MHz, 0x0000000000000000, 9.98 W, 0 %, 245 MiB
2026/10/01 05:57:15.689, 180 MHz, 405 MHz, 0x0000000000000000, 9.98 W, 0 %, 245 MiB
2026/10/01 05:57:16.193, 180 MHz, 405 MHz, 0x0000000000000000, 9.94 W, 0 %, 245 MiB
2026/10/01 05:57:16.700, 180 MHz, 405 MHz, 0x0000000000000000, 9.94 W, 0 %, 245 MiB
2026/10/01 05:57:17.206, 180 MHz, 405 MHz, 0x0000000000000000, 9.97 W, 0 %, 245 MiB
2026/10/01 05:57:17.712, 180 MHz, 405 MHz, 0x0000000000000000, 9.97 W, 0 %, 245 MiB
2026/10/01 05:57:18.217, 180 MHz, 405 MHz, 0x0000000000000000, 9.93 W, 0 %, 245 MiB
2026/10/01 05:57:18.721, 180 MHz, 405 MHz, 0x0000000000000000, 9.93 W, 0 %, 245 MiB
2026/10/01 05:57:19.227, 180 MHz, 405 MHz, 0x0000000000000000, 9.84 W, 0 %, 245 MiB
2026/10/01 05:57:19.732, 180 MHz, 405 MHz, 0x0000000000000000, 9.84 W, 0 %, 245 MiB
2026/10/01 05:57:20.236, 180 MHz, 405 MHz, 0x0000000000000000, 9.78 W, 0 %, 245 MiB
2026/10/01 05:57:20.740, 180 MHz, 405 MHz, 0x0000000000000000, 9.78 W, 0 %, 245 MiB
2026/10/01 05:57:21.245, 180 MHz, 405 MHz, 0x0000000000000000, 9.90 W, 0 %, 245 MiB
2026/10/01 05:57:21.751, 180 MHz, 405 MHz, 0x0000000000000000, 9.90 W, 0 %, 245 MiB
2026/10/01 05:57:22.257, 180 MHz, 405 MHz, 0x0000000000000000, 9.91 W, 0 %, 245 MiB
2026/10/01 05:57:22.763, 180 MHz, 405 MHz, 0x0000000000000000, 9.91 W, 0 %, 245 MiB
2026/10/01 05:57:23.269, 180 MHz, 405 MHz, 0x0000000000000000, 9.74 W, 0 %, 245 MiB
2026/10/01 05:57:23.774, 180 MHz, 405 MHz, 0x0000000000000000, 9.74 W, 0 %, 245 MiB
2026/10/01 05:57:24.277, 180 MHz, 405 MHz, 0x0000000000000000, 9.67 W, 0 %, 245 MiB
2026/10/01 05:57:24.785, 180 MHz, 405 MHz, 0x0000000000000000, 9.67 W, 0 %, 245 MiB
2026/10/01 05:57:25.290, 180 MHz, 405 MHz, 0x0000000000000000, 9.88 W, 0 %, 245 MiB
2026/10/01 05:57:25.793, 180 MHz, 405 MHz, 0x0000000000000000, 9.88 W, 0 %, 245 MiB
2026/10/01 05:57:26.301, 172 MHz, 405 MHz, 0x0000000000000000, 9.76 W, 0 %, 245 MiB
2026/10/01 05:57:26.805, 172 MHz, 405 MHz, 0x0000000000000000, 9.76 W, 0 %, 245 MiB
2026/10/01 05:57:27.309, 180 MHz, 405 MHz, 0x0000000000000000, 9.70 W, 0 %, 245 MiB
2026/10/01 05:57:27.815, 180 MHz, 405 MHz, 0x0000000000000000, 9.70 W, 0 %, 245 MiB
2026/10/01 05:57:28.318, 180 MHz, 405 MHz, 0x0000000000000000, 9.86 W, 0 %, 245 MiB
2026/10/01 05:57:28.825, 180 MHz, 405 MHz, 0x0000000000000000, 9.86 W, 0 %, 245 MiB
2026/10/01 05:57:29.331, 180 MHz, 405 MHz, 0x0000000000000000, 9.86 W, 0 %, 245 MiB
2026/10/01 05:57:29.837, 180 MHz, 405 MHz, 0x0000000000000000, 9.86 W, 0 %, 245 MiB
2026/10/01 05:57:30.339, 180 MHz, 405 MHz, 0x0000000000000000, 9.88 W, 0 %, 245 MiB
2026/10/01 05:57:30.844, 180 MHz, 405 MHz, 0x0000000000000000, 9.88 W, 0 %, 245 MiB
2026/10/01 05:57:31.349, 180 MHz, 405 MHz, 0x0000000000000000, 9.99 W, 0 %, 245 MiB
2026/10/01 05:57:31.852, 180 MHz, 405 MHz, 0x0000000000000000, 9.99 W, 0 %, 245 MiB
2026/10/01 05:57:32.353, 180 MHz, 405 MHz, 0x0000000000000000, 9.97 W, 0 %, 245 MiB
2026/10/01 05:57:32.856, 180 MHz, 405 MHz, 0x0000000000000000, 9.97 W, 0 %, 245 MiB
2026/10/01 05:57:33.361, 180 MHz, 405 MHz, 0x0000000000000000, 9.83 W, 0 %, 250 MiB
2026/10/01 05:57:33.867, 210 MHz, 405 MHz, 0x0000000000000000, 10.04 W, 0 %, 250 MiB
2026/10/01 05:57:34.370, 180 MHz, 405 MHz, 0x0000000000000000, 10.40 W, 0 %, 245 MiB
2026/10/01 05:57:34.873, 180 MHz, 405 MHz, 0x0000000000000000, 10.62 W, 0 %, 245 MiB
2026/10/01 05:57:35.377, 180 MHz, 405 MHz, 0x0000000000000000, 10.63 W, 0 %, 245 MiB
2026/10/01 05:57:35.879, 180 MHz, 405 MHz, 0x0000000000000000, 10.65 W, 0 %, 245 MiB
2026/10/01 05:57:36.381, 180 MHz, 405 MHz, 0x0000000000000000, 10.65 W, 0 %, 245 MiB
2026/10/01 05:57:36.883, 180 MHz, 405 MHz, 0x0000000000000000, 9.77 W, 0 %, 245 MiB
2026/10/01 05:57:37.386, 180 MHz, 405 MHz, 0x0000000000000000, 9.77 W, 0 %, 245 MiB
2026/10/01 05:57:37.889, 180 MHz, 405 MHz, 0x0000000000000000, 9.70 W, 0 %, 245 MiB
2026/10/01 05:57:38.389, 180 MHz, 405 MHz, 0x0000000000000000, 9.70 W, 0 %, 245 MiB
2026/10/01 05:57:38.893, 180 MHz, 405 MHz, 0x0000000000000000, 9.65 W, 0 %, 245 MiB
2026/10/01 05:57:39.396, 180 MHz, 405 MHz, 0x0000000000000000, 9.65 W, 0 %, 245 MiB
2026/10/01 05:57:39.900, 180 MHz, 405 MHz, 0x0000000000000000, 9.69 W, 0 %, 245 MiB
2026/10/01 05:57:40.406, 180 MHz, 405 MHz, 0x0000000000000000, 9.69 W, 0 %, 245 MiB
2026/10/01 05:57:40.908, 180 MHz, 405 MHz, 0x0000000000000000, 9.76 W, 0 %, 245 MiB
2026/10/01 05:57:41.410, 180 MHz, 405 MHz, 0x0000000000000000, 9.76 W, 0 %, 245 MiB
2026/10/01 05:57:41.916, 180 MHz, 405 MHz, 0x0000000000000000, 9.70 W, 0 %, 245 MiB
2026/10/01 05:57:42.419, 180 MHz, 405 MHz, 0x0000000000000000, 9.70 W, 0 %, 245 MiB
2026/10/01 05:57:42.922, 180 MHz, 405 MHz, 0x0000000000000000, 9.50 W, 0 %, 245 MiB
2026/10/01 05:57:43.424, 180 MHz, 405 MHz, 0x0000000000000000, 9.50 W, 0 %, 245 MiB
2026/10/01 05:57:43.926, 180 MHz, 405 MHz, 0x0000000000000000, 9.62 W, 0 %, 245 MiB
2026/10/01 05:57:44.428, 180 MHz, 405 MHz, 0x0000000000000000, 9.62 W, 0 %, 245 MiB
2026/10/01 05:57:44.936, 180 MHz, 405 MHz, 0x0000000000000000, 9.69 W, 0 %, 245 MiB
2026/10/01 05:57:45.439, 180 MHz, 405 MHz, 0x0000000000000000, 9.77 W, 0 %, 245 MiB
2026/10/01 05:57:45.943, 180 MHz, 405 MHz, 0x0000000000000000, 9.77 W, 0 %, 245 MiB
2026/10/01 05:57:46.449, 180 MHz, 405 MHz, 0x0000000000000000, 9.86 W, 0 %, 245 MiB
2026/10/01 05:57:46.953, 180 MHz, 405 MHz, 0x0000000000000000, 9.86 W, 0 %, 245 MiB
2026/10/01 05:57:47.453, 180 MHz, 405 MHz, 0x0000000000000000, 9.84 W, 0 %, 245 MiB
2026/10/01 05:57:47.957, 180 MHz, 405 MHz, 0x0000000000000000, 9.84 W, 0 %, 245 MiB
2026/10/01 05:57:48.462, 180 MHz, 405 MHz, 0x0000000000000000, 9.66 W, 0 %, 245 MiB
2026/10/01 05:57:48.965, 180 MHz, 405 MHz, 0x0000000000000000, 9.66 W, 0 %, 245 MiB
2026/10/01 05:57:49.469, 180 MHz, 405 MHz, 0x0000000000000000, 9.61 W, 0 %, 245 MiB
2026/10/01 05:57:49.972, 180 MHz, 405 MHz, 0x0000000000000000, 9.61 W, 0 %, 245 MiB
2026/10/01 05:57:50.476, 180 MHz, 405 MHz, 0x0000000000000000, 9.50 W, 0 %, 245 MiB
2026/10/01 05:57:50.978, 180 MHz, 405 MHz, 0x0000000000000000, 9.50 W, 0 %, 245 MiB
2026/10/01 05:57:51.481, 180 MHz, 405 MHz, 0x0000000000000000, 9.51 W, 0 %, 245 MiB
2026/10/01 05:57:51.987, 180 MHz, 405 MHz, 0x0000000000000000, 9.51 W, 0 %, 245 MiB
2026/10/01 05:57:52.489, 180 MHz, 405 MHz, 0x0000000000000000, 9.43 W, 0 %, 245 MiB
2026/10/01 05:57:52.991, 180 MHz, 405 MHz, 0x0000000000000000, 9.43 W, 0 %, 245 MiB
2026/10/01 05:57:53.497, 180 MHz, 405 MHz, 0x0000000000000000, 9.44 W, 0 %, 245 MiB
2026/10/01 05:57:54.016, 180 MHz, 405 MHz, 0x0000000000000000, 9.44 W, 0 %, 245 MiB
2026/10/01 05:57:54.520, 180 MHz, 405 MHz, 0x0000000000000000, 9.52 W, 0 %, 245 MiB
2026/10/01 05:57:55.022, 217 MHz, 405 MHz, 0x0000000000000000, 9.83 W, 0 %, 250 MiB
2026/10/01 05:57:55.527, 180 MHz, 405 MHz, 0x0000000000000000, 10.19 W, 0 %, 250 MiB
2026/10/01 05:57:56.031, 180 MHz, 405 MHz, 0x0000000000000000, 10.37 W, 0 %, 245 MiB
2026/10/01 05:57:56.532, 180 MHz, 405 MHz, 0x0000000000000000, 10.43 W, 0 %, 245 MiB
2026/10/01 05:57:57.034, 180 MHz, 405 MHz, 0x0000000000000000, 10.47 W, 0 %, 245 MiB
2026/10/01 05:57:57.538, 180 MHz, 405 MHz, 0x0000000000000000, 10.47 W, 0 %, 245 MiB
2026/10/01 05:57:58.042, 180 MHz, 405 MHz, 0x0000000000000000, 9.63 W, 0 %, 245 MiB
2026/10/01 05:57:58.546, 180 MHz, 405 MHz, 0x0000000000000000, 9.63 W, 0 %, 245 MiB
2026/10/01 05:57:59.049, 180 MHz, 405 MHz, 0x0000000000000000, 9.65 W, 0 %, 245 MiB
2026/10/01 05:57:59.550, 180 MHz, 405 MHz, 0x0000000000000000, 9.65 W, 0 %, 245 MiB
2026/10/01 05:58:00.052, 180 MHz, 405 MHz, 0x0000000000000000, 9.66 W, 0 %, 245 MiB
2026/10/01 05:58:00.555, 180 MHz, 405 MHz, 0x0000000000000000, 9.66 W, 0 %, 245 MiB
2026/10/01 05:58:01.057, 172 MHz, 405 MHz, 0x0000000000000000, 9.68 W, 0 %, 245 MiB
2026/10/01 05:58:01.560, 172 MHz, 405 MHz, 0x0000000000000000, 9.68 W, 0 %, 245 MiB
2026/10/01 05:58:02.063, 180 MHz, 405 MHz, 0x0000000000000000, 9.58 W, 0 %, 245 MiB
2026/10/01 05:58:02.578, 180 MHz, 405 MHz, 0x0000000000000000, 9.58 W, 0 %, 245 MiB
2026/10/01 05:58:03.081, 180 MHz, 405 MHz, 0x0000000000000000, 9.52 W, 0 %, 245 MiB
2026/10/01 05:58:03.582, 180 MHz, 405 MHz, 0x0000000000000000, 9.52 W, 0 %, 245 MiB
2026/10/01 05:58:04.085, 180 MHz, 405 MHz, 0x0000000000000000, 9.35 W, 0 %, 245 MiB
2026/10/01 05:58:04.586, 180 MHz, 405 MHz, 0x0000000000000000, 9.35 W, 0 %, 245 MiB
2026/10/01 05:58:05.089, 180 MHz, 405 MHz, 0x0000000000000000, 9.48 W, 0 %, 245 MiB
2026/10/01 05:58:05.604, 180 MHz, 405 MHz, 0x0000000000000000, 9.48 W, 0 %, 245 MiB
2026/10/01 05:58:06.108, 180 MHz, 405 MHz, 0x0000000000000000, 9.44 W, 0 %, 245 MiB
2026/10/01 05:58:06.613, 180 MHz, 405 MHz, 0x0000000000000000, 9.44 W, 0 %, 245 MiB
2026/10/01 05:58:07.117, 180 MHz, 405 MHz, 0x0000000000000000, 9.45 W, 0 %, 245 MiB
2026/10/01 05:58:07.622, 180 MHz, 405 MHz, 0x0000000000000000, 9.45 W, 0 %, 245 MiB
2026/10/01 05:58:08.126, 180 MHz, 405 MHz, 0x0000000000000000, 9.49 W, 0 %, 245 MiB
2026/10/01 05:58:08.630, 180 MHz, 405 MHz, 0x0000000000000000, 9.49 W, 0 %, 245 MiB
2026/10/01 05:58:09.135, 180 MHz, 405 MHz, 0x0000000000000000, 9.62 W, 0 %, 245 MiB
2026/10/01 05:58:09.638, 180 MHz, 405 MHz, 0x0000000000000000, 9.62 W, 0 %, 245 MiB
2026/10/01 05:58:10.142, 180 MHz, 405 MHz, 0x0000000000000000, 9.69 W, 0 %, 245 MiB
2026/10/01 05:58:10.648, 180 MHz, 405 MHz, 0x0000000000000000, 9.69 W, 0 %, 245 MiB
2026/10/01 05:58:11.154, 180 MHz, 405 MHz, 0x0000000000000000, 9.45 W, 0 %, 245 MiB
2026/10/01 05:58:11.660, 180 MHz, 405 MHz, 0x0000000000000000, 9.67 W, 0 %, 245 MiB
2026/10/01 05:58:12.165, 180 MHz, 405 MHz, 0x0000000000000000, 10.23 W, 0 %, 245 MiB
2026/10/01 05:58:12.670, 180 MHz, 405 MHz, 0x0000000000000000, 10.28 W, 0 %, 245 MiB
2026/10/01 05:58:13.175, 180 MHz, 405 MHz, 0x0000000000000000, 10.28 W, 0 %, 245 MiB
2026/10/01 05:58:13.678, 180 MHz, 405 MHz, 0x0000000000000000, 9.66 W, 0 %, 245 MiB
2026/10/01 05:58:14.179, 180 MHz, 405 MHz, 0x0000000000000000, 9.66 W, 0 %, 245 MiB
2026/10/01 05:58:14.682, 180 MHz, 405 MHz, 0x0000000000000000, 9.72 W, 0 %, 245 MiB
2026/10/01 05:58:15.187, 180 MHz, 405 MHz, 0x0000000000000000, 9.72 W, 0 %, 245 MiB
2026/10/01 05:58:15.693, 180 MHz, 405 MHz, 0x0000000000000000, 9.78 W, 0 %, 245 MiB
2026/10/01 05:58:16.195, 180 MHz, 405 MHz, 0x0000000000000000, 9.78 W, 0 %, 245 MiB
2026/10/01 05:58:16.698, 195 MHz, 405 MHz, 0x0000000000000000, 10.04 W, 0 %, 250 MiB
2026/10/01 05:58:17.201, 180 MHz, 405 MHz, 0x0000000000000000, 10.31 W, 0 %, 250 MiB
2026/10/01 05:58:17.705, 180 MHz, 405 MHz, 0x0000000000000000, 10.85 W, 0 %, 245 MiB
2026/10/01 05:58:18.207, 180 MHz, 405 MHz, 0x0000000000000000, 10.73 W, 0 %, 245 MiB
2026/10/01 05:58:18.711, 180 MHz, 405 MHz, 0x0000000000000000, 10.68 W, 0 %, 245 MiB
2026/10/01 05:58:19.217, 180 MHz, 405 MHz, 0x0000000000000000, 10.68 W, 0 %, 245 MiB
2026/10/01 05:58:19.721, 180 MHz, 405 MHz, 0x0000000000000000, 9.66 W, 0 %, 245 MiB
2026/10/01 05:58:20.223, 180 MHz, 405 MHz, 0x0000000000000000, 9.66 W, 0 %, 245 MiB
2026/10/01 05:58:20.728, 180 MHz, 405 MHz, 0x0000000000000000, 9.63 W, 0 %, 245 MiB
2026/10/01 05:58:21.231, 180 MHz, 405 MHz, 0x0000000000000000, 9.63 W, 0 %, 245 MiB
2026/10/01 05:58:21.733, 180 MHz, 405 MHz, 0x0000000000000000, 9.60 W, 0 %, 245 MiB
2026/10/01 05:58:22.239, 180 MHz, 405 MHz, 0x0000000000000000, 9.60 W, 0 %, 245 MiB
2026/10/01 05:58:22.743, 180 MHz, 405 MHz, 0x0000000000000000, 9.50 W, 0 %, 245 MiB
2026/10/01 05:58:23.244, 180 MHz, 405 MHz, 0x0000000000000000, 9.50 W, 0 %, 245 MiB
2026/10/01 05:58:23.750, 180 MHz, 405 MHz, 0x0000000000000000, 9.47 W, 0 %, 245 MiB
2026/10/01 05:58:24.255, 180 MHz, 405 MHz, 0x0000000000000000, 9.47 W, 0 %, 245 MiB
2026/10/01 05:58:24.757, 180 MHz, 405 MHz, 0x0000000000000000, 9.66 W, 0 %, 245 MiB
2026/10/01 05:58:25.260, 180 MHz, 405 MHz, 0x0000000000000000, 9.66 W, 0 %, 245 MiB
2026/10/01 05:58:25.764, 180 MHz, 405 MHz, 0x0000000000000000, 9.34 W, 0 %, 245 MiB
2026/10/01 05:58:26.270, 180 MHz, 405 MHz, 0x0000000000000000, 9.34 W, 0 %, 245 MiB
2026/10/01 05:58:26.773, 180 MHz, 405 MHz, 0x0000000000000000, 9.50 W, 0 %, 245 MiB
2026/10/01 05:58:27.277, 180 MHz, 405 MHz, 0x0000000000000000, 9.50 W, 0 %, 245 MiB
2026/10/01 05:58:27.782, 180 MHz, 405 MHz, 0x0000000000000000, 9.64 W, 0 %, 245 MiB
2026/10/01 05:58:28.287, 180 MHz, 405 MHz, 0x0000000000000000, 9.64 W, 0 %, 245 MiB
2026/10/01 05:58:28.790, 180 MHz, 405 MHz, 0x0000000000000000, 9.43 W, 0 %, 245 MiB
2026/10/01 05:58:29.293, 180 MHz, 405 MHz, 0x0000000000000000, 9.43 W, 0 %, 245 MiB
2026/10/01 05:58:29.798, 180 MHz, 405 MHz, 0x0000000000000000, 9.52 W, 0 %, 245 MiB
2026/10/01 05:58:30.303, 180 MHz, 405 MHz, 0x0000000000000000, 9.52 W, 0 %, 245 MiB
2026/10/01 05:58:30.807, 180 MHz, 405 MHz, 0x0000000000000000, 9.55 W, 0 %, 245 MiB
2026/10/01 05:58:31.311, 180 MHz, 405 MHz, 0x0000000000000000, 9.55 W, 0 %, 245 MiB
2026/10/01 05:58:31.817, 180 MHz, 405 MHz, 0x0000000000000000, 9.71 W, 0 %, 245 MiB
2026/10/01 05:58:32.322, 180 MHz, 405 MHz, 0x0000000000000000, 9.71 W, 0 %, 245 MiB
2026/10/01 05:58:32.827, 180 MHz, 405 MHz, 0x0000000000000000, 9.78 W, 0 %, 245 MiB
2026/10/01 05:58:33.333, 180 MHz, 405 MHz, 0x0000000000000000, 9.78 W, 0 %, 245 MiB
2026/10/01 05:58:33.837, 180 MHz, 405 MHz, 0x0000000000000000, 9.79 W, 0 %, 245 MiB
2026/10/01 05:58:34.341, 180 MHz, 405 MHz, 0x0000000000000000, 9.79 W, 0 %, 245 MiB
2026/10/01 05:58:34.843, 180 MHz, 405 MHz, 0x0000000000000000, 9.66 W, 0 %, 245 MiB
2026/10/01 05:58:35.350, 180 MHz, 405 MHz, 0x0000000000000000, 9.66 W, 0 %, 245 MiB
2026/10/01 05:58:35.855, 180 MHz, 405 MHz, 0x0000000000000000, 9.74 W, 0 %, 245 MiB
2026/10/01 05:58:36.362, 180 MHz, 405 MHz, 0x0000000000000000, 9.74 W, 0 %, 245 MiB
2026/10/01 05:58:36.868, 172 MHz, 405 MHz, 0x0000000000000000, 9.78 W, 0 %, 245 MiB
2026/10/01 05:58:37.369, 172 MHz, 405 MHz, 0x0000000000000000, 9.78 W, 0 %, 245 MiB
2026/10/01 05:58:37.875, 180 MHz, 405 MHz, 0x0000000000000000, 9.95 W, 0 %, 250 MiB
2026/10/01 05:58:38.376, 202 MHz, 405 MHz, 0x0000000000000000, 10.06 W, 1 %, 250 MiB
2026/10/01 05:58:38.881, 180 MHz, 405 MHz, 0x0000000000000000, 10.38 W, 0 %, 245 MiB
2026/10/01 05:58:39.388, 180 MHz, 405 MHz, 0x0000000000000000, 10.64 W, 0 %, 245 MiB
2026/10/01 05:58:39.889, 180 MHz, 405 MHz, 0x0000000000000000, 10.65 W, 0 %, 245 MiB
2026/10/01 05:58:40.404, 180 MHz, 405 MHz, 0x0000000000000000, 10.67 W, 0 %, 245 MiB
2026/10/01 05:58:40.908, 180 MHz, 405 MHz, 0x0000000000000000, 10.67 W, 0 %, 245 MiB
2026/10/01 05:58:41.412, 180 MHz, 405 MHz, 0x0000000000000000, 9.80 W, 0 %, 245 MiB
2026/10/01 05:58:41.915, 180 MHz, 405 MHz, 0x0000000000000000, 9.80 W, 0 %, 245 MiB
2026/10/01 05:58:42.418, 180 MHz, 405 MHz, 0x0000000000000000, 9.70 W, 0 %, 245 MiB
2026/10/01 05:58:42.919, 180 MHz, 405 MHz, 0x0000000000000000, 9.70 W, 0 %, 245 MiB
2026/10/01 05:58:43.422, 180 MHz, 405 MHz, 0x0000000000000000, 9.52 W, 0 %, 245 MiB
2026/10/01 05:58:43.925, 180 MHz, 405 MHz, 0x0000000000000000, 9.52 W, 0 %, 245 MiB
2026/10/01 05:58:44.440, 180 MHz, 405 MHz, 0x0000000000000000, 9.38 W, 0 %, 245 MiB
2026/10/01 05:58:44.942, 180 MHz, 405 MHz, 0x0000000000000000, 9.38 W, 0 %, 245 MiB
2026/10/01 05:58:45.447, 180 MHz, 405 MHz, 0x0000000000000000, 9.61 W, 0 %, 245 MiB
2026/10/01 05:58:45.950, 180 MHz, 405 MHz, 0x0000000000000000, 9.61 W, 0 %, 245 MiB
2026/10/01 05:58:46.453, 180 MHz, 405 MHz, 0x0000000000000000, 9.49 W, 0 %, 245 MiB
2026/10/01 05:58:46.956, 180 MHz, 405 MHz, 0x0000000000000000, 9.42 W, 0 %, 245 MiB
2026/10/01 05:58:47.461, 180 MHz, 405 MHz, 0x0000000000000000, 9.42 W, 0 %, 245 MiB
2026/10/01 05:58:47.965, 180 MHz, 405 MHz, 0x0000000000000000, 9.52 W, 0 %, 245 MiB
2026/10/01 05:58:48.470, 180 MHz, 405 MHz, 0x0000000000000000, 9.52 W, 0 %, 245 MiB
2026/10/01 05:58:48.975, 180 MHz, 405 MHz, 0x0000000000000000, 9.50 W, 0 %, 245 MiB
2026/10/01 05:58:49.482, 180 MHz, 405 MHz, 0x0000000000000000, 9.50 W, 0 %, 245 MiB
2026/10/01 05:58:49.987, 180 MHz, 405 MHz, 0x0000000000000000, 9.53 W, 0 %, 245 MiB
2026/10/01 05:58:50.492, 180 MHz, 405 MHz, 0x0000000000000000, 9.53 W, 0 %, 245 MiB
2026/10/01 05:58:50.995, 180 MHz, 405 MHz, 0x0000000000000000, 9.47 W, 0 %, 245 MiB
2026/10/01 05:58:51.498, 180 MHz, 405 MHz, 0x0000000000000000, 9.47 W, 0 %, 245 MiB
2026/10/01 05:58:52.002, 180 MHz, 405 MHz, 0x0000000000000000, 9.42 W, 0 %, 245 MiB
2026/10/01 05:58:52.505, 180 MHz, 405 MHz, 0x0000000000000000, 9.42 W, 0 %, 245 MiB
2026/10/01 05:58:53.007, 180 MHz, 405 MHz, 0x0000000000000000, 9.32 W, 0 %, 245 MiB
2026/10/01 05:58:53.511, 180 MHz, 405 MHz, 0x0000000000000000, 9.32 W, 0 %, 245 MiB
2026/10/01 05:58:54.016, 180 MHz, 405 MHz, 0x0000000000000000, 9.40 W, 0 %, 245 MiB
2026/10/01 05:58:54.520, 180 MHz, 405 MHz, 0x0000000000000000, 9.40 W, 0 %, 245 MiB
2026/10/01 05:58:55.023, 180 MHz, 405 MHz, 0x0000000000000000, 9.36 W, 0 %, 245 MiB
2026/10/01 05:58:55.525, 180 MHz, 405 MHz, 0x0000000000000000, 9.36 W, 0 %, 245 MiB
2026/10/01 05:58:56.031, 180 MHz, 405 MHz, 0x0000000000000000, 9.18 W, 0 %, 245 MiB
2026/10/01 05:58:56.536, 180 MHz, 405 MHz, 0x0000000000000000, 9.18 W, 0 %, 245 MiB
2026/10/01 05:58:57.042, 180 MHz, 405 MHz, 0x0000000000000000, 9.20 W, 0 %, 245 MiB
2026/10/01 05:58:57.545, 180 MHz, 405 MHz, 0x0000000000000000, 9.20 W, 0 %, 245 MiB
2026/10/01 05:58:58.051, 180 MHz, 405 MHz, 0x0000000000000000, 9.26 W, 0 %, 245 MiB
2026/10/01 05:58:58.555, 180 MHz, 405 MHz, 0x0000000000000000, 9.26 W, 0 %, 245 MiB
2026/10/01 05:58:59.059, 180 MHz, 405 MHz, 0x0000000000000000, 9.63 W, 0 %, 245 MiB
2026/10/01 05:58:59.564, 195 MHz, 405 MHz, 0x0000000000000000, 9.75 W, 0 %, 248 MiB
2026/10/01 05:59:00.067, 180 MHz, 405 MHz, 0x0000000000000000, 10.11 W, 0 %, 248 MiB
2026/10/01 05:59:00.574, 180 MHz, 405 MHz, 0x0000000000000000, 10.43 W, 0 %, 245 MiB
2026/10/01 05:59:01.078, 180 MHz, 405 MHz, 0x0000000000000000, 10.42 W, 0 %, 245 MiB
2026/10/01 05:59:01.583, 180 MHz, 405 MHz, 0x0000000000000000, 10.45 W, 0 %, 245 MiB
2026/10/01 05:59:02.090, 180 MHz, 405 MHz, 0x0000000000000000, 10.45 W, 0 %, 245 MiB
2026/10/01 05:59:02.596, 180 MHz, 405 MHz, 0x0000000000000000, 9.57 W, 0 %, 245 MiB
2026/10/01 05:59:03.099, 180 MHz, 405 MHz, 0x0000000000000000, 9.57 W, 0 %, 245 MiB
2026/10/01 05:59:03.605, 180 MHz, 405 MHz, 0x0000000000000000, 9.56 W, 0 %, 245 MiB
2026/10/01 05:59:04.111, 180 MHz, 405 MHz, 0x0000000000000000, 9.56 W, 0 %, 245 MiB
2026/10/01 05:59:04.619, 180 MHz, 405 MHz, 0x0000000000000000, 9.58 W, 0 %, 245 MiB
2026/10/01 05:59:05.125, 180 MHz, 405 MHz, 0x0000000000000000, 9.58 W, 0 %, 245 MiB
2026/10/01 05:59:05.628, 180 MHz, 405 MHz, 0x0000000000000000, 9.46 W, 0 %, 245 MiB
2026/10/01 05:59:06.133, 180 MHz, 405 MHz, 0x0000000000000000, 9.46 W, 0 %, 245 MiB
2026/10/01 05:59:06.639, 180 MHz, 405 MHz, 0x0000000000000000, 9.45 W, 0 %, 245 MiB
2026/10/01 05:59:07.141, 180 MHz, 405 MHz, 0x0000000000000000, 9.45 W, 0 %, 245 MiB
2026/10/01 05:59:07.646, 180 MHz, 405 MHz, 0x0000000000000000, 9.57 W, 0 %, 245 MiB
2026/10/01 05:59:08.148, 180 MHz, 405 MHz, 0x0000000000000000, 9.57 W, 0 %, 245 MiB
2026/10/01 05:59:08.653, 180 MHz, 405 MHz, 0x0000000000000000, 9.47 W, 0 %, 245 MiB
2026/10/01 05:59:09.160, 180 MHz, 405 MHz, 0x0000000000000000, 9.47 W, 0 %, 245 MiB
2026/10/01 05:59:09.664, 180 MHz, 405 MHz, 0x0000000000000000, 9.34 W, 0 %, 245 MiB
2026/10/01 05:59:10.170, 180 MHz, 405 MHz, 0x0000000000000000, 9.34 W, 0 %, 245 MiB
2026/10/01 05:59:10.674, 180 MHz, 405 MHz, 0x0000000000000000, 9.26 W, 0 %, 245 MiB
2026/10/01 05:59:11.179, 180 MHz, 405 MHz, 0x0000000000000000, 9.26 W, 0 %, 245 MiB
2026/10/01 05:59:11.684, 180 MHz, 405 MHz, 0x0000000000000000, 9.32 W, 0 %, 245 MiB
2026/10/01 05:59:12.187, 180 MHz, 405 MHz, 0x0000000000000000, 9.32 W, 0 %, 245 MiB
2026/10/01 05:59:12.692, 180 MHz, 405 MHz, 0x0000000000000000, 9.43 W, 0 %, 245 MiB
2026/10/01 05:59:13.199, 180 MHz, 405 MHz, 0x0000000000000000, 9.43 W, 0 %, 245 MiB
2026/10/01 05:59:13.702, 180 MHz, 405 MHz, 0x0000000000000000, 9.55 W, 0 %, 245 MiB
2026/10/01 05:59:14.206, 180 MHz, 405 MHz, 0x0000000000000000, 9.55 W, 0 %, 245 MiB
2026/10/01 05:59:14.711, 180 MHz, 405 MHz, 0x0000000000000000, 9.56 W, 0 %, 245 MiB
2026/10/01 05:59:15.215, 180 MHz, 405 MHz, 0x0000000000000000, 9.56 W, 0 %, 245 MiB
2026/10/01 05:59:15.720, 180 MHz, 405 MHz, 0x0000000000000000, 9.64 W, 0 %, 245 MiB
2026/10/01 05:59:16.224, 180 MHz, 405 MHz, 0x0000000000000000, 9.64 W, 0 %, 245 MiB
2026/10/01 05:59:16.728, 180 MHz, 405 MHz, 0x0000000000000000, 9.53 W, 0 %, 245 MiB
2026/10/01 05:59:17.231, 180 MHz, 405 MHz, 0x0000000000000000, 9.53 W, 0 %, 245 MiB
2026/10/01 05:59:17.740, 180 MHz, 405 MHz, 0x0000000000000000, 9.41 W, 0 %, 245 MiB
2026/10/01 05:59:18.242, 180 MHz, 405 MHz, 0x0000000000000000, 9.41 W, 0 %, 245 MiB
2026/10/01 05:59:18.747, 180 MHz, 405 MHz, 0x0000000000000000, 9.34 W, 0 %, 245 MiB
2026/10/01 05:59:19.253, 180 MHz, 405 MHz, 0x0000000000000000, 9.34 W, 0 %, 245 MiB
2026/10/01 05:59:19.756, 180 MHz, 405 MHz, 0x0000000000000000, 9.31 W, 0 %, 245 MiB
2026/10/01 05:59:20.262, 180 MHz, 405 MHz, 0x0000000000000000, 9.31 W, 0 %, 245 MiB
2026/10/01 05:59:20.767, 180 MHz, 405 MHz, 0x0000000000000000, 9.37 W, 0 %, 245 MiB
2026/10/01 05:59:21.272, 180 MHz, 405 MHz, 0x0000000000000000, 9.51 W, 1 %, 250 MiB
2026/10/01 05:59:21.776, 180 MHz, 405 MHz, 0x0000000000000000, 9.88 W, 0 %, 250 MiB
2026/10/01 05:59:22.283, 180 MHz, 405 MHz, 0x0000000000000000, 10.42 W, 0 %, 245 MiB
2026/10/01 05:59:22.788, 180 MHz, 405 MHz, 0x0000000000000000, 10.29 W, 0 %, 245 MiB
2026/10/01 05:59:23.291, 180 MHz, 405 MHz, 0x0000000000000000, 10.27 W, 0 %, 245 MiB
2026/10/01 05:59:23.797, 180 MHz, 405 MHz, 0x0000000000000000, 10.27 W, 0 %, 245 MiB
2026/10/01 05:59:24.302, 180 MHz, 405 MHz, 0x0000000000000000, 9.08 W, 0 %, 245 MiB
2026/10/01 05:59:24.808, 180 MHz, 405 MHz, 0x0000000000000000, 9.08 W, 0 %, 245 MiB
2026/10/01 05:59:25.313, 180 MHz, 405 MHz, 0x0000000000000000, 8.99 W, 0 %, 245 MiB
2026/10/01 05:59:25.816, 180 MHz, 405 MHz, 0x0000000000000000, 8.99 W, 0 %, 245 MiB
2026/10/01 05:59:26.322, 180 MHz, 405 MHz, 0x0000000000000000, 9.28 W, 0 %, 245 MiB
2026/10/01 05:59:26.828, 180 MHz, 405 MHz, 0x0000000000000000, 9.28 W, 0 %, 245 MiB
2026/10/01 05:59:27.334, 180 MHz, 405 MHz, 0x0000000000000000, 9.44 W, 0 %, 245 MiB
2026/10/01 05:59:27.839, 180 MHz, 405 MHz, 0x0000000000000000, 9.44 W, 0 %, 245 MiB
2026/10/01 05:59:28.344, 180 MHz, 405 MHz, 0x0000000000000000, 9.42 W, 0 %, 245 MiB
2026/10/01 05:59:28.848, 180 MHz, 405 MHz, 0x0000000000000000, 9.42 W, 0 %, 245 MiB
2026/10/01 05:59:29.353, 180 MHz, 405 MHz, 0x0000000000000000, 9.07 W, 0 %, 245 MiB
2026/10/01 05:59:29.858, 180 MHz, 405 MHz, 0x0000000000000000, 9.07 W, 0 %, 245 MiB
2026/10/01 05:59:30.359, 180 MHz, 405 MHz, 0x0000000000000000, 9.22 W, 0 %, 245 MiB
2026/10/01 05:59:30.861, 180 MHz, 405 MHz, 0x0000000000000000, 9.22 W, 0 %, 245 MiB
2026/10/01 05:59:31.364, 180 MHz, 405 MHz, 0x0000000000000000, 9.32 W, 0 %, 245 MiB
2026/10/01 05:59:31.867, 180 MHz, 405 MHz, 0x0000000000000000, 9.32 W, 0 %, 245 MiB
2026/10/01 05:59:32.371, 180 MHz, 405 MHz, 0x0000000000000000, 9.31 W, 0 %, 245 MiB
2026/10/01 05:59:32.877, 180 MHz, 405 MHz, 0x0000000000000000, 9.31 W, 0 %, 245 MiB
2026/10/01 05:59:33.381, 180 MHz, 405 MHz, 0x0000000000000000, 9.29 W, 0 %, 245 MiB
2026/10/01 05:59:33.883, 180 MHz, 405 MHz, 0x0000000000000000, 9.29 W, 0 %, 245 MiB
2026/10/01 05:59:34.387, 180 MHz, 405 MHz, 0x0000000000000000, 9.34 W, 0 %, 245 MiB
2026/10/01 05:59:34.889, 180 MHz, 405 MHz, 0x0000000000000000, 9.34 W, 0 %, 245 MiB
2026/10/01 05:59:35.392, 180 MHz, 405 MHz, 0x0000000000000000, 9.33 W, 0 %, 245 MiB
2026/10/01 05:59:35.897, 180 MHz, 405 MHz, 0x0000000000000000, 9.33 W, 0 %, 245 MiB
2026/10/01 05:59:36.400, 180 MHz, 405 MHz, 0x0000000000000000, 9.35 W, 0 %, 245 MiB
2026/10/01 05:59:36.904, 180 MHz, 405 MHz, 0x0000000000000000, 9.35 W, 0 %, 245 MiB
2026/10/01 05:59:37.406, 180 MHz, 405 MHz, 0x0000000000000000, 9.24 W, 0 %, 245 MiB
2026/10/01 05:59:37.909, 180 MHz, 405 MHz, 0x0000000000000000, 9.24 W, 0 %, 245 MiB
2026/10/01 05:59:38.414, 180 MHz, 405 MHz, 0x0000000000000000, 9.21 W, 0 %, 245 MiB
2026/10/01 05:59:38.918, 180 MHz, 405 MHz, 0x0000000000000000, 9.21 W, 0 %, 245 MiB
2026/10/01 05:59:39.423, 180 MHz, 405 MHz, 0x0000000000000000, 9.16 W, 0 %, 245 MiB
2026/10/01 05:59:39.928, 180 MHz, 405 MHz, 0x0000000000000000, 9.16 W, 0 %, 245 MiB
2026/10/01 05:59:40.432, 180 MHz, 405 MHz, 0x0000000000000000, 9.17 W, 0 %, 245 MiB
2026/10/01 05:59:40.932, 180 MHz, 405 MHz, 0x0000000000000000, 9.17 W, 0 %, 245 MiB
2026/10/01 05:59:41.436, 180 MHz, 405 MHz, 0x0000000000000000, 9.28 W, 0 %, 245 MiB
2026/10/01 05:59:41.940, 180 MHz, 405 MHz, 0x0000000000000000, 9.28 W, 0 %, 245 MiB
2026/10/01 05:59:42.445, 180 MHz, 405 MHz, 0x0000000000000000, 9.29 W, 0 %, 245 MiB
2026/10/01 05:59:42.950, 180 MHz, 405 MHz, 0x0000000000000000, 9.29 W, 0 %, 250 MiB
2026/10/01 05:59:43.454, 180 MHz, 405 MHz, 0x0000000000000000, 9.92 W, 0 %, 245 MiB
2026/10/01 05:59:43.957, 180 MHz, 405 MHz, 0x0000000000000000, 10.00 W, 0 %, 245 MiB
2026/10/01 05:59:44.462, 180 MHz, 405 MHz, 0x0000000000000000, 10.22 W, 0 %, 245 MiB
2026/10/01 05:59:44.966, 180 MHz, 405 MHz, 0x0000000000000000, 10.21 W, 0 %, 245 MiB
2026/10/01 05:59:45.471, 180 MHz, 405 MHz, 0x0000000000000000, 10.21 W, 0 %, 245 MiB
2026/10/01 05:59:45.976, 180 MHz, 405 MHz, 0x0000000000000000, 9.23 W, 0 %, 245 MiB
2026/10/01 05:59:46.479, 180 MHz, 405 MHz, 0x0000000000000000, 9.27 W, 0 %, 245 MiB
2026/10/01 05:59:46.983, 180 MHz, 405 MHz, 0x0000000000000000, 9.27 W, 0 %, 245 MiB
2026/10/01 05:59:47.486, 180 MHz, 405 MHz, 0x0000000000000000, 9.29 W, 0 %, 245 MiB
2026/10/01 05:59:47.990, 180 MHz, 405 MHz, 0x0000000000000000, 9.29 W, 0 %, 245 MiB
2026/10/01 05:59:48.493, 180 MHz, 405 MHz, 0x0000000000000000, 9.17 W, 0 %, 245 MiB
2026/10/01 05:59:48.996, 180 MHz, 405 MHz, 0x0000000000000000, 9.17 W, 0 %, 245 MiB
2026/10/01 05:59:49.500, 180 MHz, 405 MHz, 0x0000000000000000, 9.27 W, 0 %, 245 MiB
2026/10/01 05:59:50.003, 180 MHz, 405 MHz, 0x0000000000000000, 9.27 W, 0 %, 245 MiB
2026/10/01 05:59:50.507, 180 MHz, 405 MHz, 0x0000000000000000, 9.42 W, 0 %, 245 MiB
2026/10/01 05:59:51.022, 180 MHz, 405 MHz, 0x0000000000000000, 9.42 W, 0 %, 245 MiB
2026/10/01 05:59:51.526, 180 MHz, 405 MHz, 0x0000000000000000, 8.95 W, 0 %, 245 MiB
2026/10/01 05:59:52.034, 180 MHz, 405 MHz, 0x0000000000000000, 8.95 W, 0 %, 245 MiB
2026/10/01 05:59:52.536, 180 MHz, 405 MHz, 0x0000000000000000, 9.15 W, 0 %, 245 MiB
2026/10/01 05:59:53.040, 180 MHz, 405 MHz, 0x0000000000000000, 9.15 W, 0 %, 245 MiB
2026/10/01 05:59:53.546, 180 MHz, 405 MHz, 0x0000000000000000, 9.14 W, 0 %, 245 MiB
2026/10/01 05:59:54.049, 180 MHz, 405 MHz, 0x0000000000000000, 9.14 W, 0 %, 245 MiB
2026/10/01 05:59:54.550, 180 MHz, 405 MHz, 0x0000000000000000, 9.23 W, 0 %, 245 MiB
2026/10/01 05:59:55.052, 180 MHz, 405 MHz, 0x0000000000000000, 9.23 W, 0 %, 245 MiB
2026/10/01 05:59:55.555, 180 MHz, 405 MHz, 0x0000000000000000, 9.27 W, 0 %, 245 MiB
2026/10/01 05:59:56.060, 180 MHz, 405 MHz, 0x0000000000000000, 9.27 W, 0 %, 245 MiB
2026/10/01 05:59:56.567, 180 MHz, 405 MHz, 0x0000000000000000, 9.13 W, 0 %, 245 MiB
2026/10/01 05:59:57.071, 180 MHz, 405 MHz, 0x0000000000000000, 9.13 W, 0 %, 245 MiB
2026/10/01 05:59:57.578, 180 MHz, 405 MHz, 0x0000000000000000, 9.20 W, 0 %, 245 MiB
2026/10/01 05:59:58.084, 180 MHz, 405 MHz, 0x0000000000000000, 9.20 W, 0 %, 245 MiB
2026/10/01 05:59:58.590, 180 MHz, 405 MHz, 0x0000000000000000, 9.17 W, 0 %, 245 MiB
2026/10/01 05:59:59.093, 180 MHz, 405 MHz, 0x0000000000000000, 9.17 W, 0 %, 245 MiB
2026/10/01 05:59:59.596, 180 MHz, 405 MHz, 0x0000000000000000, 8.97 W, 0 %, 245 MiB
2026/10/01 06:00:00.097, 180 MHz, 405 MHz, 0x0000000000000000, 8.97 W, 0 %, 245 MiB
2026/10/01 06:00:00.603, 180 MHz, 405 MHz, 0x0000000000000000, 9.09 W, 0 %, 245 MiB
2026/10/01 06:00:01.107, 180 MHz, 405 MHz, 0x0000000000000000, 9.09 W, 0 %, 245 MiB
2026/10/01 06:00:01.611, 180 MHz, 405 MHz, 0x0000000000000000, 9.15 W, 0 %, 245 MiB
2026/10/01 06:00:02.114, 180 MHz, 405 MHz, 0x0000000000000000, 9.15 W, 0 %, 245 MiB
2026/10/01 06:00:02.618, 180 MHz, 405 MHz, 0x0000000000000000, 9.12 W, 0 %, 245 MiB
2026/10/01 06:00:03.121, 180 MHz, 405 MHz, 0x0000000000000000, 9.12 W, 0 %, 245 MiB
2026/10/01 06:00:03.625, 180 MHz, 405 MHz, 0x0000000000000000, 9.25 W, 0 %, 245 MiB
2026/10/01 06:00:04.128, 180 MHz, 405 MHz, 0x0000000000000000, 9.25 W, 0 %, 245 MiB
2026/10/01 06:00:04.632, 210 MHz, 405 MHz, 0x0000000000000000, 9.81 W, 0 %, 250 MiB
2026/10/01 06:00:05.136, 180 MHz, 405 MHz, 0x0000000000000000, 9.97 W, 0 %, 248 MiB
2026/10/01 06:00:05.649, 180 MHz, 405 MHz, 0x0000000000000000, 10.46 W, 0 %, 245 MiB
2026/10/01 06:00:06.165, 180 MHz, 405 MHz, 0x0000000000000000, 10.47 W, 0 %, 245 MiB
2026/10/01 06:00:06.668, 180 MHz, 405 MHz, 0x0000000000000000, 10.47 W, 0 %, 245 MiB
2026/10/01 06:00:07.188, 180 MHz, 405 MHz, 0x0000000000000000, 10.47 W, 0 %, 245 MiB
2026/10/01 06:00:07.697, 180 MHz, 405 MHz, 0x0000000000000000, 9.70 W, 0 %, 245 MiB
2026/10/01 06:00:08.198, 180 MHz, 405 MHz, 0x0000000000000000, 9.70 W, 0 %, 245 MiB
2026/10/01 06:00:08.699, 180 MHz, 405 MHz, 0x0000000000000000, 9.57 W, 0 %, 245 MiB
2026/10/01 06:00:09.200, 180 MHz, 405 MHz, 0x0000000000000000, 9.57 W, 0 %, 245 MiB
2026/10/01 06:00:09.713, 180 MHz, 405 MHz, 0x0000000000000000, 9.65 W, 0 %, 245 MiB
2026/10/01 06:00:10.226, 180 MHz, 405 MHz, 0x0000000000000000, 9.65 W, 0 %, 245 MiB
2026/10/01 06:00:10.738, 180 MHz, 405 MHz, 0x0000000000000000, 9.77 W, 0 %, 245 MiB
2026/10/01 06:00:11.253, 180 MHz, 405 MHz, 0x0000000000000000, 9.77 W, 0 %, 245 MiB
2026/10/01 06:00:11.767, 180 MHz, 405 MHz, 0x0000000000000000, 9.63 W, 0 %, 245 MiB
2026/10/01 06:00:12.279, 180 MHz, 405 MHz, 0x0000000000000000, 9.63 W, 0 %, 245 MiB
2026/10/01 06:00:12.791, 180 MHz, 405 MHz, 0x0000000000000000, 9.73 W, 0 %, 245 MiB
2026/10/01 06:00:13.307, 180 MHz, 405 MHz, 0x0000000000000000, 9.73 W, 0 %, 245 MiB
2026/10/01 06:00:13.817, 180 MHz, 405 MHz, 0x0000000000000000, 9.68 W, 0 %, 245 MiB
2026/10/01 06:00:14.331, 180 MHz, 405 MHz, 0x0000000000000000, 9.68 W, 0 %, 245 MiB
2026/10/01 06:00:14.845, 180 MHz, 405 MHz, 0x0000000000000000, 9.75 W, 0 %, 245 MiB
2026/10/01 06:00:15.358, 180 MHz, 405 MHz, 0x0000000000000000, 9.75 W, 0 %, 245 MiB
2026/10/01 06:00:15.872, 180 MHz, 405 MHz, 0x0000000000000000, 9.63 W, 0 %, 245 MiB
2026/10/01 06:00:16.384, 180 MHz, 405 MHz, 0x0000000000000000, 9.63 W, 0 %, 245 MiB
2026/10/01 06:00:16.899, 180 MHz, 405 MHz, 0x0000000000000000, 9.67 W, 0 %, 245 MiB
2026/10/01 06:00:17.410, 180 MHz, 405 MHz, 0x0000000000000000, 9.90 W, 0 %, 245 MiB
2026/10/01 06:00:17.925, 180 MHz, 405 MHz, 0x0000000000000000, 10.44 W, 0 %, 245 MiB
2026/10/01 06:00:18.436, 180 MHz, 405 MHz, 0x0000000000000000, 10.44 W, 0 %, 245 MiB
2026/10/01 06:00:18.949, 180 MHz, 405 MHz, 0x0000000000000000, 9.34 W, 0 %, 245 MiB
2026/10/01 06:00:19.462, 180 MHz, 405 MHz, 0x0000000000000000, 9.34 W, 0 %, 245 MiB
2026/10/01 06:00:19.977, 180 MHz, 405 MHz, 0x0000000000000000, 9.43 W, 0 %, 245 MiB
2026/10/01 06:00:20.493, 180 MHz, 405 MHz, 0x0000000000000000, 9.43 W, 0 %, 245 MiB
2026/10/01 06:00:21.009, 180 MHz, 405 MHz, 0x0000000000000000, 9.72 W, 0 %, 245 MiB
2026/10/01 06:00:21.521, 202 MHz, 405 MHz, 0x0000000000000000, 9.89 W, 0 %, 245 MiB
2026/10/01 06:00:22.030, 172 MHz, 405 MHz, 0x0000000000000000, 10.07 W, 0 %, 245 MiB
2026/10/01 06:00:22.540, 180 MHz, 405 MHz, 0x0000000000000000, 10.52 W, 0 %, 245 MiB
2026/10/01 06:00:23.050, 180 MHz, 405 MHz, 0x0000000000000000, 10.52 W, 0 %, 245 MiB
2026/10/01 06:00:23.560, 180 MHz, 405 MHz, 0x0000000000000000, 8.94 W, 0 %, 245 MiB
2026/10/01 06:00:24.069, 180 MHz, 405 MHz, 0x0000000000000000, 8.94 W, 0 %, 245 MiB
2026/10/01 06:00:24.579, 180 MHz, 405 MHz, 0x0000000000000000, 8.87 W, 0 %, 245 MiB
2026/10/01 06:00:25.090, 180 MHz, 405 MHz, 0x0000000000000000, 8.87 W, 0 %, 245 MiB
2026/10/01 06:00:25.598, 195 MHz, 405 MHz, 0x0000000000000000, 9.33 W, 0 %, 250 MiB
2026/10/01 06:00:26.103, 180 MHz, 405 MHz, 0x0000000000000000, 9.61 W, 0 %, 250 MiB
2026/10/01 06:00:26.608, 180 MHz, 405 MHz, 0x0000000000000000, 10.28 W, 0 %, 245 MiB
2026/10/01 06:00:27.110, 180 MHz, 405 MHz, 0x0000000000000000, 10.26 W, 0 %, 245 MiB
2026/10/01 06:00:27.614, 180 MHz, 405 MHz, 0x0000000000000000, 10.28 W, 0 %, 245 MiB
2026/10/01 06:00:28.118, 180 MHz, 405 MHz, 0x0000000000000000, 10.28 W, 0 %, 245 MiB
2026/10/01 06:00:28.622, 180 MHz, 405 MHz, 0x0000000000000000, 9.12 W, 0 %, 245 MiB
2026/10/01 06:00:29.127, 180 MHz, 405 MHz, 0x0000000000000000, 9.12 W, 0 %, 245 MiB
2026/10/01 06:00:29.631, 180 MHz, 405 MHz, 0x0000000000000000, 9.17 W, 0 %, 245 MiB
2026/10/01 06:00:30.137, 180 MHz, 405 MHz, 0x0000000000000000, 9.17 W, 0 %, 245 MiB
2026/10/01 06:00:30.645, 180 MHz, 405 MHz, 0x0000000000000000, 9.18 W, 0 %, 245 MiB
2026/10/01 06:00:31.151, 180 MHz, 405 MHz, 0x0000000000000000, 9.18 W, 0 %, 245 MiB
2026/10/01 06:00:31.656, 180 MHz, 405 MHz, 0x0000000000000000, 9.23 W, 0 %, 245 MiB
2026/10/01 06:00:32.159, 180 MHz, 405 MHz, 0x0000000000000000, 9.23 W, 0 %, 245 MiB
2026/10/01 06:00:32.661, 180 MHz, 405 MHz, 0x0000000000000000, 9.44 W, 0 %, 245 MiB
2026/10/01 06:00:33.164, 180 MHz, 405 MHz, 0x0000000000000000, 9.63 W, 0 %, 245 MiB
2026/10/01 06:00:33.666, 180 MHz, 405 MHz, 0x0000000000000000, 9.95 W, 0 %, 245 MiB
2026/10/01 06:00:34.172, 180 MHz, 405 MHz, 0x0000000000000000, 9.95 W, 0 %, 245 MiB
2026/10/01 06:00:34.675, 180 MHz, 405 MHz, 0x0000000000000000, 9.66 W, 0 %, 245 MiB
2026/10/01 06:00:35.176, 180 MHz, 405 MHz, 0x0000000000000000, 9.79 W, 0 %, 245 MiB
2026/10/01 06:00:35.681, 180 MHz, 405 MHz, 0x0000000000000000, 10.14 W, 0 %, 245 MiB
2026/10/01 06:00:36.185, 180 MHz, 405 MHz, 0x0000000000000000, 10.14 W, 0 %, 245 MiB
2026/10/01 06:00:36.693, 180 MHz, 405 MHz, 0x0000000000000000, 9.31 W, 0 %, 245 MiB
2026/10/01 06:00:37.197, 180 MHz, 405 MHz, 0x0000000000000000, 9.31 W, 0 %, 245 MiB
2026/10/01 06:00:37.703, 180 MHz, 405 MHz, 0x0000000000000000, 9.25 W, 0 %, 245 MiB
2026/10/01 06:00:38.208, 180 MHz, 405 MHz, 0x0000000000000000, 9.25 W, 0 %, 245 MiB
2026/10/01 06:00:38.720, 180 MHz, 405 MHz, 0x0000000000000000, 9.13 W, 0 %, 245 MiB
2026/10/01 06:00:39.225, 180 MHz, 405 MHz, 0x0000000000000000, 9.13 W, 0 %, 245 MiB
2026/10/01 06:00:39.732, 180 MHz, 405 MHz, 0x0000000000000000, 9.18 W, 0 %, 245 MiB
2026/10/01 06:00:40.237, 180 MHz, 405 MHz, 0x0000000000000000, 9.18 W, 0 %, 245 MiB
2026/10/01 06:00:40.742, 180 MHz, 405 MHz, 0x0000000000000000, 9.10 W, 0 %, 245 MiB
2026/10/01 06:00:41.250, 180 MHz, 405 MHz, 0x0000000000000000, 9.10 W, 0 %, 245 MiB
2026/10/01 06:00:41.755, 180 MHz, 405 MHz, 0x0000000000000000, 9.16 W, 0 %, 245 MiB
2026/10/01 06:00:42.263, 180 MHz, 405 MHz, 0x0000000000000000, 9.16 W, 0 %, 245 MiB
2026/10/01 06:00:42.768, 180 MHz, 405 MHz, 0x0000000000000000, 9.25 W, 0 %, 245 MiB
2026/10/01 06:00:43.277, 180 MHz, 405 MHz, 0x0000000000000000, 9.25 W, 0 %, 245 MiB
2026/10/01 06:00:43.788, 180 MHz, 405 MHz, 0x0000000000000000, 9.30 W, 0 %, 245 MiB
2026/10/01 06:00:44.294, 180 MHz, 405 MHz, 0x0000000000000000, 9.30 W, 0 %, 245 MiB
2026/10/01 06:00:44.805, 180 MHz, 405 MHz, 0x0000000000000000, 9.21 W, 0 %, 245 MiB
2026/10/01 06:00:45.310, 180 MHz, 405 MHz, 0x0000000000000000, 9.21 W, 0 %, 245 MiB
2026/10/01 06:00:45.817, 180 MHz, 405 MHz, 0x0000000000000000, 9.15 W, 0 %, 245 MiB
2026/10/01 06:00:46.327, 180 MHz, 405 MHz, 0x0000000000000000, 9.15 W, 0 %, 245 MiB
2026/10/01 06:00:46.835, 180 MHz, 405 MHz, 0x0000000000000000, 9.31 W, 0 %, 245 MiB
2026/10/01 06:00:47.342, 195 MHz, 405 MHz, 0x0000000000000000, 9.45 W, 0 %, 250 MiB
2026/10/01 06:00:47.845, 180 MHz, 405 MHz, 0x0000000000000000, 9.64 W, 0 %, 245 MiB
2026/10/01 06:00:48.348, 180 MHz, 405 MHz, 0x0000000000000000, 10.15 W, 0 %, 245 MiB
2026/10/01 06:00:48.855, 180 MHz, 405 MHz, 0x0000000000000000, 10.28 W, 0 %, 245 MiB
2026/10/01 06:00:49.363, 180 MHz, 405 MHz, 0x0000000000000000, 10.31 W, 0 %, 245 MiB
2026/10/01 06:00:49.867, 180 MHz, 405 MHz, 0x0000000000000000, 10.31 W, 0 %, 245 MiB
2026/10/01 06:00:50.374, 180 MHz, 405 MHz, 0x0000000000000000, 9.43 W, 0 %, 245 MiB
2026/10/01 06:00:50.883, 180 MHz, 405 MHz, 0x0000000000000000, 9.43 W, 0 %, 245 MiB
2026/10/01 06:00:51.393, 180 MHz, 405 MHz, 0x0000000000000000, 9.14 W, 0 %, 245 MiB
2026/10/01 06:00:51.899, 180 MHz, 405 MHz, 0x0000000000000000, 9.14 W, 0 %, 245 MiB
2026/10/01 06:00:52.406, 180 MHz, 405 MHz, 0x0000000000000000, 9.02 W, 0 %, 245 MiB
2026/10/01 06:00:52.912, 180 MHz, 405 MHz, 0x0000000000000000, 9.02 W, 0 %, 245 MiB
2026/10/01 06:00:53.417, 180 MHz, 405 MHz, 0x0000000000000000, 9.09 W, 0 %, 245 MiB
2026/10/01 06:00:53.926, 180 MHz, 405 MHz, 0x0000000000000000, 9.09 W, 0 %, 245 MiB
2026/10/01 06:00:54.435, 180 MHz, 405 MHz, 0x0000000000000000, 9.18 W, 0 %, 245 MiB
2026/10/01 06:00:54.943, 180 MHz, 405 MHz, 0x0000000000000000, 9.18 W, 0 %, 245 MiB
2026/10/01 06:00:55.448, 180 MHz, 405 MHz, 0x0000000000000000, 8.97 W, 0 %, 245 MiB
2026/10/01 06:00:55.954, 180 MHz, 405 MHz, 0x0000000000000000, 8.97 W, 0 %, 245 MiB
2026/10/01 06:00:56.461, 180 MHz, 405 MHz, 0x0000000000000000, 8.56 W, 0 %, 245 MiB
2026/10/01 06:00:56.965, 180 MHz, 405 MHz, 0x0000000000000000, 8.71 W, 0 %, 245 MiB
2026/10/01 06:00:57.476, 180 MHz, 405 MHz, 0x0000000000000000, 9.45 W, 0 %, 245 MiB
2026/10/01 06:00:57.991, 180 MHz, 405 MHz, 0x0000000000000000, 9.65 W, 0 %, 245 MiB
2026/10/01 06:00:58.505, 180 MHz, 405 MHz, 0x0000000000000000, 9.65 W, 0 %, 245 MiB
2026/10/01 06:00:59.018, 180 MHz, 405 MHz, 0x0000000000000000, 9.24 W, 0 %, 245 MiB
2026/10/01 06:00:59.518, 180 MHz, 405 MHz, 0x0000000000000000, 9.23 W, 0 %, 245 MiB
2026/10/01 06:01:00.030, 180 MHz, 405 MHz, 0x0000000000000000, 9.23 W, 0 %, 245 MiB
2026/10/01 06:01:00.545, 180 MHz, 405 MHz, 0x0000000000000000, 9.41 W, 0 %, 245 MiB
2026/10/01 06:01:01.057, 180 MHz, 405 MHz, 0x0000000000000000, 9.61 W, 0 %, 245 MiB
2026/10/01 06:01:01.572, 180 MHz, 405 MHz, 0x0000000000000000, 9.69 W, 0 %, 245 MiB
2026/10/01 06:01:02.086, 180 MHz, 405 MHz, 0x0000000000000000, 9.69 W, 0 %, 245 MiB
2026/10/01 06:01:02.598, 180 MHz, 405 MHz, 0x0000000000000000, 9.36 W, 0 %, 245 MiB
2026/10/01 06:01:03.099, 180 MHz, 405 MHz, 0x0000000000000000, 9.36 W, 0 %, 245 MiB
2026/10/01 06:01:03.600, 180 MHz, 405 MHz, 0x0000000000000000, 9.36 W, 0 %, 245 MiB
2026/10/01 06:01:04.115, 180 MHz, 405 MHz, 0x0000000000000000, 9.36 W, 0 %, 245 MiB
2026/10/01 06:01:04.626, 172 MHz, 405 MHz, 0x0000000000000000, 9.46 W, 0 %, 245 MiB
2026/10/01 06:01:05.141, 172 MHz, 405 MHz, 0x0000000000000000, 9.46 W, 0 %, 245 MiB
2026/10/01 06:01:05.657, 180 MHz, 405 MHz, 0x0000000000000000, 9.55 W, 0 %, 245 MiB
2026/10/01 06:01:06.159, 180 MHz, 405 MHz, 0x0000000000000000, 9.55 W, 0 %, 245 MiB
2026/10/01 06:01:06.659, 180 MHz, 405 MHz, 0x0000000000000000, 9.63 W, 0 %, 245 MiB
2026/10/01 06:01:07.170, 180 MHz, 405 MHz, 0x0000000000000000, 9.63 W, 0 %, 245 MiB
2026/10/01 06:01:07.670, 180 MHz, 405 MHz, 0x0000000000000000, 9.48 W, 0 %, 245 MiB
2026/10/01 06:01:08.184, 195 MHz, 405 MHz, 0x0000000000000000, 9.45 W, 0 %, 248 MiB
2026/10/01 06:01:08.698, 180 MHz, 405 MHz, 0x0000000000000000, 9.75 W, 0 %, 245 MiB
