2026/10/01 04:22:23.198, 180 MHz, 405 MHz, 0x0000000000000000, 13.51 W, 0 %, 382 MiB
2026/10/01 04:22:23.701, 180 MHz, 405 MHz, 0x0000000000000000, 14.79 W, 0 %, 379 MiB
2026/10/01 04:22:24.216, 180 MHz, 405 MHz, 0x0000000000000000, 15.02 W, 0 %, 379 MiB
2026/10/01 04:22:24.716, 180 MHz, 405 MHz, 0x0000000000000000, 14.97 W, 0 %, 379 MiB
2026/10/01 04:22:25.228, 180 MHz, 405 MHz, 0x0000000000000000, 14.97 W, 0 %, 379 MiB
2026/10/01 04:22:25.742, 180 MHz, 405 MHz, 0x0000000000000000, 11.40 W, 0 %, 379 MiB
2026/10/01 04:22:26.254, 180 MHz, 405 MHz, 0x0000000000000000, 11.40 W, 0 %, 379 MiB
2026/10/01 04:22:26.765, 195 MHz, 405 MHz, 0x0000000000000000, 12.52 W, 0 %, 379 MiB
2026/10/01 04:22:27.274, 180 MHz, 405 MHz, 0x0000000000000000, 13.17 W, 0 %, 379 MiB
2026/10/01 04:22:27.787, 180 MHz, 405 MHz, 0x0000000000000000, 13.25 W, 0 %, 379 MiB
2026/10/01 04:22:28.301, 180 MHz, 405 MHz, 0x0000000000000000, 13.41 W, 0 %, 379 MiB
2026/10/01 04:22:28.815, 180 MHz, 405 MHz, 0x0000000000000000, 13.68 W, 0 %, 379 MiB
2026/10/01 04:22:29.329, 180 MHz, 405 MHz, 0x0000000000000000, 13.68 W, 0 %, 379 MiB
2026/10/01 04:22:29.845, 180 MHz, 405 MHz, 0x0000000000000000, 11.71 W, 0 %, 379 MiB
2026/10/01 04:22:30.346, 180 MHz, 405 MHz, 0x0000000000000000, 11.71 W, 0 %, 379 MiB
2026/10/01 04:22:30.847, 180 MHz, 405 MHz, 0x0000000000000000, 11.58 W, 0 %, 379 MiB
2026/10/01 04:22:31.349, 180 MHz, 405 MHz, 0x0000000000000000, 11.58 W, 0 %, 379 MiB
2026/10/01 04:22:31.862, 195 MHz, 405 MHz, 0x0000000000000000, 11.96 W, 0 %, 379 MiB
2026/10/01 04:22:32.378, 180 MHz, 405 MHz, 0x0000000000000000, 12.52 W, 0 %, 379 MiB
2026/10/01 04:22:32.880, 180 MHz, 405 MHz, 0x0000000000000000, 12.74 W, 0 %, 379 MiB
2026/10/01 04:22:33.394, 180 MHz, 405 MHz, 0x0000000000000000, 12.74 W, 0 %, 379 MiB
2026/10/01 04:22:33.908, 180 MHz, 405 MHz, 0x0000000000000000, 11.76 W, 0 %, 379 MiB
2026/10/01 04:22:34.423, 180 MHz, 405 MHz, 0x0000000000000000, 11.76 W, 0 %, 379 MiB
2026/10/01 04:22:34.928, 180 MHz, 405 MHz, 0x0000000000000000, 11.22 W, 0 %, 379 MiB
2026/10/01 04:22:35.442, 180 MHz, 405 MHz, 0x0000000000000000, 11.22 W, 0 %, 379 MiB
2026/10/01 04:22:35.957, 180 MHz, 405 MHz, 0x0000000000000000, 11.28 W, 0 %, 379 MiB
2026/10/01 04:22:36.472, 180 MHz, 405 MHz, 0x0000000000000000, 11.28 W, 0 %, 379 MiB
2026/10/01 04:22:36.988, 180 MHz, 405 MHz, 0x0000000000000000, 11.21 W, 0 %, 379 MiB
2026/10/01 04:22:37.498, 180 MHz, 405 MHz, 0x0000000000000000, 11.82 W, 0 %, 379 MiB
2026/10/01 04:22:38.010, 180 MHz, 405 MHz, 0x0000000000000000, 13.08 W, 0 %, 379 MiB
2026/10/01 04:22:38.523, 180 MHz, 405 MHz, 0x0000000000000000, 13.11 W, 0 %, 379 MiB
2026/10/01 04:22:39.037, 180 MHz, 405 MHz, 0x0000000000000000, 13.11 W, 0 %, 379 MiB
2026/10/01 04:22:39.549, 180 MHz, 405 MHz, 0x0000000000000000, 11.21 W, 0 %, 379 MiB
2026/10/01 04:22:40.059, 180 MHz, 405 MHz, 0x0000000000000000, 11.21 W, 0 %, 379 MiB
2026/10/01 04:22:40.561, 180 MHz, 405 MHz, 0x0000000000000000, 11.33 W, 0 %, 379 MiB
2026/10/01 04:22:41.072, 180 MHz, 405 MHz, 0x0000000000000000, 11.33 W, 0 %, 379 MiB
2026/10/01 04:22:41.581, 180 MHz, 405 MHz, 0x0000000000000000, 11.27 W, 0 %, 379 MiB
2026/10/01 04:22:42.086, 180 MHz, 405 MHz, 0x0000000000000000, 11.27 W, 0 %, 379 MiB
2026/10/01 04:22:42.596, 180 MHz, 405 MHz, 0x0000000000000000, 11.09 W, 0 %, 379 MiB
2026/10/01 04:22:43.107, 180 MHz, 405 MHz, 0x0000000000000000, 11.09 W, 0 %, 379 MiB
2026/10/01 04:22:43.620, 180 MHz, 405 MHz, 0x0000000000000000, 11.40 W, 0 %, 382 MiB
2026/10/01 04:22:44.132, 180 MHz, 405 MHz, 0x0000000000000000, 11.88 W, 0 %, 379 MiB
2026/10/01 04:22:44.634, 180 MHz, 405 MHz, 0x0000000000000000, 12.78 W, 0 %, 379 MiB
2026/10/01 04:22:45.147, 180 MHz, 405 MHz, 0x0000000000000000, 13.32 W, 0 %, 379 MiB
2026/10/01 04:22:45.648, 180 MHz, 405 MHz, 0x0000000000000000, 13.41 W, 0 %, 379 MiB
2026/10/01 04:22:46.161, 180 MHz, 405 MHz, 0x0000000000000000, 13.41 W, 0 %, 379 MiB
2026/10/01 04:22:46.675, 180 MHz, 405 MHz, 0x0000000000000000, 11.19 W, 0 %, 379 MiB
2026/10/01 04:22:47.176, 180 MHz, 405 MHz, 0x0000000000000000, 11.19 W, 0 %, 379 MiB
2026/10/01 04:22:47.678, 180 MHz, 405 MHz, 0x0000000000000000, 11.05 W, 0 %, 379 MiB
2026/10/01 04:22:48.191, 180 MHz, 405 MHz, 0x0000000000000000, 11.01 W, 0 %, 379 MiB
2026/10/01 04:22:48.692, 180 MHz, 405 MHz, 0x0000000000000000, 11.01 W, 0 %, 379 MiB
2026/10/01 04:22:49.192, 180 MHz, 405 MHz, 0x0000000000000000, 11.05 W, 0 %, 379 MiB
2026/10/01 04:22:49.706, 180 MHz, 405 MHz, 0x0000000000000000, 11.05 W, 0 %, 379 MiB
2026/10/01 04:22:50.221, 172 MHz, 405 MHz, 0x0000000000000000, 10.91 W, 0 %, 379 MiB
2026/10/01 04:22:50.722, 172 MHz, 405 MHz, 0x0000000000000000, 10.91 W, 0 %, 379 MiB
2026/10/01 04:22:51.223, 180 MHz, 405 MHz, 0x0000000000000000, 10.87 W, 0 %, 379 MiB
2026/10/01 04:22:51.725, 180 MHz, 405 MHz, 0x0000000000000000, 10.87 W, 0 %, 379 MiB
2026/10/01 04:22:52.225, 180 MHz, 405 MHz, 0x0000000000000000, 10.98 W, 0 %, 379 MiB
2026/10/01 04:22:52.740, 180 MHz, 405 MHz, 0x0000000000000000, 10.98 W, 0 %, 379 MiB
2026/10/01 04:22:53.242, 180 MHz, 405 MHz, 0x0000000000000000, 10.85 W, 0 %, 379 MiB
2026/10/01 04:22:53.755, 180 MHz, 405 MHz, 0x0000000000000000, 10.85 W, 0 %, 379 MiB
2026/10/01 04:22:54.261, 180 MHz, 405 MHz, 0x0000000000000000, 10.80 W, 0 %, 379 MiB
2026/10/01 04:22:54.761, 180 MHz, 405 MHz, 0x0000000000000000, 10.80 W, 0 %, 379 MiB
2026/10/01 04:22:55.274, 180 MHz, 405 MHz, 0x0000000000000000, 10.97 W, 0 %, 379 MiB
2026/10/01 04:22:55.789, 180 MHz, 405 MHz, 0x0000000000000000, 10.97 W, 0 %, 379 MiB
2026/10/01 04:22:56.303, 180 MHz, 405 MHz, 0x0000000000000000, 10.76 W, 0 %, 379 MiB
2026/10/01 04:22:56.805, 180 MHz, 405 MHz, 0x0000000000000000, 10.76 W, 0 %, 379 MiB
2026/10/01 04:22:57.320, 180 MHz, 405 MHz, 0x0000000000000000, 10.68 W, 0 %, 379 MiB
2026/10/01 04:22:57.835, 180 MHz, 405 MHz, 0x0000000000000000, 10.68 W, 0 %, 379 MiB
2026/10/01 04:22:58.351, 180 MHz, 405 MHz, 0x0000000000000000, 10.77 W, 0 %, 379 MiB
2026/10/01 04:22:58.866, 180 MHz, 405 MHz, 0x0000000000000000, 10.99 W, 0 %, 379 MiB
2026/10/01 04:22:59.379, 180 MHz, 405 MHz, 0x0000000000000000, 11.76 W, 0 %, 379 MiB
2026/10/01 04:22:59.893, 180 MHz, 405 MHz, 0x0000000000000000, 11.84 W, 0 %, 379 MiB
2026/10/01 04:23:00.395, 180 MHz, 405 MHz, 0x0000000000000000, 11.84 W, 0 %, 379 MiB
2026/10/01 04:23:00.907, 180 MHz, 405 MHz, 0x0000000000000000, 10.70 W, 0 %, 379 MiB
2026/10/01 04:23:01.420, 180 MHz, 405 MHz, 0x0000000000000000, 10.70 W, 0 %, 379 MiB
2026/10/01 04:23:01.920, 180 MHz, 405 MHz, 0x0000000000000000, 10.78 W, 0 %, 379 MiB
2026/10/01 04:23:02.435, 180 MHz, 405 MHz, 0x0000000000000000, 10.78 W, 0 %, 379 MiB
2026/10/01 04:23:02.938, 180 MHz, 405 MHz, 0x0000000000000000, 10.54 W, 0 %, 379 MiB
2026/10/01 04:23:03.452, 180 MHz, 405 MHz, 0x0000000000000000, 10.54 W, 0 %, 379 MiB
2026/10/01 04:23:03.967, 180 MHz, 405 MHz, 0x0000000000000000, 10.58 W, 0 %, 379 MiB
2026/10/01 04:23:04.469, 180 MHz, 405 MHz, 0x0000000000000000, 10.77 W, 0 %, 384 MiB
2026/10/01 04:23:04.981, 180 MHz, 405 MHz, 0x0000000000000000, 11.60 W, 0 %, 384 MiB
2026/10/01 04:23:05.493, 180 MHz, 405 MHz, 0x0000000000000000, 11.91 W, 0 %, 379 MiB
2026/10/01 04:23:05.995, 180 MHz, 405 MHz, 0x0000000000000000, 12.71 W, 0 %, 379 MiB
2026/10/01 04:23:06.508, 180 MHz, 405 MHz, 0x0000000000000000, 12.61 W, 0 %, 379 MiB
2026/10/01 04:23:07.008, 180 MHz, 405 MHz, 0x0000000000000000, 12.61 W, 0 %, 379 MiB
2026/10/01 04:23:07.509, 180 MHz, 405 MHz, 0x0000000000000000, 10.82 W, 0 %, 379 MiB
2026/10/01 04:23:08.013, 180 MHz, 405 MHz, 0x0000000000000000, 10.82 W, 0 %, 379 MiB
2026/10/01 04:23:08.514, 180 MHz, 405 MHz, 0x0000000000000000, 10.68 W, 0 %, 379 MiB
2026/10/01 04:23:09.025, 180 MHz, 405 MHz, 0x0000000000000000, 10.68 W, 0 %, 379 MiB
2026/10/01 04:23:09.525, 180 MHz, 405 MHz, 0x0000000000000000, 10.42 W, 0 %, 379 MiB
2026/10/01 04:23:10.026, 180 MHz, 405 MHz, 0x0000000000000000, 10.42 W, 0 %, 379 MiB
2026/10/01 04:23:10.527, 180 MHz, 405 MHz, 0x0000000000000000, 10.49 W, 0 %, 379 MiB
2026/10/01 04:23:11.038, 180 MHz, 405 MHz, 0x0000000000000000, 10.49 W, 0 %, 379 MiB
2026/10/01 04:23:11.552, 172 MHz, 405 MHz, 0x0000000000000000, 10.76 W, 0 %, 379 MiB
2026/10/01 04:23:12.067, 172 MHz, 405 MHz, 0x0000000000000000, 10.76 W, 0 %, 379 MiB
2026/10/01 04:23:12.583, 180 MHz, 405 MHz, 0x0000000000000000, 10.78 W, 0 %, 379 MiB
2026/10/01 04:23:13.095, 180 MHz, 405 MHz, 0x0000000000000000, 10.78 W, 0 %, 379 MiB
2026/10/01 04:23:13.606, 180 MHz, 405 MHz, 0x0000000000000000, 10.62 W, 0 %, 379 MiB
2026/10/01 04:23:14.120, 180 MHz, 405 MHz, 0x0000000000000000, 10.62 W, 0 %, 379 MiB
2026/10/01 04:23:14.635, 180 MHz, 405 MHz, 0x0000000000000000, 10.71 W, 0 %, 379 MiB
2026/10/01 04:23:15.150, 180 MHz, 405 MHz, 0x0000000000000000, 10.71 W, 0 %, 379 MiB
2026/10/01 04:23:15.663, 180 MHz, 405 MHz, 0x0000000000000000, 10.46 W, 0 %, 379 MiB
2026/10/01 04:23:16.176, 180 MHz, 405 MHz, 0x0000000000000000, 10.46 W, 0 %, 379 MiB
2026/10/01 04:23:16.676, 180 MHz, 405 MHz, 0x0000000000000000, 10.43 W, 0 %, 379 MiB
2026/10/01 04:23:17.190, 180 MHz, 405 MHz, 0x0000000000000000, 10.43 W, 0 %, 379 MiB
2026/10/01 04:23:17.706, 180 MHz, 405 MHz, 0x0000000000000000, 10.56 W, 0 %, 379 MiB
2026/10/01 04:23:18.219, 172 MHz, 405 MHz, 0x0000000000000000, 10.58 W, 0 %, 379 MiB
2026/10/01 04:23:18.734, 172 MHz, 405 MHz, 0x0000000000000000, 10.58 W, 0 %, 379 MiB
2026/10/01 04:23:19.247, 180 MHz, 405 MHz, 0x0000000000000000, 10.43 W, 0 %, 379 MiB
2026/10/01 04:23:19.759, 180 MHz, 405 MHz, 0x0000000000000000, 10.43 W, 0 %, 379 MiB
2026/10/01 04:23:20.273, 180 MHz, 405 MHz, 0x0000000000000000, 10.56 W, 0 %, 379 MiB
2026/10/01 04:23:20.787, 180 MHz, 405 MHz, 0x0000000000000000, 10.56 W, 0 %, 379 MiB
2026/10/01 04:23:21.287, 180 MHz, 405 MHz, 0x0000000000000000, 10.71 W, 0 %, 379 MiB
2026/10/01 04:23:21.803, 180 MHz, 405 MHz, 0x0000000000000000, 10.71 W, 0 %, 379 MiB
2026/10/01 04:23:22.318, 180 MHz, 405 MHz, 0x0000000000000000, 10.73 W, 0 %, 379 MiB
2026/10/01 04:23:22.832, 180 MHz, 405 MHz, 0x0000000000000000, 10.73 W, 0 %, 379 MiB
2026/10/01 04:23:23.335, 180 MHz, 405 MHz, 0x0000000000000000, 10.79 W, 0 %, 379 MiB
2026/10/01 04:23:23.851, 180 MHz, 405 MHz, 0x0000000000000000, 10.79 W, 0 %, 379 MiB
2026/10/01 04:23:24.353, 180 MHz, 405 MHz, 0x0000000000000000, 10.63 W, 0 %, 379 MiB
2026/10/01 04:23:24.853, 180 MHz, 405 MHz, 0x0000000000000000, 10.63 W, 0 %, 379 MiB
2026/10/01 04:23:25.354, 180 MHz, 405 MHz, 0x0000000000000000, 10.59 W, 0 %, 382 MiB
2026/10/01 04:23:25.854, 180 MHz, 405 MHz, 0x0000000000000000, 11.13 W, 0 %, 382 MiB
2026/10/01 04:23:26.354, 180 MHz, 405 MHz, 0x0000000000000000, 11.44 W, 0 %, 379 MiB
2026/10/01 04:23:26.869, 180 MHz, 405 MHz, 0x0000000000000000, 12.31 W, 0 %, 379 MiB
2026/10/01 04:23:27.382, 180 MHz, 405 MHz, 0x0000000000000000, 12.17 W, 0 %, 379 MiB
2026/10/01 04:23:27.883, 180 MHz, 405 MHz, 0x0000000000000000, 12.11 W, 0 %, 379 MiB
2026/10/01 04:23:28.383, 180 MHz, 405 MHz, 0x0000000000000000, 12.11 W, 0 %, 379 MiB
2026/10/01 04:23:28.898, 180 MHz, 405 MHz, 0x0000000000000000, 10.69 W, 0 %, 379 MiB
2026/10/01 04:23:29.410, 180 MHz, 405 MHz, 0x0000000000000000, 10.69 W, 0 %, 379 MiB
2026/10/01 04:23:29.925, 180 MHz, 405 MHz, 0x0000000000000000, 10.64 W, 0 %, 379 MiB
2026/10/01 04:23:30.439, 180 MHz, 405 MHz, 0x0000000000000000, 10.64 W, 0 %, 379 MiB
2026/10/01 04:23:30.952, 180 MHz, 405 MHz, 0x0000000000000000, 10.69 W, 0 %, 379 MiB
2026/10/01 04:23:31.468, 180 MHz, 405 MHz, 0x0000000000000000, 10.69 W, 0 %, 379 MiB
2026/10/01 04:23:31.982, 180 MHz, 405 MHz, 0x0000000000000000, 10.63 W, 0 %, 379 MiB
2026/10/01 04:23:32.498, 180 MHz, 405 MHz, 0x0000000000000000, 10.63 W, 0 %, 379 MiB
2026/10/01 04:23:32.999, 180 MHz, 405 MHz, 0x0000000000000000, 10.63 W, 0 %, 379 MiB
2026/10/01 04:23:33.501, 180 MHz, 405 MHz, 0x0000000000000000, 10.63 W, 0 %, 379 MiB
2026/10/01 04:23:34.002, 180 MHz, 405 MHz, 0x0000000000000000, 10.61 W, 0 %, 379 MiB
2026/10/01 04:23:34.506, 180 MHz, 405 MHz, 0x0000000000000000, 10.61 W, 0 %, 379 MiB
2026/10/01 04:23:35.008, 180 MHz, 405 MHz, 0x0000000000000000, 10.70 W, 0 %, 379 MiB
2026/10/01 04:23:35.524, 180 MHz, 405 MHz, 0x0000000000000000, 10.70 W, 0 %, 379 MiB
2026/10/01 04:23:36.039, 180 MHz, 405 MHz, 0x0000000000000000, 10.69 W, 0 %, 379 MiB
2026/10/01 04:23:36.552, 180 MHz, 405 MHz, 0x0000000000000000, 10.69 W, 0 %, 379 MiB
2026/10/01 04:23:37.056, 180 MHz, 405 MHz, 0x0000000000000000, 10.63 W, 0 %, 379 MiB
2026/10/01 04:23:37.558, 180 MHz, 405 MHz, 0x0000000000000000, 10.63 W, 0 %, 379 MiB
2026/10/01 04:23:38.072, 180 MHz, 405 MHz, 0x0000000000000000, 10.59 W, 0 %, 379 MiB
2026/10/01 04:23:38.585, 180 MHz, 405 MHz, 0x0000000000000000, 10.59 W, 0 %, 379 MiB
2026/10/01 04:23:39.100, 180 MHz, 405 MHz, 0x0000000000000000, 11.14 W, 0 %, 379 MiB
2026/10/01 04:23:39.614, 180 MHz, 405 MHz, 0x0000000000000000, 11.41 W, 0 %, 379 MiB
2026/10/01 04:23:40.114, 180 MHz, 405 MHz, 0x0000000000000000, 12.25 W, 0 %, 875 MiB
2026/10/01 04:23:40.627, 1410 MHz, 13801 MHz, 0x0000000000000000, 20.16 W, 0 %, 9343 MiB
2026/10/01 04:23:41.131, 2422 MHz, 13801 MHz, 0x0000000000000000, 36.76 W, 51 %, 19659 MiB
2026/10/01 04:23:41.633, 2392 MHz, 13801 MHz, 0x0000000000000000, 65.12 W, 1 %, 19659 MiB
2026/10/01 04:23:42.136, 2400 MHz, 13801 MHz, 0x0000000000000000, 63.34 W, 1 %, 19659 MiB
2026/10/01 04:23:42.637, 2392 MHz, 13801 MHz, 0x0000000000000000, 58.43 W, 1 %, 19659 MiB
2026/10/01 04:23:43.152, 2392 MHz, 13801 MHz, 0x0000000000000000, 58.36 W, 0 %, 19659 MiB
2026/10/01 04:23:43.668, 2392 MHz, 13801 MHz, 0x0000000000000000, 58.54 W, 0 %, 19659 MiB
2026/10/01 04:23:44.170, 2392 MHz, 13801 MHz, 0x0000000000000000, 58.44 W, 0 %, 19659 MiB
2026/10/01 04:23:44.681, 2392 MHz, 13801 MHz, 0x0000000000000000, 58.13 W, 0 %, 19659 MiB
2026/10/01 04:23:45.193, 2392 MHz, 13801 MHz, 0x0000000000000000, 58.28 W, 0 %, 19659 MiB
2026/10/01 04:23:45.704, 2400 MHz, 13801 MHz, 0x0000000000000000, 58.33 W, 0 %, 19659 MiB
2026/10/01 04:23:46.218, 2445 MHz, 13801 MHz, 0x0000000000000000, 60.51 W, 0 %, 19659 MiB
2026/10/01 04:23:46.729, 750 MHz, 7001 MHz, 0x0000000000000000, 55.37 W, 0 %, 19661 MiB
2026/10/01 04:23:47.242, 547 MHz, 810 MHz, 0x0000000000000000, 42.15 W, 2 %, 19659 MiB
2026/10/01 04:23:47.757, 487 MHz, 810 MHz, 0x0000000000000000, 31.47 W, 1 %, 19659 MiB
2026/10/01 04:23:48.268, 390 MHz, 810 MHz, 0x0000000000000000, 29.71 W, 1 %, 19659 MiB
2026/10/01 04:23:48.779, 345 MHz, 405 MHz, 0x0000000000000000, 28.78 W, 1 %, 19659 MiB
2026/10/01 04:23:49.280, 322 MHz, 405 MHz, 0x0000000000000000, 27.13 W, 1 %, 19659 MiB
2026/10/01 04:23:49.793, 277 MHz, 405 MHz, 0x0000000000000000, 25.60 W, 1 %, 19659 MiB
2026/10/01 04:23:50.307, 292 MHz, 405 MHz, 0x0000000000000000, 24.72 W, 5 %, 19659 MiB
2026/10/01 04:23:50.817, 420 MHz, 405 MHz, 0x0000000000000000, 25.92 W, 6 %, 19659 MiB
2026/10/01 04:23:51.326, 247 MHz, 405 MHz, 0x0000000000000000, 26.79 W, 1 %, 19659 MiB
2026/10/01 04:23:51.836, 300 MHz, 405 MHz, 0x0000000000000000, 25.90 W, 3 %, 19659 MiB
2026/10/01 04:23:52.352, 382 MHz, 405 MHz, 0x0000000000000000, 25.82 W, 6 %, 19659 MiB
2026/10/01 04:23:52.855, 495 MHz, 405 MHz, 0x0000000000000000, 27.41 W, 9 %, 19659 MiB
2026/10/01 04:23:53.370, 382 MHz, 405 MHz, 0x0000000000000000, 27.93 W, 6 %, 19659 MiB
2026/10/01 04:23:53.884, 510 MHz, 405 MHz, 0x0000000000000000, 28.85 W, 9 %, 19659 MiB
2026/10/01 04:23:54.388, 457 MHz, 405 MHz, 0x0000000000000000, 28.83 W, 6 %, 19659 MiB
2026/10/01 04:23:54.889, 465 MHz, 405 MHz, 0x0000000000000000, 28.38 W, 8 %, 19659 MiB
2026/10/01 04:23:55.404, 270 MHz, 405 MHz, 0x0000000000000000, 27.31 W, 2 %, 19659 MiB
2026/10/01 04:23:55.906, 435 MHz, 405 MHz, 0x0000000000000000, 26.59 W, 7 %, 19659 MiB
2026/10/01 04:23:56.408, 457 MHz, 405 MHz, 0x0000000000000000, 27.47 W, 9 %, 19659 MiB
2026/10/01 04:23:56.913, 217 MHz, 405 MHz, 0x0000000000000000, 26.31 W, 10 %, 19659 MiB
2026/10/01 04:23:57.415, 465 MHz, 405 MHz, 0x0000000000000000, 24.79 W, 7 %, 19659 MiB
2026/10/01 04:23:57.917, 495 MHz, 405 MHz, 0x0000000000000000, 27.09 W, 8 %, 19659 MiB
2026/10/01 04:23:58.432, 367 MHz, 405 MHz, 0x0000000000000000, 28.19 W, 5 %, 19659 MiB
2026/10/01 04:23:58.946, 457 MHz, 405 MHz, 0x0000000000000000, 27.98 W, 6 %, 19659 MiB
2026/10/01 04:23:59.452, 472 MHz, 405 MHz, 0x0000000000000000, 28.84 W, 9 %, 19659 MiB
2026/10/01 04:23:59.966, 532 MHz, 405 MHz, 0x0000000000000000, 30.27 W, 6 %, 19659 MiB
2026/10/01 04:24:00.478, 315 MHz, 405 MHz, 0x0000000000000000, 29.42 W, 2 %, 19659 MiB
2026/10/01 04:24:00.991, 472 MHz, 405 MHz, 0x0000000000000000, 28.55 W, 2 %, 19659 MiB
2026/10/01 04:24:01.504, 480 MHz, 405 MHz, 0x0000000000000000, 28.76 W, 8 %, 19659 MiB
2026/10/01 04:24:02.005, 180 MHz, 405 MHz, 0x0000000000000000, 23.59 W, 9 %, 19659 MiB
2026/10/01 04:24:02.520, 180 MHz, 405 MHz, 0x0000000000000000, 16.63 W, 6 %, 19659 MiB
2026/10/01 04:24:03.022, 180 MHz, 405 MHz, 0x0000000000000000, 12.35 W, 10 %, 19659 MiB
2026/10/01 04:24:03.523, 180 MHz, 405 MHz, 0x0000000000000000, 12.40 W, 3 %, 19659 MiB
2026/10/01 04:24:04.023, 180 MHz, 405 MHz, 0x0000000000000000, 12.49 W, 10 %, 19659 MiB
2026/10/01 04:24:04.538, 180 MHz, 405 MHz, 0x0000000000000000, 12.65 W, 5 %, 19659 MiB
2026/10/01 04:24:05.053, 435 MHz, 405 MHz, 0x0000000000000000, 14.95 W, 2 %, 19659 MiB
2026/10/01 04:24:05.568, 412 MHz, 405 MHz, 0x0000000000000000, 22.18 W, 9 %, 19659 MiB
2026/10/01 04:24:06.071, 547 MHz, 405 MHz, 0x0000000000000000, 28.17 W, 6 %, 19659 MiB
2026/10/01 04:24:06.586, 390 MHz, 405 MHz, 0x0000000000000000, 28.91 W, 7 %, 19659 MiB
2026/10/01 04:24:07.102, 435 MHz, 405 MHz, 0x0000000000000000, 26.74 W, 8 %, 19659 MiB
2026/10/01 04:24:07.615, 487 MHz, 405 MHz, 0x0000000000000000, 27.32 W, 5 %, 19664 MiB
2026/10/01 04:24:08.120, 487 MHz, 405 MHz, 0x0000000000000000, 28.67 W, 6 %, 19659 MiB
2026/10/01 04:24:08.634, 352 MHz, 405 MHz, 0x0000000000000000, 27.20 W, 3 %, 19659 MiB
2026/10/01 04:24:09.138, 202 MHz, 405 MHz, 0x0000000000000000, 21.50 W, 5 %, 19659 MiB
2026/10/01 04:24:09.654, 352 MHz, 405 MHz, 0x0000000000000000, 20.70 W, 4 %, 19659 MiB
2026/10/01 04:24:10.156, 345 MHz, 405 MHz, 0x0000000000000000, 24.29 W, 4 %, 19659 MiB
2026/10/01 04:24:10.671, 457 MHz, 405 MHz, 0x0000000000000000, 27.06 W, 7 %, 19659 MiB
2026/10/01 04:24:11.183, 457 MHz, 405 MHz, 0x0000000000000000, 28.17 W, 7 %, 19659 MiB
2026/10/01 04:24:11.696, 450 MHz, 405 MHz, 0x0000000000000000, 28.21 W, 6 %, 19659 MiB
2026/10/01 04:24:12.198, 465 MHz, 405 MHz, 0x0000000000000000, 28.36 W, 7 %, 19659 MiB
2026/10/01 04:24:12.711, 360 MHz, 405 MHz, 0x0000000000000000, 27.53 W, 5 %, 19659 MiB
2026/10/01 04:24:13.226, 450 MHz, 405 MHz, 0x0000000000000000, 27.00 W, 2 %, 19659 MiB
2026/10/01 04:24:13.741, 397 MHz, 405 MHz, 0x0000000000000000, 26.88 W, 5 %, 19659 MiB
2026/10/01 04:24:14.253, 375 MHz, 405 MHz, 0x0000000000000000, 26.74 W, 2 %, 19659 MiB
2026/10/01 04:24:14.768, 495 MHz, 405 MHz, 0x0000000000000000, 27.97 W, 9 %, 19659 MiB
2026/10/01 04:24:15.283, 420 MHz, 405 MHz, 0x0000000000000000, 28.02 W, 4 %, 19659 MiB
2026/10/01 04:24:15.784, 457 MHz, 405 MHz, 0x0000000000000000, 27.59 W, 3 %, 19659 MiB
2026/10/01 04:24:16.286, 480 MHz, 405 MHz, 0x0000000000000000, 27.72 W, 6 %, 19659 MiB
2026/10/01 04:24:16.801, 457 MHz, 405 MHz, 0x0000000000000000, 27.77 W, 8 %, 19659 MiB
2026/10/01 04:24:17.306, 457 MHz, 405 MHz, 0x0000000000000000, 27.48 W, 5 %, 19659 MiB
2026/10/01 04:24:17.809, 517 MHz, 405 MHz, 0x0000000000000000, 27.94 W, 9 %, 19659 MiB
2026/10/01 04:24:18.311, 517 MHz, 405 MHz, 0x0000000000000000, 28.87 W, 4 %, 19659 MiB
2026/10/01 04:24:18.811, 450 MHz, 405 MHz, 0x0000000000000000, 28.35 W, 7 %, 19659 MiB
2026/10/01 04:24:19.327, 427 MHz, 405 MHz, 0x0000000000000000, 27.43 W, 4 %, 19659 MiB
2026/10/01 04:24:19.842, 420 MHz, 405 MHz, 0x0000000000000000, 27.35 W, 6 %, 19659 MiB
2026/10/01 04:24:20.356, 217 MHz, 405 MHz, 0x0000000000000000, 24.01 W, 8 %, 19659 MiB
2026/10/01 04:24:20.858, 315 MHz, 405 MHz, 0x0000000000000000, 22.75 W, 5 %, 19659 MiB
2026/10/01 04:24:21.372, 352 MHz, 405 MHz, 0x0000000000000000, 24.07 W, 6 %, 19659 MiB
2026/10/01 04:24:21.884, 375 MHz, 405 MHz, 0x0000000000000000, 26.61 W, 2 %, 19659 MiB
2026/10/01 04:24:22.399, 375 MHz, 405 MHz, 0x0000000000000000, 27.04 W, 4 %, 19659 MiB
2026/10/01 04:24:22.901, 360 MHz, 405 MHz, 0x0000000000000000, 26.00 W, 3 %, 19659 MiB
2026/10/01 04:24:23.416, 382 MHz, 405 MHz, 0x0000000000000000, 26.15 W, 8 %, 19659 MiB
2026/10/01 04:24:23.916, 330 MHz, 405 MHz, 0x0000000000000000, 25.89 W, 2 %, 19659 MiB
2026/10/01 04:24:24.430, 532 MHz, 405 MHz, 0x0000000000000000, 27.14 W, 7 %, 19659 MiB
2026/10/01 04:24:24.931, 495 MHz, 405 MHz, 0x0000000000000000, 28.54 W, 7 %, 19659 MiB
2026/10/01 04:24:25.432, 240 MHz, 405 MHz, 0x0000000000000000, 26.67 W, 5 %, 19659 MiB
2026/10/01 04:24:25.934, 367 MHz, 405 MHz, 0x0000000000000000, 25.85 W, 5 %, 19659 MiB
2026/10/01 04:24:26.436, 382 MHz, 405 MHz, 0x0000000000000000, 26.97 W, 4 %, 19659 MiB
2026/10/01 04:24:26.938, 397 MHz, 405 MHz, 0x0000000000000000, 26.85 W, 5 %, 19659 MiB
2026/10/01 04:24:27.439, 367 MHz, 405 MHz, 0x0000000000000000, 26.61 W, 3 %, 19659 MiB
2026/10/01 04:24:27.939, 472 MHz, 405 MHz, 0x0000000000000000, 27.27 W, 7 %, 19659 MiB
2026/10/01 04:24:28.440, 405 MHz, 405 MHz, 0x0000000000000000, 28.07 W, 7 %, 19664 MiB
2026/10/01 04:24:28.956, 420 MHz, 405 MHz, 0x0000000000000000, 28.08 W, 5 %, 19664 MiB
2026/10/01 04:24:29.459, 405 MHz, 405 MHz, 0x0000000000000000, 26.81 W, 4 %, 19659 MiB
2026/10/01 04:24:29.974, 405 MHz, 405 MHz, 0x0000000000000000, 25.25 W, 6 %, 19659 MiB
2026/10/01 04:24:30.488, 480 MHz, 405 MHz, 0x0000000000000000, 25.88 W, 6 %, 19659 MiB
2026/10/01 04:24:30.989, 397 MHz, 405 MHz, 0x0000000000000000, 27.00 W, 7 %, 19659 MiB
2026/10/01 04:24:31.503, 390 MHz, 405 MHz, 0x0000000000000000, 26.83 W, 5 %, 19659 MiB
2026/10/01 04:24:32.005, 457 MHz, 405 MHz, 0x0000000000000000, 27.14 W, 7 %, 19659 MiB
2026/10/01 04:24:32.518, 285 MHz, 405 MHz, 0x0000000000000000, 26.31 W, 2 %, 19659 MiB
2026/10/01 04:24:33.018, 382 MHz, 405 MHz, 0x0000000000000000, 25.73 W, 3 %, 19659 MiB
2026/10/01 04:24:33.533, 285 MHz, 405 MHz, 0x0000000000000000, 25.35 W, 3 %, 19659 MiB
2026/10/01 04:24:34.034, 292 MHz, 405 MHz, 0x0000000000000000, 24.71 W, 3 %, 19659 MiB
2026/10/01 04:24:34.549, 532 MHz, 405 MHz, 0x0000000000000000, 27.48 W, 7 %, 19659 MiB
2026/10/01 04:24:35.049, 345 MHz, 405 MHz, 0x0000000000000000, 28.21 W, 6 %, 19659 MiB
2026/10/01 04:24:35.564, 442 MHz, 405 MHz, 0x0000000000000000, 27.39 W, 7 %, 19659 MiB
2026/10/01 04:24:36.077, 352 MHz, 405 MHz, 0x0000000000000000, 27.55 W, 6 %, 19659 MiB
2026/10/01 04:24:36.591, 442 MHz, 405 MHz, 0x0000000000000000, 26.91 W, 2 %, 19659 MiB
2026/10/01 04:24:37.097, 202 MHz, 405 MHz, 0x0000000000000000, 23.85 W, 3 %, 19659 MiB
2026/10/01 04:24:37.608, 517 MHz, 405 MHz, 0x0000000000000000, 22.35 W, 9 %, 19659 MiB
2026/10/01 04:24:38.123, 375 MHz, 405 MHz, 0x0000000000000000, 23.66 W, 5 %, 19659 MiB
2026/10/01 04:24:38.624, 367 MHz, 405 MHz, 0x0000000000000000, 26.28 W, 4 %, 19659 MiB
2026/10/01 04:24:39.139, 345 MHz, 405 MHz, 0x0000000000000000, 27.18 W, 8 %, 19659 MiB
2026/10/01 04:24:39.653, 382 MHz, 405 MHz, 0x0000000000000000, 27.28 W, 7 %, 19659 MiB
2026/10/01 04:24:40.168, 457 MHz, 405 MHz, 0x0000000000000000, 28.15 W, 6 %, 19659 MiB
2026/10/01 04:24:40.684, 465 MHz, 405 MHz, 0x0000000000000000, 27.73 W, 5 %, 19659 MiB
2026/10/01 04:24:41.193, 322 MHz, 405 MHz, 0x0000000000000000, 26.57 W, 2 %, 19659 MiB
2026/10/01 04:24:41.698, 382 MHz, 405 MHz, 0x0000000000000000, 25.69 W, 8 %, 19659 MiB
2026/10/01 04:24:42.212, 465 MHz, 405 MHz, 0x0000000000000000, 26.75 W, 4 %, 19659 MiB
2026/10/01 04:24:42.723, 525 MHz, 405 MHz, 0x0000000000000000, 28.45 W, 9 %, 19659 MiB
2026/10/01 04:24:43.225, 480 MHz, 405 MHz, 0x0000000000000000, 27.52 W, 8 %, 19659 MiB
2026/10/01 04:24:43.740, 337 MHz, 405 MHz, 0x0000000000000000, 26.60 W, 4 %, 19659 MiB
2026/10/01 04:24:44.242, 465 MHz, 405 MHz, 0x0000000000000000, 27.06 W, 9 %, 19659 MiB
2026/10/01 04:24:44.756, 480 MHz, 405 MHz, 0x0000000000000000, 27.94 W, 8 %, 19659 MiB
2026/10/01 04:24:45.272, 435 MHz, 405 MHz, 0x0000000000000000, 27.63 W, 6 %, 19659 MiB
2026/10/01 04:24:45.773, 292 MHz, 405 MHz, 0x0000000000000000, 26.70 W, 4 %, 19659 MiB
2026/10/01 04:24:46.285, 390 MHz, 405 MHz, 0x0000000000000000, 26.24 W, 1 %, 19659 MiB
2026/10/01 04:24:46.801, 487 MHz, 405 MHz, 0x0000000000000000, 25.98 W, 2 %, 19659 MiB
2026/10/01 04:24:47.315, 615 MHz, 405 MHz, 0x0000000000000000, 27.87 W, 9 %, 19659 MiB
2026/10/01 04:24:47.817, 525 MHz, 405 MHz, 0x0000000000000000, 29.05 W, 2 %, 19659 MiB
2026/10/01 04:24:48.332, 247 MHz, 405 MHz, 0x0000000000000000, 24.90 W, 5 %, 19659 MiB
2026/10/01 04:24:48.846, 390 MHz, 405 MHz, 0x0000000000000000, 23.17 W, 6 %, 19659 MiB
2026/10/01 04:24:49.348, 472 MHz, 405 MHz, 0x0000000000000000, 27.05 W, 5 %, 19661 MiB
2026/10/01 04:24:49.864, 397 MHz, 405 MHz, 0x0000000000000000, 27.86 W, 5 %, 19661 MiB
2026/10/01 04:24:50.379, 412 MHz, 405 MHz, 0x0000000000000000, 27.42 W, 5 %, 19659 MiB
2026/10/01 04:24:50.882, 330 MHz, 405 MHz, 0x0000000000000000, 25.71 W, 3 %, 19659 MiB
2026/10/01 04:24:51.385, 360 MHz, 405 MHz, 0x0000000000000000, 24.85 W, 5 %, 19659 MiB
2026/10/01 04:24:51.899, 390 MHz, 405 MHz, 0x0000000000000000, 25.70 W, 5 %, 19659 MiB
2026/10/01 04:24:52.411, 405 MHz, 405 MHz, 0x0000000000000000, 26.12 W, 4 %, 19659 MiB
2026/10/01 04:24:52.923, 420 MHz, 405 MHz, 0x0000000000000000, 26.38 W, 7 %, 19659 MiB
2026/10/01 04:24:53.435, 442 MHz, 405 MHz, 0x0000000000000000, 27.37 W, 7 %, 19659 MiB
2026/10/01 04:24:53.947, 457 MHz, 405 MHz, 0x0000000000000000, 27.91 W, 7 %, 19659 MiB
2026/10/01 04:24:54.458, 465 MHz, 405 MHz, 0x0000000000000000, 27.71 W, 7 %, 19659 MiB
2026/10/01 04:24:54.969, 472 MHz, 405 MHz, 0x0000000000000000, 27.62 W, 7 %, 19659 MiB
2026/10/01 04:24:55.480, 457 MHz, 405 MHz, 0x0000000000000000, 27.72 W, 7 %, 19659 MiB
2026/10/01 04:24:55.988, 427 MHz, 405 MHz, 0x0000000000000000, 27.18 W, 6 %, 19659 MiB
2026/10/01 04:24:56.498, 330 MHz, 405 MHz, 0x0000000000000000, 25.28 W, 1 %, 19659 MiB
2026/10/01 04:24:57.009, 352 MHz, 405 MHz, 0x0000000000000000, 24.17 W, 3 %, 19659 MiB
2026/10/01 04:24:57.522, 427 MHz, 405 MHz, 0x0000000000000000, 25.07 W, 8 %, 19659 MiB
2026/10/01 04:24:58.032, 450 MHz, 405 MHz, 0x0000000000000000, 26.61 W, 6 %, 19659 MiB
2026/10/01 04:24:58.548, 315 MHz, 405 MHz, 0x0000000000000000, 26.64 W, 8 %, 19659 MiB
2026/10/01 04:24:59.049, 472 MHz, 405 MHz, 0x0000000000000000, 26.69 W, 8 %, 19659 MiB
2026/10/01 04:24:59.564, 405 MHz, 405 MHz, 0x0000000000000000, 26.71 W, 3 %, 19659 MiB
2026/10/01 04:25:00.067, 427 MHz, 405 MHz, 0x0000000000000000, 25.87 W, 5 %, 19659 MiB
2026/10/01 04:25:00.581, 322 MHz, 405 MHz, 0x0000000000000000, 25.38 W, 5 %, 19659 MiB
2026/10/01 04:25:01.096, 450 MHz, 405 MHz, 0x0000000000000000, 25.83 W, 5 %, 19659 MiB
2026/10/01 04:25:01.610, 277 MHz, 405 MHz, 0x0000000000000000, 25.75 W, 2 %, 19659 MiB
2026/10/01 04:25:02.111, 315 MHz, 405 MHz, 0x0000000000000000, 23.73 W, 7 %, 19659 MiB
2026/10/01 04:25:02.612, 450 MHz, 405 MHz, 0x0000000000000000, 24.56 W, 4 %, 19659 MiB
2026/10/01 04:25:03.113, 427 MHz, 405 MHz, 0x0000000000000000, 25.87 W, 4 %, 19659 MiB
2026/10/01 04:25:03.627, 330 MHz, 405 MHz, 0x0000000000000000, 25.28 W, 5 %, 19659 MiB
2026/10/01 04:25:04.139, 457 MHz, 405 MHz, 0x0000000000000000, 26.01 W, 4 %, 19659 MiB
2026/10/01 04:25:04.639, 480 MHz, 405 MHz, 0x0000000000000000, 27.27 W, 9 %, 19659 MiB
2026/10/01 04:25:05.140, 180 MHz, 405 MHz, 0x0000000000000000, 21.42 W, 7 %, 19659 MiB
2026/10/01 04:25:05.652, 255 MHz, 405 MHz, 0x0000000000000000, 15.22 W, 5 %, 19659 MiB
2026/10/01 04:25:06.165, 517 MHz, 405 MHz, 0x0000000000000000, 18.11 W, 7 %, 19659 MiB
2026/10/01 04:25:06.678, 412 MHz, 405 MHz, 0x0000000000000000, 23.04 W, 7 %, 19659 MiB
2026/10/01 04:25:07.180, 532 MHz, 405 MHz, 0x0000000000000000, 26.93 W, 9 %, 19659 MiB
2026/10/01 04:25:07.694, 307 MHz, 405 MHz, 0x0000000000000000, 25.55 W, 9 %, 19659 MiB
2026/10/01 04:25:08.195, 420 MHz, 405 MHz, 0x0000000000000000, 24.43 W, 6 %, 19659 MiB
2026/10/01 04:25:08.710, 375 MHz, 405 MHz, 0x0000000000000000, 25.84 W, 5 %, 19659 MiB
2026/10/01 04:25:09.225, 375 MHz, 405 MHz, 0x0000000000000000, 25.32 W, 6 %, 19659 MiB
2026/10/01 04:25:09.740, 457 MHz, 405 MHz, 0x0000000000000000, 25.02 W, 6 %, 19659 MiB
2026/10/01 04:25:10.255, 457 MHz, 405 MHz, 0x0000000000000000, 26.90 W, 7 %, 19661 MiB
2026/10/01 04:25:10.770, 472 MHz, 405 MHz, 0x0000000000000000, 27.30 W, 7 %, 19661 MiB
2026/10/01 04:25:11.286, 457 MHz, 405 MHz, 0x0000000000000000, 26.41 W, 7 %, 19659 MiB
2026/10/01 04:25:11.801, 390 MHz, 405 MHz, 0x0000000000000000, 25.21 W, 5 %, 19659 MiB
2026/10/01 04:25:12.302, 412 MHz, 405 MHz, 0x0000000000000000, 24.64 W, 4 %, 19659 MiB
2026/10/01 04:25:12.816, 382 MHz, 405 MHz, 0x0000000000000000, 25.18 W, 3 %, 19659 MiB
2026/10/01 04:25:13.331, 345 MHz, 405 MHz, 0x0000000000000000, 25.00 W, 7 %, 19659 MiB
2026/10/01 04:25:13.831, 397 MHz, 405 MHz, 0x0000000000000000, 24.71 W, 4 %, 19659 MiB
2026/10/01 04:25:14.345, 450 MHz, 405 MHz, 0x0000000000000000, 25.24 W, 7 %, 19659 MiB
2026/10/01 04:25:14.845, 397 MHz, 405 MHz, 0x0000000000000000, 25.16 W, 4 %, 19659 MiB
2026/10/01 04:25:15.357, 345 MHz, 405 MHz, 0x0000000000000000, 24.78 W, 3 %, 19659 MiB
2026/10/01 04:25:15.858, 540 MHz, 405 MHz, 0x0000000000000000, 25.63 W, 9 %, 19659 MiB
2026/10/01 04:25:16.359, 352 MHz, 405 MHz, 0x0000000000000000, 25.38 W, 4 %, 19659 MiB
2026/10/01 04:25:16.872, 532 MHz, 405 MHz, 0x0000000000000000, 25.72 W, 8 %, 19659 MiB
2026/10/01 04:25:17.386, 315 MHz, 405 MHz, 0x0000000000000000, 26.03 W, 5 %, 19659 MiB
2026/10/01 04:25:17.899, 517 MHz, 405 MHz, 0x0000000000000000, 26.42 W, 9 %, 19659 MiB
2026/10/01 04:25:18.415, 315 MHz, 405 MHz, 0x0000000000000000, 26.57 W, 5 %, 19659 MiB
2026/10/01 04:25:18.917, 412 MHz, 405 MHz, 0x0000000000000000, 26.11 W, 9 %, 19659 MiB
2026/10/01 04:25:19.431, 382 MHz, 405 MHz, 0x0000000000000000, 26.35 W, 6 %, 19659 MiB
2026/10/01 04:25:19.945, 270 MHz, 405 MHz, 0x0000000000000000, 24.63 W, 2 %, 19659 MiB
2026/10/01 04:25:20.448, 307 MHz, 405 MHz, 0x0000000000000000, 23.63 W, 2 %, 19659 MiB
2026/10/01 04:25:20.950, 285 MHz, 405 MHz, 0x0000000000000000, 23.73 W, 3 %, 19659 MiB
2026/10/01 04:25:21.463, 277 MHz, 405 MHz, 0x0000000000000000, 23.18 W, 2 %, 19659 MiB
2026/10/01 04:25:21.978, 300 MHz, 405 MHz, 0x0000000000000000, 23.14 W, 2 %, 19659 MiB
2026/10/01 04:25:22.492, 292 MHz, 405 MHz, 0x0000000000000000, 23.33 W, 1 %, 19662 MiB
2026/10/01 04:25:23.007, 412 MHz, 405 MHz, 0x0000000000000000, 24.61 W, 4 %, 19662 MiB
2026/10/01 04:25:23.507, 495 MHz, 405 MHz, 0x0000000000000000, 26.77 W, 4 %, 19662 MiB
2026/10/01 04:25:24.020, 532 MHz, 405 MHz, 0x0000000000000000, 28.37 W, 7 %, 19662 MiB
2026/10/01 04:25:24.520, 427 MHz, 405 MHz, 0x0000000000000000, 27.58 W, 4 %, 19662 MiB
2026/10/01 04:25:25.032, 457 MHz, 405 MHz, 0x0000000000000000, 27.16 W, 6 %, 19662 MiB
2026/10/01 04:25:25.548, 457 MHz, 405 MHz, 0x0000000000000000, 26.96 W, 3 %, 19659 MiB
2026/10/01 04:25:26.048, 502 MHz, 405 MHz, 0x0000000000000000, 26.43 W, 6 %, 19659 MiB
2026/10/01 04:25:26.550, 412 MHz, 405 MHz, 0x0000000000000000, 25.39 W, 7 %, 19659 MiB
2026/10/01 04:25:27.064, 592 MHz, 7001 MHz, 0x0000000000000000, 39.66 W, 68 %, 31723 MiB
2026/10/01 04:25:27.579, 2932 MHz, 13801 MHz, 0x0000000000000000, 88.43 W, 100 %, 32042 MiB
2026/10/01 04:25:28.091, 2940 MHz, 13801 MHz, 0x0000000000000000, 128.35 W, 14 %, 32042 MiB
2026/10/01 04:25:28.592, 2940 MHz, 13801 MHz, 0x0000000000000000, 116.20 W, 0 %, 25264 MiB
2026/10/01 04:25:29.092, 2940 MHz, 13801 MHz, 0x0000000000000000, 103.53 W, 0 %, 17804 MiB
2026/10/01 04:25:29.606, 2940 MHz, 13801 MHz, 0x0000000000000000, 97.67 W, 0 %, 17804 MiB
2026/10/01 04:25:30.107, 2940 MHz, 13801 MHz, 0x0000000000000000, 91.64 W, 0 %, 17804 MiB
2026/10/01 04:25:30.623, 2940 MHz, 13801 MHz, 0x0000000000000000, 91.45 W, 0 %, 17804 MiB
2026/10/01 04:25:31.138, 735 MHz, 7001 MHz, 0x0000000000000000, 63.23 W, 0 %, 17804 MiB
2026/10/01 04:25:31.640, 577 MHz, 7001 MHz, 0x0000000000000000, 39.43 W, 1 %, 17820 MiB
2026/10/01 04:25:32.143, 465 MHz, 7001 MHz, 0x0000000000000000, 32.95 W, 0 %, 17818 MiB
2026/10/01 04:25:32.658, 382 MHz, 7001 MHz, 0x0000000000000000, 32.30 W, 0 %, 17818 MiB
2026/10/01 04:25:33.160, 292 MHz, 810 MHz, 0x0000000000000000, 28.69 W, 0 %, 17818 MiB
2026/10/01 04:25:33.661, 262 MHz, 810 MHz, 0x0000000000000000, 25.77 W, 0 %, 17818 MiB
2026/10/01 04:25:34.163, 547 MHz, 810 MHz, 0x0000000000000000, 16.62 W, 0 %, 17818 MiB
2026/10/01 04:25:34.674, 180 MHz, 810 MHz, 0x0000000000000000, 14.93 W, 0 %, 18578 MiB
2026/10/01 04:25:35.187, 517 MHz, 405 MHz, 0x0000000000000000, 15.14 W, 0 %, 18674 MiB
2026/10/01 04:25:35.701, 2092 MHz, 13801 MHz, 0x0000000000000000, 48.16 W, 0 %, 18674 MiB
2026/10/01 04:25:36.202, 2032 MHz, 13801 MHz, 0x0000000000000000, 61.12 W, 0 %, 18674 MiB
2026/10/01 04:25:36.716, 2190 MHz, 13801 MHz, 0x0000000000000000, 63.79 W, 0 %, 18674 MiB
2026/10/01 04:25:37.219, 2032 MHz, 7001 MHz, 0x0000000000000000, 62.88 W, 0 %, 18674 MiB
2026/10/01 04:25:37.721, 952 MHz, 7001 MHz, 0x0000000000000000, 44.21 W, 0 %, 18674 MiB
2026/10/01 04:25:38.236, 765 MHz, 7001 MHz, 0x0000000000000000, 45.09 W, 0 %, 18674 MiB
2026/10/01 04:25:38.752, 637 MHz, 7001 MHz, 0x0000000000000000, 34.34 W, 0 %, 18674 MiB
2026/10/01 04:25:39.255, 480 MHz, 7001 MHz, 0x0000000000000000, 33.49 W, 0 %, 18674 MiB
2026/10/01 04:25:39.756, 390 MHz, 7001 MHz, 0x0000000000000000, 32.70 W, 0 %, 18674 MiB
2026/10/01 04:25:40.257, 390 MHz, 7001 MHz, 0x0000000000000000, 32.70 W, 0 %, 18674 MiB
2026/10/01 04:25:40.761, 390 MHz, 7001 MHz, 0x0000000000000000, 31.57 W, 0 %, 18674 MiB
2026/10/01 04:25:41.273, 247 MHz, 7001 MHz, 0x0000000000000000, 31.57 W, 0 %, 18674 MiB
2026/10/01 04:25:41.777, 247 MHz, 7001 MHz, 0x0000000000000000, 15.92 W, 0 %, 18674 MiB
2026/10/01 04:25:42.292, 180 MHz, 810 MHz, 0x0000000000000000, 15.92 W, 0 %, 18674 MiB
2026/10/01 04:25:42.804, 2497 MHz, 13801 MHz, 0x0000000000000000, 42.57 W, 95 %, 18674 MiB
2026/10/01 04:25:43.319, 2940 MHz, 13801 MHz, 0x0000000000000000, 82.50 W, 0 %, 18674 MiB
2026/10/01 04:25:43.834, 2940 MHz, 13801 MHz, 0x0000000000000000, 124.24 W, 17 %, 18674 MiB
2026/10/01 04:25:44.337, 2940 MHz, 13801 MHz, 0x0000000000000000, 97.82 W, 0 %, 18674 MiB
2026/10/01 04:25:44.838, 2932 MHz, 13801 MHz, 0x0000000000000000, 96.72 W, 0 %, 17882 MiB
2026/10/01 04:25:45.338, 1447 MHz, 7001 MHz, 0x0000000000000000, 72.35 W, 0 %, 17882 MiB
2026/10/01 04:25:45.850, 1162 MHz, 7001 MHz, 0x0000000000000000, 38.85 W, 0 %, 17882 MiB
2026/10/01 04:25:46.358, 915 MHz, 7001 MHz, 0x0000000000000000, 35.43 W, 0 %, 17882 MiB
2026/10/01 04:25:46.863, 810 MHz, 7001 MHz, 0x0000000000000000, 35.09 W, 0 %, 17882 MiB
2026/10/01 04:25:47.376, 810 MHz, 7001 MHz, 0x0000000000000000, 35.09 W, 0 %, 17882 MiB
2026/10/01 04:25:47.889, 502 MHz, 7001 MHz, 0x0000000000000000, 33.21 W, 0 %, 17882 MiB
2026/10/01 04:25:48.392, 502 MHz, 7001 MHz, 0x0000000000000000, 33.21 W, 0 %, 17882 MiB
2026/10/01 04:25:48.894, 360 MHz, 7001 MHz, 0x0000000000000000, 31.94 W, 0 %, 17882 MiB
2026/10/01 04:25:49.406, 232 MHz, 7001 MHz, 0x0000000000000000, 31.77 W, 0 %, 17882 MiB
2026/10/01 04:25:49.915, 180 MHz, 810 MHz, 0x0000000000000000, 25.51 W, 0 %, 17882 MiB
2026/10/01 04:25:50.429, 217 MHz, 810 MHz, 0x0000000000000000, 33.72 W, 57 %, 18138 MiB
2026/10/01 04:25:50.944, 2932 MHz, 13801 MHz, 0x0000000000000000, 106.42 W, 0 %, 18138 MiB
2026/10/01 04:25:51.459, 2940 MHz, 13801 MHz, 0x0000000000000000, 133.73 W, 0 %, 18138 MiB
2026/10/01 04:25:51.962, 2940 MHz, 13801 MHz, 0x0000000000000000, 91.66 W, 0 %, 18138 MiB
2026/10/01 04:25:52.477, 2940 MHz, 13801 MHz, 0x0000000000000000, 91.34 W, 0 %, 18143 MiB
2026/10/01 04:25:52.993, 547 MHz, 7001 MHz, 0x0000000000000000, 65.50 W, 0 %, 18143 MiB
2026/10/01 04:25:53.494, 435 MHz, 7001 MHz, 0x0000000000000000, 38.87 W, 0 %, 18138 MiB
2026/10/01 04:25:53.997, 375 MHz, 7001 MHz, 0x0000000000000000, 32.80 W, 0 %, 18138 MiB
2026/10/01 04:25:54.513, 277 MHz, 7001 MHz, 0x0000000000000000, 43.28 W, 64 %, 18138 MiB
2026/10/01 04:25:55.027, 982 MHz, 7001 MHz, 0x0000000000000000, 56.31 W, 0 %, 18138 MiB
2026/10/01 04:25:55.542, 772 MHz, 7001 MHz, 0x0000000000000000, 45.51 W, 0 %, 18138 MiB
2026/10/01 04:25:56.052, 637 MHz, 7001 MHz, 0x0000000000000000, 34.44 W, 0 %, 18138 MiB
2026/10/01 04:25:56.554, 495 MHz, 7001 MHz, 0x0000000000000000, 33.68 W, 0 %, 18138 MiB
2026/10/01 04:25:57.055, 397 MHz, 7001 MHz, 0x0000000000000000, 43.90 W, 57 %, 18138 MiB
2026/10/01 04:25:57.568, 862 MHz, 7001 MHz, 0x0000000000000000, 44.69 W, 0 %, 18138 MiB
2026/10/01 04:25:58.081, 712 MHz, 7001 MHz, 0x0000000000000000, 45.36 W, 0 %, 18138 MiB
2026/10/01 04:25:58.595, 555 MHz, 7001 MHz, 0x0000000000000000, 33.75 W, 0 %, 18138 MiB
2026/10/01 04:25:59.108, 487 MHz, 7001 MHz, 0x0000000000000000, 33.40 W, 0 %, 18138 MiB
2026/10/01 04:25:59.609, 487 MHz, 7001 MHz, 0x0000000000000000, 33.40 W, 0 %, 18138 MiB
2026/10/01 04:26:00.124, 315 MHz, 810 MHz, 0x0000000000000000, 31.64 W, 0 %, 18138 MiB
2026/10/01 04:26:00.637, 315 MHz, 810 MHz, 0x0000000000000000, 31.64 W, 0 %, 18138 MiB
2026/10/01 04:26:01.149, 180 MHz, 810 MHz, 0x0000000000000000, 16.23 W, 0 %, 18138 MiB
2026/10/01 04:26:01.661, 180 MHz, 810 MHz, 0x0000000000000000, 15.17 W, 0 %, 18138 MiB
2026/10/01 04:26:02.172, 180 MHz, 405 MHz, 0x0000000000000000, 15.17 W, 0 %, 18138 MiB
2026/10/01 04:26:02.685, 180 MHz, 405 MHz, 0x0000000000000000, 10.67 W, 0 %, 18138 MiB
2026/10/01 04:26:03.194, 180 MHz, 405 MHz, 0x0000000000000000, 10.67 W, 0 %, 18138 MiB
2026/10/01 04:26:03.703, 180 MHz, 405 MHz, 0x0000000000000000, 10.91 W, 0 %, 18138 MiB
2026/10/01 04:26:04.215, 1560 MHz, 13801 MHz, 0x0000000000000000, 34.99 W, 63 %, 18138 MiB
2026/10/01 04:26:04.730, 2940 MHz, 13801 MHz, 0x0000000000000000, 83.99 W, 0 %, 18138 MiB
2026/10/01 04:26:05.243, 2940 MHz, 13801 MHz, 0x0000000000000000, 92.02 W, 0 %, 18138 MiB
2026/10/01 04:26:05.756, 1642 MHz, 7001 MHz, 0x0000000000000000, 75.20 W, 0 %, 18138 MiB
2026/10/01 04:26:06.257, 682 MHz, 7001 MHz, 0x0000000000000000, 46.33 W, 0 %, 18138 MiB
2026/10/01 04:26:06.770, 570 MHz, 7001 MHz, 0x0000000000000000, 33.86 W, 0 %, 18138 MiB
2026/10/01 04:26:07.271, 427 MHz, 7001 MHz, 0x0000000000000000, 33.09 W, 0 %, 18138 MiB
2026/10/01 04:26:07.772, 382 MHz, 7001 MHz, 0x0000000000000000, 32.77 W, 0 %, 18138 MiB
2026/10/01 04:26:08.287, 382 MHz, 7001 MHz, 0x0000000000000000, 32.77 W, 0 %, 18138 MiB
2026/10/01 04:26:08.801, 240 MHz, 7001 MHz, 0x0000000000000000, 30.93 W, 0 %, 18138 MiB
2026/10/01 04:26:09.302, 210 MHz, 810 MHz, 0x0000000000000000, 29.64 W, 0 %, 18332 MiB
2026/10/01 04:26:09.816, 2895 MHz, 13801 MHz, 0x0000000000000000, 54.59 W, 0 %, 18460 MiB
2026/10/01 04:26:10.321, 2932 MHz, 13801 MHz, 0x0000000000000000, 104.62 W, 0 %, 18460 MiB
2026/10/01 04:26:10.822, 2940 MHz, 13801 MHz, 0x0000000000000000, 130.86 W, 81 %, 18460 MiB
2026/10/01 04:26:11.336, 2940 MHz, 13801 MHz, 0x0000000000000000, 114.09 W, 0 %, 18460 MiB
2026/10/01 04:26:11.851, 2932 MHz, 13801 MHz, 0x0000000000000000, 131.93 W, 0 %, 18460 MiB
2026/10/01 04:26:12.363, 2932 MHz, 13801 MHz, 0x0000000000000000, 135.19 W, 0 %, 18460 MiB
2026/10/01 04:26:12.866, 2940 MHz, 13801 MHz, 0x0000000000000000, 113.03 W, 0 %, 18460 MiB
2026/10/01 04:26:13.368, 2932 MHz, 13801 MHz, 0x0000000000000000, 113.01 W, 0 %, 18465 MiB
2026/10/01 04:26:13.881, 2355 MHz, 13801 MHz, 0x0000000000000000, 95.48 W, 0 %, 18462 MiB
2026/10/01 04:26:14.396, 2002 MHz, 13801 MHz, 0x0000000000000000, 72.29 W, 0 %, 18588 MiB
2026/10/01 04:26:14.897, 2850 MHz, 13801 MHz, 0x0000000000000000, 109.16 W, 0 %, 18588 MiB
2026/10/01 04:26:15.412, 2940 MHz, 13801 MHz, 0x0000000000000000, 134.51 W, 33 %, 18588 MiB
2026/10/01 04:26:15.928, 2940 MHz, 13801 MHz, 0x0000000000000000, 113.08 W, 0 %, 18588 MiB
2026/10/01 04:26:16.430, 2932 MHz, 13801 MHz, 0x0000000000000000, 121.05 W, 0 %, 18588 MiB
2026/10/01 04:26:16.944, 2940 MHz, 13801 MHz, 0x0000000000000000, 127.68 W, 62 %, 18654 MiB
2026/10/01 04:26:17.456, 2940 MHz, 13801 MHz, 0x0000000000000000, 112.78 W, 0 %, 18654 MiB
2026/10/01 04:26:17.971, 2940 MHz, 13801 MHz, 0x0000000000000000, 112.76 W, 0 %, 18654 MiB
2026/10/01 04:26:18.472, 2940 MHz, 13801 MHz, 0x0000000000000000, 92.05 W, 0 %, 18654 MiB
2026/10/01 04:26:18.988, 2940 MHz, 13801 MHz, 0x0000000000000000, 115.50 W, 0 %, 18654 MiB
2026/10/01 04:26:19.503, 2932 MHz, 13801 MHz, 0x0000000000000000, 138.25 W, 0 %, 18654 MiB
2026/10/01 04:26:20.004, 2940 MHz, 13801 MHz, 0x0000000000000000, 133.37 W, 74 %, 18654 MiB
2026/10/01 04:26:20.505, 2940 MHz, 13801 MHz, 0x0000000000000000, 112.85 W, 0 %, 18654 MiB
2026/10/01 04:26:21.020, 2932 MHz, 13801 MHz, 0x0000000000000000, 112.05 W, 0 %, 18654 MiB
2026/10/01 04:26:21.533, 2940 MHz, 13801 MHz, 0x0000000000000000, 135.08 W, 88 %, 18654 MiB
2026/10/01 04:26:22.034, 2940 MHz, 13801 MHz, 0x0000000000000000, 113.37 W, 0 %, 18654 MiB
2026/10/01 04:26:22.549, 2940 MHz, 13801 MHz, 0x0000000000000000, 133.17 W, 0 %, 18654 MiB
2026/10/01 04:26:23.064, 2932 MHz, 13801 MHz, 0x0000000000000000, 138.11 W, 0 %, 18654 MiB
2026/10/01 04:26:23.580, 2940 MHz, 13801 MHz, 0x0000000000000000, 113.19 W, 0 %, 18654 MiB
2026/10/01 04:26:24.081, 2932 MHz, 13801 MHz, 0x0000000000000000, 109.24 W, 0 %, 18654 MiB
2026/10/01 04:26:24.594, 2932 MHz, 13801 MHz, 0x0000000000000000, 129.17 W, 0 %, 18654 MiB
2026/10/01 04:26:25.095, 2737 MHz, 13801 MHz, 0x0000000000000000, 131.05 W, 0 %, 18654 MiB
2026/10/01 04:26:25.610, 2940 MHz, 13801 MHz, 0x0000000000000000, 133.79 W, 58 %, 18654 MiB
2026/10/01 04:26:26.125, 2940 MHz, 13801 MHz, 0x0000000000000000, 112.72 W, 0 %, 18654 MiB
2026/10/01 04:26:26.640, 2932 MHz, 13801 MHz, 0x0000000000000000, 126.36 W, 0 %, 18654 MiB
2026/10/01 04:26:27.155, 2932 MHz, 13801 MHz, 0x0000000000000000, 137.70 W, 0 %, 18654 MiB
2026/10/01 04:26:27.668, 2940 MHz, 13801 MHz, 0x0000000000000000, 137.81 W, 90 %, 18654 MiB
2026/10/01 04:26:28.183, 2940 MHz, 13801 MHz, 0x0000000000000000, 115.29 W, 0 %, 18654 MiB
2026/10/01 04:26:28.699, 2932 MHz, 13801 MHz, 0x0000000000000000, 132.53 W, 0 %, 18654 MiB
2026/10/01 04:26:29.201, 2940 MHz, 13801 MHz, 0x0000000000000000, 132.35 W, 57 %, 18654 MiB
2026/10/01 04:26:29.703, 2940 MHz, 13801 MHz, 0x0000000000000000, 112.61 W, 0 %, 18654 MiB
2026/10/01 04:26:30.218, 2940 MHz, 13801 MHz, 0x0000000000000000, 114.60 W, 0 %, 18654 MiB
2026/10/01 04:26:30.730, 2932 MHz, 13801 MHz, 0x0000000000000000, 136.89 W, 0 %, 18654 MiB
2026/10/01 04:26:31.244, 2940 MHz, 13801 MHz, 0x0000000000000000, 112.69 W, 12 %, 18654 MiB
2026/10/01 04:26:31.745, 2932 MHz, 13801 MHz, 0x0000000000000000, 136.50 W, 0 %, 18654 MiB
2026/10/01 04:26:32.250, 2932 MHz, 13801 MHz, 0x0000000000000000, 133.39 W, 0 %, 18654 MiB
2026/10/01 04:26:32.764, 2932 MHz, 13801 MHz, 0x0000000000000000, 132.68 W, 0 %, 18654 MiB
2026/10/01 04:26:33.266, 2932 MHz, 13801 MHz, 0x0000000000000000, 136.80 W, 0 %, 18654 MiB
2026/10/01 04:26:33.767, 2940 MHz, 13801 MHz, 0x0000000000000000, 125.33 W, 51 %, 18654 MiB
2026/10/01 04:26:34.270, 2940 MHz, 13801 MHz, 0x0000000000000000, 115.61 W, 0 %, 18656 MiB
2026/10/01 04:26:34.783, 2940 MHz, 13801 MHz, 0x0000000000000000, 118.06 W, 26 %, 18656 MiB
2026/10/01 04:26:35.286, 2940 MHz, 13801 MHz, 0x0000000000000000, 116.05 W, 1 %, 18654 MiB
2026/10/01 04:26:35.787, 2940 MHz, 13801 MHz, 0x0000000000000000, 134.83 W, 0 %, 18654 MiB
2026/10/01 04:26:36.300, 2940 MHz, 13801 MHz, 0x0000000000000000, 137.95 W, 83 %, 18654 MiB
2026/10/01 04:26:36.802, 2940 MHz, 13801 MHz, 0x0000000000000000, 115.01 W, 0 %, 18654 MiB
2026/10/01 04:26:37.303, 2932 MHz, 13801 MHz, 0x0000000000000000, 133.88 W, 0 %, 18654 MiB
2026/10/01 04:26:37.817, 2940 MHz, 13801 MHz, 0x0000000000000000, 134.65 W, 75 %, 18654 MiB
2026/10/01 04:26:38.331, 2940 MHz, 13801 MHz, 0x0000000000000000, 114.55 W, 0 %, 18654 MiB
2026/10/01 04:26:38.845, 2940 MHz, 13801 MHz, 0x0000000000000000, 114.97 W, 0 %, 18654 MiB
2026/10/01 04:26:39.346, 2940 MHz, 13801 MHz, 0x0000000000000000, 118.10 W, 30 %, 18654 MiB
2026/10/01 04:26:39.858, 2940 MHz, 13801 MHz, 0x0000000000000000, 113.04 W, 0 %, 18654 MiB
2026/10/01 04:26:40.372, 2940 MHz, 13801 MHz, 0x0000000000000000, 122.13 W, 60 %, 18654 MiB
2026/10/01 04:26:40.873, 2257 MHz, 13801 MHz, 0x0000000000000000, 98.38 W, 0 %, 18654 MiB
2026/10/01 04:26:41.377, 2535 MHz, 13801 MHz, 0x0000000000000000, 111.36 W, 0 %, 18654 MiB
2026/10/01 04:26:41.877, 2932 MHz, 13801 MHz, 0x0000000000000000, 102.94 W, 5 %, 18654 MiB
2026/10/01 04:26:42.377, 2940 MHz, 13801 MHz, 0x0000000000000000, 115.39 W, 0 %, 18654 MiB
2026/10/01 04:26:42.879, 2932 MHz, 13801 MHz, 0x0000000000000000, 133.56 W, 0 %, 18654 MiB
2026/10/01 04:26:43.382, 2940 MHz, 13801 MHz, 0x0000000000000000, 112.69 W, 0 %, 18654 MiB
2026/10/01 04:26:43.895, 2940 MHz, 13801 MHz, 0x0000000000000000, 92.43 W, 0 %, 18654 MiB
2026/10/01 04:26:44.396, 2940 MHz, 13801 MHz, 0x0000000000000000, 92.64 W, 0 %, 18654 MiB
2026/10/01 04:26:44.898, 1492 MHz, 7001 MHz, 0x0000000000000000, 75.72 W, 0 %, 18654 MiB
2026/10/01 04:26:45.399, 480 MHz, 7001 MHz, 0x0000000000000000, 46.43 W, 0 %, 18654 MiB
2026/10/01 04:26:45.900, 427 MHz, 7001 MHz, 0x0000000000000000, 34.67 W, 0 %, 18654 MiB
2026/10/01 04:26:46.413, 1987 MHz, 13801 MHz, 0x0000000000000000, 53.31 W, 0 %, 18654 MiB
2026/10/01 04:26:46.914, 2602 MHz, 13801 MHz, 0x0000000000000000, 62.57 W, 0 %, 18654 MiB
2026/10/01 04:26:47.415, 2602 MHz, 13801 MHz, 0x0000000000000000, 90.59 W, 86 %, 18654 MiB
2026/10/01 04:26:47.915, 2940 MHz, 13801 MHz, 0x0000000000000000, 100.46 W, 0 %, 18654 MiB
2026/10/01 04:26:48.429, 2940 MHz, 13801 MHz, 0x0000000000000000, 132.21 W, 52 %, 18654 MiB
2026/10/01 04:26:48.944, 2940 MHz, 13801 MHz, 0x0000000000000000, 115.49 W, 0 %, 18654 MiB
2026/10/01 04:26:49.458, 2940 MHz, 13801 MHz, 0x0000000000000000, 124.73 W, 98 %, 18654 MiB
2026/10/01 04:26:49.971, 2940 MHz, 13801 MHz, 0x0000000000000000, 114.04 W, 0 %, 18654 MiB
2026/10/01 04:26:50.472, 2940 MHz, 13801 MHz, 0x0000000000000000, 113.86 W, 0 %, 18654 MiB
2026/10/01 04:26:50.984, 2940 MHz, 13801 MHz, 0x0000000000000000, 92.67 W, 0 %, 18654 MiB
2026/10/01 04:26:51.500, 2430 MHz, 7001 MHz, 0x0000000000000000, 82.54 W, 0 %, 18654 MiB
2026/10/01 04:26:52.002, 502 MHz, 7001 MHz, 0x0000000000000000, 52.12 W, 0 %, 18654 MiB
2026/10/01 04:26:52.517, 450 MHz, 7001 MHz, 0x0000000000000000, 39.74 W, 0 %, 18654 MiB
2026/10/01 04:26:53.020, 1440 MHz, 7001 MHz, 0x0000000000000000, 54.15 W, 0 %, 18654 MiB
2026/10/01 04:26:53.522, 832 MHz, 7001 MHz, 0x0000000000000000, 51.40 W, 0 %, 18654 MiB
2026/10/01 04:26:54.023, 2355 MHz, 13801 MHz, 0x0000000000000000, 59.96 W, 0 %, 18654 MiB
2026/10/01 04:26:54.524, 2317 MHz, 13801 MHz, 0x0000000000000000, 72.99 W, 0 %, 18654 MiB
2026/10/01 04:26:55.037, 2902 MHz, 13801 MHz, 0x0000000000000000, 93.73 W, 0 %, 18659 MiB
2026/10/01 04:26:55.537, 2940 MHz, 13801 MHz, 0x0000000000000000, 106.55 W, 0 %, 18659 MiB
2026/10/01 04:26:56.052, 2932 MHz, 13801 MHz, 0x0000000000000000, 113.07 W, 0 %, 18654 MiB
2026/10/01 04:26:56.567, 2940 MHz, 13801 MHz, 0x0000000000000000, 134.10 W, 68 %, 18654 MiB
2026/10/01 04:26:57.081, 2940 MHz, 13801 MHz, 0x0000000000000000, 138.29 W, 84 %, 18654 MiB
2026/10/01 04:26:57.597, 2932 MHz, 13801 MHz, 0x0000000000000000, 138.42 W, 0 %, 18654 MiB
2026/10/01 04:26:58.100, 2932 MHz, 13801 MHz, 0x0000000000000000, 153.38 W, 0 %, 18654 MiB
2026/10/01 04:26:58.612, 2940 MHz, 13801 MHz, 0x0000000000000000, 138.35 W, 40 %, 18718 MiB
2026/10/01 04:26:59.127, 2940 MHz, 13801 MHz, 0x0000000000000000, 138.12 W, 18 %, 18718 MiB
2026/10/01 04:26:59.627, 2940 MHz, 13801 MHz, 0x0000000000000000, 124.81 W, 15 %, 18718 MiB
2026/10/01 04:27:00.131, 2940 MHz, 13801 MHz, 0x0000000000000000, 119.39 W, 0 %, 18718 MiB
2026/10/01 04:27:00.648, 2932 MHz, 13801 MHz, 0x0000000000000000, 136.70 W, 0 %, 18718 MiB
2026/10/01 04:27:01.153, 2940 MHz, 13801 MHz, 0x0000000000000000, 136.29 W, 77 %, 18718 MiB
2026/10/01 04:27:01.668, 2940 MHz, 13801 MHz, 0x0000000000000000, 116.32 W, 0 %, 18718 MiB
2026/10/01 04:27:02.169, 2932 MHz, 13801 MHz, 0x0000000000000000, 113.50 W, 0 %, 18718 MiB
2026/10/01 04:27:02.670, 2940 MHz, 13801 MHz, 0x0000000000000000, 111.58 W, 0 %, 18718 MiB
2026/10/01 04:27:03.185, 2932 MHz, 13801 MHz, 0x0000000000000000, 114.49 W, 0 %, 18718 MiB
2026/10/01 04:27:03.687, 2932 MHz, 13801 MHz, 0x0000000000000000, 139.89 W, 0 %, 18718 MiB
2026/10/01 04:27:04.190, 2940 MHz, 13801 MHz, 0x0000000000000000, 113.93 W, 0 %, 18718 MiB
2026/10/01 04:27:04.692, 2940 MHz, 13801 MHz, 0x0000000000000000, 113.64 W, 0 %, 18718 MiB
2026/10/01 04:27:05.207, 2940 MHz, 13801 MHz, 0x0000000000000000, 115.56 W, 0 %, 18718 MiB
2026/10/01 04:27:05.719, 2752 MHz, 13801 MHz, 0x0000000000000000, 106.68 W, 0 %, 18718 MiB
2026/10/01 04:27:06.230, 1830 MHz, 13801 MHz, 0x0000000000000000, 88.93 W, 0 %, 18718 MiB
2026/10/01 04:27:06.745, 1425 MHz, 7001 MHz, 0x0000000000000000, 47.74 W, 0 %, 18718 MiB
2026/10/01 04:27:07.256, 2377 MHz, 13801 MHz, 0x0000000000000000, 68.59 W, 0 %, 18718 MiB
2026/10/01 04:27:07.769, 2377 MHz, 13801 MHz, 0x0000000000000000, 57.51 W, 0 %, 18718 MiB
2026/10/01 04:27:08.269, 2377 MHz, 13801 MHz, 0x0000000000000000, 57.49 W, 0 %, 18718 MiB
2026/10/01 04:27:08.783, 2077 MHz, 13801 MHz, 0x0000000000000000, 72.26 W, 0 %, 18718 MiB
2026/10/01 04:27:09.297, 2205 MHz, 13801 MHz, 0x0000000000000000, 71.24 W, 0 %, 18718 MiB
2026/10/01 04:27:09.810, 2205 MHz, 13801 MHz, 0x0000000000000000, 55.32 W, 0 %, 18718 MiB
2026/10/01 04:27:10.313, 2265 MHz, 13801 MHz, 0x0000000000000000, 82.45 W, 0 %, 18718 MiB
2026/10/01 04:27:10.816, 1927 MHz, 13801 MHz, 0x0000000000000000, 81.71 W, 0 %, 18718 MiB
2026/10/01 04:27:11.327, 1417 MHz, 7001 MHz, 0x0000000000000000, 46.91 W, 0 %, 18718 MiB
2026/10/01 04:27:11.842, 2550 MHz, 13801 MHz, 0x0000000000000000, 67.19 W, 0 %, 18718 MiB
2026/10/01 04:27:12.354, 2647 MHz, 13801 MHz, 0x0000000000000000, 78.78 W, 0 %, 18718 MiB
2026/10/01 04:27:12.855, 2647 MHz, 13801 MHz, 0x0000000000000000, 68.25 W, 0 %, 18718 MiB
2026/10/01 04:27:13.366, 2647 MHz, 13801 MHz, 0x0000000000000000, 68.14 W, 0 %, 18718 MiB
2026/10/01 04:27:13.880, 495 MHz, 7001 MHz, 0x0000000000000000, 51.23 W, 0 %, 18718 MiB
2026/10/01 04:27:14.382, 390 MHz, 7001 MHz, 0x0000000000000000, 33.74 W, 0 %, 18718 MiB
2026/10/01 04:27:14.896, 390 MHz, 7001 MHz, 0x0000000000000000, 33.74 W, 0 %, 18718 MiB
2026/10/01 04:27:15.398, 247 MHz, 7001 MHz, 0x0000000000000000, 32.46 W, 0 %, 18718 MiB
2026/10/01 04:27:15.899, 247 MHz, 7001 MHz, 0x0000000000000000, 32.46 W, 0 %, 18718 MiB
2026/10/01 04:27:16.411, 1432 MHz, 7001 MHz, 0x0000000000000000, 43.27 W, 0 %, 18787 MiB
2026/10/01 04:27:16.911, 915 MHz, 7001 MHz, 0x0000000000000000, 47.80 W, 0 %, 18782 MiB
2026/10/01 04:27:17.426, 727 MHz, 7001 MHz, 0x0000000000000000, 37.35 W, 15 %, 18782 MiB
2026/10/01 04:27:17.940, 1117 MHz, 7001 MHz, 0x0000000000000000, 54.29 W, 0 %, 18782 MiB
2026/10/01 04:27:18.454, 1140 MHz, 7001 MHz, 0x0000000000000000, 71.96 W, 85 %, 18782 MiB
2026/10/01 04:27:18.969, 2535 MHz, 13801 MHz, 0x0000000000000000, 66.95 W, 0 %, 18782 MiB
2026/10/01 04:27:19.483, 2535 MHz, 13801 MHz, 0x0000000000000000, 62.44 W, 0 %, 18782 MiB
2026/10/01 04:27:19.997, 2535 MHz, 13801 MHz, 0x0000000000000000, 62.56 W, 0 %, 18782 MiB
2026/10/01 04:27:20.500, 2100 MHz, 7001 MHz, 0x0000000000000000, 57.71 W, 0 %, 18782 MiB
2026/10/01 04:27:21.001, 435 MHz, 7001 MHz, 0x0000000000000000, 42.62 W, 0 %, 18782 MiB
2026/10/01 04:27:21.505, 345 MHz, 7001 MHz, 0x0000000000000000, 51.56 W, 98 %, 18782 MiB
2026/10/01 04:27:22.020, 1777 MHz, 13801 MHz, 0x0000000000000000, 60.96 W, 0 %, 18782 MiB
2026/10/01 04:27:22.535, 1777 MHz, 13801 MHz, 0x0000000000000000, 83.02 W, 72 %, 18782 MiB
2026/10/01 04:27:23.050, 2910 MHz, 13801 MHz, 0x0000000000000000, 99.51 W, 0 %, 18782 MiB
2026/10/01 04:27:23.565, 2917 MHz, 13801 MHz, 0x0000000000000000, 128.72 W, 0 %, 18782 MiB
2026/10/01 04:27:24.067, 2940 MHz, 13801 MHz, 0x0000000000000000, 113.31 W, 0 %, 18782 MiB
2026/10/01 04:27:24.569, 2940 MHz, 13801 MHz, 0x0000000000000000, 115.72 W, 19 %, 18536 MiB
2026/10/01 04:27:25.083, 2940 MHz, 13801 MHz, 0x0000000000000000, 115.69 W, 0 %, 18536 MiB
2026/10/01 04:27:25.585, 2940 MHz, 13801 MHz, 0x0000000000000000, 97.58 W, 0 %, 18680 MiB
2026/10/01 04:27:26.086, 2940 MHz, 13801 MHz, 0x0000000000000000, 99.87 W, 0 %, 18712 MiB
2026/10/01 04:27:26.590, 2587 MHz, 7001 MHz, 0x0000000000000000, 89.67 W, 0 %, 18878 MiB
2026/10/01 04:27:27.103, 1192 MHz, 7001 MHz, 0x0000000000000000, 59.89 W, 4 %, 18878 MiB
2026/10/01 04:27:27.618, 1672 MHz, 7001 MHz, 0x0000000000000000, 68.38 W, 86 %, 19012 MiB
2026/10/01 04:27:28.119, 2940 MHz, 13801 MHz, 0x0000000000000000, 89.88 W, 0 %, 19012 MiB
2026/10/01 04:27:28.632, 2940 MHz, 13801 MHz, 0x0000000000000000, 94.47 W, 0 %, 19012 MiB
2026/10/01 04:27:29.132, 2940 MHz, 13801 MHz, 0x0000000000000000, 92.62 W, 0 %, 19012 MiB
2026/10/01 04:27:29.647, 2437 MHz, 7001 MHz, 0x0000000000000000, 81.45 W, 0 %, 19012 MiB
2026/10/01 04:27:30.162, 502 MHz, 7001 MHz, 0x0000000000000000, 55.83 W, 0 %, 19012 MiB
2026/10/01 04:27:30.674, 450 MHz, 7001 MHz, 0x0000000000000000, 34.37 W, 0 %, 19012 MiB
2026/10/01 04:27:31.190, 450 MHz, 7001 MHz, 0x0000000000000000, 34.37 W, 0 %, 19012 MiB
2026/10/01 04:27:31.704, 255 MHz, 7001 MHz, 0x0000000000000000, 32.83 W, 2 %, 19012 MiB
2026/10/01 04:27:32.208, 202 MHz, 810 MHz, 0x0000000000000000, 28.58 W, 0 %, 19198 MiB
2026/10/01 04:27:32.711, 315 MHz, 810 MHz, 0x0000000000000000, 23.94 W, 31 %, 19212 MiB
2026/10/01 04:27:33.212, 2767 MHz, 13801 MHz, 0x0000000000000000, 61.60 W, 0 %, 19626 MiB
2026/10/01 04:27:33.714, 2940 MHz, 13801 MHz, 0x0000000000000000, 90.45 W, 0 %, 19626 MiB
2026/10/01 04:27:34.229, 2940 MHz, 13801 MHz, 0x0000000000000000, 92.75 W, 0 %, 19634 MiB
2026/10/01 04:27:34.744, 2940 MHz, 13801 MHz, 0x0000000000000000, 93.93 W, 0 %, 19636 MiB
2026/10/01 04:27:35.256, 660 MHz, 810 MHz, 0x0000000000000000, 41.19 W, 97 %, 22910 MiB
2026/10/01 04:27:35.772, 1785 MHz, 13801 MHz, 0x0000000000000000, 48.01 W, 0 %, 28062 MiB
2026/10/01 04:27:36.283, 2055 MHz, 13801 MHz, 0x0000000000000000, 58.43 W, 0 %, 28062 MiB
2026/10/01 04:27:36.797, 2137 MHz, 13801 MHz, 0x0000000000000000, 77.98 W, 60 %, 28194 MiB
2026/10/01 04:27:37.312, 2895 MHz, 13801 MHz, 0x0000000000000004, 208.33 W, 73 %, 28515 MiB
2026/10/01 04:27:37.826, 2842 MHz, 13801 MHz, 0x0000000000000000, 311.58 W, 53 %, 28772 MiB
2026/10/01 04:27:38.326, 2902 MHz, 13801 MHz, 0x0000000000000000, 304.82 W, 72 %, 29082 MiB
2026/10/01 04:27:38.827, 2932 MHz, 13801 MHz, 0x0000000000000000, 243.01 W, 60 %, 29334 MiB
2026/10/01 04:27:39.342, 2902 MHz, 13801 MHz, 0x0000000000000000, 248.01 W, 52 %, 29724 MiB
2026/10/01 04:27:39.858, 2887 MHz, 13801 MHz, 0x0000000000000000, 267.02 W, 77 %, 29716 MiB
2026/10/01 04:27:40.371, 2932 MHz, 13801 MHz, 0x0000000000000000, 222.27 W, 83 %, 29716 MiB
2026/10/01 04:27:40.886, 2917 MHz, 13801 MHz, 0x0000000000000000, 220.74 W, 91 %, 29716 MiB
2026/10/01 04:27:41.401, 2910 MHz, 13801 MHz, 0x0000000000000000, 284.18 W, 89 %, 29716 MiB
2026/10/01 04:27:41.914, 2902 MHz, 13801 MHz, 0x0000000000000000, 305.16 W, 89 %, 30142 MiB
2026/10/01 04:27:42.416, 2887 MHz, 13801 MHz, 0x0000000000000000, 323.48 W, 90 %, 30684 MiB
2026/10/01 04:27:42.930, 2857 MHz, 13801 MHz, 0x0000000000000000, 358.83 W, 91 %, 31078 MiB
2026/10/01 04:27:43.431, 2865 MHz, 13801 MHz, 0x0000000000000000, 335.90 W, 100 %, 31088 MiB
2026/10/01 04:27:43.932, 2932 MHz, 13801 MHz, 0x0000000000000000, 221.56 W, 100 %, 31088 MiB
2026/10/01 04:27:44.446, 2932 MHz, 13801 MHz, 0x0000000000000000, 168.15 W, 99 %, 31088 MiB
2026/10/01 04:27:44.961, 2940 MHz, 13801 MHz, 0x0000000000000000, 171.02 W, 100 %, 31088 MiB
2026/10/01 04:27:45.462, 2932 MHz, 13801 MHz, 0x0000000000000000, 154.90 W, 100 %, 31088 MiB
2026/10/01 04:27:45.977, 2895 MHz, 13801 MHz, 0x0000000000000000, 148.40 W, 90 %, 31090 MiB
2026/10/01 04:27:46.491, 2932 MHz, 13801 MHz, 0x0000000000000000, 148.05 W, 89 %, 31090 MiB
2026/10/01 04:27:47.006, 2932 MHz, 13801 MHz, 0x0000000000000000, 128.22 W, 89 %, 31090 MiB
2026/10/01 04:27:47.520, 2932 MHz, 13801 MHz, 0x0000000000000000, 136.77 W, 92 %, 31090 MiB
2026/10/01 04:27:48.022, 2932 MHz, 13801 MHz, 0x0000000000000000, 144.19 W, 81 %, 31090 MiB
2026/10/01 04:27:48.536, 2940 MHz, 13801 MHz, 0x0000000000000000, 142.15 W, 99 %, 31090 MiB
2026/10/01 04:27:49.038, 2932 MHz, 13801 MHz, 0x0000000000000000, 141.96 W, 100 %, 31090 MiB
2026/10/01 04:27:49.539, 2925 MHz, 13801 MHz, 0x0000000000000000, 146.90 W, 100 %, 31090 MiB
2026/10/01 04:27:50.041, 2932 MHz, 13801 MHz, 0x0000000000000000, 144.98 W, 100 %, 31090 MiB
2026/10/01 04:27:50.554, 2940 MHz, 13801 MHz, 0x0000000000000000, 132.96 W, 100 %, 31090 MiB
2026/10/01 04:27:51.067, 2925 MHz, 13801 MHz, 0x0000000000000000, 153.61 W, 100 %, 31090 MiB
2026/10/01 04:27:51.579, 2940 MHz, 13801 MHz, 0x0000000000000000, 153.46 W, 99 %, 31090 MiB
2026/10/01 04:27:52.095, 2940 MHz, 13801 MHz, 0x0000000000000000, 126.53 W, 100 %, 31090 MiB
2026/10/01 04:27:52.595, 2925 MHz, 13801 MHz, 0x0000000000000000, 139.43 W, 92 %, 31090 MiB
2026/10/01 04:27:53.109, 2932 MHz, 13801 MHz, 0x0000000000000000, 156.68 W, 100 %, 31090 MiB
2026/10/01 04:27:53.625, 2932 MHz, 13801 MHz, 0x0000000000000000, 151.75 W, 100 %, 31090 MiB
2026/10/01 04:27:54.125, 2940 MHz, 13801 MHz, 0x0000000000000000, 127.33 W, 93 %, 31090 MiB
2026/10/01 04:27:54.627, 2932 MHz, 13801 MHz, 0x0000000000000000, 155.81 W, 82 %, 31090 MiB
2026/10/01 04:27:55.143, 2940 MHz, 13801 MHz, 0x0000000000000000, 154.29 W, 100 %, 31090 MiB
2026/10/01 04:27:55.644, 2932 MHz, 13801 MHz, 0x0000000000000000, 143.88 W, 100 %, 31090 MiB
2026/10/01 04:27:56.159, 2940 MHz, 13801 MHz, 0x0000000000000000, 138.94 W, 97 %, 31090 MiB
2026/10/01 04:27:56.674, 2917 MHz, 13801 MHz, 0x0000000000000000, 158.12 W, 100 %, 31090 MiB
2026/10/01 04:27:57.187, 2940 MHz, 13801 MHz, 0x0000000000000000, 156.14 W, 92 %, 31090 MiB
2026/10/01 04:27:57.701, 2940 MHz, 13801 MHz, 0x0000000000000000, 129.16 W, 100 %, 31090 MiB
2026/10/01 04:27:58.202, 2925 MHz, 13801 MHz, 0x0000000000000000, 138.20 W, 100 %, 31095 MiB
2026/10/01 04:27:58.716, 2917 MHz, 13801 MHz, 0x0000000000000000, 156.50 W, 100 %, 31095 MiB
2026/10/01 04:27:59.231, 2940 MHz, 13801 MHz, 0x0000000000000000, 159.81 W, 99 %, 31090 MiB
2026/10/01 04:27:59.745, 2940 MHz, 13801 MHz, 0x0000000000000000, 129.44 W, 100 %, 31090 MiB
2026/10/01 04:28:00.246, 2925 MHz, 13801 MHz, 0x0000000000000000, 140.60 W, 100 %, 31090 MiB
2026/10/01 04:28:00.746, 2925 MHz, 13801 MHz, 0x0000000000000000, 160.30 W, 100 %, 31090 MiB
2026/10/01 04:28:01.247, 2932 MHz, 13801 MHz, 0x0000000000000000, 158.85 W, 100 %, 31090 MiB
2026/10/01 04:28:01.759, 2940 MHz, 13801 MHz, 0x0000000000000000, 129.58 W, 100 %, 31090 MiB
2026/10/01 04:28:02.261, 2932 MHz, 13801 MHz, 0x0000000000000000, 149.49 W, 81 %, 31090 MiB
2026/10/01 04:28:02.776, 2940 MHz, 13801 MHz, 0x0000000000000000, 162.00 W, 100 %, 31090 MiB
2026/10/01 04:28:03.292, 2940 MHz, 13801 MHz, 0x0000000000000000, 142.50 W, 90 %, 31090 MiB
2026/10/01 04:28:03.807, 2925 MHz, 13801 MHz, 0x0000000000000000, 162.91 W, 99 %, 31090 MiB
2026/10/01 04:28:04.307, 2940 MHz, 13801 MHz, 0x0000000000000000, 159.84 W, 100 %, 31090 MiB
2026/10/01 04:28:04.810, 2932 MHz, 13801 MHz, 0x0000000000000000, 139.80 W, 100 %, 31090 MiB
2026/10/01 04:28:05.311, 2925 MHz, 13801 MHz, 0x0000000000000000, 147.74 W, 100 %, 31090 MiB
2026/10/01 04:28:05.827, 2902 MHz, 13801 MHz, 0x0000000000000000, 164.77 W, 100 %, 31090 MiB
2026/10/01 04:28:06.328, 2940 MHz, 13801 MHz, 0x0000000000000000, 160.31 W, 90 %, 31090 MiB
2026/10/01 04:28:06.828, 2940 MHz, 13801 MHz, 0x0000000000000000, 135.06 W, 100 %, 31090 MiB
2026/10/01 04:28:07.329, 2917 MHz, 13801 MHz, 0x0000000000000000, 138.19 W, 100 %, 31090 MiB
2026/10/01 04:28:07.843, 2910 MHz, 13801 MHz, 0x0000000000000000, 166.31 W, 100 %, 31090 MiB
2026/10/01 04:28:08.358, 2925 MHz, 13801 MHz, 0x0000000000000000, 165.14 W, 100 %, 31090 MiB
2026/10/01 04:28:08.858, 2940 MHz, 13801 MHz, 0x0000000000000000, 134.39 W, 100 %, 31090 MiB
2026/10/01 04:28:09.372, 2917 MHz, 13801 MHz, 0x0000000000000000, 138.27 W, 100 %, 31090 MiB
2026/10/01 04:28:09.873, 2917 MHz, 13801 MHz, 0x0000000000000000, 174.25 W, 100 %, 31090 MiB
2026/10/01 04:28:10.374, 2917 MHz, 13801 MHz, 0x0000000000000000, 169.84 W, 100 %, 31090 MiB
2026/10/01 04:28:10.875, 2940 MHz, 13801 MHz, 0x0000000000000000, 139.33 W, 100 %, 31090 MiB
2026/10/01 04:28:11.377, 2917 MHz, 13801 MHz, 0x0000000000000000, 141.24 W, 100 %, 31090 MiB
2026/10/01 04:28:11.892, 2887 MHz, 13801 MHz, 0x0000000000000000, 194.85 W, 100 %, 31090 MiB
2026/10/01 04:28:12.394, 2940 MHz, 13801 MHz, 0x0000000000000000, 181.61 W, 92 %, 31090 MiB
2026/10/01 04:28:12.907, 2932 MHz, 13801 MHz, 0x0000000000000000, 142.93 W, 100 %, 31090 MiB
2026/10/01 04:28:13.422, 2910 MHz, 13801 MHz, 0x0000000000000000, 161.59 W, 100 %, 31090 MiB
2026/10/01 04:28:13.923, 2932 MHz, 13801 MHz, 0x0000000000000000, 162.15 W, 92 %, 31090 MiB
2026/10/01 04:28:14.423, 2917 MHz, 13801 MHz, 0x0000000000000000, 173.58 W, 100 %, 31090 MiB
2026/10/01 04:28:14.936, 2902 MHz, 13801 MHz, 0x0000000000000000, 191.97 W, 100 %, 31090 MiB
2026/10/01 04:28:15.437, 2940 MHz, 13801 MHz, 0x0000000000000000, 146.38 W, 100 %, 31090 MiB
2026/10/01 04:28:15.948, 2895 MHz, 13801 MHz, 0x0000000000000000, 146.53 W, 100 %, 31090 MiB
2026/10/01 04:28:16.449, 2902 MHz, 13801 MHz, 0x0000000000000000, 201.31 W, 99 %, 31090 MiB
2026/10/01 04:28:16.962, 2940 MHz, 13801 MHz, 0x0000000000000000, 179.21 W, 100 %, 31090 MiB
2026/10/01 04:28:17.473, 2917 MHz, 13801 MHz, 0x0000000000000000, 162.54 W, 100 %, 31090 MiB
2026/10/01 04:28:17.985, 2940 MHz, 13801 MHz, 0x0000000000000000, 161.09 W, 58 %, 31112 MiB
2026/10/01 04:28:18.498, 2932 MHz, 13801 MHz, 0x0000000000000000, 157.75 W, 100 %, 31112 MiB
2026/10/01 04:28:19.010, 2940 MHz, 13801 MHz, 0x0000000000000000, 159.52 W, 100 %, 31117 MiB
2026/10/01 04:28:19.524, 2940 MHz, 13801 MHz, 0x0000000000000000, 128.02 W, 100 %, 31117 MiB
2026/10/01 04:28:20.037, 2940 MHz, 13801 MHz, 0x0000000000000000, 128.21 W, 100 %, 31112 MiB
2026/10/01 04:28:20.551, 2880 MHz, 13801 MHz, 0x0000000000000000, 214.96 W, 99 %, 31112 MiB
2026/10/01 04:28:21.064, 2932 MHz, 13801 MHz, 0x0000000000000000, 223.91 W, 100 %, 31112 MiB
2026/10/01 04:28:21.579, 2940 MHz, 13801 MHz, 0x0000000000000000, 157.11 W, 100 %, 31112 MiB
2026/10/01 04:28:22.082, 2940 MHz, 13801 MHz, 0x0000000000000000, 126.44 W, 100 %, 31112 MiB
2026/10/01 04:28:22.594, 2940 MHz, 13801 MHz, 0x0000000000000000, 126.47 W, 100 %, 31112 MiB
2026/10/01 04:28:23.108, 2940 MHz, 13801 MHz, 0x0000000000000000, 126.08 W, 100 %, 31112 MiB
2026/10/01 04:28:23.610, 2910 MHz, 13801 MHz, 0x0000000000000000, 169.23 W, 100 %, 31112 MiB
2026/10/01 04:28:24.114, 2940 MHz, 13801 MHz, 0x0000000000000000, 173.37 W, 100 %, 31112 MiB
2026/10/01 04:28:24.617, 2940 MHz, 13801 MHz, 0x0000000000000000, 127.36 W, 100 %, 31112 MiB
2026/10/01 04:28:25.122, 2940 MHz, 13801 MHz, 0x0000000000000000, 125.22 W, 100 %, 31112 MiB
2026/10/01 04:28:25.637, 2940 MHz, 13801 MHz, 0x0000000000000000, 124.96 W, 100 %, 31112 MiB
2026/10/01 04:28:26.139, 2940 MHz, 13801 MHz, 0x0000000000000000, 125.11 W, 100 %, 31112 MiB
2026/10/01 04:28:26.654, 2910 MHz, 13801 MHz, 0x0000000000000000, 150.32 W, 100 %, 31112 MiB
2026/10/01 04:28:27.156, 2940 MHz, 13801 MHz, 0x0000000000000000, 147.21 W, 100 %, 31112 MiB
2026/10/01 04:28:27.669, 2932 MHz, 13801 MHz, 0x0000000000000000, 124.76 W, 100 %, 31112 MiB
2026/10/01 04:28:28.183, 2932 MHz, 13801 MHz, 0x0000000000000000, 125.74 W, 100 %, 29022 MiB
2026/10/01 04:28:28.697, 2940 MHz, 13801 MHz, 0x0000000000000000, 126.08 W, 38 %, 29068 MiB
2026/10/01 04:28:29.198, 2940 MHz, 13801 MHz, 0x0000000000000000, 117.83 W, 8 %, 29144 MiB
2026/10/01 04:28:29.714, 2940 MHz, 13801 MHz, 0x0000000000000000, 107.24 W, 1 %, 29166 MiB
2026/10/01 04:28:30.216, 2940 MHz, 13801 MHz, 0x0000000000000000, 97.68 W, 0 %, 29166 MiB
2026/10/01 04:28:30.717, 2490 MHz, 7001 MHz, 0x0000000000000000, 83.06 W, 0 %, 29568 MiB
2026/10/01 04:28:31.232, 1552 MHz, 13801 MHz, 0x0000000000000000, 73.59 W, 16 %, 29644 MiB
2026/10/01 04:28:31.747, 2287 MHz, 7001 MHz, 0x0000000000000000, 77.31 W, 4 %, 29648 MiB
2026/10/01 04:28:32.248, 1312 MHz, 7001 MHz, 0x0000000000000000, 64.36 W, 4 %, 29648 MiB
2026/10/01 04:28:32.760, 1500 MHz, 7001 MHz, 0x0000000000000000, 45.75 W, 0 %, 29648 MiB
2026/10/01 04:28:33.275, 855 MHz, 7001 MHz, 0x0000000000000000, 41.35 W, 0 %, 29648 MiB
2026/10/01 04:28:33.776, 765 MHz, 7001 MHz, 0x0000000000000000, 39.58 W, 0 %, 29648 MiB
2026/10/01 04:28:34.277, 765 MHz, 7001 MHz, 0x0000000000000000, 39.58 W, 0 %, 29648 MiB
2026/10/01 04:28:34.792, 495 MHz, 810 MHz, 0x0000000000000000, 28.16 W, 0 %, 29648 MiB
2026/10/01 04:28:35.295, 495 MHz, 810 MHz, 0x0000000000000000, 28.16 W, 0 %, 29648 MiB
2026/10/01 04:28:35.795, 285 MHz, 810 MHz, 0x0000000000000000, 16.75 W, 0 %, 29648 MiB
2026/10/01 04:28:36.296, 285 MHz, 810 MHz, 0x0000000000000000, 16.75 W, 0 %, 29648 MiB
2026/10/01 04:28:36.798, 180 MHz, 405 MHz, 0x0000000000000000, 13.89 W, 0 %, 29648 MiB
2026/10/01 04:28:37.309, 180 MHz, 405 MHz, 0x0000000000000000, 10.97 W, 0 %, 29648 MiB
2026/10/01 04:28:37.820, 180 MHz, 405 MHz, 0x0000000000000000, 10.97 W, 0 %, 29648 MiB
2026/10/01 04:28:38.322, 180 MHz, 405 MHz, 0x0000000000000000, 10.73 W, 0 %, 29648 MiB
2026/10/01 04:28:38.834, 180 MHz, 405 MHz, 0x0000000000000000, 10.73 W, 0 %, 29648 MiB
2026/10/01 04:28:39.349, 180 MHz, 405 MHz, 0x0000000000000000, 10.77 W, 0 %, 29648 MiB
2026/10/01 04:28:39.850, 180 MHz, 405 MHz, 0x0000000000000000, 10.77 W, 0 %, 29648 MiB
2026/10/01 04:28:40.356, 202 MHz, 405 MHz, 0x0000000000000000, 11.27 W, 0 %, 29653 MiB
2026/10/01 04:28:40.871, 180 MHz, 405 MHz, 0x0000000000000000, 11.59 W, 0 %, 29648 MiB
2026/10/01 04:28:41.374, 180 MHz, 405 MHz, 0x0000000000000000, 12.27 W, 0 %, 29648 MiB
2026/10/01 04:28:41.885, 180 MHz, 405 MHz, 0x0000000000000000, 12.25 W, 0 %, 29648 MiB
2026/10/01 04:28:42.387, 180 MHz, 405 MHz, 0x0000000000000000, 12.25 W, 0 %, 29648 MiB
2026/10/01 04:28:42.902, 180 MHz, 405 MHz, 0x0000000000000000, 10.85 W, 0 %, 29648 MiB
2026/10/01 04:28:43.414, 180 MHz, 405 MHz, 0x0000000000000000, 10.85 W, 0 %, 29648 MiB
2026/10/01 04:28:43.928, 180 MHz, 405 MHz, 0x0000000000000000, 10.69 W, 0 %, 29648 MiB
2026/10/01 04:28:44.430, 180 MHz, 405 MHz, 0x0000000000000000, 10.69 W, 0 %, 29648 MiB
2026/10/01 04:28:44.931, 180 MHz, 405 MHz, 0x0000000000000000, 10.58 W, 0 %, 29648 MiB
2026/10/01 04:28:45.433, 180 MHz, 405 MHz, 0x0000000000000000, 10.58 W, 0 %, 29648 MiB
2026/10/01 04:28:45.948, 180 MHz, 405 MHz, 0x0000000000000000, 10.81 W, 0 %, 29648 MiB
2026/10/01 04:28:46.452, 180 MHz, 405 MHz, 0x0000000000000000, 10.81 W, 0 %, 29648 MiB
2026/10/01 04:28:46.967, 180 MHz, 405 MHz, 0x0000000000000000, 10.76 W, 0 %, 29648 MiB
2026/10/01 04:28:47.480, 180 MHz, 405 MHz, 0x0000000000000000, 11.18 W, 0 %, 29648 MiB
2026/10/01 04:28:47.996, 180 MHz, 405 MHz, 0x0000000000000000, 11.47 W, 0 %, 29648 MiB
2026/10/01 04:28:48.497, 180 MHz, 405 MHz, 0x0000000000000000, 11.47 W, 0 %, 29648 MiB
2026/10/01 04:28:49.012, 180 MHz, 405 MHz, 0x0000000000000000, 10.94 W, 0 %, 29648 MiB
2026/10/01 04:28:49.525, 180 MHz, 405 MHz, 0x0000000000000000, 10.94 W, 0 %, 29648 MiB
2026/10/01 04:28:50.026, 180 MHz, 405 MHz, 0x0000000000000000, 10.76 W, 0 %, 29648 MiB
2026/10/01 04:28:50.542, 180 MHz, 405 MHz, 0x0000000000000000, 10.76 W, 0 %, 29648 MiB
2026/10/01 04:28:51.056, 180 MHz, 405 MHz, 0x0000000000000000, 10.77 W, 0 %, 29648 MiB
2026/10/01 04:28:51.570, 180 MHz, 405 MHz, 0x0000000000000000, 10.77 W, 0 %, 29648 MiB
2026/10/01 04:28:52.084, 180 MHz, 405 MHz, 0x0000000000000000, 10.75 W, 0 %, 29712 MiB
2026/10/01 04:28:52.585, 262 MHz, 405 MHz, 0x0000000000000000, 11.48 W, 0 %, 29712 MiB
2026/10/01 04:28:53.090, 2400 MHz, 13801 MHz, 0x0000000000000000, 35.60 W, 90 %, 29712 MiB
2026/10/01 04:28:53.593, 2940 MHz, 13801 MHz, 0x0000000000000000, 100.38 W, 0 %, 29712 MiB
2026/10/01 04:28:54.094, 2940 MHz, 13801 MHz, 0x0000000000000000, 105.38 W, 0 %, 29712 MiB
2026/10/01 04:28:54.598, 2940 MHz, 13801 MHz, 0x0000000000000000, 92.82 W, 0 %, 29712 MiB
2026/10/01 04:28:55.108, 2940 MHz, 7001 MHz, 0x0000000000000000, 87.92 W, 0 %, 29712 MiB
2026/10/01 04:28:55.610, 517 MHz, 7001 MHz, 0x0000000000000000, 58.34 W, 0 %, 29712 MiB
2026/10/01 04:28:56.112, 420 MHz, 7001 MHz, 0x0000000000000000, 40.16 W, 0 %, 29712 MiB
2026/10/01 04:28:56.612, 420 MHz, 7001 MHz, 0x0000000000000000, 40.16 W, 0 %, 29712 MiB
2026/10/01 04:28:57.126, 262 MHz, 7001 MHz, 0x0000000000000000, 33.68 W, 0 %, 29712 MiB
2026/10/01 04:28:57.637, 262 MHz, 7001 MHz, 0x0000000000000000, 33.68 W, 0 %, 29712 MiB
2026/10/01 04:28:58.152, 180 MHz, 7001 MHz, 0x0000000000000000, 33.28 W, 1 %, 29729 MiB
2026/10/01 04:28:58.654, 187 MHz, 810 MHz, 0x0000000000000000, 27.20 W, 0 %, 29729 MiB
2026/10/01 04:28:59.167, 180 MHz, 810 MHz, 0x0000000000000000, 15.32 W, 0 %, 29729 MiB
2026/10/01 04:28:59.680, 180 MHz, 810 MHz, 0x0000000000000000, 15.32 W, 0 %, 29927 MiB
2026/10/01 04:29:00.194, 1747 MHz, 13801 MHz, 0x0000000000000000, 40.87 W, 100 %, 29927 MiB
2026/10/01 04:29:00.708, 2932 MHz, 13801 MHz, 0x0000000000000000, 72.89 W, 100 %, 29927 MiB
2026/10/01 04:29:01.210, 2932 MHz, 13801 MHz, 0x0000000000000000, 130.62 W, 100 %, 29932 MiB
2026/10/01 04:29:01.721, 2932 MHz, 13801 MHz, 0x0000000000000000, 131.33 W, 100 %, 29932 MiB
2026/10/01 04:29:02.223, 2932 MHz, 13801 MHz, 0x0000000000000000, 133.96 W, 100 %, 29927 MiB
2026/10/01 04:29:02.731, 2932 MHz, 13801 MHz, 0x0000000000000000, 133.24 W, 100 %, 29927 MiB
2026/10/01 04:29:03.239, 2932 MHz, 13801 MHz, 0x0000000000000000, 180.00 W, 95 %, 29927 MiB
2026/10/01 04:29:03.746, 2925 MHz, 13801 MHz, 0x0000000000000000, 257.04 W, 94 %, 29927 MiB
2026/10/01 04:29:04.257, 2925 MHz, 13801 MHz, 0x0000000000000000, 284.30 W, 96 %, 29927 MiB
2026/10/01 04:29:04.766, 2925 MHz, 13801 MHz, 0x0000000000000000, 281.98 W, 97 %, 30183 MiB
2026/10/01 04:29:05.278, 2932 MHz, 13801 MHz, 0x0000000000000000, 265.38 W, 79 %, 30311 MiB
2026/10/01 04:29:05.786, 2902 MHz, 13801 MHz, 0x0000000000000000, 260.17 W, 95 %, 30311 MiB
2026/10/01 04:29:06.292, 2910 MHz, 13801 MHz, 0x0000000000000000, 295.74 W, 95 %, 30563 MiB
2026/10/01 04:29:06.797, 2910 MHz, 13801 MHz, 0x0000000000000000, 327.85 W, 94 %, 30563 MiB
2026/10/01 04:29:07.305, 2910 MHz, 13801 MHz, 0x0000000000000000, 345.52 W, 94 %, 30563 MiB
2026/10/01 04:29:07.813, 2887 MHz, 13801 MHz, 0x0000000000000000, 358.42 W, 95 %, 30563 MiB
2026/10/01 04:29:08.320, 2910 MHz, 13801 MHz, 0x0000000000000000, 359.22 W, 95 %, 30563 MiB
2026/10/01 04:29:08.830, 2887 MHz, 13801 MHz, 0x0000000000000000, 356.92 W, 95 %, 30563 MiB
2026/10/01 04:29:09.335, 2910 MHz, 13801 MHz, 0x0000000000000000, 357.96 W, 95 %, 30563 MiB
2026/10/01 04:29:09.843, 2910 MHz, 13801 MHz, 0x0000000000000000, 361.76 W, 95 %, 30563 MiB
2026/10/01 04:29:10.352, 2910 MHz, 13801 MHz, 0x0000000000000000, 358.99 W, 65 %, 30563 MiB
2026/10/01 04:29:10.858, 2910 MHz, 13801 MHz, 0x0000000000000000, 360.05 W, 94 %, 30563 MiB
2026/10/01 04:29:11.365, 2910 MHz, 13801 MHz, 0x0000000000000000, 360.43 W, 95 %, 30563 MiB
2026/10/01 04:29:11.873, 2910 MHz, 13801 MHz, 0x0000000000000000, 362.54 W, 95 %, 30563 MiB
2026/10/01 04:29:12.383, 2887 MHz, 13801 MHz, 0x0000000000000000, 359.81 W, 95 %, 30563 MiB
2026/10/01 04:29:12.890, 2910 MHz, 13801 MHz, 0x0000000000000000, 359.76 W, 95 %, 30563 MiB
2026/10/01 04:29:13.397, 2910 MHz, 13801 MHz, 0x0000000000000000, 362.66 W, 95 %, 30563 MiB
2026/10/01 04:29:13.905, 2887 MHz, 13801 MHz, 0x0000000000000000, 360.03 W, 95 %, 30563 MiB
2026/10/01 04:29:14.412, 2910 MHz, 13801 MHz, 0x0000000000000000, 359.10 W, 95 %, 30563 MiB
2026/10/01 04:29:14.918, 2910 MHz, 13801 MHz, 0x0000000000000000, 363.01 W, 95 %, 30563 MiB
2026/10/01 04:29:15.427, 2910 MHz, 13801 MHz, 0x0000000000000000, 361.08 W, 53 %, 30563 MiB
2026/10/01 04:29:15.932, 2910 MHz, 13801 MHz, 0x0000000000000000, 358.20 W, 94 %, 30563 MiB
2026/10/01 04:29:16.438, 2910 MHz, 13801 MHz, 0x0000000000000000, 359.23 W, 95 %, 30563 MiB
2026/10/01 04:29:16.947, 2910 MHz, 13801 MHz, 0x0000000000000000, 360.65 W, 68 %, 30563 MiB
2026/10/01 04:29:17.452, 2910 MHz, 13801 MHz, 0x0000000000000000, 361.58 W, 95 %, 30563 MiB
2026/10/01 04:29:17.960, 2910 MHz, 13801 MHz, 0x0000000000000000, 361.95 W, 95 %, 30563 MiB
2026/10/01 04:29:18.466, 2910 MHz, 13801 MHz, 0x0000000000000000, 364.13 W, 95 %, 30563 MiB
2026/10/01 04:29:18.974, 2895 MHz, 13801 MHz, 0x0000000000000000, 353.28 W, 37 %, 30583 MiB
2026/10/01 04:29:19.483, 2910 MHz, 13801 MHz, 0x0000000000000000, 354.06 W, 95 %, 30583 MiB
2026/10/01 04:29:19.988, 2910 MHz, 13801 MHz, 0x0000000000000000, 354.25 W, 96 %, 30583 MiB
2026/10/01 04:29:20.500, 2910 MHz, 13801 MHz, 0x0000000000000000, 364.63 W, 95 %, 30583 MiB
2026/10/01 04:29:21.009, 2895 MHz, 13801 MHz, 0x0000000000000000, 364.30 W, 95 %, 30583 MiB
2026/10/01 04:29:21.517, 2910 MHz, 13801 MHz, 0x0000000000000000, 364.93 W, 95 %, 30583 MiB
2026/10/01 04:29:22.026, 2910 MHz, 13801 MHz, 0x0000000000000000, 366.15 W, 95 %, 30585 MiB
2026/10/01 04:29:22.533, 2887 MHz, 13801 MHz, 0x0000000000000000, 352.00 W, 95 %, 30585 MiB
2026/10/01 04:29:23.043, 2910 MHz, 13801 MHz, 0x0000000000000000, 354.07 W, 95 %, 30583 MiB
2026/10/01 04:29:23.554, 2910 MHz, 13801 MHz, 0x0000000000000000, 367.20 W, 95 %, 30583 MiB
2026/10/01 04:29:24.066, 2910 MHz, 13801 MHz, 0x0000000000000000, 362.11 W, 75 %, 30583 MiB
2026/10/01 04:29:24.573, 2910 MHz, 13801 MHz, 0x0000000000000000, 366.01 W, 94 %, 30583 MiB
2026/10/01 04:29:25.080, 2910 MHz, 13801 MHz, 0x0000000000000000, 365.79 W, 95 %, 30583 MiB
2026/10/01 04:29:25.592, 2910 MHz, 13801 MHz, 0x0000000000000000, 366.27 W, 95 %, 30583 MiB
2026/10/01 04:29:26.104, 2887 MHz, 13801 MHz, 0x0000000000000000, 360.06 W, 95 %, 30583 MiB
2026/10/01 04:29:26.616, 2910 MHz, 13801 MHz, 0x0000000000000000, 359.20 W, 95 %, 30583 MiB
2026/10/01 04:29:27.124, 2910 MHz, 13801 MHz, 0x0000000000000000, 366.36 W, 94 %, 30583 MiB
2026/10/01 04:29:27.634, 2910 MHz, 13801 MHz, 0x0000000000000000, 366.95 W, 95 %, 30583 MiB
2026/10/01 04:29:28.140, 2887 MHz, 13801 MHz, 0x0000000000000000, 362.48 W, 95 %, 30583 MiB
2026/10/01 04:29:28.648, 2910 MHz, 13801 MHz, 0x0000000000000000, 361.67 W, 95 %, 30583 MiB
2026/10/01 04:29:29.155, 2910 MHz, 13801 MHz, 0x0000000000000000, 366.55 W, 94 %, 30583 MiB
2026/10/01 04:29:29.667, 2910 MHz, 13801 MHz, 0x0000000000000000, 367.17 W, 94 %, 30583 MiB
2026/10/01 04:29:30.172, 2887 MHz, 13801 MHz, 0x0000000000000000, 362.54 W, 95 %, 30583 MiB
2026/10/01 04:29:30.680, 2910 MHz, 13801 MHz, 0x0000000000000000, 361.70 W, 95 %, 30583 MiB
2026/10/01 04:29:31.191, 2910 MHz, 13801 MHz, 0x0000000000000000, 366.89 W, 95 %, 30583 MiB
2026/10/01 04:29:31.699, 2887 MHz, 13801 MHz, 0x0000000000000000, 363.37 W, 95 %, 30583 MiB
2026/10/01 04:29:32.205, 2910 MHz, 13801 MHz, 0x0000000000000000, 363.55 W, 94 %, 30583 MiB
2026/10/01 04:29:32.713, 2910 MHz, 13801 MHz, 0x0000000000000000, 368.48 W, 94 %, 30583 MiB
2026/10/01 04:29:33.221, 2910 MHz, 13801 MHz, 0x0000000000000000, 366.69 W, 57 %, 30583 MiB
2026/10/01 04:29:33.727, 2910 MHz, 13801 MHz, 0x0000000000000000, 361.30 W, 95 %, 30583 MiB
2026/10/01 04:29:34.235, 2910 MHz, 13801 MHz, 0x0000000000000000, 361.74 W, 95 %, 30583 MiB
2026/10/01 04:29:34.745, 2910 MHz, 13801 MHz, 0x0000000000000000, 368.38 W, 95 %, 30585 MiB
2026/10/01 04:29:35.253, 2880 MHz, 13801 MHz, 0x0000000000000000, 348.80 W, 82 %, 30585 MiB
2026/10/01 04:29:35.763, 2910 MHz, 13801 MHz, 0x0000000000000000, 349.81 W, 95 %, 30585 MiB
2026/10/01 04:29:36.270, 2910 MHz, 13801 MHz, 0x0000000000000000, 365.34 W, 95 %, 30585 MiB
2026/10/01 04:29:36.779, 2880 MHz, 13801 MHz, 0x0000000000000000, 365.81 W, 95 %, 30585 MiB
2026/10/01 04:29:37.287, 2910 MHz, 13801 MHz, 0x0000000000000000, 365.56 W, 95 %, 30585 MiB
2026/10/01 04:29:37.798, 2910 MHz, 13801 MHz, 0x0000000000000000, 368.92 W, 94 %, 30585 MiB
2026/10/01 04:29:38.308, 2910 MHz, 13801 MHz, 0x0000000000000000, 364.65 W, 72 %, 30585 MiB
2026/10/01 04:29:38.817, 2910 MHz, 13801 MHz, 0x0000000000000000, 366.47 W, 95 %, 30585 MiB
2026/10/01 04:29:39.323, 2910 MHz, 13801 MHz, 0x0000000000000000, 369.64 W, 95 %, 30585 MiB
2026/10/01 04:29:39.832, 2880 MHz, 13801 MHz, 0x0000000000000000, 368.82 W, 95 %, 30585 MiB
2026/10/01 04:29:40.341, 2910 MHz, 13801 MHz, 0x0000000000000000, 370.15 W, 95 %, 30585 MiB
2026/10/01 04:29:40.851, 2910 MHz, 13801 MHz, 0x0000000000000000, 371.06 W, 95 %, 30585 MiB
2026/10/01 04:29:41.359, 2880 MHz, 13801 MHz, 0x0000000000000000, 368.76 W, 95 %, 30585 MiB
2026/10/01 04:29:41.870, 2910 MHz, 13801 MHz, 0x0000000000000000, 369.25 W, 95 %, 30585 MiB
2026/10/01 04:29:42.377, 2910 MHz, 13801 MHz, 0x0000000000000000, 370.73 W, 95 %, 30585 MiB
2026/10/01 04:29:42.886, 2910 MHz, 13801 MHz, 0x0000000000000000, 366.89 W, 53 %, 30585 MiB
2026/10/01 04:29:43.393, 2910 MHz, 13801 MHz, 0x0000000000000000, 348.02 W, 90 %, 30590 MiB
2026/10/01 04:29:43.901, 2910 MHz, 13801 MHz, 0x0000000000000000, 349.68 W, 95 %, 30590 MiB
2026/10/01 04:29:44.413, 2910 MHz, 13801 MHz, 0x0000000000000000, 367.31 W, 55 %, 30585 MiB
2026/10/01 04:29:44.920, 2910 MHz, 13801 MHz, 0x0000000000000000, 369.45 W, 95 %, 30585 MiB
2026/10/01 04:29:45.425, 2910 MHz, 13801 MHz, 0x0000000000000000, 374.20 W, 95 %, 30585 MiB
2026/10/01 04:29:45.933, 2910 MHz, 13801 MHz, 0x0000000000000000, 371.23 W, 95 %, 30585 MiB
2026/10/01 04:29:46.445, 2895 MHz, 13801 MHz, 0x0000000000000000, 364.97 W, 95 %, 30585 MiB
2026/10/01 04:29:46.952, 2910 MHz, 13801 MHz, 0x0000000000000000, 365.10 W, 95 %, 30585 MiB
2026/10/01 04:29:47.460, 2910 MHz, 13801 MHz, 0x0000000000000000, 370.49 W, 95 %, 30585 MiB
2026/10/01 04:29:47.969, 2910 MHz, 13801 MHz, 0x0000000000000000, 367.04 W, 70 %, 30585 MiB
2026/10/01 04:29:48.476, 2910 MHz, 13801 MHz, 0x0000000000000000, 367.19 W, 95 %, 30585 MiB
2026/10/01 04:29:48.982, 2910 MHz, 13801 MHz, 0x0000000000000000, 370.43 W, 94 %, 30585 MiB
2026/10/01 04:29:49.490, 2910 MHz, 13801 MHz, 0x0000000000000000, 369.88 W, 95 %, 30585 MiB
2026/10/01 04:29:50.000, 2895 MHz, 13801 MHz, 0x0000000000000000, 370.15 W, 82 %, 30585 MiB
2026/10/01 04:29:50.507, 2910 MHz, 13801 MHz, 0x0000000000000000, 370.11 W, 95 %, 30585 MiB
2026/10/01 04:29:51.013, 2910 MHz, 13801 MHz, 0x0000000000000000, 369.96 W, 94 %, 30585 MiB
2026/10/01 04:29:51.521, 2902 MHz, 13801 MHz, 0x0000000000000000, 362.55 W, 44 %, 30585 MiB
2026/10/01 04:29:52.030, 2910 MHz, 13801 MHz, 0x0000000000000000, 357.52 W, 95 %, 30585 MiB
2026/10/01 04:29:52.533, 2910 MHz, 13801 MHz, 0x0000000000000000, 360.81 W, 95 %, 30585 MiB
2026/10/01 04:29:53.040, 2910 MHz, 13801 MHz, 0x0000000000000000, 371.62 W, 95 %, 30585 MiB
2026/10/01 04:29:53.548, 2910 MHz, 13801 MHz, 0x0000000000000000, 368.27 W, 52 %, 30585 MiB
2026/10/01 04:29:54.055, 2910 MHz, 13801 MHz, 0x0000000000000000, 366.22 W, 95 %, 30585 MiB
2026/10/01 04:29:54.564, 2910 MHz, 13801 MHz, 0x0000000000000000, 368.87 W, 95 %, 30585 MiB
2026/10/01 04:29:55.074, 2902 MHz, 13801 MHz, 0x0000000000000000, 358.43 W, 62 %, 30585 MiB
2026/10/01 04:29:55.585, 2910 MHz, 13801 MHz, 0x0000000000000000, 359.92 W, 95 %, 30585 MiB
2026/10/01 04:29:56.092, 2910 MHz, 13801 MHz, 0x0000000000000000, 364.91 W, 94 %, 30585 MiB
2026/10/01 04:29:56.602, 2910 MHz, 13801 MHz, 0x0000000000000000, 370.76 W, 95 %, 30585 MiB
2026/10/01 04:29:57.108, 2910 MHz, 13801 MHz, 0x0000000000000000, 364.58 W, 95 %, 30585 MiB
2026/10/01 04:29:57.612, 2910 MHz, 13801 MHz, 0x0000000000000000, 365.72 W, 95 %, 30585 MiB
2026/10/01 04:29:58.121, 2910 MHz, 13801 MHz, 0x0000000000000000, 371.83 W, 95 %, 30585 MiB
2026/10/01 04:29:58.631, 2910 MHz, 13801 MHz, 0x0000000000000000, 364.67 W, 60 %, 30585 MiB
2026/10/01 04:29:59.136, 2910 MHz, 13801 MHz, 0x0000000000000000, 366.17 W, 95 %, 30585 MiB
2026/10/01 04:29:59.643, 2910 MHz, 13801 MHz, 0x0000000000000000, 369.23 W, 95 %, 30585 MiB
2026/10/01 04:30:00.149, 2910 MHz, 13801 MHz, 0x0000000000000000, 367.36 W, 74 %, 30585 MiB
2026/10/01 04:30:00.659, 2910 MHz, 13801 MHz, 0x0000000000000000, 363.63 W, 95 %, 30585 MiB
2026/10/01 04:30:01.167, 2910 MHz, 13801 MHz, 0x0000000000000000, 364.65 W, 95 %, 30585 MiB
2026/10/01 04:30:01.679, 2910 MHz, 13801 MHz, 0x0000000000000000, 371.72 W, 95 %, 30585 MiB
2026/10/01 04:30:02.184, 2895 MHz, 13801 MHz, 0x0000000000000000, 361.04 W, 76 %, 30585 MiB
2026/10/01 04:30:02.690, 2910 MHz, 13801 MHz, 0x0000000000000000, 359.53 W, 94 %, 30585 MiB
2026/10/01 04:30:03.199, 2910 MHz, 13801 MHz, 0x0000000000000000, 371.10 W, 95 %, 30585 MiB
2026/10/01 04:30:03.710, 2910 MHz, 13801 MHz, 0x0000000000000000, 371.33 W, 95 %, 30585 MiB
2026/10/01 04:30:04.216, 2887 MHz, 13801 MHz, 0x0000000000000000, 360.83 W, 95 %, 30585 MiB
2026/10/01 04:30:04.725, 2910 MHz, 13801 MHz, 0x0000000000000000, 359.64 W, 95 %, 30590 MiB
2026/10/01 04:30:05.235, 2910 MHz, 13801 MHz, 0x0000000000000000, 369.72 W, 94 %, 30590 MiB
2026/10/01 04:30:05.742, 2910 MHz, 13801 MHz, 0x0000000000000000, 370.48 W, 95 %, 30585 MiB
2026/10/01 04:30:06.249, 2880 MHz, 13801 MHz, 0x0000000000000000, 368.03 W, 95 %, 30585 MiB
2026/10/01 04:30:06.756, 2910 MHz, 13801 MHz, 0x0000000000000000, 368.08 W, 95 %, 30585 MiB
2026/10/01 04:30:07.264, 2910 MHz, 13801 MHz, 0x0000000000000000, 372.77 W, 95 %, 30585 MiB
2026/10/01 04:30:07.772, 2910 MHz, 13801 MHz, 0x0000000000000000, 371.92 W, 95 %, 30585 MiB
2026/10/01 04:30:08.281, 2880 MHz, 13801 MHz, 0x0000000000000000, 363.91 W, 95 %, 30585 MiB
2026/10/01 04:30:08.790, 2910 MHz, 13801 MHz, 0x0000000000000000, 364.51 W, 95 %, 30585 MiB
2026/10/01 04:30:09.300, 2910 MHz, 13801 MHz, 0x0000000000000000, 372.41 W, 95 %, 30585 MiB
2026/10/01 04:30:09.808, 2895 MHz, 13801 MHz, 0x0000000000000000, 369.32 W, 83 %, 30585 MiB
2026/10/01 04:30:10.315, 2902 MHz, 13801 MHz, 0x0000000000000000, 370.10 W, 95 %, 30585 MiB
2026/10/01 04:30:10.824, 2895 MHz, 13801 MHz, 0x0000000000000000, 367.52 W, 69 %, 30585 MiB
2026/10/01 04:30:11.330, 2910 MHz, 13801 MHz, 0x0000000000000000, 366.99 W, 95 %, 30585 MiB
2026/10/01 04:30:11.838, 2910 MHz, 13801 MHz, 0x0000000000000000, 368.43 W, 95 %, 30585 MiB
2026/10/01 04:30:12.344, 2910 MHz, 13801 MHz, 0x0000000000000000, 373.20 W, 95 %, 30585 MiB
2026/10/01 04:30:12.853, 2895 MHz, 13801 MHz, 0x0000000000000000, 371.33 W, 82 %, 30585 MiB
2026/10/01 04:30:13.358, 2902 MHz, 13801 MHz, 0x0000000000000000, 371.21 W, 95 %, 30585 MiB
2026/10/01 04:30:13.864, 2902 MHz, 13801 MHz, 0x0000000000000000, 371.67 W, 95 %, 30585 MiB
2026/10/01 04:30:14.371, 2902 MHz, 13801 MHz, 0x0000000000000000, 372.20 W, 95 %, 30585 MiB
2026/10/01 04:30:14.880, 2872 MHz, 13801 MHz, 0x0000000000000000, 366.42 W, 95 %, 30585 MiB
2026/10/01 04:30:15.391, 2910 MHz, 13801 MHz, 0x0000000000000000, 365.68 W, 95 %, 30585 MiB
2026/10/01 04:30:15.898, 2910 MHz, 13801 MHz, 0x0000000000000000, 373.03 W, 95 %, 30585 MiB
2026/10/01 04:30:16.406, 2910 MHz, 13801 MHz, 0x0000000000000000, 373.25 W, 95 %, 30585 MiB
2026/10/01 04:30:16.913, 2872 MHz, 13801 MHz, 0x0000000000000000, 366.83 W, 95 %, 30585 MiB
2026/10/01 04:30:17.419, 2902 MHz, 13801 MHz, 0x0000000000000000, 366.79 W, 95 %, 30585 MiB
2026/10/01 04:30:17.926, 2902 MHz, 13801 MHz, 0x0000000000000000, 372.17 W, 94 %, 30585 MiB
2026/10/01 04:30:18.436, 2872 MHz, 13801 MHz, 0x0000000000000000, 369.16 W, 95 %, 30585 MiB
2026/10/01 04:30:18.943, 2902 MHz, 13801 MHz, 0x0000000000000000, 369.60 W, 95 %, 30585 MiB
2026/10/01 04:30:19.451, 2902 MHz, 13801 MHz, 0x0000000000000000, 372.82 W, 95 %, 30585 MiB
2026/10/01 04:30:19.963, 2902 MHz, 13801 MHz, 0x0000000000000000, 369.26 W, 80 %, 30585 MiB
2026/10/01 04:30:20.471, 2902 MHz, 13801 MHz, 0x0000000000000000, 366.48 W, 95 %, 30585 MiB
2026/10/01 04:30:20.980, 2910 MHz, 13801 MHz, 0x0000000000000000, 367.49 W, 94 %, 30585 MiB
2026/10/01 04:30:21.486, 2910 MHz, 13801 MHz, 0x0000000000000000, 372.36 W, 95 %, 30585 MiB
2026/10/01 04:30:21.992, 2880 MHz, 13801 MHz, 0x0000000000000000, 368.88 W, 94 %, 30585 MiB
2026/10/01 04:30:22.501, 2902 MHz, 13801 MHz, 0x0000000000000000, 368.84 W, 95 %, 30585 MiB
2026/10/01 04:30:23.007, 2902 MHz, 13801 MHz, 0x0000000000000000, 372.92 W, 95 %, 30585 MiB
2026/10/01 04:30:23.514, 2880 MHz, 13801 MHz, 0x0000000000000000, 366.76 W, 95 %, 30585 MiB
2026/10/01 04:30:24.020, 2902 MHz, 13801 MHz, 0x0000000000000000, 366.21 W, 94 %, 30585 MiB
2026/10/01 04:30:24.527, 2895 MHz, 13801 MHz, 0x0000000000000000, 372.55 W, 95 %, 30585 MiB
2026/10/01 04:30:25.037, 2895 MHz, 13801 MHz, 0x0000000000000000, 365.69 W, 56 %, 30585 MiB
2026/10/01 04:30:25.544, 2895 MHz, 13801 MHz, 0x0000000000000000, 356.77 W, 95 %, 30585 MiB
2026/10/01 04:30:26.053, 2895 MHz, 13801 MHz, 0x0000000000000000, 356.67 W, 94 %, 30590 MiB
2026/10/01 04:30:26.560, 2895 MHz, 13801 MHz, 0x0000000000000000, 372.06 W, 95 %, 30585 MiB
2026/10/01 04:30:27.067, 2872 MHz, 13801 MHz, 0x0000000000000000, 367.30 W, 95 %, 30585 MiB
2026/10/01 04:30:27.574, 2910 MHz, 13801 MHz, 0x0000000000000000, 366.95 W, 95 %, 30585 MiB
2026/10/01 04:30:28.085, 2910 MHz, 13801 MHz, 0x0000000000000000, 373.16 W, 93 %, 30585 MiB
2026/10/01 04:30:28.597, 2910 MHz, 13801 MHz, 0x0000000000000000, 369.39 W, 68 %, 30585 MiB
2026/10/01 04:30:29.107, 2902 MHz, 13801 MHz, 0x0000000000000000, 366.70 W, 95 %, 30585 MiB
2026/10/01 04:30:29.615, 2902 MHz, 13801 MHz, 0x0000000000000000, 366.33 W, 95 %, 30585 MiB
2026/10/01 04:30:30.124, 2902 MHz, 13801 MHz, 0x0000000000000000, 372.91 W, 95 %, 30585 MiB
2026/10/01 04:30:30.634, 2880 MHz, 13801 MHz, 0x0000000000000000, 365.45 W, 94 %, 30585 MiB
2026/10/01 04:30:31.145, 2895 MHz, 13801 MHz, 0x0000000000000000, 365.80 W, 95 %, 30585 MiB
2026/10/01 04:30:31.657, 2902 MHz, 13801 MHz, 0x0000000000000000, 373.96 W, 95 %, 30585 MiB
2026/10/01 04:30:32.169, 2887 MHz, 13801 MHz, 0x0000000000000000, 364.78 W, 83 %, 30585 MiB
2026/10/01 04:30:32.681, 2910 MHz, 13801 MHz, 0x0000000000000000, 364.79 W, 95 %, 30585 MiB
2026/10/01 04:30:33.190, 2902 MHz, 13801 MHz, 0x0000000000000000, 374.10 W, 95 %, 30585 MiB
2026/10/01 04:30:33.701, 2902 MHz, 13801 MHz, 0x0000000000000000, 373.94 W, 95 %, 30585 MiB
2026/10/01 04:30:34.212, 2902 MHz, 13801 MHz, 0x0000000000000000, 368.12 W, 50 %, 30585 MiB
2026/10/01 04:30:34.725, 2895 MHz, 13801 MHz, 0x0000000000000000, 367.66 W, 95 %, 30585 MiB
2026/10/01 04:30:35.238, 2902 MHz, 13801 MHz, 0x0000000000000000, 372.41 W, 95 %, 30585 MiB
2026/10/01 04:30:35.749, 2902 MHz, 13801 MHz, 0x0000000000000000, 374.03 W, 95 %, 30585 MiB
2026/10/01 04:30:36.258, 2887 MHz, 13801 MHz, 0x0000000000000000, 362.02 W, 95 %, 30585 MiB
2026/10/01 04:30:36.766, 2910 MHz, 13801 MHz, 0x0000000000000000, 361.34 W, 95 %, 30585 MiB
2026/10/01 04:30:37.277, 2910 MHz, 13801 MHz, 0x0000000000000000, 374.77 W, 95 %, 30585 MiB
2026/10/01 04:30:37.784, 2887 MHz, 13801 MHz, 0x0000000000000000, 365.32 W, 95 %, 30585 MiB
2026/10/01 04:30:38.292, 2910 MHz, 13801 MHz, 0x0000000000000000, 365.03 W, 94 %, 30585 MiB
2026/10/01 04:30:38.801, 2910 MHz, 13801 MHz, 0x0000000000000000, 374.19 W, 95 %, 30585 MiB
2026/10/01 04:30:39.311, 2910 MHz, 13801 MHz, 0x0000000000000000, 370.11 W, 44 %, 30585 MiB
2026/10/01 04:30:39.817, 2902 MHz, 13801 MHz, 0x0000000000000000, 367.46 W, 95 %, 30585 MiB
2026/10/01 04:30:40.324, 2902 MHz, 13801 MHz, 0x0000000000000000, 368.31 W, 95 %, 30585 MiB
2026/10/01 04:30:40.830, 2880 MHz, 13801 MHz, 0x0000000000000000, 368.33 W, 94 %, 30585 MiB
2026/10/01 04:30:41.338, 2902 MHz, 13801 MHz, 0x0000000000000000, 367.73 W, 94 %, 30585 MiB
2026/10/01 04:30:41.844, 2902 MHz, 13801 MHz, 0x0000000000000000, 373.29 W, 95 %, 30585 MiB
2026/10/01 04:30:42.350, 2887 MHz, 13801 MHz, 0x0000000000000000, 369.89 W, 95 %, 30585 MiB
2026/10/01 04:30:42.858, 2902 MHz, 13801 MHz, 0x0000000000000000, 369.28 W, 95 %, 30585 MiB
2026/10/01 04:30:43.367, 2910 MHz, 13801 MHz, 0x0000000000000000, 355.70 W, 94 %, 30585 MiB
2026/10/01 04:30:43.877, 2887 MHz, 13801 MHz, 0x0000000000000000, 346.31 W, 95 %, 30585 MiB
2026/10/01 04:30:44.383, 2910 MHz, 13801 MHz, 0x0000000000000000, 363.03 W, 95 %, 30585 MiB
2026/10/01 04:30:44.889, 2910 MHz, 13801 MHz, 0x0000000000000000, 374.27 W, 95 %, 30585 MiB
2026/10/01 04:30:45.400, 2910 MHz, 13801 MHz, 0x0000000000000000, 366.54 W, 56 %, 30585 MiB
2026/10/01 04:30:45.908, 2902 MHz, 13801 MHz, 0x0000000000000000, 366.70 W, 94 %, 30585 MiB
2026/10/01 04:30:46.416, 2895 MHz, 13801 MHz, 0x0000000000000000, 368.94 W, 95 %, 30585 MiB
2026/10/01 04:30:46.922, 2895 MHz, 13801 MHz, 0x0000000000000000, 372.53 W, 95 %, 30590 MiB
2026/10/01 04:30:47.428, 2895 MHz, 13801 MHz, 0x0000000000000000, 352.28 W, 95 %, 30590 MiB
2026/10/01 04:30:47.934, 2895 MHz, 13801 MHz, 0x0000000000000000, 353.17 W, 95 %, 30585 MiB
2026/10/01 04:30:48.447, 2895 MHz, 13801 MHz, 0x0000000000000000, 373.21 W, 95 %, 30585 MiB
2026/10/01 04:30:48.957, 2872 MHz, 13801 MHz, 0x0000000000000000, 365.75 W, 94 %, 30585 MiB
2026/10/01 04:30:49.468, 2902 MHz, 13801 MHz, 0x0000000000000000, 366.82 W, 95 %, 30585 MiB
2026/10/01 04:30:49.974, 2902 MHz, 13801 MHz, 0x0000000000000000, 373.98 W, 94 %, 30585 MiB
2026/10/01 04:30:50.484, 2902 MHz, 13801 MHz, 0x0000000000000000, 373.96 W, 95 %, 30585 MiB
2026/10/01 04:30:50.992, 2872 MHz, 13801 MHz, 0x0000000000000000, 369.05 W, 95 %, 30585 MiB
2026/10/01 04:30:51.498, 2902 MHz, 13801 MHz, 0x0000000000000000, 369.07 W, 95 %, 30585 MiB
2026/10/01 04:30:52.006, 2902 MHz, 13801 MHz, 0x0000000000000000, 374.23 W, 95 %, 30585 MiB
2026/10/01 04:30:52.518, 2895 MHz, 13801 MHz, 0x0000000000000000, 365.80 W, 68 %, 30585 MiB
2026/10/01 04:30:53.025, 2902 MHz, 13801 MHz, 0x0000000000000000, 364.36 W, 94 %, 30585 MiB
2026/10/01 04:30:53.533, 2902 MHz, 13801 MHz, 0x0000000000000000, 369.95 W, 94 %, 30585 MiB
2026/10/01 04:30:54.041, 2902 MHz, 13801 MHz, 0x0000000000000000, 372.82 W, 95 %, 30585 MiB
2026/10/01 04:30:54.548, 2872 MHz, 13801 MHz, 0x0000000000000000, 370.91 W, 95 %, 30585 MiB
2026/10/01 04:30:55.054, 2902 MHz, 13801 MHz, 0x0000000000000000, 371.29 W, 94 %, 30585 MiB
2026/10/01 04:30:55.564, 2902 MHz, 13801 MHz, 0x0000000000000000, 373.27 W, 95 %, 30585 MiB
2026/10/01 04:30:56.072, 2895 MHz, 13801 MHz, 0x0000000000000000, 371.46 W, 65 %, 30585 MiB
2026/10/01 04:30:56.578, 2902 MHz, 13801 MHz, 0x0000000000000000, 371.83 W, 95 %, 30585 MiB
2026/10/01 04:30:57.092, 2902 MHz, 13801 MHz, 0x0000000000000000, 374.06 W, 95 %, 30585 MiB
2026/10/01 04:30:57.603, 2902 MHz, 13801 MHz, 0x0000000000000000, 373.79 W, 95 %, 30585 MiB
2026/10/01 04:30:58.117, 2902 MHz, 13801 MHz, 0x0000000000000000, 368.29 W, 49 %, 30585 MiB
2026/10/01 04:30:58.628, 2902 MHz, 13801 MHz, 0x0000000000000000, 367.60 W, 95 %, 30585 MiB
2026/10/01 04:30:59.136, 2902 MHz, 13801 MHz, 0x0000000000000000, 372.11 W, 95 %, 30585 MiB
2026/10/01 04:30:59.648, 2902 MHz, 13801 MHz, 0x0000000000000000, 373.76 W, 94 %, 30585 MiB
2026/10/01 04:31:00.159, 2880 MHz, 13801 MHz, 0x0000000000000000, 370.09 W, 95 %, 30585 MiB
2026/10/01 04:31:00.666, 2902 MHz, 13801 MHz, 0x0000000000000000, 370.60 W, 95 %, 30585 MiB
2026/10/01 04:31:01.175, 2902 MHz, 13801 MHz, 0x0000000000000000, 374.51 W, 95 %, 30585 MiB
2026/10/01 04:31:01.685, 2902 MHz, 13801 MHz, 0x0000000000000000, 369.91 W, 95 %, 30585 MiB
2026/10/01 04:31:02.192, 2880 MHz, 13801 MHz, 0x0000000000000000, 372.19 W, 95 %, 30585 MiB
2026/10/01 04:31:02.699, 2902 MHz, 13801 MHz, 0x0000000000000000, 372.21 W, 95 %, 30585 MiB
2026/10/01 04:31:03.205, 2902 MHz, 13801 MHz, 0x0000000000000000, 375.19 W, 95 %, 30585 MiB
2026/10/01 04:31:03.713, 2880 MHz, 13801 MHz, 0x0000000000000000, 369.32 W, 95 %, 30585 MiB
2026/10/01 04:31:04.220, 2902 MHz, 13801 MHz, 0x0000000000000000, 368.67 W, 95 %, 30585 MiB
2026/10/01 04:31:04.727, 2902 MHz, 13801 MHz, 0x0000000000000000, 374.68 W, 94 %, 30585 MiB
2026/10/01 04:31:05.241, 2902 MHz, 13801 MHz, 0x0000000000000000, 329.16 W, 28 %, 30585 MiB
2026/10/01 04:31:05.742, 2925 MHz, 13801 MHz, 0x0000000000000000, 208.09 W, 0 %, 30585 MiB
2026/10/01 04:31:06.258, 2925 MHz, 13801 MHz, 0x0000000000000000, 99.08 W, 0 %, 30585 MiB
2026/10/01 04:31:06.759, 2925 MHz, 13801 MHz, 0x0000000000000000, 98.06 W, 0 %, 30585 MiB
2026/10/01 04:31:07.259, 1537 MHz, 7001 MHz, 0x0000000000000000, 78.56 W, 0 %, 30585 MiB
2026/10/01 04:31:07.772, 540 MHz, 7001 MHz, 0x0000000000000000, 46.45 W, 0 %, 30587 MiB
2026/10/01 04:31:08.285, 442 MHz, 7001 MHz, 0x0000000000000000, 37.29 W, 0 %, 30587 MiB
2026/10/01 04:31:08.799, 345 MHz, 7001 MHz, 0x0000000000000000, 36.96 W, 0 %, 30585 MiB
2026/10/01 04:31:09.314, 277 MHz, 7001 MHz, 0x0000000000000000, 36.70 W, 0 %, 30585 MiB
2026/10/01 04:31:09.830, 217 MHz, 7001 MHz, 0x0000000000000000, 36.68 W, 0 %, 30585 MiB
2026/10/01 04:31:10.331, 180 MHz, 7001 MHz, 0x0000000000000000, 36.66 W, 0 %, 30585 MiB
2026/10/01 04:31:10.831, 180 MHz, 7001 MHz, 0x0000000000000000, 36.66 W, 0 %, 30585 MiB
2026/10/01 04:31:11.342, 180 MHz, 7001 MHz, 0x0000000000000000, 36.41 W, 0 %, 30585 MiB
2026/10/01 04:31:11.857, 187 MHz, 810 MHz, 0x0000000000000000, 30.82 W, 0 %, 30585 MiB
2026/10/01 04:31:12.371, 187 MHz, 810 MHz, 0x0000000000000000, 30.82 W, 0 %, 30585 MiB
2026/10/01 04:31:12.886, 180 MHz, 810 MHz, 0x0000000000000000, 22.37 W, 0 %, 30585 MiB
2026/10/01 04:31:13.388, 180 MHz, 810 MHz, 0x0000000000000000, 22.37 W, 0 %, 30585 MiB
2026/10/01 04:31:13.902, 180 MHz, 405 MHz, 0x0000000000000000, 12.46 W, 0 %, 30585 MiB
2026/10/01 04:31:14.413, 180 MHz, 405 MHz, 0x0000000000000000, 12.46 W, 0 %, 30585 MiB
2026/10/01 04:31:14.925, 180 MHz, 405 MHz, 0x0000000000000000, 12.42 W, 0 %, 30585 MiB
2026/10/01 04:31:15.427, 180 MHz, 405 MHz, 0x0000000000000000, 12.42 W, 0 %, 30585 MiB
2026/10/01 04:31:15.940, 180 MHz, 405 MHz, 0x0000000000000000, 12.27 W, 0 %, 30585 MiB
2026/10/01 04:31:16.442, 180 MHz, 405 MHz, 0x0000000000000000, 12.27 W, 0 %, 30585 MiB
2026/10/01 04:31:16.943, 180 MHz, 405 MHz, 0x0000000000000000, 12.05 W, 0 %, 30585 MiB
2026/10/01 04:31:17.444, 180 MHz, 405 MHz, 0x0000000000000000, 12.05 W, 0 %, 30585 MiB
2026/10/01 04:31:17.957, 1920 MHz, 13801 MHz, 0x0000000000000000, 95.80 W, 92 %, 30585 MiB
2026/10/01 04:31:18.460, 2910 MHz, 13801 MHz, 0x0000000000000000, 179.80 W, 95 %, 30585 MiB
2026/10/01 04:31:18.961, 2910 MHz, 13801 MHz, 0x0000000000000000, 364.53 W, 94 %, 30585 MiB
2026/10/01 04:31:19.464, 2910 MHz, 13801 MHz, 0x0000000000000000, 364.23 W, 86 %, 30585 MiB
2026/10/01 04:31:19.965, 2887 MHz, 13801 MHz, 0x0000000000000000, 359.45 W, 94 %, 30585 MiB
2026/10/01 04:31:20.466, 2910 MHz, 13801 MHz, 0x0000000000000000, 362.39 W, 94 %, 30585 MiB
2026/10/01 04:31:20.980, 2910 MHz, 13801 MHz, 0x0000000000000000, 368.76 W, 96 %, 30585 MiB
2026/10/01 04:31:21.496, 2910 MHz, 13801 MHz, 0x0000000000000000, 354.58 W, 94 %, 30585 MiB
2026/10/01 04:31:21.998, 2910 MHz, 13801 MHz, 0x0000000000000000, 355.16 W, 95 %, 30585 MiB
2026/10/01 04:31:22.510, 2910 MHz, 13801 MHz, 0x0000000000000000, 368.51 W, 96 %, 30585 MiB
2026/10/01 04:31:23.010, 2910 MHz, 13801 MHz, 0x0000000000000000, 361.26 W, 52 %, 30585 MiB
2026/10/01 04:31:23.512, 2895 MHz, 13801 MHz, 0x0000000000000000, 355.93 W, 96 %, 30585 MiB
2026/10/01 04:31:24.013, 2910 MHz, 13801 MHz, 0x0000000000000000, 355.97 W, 95 %, 30585 MiB
2026/10/01 04:31:24.514, 2910 MHz, 13801 MHz, 0x0000000000000000, 369.24 W, 95 %, 30585 MiB
2026/10/01 04:31:25.027, 2902 MHz, 13801 MHz, 0x0000000000000000, 357.61 W, 96 %, 30585 MiB
2026/10/01 04:31:25.530, 2910 MHz, 13801 MHz, 0x0000000000000000, 358.02 W, 96 %, 30585 MiB
2026/10/01 04:31:26.045, 2910 MHz, 13801 MHz, 0x0000000000000000, 368.91 W, 94 %, 30585 MiB
2026/10/01 04:31:26.558, 2910 MHz, 13801 MHz, 0x0000000000000000, 365.58 W, 49 %, 30585 MiB
2026/10/01 04:31:27.072, 2902 MHz, 13801 MHz, 0x0000000000000000, 362.07 W, 94 %, 30585 MiB
2026/10/01 04:31:27.587, 2910 MHz, 13801 MHz, 0x0000000000000000, 363.29 W, 96 %, 30585 MiB
2026/10/01 04:31:28.098, 2910 MHz, 13801 MHz, 0x0000000000000000, 370.05 W, 95 %, 30585 MiB
2026/10/01 04:31:28.613, 2887 MHz, 13801 MHz, 0x0000000000000000, 361.72 W, 95 %, 30585 MiB
2026/10/01 04:31:29.128, 2910 MHz, 13801 MHz, 0x0000000000000000, 362.32 W, 95 %, 30587 MiB
2026/10/01 04:31:29.641, 2910 MHz, 13801 MHz, 0x0000000000000000, 369.63 W, 94 %, 30585 MiB
2026/10/01 04:31:30.155, 2910 MHz, 13801 MHz, 0x0000000000000000, 358.10 W, 46 %, 30585 MiB
2026/10/01 04:31:30.669, 2910 MHz, 13801 MHz, 0x0000000000000000, 358.55 W, 95 %, 30585 MiB
2026/10/01 04:31:31.184, 2910 MHz, 13801 MHz, 0x0000000000000000, 366.33 W, 95 %, 30585 MiB
2026/10/01 04:31:31.686, 2910 MHz, 13801 MHz, 0x0000000000000000, 370.86 W, 95 %, 30585 MiB
2026/10/01 04:31:32.202, 2887 MHz, 13801 MHz, 0x0000000000000000, 359.04 W, 95 %, 30585 MiB
2026/10/01 04:31:32.703, 2910 MHz, 13801 MHz, 0x0000000000000000, 359.26 W, 95 %, 30585 MiB
2026/10/01 04:31:33.218, 2910 MHz, 13801 MHz, 0x0000000000000000, 371.36 W, 95 %, 30585 MiB
2026/10/01 04:31:33.732, 2910 MHz, 13801 MHz, 0x0000000000000000, 364.30 W, 83 %, 30585 MiB
2026/10/01 04:31:34.248, 2910 MHz, 13801 MHz, 0x0000000000000000, 363.65 W, 95 %, 30585 MiB
2026/10/01 04:31:34.749, 2910 MHz, 13801 MHz, 0x0000000000000000, 371.22 W, 95 %, 30585 MiB
2026/10/01 04:31:35.263, 2910 MHz, 13801 MHz, 0x0000000000000000, 369.08 W, 82 %, 30585 MiB
2026/10/01 04:31:35.777, 2887 MHz, 13801 MHz, 0x0000000000000000, 352.67 W, 95 %, 30585 MiB
2026/10/01 04:31:36.290, 2910 MHz, 13801 MHz, 0x0000000000000000, 353.33 W, 95 %, 30585 MiB
2026/10/01 04:31:36.805, 2910 MHz, 13801 MHz, 0x0000000000000000, 371.45 W, 95 %, 30585 MiB
2026/10/01 04:31:37.318, 2910 MHz, 13801 MHz, 0x0000000000000000, 301.67 W, 0 %, 30585 MiB
2026/10/01 04:31:37.831, 2925 MHz, 13801 MHz, 0x0000000000000000, 182.80 W, 0 %, 30585 MiB
2026/10/01 04:31:38.334, 2925 MHz, 13801 MHz, 0x0000000000000000, 95.74 W, 0 %, 30585 MiB
2026/10/01 04:31:38.849, 1485 MHz, 13801 MHz, 0x0000000000000000, 74.14 W, 0 %, 30585 MiB
2026/10/01 04:31:39.363, 472 MHz, 810 MHz, 0x0000000000000000, 43.46 W, 0 %, 30585 MiB
2026/10/01 04:31:39.878, 375 MHz, 810 MHz, 0x0000000000000000, 28.28 W, 0 %, 30585 MiB
2026/10/01 04:31:40.388, 330 MHz, 810 MHz, 0x0000000000000000, 25.24 W, 0 %, 30585 MiB
2026/10/01 04:31:40.900, 330 MHz, 810 MHz, 0x0000000000000000, 25.24 W, 0 %, 30585 MiB
2026/10/01 04:31:41.414, 187 MHz, 405 MHz, 0x0000000000000000, 12.48 W, 0 %, 30585 MiB
2026/10/01 04:31:41.926, 187 MHz, 405 MHz, 0x0000000000000000, 12.48 W, 0 %, 30585 MiB
2026/10/01 04:31:42.439, 180 MHz, 405 MHz, 0x0000000000000000, 12.36 W, 0 %, 30585 MiB
2026/10/01 04:31:42.951, 180 MHz, 405 MHz, 0x0000000000000000, 12.36 W, 0 %, 30585 MiB
2026/10/01 04:31:43.465, 180 MHz, 405 MHz, 0x0000000000000000, 12.07 W, 0 %, 30585 MiB
2026/10/01 04:31:43.979, 180 MHz, 405 MHz, 0x0000000000000000, 12.07 W, 0 %, 30585 MiB
2026/10/01 04:31:44.490, 2280 MHz, 13801 MHz, 0x0000000000000000, 109.89 W, 95 %, 30585 MiB
2026/10/01 04:31:44.998, 2910 MHz, 13801 MHz, 0x0000000000000000, 181.15 W, 95 %, 30585 MiB
2026/10/01 04:31:45.504, 2910 MHz, 13801 MHz, 0x0000000000000000, 366.58 W, 95 %, 30585 MiB
2026/10/01 04:31:46.012, 2910 MHz, 13801 MHz, 0x0000000000000000, 362.22 W, 54 %, 30585 MiB
2026/10/01 04:31:46.518, 2910 MHz, 13801 MHz, 0x0000000000000000, 362.00 W, 94 %, 30585 MiB
2026/10/01 04:31:47.026, 2910 MHz, 13801 MHz, 0x0000000000000000, 368.38 W, 95 %, 30585 MiB
2026/10/01 04:31:47.533, 2910 MHz, 13801 MHz, 0x0000000000000000, 369.12 W, 95 %, 30585 MiB
2026/10/01 04:31:48.039, 2895 MHz, 13801 MHz, 0x0000000000000000, 362.21 W, 95 %, 30585 MiB
2026/10/01 04:31:48.544, 2910 MHz, 13801 MHz, 0x0000000000000000, 361.97 W, 95 %, 30585 MiB
2026/10/01 04:31:49.052, 2910 MHz, 13801 MHz, 0x0000000000000000, 369.27 W, 95 %, 30585 MiB
2026/10/01 04:31:49.560, 2895 MHz, 13801 MHz, 0x0000000000000000, 359.55 W, 95 %, 30585 MiB
2026/10/01 04:31:50.066, 2910 MHz, 13801 MHz, 0x0000000000000000, 357.80 W, 87 %, 30590 MiB
2026/10/01 04:31:50.572, 2910 MHz, 13801 MHz, 0x0000000000000000, 365.82 W, 95 %, 30590 MiB
2026/10/01 04:31:51.081, 2910 MHz, 13801 MHz, 0x0000000000000000, 367.68 W, 95 %, 30585 MiB
2026/10/01 04:31:51.586, 2887 MHz, 13801 MHz, 0x0000000000000000, 363.48 W, 95 %, 30585 MiB
2026/10/01 04:31:52.092, 2910 MHz, 13801 MHz, 0x0000000000000000, 363.45 W, 95 %, 30585 MiB
2026/10/01 04:31:52.599, 2910 MHz, 13801 MHz, 0x0000000000000000, 368.67 W, 94 %, 30585 MiB
2026/10/01 04:31:53.108, 2902 MHz, 13801 MHz, 0x0000000000000000, 363.00 W, 95 %, 30585 MiB
2026/10/01 04:31:53.616, 2910 MHz, 13801 MHz, 0x0000000000000000, 363.20 W, 95 %, 30585 MiB
2026/10/01 04:31:54.123, 2910 MHz, 13801 MHz, 0x0000000000000000, 369.62 W, 95 %, 30585 MiB
2026/10/01 04:31:54.636, 2910 MHz, 13801 MHz, 0x0000000000000000, 358.78 W, 44 %, 30585 MiB
2026/10/01 04:31:55.142, 2910 MHz, 13801 MHz, 0x0000000000000000, 357.55 W, 95 %, 30585 MiB
2026/10/01 04:31:55.650, 2910 MHz, 13801 MHz, 0x0000000000000000, 363.08 W, 95 %, 30585 MiB
2026/10/01 04:31:56.159, 2910 MHz, 13801 MHz, 0x0000000000000000, 368.93 W, 95 %, 30585 MiB
2026/10/01 04:31:56.667, 2887 MHz, 13801 MHz, 0x0000000000000000, 359.43 W, 94 %, 30585 MiB
2026/10/01 04:31:57.178, 2910 MHz, 13801 MHz, 0x0000000000000000, 359.60 W, 95 %, 30585 MiB
2026/10/01 04:31:57.689, 2910 MHz, 13801 MHz, 0x0000000000000000, 369.20 W, 95 %, 30585 MiB
2026/10/01 04:31:58.196, 2887 MHz, 13801 MHz, 0x0000000000000000, 357.73 W, 95 %, 30585 MiB
2026/10/01 04:31:58.703, 2910 MHz, 13801 MHz, 0x0000000000000000, 358.35 W, 95 %, 30585 MiB
2026/10/01 04:31:59.211, 2910 MHz, 13801 MHz, 0x0000000000000000, 370.03 W, 95 %, 30585 MiB
2026/10/01 04:31:59.721, 2910 MHz, 13801 MHz, 0x0000000000000000, 364.77 W, 73 %, 30585 MiB
2026/10/01 04:32:00.229, 2880 MHz, 13801 MHz, 0x0000000000000000, 347.97 W, 95 %, 30585 MiB
2026/10/01 04:32:00.736, 2910 MHz, 13801 MHz, 0x0000000000000000, 348.24 W, 95 %, 30585 MiB
2026/10/01 04:32:01.248, 2910 MHz, 13801 MHz, 0x0000000000000000, 370.33 W, 95 %, 30585 MiB
2026/10/01 04:32:01.756, 2910 MHz, 13801 MHz, 0x0000000000000000, 367.23 W, 77 %, 30585 MiB
2026/10/01 04:32:02.260, 2910 MHz, 13801 MHz, 0x0000000000000000, 367.04 W, 95 %, 30585 MiB
2026/10/01 04:32:02.767, 2910 MHz, 13801 MHz, 0x0000000000000000, 370.40 W, 95 %, 30585 MiB
2026/10/01 04:32:03.275, 2910 MHz, 13801 MHz, 0x0000000000000000, 366.59 W, 55 %, 30585 MiB
2026/10/01 04:32:03.783, 2895 MHz, 13801 MHz, 0x0000000000000000, 362.54 W, 95 %, 30585 MiB
2026/10/01 04:32:04.290, 2910 MHz, 13801 MHz, 0x0000000000000000, 362.69 W, 95 %, 30585 MiB
2026/10/01 04:32:04.800, 2910 MHz, 13801 MHz, 0x0000000000000000, 369.88 W, 95 %, 30585 MiB
2026/10/01 04:32:05.308, 2902 MHz, 13801 MHz, 0x0000000000000000, 369.82 W, 95 %, 30585 MiB
2026/10/01 04:32:05.817, 2910 MHz, 13801 MHz, 0x0000000000000000, 369.66 W, 95 %, 30585 MiB
2026/10/01 04:32:06.323, 2910 MHz, 13801 MHz, 0x0000000000000000, 369.64 W, 95 %, 30585 MiB
2026/10/01 04:32:06.831, 2910 MHz, 13801 MHz, 0x0000000000000000, 366.56 W, 52 %, 30585 MiB
2026/10/01 04:32:07.339, 2910 MHz, 13801 MHz, 0x0000000000000000, 366.05 W, 95 %, 30585 MiB
2026/10/01 04:32:07.846, 2910 MHz, 13801 MHz, 0x0000000000000000, 370.53 W, 95 %, 30585 MiB
2026/10/01 04:32:08.353, 2910 MHz, 13801 MHz, 0x0000000000000000, 364.96 W, 67 %, 30585 MiB
2026/10/01 04:32:08.859, 2910 MHz, 13801 MHz, 0x0000000000000000, 363.82 W, 93 %, 30585 MiB
2026/10/01 04:32:09.367, 2910 MHz, 13801 MHz, 0x0000000000000000, 369.52 W, 95 %, 30585 MiB
2026/10/01 04:32:09.873, 2910 MHz, 13801 MHz, 0x0000000000000000, 370.22 W, 94 %, 30585 MiB
2026/10/01 04:32:10.382, 2910 MHz, 13801 MHz, 0x0000000000000000, 362.05 W, 40 %, 30585 MiB
2026/10/01 04:32:10.893, 2902 MHz, 13801 MHz, 0x0000000000000000, 353.88 W, 95 %, 30585 MiB
2026/10/01 04:32:11.401, 2910 MHz, 13801 MHz, 0x0000000000000000, 362.91 W, 94 %, 30587 MiB
2026/10/01 04:32:11.905, 2910 MHz, 13801 MHz, 0x0000000000000000, 366.05 W, 62 %, 30585 MiB
2026/10/01 04:32:12.412, 2895 MHz, 13801 MHz, 0x0000000000000000, 365.33 W, 95 %, 30585 MiB
2026/10/01 04:32:12.921, 2910 MHz, 13801 MHz, 0x0000000000000000, 366.62 W, 95 %, 30585 MiB
2026/10/01 04:32:13.426, 2910 MHz, 13801 MHz, 0x0000000000000000, 371.34 W, 95 %, 30585 MiB
2026/10/01 04:32:13.935, 2902 MHz, 13801 MHz, 0x0000000000000000, 363.98 W, 95 %, 30585 MiB
2026/10/01 04:32:14.440, 2910 MHz, 13801 MHz, 0x0000000000000000, 363.31 W, 94 %, 30585 MiB
2026/10/01 04:32:14.947, 2910 MHz, 13801 MHz, 0x0000000000000000, 370.31 W, 94 %, 30585 MiB
2026/10/01 04:32:15.455, 2910 MHz, 13801 MHz, 0x0000000000000000, 365.74 W, 69 %, 30585 MiB
2026/10/01 04:32:15.967, 2887 MHz, 13801 MHz, 0x0000000000000000, 326.20 W, 0 %, 30585 MiB
2026/10/01 04:32:16.483, 2925 MHz, 13801 MHz, 0x0000000000000000, 202.30 W, 0 %, 30585 MiB
2026/10/01 04:32:16.996, 2925 MHz, 13801 MHz, 0x0000000000000000, 96.80 W, 0 %, 30585 MiB
2026/10/01 04:32:17.509, 2925 MHz, 13801 MHz, 0x0000000000000000, 95.97 W, 0 %, 30585 MiB
2026/10/01 04:32:18.020, 1590 MHz, 13801 MHz, 0x0000000000000000, 78.32 W, 0 %, 30585 MiB
2026/10/01 04:32:18.536, 630 MHz, 7001 MHz, 0x0000000000000000, 48.79 W, 0 %, 30585 MiB
2026/10/01 04:32:19.051, 495 MHz, 7001 MHz, 0x0000000000000000, 39.07 W, 0 %, 30585 MiB
2026/10/01 04:32:19.566, 450 MHz, 7001 MHz, 0x0000000000000000, 37.39 W, 0 %, 30585 MiB
2026/10/01 04:32:20.077, 450 MHz, 7001 MHz, 0x0000000000000000, 37.39 W, 0 %, 30585 MiB
2026/10/01 04:32:20.578, 255 MHz, 810 MHz, 0x0000000000000000, 31.03 W, 0 %, 30585 MiB
2026/10/01 04:32:21.093, 195 MHz, 810 MHz, 0x0000000000000000, 28.75 W, 0 %, 30585 MiB
2026/10/01 04:32:21.609, 180 MHz, 810 MHz, 0x0000000000000000, 21.06 W, 0 %, 30585 MiB
2026/10/01 04:32:22.124, 180 MHz, 810 MHz, 0x0000000000000000, 21.06 W, 0 %, 30585 MiB
2026/10/01 04:32:22.636, 180 MHz, 405 MHz, 0x0000000000000000, 12.72 W, 0 %, 30585 MiB
2026/10/01 04:32:23.136, 180 MHz, 405 MHz, 0x0000000000000000, 12.72 W, 0 %, 30585 MiB
2026/10/01 04:32:23.637, 172 MHz, 405 MHz, 0x0000000000000000, 12.24 W, 0 %, 30585 MiB
2026/10/01 04:32:24.152, 172 MHz, 405 MHz, 0x0000000000000000, 12.24 W, 0 %, 30585 MiB
2026/10/01 04:32:24.668, 180 MHz, 405 MHz, 0x0000000000000000, 11.82 W, 0 %, 30585 MiB
2026/10/01 04:32:25.168, 180 MHz, 405 MHz, 0x0000000000000000, 11.82 W, 0 %, 30585 MiB
2026/10/01 04:32:25.669, 180 MHz, 405 MHz, 0x0000000000000000, 11.91 W, 0 %, 30585 MiB
2026/10/01 04:32:26.185, 180 MHz, 405 MHz, 0x0000000000000000, 11.91 W, 0 %, 30585 MiB
2026/10/01 04:32:26.699, 180 MHz, 405 MHz, 0x0000000000000000, 11.92 W, 0 %, 30585 MiB
2026/10/01 04:32:27.202, 180 MHz, 405 MHz, 0x0000000000000000, 11.92 W, 0 %, 30585 MiB
2026/10/01 04:32:27.704, 180 MHz, 405 MHz, 0x0000000000000000, 11.78 W, 0 %, 30585 MiB
2026/10/01 04:32:28.220, 180 MHz, 405 MHz, 0x0000000000000000, 11.78 W, 0 %, 30585 MiB
2026/10/01 04:32:28.734, 180 MHz, 405 MHz, 0x0000000000000000, 11.78 W, 0 %, 30585 MiB
2026/10/01 04:32:29.234, 180 MHz, 405 MHz, 0x0000000000000000, 11.78 W, 0 %, 30585 MiB
2026/10/01 04:32:29.747, 180 MHz, 405 MHz, 0x0000000000000000, 11.86 W, 0 %, 30585 MiB
2026/10/01 04:32:30.261, 180 MHz, 405 MHz, 0x0000000000000000, 11.86 W, 0 %, 30585 MiB
2026/10/01 04:32:30.776, 180 MHz, 405 MHz, 0x0000000000000000, 11.76 W, 0 %, 30585 MiB
2026/10/01 04:32:31.278, 180 MHz, 405 MHz, 0x0000000000000000, 11.76 W, 0 %, 30585 MiB
2026/10/01 04:32:31.790, 180 MHz, 405 MHz, 0x0000000000000000, 11.76 W, 1 %, 30597 MiB
2026/10/01 04:32:32.302, 195 MHz, 405 MHz, 0x0000000000000000, 12.88 W, 0 %, 30600 MiB
2026/10/01 04:32:32.803, 195 MHz, 405 MHz, 0x0000000000000000, 15.05 W, 0 %, 30597 MiB
2026/10/01 04:32:33.319, 180 MHz, 405 MHz, 0x0000000000000000, 14.76 W, 0 %, 30597 MiB
2026/10/01 04:32:33.834, 180 MHz, 405 MHz, 0x0000000000000000, 14.70 W, 0 %, 30597 MiB
2026/10/01 04:32:34.348, 180 MHz, 405 MHz, 0x0000000000000000, 14.56 W, 0 %, 30597 MiB
2026/10/01 04:32:34.849, 180 MHz, 405 MHz, 0x0000000000000000, 14.56 W, 0 %, 30597 MiB
2026/10/01 04:32:35.362, 180 MHz, 405 MHz, 0x0000000000000000, 12.16 W, 0 %, 30597 MiB
2026/10/01 04:32:35.876, 180 MHz, 405 MHz, 0x0000000000000000, 11.73 W, 0 %, 30597 MiB
2026/10/01 04:32:36.390, 180 MHz, 405 MHz, 0x0000000000000000, 11.73 W, 0 %, 30597 MiB
2026/10/01 04:32:36.892, 180 MHz, 405 MHz, 0x0000000000000000, 11.43 W, 0 %, 30597 MiB
2026/10/01 04:32:37.406, 180 MHz, 405 MHz, 0x0000000000000000, 11.43 W, 0 %, 30597 MiB
2026/10/01 04:32:37.916, 960 MHz, 13801 MHz, 0x0000000000000000, 36.06 W, 0 %, 30597 MiB
2026/10/01 04:32:38.417, 1972 MHz, 13801 MHz, 0x0000000000000000, 67.97 W, 49 %, 30597 MiB
2026/10/01 04:32:38.928, 2842 MHz, 13801 MHz, 0x0000000000000004, 250.84 W, 98 %, 30597 MiB
2026/10/01 04:32:39.439, 2842 MHz, 13801 MHz, 0x0000000000000004, 420.40 W, 98 %, 30597 MiB
2026/10/01 04:32:39.950, 2842 MHz, 13801 MHz, 0x0000000000000004, 453.20 W, 97 %, 30597 MiB
2026/10/01 04:32:40.462, 2842 MHz, 13801 MHz, 0x0000000000000004, 453.12 W, 98 %, 30597 MiB
2026/10/01 04:32:40.969, 2865 MHz, 13801 MHz, 0x0000000000000000, 451.11 W, 97 %, 30597 MiB
2026/10/01 04:32:41.482, 2910 MHz, 13801 MHz, 0x0000000000000000, 398.27 W, 40 %, 30597 MiB
2026/10/01 04:32:41.991, 2872 MHz, 13801 MHz, 0x0000000000000004, 376.03 W, 98 %, 30597 MiB
2026/10/01 04:32:42.498, 2842 MHz, 13801 MHz, 0x0000000000000004, 428.54 W, 98 %, 30597 MiB
2026/10/01 04:32:43.008, 2842 MHz, 13801 MHz, 0x0000000000000000, 432.75 W, 47 %, 30597 MiB
2026/10/01 04:32:43.518, 2880 MHz, 13801 MHz, 0x0000000000000000, 347.04 W, 22 %, 30597 MiB
2026/10/01 04:32:44.027, 2880 MHz, 13801 MHz, 0x0000000000000004, 282.75 W, 37 %, 30597 MiB
2026/10/01 04:32:44.533, 2902 MHz, 13801 MHz, 0x0000000000000000, 303.53 W, 47 %, 30597 MiB
2026/10/01 04:32:45.043, 2887 MHz, 13801 MHz, 0x0000000000000000, 285.39 W, 21 %, 30597 MiB
2026/10/01 04:32:45.552, 2895 MHz, 13801 MHz, 0x0000000000000000, 284.43 W, 42 %, 30597 MiB
2026/10/01 04:32:46.060, 2902 MHz, 13801 MHz, 0x0000000000000000, 264.66 W, 40 %, 30597 MiB
2026/10/01 04:32:46.569, 2872 MHz, 13801 MHz, 0x0000000000000000, 282.52 W, 48 %, 30597 MiB
2026/10/01 04:32:47.079, 2865 MHz, 13801 MHz, 0x0000000000000004, 326.38 W, 92 %, 30597 MiB
2026/10/01 04:32:47.593, 2880 MHz, 13801 MHz, 0x0000000000000000, 331.78 W, 47 %, 30597 MiB
2026/10/01 04:32:48.102, 2895 MHz, 13801 MHz, 0x0000000000000000, 311.66 W, 23 %, 30597 MiB
2026/10/01 04:32:48.611, 2902 MHz, 13801 MHz, 0x0000000000000004, 298.09 W, 82 %, 30597 MiB
2026/10/01 04:32:49.121, 2887 MHz, 13801 MHz, 0x0000000000000000, 298.02 W, 46 %, 30597 MiB
2026/10/01 04:32:49.628, 2887 MHz, 13801 MHz, 0x0000000000000000, 302.18 W, 44 %, 30597 MiB
2026/10/01 04:32:50.136, 2872 MHz, 13801 MHz, 0x0000000000000004, 337.29 W, 98 %, 30597 MiB
2026/10/01 04:32:50.644, 2895 MHz, 13801 MHz, 0x0000000000000000, 321.07 W, 42 %, 30597 MiB
2026/10/01 04:32:51.154, 2880 MHz, 13801 MHz, 0x0000000000000000, 303.37 W, 39 %, 30597 MiB
2026/10/01 04:32:51.662, 2865 MHz, 13801 MHz, 0x0000000000000000, 319.71 W, 38 %, 30597 MiB
2026/10/01 04:32:52.169, 2887 MHz, 13801 MHz, 0x0000000000000000, 333.02 W, 58 %, 30597 MiB
2026/10/01 04:32:52.678, 2880 MHz, 13801 MHz, 0x0000000000000000, 286.94 W, 20 %, 30597 MiB
2026/10/01 04:32:53.189, 2880 MHz, 13801 MHz, 0x0000000000000000, 284.69 W, 37 %, 30600 MiB
2026/10/01 04:32:53.698, 2850 MHz, 13801 MHz, 0x0000000000000004, 345.82 W, 76 %, 30600 MiB
2026/10/01 04:32:54.205, 2887 MHz, 13801 MHz, 0x0000000000000004, 351.34 W, 98 %, 30597 MiB
2026/10/01 04:32:54.714, 2887 MHz, 13801 MHz, 0x0000000000000004, 332.72 W, 88 %, 30597 MiB
2026/10/01 04:32:55.221, 2887 MHz, 13801 MHz, 0x0000000000000004, 327.09 W, 98 %, 30597 MiB
2026/10/01 04:32:55.727, 2857 MHz, 13801 MHz, 0x0000000000000000, 317.32 W, 37 %, 30597 MiB
2026/10/01 04:32:56.238, 2895 MHz, 13801 MHz, 0x0000000000000004, 309.17 W, 55 %, 30597 MiB
2026/10/01 04:32:56.749, 2902 MHz, 13801 MHz, 0x0000000000000000, 270.34 W, 31 %, 30597 MiB
2026/10/01 04:32:57.262, 2872 MHz, 13801 MHz, 0x0000000000000004, 291.72 W, 70 %, 30597 MiB
2026/10/01 04:32:57.772, 2872 MHz, 13801 MHz, 0x0000000000000004, 312.55 W, 71 %, 30597 MiB
2026/10/01 04:32:58.285, 2902 MHz, 13801 MHz, 0x0000000000000000, 303.79 W, 46 %, 30597 MiB
2026/10/01 04:32:58.798, 2872 MHz, 13801 MHz, 0x0000000000000004, 303.02 W, 95 %, 30597 MiB
2026/10/01 04:32:59.312, 2872 MHz, 13801 MHz, 0x0000000000000000, 303.13 W, 40 %, 30597 MiB
2026/10/01 04:32:59.827, 2872 MHz, 13801 MHz, 0x0000000000000000, 326.44 W, 39 %, 30597 MiB
2026/10/01 04:33:00.337, 2902 MHz, 13801 MHz, 0x0000000000000004, 316.49 W, 54 %, 30597 MiB
2026/10/01 04:33:00.850, 2895 MHz, 13801 MHz, 0x0000000000000000, 284.58 W, 36 %, 30597 MiB
2026/10/01 04:33:01.360, 2880 MHz, 13801 MHz, 0x0000000000000000, 296.82 W, 37 %, 30597 MiB
2026/10/01 04:33:01.867, 2865 MHz, 13801 MHz, 0x0000000000000000, 318.63 W, 43 %, 30597 MiB
2026/10/01 04:33:02.378, 2872 MHz, 13801 MHz, 0x0000000000000004, 348.76 W, 98 %, 30597 MiB
2026/10/01 04:33:02.893, 2865 MHz, 13801 MHz, 0x0000000000000004, 363.36 W, 89 %, 30597 MiB
2026/10/01 04:33:03.404, 2887 MHz, 13801 MHz, 0x0000000000000004, 336.94 W, 98 %, 30597 MiB
2026/10/01 04:33:03.912, 2880 MHz, 13801 MHz, 0x0000000000000000, 314.66 W, 44 %, 30597 MiB
2026/10/01 04:33:04.421, 2895 MHz, 13801 MHz, 0x0000000000000000, 309.55 W, 55 %, 30597 MiB
2026/10/01 04:33:04.936, 2895 MHz, 13801 MHz, 0x0000000000000000, 290.55 W, 39 %, 30597 MiB
2026/10/01 04:33:05.448, 2887 MHz, 13801 MHz, 0x0000000000000004, 299.67 W, 93 %, 30597 MiB
2026/10/01 04:33:05.959, 2880 MHz, 13801 MHz, 0x0000000000000000, 312.81 W, 52 %, 30597 MiB
2026/10/01 04:33:06.469, 2865 MHz, 13801 MHz, 0x0000000000000004, 346.88 W, 83 %, 30597 MiB
2026/10/01 04:33:06.977, 2902 MHz, 13801 MHz, 0x0000000000000004, 362.07 W, 98 %, 30597 MiB
2026/10/01 04:33:07.489, 2887 MHz, 13801 MHz, 0x0000000000000000, 302.94 W, 47 %, 30597 MiB
2026/10/01 04:33:07.998, 2857 MHz, 13801 MHz, 0x0000000000000004, 347.98 W, 94 %, 30597 MiB
2026/10/01 04:33:08.507, 2902 MHz, 13801 MHz, 0x0000000000000004, 323.67 W, 40 %, 30597 MiB
2026/10/01 04:33:09.018, 2902 MHz, 13801 MHz, 0x0000000000000000, 255.14 W, 54 %, 30597 MiB
2026/10/01 04:33:09.528, 2880 MHz, 13801 MHz, 0x0000000000000000, 287.71 W, 36 %, 30597 MiB
2026/10/01 04:33:10.041, 2895 MHz, 13801 MHz, 0x0000000000000000, 299.96 W, 33 %, 30597 MiB
2026/10/01 04:33:10.554, 2895 MHz, 13801 MHz, 0x0000000000000000, 277.48 W, 30 %, 30597 MiB
2026/10/01 04:33:11.066, 2880 MHz, 13801 MHz, 0x0000000000000000, 296.14 W, 39 %, 30597 MiB
2026/10/01 04:33:11.577, 2887 MHz, 13801 MHz, 0x0000000000000000, 304.76 W, 0 %, 30597 MiB
2026/10/01 04:33:12.088, 2925 MHz, 13801 MHz, 0x0000000000000000, 194.84 W, 0 %, 30597 MiB
2026/10/01 04:33:12.603, 2925 MHz, 13801 MHz, 0x0000000000000000, 95.71 W, 0 %, 30597 MiB
2026/10/01 04:33:13.117, 2925 MHz, 13801 MHz, 0x0000000000000000, 94.87 W, 0 %, 30597 MiB
2026/10/01 04:33:13.630, 2415 MHz, 7001 MHz, 0x0000000000000000, 79.15 W, 0 %, 30597 MiB
2026/10/01 04:33:14.145, 502 MHz, 7001 MHz, 0x0000000000000000, 49.97 W, 0 %, 30597 MiB
2026/10/01 04:33:14.659, 397 MHz, 7001 MHz, 0x0000000000000000, 36.22 W, 0 %, 30602 MiB
2026/10/01 04:33:15.171, 315 MHz, 7001 MHz, 0x0000000000000000, 36.06 W, 0 %, 30597 MiB
2026/10/01 04:33:15.672, 255 MHz, 7001 MHz, 0x0000000000000000, 35.99 W, 0 %, 30597 MiB
2026/10/01 04:33:16.173, 202 MHz, 7001 MHz, 0x0000000000000000, 35.97 W, 0 %, 30597 MiB
2026/10/01 04:33:16.684, 180 MHz, 7001 MHz, 0x0000000000000000, 35.97 W, 0 %, 30597 MiB
2026/10/01 04:33:17.199, 180 MHz, 7001 MHz, 0x0000000000000000, 35.97 W, 0 %, 30597 MiB
2026/10/01 04:33:17.710, 180 MHz, 7001 MHz, 0x0000000000000000, 35.84 W, 0 %, 30597 MiB
2026/10/01 04:33:18.211, 180 MHz, 7001 MHz, 0x0000000000000000, 35.84 W, 0 %, 30597 MiB
2026/10/01 04:33:18.722, 180 MHz, 7001 MHz, 0x0000000000000000, 35.85 W, 0 %, 30597 MiB
2026/10/01 04:33:19.223, 180 MHz, 7001 MHz, 0x0000000000000000, 35.85 W, 0 %, 30597 MiB
2026/10/01 04:33:19.725, 187 MHz, 810 MHz, 0x0000000000000000, 27.81 W, 0 %, 30597 MiB
2026/10/01 04:33:20.240, 187 MHz, 810 MHz, 0x0000000000000000, 27.81 W, 0 %, 30597 MiB
2026/10/01 04:33:20.752, 180 MHz, 810 MHz, 0x0000000000000000, 15.94 W, 0 %, 30597 MiB
2026/10/01 04:33:21.265, 180 MHz, 810 MHz, 0x0000000000000000, 15.94 W, 0 %, 30597 MiB
2026/10/01 04:33:21.778, 180 MHz, 405 MHz, 0x0000000000000000, 13.76 W, 0 %, 30597 MiB
2026/10/01 04:33:22.292, 180 MHz, 405 MHz, 0x0000000000000000, 12.43 W, 0 %, 30597 MiB
2026/10/01 04:33:22.794, 180 MHz, 405 MHz, 0x0000000000000000, 13.93 W, 0 %, 30597 MiB
2026/10/01 04:33:23.307, 180 MHz, 405 MHz, 0x0000000000000000, 13.99 W, 0 %, 30597 MiB
2026/10/01 04:33:23.820, 180 MHz, 405 MHz, 0x0000000000000000, 13.99 W, 0 %, 30597 MiB
2026/10/01 04:33:34.663, 180 MHz, 405 MHz, 0x0000000000000000, 11.51 W, 0 %, 30597 MiB
2026/10/01 04:33:35.175, 2400 MHz, 405 MHz, 0x0000000000000000, 28.07 W, 100 %, 30602 MiB
2026/10/01 04:33:35.689, 2910 MHz, 13801 MHz, 0x0000000000000000, 116.15 W, 95 %, 30602 MiB
2026/10/01 04:33:36.204, 2910 MHz, 13801 MHz, 0x0000000000000000, 333.27 W, 95 %, 30597 MiB
2026/10/01 04:33:36.705, 2910 MHz, 13801 MHz, 0x0000000000000000, 354.64 W, 95 %, 30597 MiB
2026/10/01 04:33:37.208, 2910 MHz, 13801 MHz, 0x0000000000000000, 354.37 W, 95 %, 30597 MiB
2026/10/01 04:33:37.709, 2910 MHz, 13801 MHz, 0x0000000000000000, 363.14 W, 95 %, 30597 MiB
2026/10/01 04:33:38.225, 2910 MHz, 13801 MHz, 0x0000000000000000, 355.11 W, 95 %, 30597 MiB
2026/10/01 04:33:38.740, 2910 MHz, 13801 MHz, 0x0000000000000000, 355.57 W, 94 %, 30597 MiB
2026/10/01 04:33:39.255, 2910 MHz, 13801 MHz, 0x0000000000000000, 360.11 W, 81 %, 30597 MiB
2026/10/01 04:33:39.758, 2910 MHz, 13801 MHz, 0x0000000000000000, 360.02 W, 95 %, 30597 MiB
2026/10/01 04:33:40.259, 2910 MHz, 13801 MHz, 0x0000000000000000, 364.67 W, 95 %, 30597 MiB
2026/10/01 04:33:40.760, 2910 MHz, 13801 MHz, 0x0000000000000000, 360.80 W, 95 %, 30597 MiB
2026/10/01 04:33:41.274, 2910 MHz, 13801 MHz, 0x0000000000000000, 360.95 W, 95 %, 30597 MiB
2026/10/01 04:33:41.789, 2910 MHz, 13801 MHz, 0x0000000000000000, 357.93 W, 64 %, 30597 MiB
2026/10/01 04:33:42.292, 2910 MHz, 13801 MHz, 0x0000000000000000, 356.09 W, 94 %, 30597 MiB
2026/10/01 04:33:42.796, 2910 MHz, 13801 MHz, 0x0000000000000000, 356.46 W, 95 %, 30597 MiB
2026/10/01 04:33:43.305, 2910 MHz, 13801 MHz, 0x0000000000000000, 354.79 W, 93 %, 30597 MiB
2026/10/01 04:33:43.819, 2910 MHz, 13801 MHz, 0x0000000000000000, 352.91 W, 95 %, 30597 MiB
2026/10/01 04:33:44.322, 2910 MHz, 13801 MHz, 0x0000000000000000, 365.83 W, 94 %, 30597 MiB
2026/10/01 04:33:44.825, 2910 MHz, 13801 MHz, 0x0000000000000000, 362.85 W, 95 %, 30597 MiB
2026/10/01 04:33:45.325, 2910 MHz, 13801 MHz, 0x0000000000000000, 362.72 W, 95 %, 30597 MiB
2026/10/01 04:33:45.828, 2917 MHz, 13801 MHz, 0x0000000000000000, 336.24 W, 0 %, 30597 MiB
2026/10/01 04:33:46.343, 2925 MHz, 13801 MHz, 0x0000000000000000, 197.00 W, 0 %, 30597 MiB
2026/10/01 04:33:46.857, 2925 MHz, 13801 MHz, 0x0000000000000000, 94.41 W, 0 %, 30597 MiB
2026/10/01 04:33:47.372, 562 MHz, 13801 MHz, 0x0000000000000000, 77.54 W, 0 %, 30597 MiB
2026/10/01 04:33:47.885, 450 MHz, 7001 MHz, 0x0000000000000000, 53.05 W, 0 %, 30597 MiB
2026/10/01 04:33:48.400, 352 MHz, 7001 MHz, 0x0000000000000000, 36.25 W, 0 %, 30597 MiB
2026/10/01 04:33:48.912, 285 MHz, 7001 MHz, 0x0000000000000000, 35.61 W, 0 %, 30597 MiB
2026/10/01 04:33:49.412, 225 MHz, 7001 MHz, 0x0000000000000000, 35.42 W, 0 %, 30597 MiB
2026/10/01 04:33:49.913, 225 MHz, 7001 MHz, 0x0000000000000000, 35.42 W, 0 %, 30597 MiB
2026/10/01 04:33:50.426, 225 MHz, 7001 MHz, 0x0000000000000000, 34.85 W, 0 %, 30597 MiB
2026/10/01 04:33:50.927, 180 MHz, 7001 MHz, 0x0000000000000000, 34.85 W, 0 %, 30597 MiB
2026/10/01 04:33:51.440, 180 MHz, 7001 MHz, 0x0000000000000000, 25.60 W, 0 %, 30597 MiB
2026/10/01 04:33:51.952, 180 MHz, 810 MHz, 0x0000000000000000, 25.60 W, 0 %, 30597 MiB
2026/10/01 04:33:52.466, 180 MHz, 810 MHz, 0x0000000000000000, 13.91 W, 0 %, 30597 MiB
2026/10/01 04:33:52.977, 180 MHz, 405 MHz, 0x0000000000000000, 13.91 W, 0 %, 30597 MiB
2026/10/01 04:33:53.490, 180 MHz, 405 MHz, 0x0000000000000000, 11.33 W, 0 %, 30597 MiB
2026/10/01 04:33:54.003, 180 MHz, 405 MHz, 0x0000000000000000, 11.98 W, 0 %, 30597 MiB
2026/10/01 04:33:54.514, 180 MHz, 405 MHz, 0x0000000000000000, 12.44 W, 0 %, 30597 MiB
2026/10/01 04:33:55.015, 180 MHz, 405 MHz, 0x0000000000000000, 13.62 W, 0 %, 30597 MiB
2026/10/01 04:33:55.527, 180 MHz, 405 MHz, 0x0000000000000000, 13.62 W, 0 %, 30597 MiB
2026/10/01 04:33:56.039, 1125 MHz, 405 MHz, 0x0000000000000000, 17.96 W, 100 %, 30597 MiB
2026/10/01 04:33:56.550, 2902 MHz, 13801 MHz, 0x0000000000000000, 86.74 W, 95 %, 30602 MiB
2026/10/01 04:33:57.058, 2910 MHz, 13801 MHz, 0x0000000000000000, 311.14 W, 95 %, 30597 MiB
2026/10/01 04:33:57.567, 2910 MHz, 13801 MHz, 0x0000000000000000, 364.00 W, 94 %, 30597 MiB
2026/10/01 04:33:58.078, 2887 MHz, 13801 MHz, 0x0000000000000000, 357.38 W, 47 %, 30597 MiB
2026/10/01 04:33:58.587, 2910 MHz, 13801 MHz, 0x0000000000000000, 357.43 W, 95 %, 30597 MiB
2026/10/01 04:33:59.095, 2910 MHz, 13801 MHz, 0x0000000000000000, 365.14 W, 95 %, 30597 MiB
2026/10/01 04:33:59.604, 2910 MHz, 13801 MHz, 0x0000000000000000, 365.54 W, 95 %, 30597 MiB
2026/10/01 04:34:00.111, 2910 MHz, 13801 MHz, 0x0000000000000000, 363.14 W, 95 %, 30597 MiB
2026/10/01 04:34:00.619, 2910 MHz, 13801 MHz, 0x0000000000000000, 363.64 W, 95 %, 30597 MiB
2026/10/01 04:34:01.129, 2910 MHz, 13801 MHz, 0x0000000000000000, 367.06 W, 95 %, 30597 MiB
2026/10/01 04:34:01.637, 2902 MHz, 13801 MHz, 0x0000000000000000, 364.93 W, 95 %, 30597 MiB
2026/10/01 04:34:02.145, 2910 MHz, 13801 MHz, 0x0000000000000000, 365.48 W, 95 %, 30597 MiB
2026/10/01 04:34:02.654, 2910 MHz, 13801 MHz, 0x0000000000000000, 367.52 W, 95 %, 30597 MiB
2026/10/01 04:34:03.163, 2910 MHz, 13801 MHz, 0x0000000000000000, 366.62 W, 87 %, 30597 MiB
2026/10/01 04:34:03.669, 2910 MHz, 13801 MHz, 0x0000000000000000, 366.46 W, 95 %, 30597 MiB
2026/10/01 04:34:04.175, 2910 MHz, 13801 MHz, 0x0000000000000000, 366.78 W, 95 %, 30597 MiB
2026/10/01 04:34:04.685, 2910 MHz, 13801 MHz, 0x0000000000000000, 368.07 W, 95 %, 30597 MiB
2026/10/01 04:34:05.192, 2902 MHz, 13801 MHz, 0x0000000000000000, 366.05 W, 96 %, 30597 MiB
2026/10/01 04:34:05.698, 2910 MHz, 13801 MHz, 0x0000000000000000, 365.62 W, 95 %, 30597 MiB
2026/10/01 04:34:06.208, 2910 MHz, 13801 MHz, 0x0000000000000000, 367.96 W, 95 %, 30597 MiB
2026/10/01 04:34:06.715, 2887 MHz, 13801 MHz, 0x0000000000000000, 364.83 W, 88 %, 30597 MiB
2026/10/01 04:34:07.221, 2910 MHz, 13801 MHz, 0x0000000000000000, 365.24 W, 95 %, 30597 MiB
2026/10/01 04:34:07.727, 2910 MHz, 13801 MHz, 0x0000000000000000, 368.11 W, 95 %, 30597 MiB
2026/10/01 04:34:08.236, 2902 MHz, 13801 MHz, 0x0000000000000000, 366.58 W, 71 %, 30597 MiB
2026/10/01 04:34:08.741, 2910 MHz, 13801 MHz, 0x0000000000000000, 366.27 W, 95 %, 30597 MiB
2026/10/01 04:34:09.248, 2910 MHz, 13801 MHz, 0x0000000000000000, 366.67 W, 95 %, 30597 MiB
2026/10/01 04:34:09.757, 2910 MHz, 13801 MHz, 0x0000000000000000, 365.44 W, 76 %, 30597 MiB
2026/10/01 04:34:10.264, 2910 MHz, 13801 MHz, 0x0000000000000000, 366.79 W, 95 %, 30597 MiB
2026/10/01 04:34:10.771, 2910 MHz, 13801 MHz, 0x0000000000000000, 366.70 W, 95 %, 30597 MiB
2026/10/01 04:34:11.282, 2910 MHz, 13801 MHz, 0x0000000000000000, 369.82 W, 95 %, 30597 MiB
2026/10/01 04:34:11.790, 2880 MHz, 13801 MHz, 0x0000000000000000, 362.05 W, 43 %, 30597 MiB
2026/10/01 04:34:12.299, 2910 MHz, 13801 MHz, 0x0000000000000000, 358.18 W, 95 %, 30597 MiB
2026/10/01 04:34:12.804, 2910 MHz, 13801 MHz, 0x0000000000000000, 365.47 W, 93 %, 30597 MiB
2026/10/01 04:34:13.315, 2910 MHz, 13801 MHz, 0x0000000000000000, 369.44 W, 93 %, 30597 MiB
2026/10/01 04:34:13.819, 2910 MHz, 13801 MHz, 0x0000000000000000, 368.61 W, 95 %, 30597 MiB
2026/10/01 04:34:14.325, 2910 MHz, 13801 MHz, 0x0000000000000000, 368.40 W, 94 %, 30597 MiB
2026/10/01 04:34:14.835, 2910 MHz, 13801 MHz, 0x0000000000000000, 370.18 W, 95 %, 30597 MiB
2026/10/01 04:34:15.341, 2895 MHz, 13801 MHz, 0x0000000000000000, 367.05 W, 95 %, 30597 MiB
2026/10/01 04:34:15.849, 2910 MHz, 13801 MHz, 0x0000000000000000, 367.07 W, 94 %, 30597 MiB
2026/10/01 04:34:16.356, 2910 MHz, 13801 MHz, 0x0000000000000000, 370.33 W, 95 %, 30597 MiB
2026/10/01 04:34:16.864, 2910 MHz, 13801 MHz, 0x0000000000000000, 365.98 W, 72 %, 30597 MiB
2026/10/01 04:34:17.372, 2910 MHz, 13801 MHz, 0x0000000000000000, 357.30 W, 94 %, 30597 MiB
2026/10/01 04:34:17.876, 2910 MHz, 13801 MHz, 0x0000000000000000, 370.31 W, 95 %, 30602 MiB
2026/10/01 04:34:18.384, 2895 MHz, 13801 MHz, 0x0000000000000000, 365.87 W, 95 %, 30597 MiB
2026/10/01 04:34:18.889, 2910 MHz, 13801 MHz, 0x0000000000000000, 366.02 W, 95 %, 30597 MiB
2026/10/01 04:34:19.396, 2910 MHz, 13801 MHz, 0x0000000000000000, 370.96 W, 95 %, 30597 MiB
2026/10/01 04:34:19.903, 2910 MHz, 13801 MHz, 0x0000000000000000, 371.28 W, 95 %, 30597 MiB
2026/10/01 04:34:20.412, 2910 MHz, 13801 MHz, 0x0000000000000000, 366.80 W, 95 %, 30597 MiB
2026/10/01 04:34:20.920, 2910 MHz, 13801 MHz, 0x0000000000000000, 367.39 W, 95 %, 30597 MiB
2026/10/01 04:34:21.425, 2910 MHz, 13801 MHz, 0x0000000000000000, 371.48 W, 95 %, 30597 MiB
2026/10/01 04:34:21.932, 2910 MHz, 13801 MHz, 0x0000000000000000, 371.42 W, 95 %, 30597 MiB
2026/10/01 04:34:22.439, 2895 MHz, 13801 MHz, 0x0000000000000000, 367.66 W, 94 %, 30597 MiB
2026/10/01 04:34:22.946, 2910 MHz, 13801 MHz, 0x0000000000000000, 367.51 W, 94 %, 30597 MiB
2026/10/01 04:34:23.453, 2910 MHz, 13801 MHz, 0x0000000000000000, 372.18 W, 95 %, 30597 MiB
2026/10/01 04:34:23.960, 2887 MHz, 13801 MHz, 0x0000000000000000, 367.55 W, 95 %, 30597 MiB
2026/10/01 04:34:24.468, 2910 MHz, 13801 MHz, 0x0000000000000000, 367.11 W, 92 %, 30597 MiB
2026/10/01 04:34:24.976, 2910 MHz, 13801 MHz, 0x0000000000000000, 371.38 W, 95 %, 30597 MiB
2026/10/01 04:34:25.486, 2910 MHz, 13801 MHz, 0x0000000000000000, 366.65 W, 74 %, 30597 MiB
2026/10/01 04:34:25.991, 2910 MHz, 13801 MHz, 0x0000000000000000, 363.29 W, 95 %, 30597 MiB
2026/10/01 04:34:26.497, 2910 MHz, 13801 MHz, 0x0000000000000000, 363.06 W, 95 %, 30597 MiB
2026/10/01 04:34:27.003, 2910 MHz, 13801 MHz, 0x0000000000000000, 371.33 W, 95 %, 30597 MiB
2026/10/01 04:34:27.513, 2880 MHz, 13801 MHz, 0x0000000000000000, 359.54 W, 58 %, 30597 MiB
2026/10/01 04:34:28.020, 2910 MHz, 13801 MHz, 0x0000000000000000, 360.21 W, 95 %, 30597 MiB
2026/10/01 04:34:28.527, 2910 MHz, 13801 MHz, 0x0000000000000000, 363.60 W, 95 %, 30597 MiB
2026/10/01 04:34:29.034, 2887 MHz, 13801 MHz, 0x0000000000000000, 371.02 W, 95 %, 30597 MiB
2026/10/01 04:34:29.543, 2910 MHz, 13801 MHz, 0x0000000000000000, 371.30 W, 94 %, 30597 MiB
2026/10/01 04:34:30.051, 2910 MHz, 13801 MHz, 0x0000000000000000, 373.49 W, 95 %, 30597 MiB
2026/10/01 04:34:30.559, 2910 MHz, 13801 MHz, 0x0000000000000000, 371.67 W, 84 %, 30597 MiB
2026/10/01 04:34:31.067, 2910 MHz, 13801 MHz, 0x0000000000000000, 366.48 W, 94 %, 30597 MiB
2026/10/01 04:34:31.576, 2910 MHz, 13801 MHz, 0x0000000000000000, 366.63 W, 94 %, 30597 MiB
2026/10/01 04:34:32.082, 2910 MHz, 13801 MHz, 0x0000000000000000, 372.85 W, 95 %, 30597 MiB
2026/10/01 04:34:32.588, 2887 MHz, 13801 MHz, 0x0000000000000000, 369.06 W, 95 %, 30597 MiB
2026/10/01 04:34:33.095, 2910 MHz, 13801 MHz, 0x0000000000000000, 368.17 W, 94 %, 30597 MiB
2026/10/01 04:34:33.600, 2910 MHz, 13801 MHz, 0x0000000000000000, 373.67 W, 95 %, 30597 MiB
2026/10/01 04:34:34.110, 2880 MHz, 13801 MHz, 0x0000000000000000, 371.89 W, 95 %, 30597 MiB
2026/10/01 04:34:34.615, 2910 MHz, 13801 MHz, 0x0000000000000000, 372.17 W, 95 %, 30597 MiB
2026/10/01 04:34:35.124, 2910 MHz, 13801 MHz, 0x0000000000000000, 374.31 W, 95 %, 30597 MiB
2026/10/01 04:34:35.633, 2910 MHz, 13801 MHz, 0x0000000000000000, 370.43 W, 75 %, 30597 MiB
2026/10/01 04:34:36.140, 2902 MHz, 13801 MHz, 0x0000000000000000, 369.34 W, 95 %, 30597 MiB
2026/10/01 04:34:36.647, 2902 MHz, 13801 MHz, 0x0000000000000000, 369.01 W, 95 %, 30597 MiB
2026/10/01 04:34:37.157, 2872 MHz, 13801 MHz, 0x0000000000000000, 373.84 W, 58 %, 30597 MiB
2026/10/01 04:34:37.668, 2895 MHz, 13801 MHz, 0x0000000000000000, 373.68 W, 95 %, 30597 MiB
2026/10/01 04:34:38.175, 2902 MHz, 13801 MHz, 0x0000000000000000, 376.64 W, 94 %, 30597 MiB
2026/10/01 04:34:38.685, 2902 MHz, 13801 MHz, 0x0000000000000000, 373.44 W, 95 %, 30600 MiB
2026/10/01 04:34:39.195, 2887 MHz, 13801 MHz, 0x0000000000000000, 357.16 W, 87 %, 30600 MiB
2026/10/01 04:34:39.702, 2910 MHz, 13801 MHz, 0x0000000000000000, 357.81 W, 95 %, 30597 MiB
2026/10/01 04:34:40.211, 2910 MHz, 13801 MHz, 0x0000000000000000, 374.49 W, 95 %, 30597 MiB
2026/10/01 04:34:40.721, 2910 MHz, 13801 MHz, 0x0000000000000000, 369.51 W, 76 %, 30597 MiB
2026/10/01 04:34:41.228, 2902 MHz, 13801 MHz, 0x0000000000000000, 370.84 W, 94 %, 30597 MiB
2026/10/01 04:34:41.736, 2902 MHz, 13801 MHz, 0x0000000000000000, 370.50 W, 95 %, 30597 MiB
2026/10/01 04:34:42.246, 2902 MHz, 13801 MHz, 0x0000000000000000, 373.61 W, 94 %, 30597 MiB
2026/10/01 04:34:42.753, 2872 MHz, 13801 MHz, 0x0000000000000000, 372.62 W, 78 %, 30597 MiB
2026/10/01 04:34:43.259, 2902 MHz, 13801 MHz, 0x0000000000000000, 372.04 W, 90 %, 30597 MiB
2026/10/01 04:34:43.767, 2910 MHz, 13801 MHz, 0x0000000000000000, 371.30 W, 95 %, 30597 MiB
2026/10/01 04:34:44.278, 2872 MHz, 13801 MHz, 0x0000000000000000, 365.89 W, 47 %, 30597 MiB
2026/10/01 04:34:44.786, 2910 MHz, 13801 MHz, 0x0000000000000000, 354.85 W, 95 %, 30597 MiB
2026/10/01 04:34:45.296, 2910 MHz, 13801 MHz, 0x0000000000000000, 358.76 W, 95 %, 30597 MiB
2026/10/01 04:34:45.806, 2910 MHz, 13801 MHz, 0x0000000000000000, 374.93 W, 95 %, 30597 MiB
2026/10/01 04:34:46.315, 2895 MHz, 13801 MHz, 0x0000000000000000, 372.70 W, 57 %, 30597 MiB
2026/10/01 04:34:46.825, 2895 MHz, 13801 MHz, 0x0000000000000000, 368.89 W, 95 %, 30597 MiB
2026/10/01 04:34:47.337, 2902 MHz, 13801 MHz, 0x0000000000000000, 368.98 W, 95 %, 30597 MiB
2026/10/01 04:34:47.844, 2880 MHz, 13801 MHz, 0x0000000000000000, 365.21 W, 48 %, 30597 MiB
2026/10/01 04:34:48.349, 2910 MHz, 13801 MHz, 0x0000000000000000, 366.28 W, 95 %, 30597 MiB
2026/10/01 04:34:48.855, 2910 MHz, 13801 MHz, 0x0000000000000000, 368.08 W, 95 %, 30597 MiB
2026/10/01 04:34:49.363, 2910 MHz, 13801 MHz, 0x0000000000000000, 375.25 W, 95 %, 30597 MiB
2026/10/01 04:34:49.870, 2895 MHz, 13801 MHz, 0x0000000000000000, 369.33 W, 95 %, 30597 MiB
2026/10/01 04:34:50.378, 2902 MHz, 13801 MHz, 0x0000000000000000, 374.98 W, 95 %, 30597 MiB
2026/10/01 04:34:50.887, 2880 MHz, 13801 MHz, 0x0000000000000000, 369.19 W, 50 %, 30597 MiB
2026/10/01 04:34:51.392, 2902 MHz, 13801 MHz, 0x0000000000000000, 370.09 W, 95 %, 30597 MiB
2026/10/01 04:34:51.900, 2902 MHz, 13801 MHz, 0x0000000000000000, 373.17 W, 95 %, 30597 MiB
2026/10/01 04:34:52.410, 2902 MHz, 13801 MHz, 0x0000000000000000, 375.28 W, 94 %, 30597 MiB
2026/10/01 04:34:52.918, 2895 MHz, 13801 MHz, 0x0000000000000000, 370.24 W, 95 %, 30597 MiB
2026/10/01 04:34:53.424, 2902 MHz, 13801 MHz, 0x0000000000000000, 369.47 W, 96 %, 30597 MiB
2026/10/01 04:34:53.933, 2902 MHz, 13801 MHz, 0x0000000000000000, 374.68 W, 95 %, 30597 MiB
2026/10/01 04:34:54.440, 2880 MHz, 13801 MHz, 0x0000000000000000, 368.23 W, 73 %, 30597 MiB
2026/10/01 04:34:54.951, 2902 MHz, 13801 MHz, 0x0000000000000000, 367.65 W, 95 %, 30597 MiB
2026/10/01 04:34:55.461, 2902 MHz, 13801 MHz, 0x0000000000000000, 374.86 W, 95 %, 30597 MiB
2026/10/01 04:34:55.967, 2902 MHz, 13801 MHz, 0x0000000000000000, 375.15 W, 95 %, 30597 MiB
2026/10/01 04:34:56.474, 2895 MHz, 13801 MHz, 0x0000000000000000, 369.54 W, 94 %, 30597 MiB
2026/10/01 04:34:56.980, 2902 MHz, 13801 MHz, 0x0000000000000000, 368.90 W, 95 %, 30597 MiB
2026/10/01 04:34:57.487, 2902 MHz, 13801 MHz, 0x0000000000000000, 374.95 W, 95 %, 30597 MiB
2026/10/01 04:34:57.998, 2910 MHz, 13801 MHz, 0x0000000000000000, 337.78 W, 0 %, 30597 MiB
2026/10/01 04:34:58.509, 2925 MHz, 13801 MHz, 0x0000000000000000, 196.56 W, 0 %, 30597 MiB
2026/10/01 04:34:59.024, 2925 MHz, 13801 MHz, 0x0000000000000000, 99.86 W, 0 %, 30597 MiB
2026/10/01 04:34:59.525, 2925 MHz, 13801 MHz, 0x0000000000000000, 99.16 W, 0 %, 30597 MiB
2026/10/01 04:35:00.039, 667 MHz, 13801 MHz, 0x0000000000000000, 81.33 W, 0 %, 30600 MiB
2026/10/01 04:35:00.551, 517 MHz, 7001 MHz, 0x0000000000000000, 50.63 W, 0 %, 30597 MiB
2026/10/01 04:35:01.063, 420 MHz, 7001 MHz, 0x0000000000000000, 39.19 W, 0 %, 30597 MiB
2026/10/01 04:35:01.576, 337 MHz, 810 MHz, 0x0000000000000000, 36.24 W, 0 %, 30597 MiB
2026/10/01 04:35:02.078, 337 MHz, 810 MHz, 0x0000000000000000, 36.24 W, 0 %, 30597 MiB
2026/10/01 04:35:02.588, 337 MHz, 810 MHz, 0x0000000000000000, 20.65 W, 0 %, 30597 MiB
2026/10/01 04:35:03.104, 195 MHz, 810 MHz, 0x0000000000000000, 20.65 W, 0 %, 30597 MiB
2026/10/01 04:35:03.617, 195 MHz, 810 MHz, 0x0000000000000000, 17.56 W, 0 %, 30597 MiB
2026/10/01 04:35:04.130, 180 MHz, 405 MHz, 0x0000000000000000, 17.56 W, 0 %, 30597 MiB
2026/10/01 04:35:04.641, 180 MHz, 405 MHz, 0x0000000000000000, 12.65 W, 0 %, 30597 MiB
2026/10/01 04:35:05.154, 180 MHz, 405 MHz, 0x0000000000000000, 12.65 W, 0 %, 30597 MiB
2026/10/01 04:35:05.669, 180 MHz, 405 MHz, 0x0000000000000000, 12.51 W, 0 %, 30597 MiB
2026/10/01 04:35:06.181, 180 MHz, 405 MHz, 0x0000000000000000, 12.51 W, 0 %, 30597 MiB
2026/10/01 04:35:06.695, 180 MHz, 405 MHz, 0x0000000000000000, 12.65 W, 0 %, 30597 MiB
2026/10/01 04:35:07.210, 180 MHz, 405 MHz, 0x0000000000000000, 12.65 W, 0 %, 30597 MiB
2026/10/01 04:35:07.711, 180 MHz, 405 MHz, 0x0000000000000000, 12.19 W, 0 %, 30597 MiB
2026/10/01 04:35:08.213, 180 MHz, 405 MHz, 0x0000000000000000, 12.19 W, 0 %, 30597 MiB
2026/10/01 04:35:08.725, 180 MHz, 405 MHz, 0x0000000000000000, 12.24 W, 0 %, 30597 MiB
2026/10/01 04:35:09.241, 180 MHz, 405 MHz, 0x0000000000000000, 12.24 W, 0 %, 30597 MiB
2026/10/01 04:35:09.743, 180 MHz, 405 MHz, 0x0000000000000000, 12.44 W, 0 %, 30597 MiB
2026/10/01 04:35:10.256, 180 MHz, 405 MHz, 0x0000000000000000, 12.44 W, 0 %, 30597 MiB
2026/10/01 04:35:10.759, 180 MHz, 405 MHz, 0x0000000000000000, 12.32 W, 0 %, 30597 MiB
2026/10/01 04:35:11.272, 180 MHz, 405 MHz, 0x0000000000000000, 12.32 W, 0 %, 30597 MiB
2026/10/01 04:35:11.787, 180 MHz, 405 MHz, 0x0000000000000000, 12.31 W, 0 %, 30597 MiB
2026/10/01 04:35:12.301, 180 MHz, 405 MHz, 0x0000000000000000, 13.55 W, 0 %, 30597 MiB
2026/10/01 04:35:12.803, 180 MHz, 405 MHz, 0x0000000000000000, 14.06 W, 0 %, 30597 MiB
2026/10/01 04:35:13.317, 180 MHz, 405 MHz, 0x0000000000000000, 14.06 W, 0 %, 30597 MiB
2026/10/01 04:35:13.831, 180 MHz, 405 MHz, 0x0000000000000000, 12.85 W, 0 %, 30597 MiB
2026/10/01 04:35:14.333, 615 MHz, 405 MHz, 0x0000000000000000, 14.71 W, 53 %, 30597 MiB
2026/10/01 04:35:14.834, 2910 MHz, 13801 MHz, 0x0000000000000000, 76.83 W, 94 %, 30597 MiB
2026/10/01 04:35:15.335, 2910 MHz, 13801 MHz, 0x0000000000000000, 313.69 W, 92 %, 30597 MiB
2026/10/01 04:35:15.851, 2910 MHz, 13801 MHz, 0x0000000000000000, 362.19 W, 80 %, 30597 MiB
2026/10/01 04:35:16.353, 2910 MHz, 13801 MHz, 0x0000000000000000, 360.89 W, 94 %, 30597 MiB
2026/10/01 04:35:16.868, 2910 MHz, 13801 MHz, 0x0000000000000000, 362.72 W, 92 %, 30597 MiB
2026/10/01 04:35:17.382, 2910 MHz, 13801 MHz, 0x0000000000000000, 359.78 W, 95 %, 30597 MiB
2026/10/01 04:35:17.883, 2910 MHz, 13801 MHz, 0x0000000000000000, 366.50 W, 95 %, 30597 MiB
2026/10/01 04:35:18.397, 2910 MHz, 13801 MHz, 0x0000000000000000, 363.03 W, 93 %, 30597 MiB
2026/10/01 04:35:18.898, 2910 MHz, 13801 MHz, 0x0000000000000000, 362.60 W, 95 %, 30597 MiB
2026/10/01 04:35:19.412, 2910 MHz, 13801 MHz, 0x0000000000000000, 362.62 W, 94 %, 30597 MiB
2026/10/01 04:35:19.928, 2910 MHz, 13801 MHz, 0x0000000000000000, 364.80 W, 95 %, 30597 MiB
2026/10/01 04:35:20.443, 2910 MHz, 13801 MHz, 0x0000000000000000, 369.11 W, 95 %, 30597 MiB
2026/10/01 04:35:20.944, 2910 MHz, 13801 MHz, 0x0000000000000000, 363.71 W, 95 %, 30602 MiB
2026/10/01 04:35:21.460, 2910 MHz, 13801 MHz, 0x0000000000000000, 360.07 W, 93 %, 30597 MiB
2026/10/01 04:35:21.962, 2910 MHz, 13801 MHz, 0x0000000000000000, 356.26 W, 56 %, 30597 MiB
2026/10/01 04:35:22.465, 2910 MHz, 13801 MHz, 0x0000000000000000, 359.07 W, 95 %, 30597 MiB
2026/10/01 04:35:22.980, 2910 MHz, 13801 MHz, 0x0000000000000000, 367.24 W, 95 %, 30597 MiB
2026/10/01 04:35:23.481, 2910 MHz, 13801 MHz, 0x0000000000000000, 362.24 W, 95 %, 30597 MiB
2026/10/01 04:35:23.995, 2910 MHz, 13801 MHz, 0x0000000000000000, 364.39 W, 95 %, 30597 MiB
2026/10/01 04:35:24.509, 2910 MHz, 13801 MHz, 0x0000000000000000, 369.43 W, 95 %, 30597 MiB
2026/10/01 04:35:25.010, 2925 MHz, 13801 MHz, 0x0000000000000000, 246.61 W, 0 %, 30597 MiB
2026/10/01 04:35:36.055, 180 MHz, 405 MHz, 0x0000000000000000, 11.67 W, 0 %, 30597 MiB
2026/10/01 04:35:36.570, 2925 MHz, 13801 MHz, 0x0000000000000000, 63.44 W, 94 %, 30597 MiB
2026/10/01 04:35:37.084, 2910 MHz, 13801 MHz, 0x0000000000000000, 162.80 W, 94 %, 30597 MiB
2026/10/01 04:35:37.588, 2910 MHz, 13801 MHz, 0x0000000000000000, 359.09 W, 95 %, 30597 MiB
2026/10/01 04:35:38.102, 2910 MHz, 13801 MHz, 0x0000000000000000, 359.04 W, 95 %, 30597 MiB
2026/10/01 04:35:38.604, 2910 MHz, 13801 MHz, 0x0000000000000000, 359.75 W, 95 %, 30597 MiB
2026/10/01 04:35:39.116, 2910 MHz, 13801 MHz, 0x0000000000000000, 359.15 W, 68 %, 30597 MiB
2026/10/01 04:35:39.629, 2910 MHz, 13801 MHz, 0x0000000000000000, 358.82 W, 95 %, 30597 MiB
2026/10/01 04:35:40.144, 2910 MHz, 13801 MHz, 0x0000000000000000, 358.85 W, 94 %, 30597 MiB
2026/10/01 04:35:40.660, 2910 MHz, 13801 MHz, 0x0000000000000000, 361.80 W, 96 %, 30597 MiB
2026/10/01 04:35:41.175, 2910 MHz, 13801 MHz, 0x0000000000000000, 362.46 W, 95 %, 30597 MiB
2026/10/01 04:35:41.677, 2910 MHz, 13801 MHz, 0x0000000000000000, 367.49 W, 96 %, 30602 MiB
2026/10/01 04:35:42.191, 2910 MHz, 13801 MHz, 0x0000000000000000, 361.34 W, 93 %, 30602 MiB
2026/10/01 04:35:42.707, 2910 MHz, 13801 MHz, 0x0000000000000000, 359.92 W, 96 %, 30597 MiB
2026/10/01 04:35:43.219, 2910 MHz, 13801 MHz, 0x0000000000000000, 361.27 W, 95 %, 30597 MiB
2026/10/01 04:35:43.722, 2910 MHz, 13801 MHz, 0x0000000000000000, 362.87 W, 95 %, 30597 MiB
2026/10/01 04:35:44.235, 2910 MHz, 13801 MHz, 0x0000000000000000, 367.36 W, 95 %, 30597 MiB
2026/10/01 04:35:44.735, 2910 MHz, 13801 MHz, 0x0000000000000000, 352.75 W, 95 %, 30597 MiB
2026/10/01 04:35:45.245, 2910 MHz, 13801 MHz, 0x0000000000000000, 353.02 W, 95 %, 30597 MiB
2026/10/01 04:35:45.758, 2910 MHz, 13801 MHz, 0x0000000000000000, 363.76 W, 77 %, 30597 MiB
2026/10/01 04:35:46.260, 2910 MHz, 13801 MHz, 0x0000000000000000, 362.46 W, 94 %, 30597 MiB
2026/10/01 04:35:46.771, 2910 MHz, 13801 MHz, 0x0000000000000000, 367.73 W, 95 %, 30597 MiB
2026/10/01 04:35:47.275, 2925 MHz, 13801 MHz, 0x0000000000000000, 297.21 W, 0 %, 30597 MiB
2026/10/01 04:35:47.785, 2925 MHz, 13801 MHz, 0x0000000000000000, 179.16 W, 0 %, 30597 MiB
2026/10/01 04:35:48.300, 2925 MHz, 13801 MHz, 0x0000000000000000, 94.66 W, 0 %, 30597 MiB
2026/10/01 04:35:48.801, 2925 MHz, 13801 MHz, 0x0000000000000000, 94.27 W, 0 %, 30597 MiB
2026/10/01 04:35:49.315, 540 MHz, 7001 MHz, 0x0000000000000000, 74.69 W, 0 %, 30597 MiB
2026/10/01 04:35:49.830, 427 MHz, 7001 MHz, 0x0000000000000000, 43.71 W, 0 %, 30597 MiB
2026/10/01 04:35:50.331, 375 MHz, 7001 MHz, 0x0000000000000000, 36.18 W, 0 %, 30597 MiB
2026/10/01 04:35:50.843, 270 MHz, 7001 MHz, 0x0000000000000000, 35.92 W, 0 %, 30597 MiB
2026/10/01 04:35:51.345, 240 MHz, 7001 MHz, 0x0000000000000000, 35.73 W, 0 %, 30597 MiB
2026/10/01 04:35:51.858, 240 MHz, 7001 MHz, 0x0000000000000000, 35.73 W, 0 %, 30597 MiB
2026/10/01 04:35:52.359, 180 MHz, 7001 MHz, 0x0000000000000000, 35.48 W, 0 %, 30597 MiB
2026/10/01 04:35:52.860, 180 MHz, 7001 MHz, 0x0000000000000000, 35.48 W, 0 %, 30597 MiB
2026/10/01 04:35:53.361, 180 MHz, 7001 MHz, 0x0000000000000000, 35.43 W, 0 %, 30597 MiB
2026/10/01 04:35:53.875, 180 MHz, 7001 MHz, 0x0000000000000000, 35.43 W, 0 %, 30597 MiB
2026/10/01 04:35:54.376, 180 MHz, 810 MHz, 0x0000000000000000, 18.03 W, 0 %, 30597 MiB
2026/10/01 04:35:54.888, 180 MHz, 810 MHz, 0x0000000000000000, 18.03 W, 0 %, 30597 MiB
2026/10/01 04:35:55.403, 180 MHz, 405 MHz, 0x0000000000000000, 14.90 W, 0 %, 30597 MiB
2026/10/01 04:35:55.903, 180 MHz, 405 MHz, 0x0000000000000000, 11.60 W, 0 %, 30597 MiB
2026/10/01 04:35:56.418, 180 MHz, 405 MHz, 0x0000000000000000, 11.60 W, 0 %, 30597 MiB
2026/10/01 04:35:56.918, 2287 MHz, 13801 MHz, 0x0000000000000000, 32.49 W, 100 %, 30597 MiB
2026/10/01 04:35:57.432, 2910 MHz, 13801 MHz, 0x0000000000000000, 128.07 W, 95 %, 30597 MiB
2026/10/01 04:35:57.942, 2910 MHz, 13801 MHz, 0x0000000000000000, 320.34 W, 95 %, 30597 MiB
2026/10/01 04:35:58.448, 2910 MHz, 13801 MHz, 0x0000000000000000, 339.03 W, 94 %, 30597 MiB
2026/10/01 04:35:58.955, 2910 MHz, 13801 MHz, 0x0000000000000000, 340.57 W, 96 %, 30597 MiB
2026/10/01 04:35:59.469, 2880 MHz, 13801 MHz, 0x0000000000000000, 350.98 W, 56 %, 30597 MiB
2026/10/01 04:35:59.975, 2910 MHz, 13801 MHz, 0x0000000000000000, 347.99 W, 96 %, 30597 MiB
2026/10/01 04:36:00.484, 2910 MHz, 13801 MHz, 0x0000000000000000, 346.34 W, 96 %, 30597 MiB
2026/10/01 04:36:00.989, 2910 MHz, 13801 MHz, 0x0000000000000000, 345.02 W, 96 %, 30597 MiB
2026/10/01 04:36:01.498, 2910 MHz, 13801 MHz, 0x0000000000000000, 345.11 W, 96 %, 30597 MiB
2026/10/01 04:36:02.007, 2887 MHz, 13801 MHz, 0x0000000000000000, 346.69 W, 51 %, 30597 MiB
2026/10/01 04:36:02.516, 2910 MHz, 13801 MHz, 0x0000000000000000, 347.66 W, 96 %, 30597 MiB
2026/10/01 04:36:03.023, 2910 MHz, 13801 MHz, 0x0000000000000000, 347.81 W, 96 %, 30602 MiB
2026/10/01 04:36:03.531, 2910 MHz, 13801 MHz, 0x0000000000000000, 346.93 W, 96 %, 30600 MiB
2026/10/01 04:36:04.040, 2910 MHz, 13801 MHz, 0x0000000000000000, 350.57 W, 96 %, 30597 MiB
2026/10/01 04:36:04.552, 2902 MHz, 13801 MHz, 0x0000000000000000, 351.56 W, 77 %, 30597 MiB
2026/10/01 04:36:05.056, 2910 MHz, 13801 MHz, 0x0000000000000000, 345.56 W, 96 %, 30597 MiB
2026/10/01 04:36:05.563, 2910 MHz, 13801 MHz, 0x0000000000000000, 344.05 W, 95 %, 30597 MiB
2026/10/01 04:36:06.071, 2887 MHz, 13801 MHz, 0x0000000000000000, 345.82 W, 73 %, 30597 MiB
2026/10/01 04:36:06.578, 2910 MHz, 13801 MHz, 0x0000000000000000, 345.82 W, 96 %, 30597 MiB
2026/10/01 04:36:07.083, 2910 MHz, 13801 MHz, 0x0000000000000000, 344.85 W, 96 %, 30597 MiB
2026/10/01 04:36:07.595, 2910 MHz, 13801 MHz, 0x0000000000000000, 345.54 W, 95 %, 30597 MiB
2026/10/01 04:36:08.099, 2910 MHz, 13801 MHz, 0x0000000000000000, 345.67 W, 96 %, 30597 MiB
2026/10/01 04:36:08.610, 2910 MHz, 13801 MHz, 0x0000000000000000, 348.89 W, 96 %, 30597 MiB
2026/10/01 04:36:09.118, 2910 MHz, 13801 MHz, 0x0000000000000000, 348.51 W, 96 %, 30597 MiB
2026/10/01 04:36:09.626, 2880 MHz, 13801 MHz, 0x0000000000000000, 349.88 W, 66 %, 30597 MiB
2026/10/01 04:36:10.141, 2910 MHz, 13801 MHz, 0x0000000000000000, 350.01 W, 96 %, 30597 MiB
2026/10/01 04:36:10.648, 2887 MHz, 13801 MHz, 0x0000000000000000, 348.68 W, 96 %, 30597 MiB
2026/10/01 04:36:11.153, 2910 MHz, 13801 MHz, 0x0000000000000000, 344.57 W, 96 %, 30597 MiB
2026/10/01 04:36:11.662, 2910 MHz, 13801 MHz, 0x0000000000000000, 343.77 W, 96 %, 30597 MiB
2026/10/01 04:36:12.173, 2910 MHz, 13801 MHz, 0x0000000000000000, 339.19 W, 96 %, 30597 MiB
2026/10/01 04:36:12.682, 2910 MHz, 13801 MHz, 0x0000000000000000, 340.27 W, 96 %, 30597 MiB
2026/10/01 04:36:13.191, 2910 MHz, 13801 MHz, 0x0000000000000000, 345.24 W, 96 %, 30597 MiB
2026/10/01 04:36:13.703, 2910 MHz, 13801 MHz, 0x0000000000000000, 345.13 W, 96 %, 30597 MiB
2026/10/01 04:36:14.213, 2895 MHz, 13801 MHz, 0x0000000000000000, 340.97 W, 96 %, 30597 MiB
2026/10/01 04:36:14.724, 2910 MHz, 13801 MHz, 0x0000000000000000, 341.07 W, 96 %, 30597 MiB
2026/10/01 04:36:15.236, 2910 MHz, 13801 MHz, 0x0000000000000000, 347.28 W, 96 %, 30597 MiB
2026/10/01 04:36:15.745, 2910 MHz, 13801 MHz, 0x0000000000000000, 342.92 W, 96 %, 30597 MiB
2026/10/01 04:36:16.254, 2910 MHz, 13801 MHz, 0x0000000000000000, 342.54 W, 96 %, 30597 MiB
2026/10/01 04:36:16.764, 2910 MHz, 13801 MHz, 0x0000000000000000, 341.21 W, 96 %, 30597 MiB
2026/10/01 04:36:17.271, 2910 MHz, 13801 MHz, 0x0000000000000000, 341.38 W, 96 %, 30597 MiB
2026/10/01 04:36:17.777, 2910 MHz, 13801 MHz, 0x0000000000000000, 347.14 W, 86 %, 30597 MiB
2026/10/01 04:36:18.284, 2910 MHz, 13801 MHz, 0x0000000000000000, 344.70 W, 96 %, 30597 MiB
2026/10/01 04:36:18.792, 2910 MHz, 13801 MHz, 0x0000000000000000, 344.87 W, 95 %, 30597 MiB
2026/10/01 04:36:19.298, 2910 MHz, 13801 MHz, 0x0000000000000000, 346.08 W, 95 %, 30597 MiB
2026/10/01 04:36:19.806, 2910 MHz, 13801 MHz, 0x0000000000000000, 345.40 W, 96 %, 30597 MiB
2026/10/01 04:36:20.314, 2895 MHz, 13801 MHz, 0x0000000000000000, 346.88 W, 55 %, 30597 MiB
2026/10/01 04:36:20.823, 2910 MHz, 13801 MHz, 0x0000000000000000, 343.80 W, 96 %, 30597 MiB
2026/10/01 04:36:21.328, 2910 MHz, 13801 MHz, 0x0000000000000000, 339.48 W, 96 %, 30597 MiB
2026/10/01 04:36:21.834, 2910 MHz, 13801 MHz, 0x0000000000000000, 342.07 W, 96 %, 30597 MiB
2026/10/01 04:36:22.344, 2910 MHz, 13801 MHz, 0x0000000000000000, 347.84 W, 96 %, 30597 MiB
2026/10/01 04:36:22.854, 2880 MHz, 13801 MHz, 0x0000000000000000, 351.46 W, 53 %, 30597 MiB
2026/10/01 04:36:23.360, 2910 MHz, 13801 MHz, 0x0000000000000000, 347.99 W, 96 %, 30597 MiB
2026/10/01 04:36:23.865, 2910 MHz, 13801 MHz, 0x0000000000000000, 347.11 W, 96 %, 30600 MiB
2026/10/01 04:36:24.373, 2910 MHz, 13801 MHz, 0x0000000000000000, 348.23 W, 96 %, 30600 MiB
2026/10/01 04:36:24.886, 2910 MHz, 13801 MHz, 0x0000000000000000, 349.00 W, 96 %, 30597 MiB
2026/10/01 04:36:25.391, 2887 MHz, 13801 MHz, 0x0000000000000000, 337.77 W, 63 %, 30597 MiB
2026/10/01 04:36:25.898, 2910 MHz, 13801 MHz, 0x0000000000000000, 348.31 W, 95 %, 30597 MiB
2026/10/01 04:36:26.406, 2910 MHz, 13801 MHz, 0x0000000000000000, 349.20 W, 96 %, 30597 MiB
2026/10/01 04:36:26.915, 2887 MHz, 13801 MHz, 0x0000000000000000, 346.17 W, 59 %, 30597 MiB
2026/10/01 04:36:27.423, 2887 MHz, 13801 MHz, 0x0000000000000000, 344.32 W, 95 %, 30597 MiB
2026/10/01 04:36:27.928, 2910 MHz, 13801 MHz, 0x0000000000000000, 344.60 W, 96 %, 30597 MiB
2026/10/01 04:36:28.434, 2910 MHz, 13801 MHz, 0x0000000000000000, 348.64 W, 96 %, 30597 MiB
2026/10/01 04:36:28.944, 2910 MHz, 13801 MHz, 0x0000000000000000, 349.20 W, 96 %, 30597 MiB
2026/10/01 04:36:29.454, 2910 MHz, 13801 MHz, 0x0000000000000000, 346.82 W, 91 %, 30597 MiB
2026/10/01 04:36:29.959, 2910 MHz, 13801 MHz, 0x0000000000000000, 342.53 W, 96 %, 30597 MiB
2026/10/01 04:36:30.467, 2910 MHz, 13801 MHz, 0x0000000000000000, 345.08 W, 96 %, 30597 MiB
2026/10/01 04:36:30.974, 2910 MHz, 13801 MHz, 0x0000000000000000, 349.39 W, 96 %, 30597 MiB
2026/10/01 04:36:31.483, 2895 MHz, 13801 MHz, 0x0000000000000000, 349.15 W, 50 %, 30597 MiB
2026/10/01 04:36:31.989, 2910 MHz, 13801 MHz, 0x0000000000000000, 341.40 W, 96 %, 30597 MiB
2026/10/01 04:36:32.497, 2910 MHz, 13801 MHz, 0x0000000000000000, 341.24 W, 96 %, 30597 MiB
2026/10/01 04:36:33.007, 2910 MHz, 13801 MHz, 0x0000000000000000, 348.92 W, 96 %, 30597 MiB
2026/10/01 04:36:33.513, 2910 MHz, 13801 MHz, 0x0000000000000000, 349.59 W, 96 %, 30597 MiB
2026/10/01 04:36:34.025, 2887 MHz, 13801 MHz, 0x0000000000000000, 349.60 W, 69 %, 30597 MiB
2026/10/01 04:36:34.534, 2910 MHz, 13801 MHz, 0x0000000000000000, 348.17 W, 96 %, 30597 MiB
2026/10/01 04:36:35.041, 2910 MHz, 13801 MHz, 0x0000000000000000, 347.78 W, 96 %, 30597 MiB
2026/10/01 04:36:35.547, 2910 MHz, 13801 MHz, 0x0000000000000000, 349.40 W, 96 %, 30597 MiB
2026/10/01 04:36:36.053, 2902 MHz, 13801 MHz, 0x0000000000000000, 350.64 W, 75 %, 30597 MiB
2026/10/01 04:36:36.562, 2887 MHz, 13801 MHz, 0x0000000000000000, 342.29 W, 42 %, 30597 MiB
2026/10/01 04:36:37.069, 2910 MHz, 13801 MHz, 0x0000000000000000, 342.34 W, 94 %, 30597 MiB
2026/10/01 04:36:37.577, 2910 MHz, 13801 MHz, 0x0000000000000000, 343.13 W, 96 %, 30597 MiB
2026/10/01 04:36:38.083, 2910 MHz, 13801 MHz, 0x0000000000000000, 349.58 W, 95 %, 30597 MiB
2026/10/01 04:36:38.591, 2887 MHz, 13801 MHz, 0x0000000000000000, 347.78 W, 66 %, 30597 MiB
2026/10/01 04:36:39.097, 2910 MHz, 13801 MHz, 0x0000000000000000, 340.88 W, 95 %, 30597 MiB
2026/10/01 04:36:39.605, 2910 MHz, 13801 MHz, 0x0000000000000000, 341.70 W, 96 %, 30597 MiB
2026/10/01 04:36:40.115, 2910 MHz, 13801 MHz, 0x0000000000000000, 350.00 W, 96 %, 30597 MiB
2026/10/01 04:36:40.627, 2887 MHz, 13801 MHz, 0x0000000000000000, 348.81 W, 96 %, 30597 MiB
2026/10/01 04:36:41.134, 2902 MHz, 13801 MHz, 0x0000000000000000, 345.14 W, 96 %, 30597 MiB
2026/10/01 04:36:41.640, 2910 MHz, 13801 MHz, 0x0000000000000000, 348.02 W, 96 %, 30597 MiB
2026/10/01 04:36:42.147, 2910 MHz, 13801 MHz, 0x0000000000000000, 351.74 W, 96 %, 30597 MiB
2026/10/01 04:36:42.659, 2880 MHz, 13801 MHz, 0x0000000000000000, 350.70 W, 51 %, 30597 MiB
2026/10/01 04:36:43.164, 2910 MHz, 13801 MHz, 0x0000000000000000, 351.53 W, 96 %, 30597 MiB
2026/10/01 04:36:43.674, 2910 MHz, 13801 MHz, 0x0000000000000000, 348.40 W, 96 %, 30597 MiB
2026/10/01 04:36:44.180, 2910 MHz, 13801 MHz, 0x0000000000000000, 349.69 W, 96 %, 30597 MiB
2026/10/01 04:36:44.691, 2910 MHz, 13801 MHz, 0x0000000000000000, 348.16 W, 71 %, 30597 MiB
2026/10/01 04:36:45.202, 2887 MHz, 13801 MHz, 0x0000000000000000, 309.96 W, 39 %, 30602 MiB
2026/10/01 04:36:45.713, 2910 MHz, 13801 MHz, 0x0000000000000000, 311.81 W, 96 %, 30602 MiB
2026/10/01 04:36:46.222, 2910 MHz, 13801 MHz, 0x0000000000000000, 337.20 W, 96 %, 30597 MiB
2026/10/01 04:36:46.727, 2910 MHz, 13801 MHz, 0x0000000000000000, 351.50 W, 96 %, 30597 MiB
2026/10/01 04:36:47.236, 2902 MHz, 13801 MHz, 0x0000000000000000, 352.09 W, 75 %, 30597 MiB
2026/10/01 04:36:47.745, 2902 MHz, 13801 MHz, 0x0000000000000000, 341.72 W, 96 %, 30597 MiB
2026/10/01 04:36:48.253, 2910 MHz, 13801 MHz, 0x0000000000000000, 339.71 W, 96 %, 30597 MiB
2026/10/01 04:36:48.760, 2910 MHz, 13801 MHz, 0x0000000000000000, 350.27 W, 96 %, 30597 MiB
2026/10/01 04:36:49.266, 2902 MHz, 13801 MHz, 0x0000000000000000, 349.49 W, 82 %, 30597 MiB
2026/10/01 04:36:49.774, 2910 MHz, 13801 MHz, 0x0000000000000000, 348.17 W, 96 %, 30597 MiB
2026/10/01 04:36:50.281, 2902 MHz, 13801 MHz, 0x0000000000000000, 345.37 W, 95 %, 30597 MiB
2026/10/01 04:36:50.787, 2910 MHz, 13801 MHz, 0x0000000000000000, 347.59 W, 96 %, 30597 MiB
2026/10/01 04:36:51.296, 2910 MHz, 13801 MHz, 0x0000000000000000, 351.53 W, 96 %, 30597 MiB
2026/10/01 04:36:51.802, 2895 MHz, 13801 MHz, 0x0000000000000000, 350.31 W, 45 %, 30597 MiB
2026/10/01 04:36:52.312, 2910 MHz, 13801 MHz, 0x0000000000000000, 347.21 W, 95 %, 30597 MiB
2026/10/01 04:36:52.819, 2887 MHz, 13801 MHz, 0x0000000000000000, 350.52 W, 96 %, 30597 MiB
2026/10/01 04:36:53.327, 2910 MHz, 13801 MHz, 0x0000000000000000, 354.03 W, 96 %, 30597 MiB
2026/10/01 04:36:53.833, 2910 MHz, 13801 MHz, 0x0000000000000000, 352.37 W, 95 %, 30597 MiB
2026/10/01 04:36:54.341, 2902 MHz, 13801 MHz, 0x0000000000000000, 352.88 W, 75 %, 30597 MiB
2026/10/01 04:36:54.853, 2902 MHz, 13801 MHz, 0x0000000000000000, 349.28 W, 73 %, 30597 MiB
2026/10/01 04:36:55.361, 2910 MHz, 13801 MHz, 0x0000000000000000, 342.38 W, 96 %, 30597 MiB
2026/10/01 04:36:55.870, 2910 MHz, 13801 MHz, 0x0000000000000000, 346.23 W, 96 %, 30597 MiB
2026/10/01 04:36:56.376, 2910 MHz, 13801 MHz, 0x0000000000000000, 351.73 W, 96 %, 30597 MiB
2026/10/01 04:36:56.882, 2887 MHz, 13801 MHz, 0x0000000000000000, 345.89 W, 63 %, 30597 MiB
2026/10/01 04:36:57.388, 2887 MHz, 13801 MHz, 0x0000000000000000, 339.35 W, 35 %, 30597 MiB
2026/10/01 04:36:57.898, 2910 MHz, 13801 MHz, 0x0000000000000000, 345.16 W, 96 %, 30597 MiB
2026/10/01 04:36:58.408, 2910 MHz, 13801 MHz, 0x0000000000000000, 352.71 W, 95 %, 30597 MiB
2026/10/01 04:36:58.917, 2910 MHz, 13801 MHz, 0x0000000000000000, 349.05 W, 96 %, 30597 MiB
2026/10/01 04:36:59.429, 2902 MHz, 13801 MHz, 0x0000000000000000, 315.66 W, 0 %, 30597 MiB
2026/10/01 04:36:59.943, 2925 MHz, 13801 MHz, 0x0000000000000000, 189.15 W, 0 %, 30597 MiB
2026/10/01 04:37:00.453, 2925 MHz, 13801 MHz, 0x0000000000000000, 98.48 W, 0 %, 30597 MiB
2026/10/01 04:37:00.961, 2925 MHz, 13801 MHz, 0x0000000000000000, 97.87 W, 0 %, 30597 MiB
2026/10/01 04:37:01.474, 562 MHz, 7001 MHz, 0x0000000000000000, 82.08 W, 0 %, 30597 MiB
2026/10/01 04:37:01.983, 450 MHz, 7001 MHz, 0x0000000000000000, 55.74 W, 0 %, 30597 MiB
2026/10/01 04:37:02.495, 397 MHz, 7001 MHz, 0x0000000000000000, 36.87 W, 0 %, 30597 MiB
2026/10/01 04:37:03.008, 397 MHz, 7001 MHz, 0x0000000000000000, 36.87 W, 0 %, 30597 MiB
2026/10/01 04:37:03.523, 247 MHz, 7001 MHz, 0x0000000000000000, 36.31 W, 0 %, 30597 MiB
2026/10/01 04:37:04.034, 247 MHz, 7001 MHz, 0x0000000000000000, 36.31 W, 0 %, 30597 MiB
2026/10/01 04:37:04.535, 180 MHz, 7001 MHz, 0x0000000000000000, 36.28 W, 0 %, 30597 MiB
2026/10/01 04:37:05.040, 180 MHz, 7001 MHz, 0x0000000000000000, 36.28 W, 0 %, 30597 MiB
2026/10/01 04:37:05.555, 187 MHz, 810 MHz, 0x0000000000000000, 29.76 W, 0 %, 30597 MiB
2026/10/01 04:37:06.070, 187 MHz, 810 MHz, 0x0000000000000000, 29.76 W, 0 %, 30602 MiB
2026/10/01 04:37:06.570, 180 MHz, 810 MHz, 0x0000000000000000, 15.52 W, 0 %, 30602 MiB
2026/10/01 04:37:07.084, 180 MHz, 405 MHz, 0x0000000000000000, 16.11 W, 0 %, 30597 MiB
2026/10/01 04:37:07.587, 180 MHz, 405 MHz, 0x0000000000000000, 16.66 W, 0 %, 30597 MiB
2026/10/01 04:37:08.101, 180 MHz, 405 MHz, 0x0000000000000000, 15.91 W, 0 %, 30597 MiB
2026/10/01 04:37:08.615, 180 MHz, 405 MHz, 0x0000000000000000, 15.91 W, 0 %, 30597 MiB
2026/10/01 04:37:09.130, 180 MHz, 405 MHz, 0x0000000000000000, 12.42 W, 0 %, 30597 MiB
2026/10/01 04:37:09.643, 180 MHz, 405 MHz, 0x0000000000000000, 12.42 W, 0 %, 30597 MiB
2026/10/01 04:37:10.146, 180 MHz, 405 MHz, 0x0000000000000000, 12.11 W, 0 %, 30597 MiB
2026/10/01 04:37:10.662, 180 MHz, 405 MHz, 0x0000000000000000, 12.11 W, 0 %, 30597 MiB
2026/10/01 04:37:11.165, 180 MHz, 405 MHz, 0x0000000000000000, 12.28 W, 0 %, 30597 MiB
2026/10/01 04:37:11.680, 180 MHz, 405 MHz, 0x0000000000000000, 12.28 W, 0 %, 30597 MiB
2026/10/01 04:37:12.193, 180 MHz, 405 MHz, 0x0000000000000000, 11.99 W, 0 %, 30597 MiB
2026/10/01 04:37:12.696, 180 MHz, 405 MHz, 0x0000000000000000, 12.97 W, 0 %, 30597 MiB
2026/10/01 04:37:13.211, 180 MHz, 405 MHz, 0x0000000000000000, 15.07 W, 0 %, 30597 MiB
2026/10/01 04:37:13.713, 180 MHz, 405 MHz, 0x0000000000000000, 15.19 W, 0 %, 30597 MiB
2026/10/01 04:37:14.216, 180 MHz, 405 MHz, 0x0000000000000000, 15.19 W, 0 %, 30597 MiB
2026/10/01 04:37:14.729, 180 MHz, 405 MHz, 0x0000000000000000, 12.09 W, 0 %, 30597 MiB
2026/10/01 04:37:15.242, 180 MHz, 405 MHz, 0x0000000000000000, 12.09 W, 0 %, 30597 MiB
2026/10/01 04:37:15.743, 772 MHz, 405 MHz, 0x0000000000000000, 15.48 W, 78 %, 30597 MiB
2026/10/01 04:37:16.258, 2910 MHz, 13801 MHz, 0x0000000000000000, 92.06 W, 93 %, 30597 MiB
2026/10/01 04:37:16.759, 2910 MHz, 13801 MHz, 0x0000000000000000, 325.58 W, 95 %, 30597 MiB
2026/10/01 04:37:17.272, 2910 MHz, 13801 MHz, 0x0000000000000000, 355.65 W, 70 %, 30597 MiB
2026/10/01 04:37:17.786, 2910 MHz, 13801 MHz, 0x0000000000000000, 357.34 W, 95 %, 30597 MiB
2026/10/01 04:37:18.287, 2910 MHz, 13801 MHz, 0x0000000000000000, 368.36 W, 95 %, 30597 MiB
2026/10/01 04:37:18.802, 2910 MHz, 13801 MHz, 0x0000000000000000, 357.67 W, 95 %, 30597 MiB
2026/10/01 04:37:19.315, 2910 MHz, 13801 MHz, 0x0000000000000000, 357.92 W, 95 %, 30597 MiB
2026/10/01 04:37:19.827, 2910 MHz, 13801 MHz, 0x0000000000000000, 369.10 W, 89 %, 30597 MiB
2026/10/01 04:37:20.339, 2910 MHz, 13801 MHz, 0x0000000000000000, 360.70 W, 95 %, 30597 MiB
2026/10/01 04:37:20.853, 2910 MHz, 13801 MHz, 0x0000000000000000, 361.70 W, 96 %, 30597 MiB
2026/10/01 04:37:21.366, 2910 MHz, 13801 MHz, 0x0000000000000000, 362.83 W, 95 %, 30597 MiB
2026/10/01 04:37:21.880, 2910 MHz, 13801 MHz, 0x0000000000000000, 362.73 W, 95 %, 30597 MiB
2026/10/01 04:37:22.394, 2910 MHz, 13801 MHz, 0x0000000000000000, 369.57 W, 95 %, 30597 MiB
2026/10/01 04:37:22.895, 2910 MHz, 13801 MHz, 0x0000000000000000, 365.15 W, 95 %, 30597 MiB
2026/10/01 04:37:23.408, 2910 MHz, 13801 MHz, 0x0000000000000000, 365.86 W, 96 %, 30597 MiB
2026/10/01 04:37:23.923, 2910 MHz, 13801 MHz, 0x0000000000000000, 365.60 W, 95 %, 30597 MiB
2026/10/01 04:37:24.438, 2910 MHz, 13801 MHz, 0x0000000000000000, 370.70 W, 95 %, 30597 MiB
2026/10/01 04:37:24.954, 2910 MHz, 13801 MHz, 0x0000000000000000, 365.96 W, 95 %, 30597 MiB
2026/10/01 04:37:25.454, 2910 MHz, 13801 MHz, 0x0000000000000000, 366.34 W, 96 %, 30597 MiB
2026/10/01 04:37:25.957, 2917 MHz, 13801 MHz, 0x0000000000000000, 350.74 W, 22 %, 30597 MiB
2026/10/01 04:37:36.876, 180 MHz, 405 MHz, 0x0000000000000000, 11.50 W, 0 %, 30597 MiB
2026/10/01 04:37:37.390, 180 MHz, 405 MHz, 0x0000000000000000, 11.96 W, 0 %, 30597 MiB
2026/10/01 04:37:37.905, 2910 MHz, 13801 MHz, 0x0000000000000000, 122.16 W, 94 %, 30597 MiB
2026/10/01 04:37:38.406, 2910 MHz, 13801 MHz, 0x0000000000000000, 197.64 W, 94 %, 30597 MiB
2026/10/01 04:37:38.921, 2910 MHz, 13801 MHz, 0x0000000000000000, 357.01 W, 95 %, 30597 MiB
2026/10/01 04:37:39.422, 2910 MHz, 13801 MHz, 0x0000000000000000, 358.29 W, 95 %, 30597 MiB
2026/10/01 04:37:39.934, 2910 MHz, 13801 MHz, 0x0000000000000000, 353.40 W, 95 %, 30597 MiB
2026/10/01 04:37:40.449, 2910 MHz, 13801 MHz, 0x0000000000000000, 352.45 W, 95 %, 30597 MiB
2026/10/01 04:37:40.964, 2910 MHz, 13801 MHz, 0x0000000000000000, 367.45 W, 95 %, 30597 MiB
2026/10/01 04:37:41.478, 2910 MHz, 13801 MHz, 0x0000000000000000, 359.05 W, 95 %, 30597 MiB
2026/10/01 04:37:41.993, 2910 MHz, 13801 MHz, 0x0000000000000000, 358.54 W, 95 %, 30597 MiB
2026/10/01 04:37:42.497, 2910 MHz, 13801 MHz, 0x0000000000000000, 363.76 W, 82 %, 30597 MiB
2026/10/01 04:37:43.012, 2910 MHz, 13801 MHz, 0x0000000000000000, 363.87 W, 95 %, 30597 MiB
2026/10/01 04:37:43.526, 2910 MHz, 13801 MHz, 0x0000000000000000, 368.43 W, 95 %, 30597 MiB
2026/10/01 04:37:44.030, 2910 MHz, 13801 MHz, 0x0000000000000000, 360.51 W, 95 %, 30597 MiB
2026/10/01 04:37:44.531, 2910 MHz, 13801 MHz, 0x0000000000000000, 360.06 W, 95 %, 30597 MiB
2026/10/01 04:37:45.047, 2910 MHz, 13801 MHz, 0x0000000000000000, 362.10 W, 67 %, 30597 MiB
2026/10/01 04:37:45.547, 2910 MHz, 13801 MHz, 0x0000000000000000, 356.52 W, 95 %, 30597 MiB
2026/10/01 04:37:46.061, 2910 MHz, 13801 MHz, 0x0000000000000000, 357.63 W, 95 %, 30597 MiB
2026/10/01 04:37:46.577, 2910 MHz, 13801 MHz, 0x0000000000000000, 353.12 W, 96 %, 30597 MiB
2026/10/01 04:37:47.092, 2910 MHz, 13801 MHz, 0x0000000000000000, 354.81 W, 95 %, 30597 MiB
2026/10/01 04:37:47.605, 2910 MHz, 13801 MHz, 0x0000000000000000, 368.94 W, 95 %, 30597 MiB
2026/10/01 04:37:48.118, 2925 MHz, 13801 MHz, 0x0000000000000000, 260.99 W, 0 %, 30600 MiB
2026/10/01 04:37:48.633, 2925 MHz, 13801 MHz, 0x0000000000000000, 124.20 W, 0 %, 30600 MiB
2026/10/01 04:37:49.148, 2925 MHz, 13801 MHz, 0x0000000000000000, 94.55 W, 0 %, 30597 MiB
2026/10/01 04:37:49.649, 1950 MHz, 13801 MHz, 0x0000000000000000, 89.88 W, 0 %, 30597 MiB
2026/10/01 04:37:50.165, 487 MHz, 810 MHz, 0x0000000000000000, 62.52 W, 0 %, 30597 MiB
2026/10/01 04:37:50.678, 382 MHz, 810 MHz, 0x0000000000000000, 33.56 W, 0 %, 30597 MiB
2026/10/01 04:37:51.179, 292 MHz, 810 MHz, 0x0000000000000000, 20.37 W, 0 %, 30597 MiB
2026/10/01 04:37:51.693, 217 MHz, 810 MHz, 0x0000000000000000, 16.45 W, 0 %, 30597 MiB
2026/10/01 04:37:52.208, 195 MHz, 810 MHz, 0x0000000000000000, 16.26 W, 0 %, 30597 MiB
2026/10/01 04:37:52.709, 195 MHz, 810 MHz, 0x0000000000000000, 16.26 W, 0 %, 30597 MiB
2026/10/01 04:37:53.210, 180 MHz, 405 MHz, 0x0000000000000000, 12.29 W, 0 %, 30597 MiB
2026/10/01 04:37:53.710, 180 MHz, 405 MHz, 0x0000000000000000, 12.29 W, 0 %, 30597 MiB
2026/10/01 04:37:54.213, 180 MHz, 405 MHz, 0x0000000000000000, 11.64 W, 0 %, 30597 MiB
2026/10/01 04:37:54.729, 180 MHz, 405 MHz, 0x0000000000000000, 11.64 W, 0 %, 30597 MiB
2026/10/01 04:37:55.241, 180 MHz, 405 MHz, 0x0000000000000000, 11.52 W, 0 %, 30597 MiB
2026/10/01 04:37:55.742, 180 MHz, 405 MHz, 0x0000000000000000, 11.52 W, 0 %, 30597 MiB
2026/10/01 04:37:56.255, 180 MHz, 405 MHz, 0x0000000000000000, 11.56 W, 0 %, 30597 MiB
2026/10/01 04:37:56.768, 180 MHz, 405 MHz, 0x0000000000000000, 11.56 W, 0 %, 30597 MiB
2026/10/01 04:37:57.283, 180 MHz, 405 MHz, 0x0000000000000000, 11.55 W, 0 %, 30597 MiB
2026/10/01 04:37:57.785, 180 MHz, 405 MHz, 0x0000000000000000, 11.55 W, 0 %, 30597 MiB
2026/10/01 04:37:58.294, 2880 MHz, 13801 MHz, 0x0000000000000000, 75.86 W, 42 %, 30597 MiB
2026/10/01 04:37:58.801, 2902 MHz, 13801 MHz, 0x0000000000000000, 149.23 W, 96 %, 30597 MiB
2026/10/01 04:37:59.308, 2910 MHz, 13801 MHz, 0x0000000000000000, 353.68 W, 97 %, 30597 MiB
2026/10/01 04:37:59.817, 2910 MHz, 13801 MHz, 0x0000000000000000, 374.05 W, 97 %, 30597 MiB
2026/10/01 04:38:00.324, 2910 MHz, 13801 MHz, 0x0000000000000000, 376.13 W, 97 %, 30597 MiB
2026/10/01 04:38:00.832, 2910 MHz, 13801 MHz, 0x0000000000000000, 376.00 W, 95 %, 30597 MiB
2026/10/01 04:38:01.343, 2865 MHz, 13801 MHz, 0x0000000000000000, 369.77 W, 49 %, 30597 MiB
2026/10/01 04:38:01.853, 2910 MHz, 13801 MHz, 0x0000000000000000, 369.10 W, 97 %, 30597 MiB
2026/10/01 04:38:02.358, 2910 MHz, 13801 MHz, 0x0000000000000000, 373.92 W, 97 %, 30597 MiB
2026/10/01 04:38:02.866, 2910 MHz, 13801 MHz, 0x0000000000000000, 376.51 W, 97 %, 30597 MiB
2026/10/01 04:38:03.375, 2910 MHz, 13801 MHz, 0x0000000000000000, 377.07 W, 97 %, 30597 MiB
2026/10/01 04:38:03.889, 2902 MHz, 13801 MHz, 0x0000000000000000, 375.85 W, 89 %, 30597 MiB
2026/10/01 04:38:04.402, 2887 MHz, 13801 MHz, 0x0000000000000000, 364.38 W, 74 %, 30597 MiB
2026/10/01 04:38:04.908, 2902 MHz, 13801 MHz, 0x0000000000000000, 351.47 W, 97 %, 30597 MiB
2026/10/01 04:38:05.416, 2910 MHz, 13801 MHz, 0x0000000000000000, 358.62 W, 97 %, 30597 MiB
2026/10/01 04:38:05.923, 2910 MHz, 13801 MHz, 0x0000000000000000, 377.62 W, 96 %, 30597 MiB
2026/10/01 04:38:06.433, 2895 MHz, 13801 MHz, 0x0000000000000000, 377.30 W, 68 %, 30597 MiB
2026/10/01 04:38:06.941, 2895 MHz, 13801 MHz, 0x0000000000000000, 366.07 W, 96 %, 30597 MiB
2026/10/01 04:38:07.449, 2880 MHz, 13801 MHz, 0x0000000000000000, 367.66 W, 94 %, 30597 MiB
2026/10/01 04:38:07.961, 2902 MHz, 13801 MHz, 0x0000000000000000, 372.40 W, 97 %, 30597 MiB
2026/10/01 04:38:08.466, 2910 MHz, 13801 MHz, 0x0000000000000000, 373.70 W, 97 %, 30597 MiB
2026/10/01 04:38:08.972, 2910 MHz, 13801 MHz, 0x0000000000000000, 380.40 W, 97 %, 30602 MiB
2026/10/01 04:38:09.480, 2910 MHz, 13801 MHz, 0x0000000000000000, 379.74 W, 97 %, 30602 MiB
2026/10/01 04:38:09.988, 2880 MHz, 13801 MHz, 0x0000000000000000, 373.89 W, 65 %, 30597 MiB
2026/10/01 04:38:10.501, 2902 MHz, 13801 MHz, 0x0000000000000000, 368.46 W, 96 %, 30597 MiB
2026/10/01 04:38:11.013, 2872 MHz, 13801 MHz, 0x0000000000000000, 361.92 W, 56 %, 30597 MiB
2026/10/01 04:38:11.523, 2910 MHz, 13801 MHz, 0x0000000000000000, 366.32 W, 97 %, 30597 MiB
2026/10/01 04:38:12.031, 2910 MHz, 13801 MHz, 0x0000000000000000, 375.87 W, 96 %, 30597 MiB
2026/10/01 04:38:12.541, 2895 MHz, 13801 MHz, 0x0000000000000000, 374.58 W, 43 %, 30597 MiB
2026/10/01 04:38:13.051, 2887 MHz, 13801 MHz, 0x0000000000000000, 358.78 W, 77 %, 30597 MiB
2026/10/01 04:38:13.557, 2910 MHz, 13801 MHz, 0x0000000000000000, 361.20 W, 97 %, 30597 MiB
2026/10/01 04:38:14.070, 2880 MHz, 13801 MHz, 0x0000000000000000, 372.95 W, 79 %, 30597 MiB
2026/10/01 04:38:14.575, 2910 MHz, 13801 MHz, 0x0000000000000000, 366.61 W, 96 %, 30597 MiB
2026/10/01 04:38:15.083, 2910 MHz, 13801 MHz, 0x0000000000000000, 370.94 W, 97 %, 30597 MiB
2026/10/01 04:38:15.590, 2910 MHz, 13801 MHz, 0x0000000000000000, 377.49 W, 96 %, 30597 MiB
2026/10/01 04:38:16.103, 2880 MHz, 13801 MHz, 0x0000000000000000, 373.24 W, 82 %, 30597 MiB
2026/10/01 04:38:16.610, 2910 MHz, 13801 MHz, 0x0000000000000000, 374.51 W, 96 %, 30597 MiB
2026/10/01 04:38:17.122, 2895 MHz, 13801 MHz, 0x0000000000000000, 373.54 W, 40 %, 30597 MiB
2026/10/01 04:38:17.630, 2902 MHz, 13801 MHz, 0x0000000000000000, 351.67 W, 97 %, 30597 MiB
2026/10/01 04:38:18.140, 2910 MHz, 13801 MHz, 0x0000000000000000, 351.82 W, 97 %, 30597 MiB
2026/10/01 04:38:18.651, 2880 MHz, 13801 MHz, 0x0000000000000000, 377.23 W, 49 %, 30597 MiB
2026/10/01 04:38:19.162, 2887 MHz, 13801 MHz, 0x0000000000000000, 365.59 W, 60 %, 30597 MiB
2026/10/01 04:38:19.670, 2910 MHz, 13801 MHz, 0x0000000000000000, 367.13 W, 97 %, 30597 MiB
2026/10/01 04:38:20.179, 2887 MHz, 13801 MHz, 0x0000000000000000, 377.67 W, 50 %, 30597 MiB
2026/10/01 04:38:20.689, 2910 MHz, 13801 MHz, 0x0000000000000000, 369.48 W, 97 %, 30597 MiB
2026/10/01 04:38:21.197, 2910 MHz, 13801 MHz, 0x0000000000000000, 369.82 W, 96 %, 30597 MiB
2026/10/01 04:38:21.706, 2910 MHz, 13801 MHz, 0x0000000000000000, 380.25 W, 96 %, 30597 MiB
2026/10/01 04:38:22.216, 2895 MHz, 13801 MHz, 0x0000000000000000, 374.07 W, 96 %, 30597 MiB
2026/10/01 04:38:22.723, 2910 MHz, 13801 MHz, 0x0000000000000000, 366.89 W, 96 %, 30597 MiB
2026/10/01 04:38:23.233, 2910 MHz, 13801 MHz, 0x0000000000000000, 373.41 W, 96 %, 30597 MiB
2026/10/01 04:38:23.742, 2880 MHz, 13801 MHz, 0x0000000000000000, 369.20 W, 81 %, 30597 MiB
2026/10/01 04:38:24.249, 2910 MHz, 13801 MHz, 0x0000000000000000, 368.78 W, 97 %, 30597 MiB
2026/10/01 04:38:24.756, 2910 MHz, 13801 MHz, 0x0000000000000000, 380.26 W, 97 %, 30597 MiB
2026/10/01 04:38:25.263, 2910 MHz, 13801 MHz, 0x0000000000000000, 381.16 W, 97 %, 30597 MiB
2026/10/01 04:38:25.776, 2895 MHz, 13801 MHz, 0x0000000000000000, 377.26 W, 51 %, 30597 MiB
2026/10/01 04:38:26.286, 2887 MHz, 13801 MHz, 0x0000000000000000, 360.53 W, 80 %, 30597 MiB
2026/10/01 04:38:26.794, 2887 MHz, 13801 MHz, 0x0000000000000000, 346.05 W, 97 %, 30597 MiB
2026/10/01 04:38:27.303, 2910 MHz, 13801 MHz, 0x0000000000000000, 363.08 W, 97 %, 30597 MiB
2026/10/01 04:38:27.815, 2910 MHz, 13801 MHz, 0x0000000000000000, 380.62 W, 97 %, 30597 MiB
2026/10/01 04:38:28.323, 2910 MHz, 13801 MHz, 0x0000000000000000, 382.33 W, 97 %, 30597 MiB
2026/10/01 04:38:28.835, 2910 MHz, 13801 MHz, 0x0000000000000000, 382.52 W, 97 %, 30597 MiB
2026/10/01 04:38:29.344, 2887 MHz, 13801 MHz, 0x0000000000000000, 366.65 W, 47 %, 30597 MiB
2026/10/01 04:38:29.848, 2887 MHz, 13801 MHz, 0x0000000000000000, 344.38 W, 71 %, 30597 MiB
2026/10/01 04:38:30.355, 2910 MHz, 13801 MHz, 0x0000000000000000, 340.84 W, 97 %, 30602 MiB
2026/10/01 04:38:30.865, 2910 MHz, 13801 MHz, 0x0000000000000000, 357.71 W, 96 %, 30602 MiB
2026/10/01 04:38:31.372, 2910 MHz, 13801 MHz, 0x0000000000000000, 380.78 W, 97 %, 30597 MiB
2026/10/01 04:38:31.882, 2910 MHz, 13801 MHz, 0x0000000000000000, 382.59 W, 97 %, 30597 MiB
2026/10/01 04:38:32.391, 2902 MHz, 13801 MHz, 0x0000000000000000, 382.57 W, 81 %, 30597 MiB
2026/10/01 04:38:32.905, 2902 MHz, 13801 MHz, 0x0000000000000000, 363.57 W, 85 %, 30597 MiB
2026/10/01 04:38:33.412, 2880 MHz, 13801 MHz, 0x0000000000000000, 351.61 W, 43 %, 30597 MiB
2026/10/01 04:38:33.922, 2910 MHz, 13801 MHz, 0x0000000000000000, 377.70 W, 97 %, 30597 MiB
2026/10/01 04:38:34.430, 2910 MHz, 13801 MHz, 0x0000000000000000, 383.61 W, 97 %, 30597 MiB
2026/10/01 04:38:34.939, 2902 MHz, 13801 MHz, 0x0000000000000000, 381.65 W, 79 %, 30597 MiB
2026/10/01 04:38:35.448, 2895 MHz, 13801 MHz, 0x0000000000000000, 366.89 W, 96 %, 30597 MiB
2026/10/01 04:38:35.957, 2887 MHz, 13801 MHz, 0x0000000000000000, 364.11 W, 49 %, 30597 MiB
2026/10/01 04:38:36.468, 2902 MHz, 13801 MHz, 0x0000000000000000, 379.14 W, 78 %, 30597 MiB
2026/10/01 04:38:36.975, 2910 MHz, 13801 MHz, 0x0000000000000000, 374.77 W, 97 %, 30597 MiB
2026/10/01 04:38:37.483, 2910 MHz, 13801 MHz, 0x0000000000000000, 375.99 W, 97 %, 30597 MiB
2026/10/01 04:38:37.994, 2895 MHz, 13801 MHz, 0x0000000000000000, 382.70 W, 63 %, 30597 MiB
2026/10/01 04:38:38.507, 2910 MHz, 13801 MHz, 0x0000000000000000, 369.46 W, 97 %, 30597 MiB
2026/10/01 04:38:39.018, 2887 MHz, 13801 MHz, 0x0000000000000000, 365.09 W, 43 %, 30597 MiB
2026/10/01 04:38:39.529, 2887 MHz, 13801 MHz, 0x0000000000000000, 372.67 W, 49 %, 30597 MiB
2026/10/01 04:38:40.036, 2910 MHz, 13801 MHz, 0x0000000000000000, 375.26 W, 97 %, 30597 MiB
2026/10/01 04:38:40.546, 2910 MHz, 13801 MHz, 0x0000000000000000, 378.19 W, 96 %, 30597 MiB
2026/10/01 04:38:41.055, 2902 MHz, 13801 MHz, 0x0000000000000000, 379.17 W, 96 %, 30597 MiB
2026/10/01 04:38:41.565, 2887 MHz, 13801 MHz, 0x0000000000000000, 376.19 W, 50 %, 30597 MiB
2026/10/01 04:38:42.073, 2887 MHz, 13801 MHz, 0x0000000000000000, 374.95 W, 97 %, 30597 MiB
2026/10/01 04:38:42.580, 2880 MHz, 13801 MHz, 0x0000000000000000, 369.85 W, 96 %, 30597 MiB
2026/10/01 04:38:43.090, 2895 MHz, 13801 MHz, 0x0000000000000000, 377.54 W, 97 %, 30597 MiB
2026/10/01 04:38:43.597, 2895 MHz, 13801 MHz, 0x0000000000000000, 384.28 W, 97 %, 30597 MiB
2026/10/01 04:38:44.109, 2872 MHz, 13801 MHz, 0x0000000000000000, 373.23 W, 50 %, 30597 MiB
2026/10/01 04:38:44.617, 2880 MHz, 13801 MHz, 0x0000000000000000, 362.49 W, 39 %, 30597 MiB
2026/10/01 04:38:45.125, 2872 MHz, 13801 MHz, 0x0000000000000000, 363.32 W, 52 %, 30597 MiB
2026/10/01 04:38:45.634, 2895 MHz, 13801 MHz, 0x0000000000000000, 374.70 W, 97 %, 30597 MiB
2026/10/01 04:38:46.141, 2880 MHz, 13801 MHz, 0x0000000000000000, 371.98 W, 97 %, 30597 MiB
2026/10/01 04:38:46.649, 2895 MHz, 13801 MHz, 0x0000000000000000, 375.32 W, 97 %, 30597 MiB
2026/10/01 04:38:47.156, 2895 MHz, 13801 MHz, 0x0000000000000000, 384.30 W, 96 %, 30597 MiB
2026/10/01 04:38:47.663, 2880 MHz, 13801 MHz, 0x0000000000000000, 380.48 W, 96 %, 30597 MiB
2026/10/01 04:38:48.173, 2872 MHz, 13801 MHz, 0x0000000000000000, 374.93 W, 43 %, 30597 MiB
2026/10/01 04:38:48.684, 2902 MHz, 13801 MHz, 0x0000000000000000, 364.87 W, 97 %, 30597 MiB
2026/10/01 04:38:49.192, 2880 MHz, 13801 MHz, 0x0000000000000000, 357.59 W, 97 %, 30597 MiB
2026/10/01 04:38:49.703, 2895 MHz, 13801 MHz, 0x0000000000000000, 375.55 W, 97 %, 30597 MiB
2026/10/01 04:38:50.212, 2902 MHz, 13801 MHz, 0x0000000000000000, 384.07 W, 97 %, 30597 MiB
2026/10/01 04:38:50.721, 2880 MHz, 13801 MHz, 0x0000000000000000, 377.93 W, 39 %, 30597 MiB
2026/10/01 04:38:51.232, 2895 MHz, 13801 MHz, 0x0000000000000000, 369.36 W, 61 %, 30597 MiB
2026/10/01 04:38:51.743, 2910 MHz, 13801 MHz, 0x0000000000000000, 351.62 W, 97 %, 30602 MiB
2026/10/01 04:38:52.251, 2895 MHz, 13801 MHz, 0x0000000000000000, 345.69 W, 96 %, 30597 MiB
2026/10/01 04:38:52.759, 2895 MHz, 13801 MHz, 0x0000000000000000, 372.60 W, 97 %, 30597 MiB
2026/10/01 04:38:53.265, 2895 MHz, 13801 MHz, 0x0000000000000000, 385.23 W, 96 %, 30597 MiB
2026/10/01 04:38:53.773, 2887 MHz, 13801 MHz, 0x0000000000000000, 384.07 W, 69 %, 30597 MiB
2026/10/01 04:38:54.274, 2902 MHz, 13801 MHz, 0x0000000000000000, 365.30 W, 97 %, 30597 MiB
2026/10/01 04:38:54.781, 2872 MHz, 13801 MHz, 0x0000000000000000, 349.94 W, 81 %, 30597 MiB
2026/10/01 04:38:55.292, 2895 MHz, 13801 MHz, 0x0000000000000000, 359.27 W, 97 %, 30597 MiB
2026/10/01 04:38:55.801, 2895 MHz, 13801 MHz, 0x0000000000000000, 373.93 W, 97 %, 30597 MiB
2026/10/01 04:38:56.310, 2895 MHz, 13801 MHz, 0x0000000000000000, 383.57 W, 97 %, 30597 MiB
2026/10/01 04:38:56.820, 2895 MHz, 13801 MHz, 0x0000000000000000, 384.66 W, 97 %, 30597 MiB
2026/10/01 04:38:57.332, 2887 MHz, 13801 MHz, 0x0000000000000000, 375.10 W, 73 %, 30597 MiB
2026/10/01 04:38:57.840, 2872 MHz, 13801 MHz, 0x0000000000000000, 352.23 W, 44 %, 30597 MiB
2026/10/01 04:38:58.348, 2895 MHz, 13801 MHz, 0x0000000000000000, 353.84 W, 97 %, 30621 MiB
2026/10/01 04:38:58.858, 2895 MHz, 13801 MHz, 0x0000000000000000, 378.68 W, 96 %, 30772 MiB
2026/10/01 04:38:59.369, 2895 MHz, 13801 MHz, 0x0000000000000000, 383.12 W, 96 %, 30780 MiB
2026/10/01 04:38:59.879, 2872 MHz, 13801 MHz, 0x0000000000000000, 376.75 W, 61 %, 30780 MiB
2026/10/01 04:39:00.391, 2895 MHz, 13801 MHz, 0x0000000000000000, 377.45 W, 96 %, 30780 MiB
2026/10/01 04:39:00.903, 2872 MHz, 13801 MHz, 0x0000000000000000, 371.56 W, 48 %, 30780 MiB
2026/10/01 04:39:01.404, 2902 MHz, 13801 MHz, 0x0000000000000000, 321.39 W, 0 %, 30780 MiB
2026/10/01 04:39:01.905, 2925 MHz, 13801 MHz, 0x0000000000000000, 207.82 W, 0 %, 30780 MiB
2026/10/01 04:39:02.406, 2925 MHz, 13801 MHz, 0x0000000000000000, 99.70 W, 0 %, 30780 MiB
2026/10/01 04:39:02.907, 2925 MHz, 13801 MHz, 0x0000000000000000, 98.68 W, 0 %, 30780 MiB
2026/10/01 04:39:03.408, 592 MHz, 13801 MHz, 0x0000000000000000, 78.77 W, 0 %, 30780 MiB
2026/10/01 04:39:03.922, 465 MHz, 7001 MHz, 0x0000000000000000, 50.07 W, 0 %, 30780 MiB
2026/10/01 04:39:04.426, 285 MHz, 810 MHz, 0x0000000000000000, 27.28 W, 0 %, 30780 MiB
2026/10/01 04:39:04.940, 217 MHz, 810 MHz, 0x0000000000000000, 23.67 W, 0 %, 30780 MiB
2026/10/01 04:39:05.448, 180 MHz, 810 MHz, 0x0000000000000000, 22.75 W, 0 %, 30780 MiB
2026/10/01 04:39:05.961, 180 MHz, 405 MHz, 0x0000000000000000, 19.59 W, 0 %, 30780 MiB
2026/10/01 04:39:06.473, 180 MHz, 405 MHz, 0x0000000000000000, 19.59 W, 0 %, 30793 MiB
2026/10/01 04:39:06.989, 180 MHz, 405 MHz, 0x0000000000000000, 14.91 W, 0 %, 30793 MiB
2026/10/01 04:39:07.503, 180 MHz, 405 MHz, 0x0000000000000000, 15.18 W, 0 %, 30794 MiB
2026/10/01 04:39:08.016, 180 MHz, 405 MHz, 0x0000000000000000, 16.50 W, 0 %, 30794 MiB
2026/10/01 04:39:08.529, 180 MHz, 405 MHz, 0x0000000000000000, 16.29 W, 0 %, 30794 MiB
2026/10/01 04:39:09.031, 180 MHz, 405 MHz, 0x0000000000000000, 16.11 W, 0 %, 30794 MiB
2026/10/01 04:39:09.544, 195 MHz, 405 MHz, 0x0000000000000000, 16.46 W, 0 %, 30794 MiB
2026/10/01 04:39:10.045, 180 MHz, 405 MHz, 0x0000000000000000, 16.30 W, 0 %, 30794 MiB
2026/10/01 04:39:10.559, 210 MHz, 405 MHz, 0x0000000000000000, 16.35 W, 1 %, 30639 MiB
2026/10/01 04:39:11.060, 180 MHz, 405 MHz, 0x0000000000000000, 16.33 W, 0 %, 30639 MiB
2026/10/01 04:39:11.574, 180 MHz, 405 MHz, 0x0000000000000000, 16.36 W, 0 %, 30639 MiB
2026/10/01 04:39:12.077, 180 MHz, 405 MHz, 0x0000000000000000, 16.36 W, 0 %, 30639 MiB
2026/10/01 04:39:12.580, 195 MHz, 405 MHz, 0x0000000000000000, 12.65 W, 0 %, 30644 MiB
2026/10/01 04:39:13.093, 180 MHz, 405 MHz, 0x0000000000000000, 13.65 W, 0 %, 30644 MiB
2026/10/01 04:39:13.604, 180 MHz, 405 MHz, 0x0000000000000000, 15.96 W, 0 %, 30639 MiB
2026/10/01 04:39:14.106, 180 MHz, 405 MHz, 0x0000000000000000, 15.97 W, 0 %, 30639 MiB
2026/10/01 04:39:14.607, 180 MHz, 405 MHz, 0x0000000000000000, 15.59 W, 0 %, 30639 MiB
2026/10/01 04:39:15.110, 180 MHz, 405 MHz, 0x0000000000000000, 15.59 W, 0 %, 30639 MiB
2026/10/01 04:39:15.623, 180 MHz, 405 MHz, 0x0000000000000000, 12.13 W, 0 %, 30639 MiB
2026/10/01 04:39:16.126, 180 MHz, 405 MHz, 0x0000000000000000, 12.13 W, 0 %, 30639 MiB
2026/10/01 04:39:16.641, 180 MHz, 405 MHz, 0x0000000000000000, 12.14 W, 0 %, 30639 MiB
2026/10/01 04:39:17.158, 892 MHz, 405 MHz, 0x0000000000000000, 15.36 W, 79 %, 30639 MiB
2026/10/01 04:39:17.673, 2910 MHz, 13801 MHz, 0x0000000000000000, 121.31 W, 94 %, 30639 MiB
2026/10/01 04:39:18.188, 2910 MHz, 13801 MHz, 0x0000000000000000, 303.80 W, 95 %, 30639 MiB
2026/10/01 04:39:18.703, 2910 MHz, 13801 MHz, 0x0000000000000000, 351.78 W, 78 %, 30639 MiB
2026/10/01 04:39:19.214, 2910 MHz, 13801 MHz, 0x0000000000000000, 351.63 W, 93 %, 30639 MiB
2026/10/01 04:39:19.729, 2910 MHz, 13801 MHz, 0x0000000000000000, 354.79 W, 94 %, 30639 MiB
2026/10/01 04:39:20.232, 2910 MHz, 13801 MHz, 0x0000000000000000, 354.50 W, 95 %, 30639 MiB
2026/10/01 04:39:20.747, 2910 MHz, 13801 MHz, 0x0000000000000000, 356.61 W, 95 %, 30639 MiB
2026/10/01 04:39:21.260, 2910 MHz, 13801 MHz, 0x0000000000000000, 367.97 W, 95 %, 30639 MiB
2026/10/01 04:39:21.773, 2910 MHz, 13801 MHz, 0x0000000000000000, 363.72 W, 96 %, 30639 MiB
2026/10/01 04:39:22.289, 2910 MHz, 13801 MHz, 0x0000000000000000, 363.67 W, 95 %, 30639 MiB
2026/10/01 04:39:22.789, 2910 MHz, 13801 MHz, 0x0000000000000000, 355.77 W, 50 %, 30639 MiB
2026/10/01 04:39:23.290, 2910 MHz, 13801 MHz, 0x0000000000000000, 355.72 W, 95 %, 30639 MiB
2026/10/01 04:39:23.805, 2910 MHz, 13801 MHz, 0x0000000000000000, 367.87 W, 95 %, 30639 MiB
2026/10/01 04:39:24.319, 2910 MHz, 13801 MHz, 0x0000000000000000, 363.02 W, 94 %, 30639 MiB
2026/10/01 04:39:24.821, 2910 MHz, 13801 MHz, 0x0000000000000000, 364.52 W, 95 %, 30639 MiB
2026/10/01 04:39:25.335, 2910 MHz, 13801 MHz, 0x0000000000000000, 359.53 W, 95 %, 30639 MiB
2026/10/01 04:39:25.850, 2910 MHz, 13801 MHz, 0x0000000000000000, 360.54 W, 95 %, 30639 MiB
2026/10/01 04:39:26.351, 2910 MHz, 13801 MHz, 0x0000000000000000, 360.18 W, 95 %, 30639 MiB
2026/10/01 04:39:26.866, 2910 MHz, 13801 MHz, 0x0000000000000000, 364.13 W, 94 %, 30639 MiB
2026/10/01 04:39:27.377, 2910 MHz, 13801 MHz, 0x0000000000000000, 363.70 W, 94 %, 30639 MiB
2026/10/01 04:39:38.501, 180 MHz, 405 MHz, 0x0000000000000000, 11.60 W, 0 %, 30639 MiB
2026/10/01 04:39:39.013, 2917 MHz, 13801 MHz, 0x0000000000000000, 76.96 W, 94 %, 30639 MiB
2026/10/01 04:39:39.526, 2910 MHz, 13801 MHz, 0x0000000000000000, 236.93 W, 94 %, 30639 MiB
2026/10/01 04:39:40.038, 2910 MHz, 13801 MHz, 0x0000000000000000, 359.57 W, 82 %, 30639 MiB
2026/10/01 04:39:40.540, 2910 MHz, 13801 MHz, 0x0000000000000000, 353.71 W, 95 %, 30639 MiB
2026/10/01 04:39:41.052, 2910 MHz, 13801 MHz, 0x0000000000000000, 355.08 W, 95 %, 30639 MiB
2026/10/01 04:39:41.567, 2910 MHz, 13801 MHz, 0x0000000000000000, 355.77 W, 95 %, 30639 MiB
2026/10/01 04:39:42.082, 2910 MHz, 13801 MHz, 0x0000000000000000, 355.84 W, 95 %, 30639 MiB
2026/10/01 04:39:42.597, 2910 MHz, 13801 MHz, 0x0000000000000000, 366.59 W, 95 %, 30639 MiB
2026/10/01 04:39:43.111, 2910 MHz, 13801 MHz, 0x0000000000000000, 362.05 W, 93 %, 30639 MiB
2026/10/01 04:39:43.612, 2910 MHz, 13801 MHz, 0x0000000000000000, 362.24 W, 95 %, 30639 MiB
2026/10/01 04:39:44.113, 2910 MHz, 13801 MHz, 0x0000000000000000, 362.43 W, 88 %, 30639 MiB
2026/10/01 04:39:44.629, 2910 MHz, 13801 MHz, 0x0000000000000000, 363.15 W, 95 %, 30639 MiB
2026/10/01 04:39:45.143, 2910 MHz, 13801 MHz, 0x0000000000000000, 365.43 W, 95 %, 30639 MiB
2026/10/01 04:39:45.643, 2910 MHz, 13801 MHz, 0x0000000000000000, 356.96 W, 95 %, 30639 MiB
2026/10/01 04:39:46.144, 2910 MHz, 13801 MHz, 0x0000000000000000, 356.55 W, 96 %, 30639 MiB
2026/10/01 04:39:46.659, 2910 MHz, 13801 MHz, 0x0000000000000000, 362.14 W, 74 %, 30639 MiB
2026/10/01 04:39:47.173, 2910 MHz, 13801 MHz, 0x0000000000000000, 358.40 W, 95 %, 30639 MiB
2026/10/01 04:39:47.674, 2910 MHz, 13801 MHz, 0x0000000000000000, 359.16 W, 95 %, 30639 MiB
2026/10/01 04:39:48.189, 2910 MHz, 13801 MHz, 0x0000000000000000, 363.28 W, 94 %, 30639 MiB
2026/10/01 04:39:48.701, 2910 MHz, 13801 MHz, 0x0000000000000000, 362.04 W, 95 %, 30639 MiB
2026/10/01 04:39:49.218, 2910 MHz, 13801 MHz, 0x0000000000000000, 366.73 W, 93 %, 30639 MiB
2026/10/01 04:39:49.732, 2925 MHz, 13801 MHz, 0x0000000000000000, 250.80 W, 0 %, 30639 MiB
2026/10/01 04:39:50.233, 2925 MHz, 13801 MHz, 0x0000000000000000, 136.81 W, 0 %, 30639 MiB
2026/10/01 04:39:50.734, 2925 MHz, 13801 MHz, 0x0000000000000000, 94.28 W, 0 %, 30639 MiB
2026/10/01 04:39:51.249, 2887 MHz, 13801 MHz, 0x0000000000000000, 89.30 W, 0 %, 30639 MiB
2026/10/01 04:39:51.763, 510 MHz, 7001 MHz, 0x0000000000000000, 60.87 W, 0 %, 30639 MiB
2026/10/01 04:39:52.264, 412 MHz, 7001 MHz, 0x0000000000000000, 36.70 W, 0 %, 30639 MiB
2026/10/01 04:39:52.779, 352 MHz, 7001 MHz, 0x0000000000000000, 36.22 W, 0 %, 30639 MiB
2026/10/01 04:39:53.293, 255 MHz, 7001 MHz, 0x0000000000000000, 36.03 W, 0 %, 30639 MiB
2026/10/01 04:39:53.807, 225 MHz, 7001 MHz, 0x0000000000000000, 35.95 W, 0 %, 30639 MiB
2026/10/01 04:39:54.321, 225 MHz, 7001 MHz, 0x0000000000000000, 35.95 W, 0 %, 30644 MiB
2026/10/01 04:39:54.823, 187 MHz, 7001 MHz, 0x0000000000000000, 35.52 W, 0 %, 30644 MiB
2026/10/01 04:39:55.337, 180 MHz, 7001 MHz, 0x0000000000000000, 35.51 W, 0 %, 30639 MiB
2026/10/01 04:39:55.839, 187 MHz, 810 MHz, 0x0000000000000000, 32.75 W, 0 %, 30639 MiB
2026/10/01 04:39:56.354, 180 MHz, 810 MHz, 0x0000000000000000, 22.73 W, 0 %, 30639 MiB
2026/10/01 04:39:56.867, 180 MHz, 810 MHz, 0x0000000000000000, 19.76 W, 0 %, 30639 MiB
2026/10/01 04:39:57.380, 180 MHz, 810 MHz, 0x0000000000000000, 19.76 W, 0 %, 30639 MiB
2026/10/01 04:39:57.893, 180 MHz, 405 MHz, 0x0000000000000000, 12.85 W, 0 %, 30639 MiB
2026/10/01 04:39:58.404, 180 MHz, 405 MHz, 0x0000000000000000, 12.85 W, 0 %, 30639 MiB
2026/10/01 04:39:58.906, 180 MHz, 405 MHz, 0x0000000000000000, 11.92 W, 0 %, 30639 MiB
2026/10/01 04:39:59.413, 180 MHz, 405 MHz, 0x0000000000000000, 12.41 W, 0 %, 30639 MiB
2026/10/01 04:39:59.914, 172 MHz, 405 MHz, 0x0000000000000000, 13.50 W, 0 %, 30639 MiB
2026/10/01 04:40:00.416, 2865 MHz, 13801 MHz, 0x0000000000000000, 139.12 W, 45 %, 30639 MiB
2026/10/01 04:40:00.929, 2857 MHz, 13801 MHz, 0x0000000000000000, 266.55 W, 48 %, 30639 MiB
2026/10/01 04:40:01.440, 2902 MHz, 13801 MHz, 0x0000000000000000, 364.73 W, 95 %, 30639 MiB
2026/10/01 04:40:01.947, 2910 MHz, 13801 MHz, 0x0000000000000000, 400.43 W, 96 %, 30639 MiB
2026/10/01 04:40:02.456, 2910 MHz, 13801 MHz, 0x0000000000000000, 401.77 W, 95 %, 30639 MiB
2026/10/01 04:40:02.966, 2910 MHz, 13801 MHz, 0x0000000000000000, 402.91 W, 97 %, 30639 MiB
2026/10/01 04:40:03.475, 2910 MHz, 13801 MHz, 0x0000000000000000, 403.70 W, 97 %, 30639 MiB
2026/10/01 04:40:03.986, 2910 MHz, 13801 MHz, 0x0000000000000000, 397.19 W, 96 %, 30639 MiB
2026/10/01 04:40:04.498, 2887 MHz, 13801 MHz, 0x0000000000000000, 374.43 W, 56 %, 30639 MiB
2026/10/01 04:40:05.012, 2857 MHz, 13801 MHz, 0x0000000000000000, 368.46 W, 55 %, 30639 MiB
2026/10/01 04:40:05.521, 2887 MHz, 13801 MHz, 0x0000000000000000, 381.82 W, 96 %, 30639 MiB
2026/10/01 04:40:06.029, 2910 MHz, 13801 MHz, 0x0000000000000000, 390.12 W, 96 %, 30639 MiB
2026/10/01 04:40:06.533, 2910 MHz, 13801 MHz, 0x0000000000000000, 399.85 W, 97 %, 30639 MiB
2026/10/01 04:40:07.041, 2910 MHz, 13801 MHz, 0x0000000000000000, 402.78 W, 97 %, 30639 MiB
2026/10/01 04:40:07.549, 2910 MHz, 13801 MHz, 0x0000000000000000, 403.18 W, 96 %, 30639 MiB
2026/10/01 04:40:08.055, 2910 MHz, 13801 MHz, 0x0000000000000000, 403.10 W, 96 %, 30639 MiB
2026/10/01 04:40:08.561, 2880 MHz, 13801 MHz, 0x0000000000000000, 385.36 W, 97 %, 30639 MiB
2026/10/01 04:40:09.073, 2902 MHz, 13801 MHz, 0x0000000000000000, 379.26 W, 71 %, 30639 MiB
2026/10/01 04:40:09.586, 2887 MHz, 13801 MHz, 0x0000000000000000, 383.89 W, 94 %, 30639 MiB
2026/10/01 04:40:10.100, 2887 MHz, 13801 MHz, 0x0000000000000000, 372.96 W, 53 %, 30639 MiB
2026/10/01 04:40:10.610, 2910 MHz, 13801 MHz, 0x0000000000000000, 385.76 W, 97 %, 30639 MiB
2026/10/01 04:40:11.118, 2910 MHz, 13801 MHz, 0x0000000000000000, 397.20 W, 97 %, 30639 MiB
2026/10/01 04:40:11.626, 2910 MHz, 13801 MHz, 0x0000000000000000, 405.50 W, 96 %, 30639 MiB
2026/10/01 04:40:12.135, 2910 MHz, 13801 MHz, 0x0000000000000000, 405.31 W, 97 %, 30639 MiB
2026/10/01 04:40:12.647, 2902 MHz, 13801 MHz, 0x0000000000000000, 398.03 W, 47 %, 30639 MiB
2026/10/01 04:40:13.158, 2865 MHz, 13801 MHz, 0x0000000000000000, 380.32 W, 53 %, 30639 MiB
2026/10/01 04:40:13.667, 2880 MHz, 13801 MHz, 0x0000000000000000, 370.69 W, 76 %, 30639 MiB
2026/10/01 04:40:14.179, 2887 MHz, 13801 MHz, 0x0000000000000000, 383.59 W, 65 %, 30639 MiB
2026/10/01 04:40:14.689, 2887 MHz, 13801 MHz, 0x0000000000000000, 374.99 W, 96 %, 30639 MiB
2026/10/01 04:40:15.196, 2895 MHz, 13801 MHz, 0x0000000000000000, 374.79 W, 41 %, 30639 MiB
2026/10/01 04:40:15.705, 2910 MHz, 13801 MHz, 0x0000000000000000, 369.29 W, 96 %, 30644 MiB
2026/10/01 04:40:16.215, 2910 MHz, 13801 MHz, 0x0000000000000000, 380.32 W, 97 %, 30644 MiB
2026/10/01 04:40:16.725, 2910 MHz, 13801 MHz, 0x0000000000000000, 407.77 W, 96 %, 30639 MiB
2026/10/01 04:40:17.239, 2887 MHz, 13801 MHz, 0x0000000000000000, 383.52 W, 44 %, 30639 MiB
2026/10/01 04:40:17.749, 2910 MHz, 13801 MHz, 0x0000000000000000, 377.20 W, 97 %, 30639 MiB
2026/10/01 04:40:18.259, 2872 MHz, 13801 MHz, 0x0000000000000000, 364.88 W, 86 %, 30639 MiB
2026/10/01 04:40:18.771, 2895 MHz, 13801 MHz, 0x0000000000000000, 355.84 W, 58 %, 30639 MiB
2026/10/01 04:40:19.279, 2887 MHz, 13801 MHz, 0x0000000000000000, 372.45 W, 92 %, 30639 MiB
2026/10/01 04:40:19.788, 2902 MHz, 13801 MHz, 0x0000000000000000, 382.82 W, 46 %, 30639 MiB
2026/10/01 04:40:20.298, 2910 MHz, 13801 MHz, 0x0000000000000000, 395.83 W, 96 %, 30639 MiB
2026/10/01 04:40:20.806, 2910 MHz, 13801 MHz, 0x0000000000000000, 403.94 W, 96 %, 30639 MiB
2026/10/01 04:40:21.318, 2910 MHz, 13801 MHz, 0x0000000000000000, 404.01 W, 58 %, 30639 MiB
2026/10/01 04:40:21.825, 2887 MHz, 13801 MHz, 0x0000000000000000, 385.77 W, 77 %, 30639 MiB
2026/10/01 04:40:22.333, 2910 MHz, 13801 MHz, 0x0000000000000000, 380.84 W, 84 %, 30639 MiB
2026/10/01 04:40:22.845, 2895 MHz, 13801 MHz, 0x0000000000000000, 377.47 W, 55 %, 30639 MiB
2026/10/01 04:40:23.356, 2887 MHz, 13801 MHz, 0x0000000000000000, 375.58 W, 80 %, 30639 MiB
2026/10/01 04:40:23.867, 2895 MHz, 13801 MHz, 0x0000000000000000, 381.11 W, 54 %, 30639 MiB
2026/10/01 04:40:24.374, 2902 MHz, 13801 MHz, 0x0000000000000000, 389.34 W, 96 %, 30639 MiB
2026/10/01 04:40:24.881, 2910 MHz, 13801 MHz, 0x0000000000000000, 393.56 W, 97 %, 30639 MiB
2026/10/01 04:40:25.389, 2887 MHz, 13801 MHz, 0x0000000000000000, 395.15 W, 97 %, 30639 MiB
2026/10/01 04:40:25.900, 2910 MHz, 13801 MHz, 0x0000000000000000, 389.84 W, 49 %, 30639 MiB
2026/10/01 04:40:26.411, 2910 MHz, 13801 MHz, 0x0000000000000000, 395.36 W, 70 %, 30639 MiB
2026/10/01 04:40:26.923, 2910 MHz, 13801 MHz, 0x0000000000000000, 387.82 W, 45 %, 30639 MiB
2026/10/01 04:40:27.432, 2902 MHz, 13801 MHz, 0x0000000000000000, 376.66 W, 97 %, 30639 MiB
2026/10/01 04:40:27.941, 2910 MHz, 13801 MHz, 0x0000000000000000, 381.64 W, 85 %, 30639 MiB
2026/10/01 04:40:28.452, 2895 MHz, 13801 MHz, 0x0000000000000000, 385.77 W, 97 %, 30639 MiB
2026/10/01 04:40:28.962, 2872 MHz, 13801 MHz, 0x0000000000000000, 389.95 W, 97 %, 30639 MiB
2026/10/01 04:40:29.472, 2895 MHz, 13801 MHz, 0x0000000000000000, 395.85 W, 71 %, 30639 MiB
2026/10/01 04:40:29.983, 2887 MHz, 13801 MHz, 0x0000000000000000, 392.58 W, 67 %, 30639 MiB
2026/10/01 04:40:30.497, 2872 MHz, 13801 MHz, 0x0000000000000000, 368.07 W, 38 %, 30639 MiB
2026/10/01 04:40:31.008, 2887 MHz, 13801 MHz, 0x0000000000000000, 360.85 W, 79 %, 30639 MiB
2026/10/01 04:40:31.516, 2910 MHz, 13801 MHz, 0x0000000000000000, 384.32 W, 96 %, 30639 MiB
2026/10/01 04:40:32.024, 2872 MHz, 13801 MHz, 0x0000000000000000, 397.05 W, 96 %, 30639 MiB
2026/10/01 04:40:32.534, 2910 MHz, 13801 MHz, 0x0000000000000000, 401.07 W, 97 %, 30639 MiB
2026/10/01 04:40:33.042, 2880 MHz, 13801 MHz, 0x0000000000000000, 387.66 W, 97 %, 30639 MiB
2026/10/01 04:40:33.553, 2910 MHz, 13801 MHz, 0x0000000000000000, 385.38 W, 70 %, 30639 MiB
2026/10/01 04:40:34.060, 2895 MHz, 13801 MHz, 0x0000000000000000, 393.97 W, 51 %, 30639 MiB
2026/10/01 04:40:34.572, 2910 MHz, 13801 MHz, 0x0000000000000000, 392.65 W, 90 %, 30639 MiB
2026/10/01 04:40:35.083, 2872 MHz, 13801 MHz, 0x0000000000000000, 375.30 W, 41 %, 30639 MiB
2026/10/01 04:40:35.591, 2910 MHz, 13801 MHz, 0x0000000000000000, 377.69 W, 97 %, 30639 MiB
2026/10/01 04:40:36.101, 2910 MHz, 13801 MHz, 0x0000000000000000, 394.61 W, 60 %, 30639 MiB
2026/10/01 04:40:36.609, 2910 MHz, 13801 MHz, 0x0000000000000000, 388.54 W, 96 %, 30639 MiB
2026/10/01 04:40:37.116, 2910 MHz, 13801 MHz, 0x0000000000000000, 394.02 W, 96 %, 30642 MiB
2026/10/01 04:40:37.630, 2872 MHz, 13801 MHz, 0x0000000000000000, 390.29 W, 76 %, 30639 MiB
2026/10/01 04:40:38.136, 2910 MHz, 13801 MHz, 0x0000000000000000, 390.68 W, 97 %, 30639 MiB
2026/10/01 04:40:38.649, 2857 MHz, 13801 MHz, 0x0000000000000000, 390.17 W, 38 %, 30639 MiB
2026/10/01 04:40:39.159, 2910 MHz, 13801 MHz, 0x0000000000000000, 390.44 W, 96 %, 30639 MiB
2026/10/01 04:40:39.668, 2887 MHz, 13801 MHz, 0x0000000000000000, 395.00 W, 53 %, 30639 MiB
2026/10/01 04:40:40.177, 2910 MHz, 13801 MHz, 0x0000000000000000, 382.50 W, 96 %, 30639 MiB
2026/10/01 04:40:40.686, 2910 MHz, 13801 MHz, 0x0000000000000000, 394.84 W, 96 %, 30639 MiB
2026/10/01 04:40:41.197, 2887 MHz, 13801 MHz, 0x0000000000000000, 400.98 W, 65 %, 30639 MiB
2026/10/01 04:40:41.706, 2887 MHz, 13801 MHz, 0x0000000000000000, 390.48 W, 71 %, 30639 MiB
2026/10/01 04:40:42.214, 2910 MHz, 13801 MHz, 0x0000000000000000, 398.50 W, 84 %, 30639 MiB
2026/10/01 04:40:42.722, 2910 MHz, 13801 MHz, 0x0000000000000000, 397.97 W, 97 %, 30639 MiB
2026/10/01 04:40:43.232, 2887 MHz, 13801 MHz, 0x0000000000000000, 383.81 W, 47 %, 30639 MiB
2026/10/01 04:40:43.744, 2910 MHz, 13801 MHz, 0x0000000000000000, 360.72 W, 97 %, 30639 MiB
2026/10/01 04:40:44.250, 2887 MHz, 13801 MHz, 0x0000000000000000, 363.26 W, 96 %, 30639 MiB
2026/10/01 04:40:44.758, 2902 MHz, 13801 MHz, 0x0000000000000000, 368.55 W, 82 %, 30639 MiB
2026/10/01 04:40:45.264, 2887 MHz, 13801 MHz, 0x0000000000000000, 349.49 W, 96 %, 30639 MiB
2026/10/01 04:40:45.772, 2910 MHz, 13801 MHz, 0x0000000000000000, 374.91 W, 97 %, 30639 MiB
2026/10/01 04:40:46.281, 2910 MHz, 13801 MHz, 0x0000000000000000, 412.93 W, 97 %, 30639 MiB
2026/10/01 04:40:46.790, 2887 MHz, 13801 MHz, 0x0000000000000000, 390.73 W, 49 %, 30639 MiB
2026/10/01 04:40:47.299, 2895 MHz, 13801 MHz, 0x0000000000000000, 379.57 W, 44 %, 30639 MiB
2026/10/01 04:40:47.806, 2910 MHz, 13801 MHz, 0x0000000000000000, 391.43 W, 97 %, 30639 MiB
2026/10/01 04:40:48.316, 2887 MHz, 13801 MHz, 0x0000000000000000, 394.90 W, 64 %, 30639 MiB
2026/10/01 04:40:48.825, 2872 MHz, 13801 MHz, 0x0000000000000000, 381.00 W, 97 %, 30639 MiB
2026/10/01 04:40:49.334, 2895 MHz, 13801 MHz, 0x0000000000000000, 382.32 W, 96 %, 30639 MiB
2026/10/01 04:40:49.840, 2887 MHz, 13801 MHz, 0x0000000000000000, 389.71 W, 96 %, 30639 MiB
2026/10/01 04:40:50.348, 2895 MHz, 13801 MHz, 0x0000000000000000, 400.46 W, 97 %, 30639 MiB
2026/10/01 04:40:50.859, 2895 MHz, 13801 MHz, 0x0000000000000000, 413.65 W, 96 %, 30639 MiB
2026/10/01 04:40:51.369, 2895 MHz, 13801 MHz, 0x0000000000000000, 402.93 W, 54 %, 30639 MiB
2026/10/01 04:40:51.877, 2880 MHz, 13801 MHz, 0x0000000000000000, 388.43 W, 68 %, 30639 MiB
2026/10/01 04:40:52.385, 2895 MHz, 13801 MHz, 0x0000000000000000, 393.45 W, 47 %, 30639 MiB
2026/10/01 04:40:52.894, 2880 MHz, 13801 MHz, 0x0000000000000000, 389.24 W, 69 %, 30639 MiB
2026/10/01 04:40:53.404, 2895 MHz, 13801 MHz, 0x0000000000000000, 382.86 W, 97 %, 30639 MiB
2026/10/01 04:40:53.913, 2887 MHz, 13801 MHz, 0x0000000000000000, 390.98 W, 96 %, 30639 MiB
2026/10/01 04:40:54.421, 2880 MHz, 13801 MHz, 0x0000000000000000, 395.85 W, 96 %, 30639 MiB
2026/10/01 04:40:54.932, 2895 MHz, 13801 MHz, 0x0000000000000000, 407.89 W, 96 %, 30639 MiB
2026/10/01 04:40:55.442, 2887 MHz, 13801 MHz, 0x0000000000000000, 404.33 W, 44 %, 30639 MiB
2026/10/01 04:40:55.954, 2872 MHz, 13801 MHz, 0x0000000000000000, 389.69 W, 97 %, 30639 MiB
2026/10/01 04:40:56.461, 2895 MHz, 13801 MHz, 0x0000000000000000, 397.23 W, 96 %, 30639 MiB
2026/10/01 04:40:56.973, 2887 MHz, 13801 MHz, 0x0000000000000000, 384.30 W, 41 %, 30639 MiB
2026/10/01 04:40:57.482, 2880 MHz, 13801 MHz, 0x0000000000000000, 360.48 W, 39 %, 30639 MiB
2026/10/01 04:40:57.989, 2902 MHz, 13801 MHz, 0x0000000000000000, 341.40 W, 30 %, 30644 MiB
2026/10/01 04:40:58.495, 2895 MHz, 13801 MHz, 0x0000000000000000, 349.60 W, 96 %, 30644 MiB
2026/10/01 04:40:59.005, 2895 MHz, 13801 MHz, 0x0000000000000000, 387.49 W, 97 %, 30639 MiB
2026/10/01 04:40:59.516, 2895 MHz, 13801 MHz, 0x0000000000000000, 403.37 W, 96 %, 30639 MiB
2026/10/01 04:41:00.025, 2880 MHz, 13801 MHz, 0x0000000000000000, 390.43 W, 76 %, 30639 MiB
2026/10/01 04:41:00.535, 2895 MHz, 13801 MHz, 0x0000000000000000, 399.60 W, 72 %, 30639 MiB
2026/10/01 04:41:01.043, 2895 MHz, 13801 MHz, 0x0000000000000000, 401.33 W, 97 %, 30639 MiB
2026/10/01 04:41:01.555, 2872 MHz, 13801 MHz, 0x0000000000000000, 392.15 W, 50 %, 30639 MiB
2026/10/01 04:41:02.067, 2872 MHz, 13801 MHz, 0x0000000000000000, 387.61 W, 97 %, 30639 MiB
2026/10/01 04:41:02.577, 2895 MHz, 13801 MHz, 0x0000000000000000, 399.07 W, 96 %, 30639 MiB
2026/10/01 04:41:03.087, 2865 MHz, 13801 MHz, 0x0000000000000000, 391.84 W, 71 %, 30639 MiB
2026/10/01 04:41:03.594, 2895 MHz, 13801 MHz, 0x0000000000000000, 383.93 W, 97 %, 30639 MiB
2026/10/01 04:41:04.102, 2902 MHz, 13801 MHz, 0x0000000000000000, 405.58 W, 97 %, 30639 MiB
2026/10/01 04:41:04.616, 2910 MHz, 13801 MHz, 0x0000000000000000, 360.63 W, 0 %, 30639 MiB
2026/10/01 04:41:05.130, 2925 MHz, 13801 MHz, 0x0000000000000000, 198.13 W, 0 %, 30639 MiB
2026/10/01 04:41:05.630, 2925 MHz, 13801 MHz, 0x0000000000000000, 100.54 W, 0 %, 30639 MiB
2026/10/01 04:41:06.133, 2925 MHz, 13801 MHz, 0x0000000000000000, 99.74 W, 0 %, 30639 MiB
2026/10/01 04:41:06.642, 577 MHz, 13801 MHz, 0x0000000000000000, 79.51 W, 0 %, 30639 MiB
2026/10/01 04:41:07.154, 472 MHz, 810 MHz, 0x0000000000000000, 52.51 W, 0 %, 30639 MiB
2026/10/01 04:41:07.670, 352 MHz, 810 MHz, 0x0000000000000000, 31.76 W, 0 %, 30639 MiB
2026/10/01 04:41:08.182, 315 MHz, 810 MHz, 0x0000000000000000, 26.89 W, 0 %, 30639 MiB
2026/10/01 04:41:08.695, 315 MHz, 810 MHz, 0x0000000000000000, 26.89 W, 0 %, 30639 MiB
2026/10/01 04:41:09.209, 180 MHz, 405 MHz, 0x0000000000000000, 13.96 W, 0 %, 30639 MiB
2026/10/01 04:41:09.724, 180 MHz, 405 MHz, 0x0000000000000000, 13.96 W, 0 %, 30639 MiB
2026/10/01 04:41:10.237, 180 MHz, 405 MHz, 0x0000000000000000, 13.01 W, 0 %, 30639 MiB
2026/10/01 04:41:10.751, 180 MHz, 405 MHz, 0x0000000000000000, 13.01 W, 0 %, 30639 MiB
2026/10/01 04:41:11.265, 180 MHz, 405 MHz, 0x0000000000000000, 12.82 W, 0 %, 30639 MiB
2026/10/01 04:41:11.778, 180 MHz, 405 MHz, 0x0000000000000000, 12.82 W, 0 %, 30639 MiB
2026/10/01 04:41:12.290, 210 MHz, 405 MHz, 0x0000000000000000, 13.73 W, 0 %, 30639 MiB
2026/10/01 04:41:12.805, 180 MHz, 405 MHz, 0x0000000000000000, 14.52 W, 0 %, 30639 MiB
2026/10/01 04:41:13.321, 180 MHz, 405 MHz, 0x0000000000000000, 16.41 W, 0 %, 30639 MiB
2026/10/01 04:41:13.837, 180 MHz, 405 MHz, 0x0000000000000000, 16.41 W, 0 %, 30639 MiB
2026/10/01 04:41:14.351, 180 MHz, 405 MHz, 0x0000000000000000, 12.62 W, 0 %, 30639 MiB
2026/10/01 04:41:14.864, 180 MHz, 405 MHz, 0x0000000000000000, 12.62 W, 0 %, 30639 MiB
2026/10/01 04:41:15.378, 180 MHz, 405 MHz, 0x0000000000000000, 12.87 W, 0 %, 30639 MiB
2026/10/01 04:41:15.892, 180 MHz, 405 MHz, 0x0000000000000000, 12.87 W, 0 %, 30639 MiB
2026/10/01 04:41:16.406, 180 MHz, 405 MHz, 0x0000000000000000, 12.65 W, 0 %, 30639 MiB
2026/10/01 04:41:16.921, 180 MHz, 405 MHz, 0x0000000000000000, 12.65 W, 0 %, 30639 MiB
2026/10/01 04:41:17.435, 180 MHz, 405 MHz, 0x0000000000000000, 12.49 W, 0 %, 30639 MiB
2026/10/01 04:41:17.939, 180 MHz, 405 MHz, 0x0000000000000000, 12.49 W, 0 %, 30639 MiB
2026/10/01 04:41:18.451, 180 MHz, 405 MHz, 0x0000000000000000, 12.66 W, 0 %, 30639 MiB
2026/10/01 04:41:18.963, 195 MHz, 405 MHz, 0x0000000000000000, 13.06 W, 0 %, 30642 MiB
2026/10/01 04:41:19.463, 180 MHz, 405 MHz, 0x0000000000000000, 13.83 W, 0 %, 30642 MiB
2026/10/01 04:41:19.964, 180 MHz, 405 MHz, 0x0000000000000000, 15.75 W, 0 %, 30639 MiB
2026/10/01 04:41:20.479, 187 MHz, 405 MHz, 0x0000000000000000, 24.47 W, 90 %, 30639 MiB
2026/10/01 04:41:20.994, 2910 MHz, 13801 MHz, 0x0000000000000000, 182.29 W, 92 %, 30639 MiB
2026/10/01 04:41:21.509, 2910 MHz, 13801 MHz, 0x0000000000000000, 343.34 W, 93 %, 30639 MiB
2026/10/01 04:41:22.011, 2910 MHz, 13801 MHz, 0x0000000000000000, 356.42 W, 94 %, 30639 MiB
2026/10/01 04:41:22.514, 2910 MHz, 13801 MHz, 0x0000000000000000, 359.74 W, 94 %, 30639 MiB
2026/10/01 04:41:23.017, 2910 MHz, 13801 MHz, 0x0000000000000000, 363.45 W, 94 %, 30639 MiB
2026/10/01 04:41:23.532, 2910 MHz, 13801 MHz, 0x0000000000000000, 353.58 W, 94 %, 30639 MiB
2026/10/01 04:41:24.032, 2910 MHz, 13801 MHz, 0x0000000000000000, 354.73 W, 94 %, 30639 MiB
2026/10/01 04:41:24.547, 2910 MHz, 13801 MHz, 0x0000000000000000, 364.64 W, 80 %, 30639 MiB
2026/10/01 04:41:25.062, 2910 MHz, 13801 MHz, 0x0000000000000000, 360.84 W, 95 %, 30639 MiB
2026/10/01 04:41:25.562, 2910 MHz, 13801 MHz, 0x0000000000000000, 362.36 W, 95 %, 30639 MiB
2026/10/01 04:41:26.064, 2910 MHz, 13801 MHz, 0x0000000000000000, 364.81 W, 95 %, 30639 MiB
2026/10/01 04:41:26.579, 2910 MHz, 13801 MHz, 0x0000000000000000, 364.01 W, 95 %, 30639 MiB
2026/10/01 04:41:27.092, 2910 MHz, 13801 MHz, 0x0000000000000000, 367.87 W, 95 %, 30639 MiB
2026/10/01 04:41:27.605, 2910 MHz, 13801 MHz, 0x0000000000000000, 359.54 W, 95 %, 30639 MiB
2026/10/01 04:41:28.107, 2910 MHz, 13801 MHz, 0x0000000000000000, 358.39 W, 94 %, 30639 MiB
2026/10/01 04:41:28.621, 2910 MHz, 13801 MHz, 0x0000000000000000, 363.82 W, 91 %, 30639 MiB
2026/10/01 04:41:29.134, 2910 MHz, 13801 MHz, 0x0000000000000000, 365.81 W, 95 %, 30639 MiB
2026/10/01 04:41:29.635, 2910 MHz, 13801 MHz, 0x0000000000000000, 368.79 W, 94 %, 30639 MiB
2026/10/01 04:41:30.150, 2910 MHz, 13801 MHz, 0x0000000000000000, 364.95 W, 95 %, 30639 MiB
2026/10/01 04:41:30.654, 2910 MHz, 13801 MHz, 0x0000000000000000, 365.17 W, 95 %, 30639 MiB
2026/10/01 04:41:31.169, 2910 MHz, 13801 MHz, 0x0000000000000000, 356.17 W, 40 %, 30639 MiB
2026/10/01 04:41:41.920, 180 MHz, 405 MHz, 0x0000000000000000, 14.65 W, 0 %, 30639 MiB
2026/10/01 04:41:42.436, 180 MHz, 405 MHz, 0x0000000000000000, 14.66 W, 99 %, 30639 MiB
2026/10/01 04:41:42.950, 2910 MHz, 13801 MHz, 0x0000000000000000, 157.37 W, 94 %, 30639 MiB
2026/10/01 04:41:43.465, 2910 MHz, 13801 MHz, 0x0000000000000000, 354.56 W, 65 %, 30639 MiB
2026/10/01 04:41:43.980, 2910 MHz, 13801 MHz, 0x0000000000000000, 355.65 W, 95 %, 30639 MiB
2026/10/01 04:41:44.494, 2910 MHz, 13801 MHz, 0x0000000000000000, 357.59 W, 95 %, 30639 MiB
2026/10/01 04:41:45.009, 2910 MHz, 13801 MHz, 0x0000000000000000, 355.35 W, 95 %, 30639 MiB
2026/10/01 04:41:45.510, 2910 MHz, 13801 MHz, 0x0000000000000000, 355.35 W, 95 %, 30639 MiB
2026/10/01 04:41:46.023, 2910 MHz, 13801 MHz, 0x0000000000000000, 365.75 W, 95 %, 30639 MiB
2026/10/01 04:41:46.538, 2910 MHz, 13801 MHz, 0x0000000000000000, 362.39 W, 95 %, 30639 MiB
2026/10/01 04:41:47.053, 2910 MHz, 13801 MHz, 0x0000000000000000, 363.69 W, 95 %, 30639 MiB
2026/10/01 04:41:47.568, 2910 MHz, 13801 MHz, 0x0000000000000000, 361.74 W, 95 %, 30639 MiB
2026/10/01 04:41:48.072, 2910 MHz, 13801 MHz, 0x0000000000000000, 361.84 W, 95 %, 30639 MiB
2026/10/01 04:41:48.586, 2910 MHz, 13801 MHz, 0x0000000000000000, 367.92 W, 94 %, 30639 MiB
2026/10/01 04:41:49.101, 2910 MHz, 13801 MHz, 0x0000000000000000, 359.75 W, 95 %, 30639 MiB
2026/10/01 04:41:49.614, 2910 MHz, 13801 MHz, 0x0000000000000000, 359.81 W, 94 %, 30639 MiB
2026/10/01 04:41:50.128, 2910 MHz, 13801 MHz, 0x0000000000000000, 360.34 W, 82 %, 30639 MiB
2026/10/01 04:41:50.643, 2910 MHz, 13801 MHz, 0x0000000000000000, 360.68 W, 95 %, 30639 MiB
2026/10/01 04:41:51.158, 2910 MHz, 13801 MHz, 0x0000000000000000, 364.33 W, 95 %, 30639 MiB
2026/10/01 04:41:51.672, 2910 MHz, 13801 MHz, 0x0000000000000000, 360.23 W, 95 %, 30639 MiB
2026/10/01 04:41:52.175, 2910 MHz, 13801 MHz, 0x0000000000000000, 359.94 W, 95 %, 30639 MiB
2026/10/01 04:41:52.686, 2910 MHz, 13801 MHz, 0x0000000000000000, 362.37 W, 66 %, 30639 MiB
2026/10/01 04:41:53.187, 2925 MHz, 13801 MHz, 0x0000000000000000, 225.60 W, 0 %, 30639 MiB
2026/10/01 04:41:53.701, 2925 MHz, 13801 MHz, 0x0000000000000000, 113.81 W, 0 %, 30639 MiB
2026/10/01 04:41:54.201, 2925 MHz, 13801 MHz, 0x0000000000000000, 94.45 W, 0 %, 30639 MiB
2026/10/01 04:41:54.716, 1950 MHz, 13801 MHz, 0x0000000000000000, 84.29 W, 0 %, 30639 MiB
2026/10/01 04:41:55.229, 487 MHz, 7001 MHz, 0x0000000000000000, 59.79 W, 0 %, 30639 MiB
2026/10/01 04:41:55.740, 390 MHz, 7001 MHz, 0x0000000000000000, 37.78 W, 0 %, 30639 MiB
2026/10/01 04:41:56.253, 307 MHz, 7001 MHz, 0x0000000000000000, 36.22 W, 0 %, 30639 MiB
2026/10/01 04:41:56.767, 240 MHz, 7001 MHz, 0x0000000000000000, 36.16 W, 0 %, 30639 MiB
2026/10/01 04:41:57.279, 240 MHz, 7001 MHz, 0x0000000000000000, 36.14 W, 0 %, 30639 MiB
2026/10/01 04:41:57.791, 240 MHz, 7001 MHz, 0x0000000000000000, 36.14 W, 0 %, 30639 MiB
2026/10/01 04:41:58.292, 180 MHz, 7001 MHz, 0x0000000000000000, 35.69 W, 0 %, 30639 MiB
2026/10/01 04:41:58.807, 180 MHz, 7001 MHz, 0x0000000000000000, 35.69 W, 0 %, 30639 MiB
2026/10/01 04:41:59.320, 180 MHz, 810 MHz, 0x0000000000000000, 25.74 W, 0 %, 30639 MiB
2026/10/01 04:41:59.834, 180 MHz, 810 MHz, 0x0000000000000000, 25.74 W, 0 %, 30639 MiB
2026/10/01 04:42:00.342, 180 MHz, 405 MHz, 0x0000000000000000, 13.34 W, 0 %, 30639 MiB
2026/10/01 04:42:00.844, 180 MHz, 405 MHz, 0x0000000000000000, 13.34 W, 0 %, 30639 MiB
2026/10/01 04:42:01.347, 180 MHz, 405 MHz, 0x0000000000000000, 12.26 W, 0 %, 30644 MiB
2026/10/01 04:42:01.861, 180 MHz, 405 MHz, 0x0000000000000000, 12.94 W, 0 %, 30639 MiB
2026/10/01 04:42:02.373, 180 MHz, 405 MHz, 0x0000000000000000, 14.85 W, 0 %, 30639 MiB
2026/10/01 04:42:02.887, 180 MHz, 405 MHz, 0x0000000000000000, 14.84 W, 0 %, 30639 MiB
2026/10/01 04:42:03.388, 180 MHz, 405 MHz, 0x0000000000000000, 14.74 W, 0 %, 30639 MiB
2026/10/01 04:42:03.903, 180 MHz, 405 MHz, 0x0000000000000000, 14.74 W, 0 %, 30639 MiB
2026/10/01 04:42:04.405, 285 MHz, 405 MHz, 0x0000000000000000, 22.50 W, 100 %, 30639 MiB
2026/10/01 04:42:04.919, 2850 MHz, 13801 MHz, 0x0000000000000000, 104.74 W, 48 %, 30639 MiB
2026/10/01 04:42:05.432, 2857 MHz, 13801 MHz, 0x0000000000000000, 331.86 W, 50 %, 30639 MiB
2026/10/01 04:42:05.945, 2857 MHz, 13801 MHz, 0x0000000000000000, 368.44 W, 49 %, 30639 MiB
2026/10/01 04:42:06.458, 2857 MHz, 13801 MHz, 0x0000000000000000, 374.04 W, 52 %, 30641 MiB
2026/10/01 04:42:06.966, 2910 MHz, 13801 MHz, 0x0000000000000000, 413.87 W, 97 %, 30641 MiB
2026/10/01 04:42:07.474, 2910 MHz, 13801 MHz, 0x0000000000000000, 448.63 W, 97 %, 30641 MiB
2026/10/01 04:42:07.982, 2910 MHz, 13801 MHz, 0x0000000000000000, 449.85 W, 97 %, 30641 MiB
2026/10/01 04:42:08.492, 2910 MHz, 13801 MHz, 0x0000000000000000, 451.17 W, 97 %, 30641 MiB
2026/10/01 04:42:09.003, 2910 MHz, 13801 MHz, 0x0000000000000000, 452.58 W, 97 %, 30641 MiB
2026/10/01 04:42:09.511, 2910 MHz, 13801 MHz, 0x0000000000000000, 453.47 W, 97 %, 30641 MiB
2026/10/01 04:42:10.019, 2910 MHz, 13801 MHz, 0x0000000000000000, 453.58 W, 97 %, 30641 MiB
2026/10/01 04:42:10.526, 2910 MHz, 13801 MHz, 0x0000000000000000, 442.80 W, 96 %, 30641 MiB
2026/10/01 04:42:11.034, 2887 MHz, 13801 MHz, 0x0000000000000000, 392.32 W, 52 %, 30641 MiB
2026/10/01 04:42:11.548, 2857 MHz, 13801 MHz, 0x0000000000000000, 363.14 W, 52 %, 30641 MiB
2026/10/01 04:42:12.059, 2857 MHz, 13801 MHz, 0x0000000000000000, 364.89 W, 48 %, 30641 MiB
2026/10/01 04:42:12.573, 2857 MHz, 13801 MHz, 0x0000000000000000, 362.32 W, 51 %, 30641 MiB
2026/10/01 04:42:13.083, 2865 MHz, 13801 MHz, 0x0000000000000000, 359.85 W, 60 %, 30641 MiB
2026/10/01 04:42:13.593, 2910 MHz, 13801 MHz, 0x0000000000000000, 398.30 W, 97 %, 30641 MiB
2026/10/01 04:42:14.099, 2910 MHz, 13801 MHz, 0x0000000000000000, 439.03 W, 97 %, 30641 MiB
2026/10/01 04:42:14.608, 2910 MHz, 13801 MHz, 0x0000000000000000, 452.40 W, 97 %, 30641 MiB
2026/10/01 04:42:15.116, 2910 MHz, 13801 MHz, 0x0000000000000000, 454.22 W, 98 %, 30641 MiB
2026/10/01 04:42:15.624, 2910 MHz, 13801 MHz, 0x0000000000000000, 455.95 W, 97 %, 30641 MiB
2026/10/01 04:42:16.135, 2910 MHz, 13801 MHz, 0x0000000000000000, 456.68 W, 98 %, 30641 MiB
2026/10/01 04:42:16.649, 2910 MHz, 13801 MHz, 0x0000000000000000, 457.17 W, 98 %, 30641 MiB
2026/10/01 04:42:17.159, 2895 MHz, 13801 MHz, 0x0000000000000000, 428.48 W, 43 %, 30641 MiB
2026/10/01 04:42:17.672, 2880 MHz, 13801 MHz, 0x0000000000000000, 352.57 W, 72 %, 30641 MiB
2026/10/01 04:42:18.183, 2887 MHz, 13801 MHz, 0x0000000000000000, 336.14 W, 44 %, 30641 MiB
2026/10/01 04:42:18.694, 2865 MHz, 13801 MHz, 0x0000000000000000, 358.06 W, 53 %, 30641 MiB
2026/10/01 04:42:19.206, 2887 MHz, 13801 MHz, 0x0000000000000000, 349.41 W, 51 %, 30641 MiB
2026/10/01 04:42:19.716, 2880 MHz, 13801 MHz, 0x0000000000000000, 345.50 W, 63 %, 30641 MiB
2026/10/01 04:42:20.225, 2910 MHz, 13801 MHz, 0x0000000000000000, 383.14 W, 98 %, 30641 MiB
2026/10/01 04:42:20.735, 2910 MHz, 13801 MHz, 0x0000000000000000, 435.39 W, 97 %, 30641 MiB
2026/10/01 04:42:21.245, 2910 MHz, 13801 MHz, 0x0000000000000000, 453.98 W, 98 %, 30641 MiB
2026/10/01 04:42:21.753, 2910 MHz, 13801 MHz, 0x0000000000000000, 454.66 W, 97 %, 30641 MiB
2026/10/01 04:42:22.264, 2910 MHz, 13801 MHz, 0x0000000000000000, 455.66 W, 97 %, 30646 MiB
2026/10/01 04:42:22.776, 2910 MHz, 13801 MHz, 0x0000000000000000, 456.66 W, 98 %, 30646 MiB
2026/10/01 04:42:23.290, 2887 MHz, 13801 MHz, 0x0000000000000000, 435.26 W, 80 %, 30641 MiB
2026/10/01 04:42:23.797, 2895 MHz, 13801 MHz, 0x0000000000000000, 413.90 W, 71 %, 30641 MiB
2026/10/01 04:42:24.308, 2887 MHz, 13801 MHz, 0x0000000000000000, 398.06 W, 96 %, 30641 MiB
2026/10/01 04:42:24.820, 2887 MHz, 13801 MHz, 0x0000000000000000, 381.48 W, 56 %, 30641 MiB
2026/10/01 04:42:25.332, 2872 MHz, 13801 MHz, 0x0000000000000000, 346.35 W, 45 %, 30641 MiB
2026/10/01 04:42:25.847, 2887 MHz, 13801 MHz, 0x0000000000000000, 315.75 W, 36 %, 30641 MiB
2026/10/01 04:42:26.358, 2865 MHz, 13801 MHz, 0x0000000000000000, 307.16 W, 50 %, 30641 MiB
2026/10/01 04:42:26.869, 2910 MHz, 13801 MHz, 0x0000000000000000, 361.58 W, 97 %, 30641 MiB
2026/10/01 04:42:27.380, 2910 MHz, 13801 MHz, 0x0000000000000000, 437.90 W, 97 %, 30641 MiB
2026/10/01 04:42:27.884, 2910 MHz, 13801 MHz, 0x0000000000000000, 456.96 W, 97 %, 30641 MiB
2026/10/01 04:42:28.391, 2910 MHz, 13801 MHz, 0x0000000000000000, 458.39 W, 98 %, 30641 MiB
2026/10/01 04:42:28.902, 2910 MHz, 13801 MHz, 0x0000000000000004, 459.86 W, 98 %, 30641 MiB
2026/10/01 04:42:29.415, 2910 MHz, 13801 MHz, 0x0000000000000000, 455.79 W, 69 %, 30641 MiB
2026/10/01 04:42:29.923, 2887 MHz, 13801 MHz, 0x0000000000000000, 426.33 W, 53 %, 30641 MiB
2026/10/01 04:42:30.432, 2910 MHz, 13801 MHz, 0x0000000000000000, 409.59 W, 67 %, 30641 MiB
2026/10/01 04:42:30.942, 2887 MHz, 13801 MHz, 0x0000000000000000, 387.57 W, 58 %, 30641 MiB
2026/10/01 04:42:31.457, 2872 MHz, 13801 MHz, 0x0000000000000000, 349.02 W, 75 %, 30641 MiB
2026/10/01 04:42:31.970, 2857 MHz, 13801 MHz, 0x0000000000000000, 362.50 W, 54 %, 30641 MiB
2026/10/01 04:42:32.481, 2880 MHz, 13801 MHz, 0x0000000000000000, 373.49 W, 97 %, 30641 MiB
2026/10/01 04:42:32.993, 2902 MHz, 13801 MHz, 0x0000000000000000, 404.64 W, 97 %, 30641 MiB
2026/10/01 04:42:33.502, 2895 MHz, 13801 MHz, 0x0000000000000000, 440.80 W, 97 %, 30641 MiB
2026/10/01 04:42:34.012, 2895 MHz, 13801 MHz, 0x0000000000000000, 457.94 W, 98 %, 30641 MiB
2026/10/01 04:42:34.521, 2895 MHz, 13801 MHz, 0x0000000000000000, 459.62 W, 98 %, 30641 MiB
2026/10/01 04:42:35.031, 2895 MHz, 13801 MHz, 0x0000000000000000, 447.47 W, 47 %, 30641 MiB
2026/10/01 04:42:35.538, 2895 MHz, 13801 MHz, 0x0000000000000000, 443.38 W, 98 %, 30641 MiB
2026/10/01 04:42:36.043, 2872 MHz, 13801 MHz, 0x0000000000000000, 434.14 W, 89 %, 30641 MiB
2026/10/01 04:42:36.554, 2865 MHz, 13801 MHz, 0x0000000000000000, 405.93 W, 36 %, 30641 MiB
2026/10/01 04:42:37.063, 2857 MHz, 13801 MHz, 0x0000000000000000, 369.78 W, 48 %, 30641 MiB
2026/10/01 04:42:37.575, 2857 MHz, 13801 MHz, 0x0000000000000000, 338.58 W, 44 %, 30641 MiB
2026/10/01 04:42:38.087, 2872 MHz, 13801 MHz, 0x0000000000000000, 353.81 W, 76 %, 30641 MiB
2026/10/01 04:42:38.598, 2880 MHz, 13801 MHz, 0x0000000000000000, 368.35 W, 71 %, 30641 MiB
2026/10/01 04:42:39.109, 2910 MHz, 13801 MHz, 0x0000000000000000, 402.89 W, 71 %, 30641 MiB
2026/10/01 04:42:39.617, 2902 MHz, 13801 MHz, 0x0000000000000000, 413.74 W, 97 %, 30641 MiB
2026/10/01 04:42:40.124, 2895 MHz, 13801 MHz, 0x0000000000000000, 428.51 W, 97 %, 30641 MiB
2026/10/01 04:42:40.632, 2895 MHz, 13801 MHz, 0x0000000000000000, 460.50 W, 98 %, 30641 MiB
2026/10/01 04:42:41.141, 2895 MHz, 13801 MHz, 0x0000000000000000, 461.74 W, 98 %, 30641 MiB
2026/10/01 04:42:41.652, 2895 MHz, 13801 MHz, 0x0000000000000000, 461.49 W, 98 %, 30641 MiB
2026/10/01 04:42:42.164, 2895 MHz, 13801 MHz, 0x0000000000000000, 442.80 W, 84 %, 30641 MiB
2026/10/01 04:42:42.676, 2880 MHz, 13801 MHz, 0x0000000000000000, 396.42 W, 55 %, 30641 MiB
2026/10/01 04:42:43.183, 2887 MHz, 13801 MHz, 0x0000000000000000, 356.19 W, 97 %, 30641 MiB
2026/10/01 04:42:43.696, 2887 MHz, 13801 MHz, 0x0000000000000000, 346.73 W, 35 %, 30644 MiB
2026/10/01 04:42:44.204, 2857 MHz, 13801 MHz, 0x0000000000000000, 341.60 W, 44 %, 30644 MiB
2026/10/01 04:42:44.705, 2887 MHz, 13801 MHz, 0x0000000000000000, 341.46 W, 41 %, 30641 MiB
2026/10/01 04:42:45.213, 2880 MHz, 13801 MHz, 0x0000000000000000, 339.67 W, 97 %, 30641 MiB
2026/10/01 04:42:45.727, 2880 MHz, 13801 MHz, 0x0000000000000000, 376.38 W, 59 %, 30641 MiB
2026/10/01 04:42:46.237, 2865 MHz, 13801 MHz, 0x0000000000000000, 410.07 W, 97 %, 30641 MiB
2026/10/01 04:42:46.744, 2895 MHz, 13801 MHz, 0x0000000000000000, 425.90 W, 98 %, 30641 MiB
2026/10/01 04:42:47.252, 2895 MHz, 13801 MHz, 0x0000000000000000, 461.72 W, 98 %, 30641 MiB
2026/10/01 04:42:47.758, 2895 MHz, 13801 MHz, 0x0000000000000000, 462.22 W, 98 %, 30641 MiB
2026/10/01 04:42:48.272, 2895 MHz, 13801 MHz, 0x0000000000000000, 462.57 W, 97 %, 30641 MiB
2026/10/01 04:42:48.784, 2872 MHz, 13801 MHz, 0x0000000000000000, 433.49 W, 71 %, 30641 MiB
2026/10/01 04:42:49.297, 2895 MHz, 13801 MHz, 0x0000000000000000, 427.82 W, 97 %, 30641 MiB
2026/10/01 04:42:49.809, 2850 MHz, 13801 MHz, 0x0000000000000000, 411.32 W, 33 %, 30641 MiB
2026/10/01 04:42:50.323, 2872 MHz, 13801 MHz, 0x0000000000000000, 387.89 W, 98 %, 30641 MiB
2026/10/01 04:42:50.836, 2872 MHz, 13801 MHz, 0x0000000000000000, 385.16 W, 83 %, 30641 MiB
2026/10/01 04:42:51.348, 2850 MHz, 13801 MHz, 0x0000000000000000, 374.31 W, 58 %, 30641 MiB
2026/10/01 04:42:51.857, 2887 MHz, 13801 MHz, 0x0000000000000000, 368.62 W, 56 %, 30641 MiB
2026/10/01 04:42:52.366, 2880 MHz, 13801 MHz, 0x0000000000000000, 398.88 W, 74 %, 30641 MiB
2026/10/01 04:42:52.876, 2880 MHz, 13801 MHz, 0x0000000000000000, 428.78 W, 71 %, 30641 MiB
2026/10/01 04:42:53.385, 2887 MHz, 13801 MHz, 0x0000000000000000, 425.75 W, 98 %, 30641 MiB
2026/10/01 04:42:53.893, 2895 MHz, 13801 MHz, 0x0000000000000000, 446.75 W, 97 %, 30641 MiB
2026/10/01 04:42:54.402, 2895 MHz, 13801 MHz, 0x0000000000000000, 463.92 W, 98 %, 30641 MiB
2026/10/01 04:42:54.910, 2895 MHz, 13801 MHz, 0x0000000000000000, 463.98 W, 97 %, 30641 MiB
2026/10/01 04:42:55.421, 2880 MHz, 13801 MHz, 0x0000000000000000, 439.74 W, 62 %, 30641 MiB
2026/10/01 04:42:55.929, 2895 MHz, 13801 MHz, 0x0000000000000000, 430.92 W, 67 %, 30641 MiB
2026/10/01 04:42:56.440, 2880 MHz, 13801 MHz, 0x0000000000000000, 416.78 W, 98 %, 30641 MiB
2026/10/01 04:42:56.953, 2857 MHz, 13801 MHz, 0x0000000000000000, 381.25 W, 51 %, 30641 MiB
2026/10/01 04:42:57.461, 2880 MHz, 13801 MHz, 0x0000000000000000, 364.13 W, 68 %, 30641 MiB
2026/10/01 04:42:57.972, 2880 MHz, 13801 MHz, 0x0000000000000000, 367.67 W, 53 %, 30641 MiB
2026/10/01 04:42:58.484, 2895 MHz, 13801 MHz, 0x0000000000000000, 371.81 W, 97 %, 30641 MiB
2026/10/01 04:42:58.992, 2895 MHz, 13801 MHz, 0x0000000000000000, 410.33 W, 97 %, 30641 MiB
2026/10/01 04:42:59.500, 2872 MHz, 13801 MHz, 0x0000000000000000, 409.43 W, 98 %, 30641 MiB
2026/10/01 04:43:00.006, 2902 MHz, 13801 MHz, 0x0000000000000000, 428.08 W, 97 %, 30641 MiB
2026/10/01 04:43:00.512, 2895 MHz, 13801 MHz, 0x0000000000000000, 463.48 W, 97 %, 30641 MiB
2026/10/01 04:43:01.020, 2880 MHz, 13801 MHz, 0x0000000000000000, 440.14 W, 54 %, 30641 MiB
2026/10/01 04:43:01.527, 2895 MHz, 13801 MHz, 0x0000000000000000, 443.07 W, 97 %, 30641 MiB
2026/10/01 04:43:02.035, 2895 MHz, 13801 MHz, 0x0000000000000000, 455.70 W, 50 %, 30641 MiB
2026/10/01 04:43:02.542, 2872 MHz, 13801 MHz, 0x0000000000000000, 427.74 W, 98 %, 30641 MiB
2026/10/01 04:43:03.052, 2880 MHz, 13801 MHz, 0x0000000000000000, 394.17 W, 47 %, 30641 MiB
2026/10/01 04:43:03.562, 2850 MHz, 13801 MHz, 0x0000000000000000, 389.79 W, 66 %, 30641 MiB
2026/10/01 04:43:04.072, 2872 MHz, 13801 MHz, 0x0000000000000000, 350.90 W, 81 %, 30641 MiB
2026/10/01 04:43:04.581, 2865 MHz, 13801 MHz, 0x0000000000000000, 333.37 W, 29 %, 30644 MiB
2026/10/01 04:43:05.089, 2865 MHz, 13801 MHz, 0x0000000000000000, 354.30 W, 46 %, 30644 MiB
2026/10/01 04:43:05.601, 2880 MHz, 13801 MHz, 0x0000000000000000, 391.08 W, 69 %, 30641 MiB
2026/10/01 04:43:06.113, 2880 MHz, 13801 MHz, 0x0000000000000000, 414.51 W, 84 %, 30641 MiB
2026/10/01 04:43:06.623, 2895 MHz, 13801 MHz, 0x0000000000000000, 416.65 W, 98 %, 30641 MiB
2026/10/01 04:43:07.132, 2895 MHz, 13801 MHz, 0x0000000000000000, 437.64 W, 52 %, 30641 MiB
2026/10/01 04:43:07.642, 2895 MHz, 13801 MHz, 0x0000000000000000, 451.78 W, 97 %, 30641 MiB
2026/10/01 04:43:08.153, 2895 MHz, 13801 MHz, 0x0000000000000000, 434.27 W, 97 %, 30641 MiB
2026/10/01 04:43:08.662, 2895 MHz, 13801 MHz, 0x0000000000000000, 443.96 W, 98 %, 30641 MiB
2026/10/01 04:43:09.171, 2895 MHz, 13801 MHz, 0x0000000000000000, 444.79 W, 87 %, 30641 MiB
2026/10/01 04:43:09.685, 2872 MHz, 13801 MHz, 0x0000000000000000, 401.46 W, 51 %, 30641 MiB
2026/10/01 04:43:10.199, 2872 MHz, 13801 MHz, 0x0000000000000000, 393.17 W, 90 %, 30641 MiB
2026/10/01 04:43:10.712, 2880 MHz, 13801 MHz, 0x0000000000000000, 394.47 W, 52 %, 30641 MiB
2026/10/01 04:43:11.214, 2910 MHz, 13801 MHz, 0x0000000000000000, 336.56 W, 0 %, 30641 MiB
2026/10/01 04:43:11.727, 2925 MHz, 13801 MHz, 0x0000000000000000, 202.93 W, 0 %, 30641 MiB
2026/10/01 04:43:12.228, 2925 MHz, 13801 MHz, 0x0000000000000000, 100.70 W, 0 %, 30641 MiB
2026/10/01 04:43:12.743, 2925 MHz, 13801 MHz, 0x0000000000000000, 99.94 W, 0 %, 30641 MiB
2026/10/01 04:43:13.257, 1012 MHz, 13801 MHz, 0x0000000000000000, 85.96 W, 0 %, 30641 MiB
2026/10/01 04:43:13.772, 480 MHz, 810 MHz, 0x0000000000000000, 59.15 W, 0 %, 30641 MiB
2026/10/01 04:43:14.283, 367 MHz, 810 MHz, 0x0000000000000000, 34.12 W, 0 %, 30641 MiB
2026/10/01 04:43:14.784, 315 MHz, 810 MHz, 0x0000000000000000, 26.55 W, 0 %, 30641 MiB
2026/10/01 04:43:15.297, 315 MHz, 810 MHz, 0x0000000000000000, 26.55 W, 0 %, 30641 MiB
2026/10/01 04:43:15.799, 180 MHz, 405 MHz, 0x0000000000000000, 14.46 W, 0 %, 30641 MiB
2026/10/01 04:43:16.312, 180 MHz, 405 MHz, 0x0000000000000000, 14.46 W, 0 %, 30641 MiB
2026/10/01 04:43:16.814, 180 MHz, 405 MHz, 0x0000000000000000, 13.31 W, 0 %, 30641 MiB
2026/10/01 04:43:17.327, 180 MHz, 405 MHz, 0x0000000000000000, 13.31 W, 0 %, 30641 MiB
2026/10/01 04:43:17.841, 180 MHz, 405 MHz, 0x0000000000000000, 13.28 W, 0 %, 30641 MiB
2026/10/01 04:43:18.353, 180 MHz, 405 MHz, 0x0000000000000000, 13.28 W, 0 %, 30641 MiB
2026/10/01 04:43:18.854, 180 MHz, 405 MHz, 0x0000000000000000, 13.12 W, 0 %, 30641 MiB
2026/10/01 04:43:19.355, 180 MHz, 405 MHz, 0x0000000000000000, 13.12 W, 0 %, 30641 MiB
2026/10/01 04:43:19.868, 180 MHz, 405 MHz, 0x0000000000000000, 13.03 W, 0 %, 30641 MiB
2026/10/01 04:43:20.383, 180 MHz, 405 MHz, 0x0000000000000000, 13.03 W, 0 %, 30641 MiB
2026/10/01 04:43:20.898, 180 MHz, 405 MHz, 0x0000000000000000, 12.98 W, 0 %, 30641 MiB
2026/10/01 04:43:21.413, 180 MHz, 405 MHz, 0x0000000000000000, 12.98 W, 0 %, 30641 MiB
2026/10/01 04:43:21.927, 180 MHz, 405 MHz, 0x0000000000000000, 13.04 W, 0 %, 30641 MiB
2026/10/01 04:43:22.442, 180 MHz, 405 MHz, 0x0000000000000000, 13.04 W, 0 %, 30641 MiB
2026/10/01 04:43:22.955, 180 MHz, 405 MHz, 0x0000000000000000, 14.04 W, 0 %, 30641 MiB
2026/10/01 04:43:23.471, 180 MHz, 405 MHz, 0x0000000000000000, 14.70 W, 0 %, 30641 MiB
2026/10/01 04:43:23.986, 180 MHz, 405 MHz, 0x0000000000000000, 12.91 W, 0 %, 30641 MiB
2026/10/01 04:43:24.501, 180 MHz, 405 MHz, 0x0000000000000000, 12.91 W, 0 %, 30641 MiB
2026/10/01 04:43:25.003, 180 MHz, 405 MHz, 0x0000000000000000, 12.77 W, 0 %, 30641 MiB
2026/10/01 04:43:25.515, 180 MHz, 405 MHz, 0x0000000000000000, 12.77 W, 0 %, 30641 MiB
2026/10/01 04:43:26.029, 180 MHz, 405 MHz, 0x0000000000000000, 14.06 W, 0 %, 30646 MiB
2026/10/01 04:43:26.545, 180 MHz, 405 MHz, 0x0000000000000000, 14.49 W, 0 %, 30641 MiB
2026/10/01 04:43:27.045, 390 MHz, 405 MHz, 0x0000000000000000, 27.89 W, 100 %, 30641 MiB
2026/10/01 04:43:27.558, 2910 MHz, 13801 MHz, 0x0000000000000000, 158.57 W, 92 %, 30641 MiB
2026/10/01 04:43:28.072, 2910 MHz, 13801 MHz, 0x0000000000000000, 313.41 W, 93 %, 30641 MiB
2026/10/01 04:43:28.586, 2910 MHz, 13801 MHz, 0x0000000000000000, 358.34 W, 77 %, 30641 MiB
2026/10/01 04:43:29.096, 2910 MHz, 13801 MHz, 0x0000000000000000, 362.78 W, 94 %, 30641 MiB
2026/10/01 04:43:29.609, 2910 MHz, 13801 MHz, 0x0000000000000000, 365.81 W, 95 %, 30641 MiB
2026/10/01 04:43:30.124, 2910 MHz, 13801 MHz, 0x0000000000000000, 354.74 W, 95 %, 30641 MiB
2026/10/01 04:43:30.627, 2910 MHz, 13801 MHz, 0x0000000000000000, 356.24 W, 95 %, 30641 MiB
2026/10/01 04:43:31.142, 2910 MHz, 13801 MHz, 0x0000000000000000, 370.03 W, 95 %, 30641 MiB
2026/10/01 04:43:31.656, 2910 MHz, 13801 MHz, 0x0000000000000000, 364.50 W, 95 %, 30641 MiB
2026/10/01 04:43:32.171, 2910 MHz, 13801 MHz, 0x0000000000000000, 364.68 W, 95 %, 30641 MiB
2026/10/01 04:43:32.685, 2910 MHz, 13801 MHz, 0x0000000000000000, 363.86 W, 95 %, 30641 MiB
2026/10/01 04:43:33.192, 2910 MHz, 13801 MHz, 0x0000000000000000, 363.07 W, 95 %, 30641 MiB
2026/10/01 04:43:33.704, 2910 MHz, 13801 MHz, 0x0000000000000000, 370.28 W, 96 %, 30641 MiB
2026/10/01 04:43:34.219, 2910 MHz, 13801 MHz, 0x0000000000000000, 362.91 W, 95 %, 30641 MiB
2026/10/01 04:43:34.720, 2910 MHz, 13801 MHz, 0x0000000000000000, 363.57 W, 95 %, 30641 MiB
2026/10/01 04:43:35.231, 2910 MHz, 13801 MHz, 0x0000000000000000, 366.15 W, 94 %, 30641 MiB
2026/10/01 04:43:35.747, 2910 MHz, 13801 MHz, 0x0000000000000000, 365.98 W, 95 %, 30641 MiB
2026/10/01 04:43:36.252, 2910 MHz, 13801 MHz, 0x0000000000000000, 370.94 W, 95 %, 30641 MiB
2026/10/01 04:43:36.767, 2910 MHz, 13801 MHz, 0x0000000000000000, 366.74 W, 95 %, 30641 MiB
2026/10/01 04:43:37.280, 2910 MHz, 13801 MHz, 0x0000000000000000, 366.76 W, 95 %, 30641 MiB
2026/10/01 04:43:48.413, 180 MHz, 405 MHz, 0x0000000000000000, 14.74 W, 0 %, 30641 MiB
2026/10/01 04:43:48.927, 172 MHz, 405 MHz, 0x0000000000000000, 18.57 W, 47 %, 30641 MiB
2026/10/01 04:43:49.442, 2917 MHz, 13801 MHz, 0x0000000000000000, 130.74 W, 94 %, 30641 MiB
2026/10/01 04:43:49.954, 2910 MHz, 13801 MHz, 0x0000000000000000, 289.20 W, 95 %, 30641 MiB
2026/10/01 04:43:50.468, 2910 MHz, 13801 MHz, 0x0000000000000000, 358.29 W, 70 %, 30641 MiB
2026/10/01 04:43:50.983, 2910 MHz, 13801 MHz, 0x0000000000000000, 350.09 W, 95 %, 30641 MiB
2026/10/01 04:43:51.498, 2910 MHz, 13801 MHz, 0x0000000000000000, 362.61 W, 95 %, 30641 MiB
2026/10/01 04:43:52.000, 2910 MHz, 13801 MHz, 0x0000000000000000, 362.66 W, 95 %, 30641 MiB
2026/10/01 04:43:52.503, 2910 MHz, 13801 MHz, 0x0000000000000000, 367.20 W, 95 %, 30641 MiB
2026/10/01 04:43:53.006, 2910 MHz, 13801 MHz, 0x0000000000000000, 357.00 W, 95 %, 30641 MiB
2026/10/01 04:43:53.511, 2910 MHz, 13801 MHz, 0x0000000000000000, 356.29 W, 95 %, 30641 MiB
2026/10/01 04:43:54.024, 2910 MHz, 13801 MHz, 0x0000000000000000, 362.43 W, 91 %, 30641 MiB
2026/10/01 04:43:54.526, 2910 MHz, 13801 MHz, 0x0000000000000000, 363.00 W, 95 %, 30641 MiB
2026/10/01 04:43:55.028, 2910 MHz, 13801 MHz, 0x0000000000000000, 366.36 W, 96 %, 30641 MiB
2026/10/01 04:43:55.539, 2910 MHz, 13801 MHz, 0x0000000000000000, 357.36 W, 95 %, 30641 MiB
2026/10/01 04:43:56.041, 2910 MHz, 13801 MHz, 0x0000000000000000, 358.30 W, 95 %, 30641 MiB
2026/10/01 04:43:56.555, 2910 MHz, 13801 MHz, 0x0000000000000000, 360.55 W, 64 %, 30641 MiB
2026/10/01 04:43:57.068, 2910 MHz, 13801 MHz, 0x0000000000000000, 358.58 W, 95 %, 30641 MiB
2026/10/01 04:43:57.569, 2910 MHz, 13801 MHz, 0x0000000000000000, 359.63 W, 95 %, 30641 MiB
2026/10/01 04:43:58.072, 2910 MHz, 13801 MHz, 0x0000000000000000, 360.82 W, 95 %, 30641 MiB
2026/10/01 04:43:58.575, 2910 MHz, 13801 MHz, 0x0000000000000000, 361.63 W, 95 %, 30641 MiB
2026/10/01 04:43:59.076, 2910 MHz, 13801 MHz, 0x0000000000000000, 368.96 W, 95 %, 30641 MiB
2026/10/01 04:43:59.591, 2925 MHz, 13801 MHz, 0x0000000000000000, 258.89 W, 0 %, 30641 MiB
2026/10/01 04:44:00.106, 2925 MHz, 13801 MHz, 0x0000000000000000, 110.61 W, 0 %, 30641 MiB
2026/10/01 04:44:00.622, 2925 MHz, 13801 MHz, 0x0000000000000000, 94.18 W, 0 %, 30641 MiB
2026/10/01 04:44:01.137, 2880 MHz, 13801 MHz, 0x0000000000000000, 89.17 W, 0 %, 30641 MiB
2026/10/01 04:44:01.649, 510 MHz, 7001 MHz, 0x0000000000000000, 61.78 W, 0 %, 30641 MiB
2026/10/01 04:44:02.164, 412 MHz, 7001 MHz, 0x0000000000000000, 38.47 W, 0 %, 30641 MiB
2026/10/01 04:44:02.679, 360 MHz, 7001 MHz, 0x0000000000000000, 36.52 W, 0 %, 30641 MiB
2026/10/01 04:44:03.194, 255 MHz, 7001 MHz, 0x0000000000000000, 36.02 W, 0 %, 30641 MiB
2026/10/01 04:44:03.695, 202 MHz, 7001 MHz, 0x0000000000000000, 35.79 W, 0 %, 30641 MiB
2026/10/01 04:44:04.196, 202 MHz, 7001 MHz, 0x0000000000000000, 35.79 W, 0 %, 30641 MiB
2026/10/01 04:44:04.698, 202 MHz, 7001 MHz, 0x0000000000000000, 32.42 W, 0 %, 30641 MiB
2026/10/01 04:44:05.211, 187 MHz, 810 MHz, 0x0000000000000000, 32.42 W, 0 %, 30641 MiB
2026/10/01 04:44:05.725, 187 MHz, 810 MHz, 0x0000000000000000, 14.50 W, 0 %, 30641 MiB
2026/10/01 04:44:06.239, 180 MHz, 810 MHz, 0x0000000000000000, 14.50 W, 0 %, 30641 MiB
2026/10/01 04:44:06.751, 180 MHz, 810 MHz, 0x0000000000000000, 13.20 W, 0 %, 30641 MiB
2026/10/01 04:44:07.263, 180 MHz, 405 MHz, 0x0000000000000000, 13.20 W, 0 %, 30641 MiB
2026/10/01 04:44:07.774, 180 MHz, 405 MHz, 0x0000000000000000, 11.47 W, 0 %, 30646 MiB
2026/10/01 04:44:08.284, 180 MHz, 405 MHz, 0x0000000000000000, 12.41 W, 0 %, 30646 MiB
2026/10/01 04:44:08.796, 180 MHz, 405 MHz, 0x0000000000000000, 12.93 W, 0 %, 30641 MiB
2026/10/01 04:44:09.304, 180 MHz, 405 MHz, 0x0000000000000000, 14.50 W, 0 %, 30641 MiB
2026/10/01 04:44:09.814, 180 MHz, 405 MHz, 0x0000000000000000, 14.54 W, 0 %, 30641 MiB
2026/10/01 04:44:10.323, 180 MHz, 405 MHz, 0x0000000000000000, 14.54 W, 0 %, 30641 MiB
2026/10/01 04:44:10.831, 180 MHz, 405 MHz, 0x0000000000000000, 11.75 W, 0 %, 30641 MiB
2026/10/01 04:44:11.342, 180 MHz, 405 MHz, 0x0000000000000000, 11.75 W, 0 %, 30641 MiB
2026/10/01 04:44:11.852, 180 MHz, 405 MHz, 0x0000000000000000, 11.51 W, 0 %, 30641 MiB
2026/10/01 04:44:12.366, 270 MHz, 405 MHz, 0x0000000000000000, 18.73 W, 100 %, 30669 MiB
2026/10/01 04:44:12.880, 2857 MHz, 13801 MHz, 0x0000000000000000, 167.21 W, 49 %, 30669 MiB
2026/10/01 04:44:13.392, 2857 MHz, 13801 MHz, 0x0000000000000000, 347.81 W, 52 %, 30675 MiB
2026/10/01 04:44:13.906, 2857 MHz, 13801 MHz, 0x0000000000000000, 370.21 W, 56 %, 30675 MiB
2026/10/01 04:44:14.419, 2857 MHz, 13801 MHz, 0x0000000000000000, 377.57 W, 55 %, 30675 MiB
2026/10/01 04:44:14.933, 2857 MHz, 13801 MHz, 0x0000000000000000, 380.10 W, 56 %, 30675 MiB
2026/10/01 04:44:15.447, 2857 MHz, 13801 MHz, 0x0000000000000000, 381.32 W, 55 %, 30675 MiB
2026/10/01 04:44:15.962, 2857 MHz, 13801 MHz, 0x0000000000000000, 383.85 W, 55 %, 30675 MiB
2026/10/01 04:44:16.472, 2857 MHz, 13801 MHz, 0x0000000000000000, 383.93 W, 56 %, 30675 MiB
2026/10/01 04:44:16.980, 2850 MHz, 13801 MHz, 0x0000000000000004, 397.49 W, 98 %, 30675 MiB
2026/10/01 04:44:17.486, 2842 MHz, 13801 MHz, 0x0000000000000004, 435.18 W, 98 %, 30675 MiB
2026/10/01 04:44:17.993, 2827 MHz, 13801 MHz, 0x0000000000000004, 457.62 W, 98 %, 30675 MiB
2026/10/01 04:44:18.501, 2827 MHz, 13801 MHz, 0x0000000000000004, 457.48 W, 98 %, 30675 MiB
2026/10/01 04:44:19.007, 2827 MHz, 13801 MHz, 0x0000000000000004, 458.01 W, 98 %, 30675 MiB
2026/10/01 04:44:19.513, 2827 MHz, 13801 MHz, 0x0000000000000004, 458.53 W, 98 %, 30675 MiB
2026/10/01 04:44:20.024, 2827 MHz, 13801 MHz, 0x0000000000000004, 458.87 W, 98 %, 30675 MiB
2026/10/01 04:44:20.534, 2827 MHz, 13801 MHz, 0x0000000000000004, 458.93 W, 98 %, 30675 MiB
2026/10/01 04:44:21.038, 2827 MHz, 13801 MHz, 0x0000000000000004, 459.17 W, 98 %, 30675 MiB
2026/10/01 04:44:21.549, 2842 MHz, 13801 MHz, 0x0000000000000004, 459.24 W, 97 %, 30675 MiB
2026/10/01 04:44:22.056, 2910 MHz, 13801 MHz, 0x0000000000000000, 439.38 W, 96 %, 30675 MiB
2026/10/01 04:44:22.567, 2865 MHz, 13801 MHz, 0x0000000000000000, 376.61 W, 48 %, 30675 MiB
2026/10/01 04:44:23.081, 2857 MHz, 13801 MHz, 0x0000000000000000, 345.58 W, 50 %, 30675 MiB
2026/10/01 04:44:23.594, 2857 MHz, 13801 MHz, 0x0000000000000000, 357.28 W, 47 %, 30675 MiB
2026/10/01 04:44:24.106, 2857 MHz, 13801 MHz, 0x0000000000000000, 359.90 W, 49 %, 30675 MiB
2026/10/01 04:44:24.618, 2857 MHz, 13801 MHz, 0x0000000000000000, 359.71 W, 42 %, 30675 MiB
2026/10/01 04:44:25.134, 2865 MHz, 13801 MHz, 0x0000000000000000, 345.85 W, 46 %, 30675 MiB
2026/10/01 04:44:25.646, 2865 MHz, 13801 MHz, 0x0000000000000000, 339.51 W, 48 %, 30675 MiB
2026/10/01 04:44:26.161, 2865 MHz, 13801 MHz, 0x0000000000000000, 349.78 W, 47 %, 30675 MiB
2026/10/01 04:44:26.673, 2857 MHz, 13801 MHz, 0x0000000000000000, 363.59 W, 52 %, 30675 MiB
2026/10/01 04:44:27.184, 2850 MHz, 13801 MHz, 0x0000000000000004, 392.64 W, 98 %, 30675 MiB
2026/10/01 04:44:27.694, 2842 MHz, 13801 MHz, 0x0000000000000004, 436.97 W, 98 %, 30675 MiB
2026/10/01 04:44:28.203, 2835 MHz, 13801 MHz, 0x0000000000000004, 462.83 W, 98 %, 30675 MiB
2026/10/01 04:44:28.710, 2827 MHz, 13801 MHz, 0x0000000000000004, 461.18 W, 98 %, 30675 MiB
2026/10/01 04:44:29.221, 2827 MHz, 13801 MHz, 0x0000000000000004, 460.68 W, 98 %, 30677 MiB
2026/10/01 04:44:29.724, 2827 MHz, 13801 MHz, 0x0000000000000004, 461.53 W, 98 %, 30675 MiB
2026/10/01 04:44:30.234, 2827 MHz, 13801 MHz, 0x0000000000000004, 461.94 W, 98 %, 30675 MiB
2026/10/01 04:44:30.740, 2820 MHz, 13801 MHz, 0x0000000000000004, 460.89 W, 98 %, 30675 MiB
2026/10/01 04:44:31.252, 2820 MHz, 13801 MHz, 0x0000000000000000, 447.42 W, 48 %, 30675 MiB
2026/10/01 04:44:31.760, 2857 MHz, 13801 MHz, 0x0000000000000004, 425.82 W, 92 %, 30675 MiB
2026/10/01 04:44:32.276, 2865 MHz, 13801 MHz, 0x0000000000000000, 381.45 W, 52 %, 30675 MiB
2026/10/01 04:44:32.785, 2865 MHz, 13801 MHz, 0x0000000000000004, 368.62 W, 63 %, 30675 MiB
2026/10/01 04:44:33.297, 2857 MHz, 13801 MHz, 0x0000000000000000, 379.42 W, 63 %, 30675 MiB
2026/10/01 04:44:33.807, 2872 MHz, 13801 MHz, 0x0000000000000000, 361.47 W, 49 %, 30675 MiB
2026/10/01 04:44:34.318, 2857 MHz, 13801 MHz, 0x0000000000000000, 357.87 W, 50 %, 30675 MiB
2026/10/01 04:44:34.830, 2857 MHz, 13801 MHz, 0x0000000000000000, 360.77 W, 48 %, 30675 MiB
2026/10/01 04:44:35.343, 2872 MHz, 13801 MHz, 0x0000000000000004, 364.11 W, 83 %, 30675 MiB
2026/10/01 04:44:35.852, 2865 MHz, 13801 MHz, 0x0000000000000000, 358.70 W, 62 %, 30675 MiB
2026/10/01 04:44:36.362, 2850 MHz, 13801 MHz, 0x0000000000000000, 374.85 W, 51 %, 30675 MiB
2026/10/01 04:44:36.876, 2857 MHz, 13801 MHz, 0x0000000000000000, 375.54 W, 40 %, 30675 MiB
2026/10/01 04:44:37.385, 2857 MHz, 13801 MHz, 0x0000000000000004, 380.37 W, 98 %, 30675 MiB
2026/10/01 04:44:37.896, 2850 MHz, 13801 MHz, 0x0000000000000004, 407.88 W, 98 %, 30675 MiB
2026/10/01 04:44:38.404, 2827 MHz, 13801 MHz, 0x0000000000000004, 447.65 W, 98 %, 30675 MiB
2026/10/01 04:44:38.913, 2820 MHz, 13801 MHz, 0x0000000000000004, 462.36 W, 98 %, 30675 MiB
2026/10/01 04:44:39.422, 2820 MHz, 13801 MHz, 0x0000000000000004, 462.36 W, 98 %, 30675 MiB
2026/10/01 04:44:39.931, 2820 MHz, 13801 MHz, 0x0000000000000004, 462.82 W, 98 %, 30675 MiB
2026/10/01 04:44:40.443, 2820 MHz, 13801 MHz, 0x0000000000000004, 463.06 W, 98 %, 30675 MiB
2026/10/01 04:44:40.956, 2842 MHz, 13801 MHz, 0x0000000000000000, 444.18 W, 64 %, 30675 MiB
2026/10/01 04:44:41.469, 2857 MHz, 13801 MHz, 0x0000000000000004, 399.92 W, 95 %, 30675 MiB
2026/10/01 04:44:41.979, 2865 MHz, 13801 MHz, 0x0000000000000004, 387.73 W, 98 %, 30675 MiB
2026/10/01 04:44:42.491, 2850 MHz, 13801 MHz, 0x0000000000000000, 378.07 W, 51 %, 30675 MiB
2026/10/01 04:44:43.003, 2857 MHz, 13801 MHz, 0x0000000000000000, 368.99 W, 42 %, 30675 MiB
2026/10/01 04:44:43.511, 2865 MHz, 13801 MHz, 0x0000000000000004, 352.19 W, 88 %, 30675 MiB
2026/10/01 04:44:44.022, 2872 MHz, 13801 MHz, 0x0000000000000000, 348.56 W, 48 %, 30675 MiB
2026/10/01 04:44:44.535, 2865 MHz, 13801 MHz, 0x0000000000000004, 358.89 W, 98 %, 30675 MiB
2026/10/01 04:44:45.049, 2857 MHz, 13801 MHz, 0x0000000000000000, 356.98 W, 42 %, 30675 MiB
2026/10/01 04:44:45.561, 2850 MHz, 13801 MHz, 0x0000000000000004, 395.55 W, 98 %, 30675 MiB
2026/10/01 04:44:46.073, 2865 MHz, 13801 MHz, 0x0000000000000000, 393.12 W, 49 %, 30675 MiB
2026/10/01 04:44:46.582, 2850 MHz, 13801 MHz, 0x0000000000000004, 383.75 W, 98 %, 30675 MiB
2026/10/01 04:44:47.095, 2842 MHz, 13801 MHz, 0x0000000000000000, 376.84 W, 26 %, 30675 MiB
2026/10/01 04:44:47.607, 2850 MHz, 13801 MHz, 0x0000000000000000, 380.75 W, 49 %, 30675 MiB
2026/10/01 04:44:48.118, 2850 MHz, 13801 MHz, 0x0000000000000004, 390.64 W, 98 %, 30675 MiB
2026/10/01 04:44:48.627, 2820 MHz, 13801 MHz, 0x0000000000000004, 434.80 W, 98 %, 30675 MiB
2026/10/01 04:44:49.134, 2820 MHz, 13801 MHz, 0x0000000000000004, 466.85 W, 98 %, 30675 MiB
2026/10/01 04:44:49.647, 2820 MHz, 13801 MHz, 0x0000000000000000, 452.60 W, 45 %, 30675 MiB
2026/10/01 04:44:50.154, 2820 MHz, 13801 MHz, 0x0000000000000004, 445.09 W, 98 %, 30680 MiB
2026/10/01 04:44:50.664, 2820 MHz, 13801 MHz, 0x0000000000000000, 441.34 W, 51 %, 30680 MiB
2026/10/01 04:44:51.174, 2850 MHz, 13801 MHz, 0x0000000000000000, 427.92 W, 67 %, 30675 MiB
2026/10/01 04:44:51.683, 2842 MHz, 13801 MHz, 0x0000000000000004, 408.57 W, 98 %, 30675 MiB
2026/10/01 04:44:52.193, 2850 MHz, 13801 MHz, 0x0000000000000000, 403.24 W, 49 %, 30675 MiB
2026/10/01 04:44:52.703, 2865 MHz, 13801 MHz, 0x0000000000000000, 381.99 W, 53 %, 30675 MiB
2026/10/01 04:44:53.214, 2857 MHz, 13801 MHz, 0x0000000000000000, 371.85 W, 65 %, 30675 MiB
2026/10/01 04:44:53.722, 2865 MHz, 13801 MHz, 0x0000000000000000, 371.86 W, 52 %, 30675 MiB
2026/10/01 04:44:54.234, 2827 MHz, 13801 MHz, 0x0000000000000000, 378.52 W, 51 %, 30675 MiB
2026/10/01 04:44:54.747, 2827 MHz, 13801 MHz, 0x0000000000000000, 398.65 W, 41 %, 30675 MiB
2026/10/01 04:44:55.261, 2865 MHz, 13801 MHz, 0x0000000000000000, 380.37 W, 64 %, 30675 MiB
2026/10/01 04:44:55.775, 2872 MHz, 13801 MHz, 0x0000000000000000, 339.58 W, 60 %, 30675 MiB
2026/10/01 04:44:56.287, 2865 MHz, 13801 MHz, 0x0000000000000000, 353.73 W, 40 %, 30675 MiB
2026/10/01 04:44:56.800, 2842 MHz, 13801 MHz, 0x0000000000000000, 377.87 W, 62 %, 30675 MiB
2026/10/01 04:44:57.306, 2850 MHz, 13801 MHz, 0x0000000000000000, 389.40 W, 61 %, 30675 MiB
2026/10/01 04:44:57.815, 2850 MHz, 13801 MHz, 0x0000000000000004, 408.07 W, 98 %, 30675 MiB
2026/10/01 04:44:58.321, 2850 MHz, 13801 MHz, 0x0000000000000004, 414.28 W, 98 %, 30675 MiB
2026/10/01 04:44:58.831, 2835 MHz, 13801 MHz, 0x0000000000000004, 426.52 W, 98 %, 30675 MiB
2026/10/01 04:44:59.341, 2827 MHz, 13801 MHz, 0x0000000000000000, 434.01 W, 62 %, 30675 MiB
2026/10/01 04:44:59.849, 2820 MHz, 13801 MHz, 0x0000000000000004, 455.91 W, 98 %, 30675 MiB
2026/10/01 04:45:00.356, 2820 MHz, 13801 MHz, 0x0000000000000000, 454.05 W, 53 %, 30675 MiB
2026/10/01 04:45:00.863, 2850 MHz, 13801 MHz, 0x0000000000000004, 431.43 W, 98 %, 30675 MiB
2026/10/01 04:45:01.374, 2820 MHz, 13801 MHz, 0x0000000000000004, 431.60 W, 98 %, 30675 MiB
2026/10/01 04:45:01.883, 2850 MHz, 13801 MHz, 0x0000000000000000, 416.91 W, 48 %, 30675 MiB
2026/10/01 04:45:02.393, 2835 MHz, 13801 MHz, 0x0000000000000004, 396.60 W, 98 %, 30675 MiB
2026/10/01 04:45:02.906, 2842 MHz, 13801 MHz, 0x0000000000000000, 423.84 W, 78 %, 30675 MiB
2026/10/01 04:45:03.418, 2857 MHz, 13801 MHz, 0x0000000000000000, 389.19 W, 49 %, 30675 MiB
2026/10/01 04:45:03.933, 2850 MHz, 13801 MHz, 0x0000000000000000, 359.47 W, 62 %, 30675 MiB
2026/10/01 04:45:04.446, 2835 MHz, 13801 MHz, 0x0000000000000000, 377.37 W, 46 %, 30675 MiB
2026/10/01 04:45:04.956, 2850 MHz, 13801 MHz, 0x0000000000000000, 378.29 W, 46 %, 30675 MiB
2026/10/01 04:45:05.466, 2842 MHz, 13801 MHz, 0x0000000000000000, 384.28 W, 42 %, 30675 MiB
2026/10/01 04:45:05.978, 2857 MHz, 13801 MHz, 0x0000000000000004, 389.15 W, 86 %, 30675 MiB
2026/10/01 04:45:06.490, 2865 MHz, 13801 MHz, 0x0000000000000000, 372.58 W, 77 %, 30675 MiB
2026/10/01 04:45:07.001, 2857 MHz, 13801 MHz, 0x0000000000000004, 396.96 W, 71 %, 30675 MiB
2026/10/01 04:45:07.510, 2842 MHz, 13801 MHz, 0x0000000000000004, 411.39 W, 98 %, 30675 MiB
2026/10/01 04:45:08.023, 2850 MHz, 13801 MHz, 0x0000000000000004, 430.01 W, 98 %, 30675 MiB
2026/10/01 04:45:08.533, 2857 MHz, 13801 MHz, 0x0000000000000004, 417.43 W, 86 %, 30675 MiB
2026/10/01 04:45:09.042, 2820 MHz, 13801 MHz, 0x0000000000000004, 429.71 W, 98 %, 30675 MiB
2026/10/01 04:45:09.552, 2820 MHz, 13801 MHz, 0x0000000000000000, 459.95 W, 52 %, 30675 MiB
2026/10/01 04:45:10.062, 2850 MHz, 13801 MHz, 0x0000000000000004, 439.57 W, 98 %, 30675 MiB
2026/10/01 04:45:10.571, 2850 MHz, 13801 MHz, 0x0000000000000000, 390.66 W, 34 %, 30675 MiB
2026/10/01 04:45:11.080, 2820 MHz, 13801 MHz, 0x0000000000000000, 395.79 W, 39 %, 30675 MiB
2026/10/01 04:45:11.588, 2872 MHz, 13801 MHz, 0x0000000000000004, 367.27 W, 88 %, 30680 MiB
2026/10/01 04:45:12.098, 2857 MHz, 13801 MHz, 0x0000000000000000, 322.85 W, 43 %, 30680 MiB
2026/10/01 04:45:12.603, 2857 MHz, 13801 MHz, 0x0000000000000004, 352.63 W, 98 %, 30675 MiB
2026/10/01 04:45:13.112, 2857 MHz, 13801 MHz, 0x0000000000000000, 378.85 W, 63 %, 30675 MiB
2026/10/01 04:45:13.624, 2835 MHz, 13801 MHz, 0x0000000000000000, 379.83 W, 46 %, 30675 MiB
2026/10/01 04:45:14.132, 2850 MHz, 13801 MHz, 0x0000000000000004, 383.84 W, 82 %, 30675 MiB
2026/10/01 04:45:14.642, 2857 MHz, 13801 MHz, 0x0000000000000000, 353.86 W, 25 %, 30675 MiB
2026/10/01 04:45:15.152, 2850 MHz, 13801 MHz, 0x0000000000000000, 349.03 W, 62 %, 30675 MiB
2026/10/01 04:45:15.662, 2850 MHz, 13801 MHz, 0x0000000000000000, 360.59 W, 46 %, 30675 MiB
2026/10/01 04:45:16.170, 2857 MHz, 13801 MHz, 0x0000000000000004, 359.31 W, 70 %, 30675 MiB
2026/10/01 04:45:16.679, 2835 MHz, 13801 MHz, 0x0000000000000000, 385.34 W, 47 %, 30675 MiB
2026/10/01 04:45:17.187, 2842 MHz, 13801 MHz, 0x0000000000000004, 406.10 W, 98 %, 30675 MiB
2026/10/01 04:45:17.696, 2820 MHz, 13801 MHz, 0x0000000000000000, 430.39 W, 55 %, 30675 MiB
2026/10/01 04:45:18.204, 2850 MHz, 13801 MHz, 0x0000000000000004, 429.39 W, 98 %, 30675 MiB
2026/10/01 04:45:18.714, 2857 MHz, 13801 MHz, 0x0000000000000004, 409.97 W, 98 %, 30675 MiB
2026/10/01 04:45:19.221, 2865 MHz, 13801 MHz, 0x0000000000000004, 407.72 W, 98 %, 30675 MiB
2026/10/01 04:45:19.728, 2850 MHz, 13801 MHz, 0x0000000000000004, 407.06 W, 98 %, 30675 MiB
2026/10/01 04:45:20.240, 2820 MHz, 13801 MHz, 0x0000000000000004, 449.58 W, 98 %, 30675 MiB
2026/10/01 04:45:20.749, 2842 MHz, 13801 MHz, 0x0000000000000000, 421.27 W, 30 %, 30675 MiB
2026/10/01 04:45:21.259, 2842 MHz, 13801 MHz, 0x0000000000000000, 384.63 W, 48 %, 30675 MiB
2026/10/01 04:45:21.769, 2820 MHz, 13801 MHz, 0x0000000000000000, 417.91 W, 47 %, 30675 MiB
2026/10/01 04:45:22.282, 2850 MHz, 13801 MHz, 0x0000000000000000, 405.97 W, 47 %, 30675 MiB
2026/10/01 04:45:22.792, 2850 MHz, 13801 MHz, 0x0000000000000000, 394.68 W, 60 %, 30675 MiB
2026/10/01 04:45:23.305, 2835 MHz, 13801 MHz, 0x0000000000000004, 415.80 W, 98 %, 30675 MiB
2026/10/01 04:45:23.817, 2842 MHz, 13801 MHz, 0x0000000000000000, 418.45 W, 64 %, 30675 MiB
2026/10/01 04:45:24.331, 2872 MHz, 13801 MHz, 0x0000000000000000, 389.60 W, 49 %, 30675 MiB
2026/10/01 04:45:24.842, 2865 MHz, 13801 MHz, 0x0000000000000004, 373.83 W, 76 %, 30675 MiB
2026/10/01 04:45:25.353, 2857 MHz, 13801 MHz, 0x0000000000000000, 341.84 W, 43 %, 30675 MiB
2026/10/01 04:45:25.858, 2820 MHz, 13801 MHz, 0x0000000000000004, 363.03 W, 89 %, 30675 MiB
2026/10/01 04:45:26.370, 2827 MHz, 13801 MHz, 0x0000000000000000, 401.46 W, 50 %, 30675 MiB
2026/10/01 04:45:26.879, 2857 MHz, 13801 MHz, 0x0000000000000004, 402.60 W, 98 %, 30675 MiB
2026/10/01 04:45:27.391, 2850 MHz, 13801 MHz, 0x0000000000000000, 403.93 W, 75 %, 30675 MiB
2026/10/01 04:45:27.903, 2850 MHz, 13801 MHz, 0x0000000000000000, 407.77 W, 80 %, 30675 MiB
2026/10/01 04:45:28.411, 2857 MHz, 13801 MHz, 0x0000000000000004, 398.30 W, 98 %, 30675 MiB
2026/10/01 04:45:28.921, 2820 MHz, 13801 MHz, 0x0000000000000004, 435.05 W, 98 %, 30675 MiB
2026/10/01 04:45:29.428, 2850 MHz, 13801 MHz, 0x0000000000000000, 438.66 W, 51 %, 30675 MiB
2026/10/01 04:45:29.941, 2827 MHz, 13801 MHz, 0x0000000000000000, 414.62 W, 62 %, 30675 MiB
2026/10/01 04:45:30.455, 2820 MHz, 13801 MHz, 0x0000000000000000, 443.69 W, 66 %, 30675 MiB
2026/10/01 04:45:30.971, 2910 MHz, 13801 MHz, 0x0000000000000000, 340.81 W, 0 %, 30675 MiB
2026/10/01 04:45:31.485, 2925 MHz, 13801 MHz, 0x0000000000000000, 156.97 W, 0 %, 30675 MiB
2026/10/01 04:45:31.985, 2925 MHz, 13801 MHz, 0x0000000000000000, 100.34 W, 0 %, 30675 MiB
2026/10/01 04:45:32.500, 697 MHz, 7001 MHz, 0x0000000000000000, 70.23 W, 0 %, 30680 MiB
2026/10/01 04:45:33.012, 547 MHz, 7001 MHz, 0x0000000000000000, 44.94 W, 0 %, 30680 MiB
2026/10/01 04:45:33.526, 435 MHz, 7001 MHz, 0x0000000000000000, 38.74 W, 0 %, 30675 MiB
2026/10/01 04:45:34.027, 345 MHz, 7001 MHz, 0x0000000000000000, 37.16 W, 0 %, 30675 MiB
2026/10/01 04:45:34.542, 307 MHz, 7001 MHz, 0x0000000000000000, 37.10 W, 0 %, 30675 MiB
2026/10/01 04:45:35.043, 307 MHz, 7001 MHz, 0x0000000000000000, 37.10 W, 0 %, 30675 MiB
2026/10/01 04:45:35.546, 187 MHz, 810 MHz, 0x0000000000000000, 26.71 W, 0 %, 30675 MiB
2026/10/01 04:45:36.050, 187 MHz, 810 MHz, 0x0000000000000000, 26.71 W, 0 %, 30675 MiB
2026/10/01 04:45:36.550, 180 MHz, 405 MHz, 0x0000000000000000, 20.03 W, 0 %, 30675 MiB
2026/10/01 04:45:37.052, 180 MHz, 405 MHz, 0x0000000000000000, 20.03 W, 0 %, 30675 MiB
2026/10/01 04:45:37.553, 180 MHz, 405 MHz, 0x0000000000000000, 13.39 W, 0 %, 30675 MiB
2026/10/01 04:45:38.067, 180 MHz, 405 MHz, 0x0000000000000000, 13.39 W, 0 %, 30675 MiB
2026/10/01 04:45:38.582, 180 MHz, 405 MHz, 0x0000000000000000, 13.04 W, 0 %, 30675 MiB
2026/10/01 04:45:39.097, 180 MHz, 405 MHz, 0x0000000000000000, 13.04 W, 0 %, 30675 MiB
2026/10/01 04:45:39.611, 180 MHz, 405 MHz, 0x0000000000000000, 12.75 W, 0 %, 30675 MiB
2026/10/01 04:45:40.124, 180 MHz, 405 MHz, 0x0000000000000000, 12.75 W, 0 %, 30675 MiB
2026/10/01 04:45:40.637, 180 MHz, 405 MHz, 0x0000000000000000, 12.87 W, 0 %, 30675 MiB
2026/10/01 04:45:41.153, 180 MHz, 405 MHz, 0x0000000000000000, 12.87 W, 0 %, 30675 MiB
2026/10/01 04:45:41.667, 180 MHz, 405 MHz, 0x0000000000000000, 12.81 W, 0 %, 30675 MiB
2026/10/01 04:45:42.168, 180 MHz, 405 MHz, 0x0000000000000000, 12.81 W, 0 %, 30675 MiB
2026/10/01 04:45:42.683, 180 MHz, 405 MHz, 0x0000000000000000, 12.73 W, 0 %, 30675 MiB
2026/10/01 04:45:43.198, 180 MHz, 405 MHz, 0x0000000000000000, 13.67 W, 0 %, 30675 MiB
2026/10/01 04:45:43.710, 180 MHz, 405 MHz, 0x0000000000000000, 15.92 W, 0 %, 30675 MiB
2026/10/01 04:45:44.211, 180 MHz, 405 MHz, 0x0000000000000000, 15.92 W, 0 %, 30675 MiB
2026/10/01 04:45:44.725, 180 MHz, 405 MHz, 0x0000000000000000, 12.59 W, 0 %, 30675 MiB
2026/10/01 04:45:45.239, 180 MHz, 405 MHz, 0x0000000000000000, 12.59 W, 0 %, 30675 MiB
2026/10/01 04:45:45.752, 180 MHz, 405 MHz, 0x0000000000000000, 12.67 W, 0 %, 30675 MiB
2026/10/01 04:45:46.264, 180 MHz, 405 MHz, 0x0000000000000000, 12.67 W, 0 %, 30675 MiB
2026/10/01 04:45:46.766, 1515 MHz, 13801 MHz, 0x0000000000000000, 34.83 W, 100 %, 30675 MiB
2026/10/01 04:45:47.281, 2910 MHz, 13801 MHz, 0x0000000000000000, 134.85 W, 94 %, 30675 MiB
2026/10/01 04:45:47.781, 2910 MHz, 13801 MHz, 0x0000000000000000, 339.79 W, 94 %, 30675 MiB
2026/10/01 04:45:48.293, 2910 MHz, 13801 MHz, 0x0000000000000000, 361.64 W, 95 %, 30675 MiB
2026/10/01 04:45:48.795, 2910 MHz, 13801 MHz, 0x0000000000000000, 362.88 W, 94 %, 30675 MiB
2026/10/01 04:45:49.297, 2910 MHz, 13801 MHz, 0x0000000000000000, 368.09 W, 95 %, 30675 MiB
2026/10/01 04:45:49.798, 2910 MHz, 13801 MHz, 0x0000000000000000, 356.27 W, 95 %, 30675 MiB
2026/10/01 04:45:50.299, 2910 MHz, 13801 MHz, 0x0000000000000000, 357.07 W, 95 %, 30675 MiB
2026/10/01 04:45:50.813, 2910 MHz, 13801 MHz, 0x0000000000000000, 364.70 W, 91 %, 30675 MiB
2026/10/01 04:45:51.314, 2910 MHz, 13801 MHz, 0x0000000000000000, 365.81 W, 95 %, 30675 MiB
2026/10/01 04:45:51.826, 2910 MHz, 13801 MHz, 0x0000000000000000, 368.64 W, 95 %, 30675 MiB
2026/10/01 04:45:52.339, 2910 MHz, 13801 MHz, 0x0000000000000000, 365.06 W, 95 %, 30675 MiB
2026/10/01 04:45:52.839, 2910 MHz, 13801 MHz, 0x0000000000000000, 364.90 W, 95 %, 30675 MiB
2026/10/01 04:45:53.343, 2910 MHz, 13801 MHz, 0x0000000000000000, 359.34 W, 54 %, 30675 MiB
2026/10/01 04:45:53.844, 2910 MHz, 13801 MHz, 0x0000000000000000, 360.62 W, 95 %, 30677 MiB
2026/10/01 04:45:54.359, 2910 MHz, 13801 MHz, 0x0000000000000000, 360.38 W, 95 %, 30675 MiB
2026/10/01 04:45:54.874, 2910 MHz, 13801 MHz, 0x0000000000000000, 362.46 W, 95 %, 30675 MiB
2026/10/01 04:45:55.386, 2910 MHz, 13801 MHz, 0x0000000000000000, 362.11 W, 95 %, 30675 MiB
2026/10/01 04:45:55.887, 2910 MHz, 13801 MHz, 0x0000000000000000, 370.73 W, 95 %, 30675 MiB
2026/10/01 04:45:56.402, 2910 MHz, 13801 MHz, 0x0000000000000000, 364.07 W, 95 %, 30675 MiB
2026/10/01 04:45:56.916, 2910 MHz, 13801 MHz, 0x0000000000000000, 364.05 W, 95 %, 30675 MiB
2026/10/01 04:46:07.858, 180 MHz, 405 MHz, 0x0000000000000000, 11.88 W, 0 %, 30675 MiB
2026/10/01 04:46:08.375, 180 MHz, 405 MHz, 0x0000000000000000, 19.41 W, 74 %, 30675 MiB
2026/10/01 04:46:08.876, 2910 MHz, 13801 MHz, 0x0000000000000000, 107.22 W, 93 %, 30675 MiB
2026/10/01 04:46:09.389, 2910 MHz, 13801 MHz, 0x0000000000000000, 310.89 W, 95 %, 30675 MiB
2026/10/01 04:46:09.905, 2910 MHz, 13801 MHz, 0x0000000000000000, 355.98 W, 73 %, 30675 MiB
2026/10/01 04:46:10.407, 2910 MHz, 13801 MHz, 0x0000000000000000, 356.84 W, 95 %, 30675 MiB
2026/10/01 04:46:10.921, 2910 MHz, 13801 MHz, 0x0000000000000000, 358.86 W, 95 %, 30675 MiB
2026/10/01 04:46:11.434, 2910 MHz, 13801 MHz, 0x0000000000000000, 360.11 W, 95 %, 30675 MiB
2026/10/01 04:46:11.936, 2910 MHz, 13801 MHz, 0x0000000000000000, 360.49 W, 95 %, 30675 MiB
2026/10/01 04:46:12.452, 2910 MHz, 13801 MHz, 0x0000000000000000, 363.48 W, 79 %, 30675 MiB
2026/10/01 04:46:12.952, 2910 MHz, 13801 MHz, 0x0000000000000000, 362.46 W, 95 %, 30675 MiB
2026/10/01 04:46:13.453, 2910 MHz, 13801 MHz, 0x0000000000000000, 364.89 W, 95 %, 30675 MiB
2026/10/01 04:46:13.964, 2910 MHz, 13801 MHz, 0x0000000000000000, 357.06 W, 95 %, 30675 MiB
2026/10/01 04:46:14.467, 2910 MHz, 13801 MHz, 0x0000000000000000, 358.40 W, 95 %, 30680 MiB
2026/10/01 04:46:14.980, 2910 MHz, 13801 MHz, 0x0000000000000000, 367.39 W, 95 %, 30680 MiB
2026/10/01 04:46:15.494, 2910 MHz, 13801 MHz, 0x0000000000000000, 360.52 W, 95 %, 30675 MiB
2026/10/01 04:46:16.009, 2910 MHz, 13801 MHz, 0x0000000000000000, 361.51 W, 95 %, 30675 MiB
2026/10/01 04:46:16.510, 2910 MHz, 13801 MHz, 0x0000000000000000, 363.15 W, 95 %, 30675 MiB
2026/10/01 04:46:17.013, 2910 MHz, 13801 MHz, 0x0000000000000000, 367.96 W, 95 %, 30675 MiB
2026/10/01 04:46:17.514, 2910 MHz, 13801 MHz, 0x0000000000000000, 363.22 W, 95 %, 30675 MiB
2026/10/01 04:46:18.015, 2910 MHz, 13801 MHz, 0x0000000000000000, 363.94 W, 96 %, 30675 MiB
2026/10/01 04:46:18.517, 2910 MHz, 13801 MHz, 0x0000000000000000, 351.06 W, 27 %, 30675 MiB
2026/10/01 04:46:19.031, 2925 MHz, 13801 MHz, 0x0000000000000000, 214.59 W, 0 %, 30675 MiB
2026/10/01 04:46:19.534, 2925 MHz, 13801 MHz, 0x0000000000000000, 103.67 W, 0 %, 30675 MiB
2026/10/01 04:46:20.048, 2925 MHz, 13801 MHz, 0x0000000000000000, 94.14 W, 0 %, 30675 MiB
2026/10/01 04:46:20.563, 1950 MHz, 7001 MHz, 0x0000000000000000, 85.13 W, 0 %, 30675 MiB
2026/10/01 04:46:21.076, 487 MHz, 7001 MHz, 0x0000000000000000, 58.84 W, 0 %, 30675 MiB
2026/10/01 04:46:21.577, 390 MHz, 7001 MHz, 0x0000000000000000, 36.12 W, 0 %, 30675 MiB
2026/10/01 04:46:22.089, 307 MHz, 7001 MHz, 0x0000000000000000, 36.00 W, 0 %, 30675 MiB
2026/10/01 04:46:22.603, 240 MHz, 7001 MHz, 0x0000000000000000, 35.88 W, 0 %, 30675 MiB
2026/10/01 04:46:23.117, 240 MHz, 7001 MHz, 0x0000000000000000, 35.86 W, 0 %, 30675 MiB
2026/10/01 04:46:23.630, 240 MHz, 7001 MHz, 0x0000000000000000, 35.86 W, 0 %, 30675 MiB
2026/10/01 04:46:24.142, 180 MHz, 7001 MHz, 0x0000000000000000, 35.53 W, 0 %, 30675 MiB
2026/10/01 04:46:24.653, 180 MHz, 7001 MHz, 0x0000000000000000, 35.53 W, 0 %, 30675 MiB
2026/10/01 04:46:25.163, 180 MHz, 7001 MHz, 0x0000000000000000, 35.43 W, 0 %, 30675 MiB
2026/10/01 04:46:25.674, 180 MHz, 7001 MHz, 0x0000000000000000, 35.43 W, 0 %, 30675 MiB
2026/10/01 04:46:26.186, 172 MHz, 810 MHz, 0x0000000000000000, 17.03 W, 0 %, 30675 MiB
2026/10/01 04:46:26.698, 172 MHz, 810 MHz, 0x0000000000000000, 17.03 W, 0 %, 30675 MiB
2026/10/01 04:46:27.199, 180 MHz, 405 MHz, 0x0000000000000000, 14.52 W, 0 %, 30675 MiB
2026/10/01 04:46:27.713, 180 MHz, 405 MHz, 0x0000000000000000, 14.52 W, 0 %, 30675 MiB
2026/10/01 04:46:28.213, 180 MHz, 405 MHz, 0x0000000000000000, 11.47 W, 0 %, 30675 MiB
2026/10/01 04:46:28.724, 180 MHz, 405 MHz, 0x0000000000000000, 11.47 W, 0 %, 30675 MiB
2026/10/01 04:46:29.233, 180 MHz, 405 MHz, 0x0000000000000000, 11.59 W, 0 %, 30675 MiB
2026/10/01 04:46:29.745, 180 MHz, 405 MHz, 0x0000000000000000, 11.59 W, 0 %, 30675 MiB
2026/10/01 04:46:30.258, 180 MHz, 405 MHz, 0x0000000000000000, 11.62 W, 0 %, 30675 MiB
2026/10/01 04:46:30.771, 180 MHz, 405 MHz, 0x0000000000000000, 11.62 W, 0 %, 30675 MiB
2026/10/01 04:46:31.283, 2932 MHz, 13801 MHz, 0x0000000000000000, 64.75 W, 52 %, 30675 MiB
2026/10/01 04:46:31.793, 2865 MHz, 13801 MHz, 0x0000000000000000, 139.43 W, 52 %, 30675 MiB
2026/10/01 04:46:32.294, 2865 MHz, 13801 MHz, 0x0000000000000000, 350.76 W, 49 %, 30675 MiB
2026/10/01 04:46:32.808, 2857 MHz, 13801 MHz, 0x0000000000000000, 358.57 W, 53 %, 30675 MiB
2026/10/01 04:46:33.322, 2857 MHz, 13801 MHz, 0x0000000000000000, 368.53 W, 54 %, 30675 MiB
2026/10/01 04:46:33.835, 2857 MHz, 13801 MHz, 0x0000000000000000, 371.79 W, 50 %, 30675 MiB
2026/10/01 04:46:34.336, 2857 MHz, 13801 MHz, 0x0000000000000000, 375.52 W, 52 %, 30675 MiB
2026/10/01 04:46:34.851, 2857 MHz, 13801 MHz, 0x0000000000000000, 378.98 W, 46 %, 30675 MiB
2026/10/01 04:46:35.360, 2865 MHz, 13801 MHz, 0x0000000000000000, 364.56 W, 40 %, 30675 MiB
2026/10/01 04:46:35.871, 2835 MHz, 13801 MHz, 0x0000000000000004, 386.88 W, 98 %, 30677 MiB
2026/10/01 04:46:36.382, 2827 MHz, 13801 MHz, 0x0000000000000004, 444.89 W, 98 %, 30675 MiB
2026/10/01 04:46:36.890, 2827 MHz, 13801 MHz, 0x0000000000000004, 457.41 W, 98 %, 30675 MiB
2026/10/01 04:46:37.394, 2827 MHz, 13801 MHz, 0x0000000000000004, 457.58 W, 98 %, 30675 MiB
2026/10/01 04:46:37.902, 2827 MHz, 13801 MHz, 0x0000000000000004, 457.84 W, 98 %, 30675 MiB
2026/10/01 04:46:38.411, 2827 MHz, 13801 MHz, 0x0000000000000004, 458.03 W, 98 %, 30675 MiB
2026/10/01 04:46:38.917, 2827 MHz, 13801 MHz, 0x0000000000000004, 458.47 W, 98 %, 30675 MiB
2026/10/01 04:46:39.426, 2827 MHz, 13801 MHz, 0x0000000000000004, 459.04 W, 98 %, 30675 MiB
2026/10/01 04:46:39.941, 2880 MHz, 13801 MHz, 0x0000000000000004, 422.30 W, 98 %, 30675 MiB
2026/10/01 04:46:40.450, 2850 MHz, 13801 MHz, 0x0000000000000000, 392.97 W, 56 %, 30675 MiB
2026/10/01 04:46:40.951, 2857 MHz, 13801 MHz, 0x0000000000000004, 411.87 W, 86 %, 30675 MiB
2026/10/01 04:46:41.464, 2857 MHz, 13801 MHz, 0x0000000000000000, 397.51 W, 57 %, 30675 MiB
2026/10/01 04:46:41.976, 2865 MHz, 13801 MHz, 0x0000000000000000, 377.97 W, 56 %, 30675 MiB
2026/10/01 04:46:42.490, 2880 MHz, 13801 MHz, 0x0000000000000000, 367.69 W, 57 %, 30675 MiB
2026/10/01 04:46:43.002, 2857 MHz, 13801 MHz, 0x0000000000000000, 361.30 W, 30 %, 30675 MiB
2026/10/01 04:46:43.513, 2880 MHz, 13801 MHz, 0x0000000000000004, 359.88 W, 98 %, 30675 MiB
2026/10/01 04:46:44.027, 2857 MHz, 13801 MHz, 0x0000000000000004, 373.11 W, 76 %, 30675 MiB
2026/10/01 04:46:44.537, 2857 MHz, 13801 MHz, 0x0000000000000000, 388.55 W, 43 %, 30675 MiB
2026/10/01 04:46:45.046, 2872 MHz, 13801 MHz, 0x0000000000000004, 378.63 W, 98 %, 30675 MiB
2026/10/01 04:46:45.557, 2842 MHz, 13801 MHz, 0x0000000000000000, 374.91 W, 41 %, 30675 MiB
2026/10/01 04:46:46.066, 2827 MHz, 13801 MHz, 0x0000000000000004, 418.47 W, 98 %, 30675 MiB
2026/10/01 04:46:46.573, 2827 MHz, 13801 MHz, 0x0000000000000004, 445.56 W, 98 %, 30675 MiB
2026/10/01 04:46:47.080, 2835 MHz, 13801 MHz, 0x0000000000000004, 460.29 W, 98 %, 30675 MiB
2026/10/01 04:46:47.588, 2827 MHz, 13801 MHz, 0x0000000000000004, 460.61 W, 97 %, 30675 MiB
2026/10/01 04:46:48.098, 2835 MHz, 13801 MHz, 0x0000000000000004, 460.74 W, 98 %, 30675 MiB
2026/10/01 04:46:48.607, 2827 MHz, 13801 MHz, 0x0000000000000004, 461.03 W, 97 %, 30675 MiB
2026/10/01 04:46:49.114, 2835 MHz, 13801 MHz, 0x0000000000000004, 461.23 W, 98 %, 30675 MiB
2026/10/01 04:46:49.622, 2835 MHz, 13801 MHz, 0x0000000000000004, 460.45 W, 98 %, 30675 MiB
2026/10/01 04:46:50.129, 2910 MHz, 13801 MHz, 0x0000000000000000, 456.17 W, 95 %, 30675 MiB
2026/10/01 04:46:50.641, 2902 MHz, 13801 MHz, 0x0000000000000000, 397.30 W, 43 %, 30675 MiB
2026/10/01 04:46:51.156, 2857 MHz, 13801 MHz, 0x0000000000000000, 344.91 W, 42 %, 30675 MiB
2026/10/01 04:46:51.658, 2857 MHz, 13801 MHz, 0x0000000000000000, 357.23 W, 53 %, 30675 MiB
2026/10/01 04:46:52.171, 2857 MHz, 13801 MHz, 0x0000000000000000, 368.56 W, 51 %, 30675 MiB
2026/10/01 04:46:52.684, 2857 MHz, 13801 MHz, 0x0000000000000000, 369.01 W, 49 %, 30675 MiB
2026/10/01 04:46:53.198, 2857 MHz, 13801 MHz, 0x0000000000000000, 368.48 W, 46 %, 30675 MiB
2026/10/01 04:46:53.714, 2857 MHz, 13801 MHz, 0x0000000000000000, 368.54 W, 53 %, 30675 MiB
2026/10/01 04:46:54.227, 2857 MHz, 13801 MHz, 0x0000000000000000, 371.80 W, 47 %, 30675 MiB
2026/10/01 04:46:54.738, 2857 MHz, 13801 MHz, 0x0000000000000000, 373.01 W, 51 %, 30675 MiB
2026/10/01 04:46:55.244, 2827 MHz, 13801 MHz, 0x0000000000000004, 388.97 W, 98 %, 30675 MiB
2026/10/01 04:46:55.753, 2827 MHz, 13801 MHz, 0x0000000000000004, 436.46 W, 98 %, 30675 MiB
2026/10/01 04:46:56.263, 2827 MHz, 13801 MHz, 0x0000000000000004, 460.54 W, 98 %, 30675 MiB
2026/10/01 04:46:56.771, 2827 MHz, 13801 MHz, 0x0000000000000004, 460.98 W, 98 %, 30680 MiB
2026/10/01 04:46:57.283, 2827 MHz, 13801 MHz, 0x0000000000000004, 461.44 W, 98 %, 30680 MiB
2026/10/01 04:46:57.792, 2820 MHz, 13801 MHz, 0x0000000000000004, 462.23 W, 98 %, 30675 MiB
2026/10/01 04:46:58.302, 2820 MHz, 13801 MHz, 0x0000000000000004, 462.60 W, 98 %, 30675 MiB
2026/10/01 04:46:58.814, 2820 MHz, 13801 MHz, 0x0000000000000000, 452.23 W, 50 %, 30675 MiB
2026/10/01 04:46:59.329, 2820 MHz, 13801 MHz, 0x0000000000000000, 417.08 W, 40 %, 30675 MiB
2026/10/01 04:46:59.840, 2842 MHz, 13801 MHz, 0x0000000000000000, 388.58 W, 49 %, 30675 MiB
2026/10/01 04:47:00.353, 2850 MHz, 13801 MHz, 0x0000000000000000, 377.00 W, 70 %, 30675 MiB
2026/10/01 04:47:00.866, 2865 MHz, 13801 MHz, 0x0000000000000000, 364.98 W, 45 %, 30675 MiB
2026/10/01 04:47:01.376, 2857 MHz, 13801 MHz, 0x0000000000000004, 359.27 W, 65 %, 30675 MiB
2026/10/01 04:47:01.888, 2857 MHz, 13801 MHz, 0x0000000000000000, 355.01 W, 48 %, 30675 MiB
2026/10/01 04:47:02.400, 2872 MHz, 13801 MHz, 0x0000000000000000, 359.82 W, 49 %, 30675 MiB
2026/10/01 04:47:02.909, 2872 MHz, 13801 MHz, 0x0000000000000000, 350.20 W, 48 %, 30675 MiB
2026/10/01 04:47:03.424, 2857 MHz, 13801 MHz, 0x0000000000000000, 353.42 W, 50 %, 30675 MiB
2026/10/01 04:47:03.936, 2865 MHz, 13801 MHz, 0x0000000000000004, 364.95 W, 68 %, 30675 MiB
2026/10/01 04:47:04.450, 2842 MHz, 13801 MHz, 0x0000000000000000, 379.43 W, 39 %, 30675 MiB
2026/10/01 04:47:04.963, 2865 MHz, 13801 MHz, 0x0000000000000000, 391.14 W, 68 %, 30675 MiB
2026/10/01 04:47:05.476, 2850 MHz, 13801 MHz, 0x0000000000000004, 399.45 W, 98 %, 30675 MiB
2026/10/01 04:47:05.987, 2820 MHz, 13801 MHz, 0x0000000000000000, 437.30 W, 51 %, 30675 MiB
2026/10/01 04:47:06.497, 2820 MHz, 13801 MHz, 0x0000000000000004, 451.73 W, 98 %, 30675 MiB
2026/10/01 04:47:07.007, 2820 MHz, 13801 MHz, 0x0000000000000004, 452.71 W, 98 %, 30675 MiB
2026/10/01 04:47:07.517, 2820 MHz, 13801 MHz, 0x0000000000000004, 467.29 W, 98 %, 30675 MiB
2026/10/01 04:47:08.028, 2820 MHz, 13801 MHz, 0x0000000000000000, 457.56 W, 51 %, 30675 MiB
2026/10/01 04:47:08.534, 2842 MHz, 13801 MHz, 0x0000000000000004, 413.27 W, 91 %, 30675 MiB
2026/10/01 04:47:09.046, 2872 MHz, 13801 MHz, 0x0000000000000000, 381.78 W, 77 %, 30675 MiB
2026/10/01 04:47:09.556, 2857 MHz, 13801 MHz, 0x0000000000000000, 378.83 W, 63 %, 30675 MiB
2026/10/01 04:47:10.070, 2850 MHz, 13801 MHz, 0x0000000000000000, 363.60 W, 47 %, 30675 MiB
2026/10/01 04:47:10.576, 2827 MHz, 13801 MHz, 0x0000000000000000, 384.44 W, 52 %, 30675 MiB
2026/10/01 04:47:11.088, 2857 MHz, 13801 MHz, 0x0000000000000004, 398.78 W, 83 %, 30675 MiB
2026/10/01 04:47:11.600, 2865 MHz, 13801 MHz, 0x0000000000000000, 374.84 W, 45 %, 30675 MiB
2026/10/01 04:47:12.110, 2857 MHz, 13801 MHz, 0x0000000000000000, 345.30 W, 44 %, 30675 MiB
2026/10/01 04:47:12.625, 2857 MHz, 13801 MHz, 0x0000000000000000, 332.85 W, 35 %, 30675 MiB
2026/10/01 04:47:13.135, 2857 MHz, 13801 MHz, 0x0000000000000004, 356.73 W, 98 %, 30675 MiB
2026/10/01 04:47:13.645, 2857 MHz, 13801 MHz, 0x0000000000000000, 393.39 W, 49 %, 30675 MiB
2026/10/01 04:47:14.155, 2850 MHz, 13801 MHz, 0x0000000000000004, 385.67 W, 73 %, 30675 MiB
2026/10/01 04:47:14.663, 2850 MHz, 13801 MHz, 0x0000000000000000, 386.78 W, 53 %, 30675 MiB
2026/10/01 04:47:15.173, 2827 MHz, 13801 MHz, 0x0000000000000004, 429.48 W, 98 %, 30675 MiB
2026/10/01 04:47:15.687, 2820 MHz, 13801 MHz, 0x0000000000000004, 451.35 W, 90 %, 30675 MiB
2026/10/01 04:47:16.199, 2850 MHz, 13801 MHz, 0x0000000000000004, 433.67 W, 98 %, 30675 MiB
2026/10/01 04:47:16.708, 2820 MHz, 13801 MHz, 0x0000000000000004, 432.53 W, 98 %, 30675 MiB
2026/10/01 04:47:17.214, 2820 MHz, 13801 MHz, 0x0000000000000004, 469.42 W, 98 %, 30675 MiB
2026/10/01 04:47:17.725, 2827 MHz, 13801 MHz, 0x0000000000000000, 444.53 W, 39 %, 30675 MiB
2026/10/01 04:47:18.235, 2850 MHz, 13801 MHz, 0x0000000000000004, 411.93 W, 98 %, 30680 MiB
2026/10/01 04:47:18.740, 2857 MHz, 13801 MHz, 0x0000000000000004, 410.87 W, 98 %, 30680 MiB
2026/10/01 04:47:19.248, 2842 MHz, 13801 MHz, 0x0000000000000004, 428.57 W, 98 %, 30675 MiB
2026/10/01 04:47:19.759, 2835 MHz, 13801 MHz, 0x0000000000000000, 427.55 W, 65 %, 30675 MiB
2026/10/01 04:47:20.270, 2865 MHz, 13801 MHz, 0x0000000000000004, 395.74 W, 95 %, 30675 MiB
2026/10/01 04:47:20.783, 2857 MHz, 13801 MHz, 0x0000000000000000, 383.14 W, 52 %, 30675 MiB
2026/10/01 04:47:21.296, 2857 MHz, 13801 MHz, 0x0000000000000000, 376.43 W, 58 %, 30675 MiB
2026/10/01 04:47:21.809, 2865 MHz, 13801 MHz, 0x0000000000000000, 351.11 W, 54 %, 30675 MiB
2026/10/01 04:47:22.323, 2842 MHz, 13801 MHz, 0x0000000000000000, 370.13 W, 49 %, 30675 MiB
2026/10/01 04:47:22.834, 2850 MHz, 13801 MHz, 0x0000000000000004, 389.21 W, 98 %, 30675 MiB
2026/10/01 04:47:23.347, 2842 MHz, 13801 MHz, 0x0000000000000000, 391.05 W, 37 %, 30675 MiB
2026/10/01 04:47:23.860, 2857 MHz, 13801 MHz, 0x0000000000000000, 366.69 W, 45 %, 30675 MiB
2026/10/01 04:47:24.370, 2857 MHz, 13801 MHz, 0x0000000000000000, 358.72 W, 74 %, 30675 MiB
2026/10/01 04:47:24.880, 2850 MHz, 13801 MHz, 0x0000000000000004, 383.96 W, 98 %, 30675 MiB
2026/10/01 04:47:25.392, 2850 MHz, 13801 MHz, 0x0000000000000004, 393.22 W, 65 %, 30675 MiB
2026/10/01 04:47:25.902, 2850 MHz, 13801 MHz, 0x0000000000000004, 388.28 W, 73 %, 30675 MiB
2026/10/01 04:47:26.407, 2842 MHz, 13801 MHz, 0x0000000000000004, 394.44 W, 98 %, 30675 MiB
2026/10/01 04:47:26.914, 2820 MHz, 13801 MHz, 0x0000000000000004, 433.77 W, 98 %, 30675 MiB
2026/10/01 04:47:27.422, 2820 MHz, 13801 MHz, 0x0000000000000004, 469.08 W, 98 %, 30675 MiB
2026/10/01 04:47:27.926, 2865 MHz, 13801 MHz, 0x0000000000000000, 417.92 W, 47 %, 30675 MiB
2026/10/01 04:47:28.436, 2820 MHz, 13801 MHz, 0x0000000000000004, 422.73 W, 98 %, 30675 MiB
2026/10/01 04:47:28.945, 2820 MHz, 13801 MHz, 0x0000000000000000, 448.75 W, 39 %, 30675 MiB
2026/10/01 04:47:29.453, 2820 MHz, 13801 MHz, 0x0000000000000000, 434.31 W, 49 %, 30675 MiB
2026/10/01 04:47:29.964, 2865 MHz, 13801 MHz, 0x0000000000000000, 393.35 W, 46 %, 30675 MiB
2026/10/01 04:47:30.474, 2857 MHz, 13801 MHz, 0x0000000000000000, 358.30 W, 44 %, 30675 MiB
2026/10/01 04:47:30.986, 2842 MHz, 13801 MHz, 0x0000000000000000, 372.92 W, 50 %, 30675 MiB
2026/10/01 04:47:31.493, 2857 MHz, 13801 MHz, 0x0000000000000000, 367.76 W, 46 %, 30675 MiB
2026/10/01 04:47:32.001, 2857 MHz, 13801 MHz, 0x0000000000000000, 361.44 W, 64 %, 30675 MiB
2026/10/01 04:47:32.512, 2857 MHz, 13801 MHz, 0x0000000000000004, 370.60 W, 71 %, 30675 MiB
2026/10/01 04:47:33.022, 2850 MHz, 13801 MHz, 0x0000000000000004, 360.69 W, 84 %, 30675 MiB
2026/10/01 04:47:33.530, 2850 MHz, 13801 MHz, 0x0000000000000004, 380.36 W, 98 %, 30675 MiB
2026/10/01 04:47:34.039, 2835 MHz, 13801 MHz, 0x0000000000000000, 404.23 W, 74 %, 30675 MiB
2026/10/01 04:47:34.545, 2842 MHz, 13801 MHz, 0x0000000000000004, 400.35 W, 84 %, 30675 MiB
2026/10/01 04:47:35.053, 2835 MHz, 13801 MHz, 0x0000000000000004, 410.87 W, 93 %, 30675 MiB
2026/10/01 04:47:35.566, 2835 MHz, 13801 MHz, 0x0000000000000000, 424.79 W, 60 %, 30675 MiB
2026/10/01 04:47:36.076, 2835 MHz, 13801 MHz, 0x0000000000000004, 415.55 W, 91 %, 30675 MiB
2026/10/01 04:47:36.587, 2827 MHz, 13801 MHz, 0x0000000000000000, 419.76 W, 63 %, 30675 MiB
2026/10/01 04:47:37.098, 2835 MHz, 13801 MHz, 0x0000000000000004, 434.54 W, 98 %, 30675 MiB
2026/10/01 04:47:37.606, 2820 MHz, 13801 MHz, 0x0000000000000004, 445.47 W, 98 %, 30675 MiB
2026/10/01 04:47:38.116, 2835 MHz, 13801 MHz, 0x0000000000000004, 450.27 W, 91 %, 30675 MiB
2026/10/01 04:47:38.624, 2872 MHz, 13801 MHz, 0x0000000000000000, 397.68 W, 34 %, 30675 MiB
2026/10/01 04:47:39.136, 2850 MHz, 13801 MHz, 0x0000000000000000, 328.74 W, 37 %, 30675 MiB
2026/10/01 04:47:39.647, 2827 MHz, 13801 MHz, 0x0000000000000000, 345.28 W, 42 %, 30680 MiB
2026/10/01 04:47:40.158, 2865 MHz, 13801 MHz, 0x0000000000000000, 357.46 W, 62 %, 30675 MiB
2026/10/01 04:47:40.666, 2850 MHz, 13801 MHz, 0x0000000000000004, 370.87 W, 98 %, 30675 MiB
2026/10/01 04:47:41.181, 2857 MHz, 13801 MHz, 0x0000000000000000, 393.58 W, 45 %, 30675 MiB
2026/10/01 04:47:41.694, 2850 MHz, 13801 MHz, 0x0000000000000004, 400.93 W, 88 %, 30675 MiB
2026/10/01 04:47:42.207, 2850 MHz, 13801 MHz, 0x0000000000000000, 379.95 W, 55 %, 30675 MiB
2026/10/01 04:47:42.717, 2827 MHz, 13801 MHz, 0x0000000000000000, 387.76 W, 57 %, 30675 MiB
2026/10/01 04:47:43.230, 2865 MHz, 13801 MHz, 0x0000000000000000, 374.33 W, 60 %, 30675 MiB
2026/10/01 04:47:43.743, 2865 MHz, 13801 MHz, 0x0000000000000000, 342.05 W, 53 %, 30675 MiB
2026/10/01 04:47:44.253, 2857 MHz, 13801 MHz, 0x0000000000000000, 357.40 W, 51 %, 30675 MiB
2026/10/01 04:47:44.767, 2850 MHz, 13801 MHz, 0x0000000000000004, 391.19 W, 98 %, 30675 MiB
2026/10/01 04:47:45.274, 2850 MHz, 13801 MHz, 0x0000000000000004, 421.25 W, 98 %, 30675 MiB
2026/10/01 04:47:45.785, 2820 MHz, 13801 MHz, 0x0000000000000000, 431.37 W, 47 %, 30675 MiB
2026/10/01 04:47:46.295, 2842 MHz, 13801 MHz, 0x0000000000000000, 425.39 W, 80 %, 30675 MiB
2026/10/01 04:47:46.804, 2820 MHz, 13801 MHz, 0x0000000000000004, 419.66 W, 93 %, 30675 MiB
2026/10/01 04:47:47.314, 2865 MHz, 13801 MHz, 0x0000000000000004, 413.22 W, 98 %, 30675 MiB
2026/10/01 04:47:47.821, 2820 MHz, 13801 MHz, 0x0000000000000004, 427.19 W, 98 %, 30675 MiB
2026/10/01 04:47:48.331, 2820 MHz, 13801 MHz, 0x0000000000000000, 464.79 W, 71 %, 30675 MiB
2026/10/01 04:47:48.839, 2850 MHz, 13801 MHz, 0x0000000000000000, 410.03 W, 56 %, 30675 MiB
2026/10/01 04:47:49.352, 2827 MHz, 13801 MHz, 0x0000000000000000, 398.23 W, 45 %, 30675 MiB
2026/10/01 04:47:49.865, 2842 MHz, 13801 MHz, 0x0000000000000000, 408.80 W, 50 %, 30675 MiB
2026/10/01 04:47:50.378, 2820 MHz, 13801 MHz, 0x0000000000000004, 423.64 W, 98 %, 30675 MiB
2026/10/01 04:47:50.887, 2857 MHz, 13801 MHz, 0x0000000000000000, 409.62 W, 52 %, 30675 MiB
2026/10/01 04:47:51.400, 2842 MHz, 13801 MHz, 0x0000000000000000, 376.20 W, 41 %, 30675 MiB
2026/10/01 04:47:51.912, 2850 MHz, 13801 MHz, 0x0000000000000000, 387.99 W, 50 %, 30675 MiB
2026/10/01 04:47:52.428, 2857 MHz, 13801 MHz, 0x0000000000000004, 383.81 W, 93 %, 30675 MiB
2026/10/01 04:47:52.939, 2857 MHz, 13801 MHz, 0x0000000000000000, 357.78 W, 41 %, 30675 MiB
2026/10/01 04:47:53.451, 2850 MHz, 13801 MHz, 0x0000000000000004, 376.58 W, 98 %, 30675 MiB
2026/10/01 04:47:53.963, 2850 MHz, 13801 MHz, 0x0000000000000004, 413.20 W, 98 %, 30675 MiB
2026/10/01 04:47:54.475, 2865 MHz, 13801 MHz, 0x0000000000000000, 416.36 W, 47 %, 30675 MiB
2026/10/01 04:47:54.985, 2850 MHz, 13801 MHz, 0x0000000000000000, 379.57 W, 54 %, 30675 MiB
2026/10/01 04:47:55.498, 2857 MHz, 13801 MHz, 0x0000000000000004, 366.12 W, 96 %, 30675 MiB
2026/10/01 04:47:56.009, 2835 MHz, 13801 MHz, 0x0000000000000000, 378.00 W, 47 %, 30675 MiB
2026/10/01 04:47:56.520, 2820 MHz, 13801 MHz, 0x0000000000000004, 426.56 W, 98 %, 30675 MiB
2026/10/01 04:47:57.030, 2827 MHz, 13801 MHz, 0x0000000000000000, 434.34 W, 65 %, 30675 MiB
2026/10/01 04:47:57.540, 2820 MHz, 13801 MHz, 0x0000000000000004, 452.64 W, 98 %, 30675 MiB
2026/10/01 04:47:58.050, 2865 MHz, 13801 MHz, 0x0000000000000000, 430.79 W, 82 %, 30675 MiB
2026/10/01 04:47:58.560, 2820 MHz, 13801 MHz, 0x0000000000000000, 404.81 W, 50 %, 30675 MiB
2026/10/01 04:47:59.070, 2827 MHz, 13801 MHz, 0x0000000000000004, 415.98 W, 84 %, 30675 MiB
2026/10/01 04:47:59.577, 2827 MHz, 13801 MHz, 0x0000000000000000, 412.93 W, 40 %, 30675 MiB
2026/10/01 04:48:00.090, 2850 MHz, 13801 MHz, 0x0000000000000000, 393.79 W, 48 %, 30675 MiB
2026/10/01 04:48:00.600, 2857 MHz, 13801 MHz, 0x0000000000000004, 351.11 W, 98 %, 30680 MiB
2026/10/01 04:48:01.111, 2857 MHz, 13801 MHz, 0x0000000000000004, 368.10 W, 73 %, 30680 MiB
2026/10/01 04:48:01.624, 2850 MHz, 13801 MHz, 0x0000000000000000, 390.46 W, 54 %, 30675 MiB
2026/10/01 04:48:02.135, 2857 MHz, 13801 MHz, 0x0000000000000000, 382.15 W, 48 %, 30675 MiB
2026/10/01 04:48:02.644, 2857 MHz, 13801 MHz, 0x0000000000000000, 372.50 W, 52 %, 30675 MiB
2026/10/01 04:48:03.154, 2850 MHz, 13801 MHz, 0x0000000000000000, 380.52 W, 64 %, 30675 MiB
2026/10/01 04:48:03.665, 2820 MHz, 13801 MHz, 0x0000000000000000, 402.06 W, 49 %, 30675 MiB
2026/10/01 04:48:04.175, 2850 MHz, 13801 MHz, 0x0000000000000004, 404.77 W, 68 %, 30675 MiB
2026/10/01 04:48:04.686, 2865 MHz, 13801 MHz, 0x0000000000000000, 382.60 W, 64 %, 30675 MiB
2026/10/01 04:48:05.197, 2820 MHz, 13801 MHz, 0x0000000000000004, 407.78 W, 87 %, 30675 MiB
2026/10/01 04:48:05.711, 2835 MHz, 13801 MHz, 0x0000000000000000, 421.24 W, 69 %, 30675 MiB
2026/10/01 04:48:06.222, 2842 MHz, 13801 MHz, 0x0000000000000004, 394.94 W, 86 %, 30675 MiB
2026/10/01 04:48:06.732, 2827 MHz, 13801 MHz, 0x0000000000000000, 407.71 W, 54 %, 30675 MiB
2026/10/01 04:48:07.241, 2820 MHz, 13801 MHz, 0x0000000000000004, 450.10 W, 98 %, 30675 MiB
2026/10/01 04:48:07.753, 2820 MHz, 13801 MHz, 0x0000000000000000, 446.28 W, 46 %, 30675 MiB
2026/10/01 04:48:08.260, 2850 MHz, 13801 MHz, 0x0000000000000004, 430.33 W, 98 %, 30675 MiB
2026/10/01 04:48:08.773, 2835 MHz, 13801 MHz, 0x0000000000000000, 401.96 W, 58 %, 30675 MiB
2026/10/01 04:48:09.283, 2865 MHz, 13801 MHz, 0x0000000000000004, 390.85 W, 98 %, 30675 MiB
2026/10/01 04:48:09.798, 2842 MHz, 13801 MHz, 0x0000000000000000, 404.57 W, 59 %, 30675 MiB
2026/10/01 04:48:10.311, 2865 MHz, 13801 MHz, 0x0000000000000000, 382.58 W, 53 %, 30675 MiB
2026/10/01 04:48:10.820, 2872 MHz, 13801 MHz, 0x0000000000000000, 369.39 W, 61 %, 30675 MiB
2026/10/01 04:48:11.330, 2857 MHz, 13801 MHz, 0x0000000000000000, 366.95 W, 51 %, 30675 MiB
2026/10/01 04:48:11.843, 2820 MHz, 13801 MHz, 0x0000000000000000, 391.33 W, 49 %, 30675 MiB
2026/10/01 04:48:12.354, 2850 MHz, 13801 MHz, 0x0000000000000000, 405.20 W, 51 %, 30675 MiB
2026/10/01 04:48:12.868, 2842 MHz, 13801 MHz, 0x0000000000000004, 374.94 W, 58 %, 30675 MiB
2026/10/01 04:48:13.378, 2865 MHz, 13801 MHz, 0x0000000000000004, 383.68 W, 98 %, 30675 MiB
2026/10/01 04:48:13.890, 2857 MHz, 13801 MHz, 0x0000000000000000, 391.05 W, 52 %, 30675 MiB
2026/10/01 04:48:14.401, 2857 MHz, 13801 MHz, 0x0000000000000000, 382.41 W, 49 %, 30675 MiB
2026/10/01 04:48:14.913, 2850 MHz, 13801 MHz, 0x0000000000000000, 382.21 W, 57 %, 30675 MiB
2026/10/01 04:48:15.426, 2827 MHz, 13801 MHz, 0x0000000000000000, 398.62 W, 52 %, 30675 MiB
2026/10/01 04:48:15.935, 2842 MHz, 13801 MHz, 0x0000000000000004, 405.99 W, 98 %, 30675 MiB
2026/10/01 04:48:16.443, 2850 MHz, 13801 MHz, 0x0000000000000004, 416.61 W, 98 %, 30675 MiB
2026/10/01 04:48:16.954, 2835 MHz, 13801 MHz, 0x0000000000000004, 430.27 W, 98 %, 30675 MiB
2026/10/01 04:48:17.464, 2820 MHz, 13801 MHz, 0x0000000000000004, 451.89 W, 98 %, 30675 MiB
2026/10/01 04:48:17.975, 2827 MHz, 13801 MHz, 0x0000000000000000, 453.18 W, 45 %, 30675 MiB
2026/10/01 04:48:18.483, 2850 MHz, 13801 MHz, 0x0000000000000000, 413.25 W, 62 %, 30675 MiB
2026/10/01 04:48:18.993, 2827 MHz, 13801 MHz, 0x0000000000000000, 406.24 W, 69 %, 30675 MiB
2026/10/01 04:48:19.504, 2857 MHz, 13801 MHz, 0x0000000000000000, 396.70 W, 42 %, 30675 MiB
2026/10/01 04:48:20.019, 2857 MHz, 13801 MHz, 0x0000000000000004, 361.46 W, 98 %, 30675 MiB
2026/10/01 04:48:20.530, 2857 MHz, 13801 MHz, 0x0000000000000004, 394.38 W, 76 %, 30675 MiB
2026/10/01 04:48:21.039, 2812 MHz, 13801 MHz, 0x0000000000000000, 411.34 W, 73 %, 30675 MiB
2026/10/01 04:48:21.548, 2842 MHz, 13801 MHz, 0x0000000000000000, 399.66 W, 44 %, 30675 MiB
2026/10/01 04:48:22.059, 2857 MHz, 13801 MHz, 0x0000000000000000, 349.73 W, 96 %, 30677 MiB
2026/10/01 04:48:22.568, 2865 MHz, 13801 MHz, 0x0000000000000000, 363.36 W, 81 %, 30677 MiB
2026/10/01 04:48:23.078, 2850 MHz, 13801 MHz, 0x0000000000000004, 380.58 W, 44 %, 30675 MiB
2026/10/01 04:48:23.592, 2857 MHz, 13801 MHz, 0x0000000000000004, 384.40 W, 83 %, 30675 MiB
2026/10/01 04:48:24.101, 2827 MHz, 13801 MHz, 0x0000000000000004, 410.11 W, 92 %, 30675 MiB
2026/10/01 04:48:24.612, 2827 MHz, 13801 MHz, 0x0000000000000004, 432.85 W, 98 %, 30675 MiB
2026/10/01 04:48:25.124, 2842 MHz, 13801 MHz, 0x0000000000000000, 415.73 W, 46 %, 30675 MiB
2026/10/01 04:48:25.638, 2850 MHz, 13801 MHz, 0x0000000000000004, 378.63 W, 43 %, 30675 MiB
2026/10/01 04:48:26.149, 2857 MHz, 13801 MHz, 0x0000000000000004, 374.16 W, 50 %, 30675 MiB
2026/10/01 04:48:26.664, 2820 MHz, 13801 MHz, 0x0000000000000000, 410.46 W, 51 %, 30675 MiB
2026/10/01 04:48:27.171, 2850 MHz, 13801 MHz, 0x0000000000000004, 415.42 W, 98 %, 30675 MiB
2026/10/01 04:48:27.680, 2850 MHz, 13801 MHz, 0x0000000000000000, 402.60 W, 98 %, 30675 MiB
2026/10/01 04:48:28.189, 2842 MHz, 13801 MHz, 0x0000000000000004, 435.20 W, 98 %, 30675 MiB
2026/10/01 04:48:28.700, 2827 MHz, 13801 MHz, 0x0000000000000000, 435.49 W, 60 %, 30675 MiB
2026/10/01 04:48:29.213, 2850 MHz, 13801 MHz, 0x0000000000000000, 414.75 W, 49 %, 30675 MiB
2026/10/01 04:48:29.720, 2820 MHz, 13801 MHz, 0x0000000000000004, 396.84 W, 47 %, 30675 MiB
2026/10/01 04:48:30.230, 2850 MHz, 13801 MHz, 0x0000000000000000, 411.74 W, 58 %, 30675 MiB
2026/10/01 04:48:30.742, 2820 MHz, 13801 MHz, 0x0000000000000000, 423.29 W, 55 %, 30675 MiB
2026/10/01 04:48:31.255, 2842 MHz, 13801 MHz, 0x0000000000000004, 422.95 W, 91 %, 30675 MiB
2026/10/01 04:48:31.766, 2850 MHz, 13801 MHz, 0x0000000000000004, 405.65 W, 98 %, 30675 MiB
2026/10/01 04:48:32.278, 2857 MHz, 13801 MHz, 0x0000000000000004, 406.03 W, 73 %, 30675 MiB
2026/10/01 04:48:32.788, 2865 MHz, 13801 MHz, 0x0000000000000004, 394.65 W, 47 %, 30675 MiB
2026/10/01 04:48:33.300, 2865 MHz, 13801 MHz, 0x0000000000000004, 371.49 W, 73 %, 30675 MiB
2026/10/01 04:48:33.810, 2872 MHz, 13801 MHz, 0x0000000000000004, 369.12 W, 98 %, 30675 MiB
2026/10/01 04:48:34.322, 2842 MHz, 13801 MHz, 0x0000000000000004, 382.20 W, 74 %, 30675 MiB
2026/10/01 04:48:34.832, 2857 MHz, 13801 MHz, 0x0000000000000004, 377.33 W, 50 %, 30675 MiB
2026/10/01 04:48:35.345, 2835 MHz, 13801 MHz, 0x0000000000000004, 392.12 W, 78 %, 30675 MiB
2026/10/01 04:48:35.856, 2857 MHz, 13801 MHz, 0x0000000000000004, 403.60 W, 81 %, 30675 MiB
2026/10/01 04:48:36.365, 2865 MHz, 13801 MHz, 0x0000000000000004, 379.69 W, 91 %, 30675 MiB
2026/10/01 04:48:36.874, 2835 MHz, 13801 MHz, 0x0000000000000000, 394.26 W, 71 %, 30675 MiB
2026/10/01 04:48:37.383, 2827 MHz, 13801 MHz, 0x0000000000000004, 423.71 W, 98 %, 30675 MiB
2026/10/01 04:48:37.889, 2820 MHz, 13801 MHz, 0x0000000000000004, 428.72 W, 43 %, 30675 MiB
2026/10/01 04:48:38.397, 2842 MHz, 13801 MHz, 0x0000000000000004, 428.30 W, 84 %, 30675 MiB
2026/10/01 04:48:38.902, 2820 MHz, 13801 MHz, 0x0000000000000000, 432.84 W, 53 %, 30675 MiB
2026/10/01 04:48:39.409, 2850 MHz, 13801 MHz, 0x0000000000000004, 419.87 W, 98 %, 30675 MiB
2026/10/01 04:48:39.920, 2850 MHz, 13801 MHz, 0x0000000000000004, 406.70 W, 98 %, 30675 MiB
2026/10/01 04:48:40.430, 2857 MHz, 13801 MHz, 0x0000000000000000, 388.76 W, 44 %, 30675 MiB
2026/10/01 04:48:40.939, 2820 MHz, 13801 MHz, 0x0000000000000004, 385.14 W, 42 %, 30675 MiB
2026/10/01 04:48:41.449, 2857 MHz, 13801 MHz, 0x0000000000000004, 390.08 W, 78 %, 30675 MiB
2026/10/01 04:48:41.957, 2842 MHz, 13801 MHz, 0x0000000000000000, 365.08 W, 51 %, 30675 MiB
2026/10/01 04:48:42.463, 2835 MHz, 13801 MHz, 0x0000000000000000, 361.77 W, 34 %, 30675 MiB
2026/10/01 04:48:42.970, 2857 MHz, 13801 MHz, 0x0000000000000000, 336.17 W, 44 %, 30680 MiB
2026/10/01 04:48:43.483, 2827 MHz, 13801 MHz, 0x0000000000000000, 354.73 W, 28 %, 30680 MiB
2026/10/01 04:48:43.991, 2850 MHz, 13801 MHz, 0x0000000000000000, 360.32 W, 44 %, 30675 MiB
2026/10/01 04:48:44.506, 2857 MHz, 13801 MHz, 0x0000000000000000, 352.60 W, 66 %, 30675 MiB
2026/10/01 04:48:45.020, 2872 MHz, 13801 MHz, 0x0000000000000000, 325.34 W, 0 %, 30675 MiB
2026/10/01 04:48:45.521, 2925 MHz, 13801 MHz, 0x0000000000000000, 179.67 W, 0 %, 30675 MiB
2026/10/01 04:48:46.022, 2925 MHz, 13801 MHz, 0x0000000000000000, 101.73 W, 0 %, 30675 MiB
2026/10/01 04:48:46.538, 615 MHz, 7001 MHz, 0x0000000000000000, 76.65 W, 0 %, 30675 MiB
2026/10/01 04:48:47.039, 487 MHz, 7001 MHz, 0x0000000000000000, 50.51 W, 0 %, 30675 MiB
2026/10/01 04:48:47.554, 487 MHz, 7001 MHz, 0x0000000000000000, 39.24 W, 0 %, 30675 MiB
2026/10/01 04:48:48.055, 487 MHz, 7001 MHz, 0x0000000000000000, 39.24 W, 0 %, 30675 MiB
2026/10/01 04:48:48.566, 307 MHz, 7001 MHz, 0x0000000000000000, 37.24 W, 0 %, 30675 MiB
2026/10/01 04:48:49.081, 307 MHz, 7001 MHz, 0x0000000000000000, 37.24 W, 0 %, 30675 MiB
2026/10/01 04:48:49.582, 195 MHz, 7001 MHz, 0x0000000000000000, 37.18 W, 0 %, 30675 MiB
2026/10/01 04:48:50.097, 195 MHz, 7001 MHz, 0x0000000000000000, 37.18 W, 0 %, 30675 MiB
2026/10/01 04:48:50.611, 180 MHz, 7001 MHz, 0x0000000000000000, 37.04 W, 0 %, 30675 MiB
2026/10/01 04:48:51.125, 180 MHz, 7001 MHz, 0x0000000000000000, 37.04 W, 0 %, 30675 MiB
2026/10/01 04:48:51.637, 180 MHz, 7001 MHz, 0x0000000000000000, 36.99 W, 0 %, 30675 MiB
2026/10/01 04:48:52.150, 180 MHz, 7001 MHz, 0x0000000000000000, 36.99 W, 0 %, 30675 MiB
2026/10/01 04:48:52.662, 187 MHz, 810 MHz, 0x0000000000000000, 29.10 W, 0 %, 30675 MiB
2026/10/01 04:48:53.177, 210 MHz, 810 MHz, 0x0000000000000000, 24.64 W, 0 %, 30675 MiB
2026/10/01 04:48:53.678, 180 MHz, 405 MHz, 0x0000000000000000, 19.14 W, 0 %, 30675 MiB
2026/10/01 04:48:54.179, 180 MHz, 405 MHz, 0x0000000000000000, 19.05 W, 0 %, 30675 MiB
2026/10/01 04:48:54.694, 180 MHz, 405 MHz, 0x0000000000000000, 19.05 W, 0 %, 30675 MiB
2026/10/01 04:48:55.208, 180 MHz, 405 MHz, 0x0000000000000000, 13.57 W, 0 %, 30675 MiB
2026/10/01 04:48:55.724, 180 MHz, 405 MHz, 0x0000000000000000, 13.57 W, 0 %, 30675 MiB
2026/10/01 04:48:56.240, 180 MHz, 405 MHz, 0x0000000000000000, 13.08 W, 0 %, 30675 MiB
2026/10/01 04:48:56.741, 180 MHz, 405 MHz, 0x0000000000000000, 13.08 W, 0 %, 30675 MiB
2026/10/01 04:48:57.254, 180 MHz, 405 MHz, 0x0000000000000000, 12.97 W, 0 %, 30675 MiB
2026/10/01 04:48:57.769, 180 MHz, 405 MHz, 0x0000000000000000, 12.97 W, 0 %, 30675 MiB
2026/10/01 04:48:58.270, 180 MHz, 405 MHz, 0x0000000000000000, 12.83 W, 0 %, 30675 MiB
2026/10/01 04:48:58.783, 180 MHz, 405 MHz, 0x0000000000000000, 12.83 W, 0 %, 30675 MiB
2026/10/01 04:48:59.297, 180 MHz, 405 MHz, 0x0000000000000000, 12.99 W, 0 %, 30675 MiB
2026/10/01 04:48:59.802, 180 MHz, 405 MHz, 0x0000000000000000, 12.99 W, 0 %, 30675 MiB
2026/10/01 04:49:00.304, 180 MHz, 405 MHz, 0x0000000000000000, 12.58 W, 0 %, 30675 MiB
2026/10/01 04:49:00.819, 180 MHz, 405 MHz, 0x0000000000000000, 12.58 W, 0 %, 30675 MiB
2026/10/01 04:49:01.320, 1312 MHz, 13801 MHz, 0x0000000000000000, 66.92 W, 94 %, 30675 MiB
2026/10/01 04:49:01.835, 2910 MHz, 13801 MHz, 0x0000000000000000, 145.01 W, 92 %, 30675 MiB
2026/10/01 04:49:02.350, 2910 MHz, 13801 MHz, 0x0000000000000000, 363.95 W, 95 %, 30675 MiB
2026/10/01 04:49:02.852, 2910 MHz, 13801 MHz, 0x0000000000000000, 356.89 W, 95 %, 30675 MiB
2026/10/01 04:49:03.355, 2910 MHz, 13801 MHz, 0x0000000000000000, 359.35 W, 96 %, 30675 MiB
2026/10/01 04:49:03.856, 2910 MHz, 13801 MHz, 0x0000000000000000, 365.65 W, 93 %, 30675 MiB
2026/10/01 04:49:04.367, 2910 MHz, 13801 MHz, 0x0000000000000000, 365.61 W, 95 %, 30677 MiB
2026/10/01 04:49:04.883, 2910 MHz, 13801 MHz, 0x0000000000000000, 366.02 W, 95 %, 30675 MiB
2026/10/01 04:49:05.384, 2910 MHz, 13801 MHz, 0x0000000000000000, 364.17 W, 95 %, 30675 MiB
2026/10/01 04:49:05.887, 2910 MHz, 13801 MHz, 0x0000000000000000, 365.19 W, 95 %, 30675 MiB
2026/10/01 04:49:06.403, 2910 MHz, 13801 MHz, 0x0000000000000000, 363.66 W, 95 %, 30675 MiB
2026/10/01 04:49:06.904, 2910 MHz, 13801 MHz, 0x0000000000000000, 360.09 W, 94 %, 30675 MiB
2026/10/01 04:49:07.406, 2910 MHz, 13801 MHz, 0x0000000000000000, 367.27 W, 95 %, 30675 MiB
2026/10/01 04:49:07.909, 2910 MHz, 13801 MHz, 0x0000000000000000, 365.86 W, 94 %, 30675 MiB
2026/10/01 04:49:08.410, 2910 MHz, 13801 MHz, 0x0000000000000000, 366.05 W, 94 %, 30675 MiB
2026/10/01 04:49:08.925, 2910 MHz, 13801 MHz, 0x0000000000000000, 370.14 W, 93 %, 30675 MiB
2026/10/01 04:49:09.426, 2910 MHz, 13801 MHz, 0x0000000000000000, 365.21 W, 95 %, 30675 MiB
2026/10/01 04:49:09.938, 2910 MHz, 13801 MHz, 0x0000000000000000, 364.95 W, 92 %, 30675 MiB
2026/10/01 04:49:10.452, 2910 MHz, 13801 MHz, 0x0000000000000000, 366.00 W, 76 %, 30675 MiB
2026/10/01 04:49:10.965, 2910 MHz, 13801 MHz, 0x0000000000000000, 365.41 W, 93 %, 30675 MiB
2026/10/01 04:49:11.477, 2910 MHz, 13801 MHz, 0x0000000000000000, 369.36 W, 96 %, 30675 MiB
2026/10/01 04:49:11.978, 2917 MHz, 13801 MHz, 0x0000000000000000, 281.62 W, 0 %, 12369 MiB
2026/10/01 04:49:12.492, 2925 MHz, 13801 MHz, 0x0000000000000000, 136.63 W, 1 %, 190 MiB
2026/10/01 04:49:13.004, 2925 MHz, 14001 MHz, 0x0000000000000000, 96.40 W, 0 %, 190 MiB
2026/10/01 04:49:13.515, 2925 MHz, 14001 MHz, 0x0000000000000000, 95.13 W, 0 %, 190 MiB
2026/10/01 04:49:14.028, 2415 MHz, 14001 MHz, 0x0000000000000000, 90.26 W, 0 %, 190 MiB
2026/10/01 04:49:14.541, 405 MHz, 7001 MHz, 0x0000000000000000, 38.32 W, 0 %, 190 MiB
2026/10/01 04:49:15.043, 405 MHz, 7001 MHz, 0x0000000000000000, 38.32 W, 0 %, 190 MiB
2026/10/01 04:49:15.545, 255 MHz, 7001 MHz, 0x0000000000000000, 36.83 W, 0 %, 190 MiB
2026/10/01 04:49:16.059, 255 MHz, 7001 MHz, 0x0000000000000000, 36.83 W, 0 %, 190 MiB
2026/10/01 04:49:16.561, 180 MHz, 7001 MHz, 0x0000000000000000, 36.21 W, 0 %, 190 MiB
2026/10/01 04:49:17.073, 180 MHz, 7001 MHz, 0x0000000000000000, 36.21 W, 0 %, 190 MiB
2026/10/01 04:49:17.589, 180 MHz, 7001 MHz, 0x0000000000000000, 36.21 W, 0 %, 190 MiB
2026/10/01 04:49:18.104, 180 MHz, 7001 MHz, 0x0000000000000000, 36.21 W, 0 %, 190 MiB
2026/10/01 04:49:18.617, 180 MHz, 810 MHz, 0x0000000000000000, 30.68 W, 0 %, 190 MiB
2026/10/01 04:49:19.118, 180 MHz, 810 MHz, 0x0000000000000000, 30.68 W, 0 %, 190 MiB
2026/10/01 04:49:19.631, 180 MHz, 810 MHz, 0x0000000000000000, 13.67 W, 0 %, 190 MiB
2026/10/01 04:49:20.133, 180 MHz, 810 MHz, 0x0000000000000000, 13.67 W, 0 %, 190 MiB
2026/10/01 04:49:20.633, 180 MHz, 405 MHz, 0x0000000000000000, 12.81 W, 0 %, 190 MiB
